ID Rencana Audit,Entitas Auditee,Kategori Perencanaan,Deskripsi Perencanaan,allocated_budget_juta,historical_avg_budget_juta,allocated_mandays,assigned_auditors_count,budget_zscore,"is_unapproved_budget_spike (1=Ya, 0=Tidak)",TARGET: is_anomaly,TARGET: Impact (1-5),TARGET: Likelihood (1-5)
PLN-0001,Medan Branch,Audit Kepatuhan,Evaluasi Perencanaan Risk Area 1,280.3,181.1,165,8,1.98,0,Tidak,4,2
PLN-0002,Medan Branch,Special Investigation,Evaluasi Perencanaan Risk Area 2,374.0,382.8,25,9,-0.18,0,Tidak,5,1
PLN-0003,Bandung Branch,Audit Keuangan,Evaluasi Perencanaan Risk Area 3,246.7,306.2,113,10,-1.19,0,Tidak,4,1
PLN-0004,Bandung Branch,Special Investigation,Evaluasi Perencanaan Risk Area 4,430.4,259.5,101,7,3.42,1,Ya (Anomali),5,5
PLN-0005,Jakarta Branch,Audit TI,Evaluasi Perencanaan Risk Area 5,51.6,104.6,36,7,-1.06,0,Tidak,1,1
PLN-0006,Operations Dept,Special Investigation,Evaluasi Perencanaan Risk Area 6,31.4,104.6,179,9,-1.46,0,Tidak,1,1
PLN-0007,Jakarta Branch,Audit Kepatuhan,Evaluasi Perencanaan Risk Area 7,81.1,70.3,171,6,0.22,0,Tidak,1,2
PLN-0008,Operations Dept,Audit Kepatuhan,Evaluasi Perencanaan Risk Area 8,291.1,353.2,174,4,-1.24,0,Tidak,4,1
PLN-0009,Finance Dept,Audit TI,Evaluasi Perencanaan Risk Area 9,167.3,260.4,143,4,-1.86,0,Tidak,2,1
PLN-0010,Medan Branch,Audit TI,Evaluasi Perencanaan Risk Area 10,371.6,297.8,144,7,1.48,0,Tidak,5,3
PLN-0011,Medan Branch,Audit Operasional,Evaluasi Perencanaan Risk Area 11,62.1,57.2,162,3,0.1,0,Tidak,2,1
PLN-0012,Bandung Branch,Audit Keuangan,Evaluasi Perencanaan Risk Area 12,312.6,389.5,42,7,-1.54,0,Tidak,4,1
PLN-0013,Bandung Branch,Audit Keuangan,Evaluasi Perencanaan Risk Area 13,188.4,341.4,64,7,-3.06,0,Tidak,3,1
PLN-0014,Finance Dept,Audit Keuangan,Evaluasi Perencanaan Risk Area 14,162.3,124.3,16,9,0.76,0,Tidak,2,2
PLN-0015,IT Dept,Audit Kepatuhan,Evaluasi Perencanaan Risk Area 15,139.5,113.6,66,8,0.52,0,Tidak,2,2
PLN-0016,IT Dept,Audit Keuangan,Evaluasi Perencanaan Risk Area 16,110.2,114.2,135,9,-0.08,0,Tidak,3,1
PLN-0017,IT Dept,Audit Operasional,Evaluasi Perencanaan Risk Area 17,257.6,156.5,21,10,2.02,1,Tidak,3,5
PLN-0018,Medan Branch,Audit Operasional,Evaluasi Perencanaan Risk Area 18,146.2,233.7,25,7,-1.75,0,Tidak,2,1
PLN-0019,Jakarta Branch,Audit Keuangan,Evaluasi Perencanaan Risk Area 19,93.8,201.2,52,4,-2.15,0,Tidak,2,1
PLN-0020,IT Dept,Audit TI,Evaluasi Perencanaan Risk Area 20,115.1,151.9,126,11,-0.74,0,Tidak,3,1
PLN-0021,Surabaya Branch,Audit Operasional,Evaluasi Perencanaan Risk Area 21,259.9,264.1,144,4,-0.08,0,Tidak,3,1
PLN-0022,Finance Dept,Audit TI,Evaluasi Perencanaan Risk Area 22,107.2,98.8,120,2,0.17,0,Tidak,2,1
PLN-0023,IT Dept,Audit Kepatuhan,Evaluasi Perencanaan Risk Area 23,139.4,152.3,60,6,-0.26,0,Tidak,2,1
PLN-0024,Surabaya Branch,Audit Operasional,Evaluasi Perencanaan Risk Area 24,200.2,178.2,169,5,0.44,0,Tidak,4,1
PLN-0025,IT Dept,Audit TI,Evaluasi Perencanaan Risk Area 25,117.8,209.6,84,10,-1.84,0,Tidak,2,1
PLN-0026,Jakarta Branch,Audit Keuangan,Evaluasi Perencanaan Risk Area 26,488.9,324.8,17,10,3.28,1,Ya (Anomali),5,5
PLN-0027,Jakarta Branch,Audit Kepatuhan,Evaluasi Perencanaan Risk Area 27,116.5,119.9,54,6,-0.07,0,Tidak,2,1
PLN-0028,IT Dept,Special Investigation,Evaluasi Perencanaan Risk Area 28,319.9,230.0,68,11,1.8,0,Tidak,4,2
PLN-0029,Surabaya Branch,Special Investigation,Evaluasi Perencanaan Risk Area 29,288.2,257.3,141,5,0.62,0,Tidak,5,1
PLN-0030,Finance Dept,Audit Keuangan,Evaluasi Perencanaan Risk Area 30,76.9,66.3,113,8,0.21,0,Tidak,2,1
PLN-0031,Surabaya Branch,Audit Kepatuhan,Evaluasi Perencanaan Risk Area 31,315.0,262.6,166,7,1.05,0,Tidak,4,2
PLN-0032,Finance Dept,Audit Kepatuhan,Evaluasi Perencanaan Risk Area 32,126.9,109.7,166,5,0.34,0,Tidak,2,1
PLN-0033,IT Dept,Audit Kepatuhan,Evaluasi Perencanaan Risk Area 33,89.2,72.8,107,11,0.33,0,Tidak,1,1
PLN-0034,Finance Dept,Audit Kepatuhan,Evaluasi Perencanaan Risk Area 34,559.9,382.1,165,3,3.56,1,Ya (Anomali),5,5
PLN-0035,Bandung Branch,Special Investigation,Evaluasi Perencanaan Risk Area 35,414.7,388.0,88,2,0.53,0,Tidak,5,1
PLN-0036,Medan Branch,Audit TI,Evaluasi Perencanaan Risk Area 36,415.5,332.9,133,5,1.65,0,Tidak,5,2
PLN-0037,Operations Dept,Audit Kepatuhan,Evaluasi Perencanaan Risk Area 37,151.7,156.6,13,5,-0.1,0,Tidak,2,1
PLN-0038,Medan Branch,Audit TI,Evaluasi Perencanaan Risk Area 38,126.6,84.2,99,2,0.85,0,Tidak,2,1
PLN-0039,Jakarta Branch,Audit Kepatuhan,Evaluasi Perencanaan Risk Area 39,221.0,289.5,113,7,-1.37,0,Tidak,4,1
PLN-0040,Bandung Branch,Audit Operasional,Evaluasi Perencanaan Risk Area 40,332.8,204.1,146,5,2.57,1,Ya (Anomali),5,5
PLN-0041,Medan Branch,Audit Operasional,Evaluasi Perencanaan Risk Area 41,91.4,92.7,128,2,-0.03,0,Tidak,3,1
PLN-0042,IT Dept,Audit Operasional,Evaluasi Perencanaan Risk Area 42,111.5,223.3,142,2,-2.24,0,Tidak,2,1
PLN-0043,Finance Dept,Audit Kepatuhan,Evaluasi Perencanaan Risk Area 43,64.8,62.0,65,2,0.06,0,Tidak,2,2
PLN-0044,Finance Dept,Audit TI,Evaluasi Perencanaan Risk Area 44,280.5,368.3,105,9,-1.76,0,Tidak,4,1
PLN-0045,Surabaya Branch,Special Investigation,Evaluasi Perencanaan Risk Area 45,182.0,140.6,84,11,0.83,0,Tidak,3,2
PLN-0046,Surabaya Branch,Audit Keuangan,Evaluasi Perencanaan Risk Area 46,217.5,281.9,152,9,-1.29,0,Tidak,4,1
PLN-0047,Finance Dept,Special Investigation,Evaluasi Perencanaan Risk Area 47,134.3,159.1,41,3,-0.5,0,Tidak,2,1
PLN-0048,IT Dept,Audit Kepatuhan,Evaluasi Perencanaan Risk Area 48,78.6,232.0,37,8,-3.07,0,Tidak,1,1
PLN-0049,Finance Dept,Audit Operasional,Evaluasi Perencanaan Risk Area 49,203.1,241.3,31,9,-0.76,0,Tidak,3,1
PLN-0050,Surabaya Branch,Audit Operasional,Evaluasi Perencanaan Risk Area 50,34.4,114.7,26,9,-1.61,0,Tidak,1,1
PLN-0051,Medan Branch,Audit TI,Evaluasi Perencanaan Risk Area 51,173.5,389.4,68,11,-4.32,0,Tidak,2,1
PLN-0052,Jakarta Branch,Audit Kepatuhan,Evaluasi Perencanaan Risk Area 52,406.8,321.3,99,8,1.71,0,Tidak,5,3
PLN-0053,Surabaya Branch,Special Investigation,Evaluasi Perencanaan Risk Area 53,483.0,378.8,115,6,2.08,1,Ya (Anomali),5,4
PLN-0054,IT Dept,Audit Kepatuhan,Evaluasi Perencanaan Risk Area 54,417.3,363.2,35,2,1.08,0,Tidak,5,3
PLN-0055,Medan Branch,Audit Kepatuhan,Evaluasi Perencanaan Risk Area 55,171.5,259.3,34,10,-1.76,0,Tidak,2,1
PLN-0056,Medan Branch,Audit Operasional,Evaluasi Perencanaan Risk Area 56,366.5,372.7,147,8,-0.12,0,Tidak,5,1
PLN-0057,Medan Branch,Special Investigation,Evaluasi Perencanaan Risk Area 57,80.9,81.0,54,3,-0.0,0,Tidak,1,1
PLN-0058,Bandung Branch,Audit Keuangan,Evaluasi Perencanaan Risk Area 58,70.5,118.6,92,7,-0.96,0,Tidak,2,1
PLN-0059,Bandung Branch,Audit Operasional,Evaluasi Perencanaan Risk Area 59,100.4,65.8,20,3,0.69,0,Tidak,2,2
PLN-0060,Operations Dept,Special Investigation,Evaluasi Perencanaan Risk Area 60,214.2,163.9,113,2,1.01,0,Tidak,3,2
PLN-0061,Medan Branch,Audit TI,Evaluasi Perencanaan Risk Area 61,171.6,186.0,77,8,-0.29,0,Tidak,2,1
PLN-0062,IT Dept,Audit Operasional,Evaluasi Perencanaan Risk Area 62,146.4,145.0,104,3,0.03,0,Tidak,3,1
PLN-0063,Finance Dept,Audit TI,Evaluasi Perencanaan Risk Area 63,364.9,340.1,165,3,0.5,0,Tidak,5,1
PLN-0064,IT Dept,Audit Operasional,Evaluasi Perencanaan Risk Area 64,52.5,174.9,74,6,-2.45,0,Tidak,1,1
PLN-0065,Bandung Branch,Audit Kepatuhan,Evaluasi Perencanaan Risk Area 65,135.5,148.3,58,6,-0.26,0,Tidak,2,1
PLN-0066,Surabaya Branch,Special Investigation,Evaluasi Perencanaan Risk Area 66,182.6,239.9,61,8,-1.15,0,Tidak,3,1
PLN-0067,Operations Dept,Audit TI,Evaluasi Perencanaan Risk Area 67,64.5,99.3,111,2,-0.7,0,Tidak,1,1
PLN-0068,Bandung Branch,Audit Operasional,Evaluasi Perencanaan Risk Area 68,298.3,330.8,66,9,-0.65,0,Tidak,4,1
PLN-0069,Finance Dept,Audit TI,Evaluasi Perencanaan Risk Area 69,124.0,76.1,56,4,0.96,0,Tidak,3,1
PLN-0070,Jakarta Branch,Audit Operasional,Evaluasi Perencanaan Risk Area 70,484.1,395.4,168,5,1.77,0,Tidak,5,2
PLN-0071,Operations Dept,Audit Operasional,Evaluasi Perencanaan Risk Area 71,256.3,320.3,35,10,-1.28,0,Tidak,4,1
PLN-0072,Bandung Branch,Audit Keuangan,Evaluasi Perencanaan Risk Area 72,143.6,119.6,123,5,0.48,0,Tidak,2,1
PLN-0073,IT Dept,Audit Keuangan,Evaluasi Perencanaan Risk Area 73,77.3,51.9,14,11,0.51,0,Tidak,1,1
PLN-0074,Operations Dept,Audit Keuangan,Evaluasi Perencanaan Risk Area 74,443.9,335.4,93,6,2.17,0,Tidak,5,4
PLN-0075,IT Dept,Audit TI,Evaluasi Perencanaan Risk Area 75,303.6,297.4,61,8,0.12,0,Tidak,4,1
PLN-0076,Medan Branch,Audit Kepatuhan,Evaluasi Perencanaan Risk Area 76,236.1,305.2,114,5,-1.38,0,Tidak,3,1
PLN-0077,Medan Branch,Audit Operasional,Evaluasi Perencanaan Risk Area 77,398.1,319.9,63,2,1.56,0,Tidak,5,2
PLN-0078,Medan Branch,Special Investigation,Evaluasi Perencanaan Risk Area 78,86.4,75.9,170,10,0.21,0,Tidak,1,1
PLN-0079,Operations Dept,Audit Keuangan,Evaluasi Perencanaan Risk Area 79,230.5,175.5,175,5,1.1,0,Tidak,3,3
PLN-0080,Jakarta Branch,Audit TI,Evaluasi Perencanaan Risk Area 80,110.7,90.6,164,10,0.4,0,Tidak,2,1
PLN-0081,Finance Dept,Audit TI,Evaluasi Perencanaan Risk Area 81,481.4,352.1,24,7,2.59,0,Tidak,5,3
PLN-0082,Operations Dept,Audit TI,Evaluasi Perencanaan Risk Area 82,218.0,268.2,70,2,-1.0,0,Tidak,3,1
PLN-0083,Surabaya Branch,Special Investigation,Evaluasi Perencanaan Risk Area 83,242.2,165.8,131,4,1.53,0,Tidak,3,2
PLN-0084,IT Dept,Special Investigation,Evaluasi Perencanaan Risk Area 84,77.2,72.2,30,3,0.1,0,Tidak,1,1
PLN-0085,IT Dept,Audit Keuangan,Evaluasi Perencanaan Risk Area 85,274.1,158.8,55,10,2.31,1,Ya (Anomali),4,4
PLN-0086,Operations Dept,Special Investigation,Evaluasi Perencanaan Risk Area 86,124.3,163.8,143,2,-0.79,0,Tidak,3,1
PLN-0087,Operations Dept,Audit Keuangan,Evaluasi Perencanaan Risk Area 87,491.0,305.4,47,10,3.71,0,Tidak,5,4
PLN-0088,Finance Dept,Special Investigation,Evaluasi Perencanaan Risk Area 88,292.0,273.1,71,10,0.38,0,Tidak,4,1
PLN-0089,Jakarta Branch,Special Investigation,Evaluasi Perencanaan Risk Area 89,278.3,360.5,95,9,-1.64,0,Tidak,4,1
PLN-0090,Operations Dept,Special Investigation,Evaluasi Perencanaan Risk Area 90,178.8,215.3,87,9,-0.73,0,Tidak,2,1
PLN-0091,Medan Branch,Audit Keuangan,Evaluasi Perencanaan Risk Area 91,81.6,91.9,55,2,-0.21,0,Tidak,2,1
PLN-0092,Finance Dept,Audit Operasional,Evaluasi Perencanaan Risk Area 92,344.1,299.6,150,9,0.89,0,Tidak,4,2
PLN-0093,Surabaya Branch,Audit Keuangan,Evaluasi Perencanaan Risk Area 93,374.2,316.3,12,11,1.16,0,Tidak,5,2
PLN-0094,Medan Branch,Audit Operasional,Evaluasi Perencanaan Risk Area 94,196.9,246.4,15,4,-0.99,0,Tidak,4,1
PLN-0095,Surabaya Branch,Audit TI,Evaluasi Perencanaan Risk Area 95,317.1,319.8,102,8,-0.05,0,Tidak,4,1
PLN-0096,Bandung Branch,Audit TI,Evaluasi Perencanaan Risk Area 96,389.9,222.8,17,2,3.34,1,Ya (Anomali),5,5
PLN-0097,Surabaya Branch,Audit Keuangan,Evaluasi Perencanaan Risk Area 97,373.9,233.0,117,2,2.82,0,Tidak,5,3
PLN-0098,Medan Branch,Audit Operasional,Evaluasi Perencanaan Risk Area 98,230.1,199.6,170,11,0.61,0,Tidak,3,1
PLN-0099,Bandung Branch,Audit Operasional,Evaluasi Perencanaan Risk Area 99,59.7,58.9,84,6,0.02,0,Tidak,2,1
PLN-0100,Medan Branch,Audit Operasional,Evaluasi Perencanaan Risk Area 100,91.5,87.8,86,6,0.07,0,Tidak,3,2
PLN-0101,IT Dept,Audit TI,Evaluasi Perencanaan Risk Area 101,74.1,61.0,59,9,0.26,0,Tidak,1,1
PLN-0102,Medan Branch,Audit Keuangan,Evaluasi Perencanaan Risk Area 102,175.1,272.7,20,8,-1.95,0,Tidak,2,1
PLN-0103,Bandung Branch,Audit Kepatuhan,Evaluasi Perencanaan Risk Area 103,145.6,160.0,104,9,-0.29,0,Tidak,2,1
PLN-0104,Surabaya Branch,Audit Operasional,Evaluasi Perencanaan Risk Area 104,94.8,228.0,165,7,-2.66,0,Tidak,2,1
PLN-0105,IT Dept,Audit Operasional,Evaluasi Perencanaan Risk Area 105,419.0,367.6,79,7,1.03,0,Tidak,5,2
PLN-0106,Jakarta Branch,Audit Kepatuhan,Evaluasi Perencanaan Risk Area 106,168.4,137.3,178,3,0.62,0,Tidak,2,2
PLN-0107,Jakarta Branch,Audit Keuangan,Evaluasi Perencanaan Risk Area 107,160.9,193.6,25,7,-0.65,0,Tidak,2,1
PLN-0108,Jakarta Branch,Audit Operasional,Evaluasi Perencanaan Risk Area 108,487.6,314.4,77,6,3.46,1,Ya (Anomali),5,5
PLN-0109,Jakarta Branch,Audit Keuangan,Evaluasi Perencanaan Risk Area 109,74.3,130.1,108,4,-1.12,0,Tidak,1,1
PLN-0110,Finance Dept,Audit Operasional,Evaluasi Perencanaan Risk Area 110,37.5,76.9,57,7,-0.79,0,Tidak,1,1
PLN-0111,Jakarta Branch,Special Investigation,Evaluasi Perencanaan Risk Area 111,163.3,151.4,73,9,0.24,0,Tidak,2,1
PLN-0112,Bandung Branch,Audit Operasional,Evaluasi Perencanaan Risk Area 112,145.4,106.4,99,10,0.78,0,Tidak,2,1
PLN-0113,Operations Dept,Special Investigation,Evaluasi Perencanaan Risk Area 113,596.7,375.4,85,2,4.43,1,Ya (Anomali),5,5
PLN-0114,Jakarta Branch,Audit Keuangan,Evaluasi Perencanaan Risk Area 114,279.3,332.8,148,4,-1.07,0,Tidak,4,1
PLN-0115,Medan Branch,Audit Operasional,Evaluasi Perencanaan Risk Area 115,374.3,271.7,110,4,2.05,1,Ya (Anomali),5,4
PLN-0116,Operations Dept,Audit TI,Evaluasi Perencanaan Risk Area 116,350.2,355.0,98,9,-0.1,0,Tidak,4,1
PLN-0117,Jakarta Branch,Audit TI,Evaluasi Perencanaan Risk Area 117,311.3,331.3,27,2,-0.4,0,Tidak,4,1
PLN-0118,Operations Dept,Audit Kepatuhan,Evaluasi Perencanaan Risk Area 118,151.0,115.3,28,6,0.71,0,Tidak,2,2
PLN-0119,Surabaya Branch,Audit TI,Evaluasi Perencanaan Risk Area 119,445.1,362.4,64,4,1.65,0,Tidak,5,2
PLN-0120,Bandung Branch,Special Investigation,Evaluasi Perencanaan Risk Area 120,107.0,238.8,111,3,-2.64,0,Tidak,3,1
PLN-0121,Bandung Branch,Audit TI,Evaluasi Perencanaan Risk Area 121,504.5,332.6,127,9,3.44,0,Tidak,5,5
PLN-0122,Operations Dept,Audit TI,Evaluasi Perencanaan Risk Area 122,539.2,363.6,163,4,3.51,1,Ya (Anomali),5,5
PLN-0123,IT Dept,Audit TI,Evaluasi Perencanaan Risk Area 123,126.0,161.3,143,8,-0.71,0,Tidak,2,1
PLN-0124,Finance Dept,Audit Operasional,Evaluasi Perencanaan Risk Area 124,100.8,88.5,13,2,0.25,0,Tidak,2,1
PLN-0125,Medan Branch,Audit Kepatuhan,Evaluasi Perencanaan Risk Area 125,152.2,129.8,117,7,0.45,0,Tidak,2,2
PLN-0126,Operations Dept,Audit Keuangan,Evaluasi Perencanaan Risk Area 126,217.7,199.5,124,4,0.36,0,Tidak,3,1
PLN-0127,Bandung Branch,Audit Kepatuhan,Evaluasi Perencanaan Risk Area 127,271.5,336.3,38,9,-1.3,0,Tidak,4,1
PLN-0128,Surabaya Branch,Special Investigation,Evaluasi Perencanaan Risk Area 128,268.7,351.3,68,7,-1.65,0,Tidak,3,1
PLN-0129,Jakarta Branch,Audit Operasional,Evaluasi Perencanaan Risk Area 129,51.9,52.4,134,3,-0.01,0,Tidak,1,1
PLN-0130,Bandung Branch,Audit Operasional,Evaluasi Perencanaan Risk Area 130,322.7,228.8,107,7,1.88,0,Tidak,4,3
PLN-0131,Surabaya Branch,Audit TI,Evaluasi Perencanaan Risk Area 131,233.4,196.1,26,8,0.75,0,Tidak,4,1
PLN-0132,Jakarta Branch,Audit TI,Evaluasi Perencanaan Risk Area 132,111.1,127.7,116,6,-0.33,0,Tidak,2,1
PLN-0133,Finance Dept,Special Investigation,Evaluasi Perencanaan Risk Area 133,116.8,92.0,52,4,0.5,0,Tidak,3,1
PLN-0134,Bandung Branch,Audit Operasional,Evaluasi Perencanaan Risk Area 134,50.5,168.2,89,5,-2.35,0,Tidak,2,1
PLN-0135,Bandung Branch,Audit Keuangan,Evaluasi Perencanaan Risk Area 135,532.8,380.0,171,5,3.06,1,Ya (Anomali),5,5
PLN-0136,Operations Dept,Audit Kepatuhan,Evaluasi Perencanaan Risk Area 136,63.8,163.1,17,7,-1.99,0,Tidak,1,1
PLN-0137,Operations Dept,Audit Operasional,Evaluasi Perencanaan Risk Area 137,202.2,231.6,150,11,-0.59,0,Tidak,3,1
PLN-0138,Surabaya Branch,Audit Keuangan,Evaluasi Perencanaan Risk Area 138,180.1,296.1,115,2,-2.32,0,Tidak,4,1
PLN-0139,IT Dept,Audit Keuangan,Evaluasi Perencanaan Risk Area 139,97.0,177.3,17,5,-1.61,0,Tidak,3,1
PLN-0140,Operations Dept,Audit Kepatuhan,Evaluasi Perencanaan Risk Area 140,548.6,390.1,105,11,3.17,1,Ya (Anomali),5,5
PLN-0141,Medan Branch,Audit Keuangan,Evaluasi Perencanaan Risk Area 141,323.6,386.9,103,5,-1.27,0,Tidak,5,1
PLN-0142,Finance Dept,Special Investigation,Evaluasi Perencanaan Risk Area 142,154.8,138.1,74,11,0.33,0,Tidak,2,1
PLN-0143,Medan Branch,Audit Keuangan,Evaluasi Perencanaan Risk Area 143,220.3,224.0,48,2,-0.07,0,Tidak,3,1
PLN-0144,Bandung Branch,Special Investigation,Evaluasi Perencanaan Risk Area 144,181.2,155.3,90,10,0.52,0,Tidak,4,1
PLN-0145,Medan Branch,Audit Keuangan,Evaluasi Perencanaan Risk Area 145,153.7,149.7,93,5,0.08,0,Tidak,3,1
PLN-0146,Jakarta Branch,Audit TI,Evaluasi Perencanaan Risk Area 146,34.7,62.9,97,8,-0.56,0,Tidak,1,1
PLN-0147,Finance Dept,Audit Keuangan,Evaluasi Perencanaan Risk Area 147,355.1,263.3,95,4,1.84,0,Tidak,5,2
PLN-0148,Medan Branch,Special Investigation,Evaluasi Perencanaan Risk Area 148,186.9,225.9,102,11,-0.78,0,Tidak,4,1
PLN-0149,Jakarta Branch,Audit Keuangan,Evaluasi Perencanaan Risk Area 149,31.0,68.0,95,4,-0.74,0,Tidak,2,1
PLN-0150,Surabaya Branch,Audit Keuangan,Evaluasi Perencanaan Risk Area 150,125.4,147.5,53,9,-0.44,0,Tidak,3,1
PLN-0151,Medan Branch,Audit Keuangan,Evaluasi Perencanaan Risk Area 151,561.1,367.9,146,9,3.86,0,Tidak,5,5
PLN-0152,Finance Dept,Special Investigation,Evaluasi Perencanaan Risk Area 152,173.6,133.8,174,2,0.8,0,Tidak,2,1
PLN-0153,Jakarta Branch,Audit Keuangan,Evaluasi Perencanaan Risk Area 153,88.4,100.7,83,11,-0.25,0,Tidak,2,1
PLN-0154,Medan Branch,Audit Kepatuhan,Evaluasi Perencanaan Risk Area 154,194.2,221.3,45,3,-0.54,0,Tidak,3,1
PLN-0155,Surabaya Branch,Audit Kepatuhan,Evaluasi Perencanaan Risk Area 155,350.5,395.0,110,9,-0.89,0,Tidak,5,1
PLN-0156,Medan Branch,Special Investigation,Evaluasi Perencanaan Risk Area 156,232.6,134.7,165,2,1.96,0,Tidak,3,3
PLN-0157,Jakarta Branch,Audit TI,Evaluasi Perencanaan Risk Area 157,323.3,285.2,179,9,0.76,0,Tidak,4,1
PLN-0158,Medan Branch,Audit Kepatuhan,Evaluasi Perencanaan Risk Area 158,364.3,316.6,179,9,0.95,0,Tidak,5,1
PLN-0159,Finance Dept,Audit Operasional,Evaluasi Perencanaan Risk Area 159,181.2,133.2,113,3,0.96,0,Tidak,3,1
PLN-0160,Bandung Branch,Audit Kepatuhan,Evaluasi Perencanaan Risk Area 160,330.4,304.9,75,5,0.51,0,Tidak,4,1
PLN-0161,Jakarta Branch,Audit Operasional,Evaluasi Perencanaan Risk Area 161,162.5,178.7,64,7,-0.32,0,Tidak,3,1
PLN-0162,Jakarta Branch,Special Investigation,Evaluasi Perencanaan Risk Area 162,252.7,271.3,100,10,-0.37,0,Tidak,4,1
PLN-0163,Jakarta Branch,Audit TI,Evaluasi Perencanaan Risk Area 163,264.9,271.7,31,9,-0.14,0,Tidak,3,1
PLN-0164,Jakarta Branch,Audit Operasional,Evaluasi Perencanaan Risk Area 164,234.4,237.5,110,9,-0.06,0,Tidak,4,1
PLN-0165,Medan Branch,Audit Operasional,Evaluasi Perencanaan Risk Area 165,102.4,81.6,164,8,0.42,0,Tidak,3,2
PLN-0166,Finance Dept,Audit Kepatuhan,Evaluasi Perencanaan Risk Area 166,348.6,342.4,130,10,0.12,0,Tidak,4,1
PLN-0167,Surabaya Branch,Audit Operasional,Evaluasi Perencanaan Risk Area 167,203.9,162.3,102,3,0.83,0,Tidak,3,2
PLN-0168,Finance Dept,Special Investigation,Evaluasi Perencanaan Risk Area 168,112.0,115.3,117,4,-0.07,0,Tidak,3,1
PLN-0169,Jakarta Branch,Special Investigation,Evaluasi Perencanaan Risk Area 169,66.1,64.3,150,11,0.04,0,Tidak,1,2
PLN-0170,IT Dept,Special Investigation,Evaluasi Perencanaan Risk Area 170,77.2,256.8,19,9,-3.59,0,Tidak,2,1
PLN-0171,Medan Branch,Audit Kepatuhan,Evaluasi Perencanaan Risk Area 171,379.2,287.1,18,7,1.84,0,Tidak,5,2
PLN-0172,IT Dept,Audit TI,Evaluasi Perencanaan Risk Area 172,62.6,55.8,164,11,0.14,0,Tidak,2,1
PLN-0173,Medan Branch,Audit Kepatuhan,Evaluasi Perencanaan Risk Area 173,309.3,229.2,43,10,1.6,0,Tidak,4,2
PLN-0174,Jakarta Branch,Special Investigation,Evaluasi Perencanaan Risk Area 174,38.8,129.3,138,11,-1.81,0,Tidak,1,1
PLN-0175,Medan Branch,Audit Kepatuhan,Evaluasi Perencanaan Risk Area 175,477.4,275.8,169,5,4.03,1,Ya (Anomali),5,5
PLN-0176,Jakarta Branch,Special Investigation,Evaluasi Perencanaan Risk Area 176,105.6,111.0,98,9,-0.11,0,Tidak,2,1
PLN-0177,Finance Dept,Audit Keuangan,Evaluasi Perencanaan Risk Area 177,405.0,291.8,102,11,2.26,1,Ya (Anomali),5,4
PLN-0178,Operations Dept,Audit Keuangan,Evaluasi Perencanaan Risk Area 178,117.9,185.4,80,4,-1.35,0,Tidak,2,1
PLN-0179,Bandung Branch,Audit Operasional,Evaluasi Perencanaan Risk Area 179,458.9,377.9,76,4,1.62,0,Tidak,5,2
PLN-0180,Medan Branch,Audit TI,Evaluasi Perencanaan Risk Area 180,61.9,98.1,157,9,-0.72,0,Tidak,2,1
PLN-0181,Jakarta Branch,Audit Keuangan,Evaluasi Perencanaan Risk Area 181,132.4,169.4,126,6,-0.74,0,Tidak,2,1
PLN-0182,IT Dept,Special Investigation,Evaluasi Perencanaan Risk Area 182,149.8,89.7,103,4,1.2,0,Tidak,2,2
PLN-0183,Jakarta Branch,Audit Kepatuhan,Evaluasi Perencanaan Risk Area 183,348.7,373.6,172,11,-0.5,0,Tidak,4,1
PLN-0184,IT Dept,Audit Kepatuhan,Evaluasi Perencanaan Risk Area 184,384.3,357.1,108,2,0.54,0,Tidak,5,2
PLN-0185,Medan Branch,Audit Operasional,Evaluasi Perencanaan Risk Area 185,183.0,140.3,122,4,0.85,0,Tidak,3,2
PLN-0186,Surabaya Branch,Audit Kepatuhan,Evaluasi Perencanaan Risk Area 186,329.8,281.0,112,10,0.98,0,Tidak,5,2
PLN-0187,IT Dept,Audit Keuangan,Evaluasi Perencanaan Risk Area 187,353.7,336.0,100,6,0.35,0,Tidak,4,2
PLN-0188,Jakarta Branch,Audit Kepatuhan,Evaluasi Perencanaan Risk Area 188,275.5,244.3,99,11,0.62,0,Tidak,5,1
PLN-0189,Medan Branch,Audit Keuangan,Evaluasi Perencanaan Risk Area 189,433.4,235.4,26,3,3.96,1,Ya (Anomali),5,5
PLN-0190,Jakarta Branch,Audit Keuangan,Evaluasi Perencanaan Risk Area 190,131.9,134.6,27,8,-0.05,0,Tidak,3,1
PLN-0191,Surabaya Branch,Audit TI,Evaluasi Perencanaan Risk Area 191,88.4,82.6,125,3,0.12,0,Tidak,2,1
PLN-0192,Bandung Branch,Audit Operasional,Evaluasi Perencanaan Risk Area 192,497.9,364.0,102,5,2.68,1,Ya (Anomali),5,5
PLN-0193,Operations Dept,Special Investigation,Evaluasi Perencanaan Risk Area 193,506.4,365.1,100,8,2.83,0,Tidak,5,3
PLN-0194,Operations Dept,Audit Keuangan,Evaluasi Perencanaan Risk Area 194,384.4,271.6,91,5,2.26,1,Ya (Anomali),5,4
PLN-0195,Surabaya Branch,Audit Operasional,Evaluasi Perencanaan Risk Area 195,206.4,168.7,77,8,0.75,0,Tidak,4,1
PLN-0196,Finance Dept,Special Investigation,Evaluasi Perencanaan Risk Area 196,103.3,172.2,123,8,-1.38,0,Tidak,2,1
PLN-0197,Medan Branch,Audit Kepatuhan,Evaluasi Perencanaan Risk Area 197,478.0,304.1,10,2,3.48,1,Ya (Anomali),5,5
PLN-0198,Surabaya Branch,Audit Operasional,Evaluasi Perencanaan Risk Area 198,218.0,364.0,67,7,-2.92,0,Tidak,3,1
PLN-0199,Bandung Branch,Audit Operasional,Evaluasi Perencanaan Risk Area 199,398.7,360.5,163,10,0.76,0,Tidak,5,1
PLN-0200,Jakarta Branch,Audit Operasional,Evaluasi Perencanaan Risk Area 200,237.7,323.0,118,3,-1.71,0,Tidak,3,1
PLN-0201,Medan Branch,Audit Kepatuhan,Evaluasi Perencanaan Risk Area 201,268.5,274.7,157,4,-0.12,0,Tidak,3,1
PLN-0202,IT Dept,Audit Kepatuhan,Evaluasi Perencanaan Risk Area 202,88.5,79.4,125,11,0.18,0,Tidak,2,2
PLN-0203,Surabaya Branch,Audit Operasional,Evaluasi Perencanaan Risk Area 203,118.6,106.6,96,6,0.24,0,Tidak,3,1
PLN-0204,Bandung Branch,Audit TI,Evaluasi Perencanaan Risk Area 204,418.3,364.5,19,10,1.08,0,Tidak,5,2
PLN-0205,Surabaya Branch,Audit Keuangan,Evaluasi Perencanaan Risk Area 205,410.4,262.3,68,5,2.96,0,Tidak,5,3
PLN-0206,Finance Dept,Audit Kepatuhan,Evaluasi Perencanaan Risk Area 206,61.6,53.2,50,2,0.17,0,Tidak,2,1
PLN-0207,Operations Dept,Audit TI,Evaluasi Perencanaan Risk Area 207,78.2,85.5,114,5,-0.15,0,Tidak,1,1
PLN-0208,Operations Dept,Audit Kepatuhan,Evaluasi Perencanaan Risk Area 208,377.4,282.2,142,7,1.9,0,Tidak,5,2
PLN-0209,Medan Branch,Audit Operasional,Evaluasi Perencanaan Risk Area 209,73.4,51.8,131,6,0.43,0,Tidak,1,2
PLN-0210,Jakarta Branch,Audit TI,Evaluasi Perencanaan Risk Area 210,60.6,106.3,154,2,-0.91,0,Tidak,1,1
PLN-0211,Bandung Branch,Special Investigation,Evaluasi Perencanaan Risk Area 211,292.7,242.1,31,5,1.01,0,Tidak,4,3
PLN-0212,Surabaya Branch,Audit Keuangan,Evaluasi Perencanaan Risk Area 212,363.9,292.2,107,7,1.43,0,Tidak,5,2
PLN-0213,Medan Branch,Audit Keuangan,Evaluasi Perencanaan Risk Area 213,249.2,278.2,178,11,-0.58,0,Tidak,3,1
PLN-0214,Surabaya Branch,Audit Kepatuhan,Evaluasi Perencanaan Risk Area 214,190.4,128.5,77,11,1.24,0,Tidak,3,2
PLN-0215,Medan Branch,Audit Keuangan,Evaluasi Perencanaan Risk Area 215,283.6,299.3,148,5,-0.31,0,Tidak,4,1
PLN-0216,Operations Dept,Special Investigation,Evaluasi Perencanaan Risk Area 216,138.8,133.0,65,10,0.12,0,Tidak,2,2
PLN-0217,Finance Dept,Audit TI,Evaluasi Perencanaan Risk Area 217,154.0,163.9,158,6,-0.2,0,Tidak,3,1
PLN-0218,Surabaya Branch,Audit TI,Evaluasi Perencanaan Risk Area 218,313.0,311.3,108,9,0.03,0,Tidak,5,2
PLN-0219,Finance Dept,Audit Operasional,Evaluasi Perencanaan Risk Area 219,171.0,277.4,85,10,-2.13,0,Tidak,2,1
PLN-0220,IT Dept,Audit TI,Evaluasi Perencanaan Risk Area 220,172.2,347.2,35,11,-3.5,0,Tidak,2,1
PLN-0221,IT Dept,Audit Kepatuhan,Evaluasi Perencanaan Risk Area 221,436.6,280.2,124,6,3.13,0,Ya (Anomali),5,4
PLN-0222,Operations Dept,Special Investigation,Evaluasi Perencanaan Risk Area 222,175.1,248.9,156,7,-1.48,0,Tidak,3,1
PLN-0223,Bandung Branch,Audit Operasional,Evaluasi Perencanaan Risk Area 223,54.1,82.8,118,2,-0.57,0,Tidak,2,1
PLN-0224,Finance Dept,Audit Kepatuhan,Evaluasi Perencanaan Risk Area 224,53.6,178.7,56,8,-2.5,0,Tidak,1,1
PLN-0225,Medan Branch,Audit Kepatuhan,Evaluasi Perencanaan Risk Area 225,110.9,142.8,80,5,-0.64,0,Tidak,3,1
PLN-0226,Bandung Branch,Audit Kepatuhan,Evaluasi Perencanaan Risk Area 226,72.7,135.4,163,3,-1.25,0,Tidak,1,1
PLN-0227,Surabaya Branch,Audit Keuangan,Evaluasi Perencanaan Risk Area 227,615.1,390.6,49,6,4.49,0,Ya (Anomali),5,5
PLN-0228,Surabaya Branch,Audit Kepatuhan,Evaluasi Perencanaan Risk Area 228,253.9,187.6,142,4,1.33,0,Tidak,4,3
PLN-0229,Medan Branch,Audit Keuangan,Evaluasi Perencanaan Risk Area 229,275.0,362.2,158,7,-1.74,0,Tidak,5,1
PLN-0230,Jakarta Branch,Audit TI,Evaluasi Perencanaan Risk Area 230,484.5,270.9,141,9,4.27,1,Ya (Anomali),5,5
PLN-0231,Jakarta Branch,Audit Keuangan,Evaluasi Perencanaan Risk Area 231,441.0,328.2,32,8,2.26,1,Ya (Anomali),5,4
PLN-0232,Surabaya Branch,Audit Kepatuhan,Evaluasi Perencanaan Risk Area 232,200.2,225.9,115,4,-0.51,0,Tidak,4,1
PLN-0233,Operations Dept,Special Investigation,Evaluasi Perencanaan Risk Area 233,75.6,251.9,93,9,-3.53,0,Tidak,1,1
PLN-0234,Operations Dept,Special Investigation,Evaluasi Perencanaan Risk Area 234,400.7,222.4,152,3,3.57,1,Ya (Anomali),5,5
PLN-0235,Medan Branch,Audit TI,Evaluasi Perencanaan Risk Area 235,60.8,118.3,125,11,-1.15,0,Tidak,1,1
PLN-0236,Jakarta Branch,Audit Kepatuhan,Evaluasi Perencanaan Risk Area 236,128.5,302.9,118,10,-3.49,0,Tidak,3,1
PLN-0237,Finance Dept,Audit Keuangan,Evaluasi Perencanaan Risk Area 237,201.4,148.3,145,5,1.06,0,Tidak,3,2
PLN-0238,Surabaya Branch,Special Investigation,Evaluasi Perencanaan Risk Area 238,108.5,58.5,50,2,1.0,0,Tidak,2,2
PLN-0239,IT Dept,Audit Operasional,Evaluasi Perencanaan Risk Area 239,409.6,275.9,121,9,2.67,1,Ya (Anomali),5,5
PLN-0240,Finance Dept,Audit Kepatuhan,Evaluasi Perencanaan Risk Area 240,134.1,112.0,156,8,0.44,0,Tidak,2,1
PLN-0241,Medan Branch,Audit Kepatuhan,Evaluasi Perencanaan Risk Area 241,458.1,379.2,121,6,1.58,0,Tidak,5,2
PLN-0242,IT Dept,Audit Operasional,Evaluasi Perencanaan Risk Area 242,498.6,383.9,112,11,2.29,0,Tidak,5,3
PLN-0243,Finance Dept,Special Investigation,Evaluasi Perencanaan Risk Area 243,468.5,370.2,55,6,1.97,0,Tidak,5,2
PLN-0244,Jakarta Branch,Audit Operasional,Evaluasi Perencanaan Risk Area 244,197.3,179.6,165,8,0.35,0,Tidak,3,1
PLN-0245,Operations Dept,Audit TI,Evaluasi Perencanaan Risk Area 245,57.4,55.4,77,6,0.04,0,Tidak,2,1
PLN-0246,Jakarta Branch,Audit Keuangan,Evaluasi Perencanaan Risk Area 246,366.7,374.9,131,9,-0.16,0,Tidak,5,1
PLN-0247,IT Dept,Audit Keuangan,Evaluasi Perencanaan Risk Area 247,147.1,199.9,24,7,-1.06,0,Tidak,2,1
PLN-0248,Bandung Branch,Special Investigation,Evaluasi Perencanaan Risk Area 248,350.2,388.3,174,6,-0.76,0,Tidak,5,1
PLN-0249,Operations Dept,Audit Operasional,Evaluasi Perencanaan Risk Area 249,157.8,387.3,138,10,-4.59,0,Tidak,3,1
PLN-0250,Surabaya Branch,Audit Kepatuhan,Evaluasi Perencanaan Risk Area 250,336.6,348.6,120,3,-0.24,0,Tidak,4,1
PLN-0251,IT Dept,Audit Kepatuhan,Evaluasi Perencanaan Risk Area 251,100.1,153.1,33,2,-1.06,0,Tidak,2,1
PLN-0252,Medan Branch,Audit Kepatuhan,Evaluasi Perencanaan Risk Area 252,113.4,184.8,36,9,-1.43,0,Tidak,3,1
PLN-0253,Surabaya Branch,Audit TI,Evaluasi Perencanaan Risk Area 253,369.8,347.9,49,4,0.44,0,Tidak,5,2
PLN-0254,Finance Dept,Audit TI,Evaluasi Perencanaan Risk Area 254,239.3,160.9,173,8,1.57,0,Tidak,3,3
PLN-0255,Operations Dept,Audit Kepatuhan,Evaluasi Perencanaan Risk Area 255,144.4,109.3,33,11,0.7,0,Tidak,2,2
PLN-0256,Medan Branch,Special Investigation,Evaluasi Perencanaan Risk Area 256,110.3,244.9,33,9,-2.69,0,Tidak,2,1
PLN-0257,Medan Branch,Audit TI,Evaluasi Perencanaan Risk Area 257,246.9,377.7,13,7,-2.62,0,Tidak,4,1
PLN-0258,Jakarta Branch,Audit TI,Evaluasi Perencanaan Risk Area 258,390.3,293.6,76,11,1.93,0,Tidak,5,3
PLN-0259,Finance Dept,Audit Keuangan,Evaluasi Perencanaan Risk Area 259,163.7,249.5,43,10,-1.72,0,Tidak,2,1
PLN-0260,Jakarta Branch,Audit Keuangan,Evaluasi Perencanaan Risk Area 260,77.4,84.0,125,8,-0.13,0,Tidak,1,1
PLN-0261,Jakarta Branch,Special Investigation,Evaluasi Perencanaan Risk Area 261,316.4,265.3,32,11,1.02,0,Tidak,4,2
PLN-0262,Operations Dept,Audit TI,Evaluasi Perencanaan Risk Area 262,262.1,396.5,118,6,-2.69,0,Tidak,3,1
PLN-0263,Bandung Branch,Audit TI,Evaluasi Perencanaan Risk Area 263,102.7,99.0,78,9,0.07,0,Tidak,2,1
PLN-0264,Jakarta Branch,Audit Operasional,Evaluasi Perencanaan Risk Area 264,123.4,231.4,104,3,-2.16,0,Tidak,3,1
PLN-0265,Surabaya Branch,Special Investigation,Evaluasi Perencanaan Risk Area 265,281.9,357.1,71,8,-1.5,0,Tidak,4,1
PLN-0266,Medan Branch,Special Investigation,Evaluasi Perencanaan Risk Area 266,343.9,309.3,178,5,0.69,0,Tidak,4,2
PLN-0267,Operations Dept,Audit Operasional,Evaluasi Perencanaan Risk Area 267,130.1,294.0,66,10,-3.28,0,Tidak,2,1
PLN-0268,Jakarta Branch,Audit Operasional,Evaluasi Perencanaan Risk Area 268,341.5,295.9,63,2,0.91,0,Tidak,4,1
PLN-0269,IT Dept,Audit Keuangan,Evaluasi Perencanaan Risk Area 269,174.6,175.8,79,8,-0.02,0,Tidak,2,1
PLN-0270,Surabaya Branch,Special Investigation,Evaluasi Perencanaan Risk Area 270,182.3,152.8,110,7,0.59,0,Tidak,3,1
PLN-0271,Finance Dept,Special Investigation,Evaluasi Perencanaan Risk Area 271,359.4,333.3,66,9,0.52,0,Tidak,5,1
PLN-0272,Medan Branch,Audit Operasional,Evaluasi Perencanaan Risk Area 272,492.7,333.5,147,6,3.18,0,Ya (Anomali),5,4
PLN-0273,Operations Dept,Audit Kepatuhan,Evaluasi Perencanaan Risk Area 273,369.0,353.5,177,2,0.31,0,Tidak,5,1
PLN-0274,IT Dept,Audit Kepatuhan,Evaluasi Perencanaan Risk Area 274,314.1,369.6,144,2,-1.11,0,Tidak,4,1
PLN-0275,Operations Dept,Audit Keuangan,Evaluasi Perencanaan Risk Area 275,238.8,229.0,112,10,0.2,0,Tidak,4,2
PLN-0276,Operations Dept,Audit Kepatuhan,Evaluasi Perencanaan Risk Area 276,268.4,225.5,175,11,0.86,0,Tidak,3,1
PLN-0277,IT Dept,Audit Kepatuhan,Evaluasi Perencanaan Risk Area 277,335.0,329.4,94,7,0.11,0,Tidak,5,1
PLN-0278,Finance Dept,Audit Kepatuhan,Evaluasi Perencanaan Risk Area 278,281.4,277.5,70,11,0.08,0,Tidak,4,1
PLN-0279,IT Dept,Audit TI,Evaluasi Perencanaan Risk Area 279,223.0,295.7,12,6,-1.45,0,Tidak,3,1
PLN-0280,Surabaya Branch,Audit Keuangan,Evaluasi Perencanaan Risk Area 280,252.3,328.5,137,2,-1.52,0,Tidak,3,1
PLN-0281,Operations Dept,Audit Operasional,Evaluasi Perencanaan Risk Area 281,184.0,361.5,95,7,-3.55,0,Tidak,4,1
PLN-0282,Finance Dept,Audit Kepatuhan,Evaluasi Perencanaan Risk Area 282,271.4,168.3,56,7,2.06,1,Tidak,4,4
PLN-0283,Operations Dept,Audit TI,Evaluasi Perencanaan Risk Area 283,102.5,181.5,85,4,-1.58,0,Tidak,2,1
PLN-0284,IT Dept,Audit Kepatuhan,Evaluasi Perencanaan Risk Area 284,62.8,82.9,47,9,-0.4,0,Tidak,2,1
PLN-0285,Finance Dept,Audit TI,Evaluasi Perencanaan Risk Area 285,188.9,252.4,173,2,-1.27,0,Tidak,3,1
PLN-0286,Finance Dept,Audit Keuangan,Evaluasi Perencanaan Risk Area 286,82.2,62.6,178,2,0.39,0,Tidak,2,1
PLN-0287,Jakarta Branch,Audit Kepatuhan,Evaluasi Perencanaan Risk Area 287,191.0,213.0,150,7,-0.44,0,Tidak,3,1
PLN-0288,Jakarta Branch,Audit TI,Evaluasi Perencanaan Risk Area 288,344.7,239.9,96,11,2.1,1,Ya (Anomali),5,4
PLN-0289,Jakarta Branch,Special Investigation,Evaluasi Perencanaan Risk Area 289,114.9,150.3,67,2,-0.71,0,Tidak,2,1
PLN-0290,IT Dept,Special Investigation,Evaluasi Perencanaan Risk Area 290,281.9,256.8,59,7,0.5,0,Tidak,4,1
PLN-0291,Medan Branch,Audit TI,Evaluasi Perencanaan Risk Area 291,43.0,60.7,39,2,-0.35,0,Tidak,1,1
PLN-0292,Surabaya Branch,Audit Kepatuhan,Evaluasi Perencanaan Risk Area 292,110.5,63.1,110,7,0.95,0,Tidak,3,1
PLN-0293,IT Dept,Audit Kepatuhan,Evaluasi Perencanaan Risk Area 293,197.4,337.9,34,4,-2.81,0,Tidak,3,1
PLN-0294,Operations Dept,Audit Keuangan,Evaluasi Perencanaan Risk Area 294,195.2,176.1,121,9,0.38,0,Tidak,3,1
PLN-0295,Jakarta Branch,Audit Keuangan,Evaluasi Perencanaan Risk Area 295,115.5,94.5,164,7,0.42,0,Tidak,3,2
PLN-0296,Finance Dept,Audit Operasional,Evaluasi Perencanaan Risk Area 296,266.5,232.8,135,2,0.67,0,Tidak,3,1
PLN-0297,IT Dept,Audit Keuangan,Evaluasi Perencanaan Risk Area 297,298.8,319.5,132,6,-0.41,0,Tidak,5,1
PLN-0298,Finance Dept,Audit Kepatuhan,Evaluasi Perencanaan Risk Area 298,119.8,125.5,56,9,-0.11,0,Tidak,3,1
PLN-0299,Operations Dept,Audit Operasional,Evaluasi Perencanaan Risk Area 299,272.1,268.0,127,4,0.08,0,Tidak,5,1
PLN-0300,Finance Dept,Audit Keuangan,Evaluasi Perencanaan Risk Area 300,75.8,79.9,48,7,-0.08,0,Tidak,2,1
PLN-0301,Finance Dept,Audit TI,Evaluasi Perencanaan Risk Area 301,91.1,68.1,25,6,0.46,0,Tidak,2,1
PLN-0302,Bandung Branch,Special Investigation,Evaluasi Perencanaan Risk Area 302,418.6,236.0,31,7,3.65,1,Ya (Anomali),5,5
PLN-0303,Medan Branch,Audit Keuangan,Evaluasi Perencanaan Risk Area 303,192.5,239.2,63,11,-0.93,0,Tidak,4,1
PLN-0304,Surabaya Branch,Audit Keuangan,Evaluasi Perencanaan Risk Area 304,142.2,273.1,158,2,-2.62,0,Tidak,2,1
PLN-0305,Surabaya Branch,Audit TI,Evaluasi Perencanaan Risk Area 305,294.7,304.1,25,8,-0.19,0,Tidak,4,1
PLN-0306,Jakarta Branch,Audit Kepatuhan,Evaluasi Perencanaan Risk Area 306,745.0,391.5,68,10,7.07,1,Ya (Anomali),5,5
PLN-0307,Bandung Branch,Audit TI,Evaluasi Perencanaan Risk Area 307,165.8,230.7,40,3,-1.3,0,Tidak,2,1
PLN-0308,IT Dept,Audit Keuangan,Evaluasi Perencanaan Risk Area 308,256.5,163.0,179,11,1.87,0,Tidak,4,2
PLN-0309,IT Dept,Audit Kepatuhan,Evaluasi Perencanaan Risk Area 309,521.1,328.3,41,6,3.86,0,Ya (Anomali),5,5
PLN-0310,Surabaya Branch,Audit Operasional,Evaluasi Perencanaan Risk Area 310,116.7,144.8,171,11,-0.56,0,Tidak,3,1
PLN-0311,Medan Branch,Audit Keuangan,Evaluasi Perencanaan Risk Area 311,244.1,203.6,18,5,0.81,0,Tidak,4,1
PLN-0312,Finance Dept,Audit TI,Evaluasi Perencanaan Risk Area 312,121.7,77.5,148,7,0.88,0,Tidak,3,1
PLN-0313,Operations Dept,Audit Operasional,Evaluasi Perencanaan Risk Area 313,51.1,58.9,19,7,-0.16,0,Tidak,2,1
PLN-0314,Jakarta Branch,Special Investigation,Evaluasi Perencanaan Risk Area 314,359.3,386.9,26,3,-0.55,0,Tidak,4,1
PLN-0315,Medan Branch,Audit Operasional,Evaluasi Perencanaan Risk Area 315,272.9,342.6,77,3,-1.39,0,Tidak,4,1
PLN-0316,Surabaya Branch,Audit TI,Evaluasi Perencanaan Risk Area 316,189.3,293.6,57,5,-2.09,0,Tidak,4,1
PLN-0317,Bandung Branch,Audit Operasional,Evaluasi Perencanaan Risk Area 317,149.2,193.1,120,2,-0.88,0,Tidak,3,1
PLN-0318,Jakarta Branch,Audit TI,Evaluasi Perencanaan Risk Area 318,63.3,110.7,162,10,-0.95,0,Tidak,1,1
PLN-0319,Surabaya Branch,Audit Keuangan,Evaluasi Perencanaan Risk Area 319,106.1,104.8,132,8,0.03,0,Tidak,2,1
PLN-0320,IT Dept,Audit Kepatuhan,Evaluasi Perencanaan Risk Area 320,100.5,137.6,158,8,-0.74,0,Tidak,2,1
PLN-0321,Jakarta Branch,Special Investigation,Evaluasi Perencanaan Risk Area 321,262.0,242.2,110,4,0.4,0,Tidak,3,2
PLN-0322,Surabaya Branch,Audit Kepatuhan,Evaluasi Perencanaan Risk Area 322,136.7,300.1,111,4,-3.27,0,Tidak,3,1
PLN-0323,IT Dept,Audit Kepatuhan,Evaluasi Perencanaan Risk Area 323,313.7,281.1,74,2,0.65,0,Tidak,5,1
PLN-0324,Operations Dept,Audit Kepatuhan,Evaluasi Perencanaan Risk Area 324,191.2,148.0,60,4,0.86,0,Tidak,3,1
PLN-0325,IT Dept,Audit TI,Evaluasi Perencanaan Risk Area 325,116.1,384.2,45,4,-5.36,0,Tidak,2,1
PLN-0326,Finance Dept,Audit TI,Evaluasi Perencanaan Risk Area 326,348.7,308.3,90,5,0.81,0,Tidak,4,1
PLN-0327,Bandung Branch,Special Investigation,Evaluasi Perencanaan Risk Area 327,348.8,244.0,136,5,2.1,1,Tidak,5,5
PLN-0328,Finance Dept,Audit TI,Evaluasi Perencanaan Risk Area 328,152.3,264.1,97,4,-2.24,0,Tidak,2,1
PLN-0329,Surabaya Branch,Audit TI,Evaluasi Perencanaan Risk Area 329,312.2,196.9,113,11,2.31,1,Ya (Anomali),4,4
PLN-0330,Operations Dept,Audit TI,Evaluasi Perencanaan Risk Area 330,156.7,136.7,24,9,0.4,0,Tidak,2,1
PLN-0331,Medan Branch,Audit TI,Evaluasi Perencanaan Risk Area 331,131.5,174.6,105,9,-0.86,0,Tidak,2,1
PLN-0332,Operations Dept,Audit Keuangan,Evaluasi Perencanaan Risk Area 332,309.0,315.2,176,2,-0.12,0,Tidak,4,1
PLN-0333,Operations Dept,Special Investigation,Evaluasi Perencanaan Risk Area 333,65.7,55.0,132,8,0.21,0,Tidak,1,2
PLN-0334,Operations Dept,Audit TI,Evaluasi Perencanaan Risk Area 334,93.0,90.6,10,3,0.05,0,Tidak,2,1
PLN-0335,Finance Dept,Special Investigation,Evaluasi Perencanaan Risk Area 335,78.6,66.1,160,2,0.25,0,Tidak,1,1
PLN-0336,Medan Branch,Audit Operasional,Evaluasi Perencanaan Risk Area 336,43.6,64.3,131,4,-0.41,0,Tidak,1,1
PLN-0337,IT Dept,Audit Keuangan,Evaluasi Perencanaan Risk Area 337,370.1,349.4,176,5,0.41,0,Tidak,5,1
PLN-0338,Surabaya Branch,Audit TI,Evaluasi Perencanaan Risk Area 338,149.7,296.3,135,7,-2.93,0,Tidak,3,1
PLN-0339,Bandung Branch,Audit Keuangan,Evaluasi Perencanaan Risk Area 339,207.6,216.0,66,11,-0.17,0,Tidak,4,1
PLN-0340,Medan Branch,Audit Keuangan,Evaluasi Perencanaan Risk Area 340,57.6,84.2,90,6,-0.53,0,Tidak,2,1
PLN-0341,Surabaya Branch,Audit Operasional,Evaluasi Perencanaan Risk Area 341,164.9,222.1,171,5,-1.14,0,Tidak,2,1
PLN-0342,Medan Branch,Special Investigation,Evaluasi Perencanaan Risk Area 342,309.0,215.7,178,9,1.87,0,Tidak,4,3
PLN-0343,Finance Dept,Audit Keuangan,Evaluasi Perencanaan Risk Area 343,152.8,110.6,82,5,0.84,0,Tidak,2,2
PLN-0344,Surabaya Branch,Audit Kepatuhan,Evaluasi Perencanaan Risk Area 344,244.8,201.8,150,11,0.86,0,Tidak,4,1
PLN-0345,Finance Dept,Audit Operasional,Evaluasi Perencanaan Risk Area 345,117.1,189.5,79,3,-1.45,0,Tidak,3,1
PLN-0346,Jakarta Branch,Audit Kepatuhan,Evaluasi Perencanaan Risk Area 346,236.1,265.5,15,4,-0.59,0,Tidak,3,1
PLN-0347,Surabaya Branch,Audit Operasional,Evaluasi Perencanaan Risk Area 347,387.9,272.3,93,7,2.31,1,Ya (Anomali),5,4
PLN-0348,Medan Branch,Audit Kepatuhan,Evaluasi Perencanaan Risk Area 348,69.2,65.9,61,9,0.07,0,Tidak,1,1
PLN-0349,Jakarta Branch,Audit Kepatuhan,Evaluasi Perencanaan Risk Area 349,328.1,181.1,12,9,2.94,1,Ya (Anomali),5,5
PLN-0350,Finance Dept,Audit Keuangan,Evaluasi Perencanaan Risk Area 350,306.1,269.1,90,10,0.74,0,Tidak,4,1
PLN-0351,Finance Dept,Audit Keuangan,Evaluasi Perencanaan Risk Area 351,241.3,226.1,72,8,0.3,0,Tidak,3,1
PLN-0352,Medan Branch,Audit Operasional,Evaluasi Perencanaan Risk Area 352,312.0,349.8,58,3,-0.76,0,Tidak,4,1
PLN-0353,Jakarta Branch,Special Investigation,Evaluasi Perencanaan Risk Area 353,293.6,280.5,85,9,0.26,0,Tidak,4,1
PLN-0354,Operations Dept,Audit Keuangan,Evaluasi Perencanaan Risk Area 354,101.3,107.0,121,8,-0.11,0,Tidak,3,1
PLN-0355,IT Dept,Audit Keuangan,Evaluasi Perencanaan Risk Area 355,93.2,74.7,118,9,0.37,0,Tidak,2,1
PLN-0356,Bandung Branch,Audit TI,Evaluasi Perencanaan Risk Area 356,366.8,274.8,74,4,1.84,0,Tidak,5,2
PLN-0357,Medan Branch,Audit Keuangan,Evaluasi Perencanaan Risk Area 357,43.0,59.3,90,8,-0.33,0,Tidak,1,1
PLN-0358,Finance Dept,Special Investigation,Evaluasi Perencanaan Risk Area 358,136.2,255.0,24,11,-2.38,0,Tidak,3,1
PLN-0359,Surabaya Branch,Audit TI,Evaluasi Perencanaan Risk Area 359,135.5,379.1,109,10,-4.87,0,Tidak,3,1
PLN-0360,Jakarta Branch,Audit Kepatuhan,Evaluasi Perencanaan Risk Area 360,296.1,251.4,41,4,0.89,0,Tidak,4,2
PLN-0361,IT Dept,Audit Kepatuhan,Evaluasi Perencanaan Risk Area 361,114.1,185.9,105,11,-1.44,0,Tidak,2,1
PLN-0362,Bandung Branch,Audit TI,Evaluasi Perencanaan Risk Area 362,82.6,275.2,137,7,-3.85,0,Tidak,2,1
PLN-0363,Surabaya Branch,Audit TI,Evaluasi Perencanaan Risk Area 363,239.0,210.4,155,3,0.57,0,Tidak,3,1
PLN-0364,Jakarta Branch,Audit TI,Evaluasi Perencanaan Risk Area 364,451.3,241.0,122,3,4.21,1,Ya (Anomali),5,5
PLN-0365,IT Dept,Audit Operasional,Evaluasi Perencanaan Risk Area 365,378.7,379.5,92,6,-0.02,0,Tidak,5,1
PLN-0366,Medan Branch,Special Investigation,Evaluasi Perencanaan Risk Area 366,239.4,185.1,52,6,1.09,0,Tidak,4,3
PLN-0367,IT Dept,Special Investigation,Evaluasi Perencanaan Risk Area 367,397.5,386.4,125,8,0.22,0,Tidak,5,2
PLN-0368,Medan Branch,Audit Kepatuhan,Evaluasi Perencanaan Risk Area 368,354.2,366.9,172,3,-0.25,0,Tidak,4,1
PLN-0369,Operations Dept,Audit Kepatuhan,Evaluasi Perencanaan Risk Area 369,156.6,118.5,87,8,0.76,0,Tidak,2,2
PLN-0370,Jakarta Branch,Audit Kepatuhan,Evaluasi Perencanaan Risk Area 370,66.8,74.3,67,6,-0.15,0,Tidak,1,1
PLN-0371,IT Dept,Audit Keuangan,Evaluasi Perencanaan Risk Area 371,93.3,85.3,42,7,0.16,0,Tidak,3,1
PLN-0372,Bandung Branch,Audit Kepatuhan,Evaluasi Perencanaan Risk Area 372,62.8,56.4,23,9,0.13,0,Tidak,2,1
PLN-0373,IT Dept,Audit TI,Evaluasi Perencanaan Risk Area 373,63.7,83.1,171,11,-0.39,0,Tidak,1,1
PLN-0374,Jakarta Branch,Audit Kepatuhan,Evaluasi Perencanaan Risk Area 374,389.5,289.1,141,5,2.01,1,Ya (Anomali),5,4
PLN-0375,Surabaya Branch,Audit TI,Evaluasi Perencanaan Risk Area 375,70.3,74.9,68,8,-0.09,0,Tidak,1,1
PLN-0376,Surabaya Branch,Audit Operasional,Evaluasi Perencanaan Risk Area 376,118.9,161.6,166,7,-0.85,0,Tidak,2,1
PLN-0377,IT Dept,Audit Keuangan,Evaluasi Perencanaan Risk Area 377,410.6,345.7,92,11,1.3,0,Tidak,5,2
PLN-0378,IT Dept,Audit Keuangan,Evaluasi Perencanaan Risk Area 378,39.8,58.1,143,3,-0.37,0,Tidak,2,1
PLN-0379,Medan Branch,Special Investigation,Evaluasi Perencanaan Risk Area 379,338.4,335.1,130,9,0.07,0,Tidak,4,1
PLN-0380,Jakarta Branch,Audit Operasional,Evaluasi Perencanaan Risk Area 380,148.1,148.6,177,11,-0.01,0,Tidak,3,1
PLN-0381,Medan Branch,Audit TI,Evaluasi Perencanaan Risk Area 381,126.1,91.4,92,10,0.69,0,Tidak,2,2
PLN-0382,Bandung Branch,Audit Operasional,Evaluasi Perencanaan Risk Area 382,342.7,293.9,36,6,0.98,0,Tidak,4,2
PLN-0383,Operations Dept,Audit Keuangan,Evaluasi Perencanaan Risk Area 383,267.7,270.1,89,11,-0.05,0,Tidak,3,1
PLN-0384,Surabaya Branch,Audit TI,Evaluasi Perencanaan Risk Area 384,459.3,357.1,143,5,2.04,1,Ya (Anomali),5,5
PLN-0385,Finance Dept,Audit Operasional,Evaluasi Perencanaan Risk Area 385,456.8,307.3,22,7,2.99,1,Ya (Anomali),5,5
PLN-0386,Finance Dept,Audit Keuangan,Evaluasi Perencanaan Risk Area 386,395.9,331.2,73,9,1.29,0,Tidak,5,3
PLN-0387,Jakarta Branch,Audit TI,Evaluasi Perencanaan Risk Area 387,149.2,148.7,156,4,0.01,0,Tidak,2,2
PLN-0388,Jakarta Branch,Audit TI,Evaluasi Perencanaan Risk Area 388,60.6,112.1,89,11,-1.03,0,Tidak,2,1
PLN-0389,Finance Dept,Audit Keuangan,Evaluasi Perencanaan Risk Area 389,196.1,312.7,132,2,-2.33,0,Tidak,3,1
PLN-0390,Jakarta Branch,Audit TI,Evaluasi Perencanaan Risk Area 390,296.9,332.4,52,5,-0.71,0,Tidak,4,1
PLN-0391,Surabaya Branch,Audit Keuangan,Evaluasi Perencanaan Risk Area 391,312.1,396.7,98,5,-1.69,0,Tidak,4,1
PLN-0392,Bandung Branch,Audit Kepatuhan,Evaluasi Perencanaan Risk Area 392,181.7,194.4,157,2,-0.25,0,Tidak,3,1
PLN-0393,Bandung Branch,Audit Kepatuhan,Evaluasi Perencanaan Risk Area 393,183.8,180.2,104,10,0.07,0,Tidak,4,1
PLN-0394,Medan Branch,Audit TI,Evaluasi Perencanaan Risk Area 394,381.3,321.7,160,4,1.19,0,Tidak,5,2
PLN-0395,Surabaya Branch,Audit TI,Evaluasi Perencanaan Risk Area 395,165.1,169.3,11,6,-0.08,0,Tidak,3,1
PLN-0396,Operations Dept,Audit Keuangan,Evaluasi Perencanaan Risk Area 396,439.8,375.8,129,7,1.28,0,Tidak,5,2
PLN-0397,Jakarta Branch,Audit TI,Evaluasi Perencanaan Risk Area 397,358.3,350.4,31,9,0.16,0,Tidak,5,2
PLN-0398,Jakarta Branch,Special Investigation,Evaluasi Perencanaan Risk Area 398,61.7,200.1,124,7,-2.77,0,Tidak,1,1
PLN-0399,Operations Dept,Audit Kepatuhan,Evaluasi Perencanaan Risk Area 399,210.0,312.8,66,4,-2.06,0,Tidak,3,1
PLN-0400,Medan Branch,Audit TI,Evaluasi Perencanaan Risk Area 400,298.3,314.1,81,7,-0.32,0,Tidak,4,1
PLN-0401,Medan Branch,Audit TI,Evaluasi Perencanaan Risk Area 401,49.6,86.1,16,2,-0.73,0,Tidak,2,1
PLN-0402,Jakarta Branch,Audit Operasional,Evaluasi Perencanaan Risk Area 402,442.7,365.9,128,5,1.54,0,Tidak,5,3
PLN-0403,Jakarta Branch,Audit TI,Evaluasi Perencanaan Risk Area 403,348.3,226.8,123,7,2.43,0,Tidak,4,3
PLN-0404,Operations Dept,Special Investigation,Evaluasi Perencanaan Risk Area 404,484.0,339.3,25,8,2.89,0,Ya (Anomali),5,3
PLN-0405,Surabaya Branch,Audit Kepatuhan,Evaluasi Perencanaan Risk Area 405,149.9,162.0,92,11,-0.24,0,Tidak,2,1
PLN-0406,Operations Dept,Audit Operasional,Evaluasi Perencanaan Risk Area 406,553.0,363.4,81,4,3.79,1,Ya (Anomali),5,5
PLN-0407,Medan Branch,Audit Keuangan,Evaluasi Perencanaan Risk Area 407,195.9,186.2,133,10,0.19,0,Tidak,3,1
PLN-0408,Operations Dept,Audit Keuangan,Evaluasi Perencanaan Risk Area 408,47.5,53.8,122,8,-0.13,0,Tidak,1,1
PLN-0409,Operations Dept,Audit Kepatuhan,Evaluasi Perencanaan Risk Area 409,288.1,366.9,21,2,-1.58,0,Tidak,5,1
PLN-0410,Operations Dept,Audit Keuangan,Evaluasi Perencanaan Risk Area 410,73.3,82.0,135,3,-0.17,0,Tidak,1,1
PLN-0411,Surabaya Branch,Special Investigation,Evaluasi Perencanaan Risk Area 411,139.8,161.8,62,2,-0.44,0,Tidak,2,1
PLN-0412,IT Dept,Audit TI,Evaluasi Perencanaan Risk Area 412,405.3,382.5,84,10,0.46,0,Tidak,5,1
PLN-0413,Jakarta Branch,Audit Kepatuhan,Evaluasi Perencanaan Risk Area 413,404.2,382.7,142,10,0.43,0,Tidak,5,1
PLN-0414,Finance Dept,Audit Operasional,Evaluasi Perencanaan Risk Area 414,251.0,250.7,36,8,0.01,0,Tidak,3,1
PLN-0415,Operations Dept,Audit TI,Evaluasi Perencanaan Risk Area 415,312.6,271.1,149,11,0.83,0,Tidak,4,1
PLN-0416,Finance Dept,Audit Keuangan,Evaluasi Perencanaan Risk Area 416,293.3,207.0,154,4,1.73,0,Tidak,4,2
PLN-0417,IT Dept,Audit Keuangan,Evaluasi Perencanaan Risk Area 417,203.3,152.6,143,6,1.01,0,Tidak,3,3
PLN-0418,Jakarta Branch,Audit Operasional,Evaluasi Perencanaan Risk Area 418,79.2,165.0,106,5,-1.72,0,Tidak,1,1
PLN-0419,Medan Branch,Special Investigation,Evaluasi Perencanaan Risk Area 419,85.6,285.4,14,8,-4.0,0,Tidak,1,1
PLN-0420,Finance Dept,Audit Operasional,Evaluasi Perencanaan Risk Area 420,415.8,313.3,66,10,2.05,1,Tidak,5,4
PLN-0421,Medan Branch,Audit Kepatuhan,Evaluasi Perencanaan Risk Area 421,170.6,327.1,165,3,-3.13,0,Tidak,2,1
PLN-0422,Finance Dept,Audit Operasional,Evaluasi Perencanaan Risk Area 422,300.7,326.4,87,9,-0.51,0,Tidak,4,1
PLN-0423,Medan Branch,Audit Keuangan,Evaluasi Perencanaan Risk Area 423,48.4,81.9,78,10,-0.67,0,Tidak,1,1
PLN-0424,Operations Dept,Special Investigation,Evaluasi Perencanaan Risk Area 424,82.4,223.0,127,11,-2.81,0,Tidak,1,1
PLN-0425,Finance Dept,Special Investigation,Evaluasi Perencanaan Risk Area 425,83.4,70.1,129,11,0.27,0,Tidak,1,2
PLN-0426,Medan Branch,Audit Operasional,Evaluasi Perencanaan Risk Area 426,306.7,242.3,68,10,1.29,0,Tidak,4,3
PLN-0427,IT Dept,Audit Kepatuhan,Evaluasi Perencanaan Risk Area 427,163.2,204.5,42,11,-0.83,0,Tidak,2,1
PLN-0428,Surabaya Branch,Audit Keuangan,Evaluasi Perencanaan Risk Area 428,108.2,360.7,71,8,-5.05,0,Tidak,2,1
PLN-0429,Medan Branch,Audit TI,Evaluasi Perencanaan Risk Area 429,139.8,172.8,59,10,-0.66,0,Tidak,3,1
PLN-0430,Surabaya Branch,Special Investigation,Evaluasi Perencanaan Risk Area 430,103.5,91.0,121,10,0.25,0,Tidak,2,1
PLN-0431,Surabaya Branch,Audit Operasional,Evaluasi Perencanaan Risk Area 431,48.2,100.0,28,4,-1.04,0,Tidak,1,1
PLN-0432,Jakarta Branch,Audit Kepatuhan,Evaluasi Perencanaan Risk Area 432,336.8,316.5,132,5,0.41,0,Tidak,5,2
PLN-0433,Operations Dept,Audit Kepatuhan,Evaluasi Perencanaan Risk Area 433,265.0,266.4,56,3,-0.03,0,Tidak,3,1
PLN-0434,IT Dept,Audit Keuangan,Evaluasi Perencanaan Risk Area 434,102.7,85.4,176,11,0.35,0,Tidak,3,1
PLN-0435,Surabaya Branch,Special Investigation,Evaluasi Perencanaan Risk Area 435,82.7,79.4,42,4,0.07,0,Tidak,1,1
PLN-0436,Bandung Branch,Audit Keuangan,Evaluasi Perencanaan Risk Area 436,194.7,295.3,150,6,-2.01,0,Tidak,4,1
PLN-0437,Operations Dept,Audit TI,Evaluasi Perencanaan Risk Area 437,107.1,75.5,93,6,0.63,0,Tidak,2,1
PLN-0438,Surabaya Branch,Audit TI,Evaluasi Perencanaan Risk Area 438,319.0,337.7,144,7,-0.37,0,Tidak,4,1
PLN-0439,Medan Branch,Audit TI,Evaluasi Perencanaan Risk Area 439,294.4,297.2,88,8,-0.06,0,Tidak,5,1
PLN-0440,Surabaya Branch,Audit Kepatuhan,Evaluasi Perencanaan Risk Area 440,52.9,78.5,23,8,-0.51,0,Tidak,1,1
PLN-0441,Medan Branch,Special Investigation,Evaluasi Perencanaan Risk Area 441,67.3,79.7,156,2,-0.25,0,Tidak,1,1
PLN-0442,Medan Branch,Audit Keuangan,Evaluasi Perencanaan Risk Area 442,272.9,395.3,137,3,-2.45,0,Tidak,5,1
PLN-0443,Bandung Branch,Audit Keuangan,Evaluasi Perencanaan Risk Area 443,170.0,181.0,63,10,-0.22,0,Tidak,2,1
PLN-0444,Surabaya Branch,Audit TI,Evaluasi Perencanaan Risk Area 444,287.4,179.7,157,11,2.15,1,Tidak,4,5
PLN-0445,Surabaya Branch,Special Investigation,Evaluasi Perencanaan Risk Area 445,173.9,334.5,38,3,-3.21,0,Tidak,2,1
PLN-0446,Finance Dept,Special Investigation,Evaluasi Perencanaan Risk Area 446,166.0,381.5,33,7,-4.31,0,Tidak,2,1
PLN-0447,Operations Dept,Audit Operasional,Evaluasi Perencanaan Risk Area 447,598.5,395.1,91,2,4.07,1,Ya (Anomali),5,5
PLN-0448,Finance Dept,Special Investigation,Evaluasi Perencanaan Risk Area 448,290.7,313.7,72,4,-0.46,0,Tidak,5,1
PLN-0449,Jakarta Branch,Special Investigation,Evaluasi Perencanaan Risk Area 449,139.2,181.7,114,3,-0.85,0,Tidak,2,1
PLN-0450,Medan Branch,Audit Keuangan,Evaluasi Perencanaan Risk Area 450,108.0,79.2,66,4,0.58,0,Tidak,2,1
PLN-0451,Bandung Branch,Special Investigation,Evaluasi Perencanaan Risk Area 451,253.7,322.0,145,6,-1.37,0,Tidak,3,1
PLN-0452,Finance Dept,Special Investigation,Evaluasi Perencanaan Risk Area 452,402.2,245.4,71,11,3.14,1,Ya (Anomali),5,5
PLN-0453,Surabaya Branch,Audit Keuangan,Evaluasi Perencanaan Risk Area 453,245.6,198.5,166,7,0.94,0,Tidak,4,1
PLN-0454,Jakarta Branch,Special Investigation,Evaluasi Perencanaan Risk Area 454,304.5,367.2,26,10,-1.25,0,Tidak,4,1
PLN-0455,Bandung Branch,Audit Keuangan,Evaluasi Perencanaan Risk Area 455,156.0,88.9,75,11,1.34,0,Tidak,2,2
PLN-0456,IT Dept,Audit Operasional,Evaluasi Perencanaan Risk Area 456,175.3,222.4,15,5,-0.94,0,Tidak,3,1
PLN-0457,Surabaya Branch,Audit Kepatuhan,Evaluasi Perencanaan Risk Area 457,68.0,54.0,67,8,0.28,0,Tidak,2,2
PLN-0458,Surabaya Branch,Audit Keuangan,Evaluasi Perencanaan Risk Area 458,236.4,214.0,78,7,0.45,0,Tidak,3,2
PLN-0459,IT Dept,Audit Keuangan,Evaluasi Perencanaan Risk Area 459,101.5,69.7,165,3,0.64,0,Tidak,2,2
PLN-0460,Medan Branch,Special Investigation,Evaluasi Perencanaan Risk Area 460,141.7,91.6,71,11,1.0,0,Tidak,2,1
PLN-0461,Medan Branch,Audit Keuangan,Evaluasi Perencanaan Risk Area 461,92.1,91.1,178,9,0.02,0,Tidak,3,1
PLN-0462,Finance Dept,Audit TI,Evaluasi Perencanaan Risk Area 462,204.1,277.2,91,8,-1.46,0,Tidak,3,1
PLN-0463,Finance Dept,Audit TI,Evaluasi Perencanaan Risk Area 463,361.2,311.1,178,8,1.0,0,Tidak,5,1
PLN-0464,Surabaya Branch,Audit Operasional,Evaluasi Perencanaan Risk Area 464,193.9,254.2,80,9,-1.21,0,Tidak,3,1
PLN-0465,Operations Dept,Audit Keuangan,Evaluasi Perencanaan Risk Area 465,659.4,386.8,140,2,5.45,1,Ya (Anomali),5,5
PLN-0466,Surabaya Branch,Special Investigation,Evaluasi Perencanaan Risk Area 466,189.9,181.2,19,2,0.17,0,Tidak,3,1
PLN-0467,Finance Dept,Special Investigation,Evaluasi Perencanaan Risk Area 467,130.8,150.0,107,9,-0.38,0,Tidak,3,1
PLN-0468,IT Dept,Audit Kepatuhan,Evaluasi Perencanaan Risk Area 468,376.9,354.0,98,5,0.46,0,Tidak,5,2
PLN-0469,Finance Dept,Audit Operasional,Evaluasi Perencanaan Risk Area 469,67.8,128.3,44,6,-1.21,0,Tidak,2,1
PLN-0470,Surabaya Branch,Special Investigation,Evaluasi Perencanaan Risk Area 470,255.5,387.1,11,9,-2.63,0,Tidak,3,1
PLN-0471,Bandung Branch,Audit Kepatuhan,Evaluasi Perencanaan Risk Area 471,77.1,54.3,133,6,0.46,0,Tidak,2,1
PLN-0472,Surabaya Branch,Special Investigation,Evaluasi Perencanaan Risk Area 472,299.9,389.5,33,11,-1.79,0,Tidak,5,1
PLN-0473,Bandung Branch,Audit Kepatuhan,Evaluasi Perencanaan Risk Area 473,41.2,65.1,83,5,-0.48,0,Tidak,1,1
PLN-0474,Bandung Branch,Audit TI,Evaluasi Perencanaan Risk Area 474,429.9,361.9,175,7,1.36,0,Tidak,5,2
PLN-0475,Surabaya Branch,Audit TI,Evaluasi Perencanaan Risk Area 475,332.1,234.7,31,6,1.95,0,Tidak,4,2
PLN-0476,Operations Dept,Special Investigation,Evaluasi Perencanaan Risk Area 476,497.5,397.5,163,8,2.0,0,Tidak,5,2
PLN-0477,Operations Dept,Audit Operasional,Evaluasi Perencanaan Risk Area 477,102.2,75.8,48,11,0.53,0,Tidak,2,1
PLN-0478,Jakarta Branch,Audit Keuangan,Evaluasi Perencanaan Risk Area 478,179.2,243.8,166,8,-1.29,0,Tidak,3,1
PLN-0479,Finance Dept,Audit Operasional,Evaluasi Perencanaan Risk Area 479,195.6,389.3,29,5,-3.87,0,Tidak,3,1
PLN-0480,Operations Dept,Audit Operasional,Evaluasi Perencanaan Risk Area 480,355.6,233.1,50,6,2.45,1,Ya (Anomali),5,4
PLN-0481,Medan Branch,Audit Keuangan,Evaluasi Perencanaan Risk Area 481,239.8,270.3,157,4,-0.61,0,Tidak,3,1
PLN-0482,Surabaya Branch,Audit TI,Evaluasi Perencanaan Risk Area 482,267.7,293.5,117,5,-0.52,0,Tidak,4,1
PLN-0483,Bandung Branch,Audit TI,Evaluasi Perencanaan Risk Area 483,306.3,209.1,156,5,1.94,0,Tidak,4,2
PLN-0484,Surabaya Branch,Audit Keuangan,Evaluasi Perencanaan Risk Area 484,322.1,269.6,93,4,1.05,0,Tidak,5,2
PLN-0485,Finance Dept,Audit Kepatuhan,Evaluasi Perencanaan Risk Area 485,295.1,254.5,120,11,0.81,0,Tidak,4,2
PLN-0486,IT Dept,Audit Operasional,Evaluasi Perencanaan Risk Area 486,642.3,365.4,75,6,5.54,0,Ya (Anomali),5,5
PLN-0487,Operations Dept,Special Investigation,Evaluasi Perencanaan Risk Area 487,51.1,65.9,167,6,-0.3,0,Tidak,1,1
PLN-0488,Operations Dept,Audit TI,Evaluasi Perencanaan Risk Area 488,196.5,148.3,62,8,0.96,0,Tidak,3,1
PLN-0489,Operations Dept,Special Investigation,Evaluasi Perencanaan Risk Area 489,390.2,382.6,43,5,0.15,0,Tidak,5,1
PLN-0490,Bandung Branch,Audit Keuangan,Evaluasi Perencanaan Risk Area 490,395.6,361.6,159,5,0.68,0,Tidak,5,2
PLN-0491,Medan Branch,Special Investigation,Evaluasi Perencanaan Risk Area 491,321.6,209.5,76,10,2.24,1,Ya (Anomali),5,5
PLN-0492,Medan Branch,Special Investigation,Evaluasi Perencanaan Risk Area 492,314.5,267.0,143,7,0.95,0,Tidak,4,1
PLN-0493,Operations Dept,Audit Operasional,Evaluasi Perencanaan Risk Area 493,174.8,147.1,36,5,0.55,0,Tidak,2,1
PLN-0494,Medan Branch,Audit Keuangan,Evaluasi Perencanaan Risk Area 494,159.3,115.8,19,3,0.87,0,Tidak,2,1
PLN-0495,IT Dept,Special Investigation,Evaluasi Perencanaan Risk Area 495,185.2,212.3,82,7,-0.54,0,Tidak,3,1
PLN-0496,Operations Dept,Audit TI,Evaluasi Perencanaan Risk Area 496,122.7,173.7,105,3,-1.02,0,Tidak,3,1
PLN-0497,Jakarta Branch,Audit Keuangan,Evaluasi Perencanaan Risk Area 497,161.3,254.3,57,6,-1.86,0,Tidak,2,1
PLN-0498,Bandung Branch,Audit TI,Evaluasi Perencanaan Risk Area 498,24.1,77.2,79,7,-1.06,0,Tidak,2,1
PLN-0499,IT Dept,Audit Kepatuhan,Evaluasi Perencanaan Risk Area 499,672.4,391.0,109,5,5.63,0,Ya (Anomali),5,5
PLN-0500,Bandung Branch,Special Investigation,Evaluasi Perencanaan Risk Area 500,242.6,395.2,68,4,-3.05,0,Tidak,3,1
PLN-0501,Operations Dept,Audit Keuangan,Evaluasi Perencanaan Risk Area 501,271.6,294.4,11,8,-0.46,0,Tidak,5,1
PLN-0502,IT Dept,Audit TI,Evaluasi Perencanaan Risk Area 502,214.6,237.6,166,3,-0.46,0,Tidak,3,1
PLN-0503,Operations Dept,Special Investigation,Evaluasi Perencanaan Risk Area 503,175.3,158.3,74,7,0.34,0,Tidak,2,1
PLN-0504,IT Dept,Audit Operasional,Evaluasi Perencanaan Risk Area 504,430.4,334.8,92,5,1.91,0,Tidak,5,2
PLN-0505,Operations Dept,Audit TI,Evaluasi Perencanaan Risk Area 505,376.9,289.7,163,7,1.74,0,Tidak,5,2
PLN-0506,Jakarta Branch,Audit TI,Evaluasi Perencanaan Risk Area 506,85.1,106.9,19,5,-0.44,0,Tidak,1,1
PLN-0507,Bandung Branch,Audit Kepatuhan,Evaluasi Perencanaan Risk Area 507,347.2,368.8,62,5,-0.43,0,Tidak,4,1
PLN-0508,IT Dept,Audit Operasional,Evaluasi Perencanaan Risk Area 508,371.3,337.9,88,5,0.67,0,Tidak,5,2
PLN-0509,Jakarta Branch,Audit Kepatuhan,Evaluasi Perencanaan Risk Area 509,349.1,382.4,68,10,-0.67,0,Tidak,4,1
PLN-0510,Surabaya Branch,Audit Operasional,Evaluasi Perencanaan Risk Area 510,475.0,304.0,159,8,3.42,1,Ya (Anomali),5,5
PLN-0511,Operations Dept,Audit TI,Evaluasi Perencanaan Risk Area 511,310.2,264.7,57,4,0.91,0,Tidak,4,1
PLN-0512,Finance Dept,Audit Kepatuhan,Evaluasi Perencanaan Risk Area 512,246.9,196.4,158,4,1.01,0,Tidak,3,2
PLN-0513,IT Dept,Special Investigation,Evaluasi Perencanaan Risk Area 513,463.9,376.5,132,7,1.75,0,Tidak,5,2
PLN-0514,Medan Branch,Audit Operasional,Evaluasi Perencanaan Risk Area 514,498.1,353.1,31,7,2.9,0,Tidak,5,4
PLN-0515,Jakarta Branch,Audit TI,Evaluasi Perencanaan Risk Area 515,70.0,65.8,109,5,0.08,0,Tidak,1,2
PLN-0516,Jakarta Branch,Audit Keuangan,Evaluasi Perencanaan Risk Area 516,32.3,59.2,107,10,-0.54,0,Tidak,1,1
PLN-0517,IT Dept,Audit Operasional,Evaluasi Perencanaan Risk Area 517,207.2,181.8,167,5,0.51,0,Tidak,3,1
PLN-0518,Jakarta Branch,Audit Operasional,Evaluasi Perencanaan Risk Area 518,257.6,333.7,34,10,-1.52,0,Tidak,3,1
PLN-0519,Surabaya Branch,Special Investigation,Evaluasi Perencanaan Risk Area 519,322.3,395.5,37,5,-1.46,0,Tidak,4,1
PLN-0520,Jakarta Branch,Audit Operasional,Evaluasi Perencanaan Risk Area 520,123.7,102.6,122,3,0.42,0,Tidak,2,2
PLN-0521,Finance Dept,Audit Operasional,Evaluasi Perencanaan Risk Area 521,369.7,257.9,54,3,2.24,1,Ya (Anomali),5,4
PLN-0522,Finance Dept,Special Investigation,Evaluasi Perencanaan Risk Area 522,184.7,183.3,77,6,0.03,0,Tidak,3,1
PLN-0523,Operations Dept,Special Investigation,Evaluasi Perencanaan Risk Area 523,431.6,389.5,16,5,0.84,0,Tidak,5,1
PLN-0524,Operations Dept,Audit Kepatuhan,Evaluasi Perencanaan Risk Area 524,550.1,344.7,58,8,4.11,0,Tidak,5,5
PLN-0525,Medan Branch,Audit TI,Evaluasi Perencanaan Risk Area 525,372.3,343.4,146,6,0.58,0,Tidak,5,2
PLN-0526,Surabaya Branch,Audit TI,Evaluasi Perencanaan Risk Area 526,408.9,214.0,173,7,3.9,1,Ya (Anomali),5,5
PLN-0527,Finance Dept,Audit Kepatuhan,Evaluasi Perencanaan Risk Area 527,233.8,195.2,92,11,0.77,0,Tidak,4,1
PLN-0528,IT Dept,Audit TI,Evaluasi Perencanaan Risk Area 528,55.9,145.7,138,5,-1.8,0,Tidak,1,1
PLN-0529,Bandung Branch,Audit Operasional,Evaluasi Perencanaan Risk Area 529,88.1,69.7,147,3,0.37,0,Tidak,2,2
PLN-0530,Bandung Branch,Audit Kepatuhan,Evaluasi Perencanaan Risk Area 530,399.8,352.7,173,11,0.94,0,Tidak,5,1
PLN-0531,Bandung Branch,Audit Kepatuhan,Evaluasi Perencanaan Risk Area 531,485.5,334.5,82,10,3.02,1,Ya (Anomali),5,5
PLN-0532,Operations Dept,Audit TI,Evaluasi Perencanaan Risk Area 532,494.1,399.9,55,11,1.88,0,Tidak,5,2
PLN-0533,IT Dept,Audit Keuangan,Evaluasi Perencanaan Risk Area 533,379.5,398.8,115,8,-0.39,0,Tidak,5,1
PLN-0534,Jakarta Branch,Audit TI,Evaluasi Perencanaan Risk Area 534,139.7,244.4,169,5,-2.09,0,Tidak,2,1
PLN-0535,IT Dept,Audit Keuangan,Evaluasi Perencanaan Risk Area 535,295.8,319.1,41,4,-0.47,0,Tidak,4,1
PLN-0536,Jakarta Branch,Audit Kepatuhan,Evaluasi Perencanaan Risk Area 536,267.4,380.7,15,11,-2.27,0,Tidak,4,1
PLN-0537,Bandung Branch,Audit Keuangan,Evaluasi Perencanaan Risk Area 537,276.8,347.4,175,4,-1.41,0,Tidak,4,1
PLN-0538,Medan Branch,Audit Operasional,Evaluasi Perencanaan Risk Area 538,164.7,136.6,154,10,0.56,0,Tidak,2,1
PLN-0539,Medan Branch,Special Investigation,Evaluasi Perencanaan Risk Area 539,329.1,207.7,83,6,2.43,1,Ya (Anomali),4,4
PLN-0540,Jakarta Branch,Audit Keuangan,Evaluasi Perencanaan Risk Area 540,108.4,95.2,123,4,0.26,0,Tidak,2,1
PLN-0541,Bandung Branch,Special Investigation,Evaluasi Perencanaan Risk Area 541,223.2,383.9,36,6,-3.21,0,Tidak,4,1
PLN-0542,IT Dept,Audit Operasional,Evaluasi Perencanaan Risk Area 542,303.0,262.2,63,3,0.82,0,Tidak,5,2
PLN-0543,Medan Branch,Special Investigation,Evaluasi Perencanaan Risk Area 543,184.4,130.0,172,5,1.09,0,Tidak,3,2
PLN-0544,Jakarta Branch,Audit Operasional,Evaluasi Perencanaan Risk Area 544,224.3,285.1,94,11,-1.22,0,Tidak,3,1
PLN-0545,IT Dept,Special Investigation,Evaluasi Perencanaan Risk Area 545,253.8,266.3,136,3,-0.25,0,Tidak,3,1
PLN-0546,Bandung Branch,Special Investigation,Evaluasi Perencanaan Risk Area 546,176.3,175.4,162,3,0.02,0,Tidak,3,1
PLN-0547,Surabaya Branch,Audit TI,Evaluasi Perencanaan Risk Area 547,65.1,89.7,165,9,-0.49,0,Tidak,1,1
PLN-0548,Bandung Branch,Audit Keuangan,Evaluasi Perencanaan Risk Area 548,349.8,285.1,120,2,1.29,0,Tidak,4,2
PLN-0549,Operations Dept,Special Investigation,Evaluasi Perencanaan Risk Area 549,222.3,232.1,24,8,-0.2,0,Tidak,4,1
PLN-0550,Bandung Branch,Audit Kepatuhan,Evaluasi Perencanaan Risk Area 550,367.3,320.3,141,6,0.94,0,Tidak,5,1
PLN-0551,IT Dept,Audit TI,Evaluasi Perencanaan Risk Area 551,160.0,232.1,102,9,-1.44,0,Tidak,3,1
PLN-0552,IT Dept,Audit Keuangan,Evaluasi Perencanaan Risk Area 552,295.0,348.3,132,2,-1.07,0,Tidak,4,1
PLN-0553,Finance Dept,Audit TI,Evaluasi Perencanaan Risk Area 553,304.7,243.2,82,8,1.23,0,Tidak,5,3
PLN-0554,Finance Dept,Audit Keuangan,Evaluasi Perencanaan Risk Area 554,214.2,246.3,164,6,-0.64,0,Tidak,3,1
PLN-0555,IT Dept,Audit Operasional,Evaluasi Perencanaan Risk Area 555,572.5,356.8,163,5,4.31,1,Ya (Anomali),5,5
PLN-0556,IT Dept,Special Investigation,Evaluasi Perencanaan Risk Area 556,164.5,191.2,156,8,-0.53,0,Tidak,2,1
PLN-0557,Surabaya Branch,Audit Kepatuhan,Evaluasi Perencanaan Risk Area 557,104.5,96.9,101,11,0.15,0,Tidak,3,2
PLN-0558,Surabaya Branch,Audit TI,Evaluasi Perencanaan Risk Area 558,79.7,60.1,26,3,0.39,0,Tidak,1,2
PLN-0559,Bandung Branch,Audit TI,Evaluasi Perencanaan Risk Area 559,158.3,314.3,52,2,-3.12,0,Tidak,2,1
PLN-0560,Operations Dept,Audit TI,Evaluasi Perencanaan Risk Area 560,102.5,267.1,130,2,-3.29,0,Tidak,2,1
PLN-0561,Medan Branch,Audit TI,Evaluasi Perencanaan Risk Area 561,138.1,296.4,50,2,-3.17,0,Tidak,2,1
PLN-0562,Operations Dept,Special Investigation,Evaluasi Perencanaan Risk Area 562,179.5,124.5,179,6,1.1,0,Tidak,2,3
PLN-0563,Surabaya Branch,Audit Keuangan,Evaluasi Perencanaan Risk Area 563,78.8,97.7,177,11,-0.38,0,Tidak,2,1
PLN-0564,Bandung Branch,Special Investigation,Evaluasi Perencanaan Risk Area 564,104.4,55.1,48,8,0.99,0,Tidak,2,1
PLN-0565,Operations Dept,Audit Operasional,Evaluasi Perencanaan Risk Area 565,138.6,172.7,122,3,-0.68,0,Tidak,2,1
PLN-0566,Jakarta Branch,Special Investigation,Evaluasi Perencanaan Risk Area 566,273.1,256.5,160,11,0.33,0,Tidak,4,2
PLN-0567,Finance Dept,Special Investigation,Evaluasi Perencanaan Risk Area 567,288.4,187.3,120,9,2.02,1,Tidak,4,5
PLN-0568,Operations Dept,Audit Operasional,Evaluasi Perencanaan Risk Area 568,345.7,203.1,56,5,2.85,1,Ya (Anomali),4,5
PLN-0569,Medan Branch,Special Investigation,Evaluasi Perencanaan Risk Area 569,630.9,366.5,72,4,5.29,0,Ya (Anomali),5,5
PLN-0570,Bandung Branch,Audit Keuangan,Evaluasi Perencanaan Risk Area 570,244.6,171.9,119,11,1.45,0,Tidak,3,3
PLN-0571,Operations Dept,Audit Kepatuhan,Evaluasi Perencanaan Risk Area 571,312.3,229.9,78,9,1.65,0,Tidak,4,2
PLN-0572,IT Dept,Audit Operasional,Evaluasi Perencanaan Risk Area 572,391.6,324.3,52,3,1.35,0,Tidak,5,3
PLN-0573,Jakarta Branch,Audit TI,Evaluasi Perencanaan Risk Area 573,240.2,188.8,43,4,1.03,0,Tidak,3,2
PLN-0574,Finance Dept,Audit Keuangan,Evaluasi Perencanaan Risk Area 574,216.1,267.7,49,4,-1.03,0,Tidak,3,1
PLN-0575,Jakarta Branch,Audit Kepatuhan,Evaluasi Perencanaan Risk Area 575,251.1,351.8,70,11,-2.01,0,Tidak,4,1
PLN-0576,Bandung Branch,Audit Keuangan,Evaluasi Perencanaan Risk Area 576,381.8,382.3,71,2,-0.01,0,Tidak,5,1
PLN-0577,Surabaya Branch,Audit Keuangan,Evaluasi Perencanaan Risk Area 577,95.5,101.5,67,7,-0.12,0,Tidak,2,1
PLN-0578,Finance Dept,Audit TI,Evaluasi Perencanaan Risk Area 578,314.9,374.3,170,3,-1.19,0,Tidak,4,1
PLN-0579,Jakarta Branch,Audit Kepatuhan,Evaluasi Perencanaan Risk Area 579,276.4,222.2,84,2,1.08,0,Tidak,5,3
PLN-0580,Surabaya Branch,Audit Keuangan,Evaluasi Perencanaan Risk Area 580,187.3,140.4,25,3,0.94,0,Tidak,3,2
PLN-0581,Medan Branch,Audit TI,Evaluasi Perencanaan Risk Area 581,217.2,210.7,91,7,0.13,0,Tidak,3,1
PLN-0582,Bandung Branch,Audit Operasional,Evaluasi Perencanaan Risk Area 582,596.2,393.0,103,5,4.06,1,Ya (Anomali),5,5
PLN-0583,Bandung Branch,Audit TI,Evaluasi Perencanaan Risk Area 583,133.5,222.4,57,7,-1.78,0,Tidak,2,1
PLN-0584,Finance Dept,Special Investigation,Evaluasi Perencanaan Risk Area 584,153.9,165.1,147,10,-0.22,0,Tidak,2,1
PLN-0585,Jakarta Branch,Audit TI,Evaluasi Perencanaan Risk Area 585,203.5,271.7,91,11,-1.36,0,Tidak,4,1
PLN-0586,Medan Branch,Audit TI,Evaluasi Perencanaan Risk Area 586,46.5,134.1,47,11,-1.75,0,Tidak,1,1
PLN-0587,IT Dept,Audit TI,Evaluasi Perencanaan Risk Area 587,74.4,76.6,136,9,-0.04,0,Tidak,1,1
PLN-0588,Finance Dept,Audit Keuangan,Evaluasi Perencanaan Risk Area 588,91.0,95.1,28,2,-0.08,0,Tidak,2,1
PLN-0589,IT Dept,Audit Kepatuhan,Evaluasi Perencanaan Risk Area 589,145.0,94.8,173,9,1.0,0,Tidak,2,2
PLN-0590,Finance Dept,Audit TI,Evaluasi Perencanaan Risk Area 590,126.0,103.2,72,10,0.46,0,Tidak,3,1
PLN-0591,Jakarta Branch,Audit TI,Evaluasi Perencanaan Risk Area 591,63.3,98.6,86,7,-0.71,0,Tidak,1,1
PLN-0592,Medan Branch,Special Investigation,Evaluasi Perencanaan Risk Area 592,452.3,274.3,140,11,3.56,1,Ya (Anomali),5,5
PLN-0593,Jakarta Branch,Special Investigation,Evaluasi Perencanaan Risk Area 593,162.3,113.7,111,6,0.97,0,Tidak,2,1
PLN-0594,Bandung Branch,Audit Operasional,Evaluasi Perencanaan Risk Area 594,205.8,171.0,74,7,0.7,0,Tidak,3,1
PLN-0595,IT Dept,Audit Operasional,Evaluasi Perencanaan Risk Area 595,335.1,363.9,129,7,-0.58,0,Tidak,5,1
PLN-0596,Surabaya Branch,Special Investigation,Evaluasi Perencanaan Risk Area 596,143.4,215.9,100,10,-1.45,0,Tidak,2,1
PLN-0597,Operations Dept,Audit Kepatuhan,Evaluasi Perencanaan Risk Area 597,246.7,283.6,17,5,-0.74,0,Tidak,3,1
PLN-0598,Bandung Branch,Audit Operasional,Evaluasi Perencanaan Risk Area 598,152.3,110.3,82,3,0.84,0,Tidak,3,2
PLN-0599,Bandung Branch,Audit Kepatuhan,Evaluasi Perencanaan Risk Area 599,194.7,117.3,143,10,1.55,0,Tidak,3,2
PLN-0600,IT Dept,Special Investigation,Evaluasi Perencanaan Risk Area 600,99.0,64.3,116,3,0.69,0,Tidak,3,1
PLN-0601,Finance Dept,Audit Operasional,Evaluasi Perencanaan Risk Area 601,90.4,109.1,98,11,-0.37,0,Tidak,3,1
PLN-0602,Bandung Branch,Audit TI,Evaluasi Perencanaan Risk Area 602,89.7,147.5,48,10,-1.16,0,Tidak,1,1
PLN-0603,Operations Dept,Special Investigation,Evaluasi Perencanaan Risk Area 603,117.5,112.0,122,3,0.11,0,Tidak,2,1
PLN-0604,Medan Branch,Audit Operasional,Evaluasi Perencanaan Risk Area 604,30.9,81.0,37,9,-1.0,0,Tidak,1,1
PLN-0605,Bandung Branch,Audit Kepatuhan,Evaluasi Perencanaan Risk Area 605,102.6,92.2,106,10,0.21,0,Tidak,2,1
PLN-0606,Medan Branch,Audit Kepatuhan,Evaluasi Perencanaan Risk Area 606,200.4,211.3,46,11,-0.22,0,Tidak,4,1
PLN-0607,Jakarta Branch,Audit Operasional,Evaluasi Perencanaan Risk Area 607,102.3,122.2,146,10,-0.4,0,Tidak,3,1
PLN-0608,Finance Dept,Audit Kepatuhan,Evaluasi Perencanaan Risk Area 608,78.4,177.5,91,11,-1.98,0,Tidak,1,1
PLN-0609,Medan Branch,Audit Operasional,Evaluasi Perencanaan Risk Area 609,266.9,226.2,65,10,0.81,0,Tidak,3,1
PLN-0610,Bandung Branch,Audit Operasional,Evaluasi Perencanaan Risk Area 610,237.2,291.6,94,3,-1.09,0,Tidak,3,1
PLN-0611,Finance Dept,Audit Kepatuhan,Evaluasi Perencanaan Risk Area 611,37.7,63.8,11,5,-0.52,0,Tidak,1,1
PLN-0612,Operations Dept,Audit Keuangan,Evaluasi Perencanaan Risk Area 612,98.9,329.8,67,8,-4.62,0,Tidak,3,1
PLN-0613,Finance Dept,Audit TI,Evaluasi Perencanaan Risk Area 613,267.2,269.8,116,3,-0.05,0,Tidak,3,1
PLN-0614,Medan Branch,Special Investigation,Evaluasi Perencanaan Risk Area 614,127.4,78.6,132,2,0.98,0,Tidak,3,1
PLN-0615,Medan Branch,Audit TI,Evaluasi Perencanaan Risk Area 615,562.7,355.8,177,4,4.14,1,Ya (Anomali),5,5
PLN-0616,Surabaya Branch,Special Investigation,Evaluasi Perencanaan Risk Area 616,312.7,372.3,173,5,-1.19,0,Tidak,5,1
PLN-0617,Surabaya Branch,Special Investigation,Evaluasi Perencanaan Risk Area 617,56.4,71.4,123,9,-0.3,0,Tidak,1,1
PLN-0618,Finance Dept,Audit TI,Evaluasi Perencanaan Risk Area 618,171.0,146.9,116,7,0.48,0,Tidak,2,1
PLN-0619,IT Dept,Audit Operasional,Evaluasi Perencanaan Risk Area 619,216.1,332.2,46,3,-2.32,0,Tidak,3,1
PLN-0620,IT Dept,Audit Kepatuhan,Evaluasi Perencanaan Risk Area 620,344.8,311.9,88,10,0.66,0,Tidak,5,1
PLN-0621,Surabaya Branch,Audit Keuangan,Evaluasi Perencanaan Risk Area 621,145.3,114.6,101,3,0.61,0,Tidak,2,1
PLN-0622,Bandung Branch,Audit Keuangan,Evaluasi Perencanaan Risk Area 622,176.2,123.3,27,6,1.06,0,Tidak,2,2
PLN-0623,Jakarta Branch,Audit Keuangan,Evaluasi Perencanaan Risk Area 623,173.4,179.7,107,5,-0.13,0,Tidak,2,1
PLN-0624,Finance Dept,Audit TI,Evaluasi Perencanaan Risk Area 624,203.9,219.6,72,8,-0.31,0,Tidak,3,1
PLN-0625,Jakarta Branch,Audit TI,Evaluasi Perencanaan Risk Area 625,184.5,266.4,159,9,-1.64,0,Tidak,3,1
PLN-0626,Surabaya Branch,Audit Operasional,Evaluasi Perencanaan Risk Area 626,127.3,179.1,148,6,-1.04,0,Tidak,3,1
PLN-0627,Medan Branch,Audit Keuangan,Evaluasi Perencanaan Risk Area 627,195.1,211.9,13,11,-0.34,0,Tidak,3,1
PLN-0628,Operations Dept,Audit Operasional,Evaluasi Perencanaan Risk Area 628,351.7,311.6,144,6,0.8,0,Tidak,4,2
PLN-0629,Finance Dept,Audit Keuangan,Evaluasi Perencanaan Risk Area 629,82.9,62.8,70,3,0.4,0,Tidak,1,2
PLN-0630,Surabaya Branch,Audit TI,Evaluasi Perencanaan Risk Area 630,99.5,138.4,116,9,-0.78,0,Tidak,2,1
PLN-0631,Bandung Branch,Audit Kepatuhan,Evaluasi Perencanaan Risk Area 631,456.3,299.7,63,3,3.13,1,Ya (Anomali),5,5
PLN-0632,Operations Dept,Audit Kepatuhan,Evaluasi Perencanaan Risk Area 632,328.8,363.3,97,11,-0.69,0,Tidak,4,1
PLN-0633,Finance Dept,Audit Kepatuhan,Evaluasi Perencanaan Risk Area 633,227.4,229.1,77,7,-0.03,0,Tidak,3,1
PLN-0634,Finance Dept,Audit Kepatuhan,Evaluasi Perencanaan Risk Area 634,174.4,236.2,138,9,-1.24,0,Tidak,2,1
PLN-0635,IT Dept,Special Investigation,Evaluasi Perencanaan Risk Area 635,26.2,87.5,64,7,-1.23,0,Tidak,2,1
PLN-0636,Medan Branch,Audit Keuangan,Evaluasi Perencanaan Risk Area 636,270.5,206.6,12,5,1.28,0,Tidak,4,2
PLN-0637,Finance Dept,Audit Kepatuhan,Evaluasi Perencanaan Risk Area 637,297.4,236.4,175,5,1.22,0,Tidak,5,2
PLN-0638,Medan Branch,Special Investigation,Evaluasi Perencanaan Risk Area 638,121.6,134.9,130,7,-0.27,0,Tidak,2,1
PLN-0639,Surabaya Branch,Special Investigation,Evaluasi Perencanaan Risk Area 639,147.6,144.2,138,5,0.07,0,Tidak,2,1
PLN-0640,Bandung Branch,Special Investigation,Evaluasi Perencanaan Risk Area 640,214.9,182.0,111,9,0.66,0,Tidak,3,2
PLN-0641,Operations Dept,Audit Operasional,Evaluasi Perencanaan Risk Area 641,25.8,57.0,47,10,-0.62,0,Tidak,1,1
PLN-0642,Operations Dept,Audit Operasional,Evaluasi Perencanaan Risk Area 642,132.6,162.7,94,2,-0.6,0,Tidak,3,1
PLN-0643,Bandung Branch,Special Investigation,Evaluasi Perencanaan Risk Area 643,158.5,124.0,166,5,0.69,0,Tidak,3,1
PLN-0644,Finance Dept,Audit Kepatuhan,Evaluasi Perencanaan Risk Area 644,92.3,164.6,142,5,-1.45,0,Tidak,2,1
PLN-0645,Finance Dept,Audit Keuangan,Evaluasi Perencanaan Risk Area 645,101.3,91.9,101,3,0.19,0,Tidak,2,1
PLN-0646,Surabaya Branch,Audit TI,Evaluasi Perencanaan Risk Area 646,190.0,361.7,30,7,-3.43,0,Tidak,3,1
PLN-0647,IT Dept,Audit Operasional,Evaluasi Perencanaan Risk Area 647,299.9,257.8,118,4,0.84,0,Tidak,4,1
PLN-0648,IT Dept,Audit Kepatuhan,Evaluasi Perencanaan Risk Area 648,284.1,287.7,56,8,-0.07,0,Tidak,4,1
PLN-0649,IT Dept,Audit Kepatuhan,Evaluasi Perencanaan Risk Area 649,141.8,326.2,93,6,-3.69,0,Tidak,3,1
PLN-0650,Medan Branch,Audit TI,Evaluasi Perencanaan Risk Area 650,316.0,224.5,92,5,1.83,0,Tidak,5,2
PLN-0651,IT Dept,Audit TI,Evaluasi Perencanaan Risk Area 651,59.7,80.4,44,6,-0.41,0,Tidak,2,1
PLN-0652,Bandung Branch,Audit Kepatuhan,Evaluasi Perencanaan Risk Area 652,170.5,238.0,78,9,-1.35,0,Tidak,3,1
PLN-0653,Operations Dept,Audit TI,Evaluasi Perencanaan Risk Area 653,273.3,255.4,138,4,0.36,0,Tidak,4,2
PLN-0654,Operations Dept,Audit Kepatuhan,Evaluasi Perencanaan Risk Area 654,435.9,310.9,149,8,2.5,0,Tidak,5,4
PLN-0655,Medan Branch,Audit TI,Evaluasi Perencanaan Risk Area 655,129.6,201.1,36,7,-1.43,0,Tidak,2,1
PLN-0656,Surabaya Branch,Audit TI,Evaluasi Perencanaan Risk Area 656,96.7,94.7,65,2,0.04,0,Tidak,2,1
PLN-0657,Bandung Branch,Audit Kepatuhan,Evaluasi Perencanaan Risk Area 657,171.7,149.3,32,8,0.45,0,Tidak,2,2
PLN-0658,Operations Dept,Special Investigation,Evaluasi Perencanaan Risk Area 658,220.1,177.1,162,8,0.86,0,Tidak,4,1
PLN-0659,Bandung Branch,Audit Kepatuhan,Evaluasi Perencanaan Risk Area 659,293.2,276.1,30,2,0.34,0,Tidak,5,1
PLN-0660,Operations Dept,Audit Keuangan,Evaluasi Perencanaan Risk Area 660,217.7,249.8,70,10,-0.64,0,Tidak,4,1
PLN-0661,Jakarta Branch,Audit TI,Evaluasi Perencanaan Risk Area 661,124.0,174.6,72,7,-1.01,0,Tidak,3,1
PLN-0662,Surabaya Branch,Audit Operasional,Evaluasi Perencanaan Risk Area 662,407.2,395.3,131,3,0.24,0,Tidak,5,1
PLN-0663,Surabaya Branch,Audit TI,Evaluasi Perencanaan Risk Area 663,163.7,262.0,61,6,-1.97,0,Tidak,2,1
PLN-0664,Jakarta Branch,Audit Keuangan,Evaluasi Perencanaan Risk Area 664,39.9,133.0,97,5,-1.86,0,Tidak,2,1
PLN-0665,Medan Branch,Audit Operasional,Evaluasi Perencanaan Risk Area 665,98.7,85.6,162,8,0.26,0,Tidak,2,1
PLN-0666,Operations Dept,Audit Operasional,Evaluasi Perencanaan Risk Area 666,136.2,103.5,64,9,0.65,0,Tidak,2,2
PLN-0667,Operations Dept,Audit Kepatuhan,Evaluasi Perencanaan Risk Area 667,40.8,136.1,55,2,-1.91,0,Tidak,2,1
PLN-0668,Operations Dept,Special Investigation,Evaluasi Perencanaan Risk Area 668,68.7,106.2,41,6,-0.75,0,Tidak,2,1
PLN-0669,IT Dept,Audit Kepatuhan,Evaluasi Perencanaan Risk Area 669,140.3,115.3,64,4,0.5,0,Tidak,2,1
PLN-0670,IT Dept,Audit Operasional,Evaluasi Perencanaan Risk Area 670,257.7,149.8,105,2,2.16,0,Tidak,3,3
PLN-0671,IT Dept,Audit Operasional,Evaluasi Perencanaan Risk Area 671,111.5,110.7,142,4,0.02,0,Tidak,2,1
PLN-0672,IT Dept,Special Investigation,Evaluasi Perencanaan Risk Area 672,271.2,363.9,45,7,-1.85,0,Tidak,4,1
PLN-0673,IT Dept,Audit TI,Evaluasi Perencanaan Risk Area 673,73.1,78.1,119,8,-0.1,0,Tidak,2,1
PLN-0674,Jakarta Branch,Special Investigation,Evaluasi Perencanaan Risk Area 674,346.0,233.6,115,9,2.25,1,Ya (Anomali),4,4
PLN-0675,Surabaya Branch,Audit Kepatuhan,Evaluasi Perencanaan Risk Area 675,149.8,193.6,67,5,-0.88,0,Tidak,2,1
PLN-0676,Medan Branch,Audit TI,Evaluasi Perencanaan Risk Area 676,283.6,393.8,48,4,-2.2,0,Tidak,4,1
PLN-0677,Bandung Branch,Audit Kepatuhan,Evaluasi Perencanaan Risk Area 677,74.1,89.2,89,6,-0.3,0,Tidak,1,1
PLN-0678,IT Dept,Special Investigation,Evaluasi Perencanaan Risk Area 678,126.1,189.2,106,10,-1.26,0,Tidak,2,1
PLN-0679,Jakarta Branch,Audit TI,Evaluasi Perencanaan Risk Area 679,406.0,389.3,122,7,0.33,0,Tidak,5,1
PLN-0680,Operations Dept,Special Investigation,Evaluasi Perencanaan Risk Area 680,553.6,352.9,70,10,4.01,1,Ya (Anomali),5,5
PLN-0681,Medan Branch,Audit Keuangan,Evaluasi Perencanaan Risk Area 681,374.0,336.0,146,7,0.76,0,Tidak,5,1
PLN-0682,Medan Branch,Audit Operasional,Evaluasi Perencanaan Risk Area 682,127.9,140.3,15,3,-0.25,0,Tidak,2,1
PLN-0683,Medan Branch,Audit TI,Evaluasi Perencanaan Risk Area 683,98.6,109.8,118,6,-0.22,0,Tidak,2,1
PLN-0684,Jakarta Branch,Audit Operasional,Evaluasi Perencanaan Risk Area 684,128.6,284.0,44,10,-3.11,0,Tidak,3,1
PLN-0685,Bandung Branch,Audit Keuangan,Evaluasi Perencanaan Risk Area 685,491.3,375.3,48,9,2.32,1,Ya (Anomali),5,4
PLN-0686,IT Dept,Audit TI,Evaluasi Perencanaan Risk Area 686,238.2,244.9,159,8,-0.13,0,Tidak,4,1
PLN-0687,Medan Branch,Audit Operasional,Evaluasi Perencanaan Risk Area 687,234.3,250.1,178,2,-0.32,0,Tidak,3,1
PLN-0688,Jakarta Branch,Audit Operasional,Evaluasi Perencanaan Risk Area 688,313.4,148.0,127,5,3.31,1,Ya (Anomali),4,5
PLN-0689,Operations Dept,Audit TI,Evaluasi Perencanaan Risk Area 689,352.7,319.3,14,8,0.67,0,Tidak,4,1
PLN-0690,Surabaya Branch,Audit Operasional,Evaluasi Perencanaan Risk Area 690,85.1,115.5,179,8,-0.61,0,Tidak,1,1
PLN-0691,Operations Dept,Audit Operasional,Evaluasi Perencanaan Risk Area 691,138.9,163.3,96,7,-0.49,0,Tidak,3,1
PLN-0692,Jakarta Branch,Audit TI,Evaluasi Perencanaan Risk Area 692,278.8,198.9,85,9,1.6,0,Tidak,4,2
PLN-0693,Jakarta Branch,Audit Operasional,Evaluasi Perencanaan Risk Area 693,236.7,227.7,167,7,0.18,0,Tidak,3,2
PLN-0694,Jakarta Branch,Audit Operasional,Evaluasi Perencanaan Risk Area 694,66.9,134.8,66,11,-1.36,0,Tidak,1,1
PLN-0695,Medan Branch,Audit Kepatuhan,Evaluasi Perencanaan Risk Area 695,119.2,90.2,136,4,0.58,0,Tidak,2,1
PLN-0696,Jakarta Branch,Audit Kepatuhan,Evaluasi Perencanaan Risk Area 696,202.0,263.7,38,5,-1.23,0,Tidak,4,1
PLN-0697,Surabaya Branch,Audit Keuangan,Evaluasi Perencanaan Risk Area 697,250.0,151.0,174,4,1.98,0,Tidak,3,3
PLN-0698,Medan Branch,Audit Kepatuhan,Evaluasi Perencanaan Risk Area 698,349.2,253.4,96,2,1.92,0,Tidak,4,2
PLN-0699,Operations Dept,Audit Kepatuhan,Evaluasi Perencanaan Risk Area 699,87.7,104.0,150,11,-0.33,0,Tidak,2,1
PLN-0700,Surabaya Branch,Audit Keuangan,Evaluasi Perencanaan Risk Area 700,316.3,218.4,169,6,1.96,0,Tidak,4,3
PLN-0701,Finance Dept,Audit Operasional,Evaluasi Perencanaan Risk Area 701,242.0,236.4,55,2,0.11,0,Tidak,3,1
PLN-0702,Operations Dept,Audit Operasional,Evaluasi Perencanaan Risk Area 702,88.4,68.1,125,2,0.41,0,Tidak,1,1
PLN-0703,Jakarta Branch,Audit Kepatuhan,Evaluasi Perencanaan Risk Area 703,196.3,167.8,121,3,0.57,0,Tidak,4,1
PLN-0704,IT Dept,Audit Keuangan,Evaluasi Perencanaan Risk Area 704,68.3,97.0,160,5,-0.57,0,Tidak,2,1
PLN-0705,IT Dept,Audit Operasional,Evaluasi Perencanaan Risk Area 705,55.9,72.2,54,7,-0.33,0,Tidak,1,1
PLN-0706,Medan Branch,Special Investigation,Evaluasi Perencanaan Risk Area 706,539.4,396.5,154,9,2.86,1,Ya (Anomali),5,5
PLN-0707,IT Dept,Audit TI,Evaluasi Perencanaan Risk Area 707,143.7,162.8,113,4,-0.38,0,Tidak,3,1
PLN-0708,Operations Dept,Audit TI,Evaluasi Perencanaan Risk Area 708,286.4,333.5,94,2,-0.94,0,Tidak,4,1
PLN-0709,Medan Branch,Audit TI,Evaluasi Perencanaan Risk Area 709,92.6,139.1,143,4,-0.93,0,Tidak,2,1
PLN-0710,Operations Dept,Audit Kepatuhan,Evaluasi Perencanaan Risk Area 710,331.3,288.5,117,4,0.86,0,Tidak,4,1
PLN-0711,Jakarta Branch,Audit TI,Evaluasi Perencanaan Risk Area 711,544.3,316.1,27,6,4.56,1,Ya (Anomali),5,5
PLN-0712,Bandung Branch,Audit TI,Evaluasi Perencanaan Risk Area 712,161.9,258.5,103,5,-1.93,0,Tidak,2,1
PLN-0713,Bandung Branch,Special Investigation,Evaluasi Perencanaan Risk Area 713,216.9,215.1,159,5,0.04,0,Tidak,3,1
PLN-0714,Surabaya Branch,Audit Operasional,Evaluasi Perencanaan Risk Area 714,290.0,194.1,42,10,1.92,0,Tidak,4,2
PLN-0715,Jakarta Branch,Special Investigation,Evaluasi Perencanaan Risk Area 715,167.3,172.1,167,8,-0.1,0,Tidak,2,1
PLN-0716,IT Dept,Audit Kepatuhan,Evaluasi Perencanaan Risk Area 716,434.7,375.3,135,5,1.19,0,Tidak,5,3
PLN-0717,Jakarta Branch,Audit TI,Evaluasi Perencanaan Risk Area 717,214.0,340.7,169,4,-2.53,0,Tidak,3,1
PLN-0718,Finance Dept,Audit Operasional,Evaluasi Perencanaan Risk Area 718,445.9,387.8,179,7,1.16,0,Tidak,5,2
PLN-0719,Bandung Branch,Audit TI,Evaluasi Perencanaan Risk Area 719,87.4,93.5,131,4,-0.12,0,Tidak,1,1
PLN-0720,IT Dept,Audit TI,Evaluasi Perencanaan Risk Area 720,411.3,305.8,147,7,2.11,1,Tidak,5,4
PLN-0721,Operations Dept,Audit Kepatuhan,Evaluasi Perencanaan Risk Area 721,535.7,378.4,124,10,3.15,1,Ya (Anomali),5,5
PLN-0722,Operations Dept,Audit TI,Evaluasi Perencanaan Risk Area 722,216.2,113.4,173,7,2.06,1,Ya (Anomali),3,4
PLN-0723,Bandung Branch,Audit Keuangan,Evaluasi Perencanaan Risk Area 723,88.2,73.3,171,5,0.3,0,Tidak,2,2
PLN-0724,Jakarta Branch,Audit Operasional,Evaluasi Perencanaan Risk Area 724,344.7,309.4,37,6,0.71,0,Tidak,4,1
PLN-0725,IT Dept,Audit Operasional,Evaluasi Perencanaan Risk Area 725,268.2,251.1,20,7,0.34,0,Tidak,3,1
PLN-0726,Surabaya Branch,Audit Keuangan,Evaluasi Perencanaan Risk Area 726,302.0,344.6,176,4,-0.85,0,Tidak,4,1
PLN-0727,Operations Dept,Audit Kepatuhan,Evaluasi Perencanaan Risk Area 727,110.6,98.9,56,9,0.23,0,Tidak,2,1
PLN-0728,Jakarta Branch,Audit TI,Evaluasi Perencanaan Risk Area 728,294.4,328.3,136,5,-0.68,0,Tidak,4,1
PLN-0729,Surabaya Branch,Audit TI,Evaluasi Perencanaan Risk Area 729,127.7,120.6,156,9,0.14,0,Tidak,3,1
PLN-0730,IT Dept,Audit Operasional,Evaluasi Perencanaan Risk Area 730,156.8,107.3,127,11,0.99,0,Tidak,2,1
PLN-0731,Bandung Branch,Audit Kepatuhan,Evaluasi Perencanaan Risk Area 731,69.6,107.5,152,11,-0.76,0,Tidak,1,1
PLN-0732,Finance Dept,Audit Kepatuhan,Evaluasi Perencanaan Risk Area 732,468.8,335.1,135,4,2.67,0,Ya (Anomali),5,3
PLN-0733,Medan Branch,Audit Kepatuhan,Evaluasi Perencanaan Risk Area 733,413.2,282.8,165,11,2.61,1,Ya (Anomali),5,5
PLN-0734,Bandung Branch,Audit TI,Evaluasi Perencanaan Risk Area 734,223.5,233.1,161,8,-0.19,0,Tidak,3,1
PLN-0735,Surabaya Branch,Audit Kepatuhan,Evaluasi Perencanaan Risk Area 735,52.7,175.6,81,10,-2.46,0,Tidak,1,1
PLN-0736,Jakarta Branch,Audit Keuangan,Evaluasi Perencanaan Risk Area 736,281.1,357.0,116,5,-1.52,0,Tidak,4,1
PLN-0737,Operations Dept,Special Investigation,Evaluasi Perencanaan Risk Area 737,272.5,187.4,146,9,1.7,0,Tidak,5,2
PLN-0738,IT Dept,Audit Kepatuhan,Evaluasi Perencanaan Risk Area 738,333.1,335.8,42,4,-0.05,0,Tidak,5,1
PLN-0739,Bandung Branch,Special Investigation,Evaluasi Perencanaan Risk Area 739,132.5,203.7,28,8,-1.42,0,Tidak,3,1
PLN-0740,Operations Dept,Audit TI,Evaluasi Perencanaan Risk Area 740,149.8,181.9,83,4,-0.64,0,Tidak,3,1
PLN-0741,Operations Dept,Audit Kepatuhan,Evaluasi Perencanaan Risk Area 741,274.2,211.9,177,8,1.25,0,Tidak,4,2
PLN-0742,Finance Dept,Audit Operasional,Evaluasi Perencanaan Risk Area 742,185.3,155.5,166,11,0.6,0,Tidak,4,1
PLN-0743,IT Dept,Audit TI,Evaluasi Perencanaan Risk Area 743,285.6,311.7,107,11,-0.52,0,Tidak,4,1
PLN-0744,Surabaya Branch,Audit Keuangan,Evaluasi Perencanaan Risk Area 744,197.0,226.0,150,7,-0.58,0,Tidak,3,1
PLN-0745,IT Dept,Audit Keuangan,Evaluasi Perencanaan Risk Area 745,113.3,131.3,138,3,-0.36,0,Tidak,2,1
PLN-0746,IT Dept,Special Investigation,Evaluasi Perencanaan Risk Area 746,247.1,364.9,171,4,-2.36,0,Tidak,4,1
PLN-0747,Jakarta Branch,Special Investigation,Evaluasi Perencanaan Risk Area 747,288.7,184.4,102,7,2.09,1,Ya (Anomali),5,4
PLN-0748,Medan Branch,Audit Operasional,Evaluasi Perencanaan Risk Area 748,213.1,240.2,57,5,-0.54,0,Tidak,3,1
PLN-0749,Operations Dept,Audit Operasional,Evaluasi Perencanaan Risk Area 749,523.8,367.3,73,7,3.13,1,Ya (Anomali),5,5
PLN-0750,Surabaya Branch,Audit Keuangan,Evaluasi Perencanaan Risk Area 750,411.5,268.5,70,2,2.86,1,Ya (Anomali),5,5
PLN-0751,Jakarta Branch,Audit Kepatuhan,Evaluasi Perencanaan Risk Area 751,122.7,90.9,166,11,0.64,0,Tidak,2,1
PLN-0752,Operations Dept,Audit Keuangan,Evaluasi Perencanaan Risk Area 752,321.7,378.9,48,2,-1.14,0,Tidak,4,1
PLN-0753,Medan Branch,Audit Keuangan,Evaluasi Perencanaan Risk Area 753,307.8,269.7,137,4,0.76,0,Tidak,5,1
PLN-0754,Jakarta Branch,Audit Operasional,Evaluasi Perencanaan Risk Area 754,165.8,167.2,97,9,-0.03,0,Tidak,2,1
PLN-0755,Medan Branch,Special Investigation,Evaluasi Perencanaan Risk Area 755,67.5,98.7,35,9,-0.62,0,Tidak,1,1
PLN-0756,Medan Branch,Audit Operasional,Evaluasi Perencanaan Risk Area 756,365.1,327.9,26,5,0.74,0,Tidak,5,2
PLN-0757,Medan Branch,Audit Operasional,Evaluasi Perencanaan Risk Area 757,156.8,267.0,80,7,-2.2,0,Tidak,3,1
PLN-0758,Jakarta Branch,Audit Operasional,Evaluasi Perencanaan Risk Area 758,335.1,236.7,22,9,1.97,0,Tidak,4,2
PLN-0759,IT Dept,Audit Keuangan,Evaluasi Perencanaan Risk Area 759,303.9,362.9,78,8,-1.18,0,Tidak,5,1
PLN-0760,Medan Branch,Audit Kepatuhan,Evaluasi Perencanaan Risk Area 760,349.0,326.0,35,8,0.46,0,Tidak,4,2
PLN-0761,IT Dept,Audit Keuangan,Evaluasi Perencanaan Risk Area 761,113.3,103.1,58,5,0.2,0,Tidak,2,1
PLN-0762,Operations Dept,Audit TI,Evaluasi Perencanaan Risk Area 762,144.7,159.1,16,10,-0.29,0,Tidak,2,1
PLN-0763,Operations Dept,Audit Operasional,Evaluasi Perencanaan Risk Area 763,165.1,137.0,67,11,0.56,0,Tidak,2,1
PLN-0764,Surabaya Branch,Audit Operasional,Evaluasi Perencanaan Risk Area 764,258.8,310.4,58,7,-1.03,0,Tidak,4,1
PLN-0765,Finance Dept,Audit TI,Evaluasi Perencanaan Risk Area 765,80.5,61.7,112,4,0.38,0,Tidak,1,2
PLN-0766,IT Dept,Audit Operasional,Evaluasi Perencanaan Risk Area 766,132.0,249.5,62,6,-2.35,0,Tidak,2,1
PLN-0767,Operations Dept,Audit Operasional,Evaluasi Perencanaan Risk Area 767,330.9,316.9,71,6,0.28,0,Tidak,4,1
PLN-0768,Finance Dept,Audit Operasional,Evaluasi Perencanaan Risk Area 768,599.1,356.9,26,6,4.84,0,Ya (Anomali),5,5
PLN-0769,Medan Branch,Audit TI,Evaluasi Perencanaan Risk Area 769,110.3,169.7,34,9,-1.19,0,Tidak,2,1
PLN-0770,Finance Dept,Audit Keuangan,Evaluasi Perencanaan Risk Area 770,257.4,337.4,140,10,-1.6,0,Tidak,3,1
PLN-0771,Finance Dept,Audit Operasional,Evaluasi Perencanaan Risk Area 771,104.7,88.7,38,10,0.32,0,Tidak,2,1
PLN-0772,Medan Branch,Audit Kepatuhan,Evaluasi Perencanaan Risk Area 772,368.1,346.3,126,7,0.44,0,Tidak,5,2
PLN-0773,IT Dept,Audit TI,Evaluasi Perencanaan Risk Area 773,106.2,94.6,169,7,0.23,0,Tidak,2,1
PLN-0774,Medan Branch,Special Investigation,Evaluasi Perencanaan Risk Area 774,221.5,189.1,35,10,0.65,0,Tidak,3,1
PLN-0775,Surabaya Branch,Audit TI,Evaluasi Perencanaan Risk Area 775,402.2,329.1,133,5,1.46,0,Tidak,5,2
PLN-0776,Bandung Branch,Audit Keuangan,Evaluasi Perencanaan Risk Area 776,142.3,102.5,153,7,0.8,0,Tidak,3,2
PLN-0777,Jakarta Branch,Audit TI,Evaluasi Perencanaan Risk Area 777,148.9,130.2,34,5,0.37,0,Tidak,2,1
PLN-0778,Medan Branch,Special Investigation,Evaluasi Perencanaan Risk Area 778,277.2,302.8,63,2,-0.51,0,Tidak,4,1
PLN-0779,Medan Branch,Audit Kepatuhan,Evaluasi Perencanaan Risk Area 779,373.1,302.0,165,8,1.42,0,Tidak,5,3
PLN-0780,Finance Dept,Special Investigation,Evaluasi Perencanaan Risk Area 780,456.9,274.4,82,11,3.65,1,Ya (Anomali),5,5
PLN-0781,Surabaya Branch,Audit TI,Evaluasi Perencanaan Risk Area 781,279.3,292.9,129,7,-0.27,0,Tidak,5,1
PLN-0782,Operations Dept,Special Investigation,Evaluasi Perencanaan Risk Area 782,158.1,240.0,65,10,-1.64,0,Tidak,2,1
PLN-0783,Operations Dept,Audit TI,Evaluasi Perencanaan Risk Area 783,191.6,138.1,74,8,1.07,0,Tidak,4,3
PLN-0784,Finance Dept,Audit Kepatuhan,Evaluasi Perencanaan Risk Area 784,163.8,171.0,102,8,-0.14,0,Tidak,3,1
PLN-0785,IT Dept,Audit Kepatuhan,Evaluasi Perencanaan Risk Area 785,34.1,113.6,95,3,-1.59,0,Tidak,1,1
PLN-0786,Medan Branch,Audit Keuangan,Evaluasi Perencanaan Risk Area 786,477.1,368.0,89,10,2.18,0,Tidak,5,4
PLN-0787,Medan Branch,Audit Kepatuhan,Evaluasi Perencanaan Risk Area 787,206.6,254.2,178,11,-0.95,0,Tidak,4,1
PLN-0788,Finance Dept,Audit Operasional,Evaluasi Perencanaan Risk Area 788,184.3,190.3,117,10,-0.12,0,Tidak,4,1
PLN-0789,Medan Branch,Special Investigation,Evaluasi Perencanaan Risk Area 789,236.3,211.7,127,7,0.49,0,Tidak,3,2
PLN-0790,IT Dept,Special Investigation,Evaluasi Perencanaan Risk Area 790,406.9,381.5,166,4,0.51,0,Tidak,5,1
PLN-0791,Bandung Branch,Audit TI,Evaluasi Perencanaan Risk Area 791,129.4,103.7,92,2,0.51,0,Tidak,2,1
PLN-0792,Jakarta Branch,Audit Kepatuhan,Evaluasi Perencanaan Risk Area 792,216.3,255.2,156,5,-0.78,0,Tidak,4,1
PLN-0793,Jakarta Branch,Audit Keuangan,Evaluasi Perencanaan Risk Area 793,267.9,227.1,178,4,0.82,0,Tidak,3,1
PLN-0794,Jakarta Branch,Audit Keuangan,Evaluasi Perencanaan Risk Area 794,240.0,264.0,24,2,-0.48,0,Tidak,3,1
PLN-0795,Bandung Branch,Audit Keuangan,Evaluasi Perencanaan Risk Area 795,70.9,56.3,140,4,0.29,0,Tidak,1,2
PLN-0796,Medan Branch,Audit Operasional,Evaluasi Perencanaan Risk Area 796,431.7,355.2,148,5,1.53,0,Tidak,5,2
PLN-0797,Finance Dept,Audit Kepatuhan,Evaluasi Perencanaan Risk Area 797,253.0,376.2,39,9,-2.46,0,Tidak,3,1
PLN-0798,Operations Dept,Audit Keuangan,Evaluasi Perencanaan Risk Area 798,342.0,247.8,66,10,1.88,0,Tidak,4,2
PLN-0799,Surabaya Branch,Audit Operasional,Evaluasi Perencanaan Risk Area 799,238.7,293.8,155,4,-1.1,0,Tidak,3,1
PLN-0800,Medan Branch,Special Investigation,Evaluasi Perencanaan Risk Area 800,478.4,372.9,137,7,2.11,1,Tidak,5,4
PLN-0801,Bandung Branch,Audit TI,Evaluasi Perencanaan Risk Area 801,335.7,297.5,57,11,0.76,0,Tidak,4,1
PLN-0802,IT Dept,Audit Kepatuhan,Evaluasi Perencanaan Risk Area 802,169.9,103.4,145,6,1.33,0,Tidak,3,2
PLN-0803,Bandung Branch,Audit Kepatuhan,Evaluasi Perencanaan Risk Area 803,232.0,251.7,31,7,-0.39,0,Tidak,3,1
PLN-0804,Operations Dept,Special Investigation,Evaluasi Perencanaan Risk Area 804,230.3,262.4,15,5,-0.64,0,Tidak,3,1
PLN-0805,Jakarta Branch,Audit Kepatuhan,Evaluasi Perencanaan Risk Area 805,197.1,198.4,113,11,-0.03,0,Tidak,4,1
PLN-0806,Medan Branch,Audit Kepatuhan,Evaluasi Perencanaan Risk Area 806,275.1,307.8,45,7,-0.65,0,Tidak,5,1
PLN-0807,Operations Dept,Audit Kepatuhan,Evaluasi Perencanaan Risk Area 807,482.6,377.0,88,8,2.11,0,Tidak,5,3
PLN-0808,Jakarta Branch,Audit Kepatuhan,Evaluasi Perencanaan Risk Area 808,162.4,373.9,125,10,-4.23,0,Tidak,3,1
PLN-0809,Surabaya Branch,Audit Operasional,Evaluasi Perencanaan Risk Area 809,131.2,207.8,66,11,-1.53,0,Tidak,3,1
PLN-0810,IT Dept,Audit Operasional,Evaluasi Perencanaan Risk Area 810,56.1,89.6,58,8,-0.67,0,Tidak,2,1
PLN-0811,Jakarta Branch,Audit TI,Evaluasi Perencanaan Risk Area 811,526.0,394.7,91,7,2.63,1,Ya (Anomali),5,5
PLN-0812,Surabaya Branch,Audit Kepatuhan,Evaluasi Perencanaan Risk Area 812,549.3,343.6,75,2,4.11,0,Ya (Anomali),5,5
PLN-0813,Bandung Branch,Special Investigation,Evaluasi Perencanaan Risk Area 813,90.2,93.6,86,3,-0.07,0,Tidak,2,1
PLN-0814,Jakarta Branch,Audit Keuangan,Evaluasi Perencanaan Risk Area 814,350.3,372.3,54,2,-0.44,0,Tidak,4,1
PLN-0815,Jakarta Branch,Audit TI,Evaluasi Perencanaan Risk Area 815,363.2,354.5,88,10,0.17,0,Tidak,5,1
PLN-0816,Finance Dept,Audit Keuangan,Evaluasi Perencanaan Risk Area 816,325.8,231.6,29,11,1.88,0,Tidak,5,3
PLN-0817,IT Dept,Audit Keuangan,Evaluasi Perencanaan Risk Area 817,173.5,256.9,132,11,-1.67,0,Tidak,2,1
PLN-0818,IT Dept,Audit Kepatuhan,Evaluasi Perencanaan Risk Area 818,205.5,189.7,76,10,0.32,0,Tidak,3,2
PLN-0819,Operations Dept,Special Investigation,Evaluasi Perencanaan Risk Area 819,92.8,69.2,92,8,0.47,0,Tidak,2,1
PLN-0820,Bandung Branch,Audit Keuangan,Evaluasi Perencanaan Risk Area 820,196.6,167.3,12,3,0.59,0,Tidak,4,1
PLN-0821,Finance Dept,Audit Keuangan,Evaluasi Perencanaan Risk Area 821,353.0,331.0,73,7,0.44,0,Tidak,4,2
PLN-0822,Operations Dept,Audit TI,Evaluasi Perencanaan Risk Area 822,69.7,51.6,49,5,0.36,0,Tidak,2,2
PLN-0823,Surabaya Branch,Special Investigation,Evaluasi Perencanaan Risk Area 823,50.0,166.7,68,2,-2.33,0,Tidak,1,1
PLN-0824,Operations Dept,Special Investigation,Evaluasi Perencanaan Risk Area 824,234.3,189.4,71,2,0.9,0,Tidak,4,1
PLN-0825,Surabaya Branch,Audit Keuangan,Evaluasi Perencanaan Risk Area 825,183.6,238.1,141,6,-1.09,0,Tidak,4,1
PLN-0826,Bandung Branch,Special Investigation,Evaluasi Perencanaan Risk Area 826,133.6,371.9,69,3,-4.77,0,Tidak,2,1
PLN-0827,IT Dept,Audit TI,Evaluasi Perencanaan Risk Area 827,201.8,171.2,125,5,0.61,0,Tidak,4,2
PLN-0828,Surabaya Branch,Audit TI,Evaluasi Perencanaan Risk Area 828,253.8,171.4,84,2,1.65,0,Tidak,3,2
PLN-0829,Bandung Branch,Audit TI,Evaluasi Perencanaan Risk Area 829,293.3,308.1,131,5,-0.3,0,Tidak,4,1
PLN-0830,Operations Dept,Audit Kepatuhan,Evaluasi Perencanaan Risk Area 830,277.8,208.3,116,7,1.39,0,Tidak,4,3
PLN-0831,Surabaya Branch,Audit Keuangan,Evaluasi Perencanaan Risk Area 831,201.2,128.6,105,11,1.45,0,Tidak,3,3
PLN-0832,Medan Branch,Special Investigation,Evaluasi Perencanaan Risk Area 832,304.3,208.4,100,5,1.92,0,Tidak,5,2
PLN-0833,Jakarta Branch,Audit TI,Evaluasi Perencanaan Risk Area 833,156.3,99.3,167,2,1.14,0,Tidak,2,3
PLN-0834,Operations Dept,Audit Keuangan,Evaluasi Perencanaan Risk Area 834,140.7,111.7,139,8,0.58,0,Tidak,2,1
PLN-0835,IT Dept,Audit Keuangan,Evaluasi Perencanaan Risk Area 835,230.3,224.4,71,3,0.12,0,Tidak,3,1
PLN-0836,Operations Dept,Audit Kepatuhan,Evaluasi Perencanaan Risk Area 836,86.4,196.6,58,10,-2.2,0,Tidak,1,1
PLN-0837,Medan Branch,Special Investigation,Evaluasi Perencanaan Risk Area 837,338.3,370.2,146,4,-0.64,0,Tidak,4,1
PLN-0838,Bandung Branch,Special Investigation,Evaluasi Perencanaan Risk Area 838,124.6,176.8,101,9,-1.04,0,Tidak,3,1
PLN-0839,Bandung Branch,Audit TI,Evaluasi Perencanaan Risk Area 839,445.6,253.2,168,9,3.85,1,Ya (Anomali),5,5
PLN-0840,Operations Dept,Audit TI,Evaluasi Perencanaan Risk Area 840,254.6,271.3,133,4,-0.33,0,Tidak,3,1
PLN-0841,Medan Branch,Audit Keuangan,Evaluasi Perencanaan Risk Area 841,57.0,54.6,70,5,0.05,0,Tidak,1,1
PLN-0842,Operations Dept,Special Investigation,Evaluasi Perencanaan Risk Area 842,336.7,282.2,57,3,1.09,0,Tidak,4,2
PLN-0843,Jakarta Branch,Special Investigation,Evaluasi Perencanaan Risk Area 843,114.0,112.3,162,5,0.03,0,Tidak,2,1
PLN-0844,Jakarta Branch,Audit TI,Evaluasi Perencanaan Risk Area 844,615.6,386.4,173,10,4.58,1,Ya (Anomali),5,5
PLN-0845,Finance Dept,Audit Operasional,Evaluasi Perencanaan Risk Area 845,79.8,102.0,145,3,-0.44,0,Tidak,1,1
PLN-0846,Surabaya Branch,Audit Keuangan,Evaluasi Perencanaan Risk Area 846,208.4,195.1,67,4,0.27,0,Tidak,3,2
PLN-0847,Finance Dept,Special Investigation,Evaluasi Perencanaan Risk Area 847,59.1,79.9,110,5,-0.42,0,Tidak,1,1
PLN-0848,Jakarta Branch,Audit Kepatuhan,Evaluasi Perencanaan Risk Area 848,214.6,398.9,121,6,-3.69,0,Tidak,3,1
PLN-0849,Medan Branch,Audit Kepatuhan,Evaluasi Perencanaan Risk Area 849,177.5,225.8,71,2,-0.97,0,Tidak,3,1
PLN-0850,Surabaya Branch,Audit Operasional,Evaluasi Perencanaan Risk Area 850,255.1,258.4,48,8,-0.07,0,Tidak,3,1
PLN-0851,Medan Branch,Audit TI,Evaluasi Perencanaan Risk Area 851,62.5,73.5,67,11,-0.22,0,Tidak,1,1
PLN-0852,Finance Dept,Audit TI,Evaluasi Perencanaan Risk Area 852,236.8,312.5,108,8,-1.51,0,Tidak,4,1
PLN-0853,Bandung Branch,Audit TI,Evaluasi Perencanaan Risk Area 853,62.7,123.5,53,10,-1.22,0,Tidak,1,1
PLN-0854,Medan Branch,Audit Kepatuhan,Evaluasi Perencanaan Risk Area 854,353.7,364.3,38,5,-0.21,0,Tidak,4,1
PLN-0855,Finance Dept,Audit TI,Evaluasi Perencanaan Risk Area 855,57.7,121.8,68,7,-1.28,0,Tidak,1,1
PLN-0856,Finance Dept,Audit Kepatuhan,Evaluasi Perencanaan Risk Area 856,147.7,116.7,80,3,0.62,0,Tidak,2,1
PLN-0857,Finance Dept,Audit Operasional,Evaluasi Perencanaan Risk Area 857,64.6,62.8,101,5,0.04,0,Tidak,2,2
PLN-0858,Bandung Branch,Audit Keuangan,Evaluasi Perencanaan Risk Area 858,105.4,215.2,18,3,-2.2,0,Tidak,2,1
PLN-0859,Bandung Branch,Special Investigation,Evaluasi Perencanaan Risk Area 859,220.9,247.7,136,11,-0.54,0,Tidak,4,1
PLN-0860,Operations Dept,Audit Operasional,Evaluasi Perencanaan Risk Area 860,53.8,73.0,143,6,-0.38,0,Tidak,1,1
PLN-0861,Bandung Branch,Audit Kepatuhan,Evaluasi Perencanaan Risk Area 861,357.3,321.4,166,8,0.72,0,Tidak,5,1
PLN-0862,Surabaya Branch,Audit Operasional,Evaluasi Perencanaan Risk Area 862,306.6,208.7,154,2,1.96,0,Tidak,4,2
PLN-0863,Bandung Branch,Special Investigation,Evaluasi Perencanaan Risk Area 863,80.3,233.5,153,11,-3.06,0,Tidak,1,1
PLN-0864,Bandung Branch,Audit Keuangan,Evaluasi Perencanaan Risk Area 864,212.5,204.3,140,11,0.16,0,Tidak,3,1
PLN-0865,Bandung Branch,Special Investigation,Evaluasi Perencanaan Risk Area 865,179.6,190.3,30,8,-0.21,0,Tidak,2,1
PLN-0866,Medan Branch,Audit Kepatuhan,Evaluasi Perencanaan Risk Area 866,303.7,245.9,73,11,1.16,0,Tidak,4,2
PLN-0867,Bandung Branch,Special Investigation,Evaluasi Perencanaan Risk Area 867,112.1,104.3,99,7,0.16,0,Tidak,3,2
PLN-0868,Surabaya Branch,Audit Operasional,Evaluasi Perencanaan Risk Area 868,83.8,113.7,45,7,-0.6,0,Tidak,2,1
PLN-0869,Finance Dept,Audit TI,Evaluasi Perencanaan Risk Area 869,312.3,351.6,71,9,-0.79,0,Tidak,4,1
PLN-0870,Medan Branch,Audit Operasional,Evaluasi Perencanaan Risk Area 870,274.9,381.1,179,9,-2.12,0,Tidak,4,1
PLN-0871,Jakarta Branch,Audit Kepatuhan,Evaluasi Perencanaan Risk Area 871,248.8,180.7,85,7,1.36,0,Tidak,4,3
PLN-0872,Bandung Branch,Audit Keuangan,Evaluasi Perencanaan Risk Area 872,145.9,144.8,179,4,0.02,0,Tidak,2,1
PLN-0873,Operations Dept,Special Investigation,Evaluasi Perencanaan Risk Area 873,458.7,275.4,22,6,3.67,1,Ya (Anomali),5,5
PLN-0874,Operations Dept,Audit Keuangan,Evaluasi Perencanaan Risk Area 874,189.0,193.1,20,3,-0.08,0,Tidak,3,1
PLN-0875,Finance Dept,Audit Kepatuhan,Evaluasi Perencanaan Risk Area 875,44.3,58.9,63,6,-0.29,0,Tidak,1,1
PLN-0876,Finance Dept,Special Investigation,Evaluasi Perencanaan Risk Area 876,49.2,104.7,25,10,-1.11,0,Tidak,1,1
PLN-0877,Medan Branch,Audit Operasional,Evaluasi Perencanaan Risk Area 877,110.9,300.6,17,11,-3.79,0,Tidak,2,1
PLN-0878,Operations Dept,Audit Operasional,Evaluasi Perencanaan Risk Area 878,125.0,280.6,113,2,-3.11,0,Tidak,2,1
PLN-0879,Jakarta Branch,Audit Kepatuhan,Evaluasi Perencanaan Risk Area 879,65.1,59.5,68,11,0.11,0,Tidak,2,1
PLN-0880,IT Dept,Special Investigation,Evaluasi Perencanaan Risk Area 880,150.4,127.7,66,6,0.45,0,Tidak,3,1
PLN-0881,Operations Dept,Audit Operasional,Evaluasi Perencanaan Risk Area 881,58.5,130.9,49,7,-1.45,0,Tidak,1,1
PLN-0882,Operations Dept,Audit Kepatuhan,Evaluasi Perencanaan Risk Area 882,374.5,285.2,139,8,1.79,0,Tidak,5,3
PLN-0883,Surabaya Branch,Audit Kepatuhan,Evaluasi Perencanaan Risk Area 883,47.3,56.9,103,10,-0.19,0,Tidak,1,1
PLN-0884,IT Dept,Audit Keuangan,Evaluasi Perencanaan Risk Area 884,90.8,86.4,147,7,0.09,0,Tidak,3,1
PLN-0885,Finance Dept,Audit Operasional,Evaluasi Perencanaan Risk Area 885,516.2,330.0,53,6,3.72,1,Ya (Anomali),5,5
PLN-0886,IT Dept,Special Investigation,Evaluasi Perencanaan Risk Area 886,147.8,112.5,148,8,0.71,0,Tidak,2,2
PLN-0887,Operations Dept,Audit Operasional,Evaluasi Perencanaan Risk Area 887,252.3,278.5,89,2,-0.52,0,Tidak,3,1
PLN-0888,Finance Dept,Audit Operasional,Evaluasi Perencanaan Risk Area 888,91.8,133.4,90,6,-0.83,0,Tidak,2,1
PLN-0889,IT Dept,Audit Operasional,Evaluasi Perencanaan Risk Area 889,25.4,84.8,11,3,-1.19,0,Tidak,2,1
PLN-0890,Finance Dept,Audit Kepatuhan,Evaluasi Perencanaan Risk Area 890,101.1,135.1,149,5,-0.68,0,Tidak,2,1
PLN-0891,Finance Dept,Audit TI,Evaluasi Perencanaan Risk Area 891,280.4,302.8,124,8,-0.45,0,Tidak,4,1
PLN-0892,Medan Branch,Audit TI,Evaluasi Perencanaan Risk Area 892,228.7,349.5,99,6,-2.42,0,Tidak,3,1
PLN-0893,Jakarta Branch,Audit Keuangan,Evaluasi Perencanaan Risk Area 893,325.0,340.6,32,7,-0.31,0,Tidak,4,1
PLN-0894,Finance Dept,Audit Operasional,Evaluasi Perencanaan Risk Area 894,194.1,189.0,155,3,0.1,0,Tidak,3,1
PLN-0895,Surabaya Branch,Audit TI,Evaluasi Perencanaan Risk Area 895,261.5,283.8,71,4,-0.45,0,Tidak,3,1
PLN-0896,Operations Dept,Audit Keuangan,Evaluasi Perencanaan Risk Area 896,94.0,121.7,122,8,-0.55,0,Tidak,2,1
PLN-0897,Operations Dept,Audit Kepatuhan,Evaluasi Perencanaan Risk Area 897,161.6,152.6,137,3,0.18,0,Tidak,2,1
PLN-0898,Surabaya Branch,Audit Operasional,Evaluasi Perencanaan Risk Area 898,420.0,363.7,71,7,1.13,0,Tidak,5,2
PLN-0899,Bandung Branch,Special Investigation,Evaluasi Perencanaan Risk Area 899,33.8,54.6,47,6,-0.42,0,Tidak,1,1
PLN-0900,Finance Dept,Audit Kepatuhan,Evaluasi Perencanaan Risk Area 900,119.4,79.9,175,11,0.79,0,Tidak,3,2
PLN-0901,Finance Dept,Audit Keuangan,Evaluasi Perencanaan Risk Area 901,118.6,122.8,70,2,-0.08,0,Tidak,2,1
PLN-0902,Finance Dept,Audit Kepatuhan,Evaluasi Perencanaan Risk Area 902,59.7,59.3,138,11,0.01,0,Tidak,1,1
PLN-0903,IT Dept,Special Investigation,Evaluasi Perencanaan Risk Area 903,141.6,113.5,165,5,0.56,0,Tidak,2,1
PLN-0904,Finance Dept,Audit Kepatuhan,Evaluasi Perencanaan Risk Area 904,274.8,254.1,158,3,0.41,0,Tidak,4,1
PLN-0905,Finance Dept,Audit Keuangan,Evaluasi Perencanaan Risk Area 905,263.4,197.5,131,5,1.32,0,Tidak,3,2
PLN-0906,Surabaya Branch,Special Investigation,Evaluasi Perencanaan Risk Area 906,398.8,362.4,119,2,0.73,0,Tidak,5,2
PLN-0907,Jakarta Branch,Special Investigation,Evaluasi Perencanaan Risk Area 907,264.1,336.1,22,3,-1.44,0,Tidak,3,1
PLN-0908,Jakarta Branch,Audit Kepatuhan,Evaluasi Perencanaan Risk Area 908,191.1,169.6,164,9,0.43,0,Tidak,3,1
PLN-0909,Bandung Branch,Special Investigation,Evaluasi Perencanaan Risk Area 909,84.4,140.8,109,7,-1.13,0,Tidak,2,1
PLN-0910,Surabaya Branch,Audit Kepatuhan,Evaluasi Perencanaan Risk Area 910,189.8,182.9,144,3,0.14,0,Tidak,3,1
PLN-0911,Finance Dept,Audit Operasional,Evaluasi Perencanaan Risk Area 911,253.6,256.6,31,7,-0.06,0,Tidak,4,1
PLN-0912,Jakarta Branch,Special Investigation,Evaluasi Perencanaan Risk Area 912,133.3,143.8,83,11,-0.21,0,Tidak,2,1
PLN-0913,Medan Branch,Audit Kepatuhan,Evaluasi Perencanaan Risk Area 913,256.4,268.5,141,10,-0.24,0,Tidak,4,1
PLN-0914,Medan Branch,Audit Operasional,Evaluasi Perencanaan Risk Area 914,66.0,193.3,32,8,-2.55,0,Tidak,2,1
PLN-0915,Medan Branch,Special Investigation,Evaluasi Perencanaan Risk Area 915,196.5,243.2,128,10,-0.93,0,Tidak,4,1
PLN-0916,Finance Dept,Audit Operasional,Evaluasi Perencanaan Risk Area 916,209.2,202.6,79,6,0.13,0,Tidak,4,1
PLN-0917,Finance Dept,Special Investigation,Evaluasi Perencanaan Risk Area 917,161.7,153.1,93,8,0.17,0,Tidak,3,1
PLN-0918,Bandung Branch,Audit Keuangan,Evaluasi Perencanaan Risk Area 918,244.6,382.0,110,8,-2.75,0,Tidak,4,1
PLN-0919,Operations Dept,Audit Keuangan,Evaluasi Perencanaan Risk Area 919,457.9,317.3,93,4,2.81,1,Ya (Anomali),5,5
PLN-0920,Bandung Branch,Audit Kepatuhan,Evaluasi Perencanaan Risk Area 920,69.0,99.0,170,8,-0.6,0,Tidak,1,1
PLN-0921,Bandung Branch,Audit TI,Evaluasi Perencanaan Risk Area 921,474.1,354.0,37,2,2.4,1,Ya (Anomali),5,5
PLN-0922,IT Dept,Audit Keuangan,Evaluasi Perencanaan Risk Area 922,253.6,220.6,145,10,0.66,0,Tidak,4,1
PLN-0923,Medan Branch,Audit TI,Evaluasi Perencanaan Risk Area 923,281.0,363.1,10,11,-1.64,0,Tidak,5,1
PLN-0924,Finance Dept,Audit Operasional,Evaluasi Perencanaan Risk Area 924,534.9,329.9,174,7,4.1,1,Ya (Anomali),5,5
PLN-0925,Medan Branch,Audit Operasional,Evaluasi Perencanaan Risk Area 925,115.7,198.8,72,6,-1.66,0,Tidak,3,1
PLN-0926,Bandung Branch,Audit TI,Evaluasi Perencanaan Risk Area 926,76.5,57.9,31,8,0.37,0,Tidak,1,1
PLN-0927,Finance Dept,Audit Kepatuhan,Evaluasi Perencanaan Risk Area 927,194.4,144.0,79,6,1.01,0,Tidak,3,2
PLN-0928,Surabaya Branch,Special Investigation,Evaluasi Perencanaan Risk Area 928,183.4,239.6,134,11,-1.12,0,Tidak,3,1
PLN-0929,Jakarta Branch,Audit TI,Evaluasi Perencanaan Risk Area 929,404.1,271.7,158,6,2.65,1,Ya (Anomali),5,5
PLN-0930,Jakarta Branch,Audit TI,Evaluasi Perencanaan Risk Area 930,128.0,140.3,105,11,-0.25,0,Tidak,2,1
PLN-0931,Bandung Branch,Audit TI,Evaluasi Perencanaan Risk Area 931,108.8,98.8,172,8,0.2,0,Tidak,3,1
PLN-0932,Operations Dept,Audit TI,Evaluasi Perencanaan Risk Area 932,373.4,342.2,88,11,0.62,0,Tidak,5,1
PLN-0933,Medan Branch,Audit TI,Evaluasi Perencanaan Risk Area 933,376.0,394.5,14,8,-0.37,0,Tidak,5,1
PLN-0934,Surabaya Branch,Audit Kepatuhan,Evaluasi Perencanaan Risk Area 934,300.4,234.0,69,4,1.33,0,Tidak,4,2
PLN-0935,Finance Dept,Audit Keuangan,Evaluasi Perencanaan Risk Area 935,140.7,110.1,129,4,0.61,0,Tidak,2,2
PLN-0936,Operations Dept,Special Investigation,Evaluasi Perencanaan Risk Area 936,56.4,145.3,55,11,-1.78,0,Tidak,1,1
PLN-0937,Medan Branch,Audit Keuangan,Evaluasi Perencanaan Risk Area 937,82.1,56.4,143,4,0.51,0,Tidak,1,1
PLN-0938,Bandung Branch,Audit TI,Evaluasi Perencanaan Risk Area 938,154.7,370.0,65,7,-4.31,0,Tidak,2,1
PLN-0939,Medan Branch,Audit Keuangan,Evaluasi Perencanaan Risk Area 939,124.2,91.2,119,7,0.66,0,Tidak,2,1
PLN-0940,Bandung Branch,Audit Kepatuhan,Evaluasi Perencanaan Risk Area 940,351.1,251.8,166,4,1.99,0,Tidak,4,2
PLN-0941,IT Dept,Audit Operasional,Evaluasi Perencanaan Risk Area 941,90.2,145.9,113,4,-1.11,0,Tidak,3,1
PLN-0942,Jakarta Branch,Audit Keuangan,Evaluasi Perencanaan Risk Area 942,208.9,244.0,86,9,-0.7,0,Tidak,3,1
PLN-0943,Operations Dept,Special Investigation,Evaluasi Perencanaan Risk Area 943,170.4,278.0,155,9,-2.15,0,Tidak,2,1
PLN-0944,Jakarta Branch,Audit Kepatuhan,Evaluasi Perencanaan Risk Area 944,314.8,340.4,11,8,-0.51,0,Tidak,4,1
PLN-0945,Medan Branch,Audit Operasional,Evaluasi Perencanaan Risk Area 945,109.0,122.2,17,11,-0.26,0,Tidak,2,1
PLN-0946,Surabaya Branch,Audit Kepatuhan,Evaluasi Perencanaan Risk Area 946,68.5,53.8,84,5,0.29,0,Tidak,1,2
PLN-0947,Finance Dept,Audit TI,Evaluasi Perencanaan Risk Area 947,142.8,97.9,134,5,0.9,0,Tidak,3,1
PLN-0948,Bandung Branch,Audit Operasional,Evaluasi Perencanaan Risk Area 948,543.3,365.0,47,4,3.57,1,Ya (Anomali),5,5
PLN-0949,Finance Dept,Special Investigation,Evaluasi Perencanaan Risk Area 949,285.9,355.9,36,6,-1.4,0,Tidak,4,1
PLN-0950,Jakarta Branch,Audit Operasional,Evaluasi Perencanaan Risk Area 950,240.1,259.1,29,4,-0.38,0,Tidak,3,1
PLN-0951,Surabaya Branch,Special Investigation,Evaluasi Perencanaan Risk Area 951,106.9,260.2,149,9,-3.07,0,Tidak,2,1
PLN-0952,Surabaya Branch,Audit TI,Evaluasi Perencanaan Risk Area 952,203.0,282.8,52,8,-1.6,0,Tidak,3,1
PLN-0953,Finance Dept,Special Investigation,Evaluasi Perencanaan Risk Area 953,149.0,111.4,40,4,0.75,0,Tidak,2,1
PLN-0954,Jakarta Branch,Audit Kepatuhan,Evaluasi Perencanaan Risk Area 954,579.2,370.0,100,10,4.18,1,Ya (Anomali),5,5
PLN-0955,Finance Dept,Audit Keuangan,Evaluasi Perencanaan Risk Area 955,111.7,196.6,70,6,-1.7,0,Tidak,3,1
PLN-0956,Medan Branch,Audit Kepatuhan,Evaluasi Perencanaan Risk Area 956,145.9,184.1,118,10,-0.76,0,Tidak,3,1
PLN-0957,Surabaya Branch,Audit Kepatuhan,Evaluasi Perencanaan Risk Area 957,229.5,231.6,100,8,-0.04,0,Tidak,3,1
PLN-0958,Surabaya Branch,Audit Operasional,Evaluasi Perencanaan Risk Area 958,72.9,66.4,172,8,0.13,0,Tidak,1,1
PLN-0959,Medan Branch,Audit TI,Evaluasi Perencanaan Risk Area 959,77.5,108.2,104,7,-0.61,0,Tidak,2,1
PLN-0960,Jakarta Branch,Audit Keuangan,Evaluasi Perencanaan Risk Area 960,354.1,308.3,152,3,0.92,0,Tidak,4,1
PLN-0961,Surabaya Branch,Special Investigation,Evaluasi Perencanaan Risk Area 961,65.9,79.0,153,10,-0.26,0,Tidak,1,1
PLN-0962,Operations Dept,Audit Operasional,Evaluasi Perencanaan Risk Area 962,259.8,261.1,22,7,-0.03,0,Tidak,3,1
PLN-0963,IT Dept,Audit TI,Evaluasi Perencanaan Risk Area 963,161.9,135.9,122,9,0.52,0,Tidak,2,2
PLN-0964,IT Dept,Audit Keuangan,Evaluasi Perencanaan Risk Area 964,186.7,186.3,44,2,0.01,0,Tidak,3,1
PLN-0965,IT Dept,Audit Kepatuhan,Evaluasi Perencanaan Risk Area 965,127.9,151.0,158,6,-0.46,0,Tidak,2,1
PLN-0966,Bandung Branch,Audit TI,Evaluasi Perencanaan Risk Area 966,167.8,174.5,167,2,-0.13,0,Tidak,2,1
PLN-0967,Operations Dept,Audit TI,Evaluasi Perencanaan Risk Area 967,292.4,301.7,57,11,-0.19,0,Tidak,5,1
PLN-0968,Bandung Branch,Audit TI,Evaluasi Perencanaan Risk Area 968,134.1,154.0,44,9,-0.4,0,Tidak,2,1
PLN-0969,Jakarta Branch,Audit Kepatuhan,Evaluasi Perencanaan Risk Area 969,225.7,248.2,95,9,-0.45,0,Tidak,3,1
PLN-0970,Medan Branch,Special Investigation,Evaluasi Perencanaan Risk Area 970,337.8,216.6,175,2,2.42,1,Ya (Anomali),4,5
PLN-0971,Finance Dept,Audit Operasional,Evaluasi Perencanaan Risk Area 971,337.7,282.3,168,10,1.11,0,Tidak,4,3
PLN-0972,Operations Dept,Special Investigation,Evaluasi Perencanaan Risk Area 972,338.8,377.9,161,3,-0.78,0,Tidak,4,1
PLN-0973,Jakarta Branch,Audit Keuangan,Evaluasi Perencanaan Risk Area 973,381.1,306.4,123,10,1.49,0,Tidak,5,3
PLN-0974,Finance Dept,Audit Operasional,Evaluasi Perencanaan Risk Area 974,110.6,125.2,109,2,-0.29,0,Tidak,2,1
PLN-0975,Jakarta Branch,Audit Keuangan,Evaluasi Perencanaan Risk Area 975,85.9,60.9,169,11,0.5,0,Tidak,2,2
PLN-0976,Bandung Branch,Audit Kepatuhan,Evaluasi Perencanaan Risk Area 976,160.1,141.8,108,10,0.37,0,Tidak,2,1
PLN-0977,IT Dept,Special Investigation,Evaluasi Perencanaan Risk Area 977,248.6,258.3,12,5,-0.19,0,Tidak,3,1
PLN-0978,Medan Branch,Audit TI,Evaluasi Perencanaan Risk Area 978,78.7,68.0,94,10,0.21,0,Tidak,2,1
PLN-0979,Bandung Branch,Audit Operasional,Evaluasi Perencanaan Risk Area 979,100.7,223.7,134,8,-2.46,0,Tidak,2,1
PLN-0980,Medan Branch,Audit TI,Evaluasi Perencanaan Risk Area 980,156.8,258.9,147,7,-2.04,0,Tidak,2,1
PLN-0981,Operations Dept,Audit Keuangan,Evaluasi Perencanaan Risk Area 981,97.2,167.0,92,6,-1.4,0,Tidak,2,1
PLN-0982,Finance Dept,Audit TI,Evaluasi Perencanaan Risk Area 982,335.8,319.8,34,10,0.32,0,Tidak,4,1
PLN-0983,Jakarta Branch,Audit TI,Evaluasi Perencanaan Risk Area 983,140.2,87.3,77,3,1.06,0,Tidak,2,2
PLN-0984,Surabaya Branch,Audit Kepatuhan,Evaluasi Perencanaan Risk Area 984,135.9,76.3,70,3,1.19,0,Tidak,2,2
PLN-0985,Surabaya Branch,Audit Kepatuhan,Evaluasi Perencanaan Risk Area 985,373.0,304.9,38,10,1.36,0,Tidak,5,2
PLN-0986,Medan Branch,Special Investigation,Evaluasi Perencanaan Risk Area 986,262.6,223.4,136,4,0.78,0,Tidak,3,1
PLN-0987,IT Dept,Audit Keuangan,Evaluasi Perencanaan Risk Area 987,107.5,290.9,28,9,-3.67,0,Tidak,3,1
PLN-0988,IT Dept,Audit Kepatuhan,Evaluasi Perencanaan Risk Area 988,163.8,202.2,83,10,-0.77,0,Tidak,3,1
PLN-0989,Medan Branch,Audit Kepatuhan,Evaluasi Perencanaan Risk Area 989,98.6,136.2,70,9,-0.75,0,Tidak,3,1
PLN-0990,Bandung Branch,Special Investigation,Evaluasi Perencanaan Risk Area 990,263.5,336.7,162,5,-1.46,0,Tidak,3,1
PLN-0991,Surabaya Branch,Audit Operasional,Evaluasi Perencanaan Risk Area 991,310.4,329.8,29,2,-0.39,0,Tidak,5,1
PLN-0992,Bandung Branch,Special Investigation,Evaluasi Perencanaan Risk Area 992,244.7,293.1,57,5,-0.97,0,Tidak,3,1
PLN-0993,Finance Dept,Audit TI,Evaluasi Perencanaan Risk Area 993,44.6,145.3,96,10,-2.01,0,Tidak,2,1
PLN-0994,Surabaya Branch,Audit TI,Evaluasi Perencanaan Risk Area 994,323.8,256.6,161,3,1.34,0,Tidak,4,2
PLN-0995,Finance Dept,Audit Kepatuhan,Evaluasi Perencanaan Risk Area 995,110.1,176.3,148,4,-1.32,0,Tidak,2,1
PLN-0996,Jakarta Branch,Audit Kepatuhan,Evaluasi Perencanaan Risk Area 996,89.0,82.1,119,11,0.14,0,Tidak,2,2
PLN-0997,Bandung Branch,Special Investigation,Evaluasi Perencanaan Risk Area 997,640.5,371.1,37,9,5.39,0,Tidak,5,5
PLN-0998,Medan Branch,Special Investigation,Evaluasi Perencanaan Risk Area 998,66.4,97.9,68,7,-0.63,0,Tidak,1,1
PLN-0999,Surabaya Branch,Audit Keuangan,Evaluasi Perencanaan Risk Area 999,114.8,382.6,142,9,-5.36,0,Tidak,3,1
PLN-1000,Bandung Branch,Audit TI,Evaluasi Perencanaan Risk Area 1000,185.5,206.1,60,8,-0.41,0,Tidak,4,1
PLN-1001,Medan Branch,Special Investigation,Evaluasi Perencanaan Risk Area 1001,159.0,114.8,158,6,0.88,0,Tidak,3,1
PLN-1002,Jakarta Branch,Audit Operasional,Evaluasi Perencanaan Risk Area 1002,404.0,239.7,21,10,3.29,1,Ya (Anomali),5,5
PLN-1003,Surabaya Branch,Audit Keuangan,Evaluasi Perencanaan Risk Area 1003,202.5,355.5,59,5,-3.06,0,Tidak,3,1
PLN-1004,Finance Dept,Special Investigation,Evaluasi Perencanaan Risk Area 1004,359.5,306.3,141,7,1.06,0,Tidak,4,2
PLN-1005,Jakarta Branch,Audit Kepatuhan,Evaluasi Perencanaan Risk Area 1005,278.2,332.3,122,3,-1.08,0,Tidak,4,1
PLN-1006,IT Dept,Special Investigation,Evaluasi Perencanaan Risk Area 1006,270.2,280.6,179,3,-0.21,0,Tidak,4,1
PLN-1007,Medan Branch,Audit Kepatuhan,Evaluasi Perencanaan Risk Area 1007,562.8,292.3,175,3,5.41,0,Ya (Anomali),5,5
PLN-1008,Surabaya Branch,Audit Kepatuhan,Evaluasi Perencanaan Risk Area 1008,164.6,347.2,162,11,-3.65,0,Tidak,2,1
PLN-1009,Surabaya Branch,Audit TI,Evaluasi Perencanaan Risk Area 1009,149.6,137.4,23,8,0.24,0,Tidak,2,2
PLN-1010,Operations Dept,Audit TI,Evaluasi Perencanaan Risk Area 1010,257.5,221.3,41,3,0.72,0,Ya (Anomali),4,1
PLN-1011,Operations Dept,Special Investigation,Evaluasi Perencanaan Risk Area 1011,175.8,127.4,148,3,0.97,0,Tidak,3,1
PLN-1012,Jakarta Branch,Special Investigation,Evaluasi Perencanaan Risk Area 1012,409.3,395.7,155,10,0.27,0,Tidak,5,1
PLN-1013,Surabaya Branch,Audit Operasional,Evaluasi Perencanaan Risk Area 1013,421.4,380.4,164,8,0.82,0,Tidak,5,1
PLN-1014,Medan Branch,Audit Keuangan,Evaluasi Perencanaan Risk Area 1014,55.1,63.8,64,4,-0.17,0,Tidak,1,1
PLN-1015,Jakarta Branch,Audit Keuangan,Evaluasi Perencanaan Risk Area 1015,325.0,297.0,129,4,0.56,0,Tidak,5,2
PLN-1016,Finance Dept,Special Investigation,Evaluasi Perencanaan Risk Area 1016,328.9,373.8,84,8,-0.9,0,Tidak,4,1
PLN-1017,Jakarta Branch,Audit TI,Evaluasi Perencanaan Risk Area 1017,137.8,113.2,30,6,0.49,0,Tidak,3,1
PLN-1018,Jakarta Branch,Audit Operasional,Evaluasi Perencanaan Risk Area 1018,216.6,248.8,142,11,-0.64,0,Tidak,4,1
PLN-1019,Finance Dept,Audit Keuangan,Evaluasi Perencanaan Risk Area 1019,419.3,370.4,96,7,0.98,0,Tidak,5,1
PLN-1020,IT Dept,Special Investigation,Evaluasi Perencanaan Risk Area 1020,61.3,61.9,178,9,-0.01,0,Tidak,1,1
PLN-1021,Operations Dept,Audit TI,Evaluasi Perencanaan Risk Area 1021,410.0,294.1,68,10,2.32,1,Ya (Anomali),5,4
PLN-1022,Medan Branch,Audit TI,Evaluasi Perencanaan Risk Area 1022,151.3,154.1,98,2,-0.06,0,Tidak,2,1
PLN-1023,IT Dept,Audit TI,Evaluasi Perencanaan Risk Area 1023,141.7,373.5,159,4,-4.64,0,Tidak,2,1
PLN-1024,IT Dept,Audit Kepatuhan,Evaluasi Perencanaan Risk Area 1024,562.1,389.9,92,8,3.44,1,Ya (Anomali),5,5
PLN-1025,IT Dept,Audit TI,Evaluasi Perencanaan Risk Area 1025,259.9,380.5,74,7,-2.41,0,Tidak,3,1
PLN-1026,Operations Dept,Special Investigation,Evaluasi Perencanaan Risk Area 1026,166.6,216.0,73,8,-0.99,0,Tidak,2,1
PLN-1027,Bandung Branch,Audit Operasional,Evaluasi Perencanaan Risk Area 1027,278.4,351.7,80,9,-1.47,0,Tidak,4,1
PLN-1028,Operations Dept,Special Investigation,Evaluasi Perencanaan Risk Area 1028,511.9,345.6,13,7,3.33,1,Ya (Anomali),5,5
PLN-1029,IT Dept,Audit TI,Evaluasi Perencanaan Risk Area 1029,48.5,161.7,152,4,-2.26,0,Tidak,1,1
PLN-1030,Bandung Branch,Audit Operasional,Evaluasi Perencanaan Risk Area 1030,713.6,340.1,113,3,7.47,0,Ya (Anomali),5,5
PLN-1031,Finance Dept,Audit Keuangan,Evaluasi Perencanaan Risk Area 1031,86.3,63.0,159,8,0.47,0,Tidak,2,2
PLN-1032,Operations Dept,Audit Keuangan,Evaluasi Perencanaan Risk Area 1032,278.9,258.7,102,2,0.4,0,Tidak,4,1
PLN-1033,Medan Branch,Special Investigation,Evaluasi Perencanaan Risk Area 1033,128.0,130.5,151,4,-0.05,0,Tidak,3,1
PLN-1034,IT Dept,Audit Operasional,Evaluasi Perencanaan Risk Area 1034,101.4,92.2,157,5,0.18,0,Tidak,2,2
PLN-1035,Surabaya Branch,Special Investigation,Evaluasi Perencanaan Risk Area 1035,90.9,76.9,121,2,0.28,0,Tidak,2,2
PLN-1036,Finance Dept,Audit Operasional,Evaluasi Perencanaan Risk Area 1036,360.0,293.7,170,6,1.33,0,Tidak,4,2
PLN-1037,Bandung Branch,Audit Operasional,Evaluasi Perencanaan Risk Area 1037,201.9,169.0,128,11,0.66,0,Tidak,3,1
PLN-1038,Operations Dept,Special Investigation,Evaluasi Perencanaan Risk Area 1038,313.2,303.7,68,4,0.19,0,Tidak,4,1
PLN-1039,Medan Branch,Audit Operasional,Evaluasi Perencanaan Risk Area 1039,67.9,72.9,52,3,-0.1,0,Tidak,1,1
PLN-1040,Jakarta Branch,Audit TI,Evaluasi Perencanaan Risk Area 1040,151.9,160.4,21,4,-0.17,0,Tidak,2,1
PLN-1041,Medan Branch,Audit Operasional,Evaluasi Perencanaan Risk Area 1041,222.5,238.8,49,9,-0.33,0,Tidak,3,1
PLN-1042,Medan Branch,Audit Operasional,Evaluasi Perencanaan Risk Area 1042,456.5,326.8,127,7,2.59,0,Tidak,5,3
PLN-1043,IT Dept,Special Investigation,Evaluasi Perencanaan Risk Area 1043,195.2,161.6,29,8,0.67,0,Tidak,3,1
PLN-1044,IT Dept,Audit Keuangan,Evaluasi Perencanaan Risk Area 1044,80.7,269.1,175,7,-3.77,0,Tidak,1,1
PLN-1045,Operations Dept,Audit Kepatuhan,Evaluasi Perencanaan Risk Area 1045,442.8,360.1,140,7,1.65,0,Tidak,5,2
PLN-1046,Operations Dept,Audit Operasional,Evaluasi Perencanaan Risk Area 1046,283.7,265.6,165,4,0.36,0,Tidak,4,1
PLN-1047,Bandung Branch,Audit Kepatuhan,Evaluasi Perencanaan Risk Area 1047,130.6,131.5,99,9,-0.02,0,Tidak,2,1
PLN-1048,Operations Dept,Audit Operasional,Evaluasi Perencanaan Risk Area 1048,50.5,58.5,103,8,-0.16,0,Tidak,1,1
PLN-1049,Bandung Branch,Special Investigation,Evaluasi Perencanaan Risk Area 1049,494.0,354.5,22,8,2.79,0,Tidak,5,3
PLN-1050,IT Dept,Special Investigation,Evaluasi Perencanaan Risk Area 1050,76.4,57.4,75,7,0.38,0,Tidak,1,1
PLN-1051,IT Dept,Audit Operasional,Evaluasi Perencanaan Risk Area 1051,259.8,356.1,46,6,-1.93,0,Tidak,4,1
PLN-1052,Surabaya Branch,Special Investigation,Evaluasi Perencanaan Risk Area 1052,268.6,235.1,75,11,0.67,0,Tidak,4,1
PLN-1053,Surabaya Branch,Special Investigation,Evaluasi Perencanaan Risk Area 1053,249.9,378.7,45,9,-2.58,0,Tidak,3,1
PLN-1054,Finance Dept,Audit Operasional,Evaluasi Perencanaan Risk Area 1054,170.4,329.6,35,6,-3.18,0,Tidak,2,1
PLN-1055,IT Dept,Audit Keuangan,Evaluasi Perencanaan Risk Area 1055,311.7,399.3,84,10,-1.75,0,Tidak,5,1
PLN-1056,Jakarta Branch,Audit Operasional,Evaluasi Perencanaan Risk Area 1056,224.8,172.7,117,10,1.04,0,Tidak,4,2
PLN-1057,Surabaya Branch,Audit Keuangan,Evaluasi Perencanaan Risk Area 1057,424.7,318.5,177,2,2.12,1,Ya (Anomali),5,4
PLN-1058,Bandung Branch,Special Investigation,Evaluasi Perencanaan Risk Area 1058,224.9,190.7,52,7,0.68,0,Tidak,4,2
PLN-1059,Medan Branch,Audit Keuangan,Evaluasi Perencanaan Risk Area 1059,273.3,218.0,159,8,1.11,0,Tidak,5,2
PLN-1060,Operations Dept,Special Investigation,Evaluasi Perencanaan Risk Area 1060,318.3,269.6,157,4,0.97,0,Tidak,4,1
PLN-1061,Operations Dept,Audit Keuangan,Evaluasi Perencanaan Risk Area 1061,275.9,355.8,17,8,-1.6,0,Tidak,5,1
PLN-1062,Finance Dept,Audit Keuangan,Evaluasi Perencanaan Risk Area 1062,454.0,394.4,38,8,1.19,0,Tidak,5,2
PLN-1063,Surabaya Branch,Audit Operasional,Evaluasi Perencanaan Risk Area 1063,408.2,318.9,49,3,1.79,0,Tidak,5,3
PLN-1064,Medan Branch,Audit Keuangan,Evaluasi Perencanaan Risk Area 1064,248.0,196.2,167,8,1.04,0,Tidak,4,3
PLN-1065,Medan Branch,Special Investigation,Evaluasi Perencanaan Risk Area 1065,279.7,197.5,137,2,1.64,0,Tidak,5,3
PLN-1066,Surabaya Branch,Audit Operasional,Evaluasi Perencanaan Risk Area 1066,384.6,308.2,93,6,1.53,0,Tidak,5,2
PLN-1067,Jakarta Branch,Audit Keuangan,Evaluasi Perencanaan Risk Area 1067,150.0,133.6,125,10,0.33,0,Tidak,2,1
PLN-1068,Jakarta Branch,Audit Operasional,Evaluasi Perencanaan Risk Area 1068,121.9,88.7,153,8,0.66,0,Tidak,2,1
PLN-1069,Finance Dept,Audit Kepatuhan,Evaluasi Perencanaan Risk Area 1069,172.5,174.1,71,8,-0.03,0,Tidak,3,1
PLN-1070,Jakarta Branch,Audit Operasional,Evaluasi Perencanaan Risk Area 1070,104.0,150.5,16,3,-0.93,0,Tidak,2,1
PLN-1071,Finance Dept,Audit Kepatuhan,Evaluasi Perencanaan Risk Area 1071,144.9,153.7,54,9,-0.18,0,Tidak,3,1
PLN-1072,Bandung Branch,Audit Kepatuhan,Evaluasi Perencanaan Risk Area 1072,97.4,131.8,164,4,-0.69,0,Tidak,3,1
PLN-1073,Surabaya Branch,Audit Operasional,Evaluasi Perencanaan Risk Area 1073,49.4,64.7,97,9,-0.31,0,Tidak,1,1
PLN-1074,Medan Branch,Special Investigation,Evaluasi Perencanaan Risk Area 1074,53.5,56.3,82,4,-0.06,0,Tidak,1,1
PLN-1075,Finance Dept,Special Investigation,Evaluasi Perencanaan Risk Area 1075,286.0,395.7,172,11,-2.19,0,Tidak,4,1
PLN-1076,Operations Dept,Special Investigation,Evaluasi Perencanaan Risk Area 1076,178.2,199.7,46,8,-0.43,0,Tidak,2,1
PLN-1077,Jakarta Branch,Audit TI,Evaluasi Perencanaan Risk Area 1077,62.2,184.5,128,3,-2.45,0,Tidak,1,1
PLN-1078,Operations Dept,Audit Kepatuhan,Evaluasi Perencanaan Risk Area 1078,309.4,287.9,66,5,0.43,0,Tidak,4,1
PLN-1079,Finance Dept,Audit Operasional,Evaluasi Perencanaan Risk Area 1079,126.5,126.4,17,7,0.0,0,Tidak,2,1
PLN-1080,IT Dept,Special Investigation,Evaluasi Perencanaan Risk Area 1080,273.1,382.5,104,10,-2.19,0,Tidak,4,1
PLN-1081,Finance Dept,Special Investigation,Evaluasi Perencanaan Risk Area 1081,400.2,325.2,126,6,1.5,0,Tidak,5,2
PLN-1082,Jakarta Branch,Audit Operasional,Evaluasi Perencanaan Risk Area 1082,108.0,81.3,119,10,0.53,0,Tidak,2,1
PLN-1083,IT Dept,Audit Kepatuhan,Evaluasi Perencanaan Risk Area 1083,85.8,196.2,29,6,-2.21,0,Tidak,1,1
PLN-1084,IT Dept,Audit Operasional,Evaluasi Perencanaan Risk Area 1084,262.2,357.7,133,11,-1.91,0,Tidak,3,1
PLN-1085,Jakarta Branch,Audit TI,Evaluasi Perencanaan Risk Area 1085,278.2,380.7,62,9,-2.05,0,Tidak,4,1
PLN-1086,IT Dept,Audit TI,Evaluasi Perencanaan Risk Area 1086,143.3,213.6,128,2,-1.41,0,Tidak,2,1
PLN-1087,Surabaya Branch,Audit Operasional,Evaluasi Perencanaan Risk Area 1087,341.5,264.7,21,8,1.54,0,Tidak,4,2
PLN-1088,Medan Branch,Audit Kepatuhan,Evaluasi Perencanaan Risk Area 1088,101.1,108.5,26,5,-0.15,0,Tidak,3,1
PLN-1089,Operations Dept,Special Investigation,Evaluasi Perencanaan Risk Area 1089,360.2,396.9,73,6,-0.73,0,Tidak,5,1
PLN-1090,Surabaya Branch,Audit TI,Evaluasi Perencanaan Risk Area 1090,39.3,131.1,51,7,-1.84,0,Tidak,1,1
PLN-1091,Surabaya Branch,Audit TI,Evaluasi Perencanaan Risk Area 1091,464.5,380.0,103,6,1.69,0,Tidak,5,2
PLN-1092,Jakarta Branch,Audit Kepatuhan,Evaluasi Perencanaan Risk Area 1092,157.1,277.4,166,2,-2.41,0,Tidak,2,1
PLN-1093,Jakarta Branch,Audit TI,Evaluasi Perencanaan Risk Area 1093,268.2,262.7,156,10,0.11,0,Tidak,3,2
PLN-1094,Operations Dept,Audit TI,Evaluasi Perencanaan Risk Area 1094,251.7,229.4,20,3,0.45,0,Tidak,4,1
PLN-1095,Medan Branch,Audit Kepatuhan,Evaluasi Perencanaan Risk Area 1095,192.9,130.7,107,10,1.24,0,Tidak,4,2
PLN-1096,Finance Dept,Audit Operasional,Evaluasi Perencanaan Risk Area 1096,60.6,111.8,80,11,-1.02,0,Tidak,2,1
PLN-1097,Surabaya Branch,Special Investigation,Evaluasi Perencanaan Risk Area 1097,38.2,127.2,117,3,-1.78,0,Tidak,2,1
PLN-1098,IT Dept,Special Investigation,Evaluasi Perencanaan Risk Area 1098,122.7,115.3,67,10,0.15,0,Tidak,2,2
PLN-1099,Medan Branch,Audit TI,Evaluasi Perencanaan Risk Area 1099,526.4,322.9,43,7,4.07,1,Ya (Anomali),5,5
PLN-1100,Surabaya Branch,Special Investigation,Evaluasi Perencanaan Risk Area 1100,247.3,172.5,29,10,1.5,0,Tidak,3,3
PLN-1101,Finance Dept,Audit Operasional,Evaluasi Perencanaan Risk Area 1101,75.4,70.2,59,7,0.1,0,Tidak,1,1
PLN-1102,IT Dept,Audit TI,Evaluasi Perencanaan Risk Area 1102,322.2,389.2,111,7,-1.34,0,Tidak,4,1
PLN-1103,Surabaya Branch,Special Investigation,Evaluasi Perencanaan Risk Area 1103,460.8,359.3,147,3,2.03,0,Tidak,5,3
PLN-1104,Bandung Branch,Audit Keuangan,Evaluasi Perencanaan Risk Area 1104,247.0,374.7,169,9,-2.55,0,Tidak,3,1
PLN-1105,Operations Dept,Audit Keuangan,Evaluasi Perencanaan Risk Area 1105,464.6,398.2,61,4,1.33,0,Tidak,5,2
PLN-1106,Medan Branch,Audit Keuangan,Evaluasi Perencanaan Risk Area 1106,130.5,110.9,24,8,0.39,0,Tidak,3,2
PLN-1107,Operations Dept,Audit Keuangan,Evaluasi Perencanaan Risk Area 1107,258.7,188.7,93,6,1.4,0,Tidak,4,2
PLN-1108,Jakarta Branch,Audit Keuangan,Evaluasi Perencanaan Risk Area 1108,620.0,315.4,140,4,6.09,1,Ya (Anomali),5,5
PLN-1109,Surabaya Branch,Audit TI,Evaluasi Perencanaan Risk Area 1109,333.9,293.6,46,2,0.81,0,Tidak,5,1
PLN-1110,IT Dept,Audit Kepatuhan,Evaluasi Perencanaan Risk Area 1110,85.4,103.9,135,9,-0.37,0,Tidak,2,1
PLN-1111,IT Dept,Audit Kepatuhan,Evaluasi Perencanaan Risk Area 1111,332.5,335.5,49,4,-0.06,0,Tidak,4,1
PLN-1112,Medan Branch,Audit TI,Evaluasi Perencanaan Risk Area 1112,49.0,128.6,81,3,-1.59,0,Tidak,1,1
PLN-1113,Medan Branch,Audit TI,Evaluasi Perencanaan Risk Area 1113,97.1,128.3,49,2,-0.62,0,Tidak,2,1
PLN-1114,Operations Dept,Audit Operasional,Evaluasi Perencanaan Risk Area 1114,203.8,237.9,65,5,-0.68,0,Tidak,3,1
PLN-1115,IT Dept,Audit Kepatuhan,Evaluasi Perencanaan Risk Area 1115,210.3,257.5,160,9,-0.94,0,Tidak,3,1
PLN-1116,IT Dept,Audit Keuangan,Evaluasi Perencanaan Risk Area 1116,266.5,253.0,113,4,0.27,0,Tidak,4,1
PLN-1117,IT Dept,Audit TI,Evaluasi Perencanaan Risk Area 1117,58.4,82.0,148,2,-0.47,0,Tidak,2,1
PLN-1118,Surabaya Branch,Audit Keuangan,Evaluasi Perencanaan Risk Area 1118,497.2,357.1,119,5,2.8,0,Tidak,5,4
PLN-1119,IT Dept,Audit Kepatuhan,Evaluasi Perencanaan Risk Area 1119,143.0,143.0,145,10,0.0,0,Tidak,3,1
PLN-1120,Jakarta Branch,Special Investigation,Evaluasi Perencanaan Risk Area 1120,95.0,95.3,102,2,-0.01,0,Tidak,3,1
PLN-1121,IT Dept,Special Investigation,Evaluasi Perencanaan Risk Area 1121,319.7,361.1,103,3,-0.83,0,Tidak,4,1
PLN-1122,Jakarta Branch,Audit TI,Evaluasi Perencanaan Risk Area 1122,405.4,384.5,65,10,0.42,0,Tidak,5,1
PLN-1123,Surabaya Branch,Audit Operasional,Evaluasi Perencanaan Risk Area 1123,453.3,351.7,69,3,2.03,1,Ya (Anomali),5,5
PLN-1124,Medan Branch,Audit Keuangan,Evaluasi Perencanaan Risk Area 1124,232.1,333.3,147,4,-2.02,0,Tidak,3,1
PLN-1125,Jakarta Branch,Audit TI,Evaluasi Perencanaan Risk Area 1125,215.0,279.3,48,8,-1.29,0,Tidak,3,1
PLN-1126,Surabaya Branch,Audit Operasional,Evaluasi Perencanaan Risk Area 1126,217.0,242.8,37,4,-0.52,0,Tidak,3,1
PLN-1127,IT Dept,Audit Keuangan,Evaluasi Perencanaan Risk Area 1127,42.5,80.4,58,10,-0.76,0,Tidak,2,1
PLN-1128,Surabaya Branch,Audit Kepatuhan,Evaluasi Perencanaan Risk Area 1128,137.7,193.0,173,7,-1.11,0,Tidak,2,1
PLN-1129,IT Dept,Special Investigation,Evaluasi Perencanaan Risk Area 1129,150.3,180.4,134,4,-0.6,0,Tidak,3,1
PLN-1130,Operations Dept,Audit Operasional,Evaluasi Perencanaan Risk Area 1130,184.0,140.9,22,10,0.86,0,Tidak,3,2
PLN-1131,Surabaya Branch,Audit Keuangan,Evaluasi Perencanaan Risk Area 1131,331.1,303.2,45,2,0.56,0,Tidak,4,1
PLN-1132,Medan Branch,Audit TI,Evaluasi Perencanaan Risk Area 1132,238.8,223.6,110,11,0.3,0,Tidak,3,1
PLN-1133,Jakarta Branch,Audit Keuangan,Evaluasi Perencanaan Risk Area 1133,101.7,78.4,35,4,0.47,0,Tidak,3,2
PLN-1134,Operations Dept,Audit TI,Evaluasi Perencanaan Risk Area 1134,121.0,127.1,95,2,-0.12,0,Tidak,2,1
PLN-1135,Medan Branch,Special Investigation,Evaluasi Perencanaan Risk Area 1135,328.6,289.1,13,3,0.79,0,Tidak,5,2
PLN-1136,Bandung Branch,Special Investigation,Evaluasi Perencanaan Risk Area 1136,73.8,76.6,91,9,-0.06,0,Tidak,1,1
PLN-1137,IT Dept,Audit Keuangan,Evaluasi Perencanaan Risk Area 1137,380.2,347.9,175,8,0.65,0,Tidak,5,1
PLN-1138,Jakarta Branch,Audit Keuangan,Evaluasi Perencanaan Risk Area 1138,177.8,223.3,136,3,-0.91,0,Tidak,2,1
PLN-1139,Medan Branch,Audit TI,Evaluasi Perencanaan Risk Area 1139,65.5,218.2,97,3,-3.05,0,Tidak,1,1
PLN-1140,Jakarta Branch,Audit TI,Evaluasi Perencanaan Risk Area 1140,245.2,257.3,136,10,-0.24,0,Tidak,3,1
PLN-1141,Bandung Branch,Audit Operasional,Evaluasi Perencanaan Risk Area 1141,507.2,338.6,129,7,3.37,1,Ya (Anomali),5,5
PLN-1142,Finance Dept,Audit Operasional,Evaluasi Perencanaan Risk Area 1142,227.4,171.7,31,6,1.11,0,Tidak,4,2
PLN-1143,IT Dept,Audit Operasional,Evaluasi Perencanaan Risk Area 1143,384.4,287.3,139,11,1.94,0,Tidak,5,3
PLN-1144,IT Dept,Audit Keuangan,Evaluasi Perencanaan Risk Area 1144,355.3,248.0,40,7,2.15,0,Tidak,4,4
PLN-1145,Surabaya Branch,Audit Operasional,Evaluasi Perencanaan Risk Area 1145,148.0,143.5,128,10,0.09,0,Tidak,3,1
PLN-1146,IT Dept,Audit Keuangan,Evaluasi Perencanaan Risk Area 1146,382.2,357.5,20,8,0.49,0,Tidak,5,1
PLN-1147,IT Dept,Special Investigation,Evaluasi Perencanaan Risk Area 1147,258.0,329.1,55,11,-1.42,0,Tidak,3,1
PLN-1148,Medan Branch,Audit Kepatuhan,Evaluasi Perencanaan Risk Area 1148,249.5,280.5,105,11,-0.62,0,Tidak,3,1
PLN-1149,Operations Dept,Special Investigation,Evaluasi Perencanaan Risk Area 1149,422.6,347.7,19,10,1.5,0,Tidak,5,2
PLN-1150,IT Dept,Audit Keuangan,Evaluasi Perencanaan Risk Area 1150,502.6,353.6,177,5,2.98,1,Ya (Anomali),5,5
PLN-1151,IT Dept,Audit Keuangan,Evaluasi Perencanaan Risk Area 1151,283.4,297.9,137,3,-0.29,0,Tidak,5,1
PLN-1152,Bandung Branch,Audit Kepatuhan,Evaluasi Perencanaan Risk Area 1152,289.0,343.0,161,9,-1.08,0,Tidak,4,1
PLN-1153,Operations Dept,Audit TI,Evaluasi Perencanaan Risk Area 1153,294.2,294.1,108,5,0.0,0,Tidak,4,1
PLN-1154,Bandung Branch,Audit TI,Evaluasi Perencanaan Risk Area 1154,348.6,288.0,121,10,1.21,0,Tidak,4,2
PLN-1155,Jakarta Branch,Audit TI,Evaluasi Perencanaan Risk Area 1155,131.8,266.5,69,5,-2.69,0,Tidak,3,1
PLN-1156,Jakarta Branch,Audit Operasional,Evaluasi Perencanaan Risk Area 1156,94.0,313.5,96,9,-4.39,0,Tidak,2,1
PLN-1157,IT Dept,Audit TI,Evaluasi Perencanaan Risk Area 1157,85.2,105.5,154,10,-0.41,0,Tidak,2,1
PLN-1158,IT Dept,Audit Operasional,Evaluasi Perencanaan Risk Area 1158,205.2,358.3,74,10,-3.06,0,Tidak,4,1
PLN-1159,Surabaya Branch,Audit Operasional,Evaluasi Perencanaan Risk Area 1159,291.9,355.1,66,11,-1.26,0,Tidak,5,1
PLN-1160,Jakarta Branch,Audit TI,Evaluasi Perencanaan Risk Area 1160,57.1,60.2,115,5,-0.06,0,Tidak,2,1
PLN-1161,Medan Branch,Audit TI,Evaluasi Perencanaan Risk Area 1161,285.2,339.0,18,2,-1.08,0,Tidak,4,1
PLN-1162,IT Dept,Audit Kepatuhan,Evaluasi Perencanaan Risk Area 1162,143.4,95.1,31,4,0.97,0,Tidak,3,2
PLN-1163,Medan Branch,Audit Kepatuhan,Evaluasi Perencanaan Risk Area 1163,186.4,167.3,150,10,0.38,0,Tidak,3,2
PLN-1164,IT Dept,Audit Operasional,Evaluasi Perencanaan Risk Area 1164,342.8,310.2,98,5,0.65,0,Tidak,5,1
PLN-1165,Medan Branch,Audit Kepatuhan,Evaluasi Perencanaan Risk Area 1165,129.4,106.3,27,6,0.46,0,Tidak,2,1
PLN-1166,Finance Dept,Audit Operasional,Evaluasi Perencanaan Risk Area 1166,202.3,336.3,124,8,-2.68,0,Tidak,4,1
PLN-1167,Medan Branch,Audit Keuangan,Evaluasi Perencanaan Risk Area 1167,465.3,341.2,177,6,2.48,1,Ya (Anomali),5,4
PLN-1168,Operations Dept,Audit Operasional,Evaluasi Perencanaan Risk Area 1168,221.6,227.6,154,5,-0.12,0,Tidak,3,1
PLN-1169,Jakarta Branch,Audit Operasional,Evaluasi Perencanaan Risk Area 1169,64.4,52.2,152,3,0.24,0,Tidak,2,1
PLN-1170,IT Dept,Audit Kepatuhan,Evaluasi Perencanaan Risk Area 1170,94.0,150.5,115,3,-1.13,0,Tidak,2,1
PLN-1171,Jakarta Branch,Audit Keuangan,Evaluasi Perencanaan Risk Area 1171,121.3,265.9,24,5,-2.89,0,Tidak,2,1
PLN-1172,Operations Dept,Special Investigation,Evaluasi Perencanaan Risk Area 1172,506.0,393.4,72,11,2.25,0,Tidak,5,3
PLN-1173,Operations Dept,Special Investigation,Evaluasi Perencanaan Risk Area 1173,306.8,271.1,176,11,0.71,0,Tidak,5,1
PLN-1174,Medan Branch,Special Investigation,Evaluasi Perencanaan Risk Area 1174,96.4,140.9,22,10,-0.89,0,Tidak,2,1
PLN-1175,Bandung Branch,Audit Keuangan,Evaluasi Perencanaan Risk Area 1175,189.1,271.9,90,9,-1.66,0,Tidak,3,1
PLN-1176,Bandung Branch,Audit TI,Evaluasi Perencanaan Risk Area 1176,333.1,239.0,41,4,1.88,0,Tidak,4,2
PLN-1177,Operations Dept,Audit Keuangan,Evaluasi Perencanaan Risk Area 1177,188.5,322.9,146,10,-2.69,0,Tidak,3,1
PLN-1178,Bandung Branch,Audit Kepatuhan,Evaluasi Perencanaan Risk Area 1178,137.6,87.4,49,6,1.0,0,Tidak,3,1
PLN-1179,IT Dept,Audit Operasional,Evaluasi Perencanaan Risk Area 1179,216.7,316.4,157,4,-1.99,0,Tidak,4,1
PLN-1180,Surabaya Branch,Audit Operasional,Evaluasi Perencanaan Risk Area 1180,292.9,239.4,91,6,1.07,0,Tidak,4,2
PLN-1181,Finance Dept,Audit Kepatuhan,Evaluasi Perencanaan Risk Area 1181,342.5,387.0,86,11,-0.89,0,Tidak,4,1
PLN-1182,Medan Branch,Audit Kepatuhan,Evaluasi Perencanaan Risk Area 1182,205.5,169.7,85,5,0.72,0,Tidak,4,1
PLN-1183,Surabaya Branch,Audit Operasional,Evaluasi Perencanaan Risk Area 1183,219.7,271.4,47,9,-1.03,0,Tidak,3,1
PLN-1184,Bandung Branch,Audit TI,Evaluasi Perencanaan Risk Area 1184,354.8,376.2,80,6,-0.43,0,Tidak,4,1
PLN-1185,Medan Branch,Audit TI,Evaluasi Perencanaan Risk Area 1185,87.1,85.9,57,11,0.02,0,Tidak,1,2
PLN-1186,Surabaya Branch,Audit TI,Evaluasi Perencanaan Risk Area 1186,245.4,378.0,27,9,-2.65,0,Tidak,3,1
PLN-1187,Jakarta Branch,Audit Kepatuhan,Evaluasi Perencanaan Risk Area 1187,366.2,290.8,153,10,1.51,0,Tidak,5,3
PLN-1188,Bandung Branch,Audit Operasional,Evaluasi Perencanaan Risk Area 1188,60.5,73.7,48,5,-0.26,0,Tidak,1,1
PLN-1189,Surabaya Branch,Audit Operasional,Evaluasi Perencanaan Risk Area 1189,142.9,155.3,98,8,-0.25,0,Tidak,2,1
PLN-1190,IT Dept,Audit Operasional,Evaluasi Perencanaan Risk Area 1190,194.2,297.9,71,3,-2.07,0,Tidak,3,1
PLN-1191,Jakarta Branch,Audit Keuangan,Evaluasi Perencanaan Risk Area 1191,22.1,73.6,150,7,-1.03,0,Tidak,2,1
PLN-1192,Bandung Branch,Audit Keuangan,Evaluasi Perencanaan Risk Area 1192,236.8,253.8,118,9,-0.34,0,Tidak,3,1
PLN-1193,Finance Dept,Special Investigation,Evaluasi Perencanaan Risk Area 1193,315.6,171.1,90,8,2.89,1,Ya (Anomali),5,5
PLN-1194,Operations Dept,Audit Keuangan,Evaluasi Perencanaan Risk Area 1194,340.7,267.3,143,8,1.47,0,Tidak,4,2
PLN-1195,Bandung Branch,Audit TI,Evaluasi Perencanaan Risk Area 1195,65.6,66.0,86,9,-0.01,0,Tidak,2,1
PLN-1196,IT Dept,Audit TI,Evaluasi Perencanaan Risk Area 1196,322.3,355.0,99,8,-0.65,0,Tidak,5,1
PLN-1197,Finance Dept,Audit TI,Evaluasi Perencanaan Risk Area 1197,393.8,390.7,23,6,0.06,0,Tidak,5,1
PLN-1198,Finance Dept,Audit TI,Evaluasi Perencanaan Risk Area 1198,463.6,389.1,104,8,1.49,0,Tidak,5,3
PLN-1199,Finance Dept,Special Investigation,Evaluasi Perencanaan Risk Area 1199,183.3,312.4,63,11,-2.58,0,Tidak,3,1
PLN-1200,Medan Branch,Audit TI,Evaluasi Perencanaan Risk Area 1200,132.7,95.5,141,4,0.74,0,Tidak,2,2
