ID Transaksi,Kategori,Entitas,Kanal Transaksi,Nilai Transaksi (Juta Rp),Bunga/Margin (%),Jam Transaksi (0-23),Status Dokumen,Jumlah Gagal Login,Tingkat Risiko Nasabah,Status Otorisasi / Maker-Checker,Deviasi terhadap Profil Historis (%),TARGET: is_anomaly,TARGET: Impact (1-5),TARGET: Likelihood (1-5),Alasan Anomali
BANK-TRX-0001,IT Control,Cabang Medan,Host-to-Host Core Banking,0.0,0.0,2,Lengkap,0,PEP / High Risk Watchlist,Override / Tanpa Otorisasi,218.19,Ya (Anomali),5,5,Aktivitas akses administratif basis data core banking pada dini hari (Jam 02:00) tanpa tiket Change Request
BANK-TRX-0002,KYC,Cabang Bali,Mobile / Internet Banking,0.0,0.0,14,Lengkap,0,Medium Risk,Otorisasi Mandiri Sesuai Limit,6.89,Tidak,2,1,-
BANK-TRX-0003,Funding,Cabang Jakarta,Cabang / Teller,206.52,3.98,11,Lengkap,0,Low Risk,Terverifikasi Dual Control (Maker-Checker),5.2,Tidak,1,1,-
BANK-TRX-0004,Treasury,Cabang Jakarta,Host-to-Host Core Banking,1649.0,0.0,11,Lengkap,0,Low Risk,Otorisasi Mandiri Sesuai Limit,20.56,Tidak,1,1,-
BANK-TRX-0005,Funding,Cabang Bali,ATM / CRM,72.05,3.24,15,Lengkap,0,Medium Risk,Terverifikasi Dual Control (Maker-Checker),0.66,Tidak,1,2,-
BANK-TRX-0006,IT Control,Cabang Bali,Mobile / Internet Banking,0.0,0.0,6,Lengkap,0,Low Risk,Terverifikasi Dual Control (Maker-Checker),16.09,Tidak,1,2,-
BANK-TRX-0007,Lending,Cabang Jakarta,Cabang / Teller,2037.7,13.9,9,Lengkap,0,Low Risk,Terverifikasi Dual Control (Maker-Checker),15.56,Tidak,2,1,-
BANK-TRX-0008,KYC,Cabang Bali,Mobile / Internet Banking,0.0,0.0,15,Lengkap,0,Low Risk,Terverifikasi Dual Control (Maker-Checker),10.75,Tidak,2,1,-
BANK-TRX-0009,Treasury,Cabang Medan,Dealing Room / SWIFT,4802.35,0.0,15,Lengkap,0,Low Risk,Otorisasi Mandiri Sesuai Limit,4.15,Tidak,1,1,-
BANK-TRX-0010,KYC,Kantor Pusat,Mobile / Internet Banking,0.0,0.0,11,Lengkap,0,Medium Risk,Terverifikasi Dual Control (Maker-Checker),1.91,Tidak,1,1,-
BANK-TRX-0011,KYC,Cabang Bali,Cabang / Teller,0.0,0.0,12,Lengkap,0,Medium Risk,Terverifikasi Dual Control (Maker-Checker),24.73,Tidak,1,1,-
BANK-TRX-0012,Funding,Cabang Surabaya,Mobile / Internet Banking,303.83,2.35,13,Lengkap,0,High Risk,Terverifikasi Dual Control (Maker-Checker),9.3,Tidak,2,1,-
BANK-TRX-0013,Funding,Cabang Bali,Cabang / Teller,267.06,2.33,14,Lengkap,0,Low Risk,Otorisasi Mandiri Sesuai Limit,1.82,Tidak,2,2,-
BANK-TRX-0014,KYC,Cabang Bali,Cabang / Teller,0.0,0.0,16,Lengkap,0,Low Risk,Otorisasi Mandiri Sesuai Limit,20.87,Tidak,2,1,-
BANK-TRX-0015,Lending,Cabang Jakarta,Cabang / Teller,548.26,10.54,10,Lengkap,0,Medium Risk,Terverifikasi Dual Control (Maker-Checker),13.81,Tidak,1,1,-
BANK-TRX-0016,Funding,Cabang Surabaya,Cabang / Teller,387.16,2.7,10,Lengkap,0,Low Risk,Terverifikasi Dual Control (Maker-Checker),0.19,Tidak,1,2,-
BANK-TRX-0017,Treasury,Kantor Pusat,Dealing Room / SWIFT,1436.13,0.0,16,Lengkap,0,Low Risk,Otorisasi Mandiri Sesuai Limit,8.12,Tidak,1,2,-
BANK-TRX-0018,Payment,Cabang Medan,Cabang / Teller,78.92,0.0,12,Lengkap,0,High Risk,Otorisasi Mandiri Sesuai Limit,15.01,Tidak,1,1,-
BANK-TRX-0019,KYC,Cabang Medan,Cabang / Teller,0.0,0.0,11,Lengkap,0,Low Risk,Terverifikasi Dual Control (Maker-Checker),16.08,Tidak,1,1,-
BANK-TRX-0020,Treasury,Kantor Pusat,Dealing Room / SWIFT,1670.17,0.0,15,Lengkap,0,Low Risk,Otorisasi Mandiri Sesuai Limit,3.8,Tidak,1,1,-
BANK-TRX-0021,Lending,Kantor Pusat,Cabang / Teller,66662.33,4.18,13,Lengkap,0,High Risk,Override / Tanpa Otorisasi,317.28,Ya (Anomali),4,4,Pencairan kredit bernilai Rp 66662.33 Juta dengan bunga murah ekstrem (4.18%) pihak terafiliasi melanggar BMPK
BANK-TRX-0022,Payment,Cabang Jakarta,Cabang / Teller,55.95,0.0,13,Lengkap,0,Low Risk,Terverifikasi Dual Control (Maker-Checker),19.22,Tidak,1,1,-
BANK-TRX-0023,Payment,Cabang Bandung,ATM / CRM,2.76,0.0,11,Lengkap,0,Low Risk,Terverifikasi Dual Control (Maker-Checker),1.43,Tidak,1,2,-
BANK-TRX-0024,Lending,Kantor Pusat,Cabang / Teller,180.62,13.45,15,Lengkap,0,Low Risk,Terverifikasi Dual Control (Maker-Checker),19.66,Tidak,1,1,-
BANK-TRX-0025,Funding,Cabang Surabaya,Mobile / Internet Banking,26.09,2.41,9,Lengkap,0,Medium Risk,Terverifikasi Dual Control (Maker-Checker),23.85,Tidak,1,1,-
BANK-TRX-0026,Lending,Kantor Pusat,Cabang / Teller,876.17,12.47,9,Lengkap,0,Low Risk,Terverifikasi Dual Control (Maker-Checker),9.11,Tidak,1,2,-
BANK-TRX-0027,Payment,Cabang Bali,Mobile / Internet Banking,47.51,0.0,16,Lengkap,0,High Risk,Terverifikasi Dual Control (Maker-Checker),7.1,Tidak,2,2,-
BANK-TRX-0028,Treasury,Cabang Bandung,Dealing Room / SWIFT,2551.48,0.0,9,Lengkap,0,Medium Risk,Otorisasi Mandiri Sesuai Limit,20.49,Tidak,2,1,-
BANK-TRX-0029,Lending,Kantor Pusat,Cabang / Teller,1702.35,12.01,13,Lengkap,0,Low Risk,Otorisasi Mandiri Sesuai Limit,13.55,Tidak,2,1,-
BANK-TRX-0030,Treasury,Cabang Bandung,Dealing Room / SWIFT,50437.18,0.0,15,Lengkap,0,PEP / High Risk Watchlist,Override / Tanpa Otorisasi,245.3,Ya (Anomali),4,5,Transaksi valas dengan deviasi kurs melenceng (Off-Market Rate) melampaui limit dealer tanpa verifikasi Middle Office
BANK-TRX-0031,Lending,Cabang Surabaya,Cabang / Teller,56330.06,4.46,13,Lengkap,0,PEP / High Risk Watchlist,Override / Tanpa Otorisasi,261.47,Ya (Anomali),5,4,Pencairan kredit bernilai Rp 56330.06 Juta dengan bunga murah ekstrem (4.46%) pihak terafiliasi melanggar BMPK
BANK-TRX-0032,KYC,Cabang Bali,Mobile / Internet Banking,0.0,0.0,9,Lengkap,0,Low Risk,Terverifikasi Dual Control (Maker-Checker),4.02,Tidak,2,1,-
BANK-TRX-0033,Payment,Cabang Bandung,Cabang / Teller,14.28,0.0,15,Lengkap,0,Low Risk,Terverifikasi Dual Control (Maker-Checker),22.81,Tidak,1,2,-
BANK-TRX-0034,Payment,Kantor Pusat,Cabang / Teller,84.64,0.0,10,Lengkap,0,Medium Risk,Terverifikasi Dual Control (Maker-Checker),8.33,Tidak,1,1,-
BANK-TRX-0035,Lending,Cabang Surabaya,Cabang / Teller,3781.2,13.45,13,Lengkap,0,Low Risk,Otorisasi Mandiri Sesuai Limit,15.17,Tidak,1,1,-
BANK-TRX-0036,Treasury,Cabang Bandung,Dealing Room / SWIFT,44640.19,0.0,11,Lengkap,0,PEP / High Risk Watchlist,Override / Tanpa Otorisasi,246.07,Ya (Anomali),5,5,Transaksi valas dengan deviasi kurs melenceng (Off-Market Rate) melampaui limit dealer tanpa verifikasi Middle Office
BANK-TRX-0037,Treasury,Kantor Pusat,Dealing Room / SWIFT,2241.43,0.0,13,Lengkap,0,Low Risk,Otorisasi Mandiri Sesuai Limit,3.09,Tidak,1,1,-
BANK-TRX-0038,Funding,Kantor Pusat,ATM / CRM,280.2,3.55,16,Lengkap,0,Low Risk,Otorisasi Mandiri Sesuai Limit,13.41,Tidak,2,1,-
BANK-TRX-0039,Lending,Cabang Medan,Cabang / Teller,1048.98,10.55,13,Lengkap,0,Low Risk,Otorisasi Mandiri Sesuai Limit,16.86,Tidak,1,2,-
BANK-TRX-0040,Payment,Cabang Medan,ATM / CRM,13.97,0.0,8,Lengkap,0,Medium Risk,Terverifikasi Dual Control (Maker-Checker),21.04,Tidak,1,2,-
BANK-TRX-0041,IT Control,Cabang Bandung,Mobile / Internet Banking,0.0,0.0,12,Lengkap,0,Medium Risk,Terverifikasi Dual Control (Maker-Checker),4.64,Tidak,1,2,-
BANK-TRX-0042,Funding,Cabang Bandung,Mobile / Internet Banking,271.1,1.87,18,Lengkap,0,Low Risk,Terverifikasi Dual Control (Maker-Checker),14.33,Tidak,2,1,-
BANK-TRX-0043,IT Control,Kantor Pusat,Mobile / Internet Banking,0.0,0.0,10,Lengkap,1,Low Risk,Otorisasi Mandiri Sesuai Limit,6.05,Tidak,2,1,-
BANK-TRX-0044,Lending,Cabang Bali,Cabang / Teller,1610.03,10.43,16,Lengkap,0,Low Risk,Terverifikasi Dual Control (Maker-Checker),2.3,Tidak,1,1,-
BANK-TRX-0045,KYC,Kantor Pusat,Cabang / Teller,0.0,0.0,12,Lengkap,0,Low Risk,Otorisasi Mandiri Sesuai Limit,22.44,Tidak,1,2,-
BANK-TRX-0046,Lending,Cabang Surabaya,Cabang / Teller,187.61,8.34,16,Lengkap,0,Medium Risk,Terverifikasi Dual Control (Maker-Checker),3.13,Tidak,2,1,-
BANK-TRX-0047,Lending,Cabang Bandung,Cabang / Teller,3266.71,8.44,16,Lengkap,0,Low Risk,Otorisasi Mandiri Sesuai Limit,3.6,Tidak,1,1,-
BANK-TRX-0048,Funding,Kantor Pusat,ATM / CRM,1287.88,2.46,20,Lengkap,0,Low Risk,Otorisasi Mandiri Sesuai Limit,15.16,Tidak,1,1,-
BANK-TRX-0049,Funding,Cabang Bandung,Cabang / Teller,130.97,2.19,15,Lengkap,0,Low Risk,Terverifikasi Dual Control (Maker-Checker),23.42,Tidak,1,1,-
BANK-TRX-0050,Lending,Cabang Bali,Cabang / Teller,5076.84,8.91,8,Lengkap,0,Medium Risk,Terverifikasi Dual Control (Maker-Checker),21.43,Tidak,2,1,-
BANK-TRX-0051,Payment,Cabang Surabaya,Cabang / Teller,2.16,0.0,15,Lengkap,0,High Risk,Terverifikasi Dual Control (Maker-Checker),16.82,Tidak,1,2,-
BANK-TRX-0052,IT Control,Cabang Bandung,Mobile / Internet Banking,0.0,0.0,12,Lengkap,0,High Risk,Otorisasi Mandiri Sesuai Limit,7.69,Tidak,1,2,-
BANK-TRX-0053,Lending,Cabang Medan,Cabang / Teller,163.87,10.66,13,Lengkap,0,Low Risk,Terverifikasi Dual Control (Maker-Checker),5.25,Tidak,1,2,-
BANK-TRX-0054,Funding,Cabang Jakarta,ATM / CRM,950.52,3.47,7,Lengkap,0,Low Risk,Terverifikasi Dual Control (Maker-Checker),20.77,Tidak,2,2,-
BANK-TRX-0055,IT Control,Cabang Bandung,Host-to-Host Core Banking,0.0,0.0,7,Lengkap,1,Low Risk,Terverifikasi Dual Control (Maker-Checker),14.46,Tidak,1,2,-
BANK-TRX-0056,Lending,Cabang Surabaya,Cabang / Teller,1878.18,13.35,11,Lengkap,0,Low Risk,Terverifikasi Dual Control (Maker-Checker),22.59,Tidak,2,1,-
BANK-TRX-0057,KYC,Kantor Pusat,Cabang / Teller,0.0,0.0,14,Lengkap,0,High Risk,Override / Tanpa Otorisasi,127.73,Ya (Anomali),5,5,Onboarding nasabah profil Politically Exposed Person (PEP) disetujui tanpa proses Enhanced Due Diligence (EDD)
BANK-TRX-0058,IT Control,Kantor Pusat,Host-to-Host Core Banking,0.0,0.0,11,Lengkap,0,Low Risk,Otorisasi Mandiri Sesuai Limit,9.66,Tidak,1,1,-
BANK-TRX-0059,IT Control,Cabang Bali,Host-to-Host Core Banking,0.0,0.0,14,Lengkap,0,Low Risk,Otorisasi Mandiri Sesuai Limit,12.45,Tidak,2,2,-
BANK-TRX-0060,Lending,Cabang Jakarta,Cabang / Teller,5713.94,10.92,14,Tidak Lengkap,0,High Risk,Override / Tanpa Otorisasi,335.73,Ya (Anomali),5,5,Pencairan fasilitas kredit mendahului pemenuhan dokumen syarat efektif dan bukti pengikatan agunan
BANK-TRX-0061,Lending,Cabang Medan,Cabang / Teller,167.76,10.46,15,Lengkap,0,Low Risk,Terverifikasi Dual Control (Maker-Checker),12.9,Tidak,1,2,-
BANK-TRX-0062,Funding,Cabang Jakarta,Cabang / Teller,152.66,3.68,14,Lengkap,0,Low Risk,Otorisasi Mandiri Sesuai Limit,7.8,Tidak,1,2,-
BANK-TRX-0063,Lending,Cabang Bali,Cabang / Teller,948.67,13.98,9,Lengkap,0,Medium Risk,Terverifikasi Dual Control (Maker-Checker),3.13,Tidak,1,1,-
BANK-TRX-0064,Funding,Kantor Pusat,Cabang / Teller,747.78,2.61,12,Lengkap,0,Medium Risk,Otorisasi Mandiri Sesuai Limit,3.58,Tidak,1,2,-
BANK-TRX-0065,Funding,Cabang Surabaya,Mobile / Internet Banking,243.32,1.81,16,Lengkap,0,Low Risk,Terverifikasi Dual Control (Maker-Checker),18.98,Tidak,1,1,-
BANK-TRX-0066,KYC,Kantor Pusat,Cabang / Teller,0.0,0.0,10,Lengkap,0,PEP / High Risk Watchlist,Override / Tanpa Otorisasi,280.24,Ya (Anomali),5,4,Onboarding nasabah profil Politically Exposed Person (PEP) disetujui tanpa proses Enhanced Due Diligence (EDD)
BANK-TRX-0067,Funding,Cabang Bali,Mobile / Internet Banking,236.32,1.89,18,Lengkap,0,Medium Risk,Terverifikasi Dual Control (Maker-Checker),8.26,Tidak,1,1,-
BANK-TRX-0068,Treasury,Cabang Jakarta,Dealing Room / SWIFT,4070.67,0.0,10,Lengkap,0,Medium Risk,Otorisasi Mandiri Sesuai Limit,7.85,Tidak,1,1,-
BANK-TRX-0069,Treasury,Cabang Bali,Dealing Room / SWIFT,1413.83,0.0,14,Lengkap,0,Low Risk,Otorisasi Mandiri Sesuai Limit,4.22,Tidak,1,2,-
BANK-TRX-0070,Treasury,Kantor Pusat,Dealing Room / SWIFT,1029.33,0.0,10,Lengkap,0,Low Risk,Terverifikasi Dual Control (Maker-Checker),4.42,Tidak,2,1,-
BANK-TRX-0071,Treasury,Cabang Bandung,Dealing Room / SWIFT,7640.05,0.0,9,Lengkap,0,Medium Risk,Terverifikasi Dual Control (Maker-Checker),12.18,Tidak,1,1,-
BANK-TRX-0072,Funding,Cabang Bandung,ATM / CRM,116.86,1.75,8,Lengkap,0,Medium Risk,Terverifikasi Dual Control (Maker-Checker),0.55,Tidak,1,1,-
BANK-TRX-0073,IT Control,Cabang Bali,Host-to-Host Core Banking,0.0,0.0,1,Lengkap,9,High Risk,Override / Tanpa Otorisasi,101.59,Ya (Anomali),5,5,Percobaan login gagal berulang kali (9 kali) pada jam tidak wajar mengindikasikan serangan Brute Force
BANK-TRX-0074,Funding,Cabang Surabaya,Cabang / Teller,432.82,2.71,13,Lengkap,0,High Risk,Terverifikasi Dual Control (Maker-Checker),15.73,Tidak,1,1,-
BANK-TRX-0075,Funding,Cabang Bali,Mobile / Internet Banking,134.2,3.2,17,Lengkap,0,Medium Risk,Terverifikasi Dual Control (Maker-Checker),18.41,Tidak,1,2,-
BANK-TRX-0076,Treasury,Cabang Jakarta,Dealing Room / SWIFT,4260.0,0.0,10,Lengkap,0,Low Risk,Terverifikasi Dual Control (Maker-Checker),23.23,Tidak,1,1,-
BANK-TRX-0077,Funding,Cabang Bali,Cabang / Teller,20114.34,2.11,16,Lengkap,0,High Risk,Override / Tanpa Otorisasi,338.98,Ya (Anomali),4,5,Penarikan dana masif (Rp 20114.34 Juta) pada rekening simpanan pasif/dormant tanpa otorisasi Branch Manager
BANK-TRX-0078,Funding,Cabang Jakarta,ATM / CRM,283.83,2.52,10,Lengkap,0,Low Risk,Terverifikasi Dual Control (Maker-Checker),9.01,Tidak,1,1,-
BANK-TRX-0079,KYC,Cabang Bali,Cabang / Teller,0.0,0.0,9,Lengkap,0,Low Risk,Terverifikasi Dual Control (Maker-Checker),13.93,Tidak,2,2,-
BANK-TRX-0080,KYC,Cabang Bali,Mobile / Internet Banking,0.0,0.0,11,Lengkap,0,Low Risk,Otorisasi Mandiri Sesuai Limit,6.02,Tidak,1,1,-
BANK-TRX-0081,IT Control,Cabang Surabaya,Host-to-Host Core Banking,0.0,0.0,21,Lengkap,0,Low Risk,Terverifikasi Dual Control (Maker-Checker),19.13,Tidak,2,1,-
BANK-TRX-0082,Lending,Cabang Bali,Cabang / Teller,156.29,12.95,13,Lengkap,0,Low Risk,Terverifikasi Dual Control (Maker-Checker),8.88,Tidak,2,1,-
BANK-TRX-0083,KYC,Kantor Pusat,Cabang / Teller,0.0,0.0,15,Lengkap,0,Medium Risk,Terverifikasi Dual Control (Maker-Checker),17.77,Tidak,2,2,-
BANK-TRX-0084,Funding,Cabang Medan,ATM / CRM,428.52,1.88,16,Lengkap,0,Medium Risk,Otorisasi Mandiri Sesuai Limit,15.93,Tidak,2,2,-
BANK-TRX-0085,Treasury,Cabang Bali,Dealing Room / SWIFT,3852.3,0.0,15,Lengkap,0,Medium Risk,Otorisasi Mandiri Sesuai Limit,7.24,Tidak,2,2,-
BANK-TRX-0086,IT Control,Cabang Surabaya,Mobile / Internet Banking,0.0,0.0,16,Lengkap,1,Medium Risk,Terverifikasi Dual Control (Maker-Checker),6.31,Tidak,1,2,-
BANK-TRX-0087,IT Control,Kantor Pusat,Host-to-Host Core Banking,0.0,0.0,10,Lengkap,0,Low Risk,Otorisasi Mandiri Sesuai Limit,12.13,Tidak,1,2,-
BANK-TRX-0088,Funding,Cabang Medan,Cabang / Teller,567.52,3.37,14,Lengkap,0,Low Risk,Otorisasi Mandiri Sesuai Limit,15.04,Tidak,2,2,-
BANK-TRX-0089,IT Control,Cabang Surabaya,Host-to-Host Core Banking,0.0,0.0,15,Lengkap,0,Low Risk,Terverifikasi Dual Control (Maker-Checker),0.17,Tidak,1,1,-
BANK-TRX-0090,Payment,Cabang Jakarta,Mobile / Internet Banking,18.54,0.0,17,Lengkap,0,Low Risk,Otorisasi Mandiri Sesuai Limit,9.42,Tidak,1,1,-
BANK-TRX-0091,Treasury,Cabang Bandung,Dealing Room / SWIFT,3118.12,0.0,12,Lengkap,0,Low Risk,Terverifikasi Dual Control (Maker-Checker),11.96,Tidak,1,2,-
BANK-TRX-0092,Treasury,Cabang Bandung,Host-to-Host Core Banking,2048.49,0.0,14,Lengkap,0,Low Risk,Terverifikasi Dual Control (Maker-Checker),11.06,Tidak,2,2,-
BANK-TRX-0093,Lending,Kantor Pusat,Cabang / Teller,942.6,13.61,14,Lengkap,0,Medium Risk,Otorisasi Mandiri Sesuai Limit,3.72,Tidak,1,2,-
BANK-TRX-0094,Lending,Cabang Surabaya,Cabang / Teller,20579.6,11.66,16,Tidak Lengkap,0,PEP / High Risk Watchlist,Override / Tanpa Otorisasi,195.19,Ya (Anomali),5,4,Pencairan fasilitas kredit mendahului pemenuhan dokumen syarat efektif dan bukti pengikatan agunan
BANK-TRX-0095,IT Control,Cabang Surabaya,Mobile / Internet Banking,0.0,0.0,15,Lengkap,0,Medium Risk,Terverifikasi Dual Control (Maker-Checker),0.25,Tidak,1,2,-
BANK-TRX-0096,Payment,Cabang Surabaya,ATM / CRM,23.16,0.0,15,Lengkap,0,Low Risk,Terverifikasi Dual Control (Maker-Checker),14.82,Tidak,2,2,-
BANK-TRX-0097,Treasury,Cabang Surabaya,Host-to-Host Core Banking,1353.63,0.0,14,Lengkap,0,Low Risk,Terverifikasi Dual Control (Maker-Checker),6.39,Tidak,1,1,-
BANK-TRX-0098,KYC,Cabang Bali,Cabang / Teller,0.0,0.0,16,Lengkap,0,Low Risk,Terverifikasi Dual Control (Maker-Checker),5.42,Tidak,1,2,-
BANK-TRX-0099,Lending,Cabang Bali,Cabang / Teller,1830.12,13.0,16,Lengkap,0,Low Risk,Otorisasi Mandiri Sesuai Limit,20.85,Tidak,1,1,-
BANK-TRX-0100,Funding,Cabang Bali,Mobile / Internet Banking,579.65,3.32,13,Lengkap,0,Low Risk,Terverifikasi Dual Control (Maker-Checker),5.51,Tidak,1,2,-
BANK-TRX-0101,Treasury,Cabang Medan,Dealing Room / SWIFT,62412.08,0.0,11,Lengkap,0,PEP / High Risk Watchlist,Override / Tanpa Otorisasi,193.29,Ya (Anomali),4,5,Transaksi valas dengan deviasi kurs melenceng (Off-Market Rate) melampaui limit dealer tanpa verifikasi Middle Office
BANK-TRX-0102,Funding,Cabang Bali,Mobile / Internet Banking,350.58,3.74,15,Lengkap,0,Low Risk,Terverifikasi Dual Control (Maker-Checker),19.92,Tidak,1,2,-
BANK-TRX-0103,Payment,Cabang Medan,ATM / CRM,95.71,0.0,16,Lengkap,0,Medium Risk,Terverifikasi Dual Control (Maker-Checker),1.94,Tidak,1,1,-
BANK-TRX-0104,Funding,Cabang Bali,ATM / CRM,39.08,3.6,12,Lengkap,0,Medium Risk,Terverifikasi Dual Control (Maker-Checker),23.32,Tidak,2,1,-
BANK-TRX-0105,KYC,Cabang Surabaya,Mobile / Internet Banking,0.0,0.0,13,Lengkap,0,Low Risk,Otorisasi Mandiri Sesuai Limit,11.41,Tidak,1,1,-
BANK-TRX-0106,Payment,Cabang Bandung,Mobile / Internet Banking,22.57,0.0,22,Lengkap,0,Low Risk,Terverifikasi Dual Control (Maker-Checker),24.66,Tidak,1,1,-
BANK-TRX-0107,IT Control,Cabang Surabaya,Mobile / Internet Banking,0.0,0.0,10,Lengkap,1,Low Risk,Terverifikasi Dual Control (Maker-Checker),2.93,Tidak,1,1,-
BANK-TRX-0108,KYC,Cabang Surabaya,Cabang / Teller,0.0,0.0,14,Lengkap,0,Medium Risk,Terverifikasi Dual Control (Maker-Checker),0.46,Tidak,1,1,-
BANK-TRX-0109,IT Control,Cabang Bandung,Host-to-Host Core Banking,0.0,0.0,19,Lengkap,0,Low Risk,Terverifikasi Dual Control (Maker-Checker),11.68,Tidak,1,2,-
BANK-TRX-0110,KYC,Kantor Pusat,Cabang / Teller,0.0,0.0,14,Lengkap,0,Low Risk,Otorisasi Mandiri Sesuai Limit,5.24,Tidak,1,2,-
BANK-TRX-0111,Lending,Kantor Pusat,Cabang / Teller,2499.24,12.4,8,Lengkap,0,Low Risk,Terverifikasi Dual Control (Maker-Checker),13.83,Tidak,1,1,-
BANK-TRX-0112,KYC,Cabang Bali,Mobile / Internet Banking,0.0,0.0,12,Lengkap,0,Low Risk,Otorisasi Mandiri Sesuai Limit,1.98,Tidak,1,1,-
BANK-TRX-0113,Funding,Cabang Bandung,Mobile / Internet Banking,223.47,3.42,15,Lengkap,0,High Risk,Terverifikasi Dual Control (Maker-Checker),5.9,Tidak,1,1,-
BANK-TRX-0114,KYC,Cabang Bandung,Cabang / Teller,0.0,0.0,12,Tidak Lengkap,0,High Risk,Override / Tanpa Otorisasi,123.53,Ya (Anomali),5,5,Persetujuan pembukaan rekening nasabah padahal dokumen identitas dan persyaratan APU-PPT Tidak Lengkap
BANK-TRX-0115,Payment,Cabang Medan,Cabang / Teller,98.42,0.0,9,Lengkap,0,High Risk,Terverifikasi Dual Control (Maker-Checker),11.13,Tidak,1,2,-
BANK-TRX-0116,IT Control,Cabang Medan,Mobile / Internet Banking,0.0,0.0,14,Lengkap,0,Low Risk,Otorisasi Mandiri Sesuai Limit,20.75,Tidak,2,1,-
BANK-TRX-0117,Lending,Cabang Medan,Cabang / Teller,2482.84,8.76,14,Lengkap,0,Medium Risk,Otorisasi Mandiri Sesuai Limit,7.83,Tidak,2,2,-
BANK-TRX-0118,Funding,Cabang Medan,ATM / CRM,56.54,2.42,8,Lengkap,0,Medium Risk,Otorisasi Mandiri Sesuai Limit,11.16,Tidak,2,1,-
BANK-TRX-0119,Payment,Cabang Bandung,Cabang / Teller,1.54,0.0,10,Lengkap,0,Low Risk,Otorisasi Mandiri Sesuai Limit,20.08,Tidak,1,1,-
BANK-TRX-0120,Funding,Cabang Surabaya,Cabang / Teller,29380.63,1.97,16,Lengkap,0,High Risk,Override / Tanpa Otorisasi,343.66,Ya (Anomali),5,5,Penarikan dana masif (Rp 29380.63 Juta) pada rekening simpanan pasif/dormant tanpa otorisasi Branch Manager
BANK-TRX-0121,Treasury,Cabang Bali,Host-to-Host Core Banking,3071.71,0.0,10,Lengkap,0,Low Risk,Terverifikasi Dual Control (Maker-Checker),12.36,Tidak,1,1,-
BANK-TRX-0122,KYC,Cabang Bandung,Cabang / Teller,0.0,0.0,16,Lengkap,0,Low Risk,Terverifikasi Dual Control (Maker-Checker),21.24,Tidak,1,1,-
BANK-TRX-0123,IT Control,Kantor Pusat,Mobile / Internet Banking,0.0,0.0,16,Lengkap,2,Low Risk,Otorisasi Mandiri Sesuai Limit,2.47,Tidak,1,2,-
BANK-TRX-0124,IT Control,Cabang Jakarta,Host-to-Host Core Banking,0.0,0.0,9,Lengkap,0,Medium Risk,Terverifikasi Dual Control (Maker-Checker),16.85,Tidak,2,1,-
BANK-TRX-0125,Treasury,Cabang Bandung,Host-to-Host Core Banking,5219.83,0.0,12,Lengkap,0,Low Risk,Terverifikasi Dual Control (Maker-Checker),21.62,Tidak,1,1,-
BANK-TRX-0126,IT Control,Cabang Jakarta,Host-to-Host Core Banking,0.0,0.0,2,Lengkap,0,High Risk,Override / Tanpa Otorisasi,227.18,Ya (Anomali),5,5,Aktivitas akses administratif basis data core banking pada dini hari (Jam 02:00) tanpa tiket Change Request
BANK-TRX-0127,Lending,Cabang Medan,Cabang / Teller,350.41,14.44,9,Lengkap,0,Low Risk,Terverifikasi Dual Control (Maker-Checker),22.37,Tidak,1,2,-
BANK-TRX-0128,Funding,Cabang Medan,ATM / CRM,714.56,3.58,14,Lengkap,0,Low Risk,Terverifikasi Dual Control (Maker-Checker),20.62,Tidak,1,1,-
BANK-TRX-0129,Payment,Cabang Bali,ATM / CRM,3.8,0.0,19,Lengkap,0,Low Risk,Otorisasi Mandiri Sesuai Limit,6.74,Tidak,2,2,-
BANK-TRX-0130,Payment,Cabang Medan,Cabang / Teller,61.55,0.0,21,Lengkap,0,Low Risk,Otorisasi Mandiri Sesuai Limit,5.1,Tidak,2,1,-
BANK-TRX-0131,Lending,Cabang Bali,Cabang / Teller,3131.44,10.8,15,Lengkap,0,Medium Risk,Terverifikasi Dual Control (Maker-Checker),19.96,Tidak,2,2,-
BANK-TRX-0132,IT Control,Cabang Bandung,Mobile / Internet Banking,0.0,0.0,20,Lengkap,0,Low Risk,Terverifikasi Dual Control (Maker-Checker),0.78,Tidak,1,1,-
BANK-TRX-0133,Lending,Cabang Bandung,Cabang / Teller,416.6,13.79,10,Lengkap,0,Medium Risk,Terverifikasi Dual Control (Maker-Checker),16.12,Tidak,1,2,-
BANK-TRX-0134,Lending,Cabang Surabaya,Cabang / Teller,511.58,12.75,12,Lengkap,0,High Risk,Terverifikasi Dual Control (Maker-Checker),23.42,Tidak,1,1,-
BANK-TRX-0135,IT Control,Cabang Surabaya,Mobile / Internet Banking,0.0,0.0,7,Lengkap,0,Low Risk,Terverifikasi Dual Control (Maker-Checker),9.92,Tidak,1,1,-
BANK-TRX-0136,Payment,Cabang Medan,Mobile / Internet Banking,10.4,0.0,20,Lengkap,0,Low Risk,Otorisasi Mandiri Sesuai Limit,19.13,Tidak,2,1,-
BANK-TRX-0137,Payment,Cabang Medan,Cabang / Teller,1.48,0.0,6,Lengkap,0,Low Risk,Otorisasi Mandiri Sesuai Limit,15.28,Tidak,1,2,-
BANK-TRX-0138,Treasury,Kantor Pusat,Dealing Room / SWIFT,2359.36,0.0,15,Lengkap,0,Low Risk,Terverifikasi Dual Control (Maker-Checker),10.73,Tidak,1,2,-
BANK-TRX-0139,Treasury,Kantor Pusat,Dealing Room / SWIFT,2771.85,0.0,9,Lengkap,0,Low Risk,Terverifikasi Dual Control (Maker-Checker),6.01,Tidak,1,2,-
BANK-TRX-0140,KYC,Cabang Jakarta,Cabang / Teller,0.0,0.0,16,Lengkap,0,Medium Risk,Terverifikasi Dual Control (Maker-Checker),5.98,Tidak,2,1,-
BANK-TRX-0141,IT Control,Cabang Surabaya,Host-to-Host Core Banking,0.0,0.0,20,Lengkap,0,Low Risk,Terverifikasi Dual Control (Maker-Checker),9.63,Tidak,1,1,-
BANK-TRX-0142,Payment,Cabang Jakarta,ATM / CRM,32.88,0.0,11,Lengkap,0,Low Risk,Otorisasi Mandiri Sesuai Limit,21.64,Tidak,1,1,-
BANK-TRX-0143,Lending,Cabang Bandung,Cabang / Teller,48011.62,4.85,15,Lengkap,0,High Risk,Override / Tanpa Otorisasi,263.38,Ya (Anomali),4,5,Pencairan kredit bernilai Rp 48011.62 Juta dengan bunga murah ekstrem (4.85%) pihak terafiliasi melanggar BMPK
BANK-TRX-0144,Payment,Cabang Bandung,Mobile / Internet Banking,102.75,0.0,21,Lengkap,0,Low Risk,Terverifikasi Dual Control (Maker-Checker),22.19,Tidak,2,1,-
BANK-TRX-0145,Payment,Cabang Bali,ATM / CRM,21.32,0.0,21,Lengkap,0,Low Risk,Terverifikasi Dual Control (Maker-Checker),14.04,Tidak,2,1,-
BANK-TRX-0146,Treasury,Cabang Surabaya,Dealing Room / SWIFT,1134.9,0.0,10,Lengkap,0,Low Risk,Terverifikasi Dual Control (Maker-Checker),2.29,Tidak,1,1,-
BANK-TRX-0147,Payment,Cabang Medan,Mobile / Internet Banking,143.32,0.0,16,Lengkap,0,Low Risk,Terverifikasi Dual Control (Maker-Checker),13.44,Tidak,1,1,-
BANK-TRX-0148,Payment,Cabang Surabaya,ATM / CRM,123.14,0.0,21,Lengkap,0,Low Risk,Terverifikasi Dual Control (Maker-Checker),22.49,Tidak,1,1,-
BANK-TRX-0149,Treasury,Cabang Surabaya,Dealing Room / SWIFT,18244.65,0.0,23,Lengkap,0,High Risk,Override / Tanpa Otorisasi,258.6,Ya (Anomali),4,5,Transaksi pasar uang/valas bernilai Rp 18244.65 Juta dieksekusi di luar jam pasar resmi (Jam 23:00)
BANK-TRX-0150,Treasury,Cabang Jakarta,Host-to-Host Core Banking,4020.69,0.0,13,Lengkap,0,Low Risk,Terverifikasi Dual Control (Maker-Checker),0.7,Tidak,1,1,-
BANK-TRX-0151,IT Control,Cabang Bali,Mobile / Internet Banking,0.0,0.0,6,Lengkap,0,Low Risk,Terverifikasi Dual Control (Maker-Checker),8.09,Tidak,1,1,-
BANK-TRX-0152,Lending,Cabang Bandung,Cabang / Teller,884.98,10.59,11,Lengkap,0,Medium Risk,Terverifikasi Dual Control (Maker-Checker),22.46,Tidak,2,2,-
BANK-TRX-0153,Payment,Cabang Jakarta,ATM / CRM,7.54,0.0,22,Lengkap,0,Low Risk,Terverifikasi Dual Control (Maker-Checker),5.97,Tidak,2,1,-
BANK-TRX-0154,Lending,Kantor Pusat,Cabang / Teller,236.12,14.24,14,Lengkap,0,High Risk,Otorisasi Mandiri Sesuai Limit,0.26,Tidak,1,1,-
BANK-TRX-0155,KYC,Cabang Bandung,Mobile / Internet Banking,0.0,0.0,11,Lengkap,0,Low Risk,Otorisasi Mandiri Sesuai Limit,7.45,Tidak,1,1,-
BANK-TRX-0156,Treasury,Cabang Bali,Dealing Room / SWIFT,1865.01,0.0,10,Lengkap,0,Low Risk,Terverifikasi Dual Control (Maker-Checker),24.08,Tidak,1,2,-
BANK-TRX-0157,Lending,Cabang Surabaya,Cabang / Teller,189.79,8.38,14,Lengkap,0,Low Risk,Terverifikasi Dual Control (Maker-Checker),12.04,Tidak,1,1,-
BANK-TRX-0158,Lending,Cabang Medan,Cabang / Teller,650.1,9.07,13,Lengkap,0,Low Risk,Terverifikasi Dual Control (Maker-Checker),22.77,Tidak,1,1,-
BANK-TRX-0159,IT Control,Cabang Surabaya,Mobile / Internet Banking,0.0,0.0,14,Lengkap,0,Low Risk,Terverifikasi Dual Control (Maker-Checker),13.29,Tidak,2,1,-
BANK-TRX-0160,Lending,Cabang Bali,Cabang / Teller,795.01,12.68,16,Lengkap,0,Medium Risk,Terverifikasi Dual Control (Maker-Checker),21.47,Tidak,1,1,-
BANK-TRX-0161,IT Control,Cabang Medan,Mobile / Internet Banking,0.0,0.0,12,Lengkap,0,High Risk,Otorisasi Mandiri Sesuai Limit,11.43,Tidak,2,1,-
BANK-TRX-0162,KYC,Cabang Medan,Cabang / Teller,0.0,0.0,12,Lengkap,0,Low Risk,Terverifikasi Dual Control (Maker-Checker),9.6,Tidak,2,1,-
BANK-TRX-0163,IT Control,Cabang Jakarta,Mobile / Internet Banking,0.0,0.0,21,Lengkap,0,Low Risk,Terverifikasi Dual Control (Maker-Checker),7.92,Tidak,1,1,-
BANK-TRX-0164,Lending,Kantor Pusat,Cabang / Teller,1512.34,10.35,9,Lengkap,0,Low Risk,Terverifikasi Dual Control (Maker-Checker),8.87,Tidak,2,1,-
BANK-TRX-0165,Lending,Cabang Jakarta,Cabang / Teller,576.97,10.33,9,Lengkap,0,Low Risk,Otorisasi Mandiri Sesuai Limit,18.07,Tidak,1,1,-
BANK-TRX-0166,KYC,Cabang Medan,Mobile / Internet Banking,0.0,0.0,13,Lengkap,0,Low Risk,Otorisasi Mandiri Sesuai Limit,22.22,Tidak,1,1,-
BANK-TRX-0167,Funding,Cabang Surabaya,Mobile / Internet Banking,648.97,3.22,7,Lengkap,0,Low Risk,Otorisasi Mandiri Sesuai Limit,5.13,Tidak,1,1,-
BANK-TRX-0168,KYC,Cabang Bandung,Mobile / Internet Banking,0.0,0.0,8,Lengkap,0,Medium Risk,Otorisasi Mandiri Sesuai Limit,6.63,Tidak,2,1,-
BANK-TRX-0169,KYC,Cabang Surabaya,Mobile / Internet Banking,0.0,0.0,11,Lengkap,0,Low Risk,Terverifikasi Dual Control (Maker-Checker),24.31,Tidak,1,1,-
BANK-TRX-0170,Funding,Kantor Pusat,Mobile / Internet Banking,571.02,3.98,13,Lengkap,0,Low Risk,Terverifikasi Dual Control (Maker-Checker),0.13,Tidak,1,1,-
BANK-TRX-0171,Payment,Cabang Surabaya,Mobile / Internet Banking,14.05,0.0,9,Lengkap,0,Low Risk,Otorisasi Mandiri Sesuai Limit,24.21,Tidak,1,1,-
BANK-TRX-0172,KYC,Cabang Surabaya,Cabang / Teller,0.0,0.0,15,Lengkap,0,Low Risk,Terverifikasi Dual Control (Maker-Checker),15.99,Tidak,1,1,-
BANK-TRX-0173,Lending,Cabang Medan,Cabang / Teller,1867.99,10.3,12,Lengkap,0,Low Risk,Terverifikasi Dual Control (Maker-Checker),1.11,Tidak,1,1,-
BANK-TRX-0174,Lending,Cabang Bali,Cabang / Teller,2105.31,11.59,11,Lengkap,0,Low Risk,Otorisasi Mandiri Sesuai Limit,6.05,Tidak,1,2,-
BANK-TRX-0175,Funding,Cabang Bandung,Cabang / Teller,12757.99,10.43,13,Lengkap,0,High Risk,Override / Tanpa Otorisasi,260.06,Ya (Anomali),4,5,Bunga simpanan deposito (10.43%) melampaui batas penjaminan LPS tanpa persetujuan komite ALCO
BANK-TRX-0176,Treasury,Cabang Bandung,Dealing Room / SWIFT,890.6,0.0,13,Lengkap,0,Low Risk,Terverifikasi Dual Control (Maker-Checker),18.6,Tidak,1,1,-
BANK-TRX-0177,Funding,Cabang Surabaya,Cabang / Teller,23236.21,2.4,9,Lengkap,0,High Risk,Override / Tanpa Otorisasi,191.64,Ya (Anomali),5,5,Penarikan dana masif (Rp 23236.21 Juta) pada rekening simpanan pasif/dormant tanpa otorisasi Branch Manager
BANK-TRX-0178,IT Control,Cabang Bali,Mobile / Internet Banking,0.0,0.0,8,Lengkap,0,Low Risk,Otorisasi Mandiri Sesuai Limit,6.81,Tidak,2,1,-
BANK-TRX-0179,Funding,Cabang Jakarta,ATM / CRM,1133.6,2.61,12,Lengkap,0,Low Risk,Terverifikasi Dual Control (Maker-Checker),14.14,Tidak,1,1,-
BANK-TRX-0180,Payment,Kantor Pusat,Mobile / Internet Banking,2842.62,0.0,4,Lengkap,0,High Risk,Override / Tanpa Otorisasi,127.55,Ya (Anomali),4,4,Transfer pembayaran jumlah masif (Rp 2842.62 Juta) pada dini hari (Jam 04:00) tanpa maker-checker
BANK-TRX-0181,Payment,Cabang Medan,ATM / CRM,2.59,0.0,21,Lengkap,0,Low Risk,Otorisasi Mandiri Sesuai Limit,21.84,Tidak,1,2,-
BANK-TRX-0182,KYC,Cabang Bandung,Cabang / Teller,0.0,0.0,13,Lengkap,0,Medium Risk,Otorisasi Mandiri Sesuai Limit,17.74,Tidak,1,1,-
BANK-TRX-0183,Lending,Cabang Medan,Cabang / Teller,4275.19,9.92,15,Lengkap,0,Low Risk,Otorisasi Mandiri Sesuai Limit,6.63,Tidak,1,1,-
BANK-TRX-0184,IT Control,Cabang Surabaya,Mobile / Internet Banking,0.0,0.0,17,Lengkap,0,Low Risk,Terverifikasi Dual Control (Maker-Checker),6.77,Tidak,1,1,-
BANK-TRX-0185,Lending,Cabang Surabaya,Cabang / Teller,926.52,9.47,16,Lengkap,0,Medium Risk,Otorisasi Mandiri Sesuai Limit,10.13,Tidak,2,1,-
BANK-TRX-0186,KYC,Cabang Jakarta,Cabang / Teller,0.0,0.0,16,Tidak Lengkap,0,High Risk,Override / Tanpa Otorisasi,161.02,Ya (Anomali),4,5,Persetujuan pembukaan rekening nasabah padahal dokumen identitas dan persyaratan APU-PPT Tidak Lengkap
BANK-TRX-0187,Treasury,Cabang Surabaya,Host-to-Host Core Banking,3824.46,0.0,10,Lengkap,0,Low Risk,Otorisasi Mandiri Sesuai Limit,1.87,Tidak,2,2,-
BANK-TRX-0188,KYC,Cabang Jakarta,Mobile / Internet Banking,0.0,0.0,12,Lengkap,0,Medium Risk,Terverifikasi Dual Control (Maker-Checker),4.82,Tidak,1,2,-
BANK-TRX-0189,Treasury,Cabang Surabaya,Dealing Room / SWIFT,3435.41,0.0,8,Lengkap,0,Low Risk,Terverifikasi Dual Control (Maker-Checker),20.04,Tidak,1,2,-
BANK-TRX-0190,Treasury,Cabang Medan,Host-to-Host Core Banking,1745.88,0.0,9,Lengkap,0,Low Risk,Otorisasi Mandiri Sesuai Limit,18.88,Tidak,1,2,-
BANK-TRX-0191,KYC,Cabang Jakarta,Cabang / Teller,0.0,0.0,8,Lengkap,0,Low Risk,Terverifikasi Dual Control (Maker-Checker),10.03,Tidak,2,1,-
BANK-TRX-0192,Payment,Cabang Medan,Cabang / Teller,37.97,0.0,15,Lengkap,0,Low Risk,Terverifikasi Dual Control (Maker-Checker),11.44,Tidak,1,2,-
BANK-TRX-0193,Funding,Cabang Bali,Mobile / Internet Banking,109.21,2.39,17,Lengkap,0,Medium Risk,Terverifikasi Dual Control (Maker-Checker),2.99,Tidak,1,2,-
BANK-TRX-0194,KYC,Cabang Medan,Mobile / Internet Banking,0.0,0.0,16,Lengkap,0,Low Risk,Terverifikasi Dual Control (Maker-Checker),4.97,Tidak,1,1,-
BANK-TRX-0195,Treasury,Kantor Pusat,Dealing Room / SWIFT,5303.72,0.0,14,Lengkap,0,Low Risk,Terverifikasi Dual Control (Maker-Checker),8.39,Tidak,1,1,-
BANK-TRX-0196,Funding,Kantor Pusat,Cabang / Teller,27782.5,1.7,13,Lengkap,0,High Risk,Override / Tanpa Otorisasi,147.41,Ya (Anomali),4,5,Penarikan dana masif (Rp 27782.5 Juta) pada rekening simpanan pasif/dormant tanpa otorisasi Branch Manager
BANK-TRX-0197,Funding,Cabang Bali,Cabang / Teller,35.31,3.91,7,Lengkap,0,Medium Risk,Terverifikasi Dual Control (Maker-Checker),1.59,Tidak,1,1,-
BANK-TRX-0198,KYC,Cabang Bali,Mobile / Internet Banking,0.0,0.0,8,Lengkap,0,High Risk,Terverifikasi Dual Control (Maker-Checker),17.19,Tidak,1,1,-
BANK-TRX-0199,KYC,Cabang Medan,Cabang / Teller,0.0,0.0,9,Lengkap,0,PEP / High Risk Watchlist,Override / Tanpa Otorisasi,308.04,Ya (Anomali),5,4,Onboarding nasabah profil Politically Exposed Person (PEP) disetujui tanpa proses Enhanced Due Diligence (EDD)
BANK-TRX-0200,Lending,Cabang Surabaya,Cabang / Teller,713.15,9.08,12,Lengkap,0,Low Risk,Terverifikasi Dual Control (Maker-Checker),15.03,Tidak,1,1,-
BANK-TRX-0201,KYC,Cabang Bandung,Mobile / Internet Banking,0.0,0.0,10,Lengkap,0,Medium Risk,Otorisasi Mandiri Sesuai Limit,10.38,Tidak,1,1,-
BANK-TRX-0202,KYC,Cabang Bali,Mobile / Internet Banking,0.0,0.0,12,Lengkap,0,Low Risk,Terverifikasi Dual Control (Maker-Checker),0.62,Tidak,2,1,-
BANK-TRX-0203,Payment,Cabang Jakarta,Cabang / Teller,6.16,0.0,8,Lengkap,0,Low Risk,Terverifikasi Dual Control (Maker-Checker),8.23,Tidak,1,2,-
BANK-TRX-0204,KYC,Cabang Bandung,Cabang / Teller,0.0,0.0,9,Lengkap,0,Low Risk,Terverifikasi Dual Control (Maker-Checker),16.85,Tidak,1,2,-
BANK-TRX-0205,KYC,Cabang Surabaya,Mobile / Internet Banking,0.0,0.0,14,Lengkap,0,Low Risk,Terverifikasi Dual Control (Maker-Checker),18.84,Tidak,2,2,-
BANK-TRX-0206,Lending,Cabang Surabaya,Cabang / Teller,1228.86,10.54,12,Lengkap,0,High Risk,Terverifikasi Dual Control (Maker-Checker),11.22,Tidak,1,2,-
BANK-TRX-0207,Payment,Cabang Bandung,Host-to-Host Core Banking,4820.7,0.0,12,Lengkap,0,High Risk,Override / Tanpa Otorisasi,96.73,Ya (Anomali),4,5,Lonjakan frekuensi transaksi transfer berkecepatan tinggi (Velocity Burst / Indikasi Smurfing Dana)
BANK-TRX-0208,Payment,Kantor Pusat,Mobile / Internet Banking,19.28,0.0,8,Lengkap,0,Low Risk,Terverifikasi Dual Control (Maker-Checker),22.31,Tidak,1,1,-
BANK-TRX-0209,Payment,Cabang Jakarta,Cabang / Teller,62.09,0.0,8,Lengkap,0,Low Risk,Otorisasi Mandiri Sesuai Limit,7.49,Tidak,1,2,-
BANK-TRX-0210,IT Control,Cabang Surabaya,Host-to-Host Core Banking,0.0,0.0,16,Lengkap,0,Medium Risk,Terverifikasi Dual Control (Maker-Checker),2.46,Tidak,2,1,-
BANK-TRX-0211,IT Control,Cabang Bali,Host-to-Host Core Banking,0.0,0.0,2,Lengkap,0,PEP / High Risk Watchlist,Override / Tanpa Otorisasi,134.51,Ya (Anomali),4,4,Aktivitas akses administratif basis data core banking pada dini hari (Jam 02:00) tanpa tiket Change Request
BANK-TRX-0212,Payment,Cabang Medan,Host-to-Host Core Banking,3774.99,0.0,3,Lengkap,0,High Risk,Override / Tanpa Otorisasi,248.04,Ya (Anomali),4,5,Transfer pembayaran jumlah masif (Rp 3774.99 Juta) pada dini hari (Jam 03:00) tanpa maker-checker
BANK-TRX-0213,Treasury,Cabang Jakarta,Host-to-Host Core Banking,2780.97,0.0,15,Lengkap,0,Medium Risk,Terverifikasi Dual Control (Maker-Checker),10.47,Tidak,1,2,-
BANK-TRX-0214,KYC,Cabang Jakarta,Cabang / Teller,0.0,0.0,10,Lengkap,0,Low Risk,Terverifikasi Dual Control (Maker-Checker),2.45,Tidak,1,1,-
BANK-TRX-0215,KYC,Kantor Pusat,Cabang / Teller,0.0,0.0,15,Lengkap,0,Low Risk,Terverifikasi Dual Control (Maker-Checker),0.03,Tidak,1,1,-
BANK-TRX-0216,Lending,Cabang Bandung,Cabang / Teller,204.48,9.81,15,Lengkap,0,Low Risk,Terverifikasi Dual Control (Maker-Checker),10.96,Tidak,1,1,-
BANK-TRX-0217,Payment,Cabang Medan,ATM / CRM,5.84,0.0,9,Lengkap,0,Low Risk,Terverifikasi Dual Control (Maker-Checker),20.99,Tidak,1,1,-
BANK-TRX-0218,Lending,Cabang Bandung,Cabang / Teller,1415.52,10.04,15,Lengkap,0,Medium Risk,Terverifikasi Dual Control (Maker-Checker),18.99,Tidak,2,2,-
BANK-TRX-0219,Payment,Cabang Medan,Cabang / Teller,37.34,0.0,20,Lengkap,0,Medium Risk,Terverifikasi Dual Control (Maker-Checker),3.61,Tidak,2,1,-
BANK-TRX-0220,Treasury,Kantor Pusat,Host-to-Host Core Banking,5442.82,0.0,13,Lengkap,0,Low Risk,Terverifikasi Dual Control (Maker-Checker),21.55,Tidak,1,1,-
BANK-TRX-0221,IT Control,Cabang Medan,Host-to-Host Core Banking,0.0,0.0,13,Lengkap,0,Medium Risk,Terverifikasi Dual Control (Maker-Checker),5.5,Tidak,1,2,-
BANK-TRX-0222,KYC,Kantor Pusat,Cabang / Teller,0.0,0.0,9,Lengkap,0,Low Risk,Terverifikasi Dual Control (Maker-Checker),14.67,Tidak,1,1,-
BANK-TRX-0223,IT Control,Kantor Pusat,Host-to-Host Core Banking,0.0,0.0,20,Lengkap,0,Low Risk,Otorisasi Mandiri Sesuai Limit,22.2,Tidak,1,2,-
BANK-TRX-0224,KYC,Cabang Bandung,Cabang / Teller,0.0,0.0,10,Lengkap,0,PEP / High Risk Watchlist,Override / Tanpa Otorisasi,99.76,Ya (Anomali),4,4,Onboarding nasabah profil Politically Exposed Person (PEP) disetujui tanpa proses Enhanced Due Diligence (EDD)
BANK-TRX-0225,Lending,Cabang Surabaya,Cabang / Teller,3874.39,11.4,9,Lengkap,0,Low Risk,Terverifikasi Dual Control (Maker-Checker),20.21,Tidak,2,1,-
BANK-TRX-0226,Treasury,Cabang Surabaya,Host-to-Host Core Banking,999.66,0.0,16,Lengkap,0,Low Risk,Otorisasi Mandiri Sesuai Limit,1.17,Tidak,2,1,-
BANK-TRX-0227,Payment,Cabang Surabaya,Mobile / Internet Banking,11.93,0.0,16,Lengkap,0,Low Risk,Terverifikasi Dual Control (Maker-Checker),14.67,Tidak,1,2,-
BANK-TRX-0228,Funding,Cabang Jakarta,Mobile / Internet Banking,819.74,3.31,7,Lengkap,0,Medium Risk,Terverifikasi Dual Control (Maker-Checker),14.71,Tidak,1,1,-
BANK-TRX-0229,Lending,Cabang Jakarta,Cabang / Teller,952.31,8.22,11,Lengkap,0,Low Risk,Otorisasi Mandiri Sesuai Limit,11.24,Tidak,2,1,-
BANK-TRX-0230,Payment,Cabang Bandung,ATM / CRM,34.97,0.0,8,Lengkap,0,Low Risk,Terverifikasi Dual Control (Maker-Checker),0.93,Tidak,1,1,-
BANK-TRX-0231,Lending,Cabang Jakarta,Cabang / Teller,428.43,8.46,11,Lengkap,0,Low Risk,Terverifikasi Dual Control (Maker-Checker),4.65,Tidak,1,2,-
BANK-TRX-0232,Funding,Cabang Surabaya,Cabang / Teller,433.45,3.45,17,Lengkap,0,Medium Risk,Terverifikasi Dual Control (Maker-Checker),3.93,Tidak,1,1,-
BANK-TRX-0233,IT Control,Cabang Jakarta,Host-to-Host Core Banking,0.0,0.0,9,Lengkap,0,Low Risk,Otorisasi Mandiri Sesuai Limit,2.08,Tidak,1,1,-
BANK-TRX-0234,Payment,Cabang Bandung,Mobile / Internet Banking,59.12,0.0,6,Lengkap,0,Low Risk,Terverifikasi Dual Control (Maker-Checker),8.4,Tidak,1,2,-
BANK-TRX-0235,KYC,Cabang Medan,Mobile / Internet Banking,0.0,0.0,16,Lengkap,0,Low Risk,Otorisasi Mandiri Sesuai Limit,10.23,Tidak,1,1,-
BANK-TRX-0236,Lending,Cabang Jakarta,Cabang / Teller,68917.12,4.32,11,Lengkap,0,High Risk,Override / Tanpa Otorisasi,318.11,Ya (Anomali),4,5,Pencairan kredit bernilai Rp 68917.12 Juta dengan bunga murah ekstrem (4.32%) pihak terafiliasi melanggar BMPK
BANK-TRX-0237,KYC,Cabang Bandung,Mobile / Internet Banking,0.0,0.0,11,Lengkap,0,Medium Risk,Otorisasi Mandiri Sesuai Limit,10.2,Tidak,1,1,-
BANK-TRX-0238,Treasury,Cabang Bandung,Host-to-Host Core Banking,3326.97,0.0,13,Lengkap,0,Low Risk,Terverifikasi Dual Control (Maker-Checker),7.8,Tidak,1,1,-
BANK-TRX-0239,IT Control,Cabang Medan,Host-to-Host Core Banking,0.0,0.0,3,Lengkap,7,High Risk,Override / Tanpa Otorisasi,188.85,Ya (Anomali),5,5,Percobaan login gagal berulang kali (7 kali) pada jam tidak wajar mengindikasikan serangan Brute Force
BANK-TRX-0240,KYC,Cabang Bandung,Cabang / Teller,0.0,0.0,16,Lengkap,0,Low Risk,Otorisasi Mandiri Sesuai Limit,1.75,Tidak,2,1,-
BANK-TRX-0241,Lending,Cabang Jakarta,Cabang / Teller,819.29,10.12,10,Lengkap,0,Low Risk,Terverifikasi Dual Control (Maker-Checker),10.78,Tidak,1,1,-
BANK-TRX-0242,Treasury,Cabang Bali,Host-to-Host Core Banking,7750.15,0.0,10,Lengkap,0,Low Risk,Terverifikasi Dual Control (Maker-Checker),10.88,Tidak,1,1,-
BANK-TRX-0243,Funding,Cabang Surabaya,ATM / CRM,717.19,3.79,7,Lengkap,0,Low Risk,Terverifikasi Dual Control (Maker-Checker),24.56,Tidak,1,1,-
BANK-TRX-0244,KYC,Kantor Pusat,Mobile / Internet Banking,0.0,0.0,15,Lengkap,0,Low Risk,Otorisasi Mandiri Sesuai Limit,2.83,Tidak,2,1,-
BANK-TRX-0245,Funding,Cabang Bandung,ATM / CRM,494.42,2.25,7,Lengkap,0,Low Risk,Terverifikasi Dual Control (Maker-Checker),24.6,Tidak,1,2,-
BANK-TRX-0246,Treasury,Cabang Surabaya,Dealing Room / SWIFT,4278.56,0.0,14,Lengkap,0,Low Risk,Terverifikasi Dual Control (Maker-Checker),23.04,Tidak,2,2,-
BANK-TRX-0247,Payment,Cabang Bandung,Cabang / Teller,61.26,0.0,11,Lengkap,0,Medium Risk,Otorisasi Mandiri Sesuai Limit,24.58,Tidak,1,2,-
BANK-TRX-0248,KYC,Cabang Surabaya,Cabang / Teller,0.0,0.0,9,Lengkap,0,Low Risk,Terverifikasi Dual Control (Maker-Checker),10.99,Tidak,1,1,-
BANK-TRX-0249,Funding,Cabang Medan,Mobile / Internet Banking,342.85,3.34,17,Lengkap,0,Low Risk,Otorisasi Mandiri Sesuai Limit,5.32,Tidak,1,1,-
BANK-TRX-0250,Funding,Cabang Bali,Cabang / Teller,76.37,3.38,11,Lengkap,0,Low Risk,Terverifikasi Dual Control (Maker-Checker),17.14,Tidak,1,1,-
BANK-TRX-0251,Payment,Cabang Jakarta,ATM / CRM,6.6,0.0,16,Lengkap,0,Medium Risk,Otorisasi Mandiri Sesuai Limit,19.78,Tidak,1,2,-
BANK-TRX-0252,Lending,Cabang Surabaya,Cabang / Teller,51478.32,4.81,9,Lengkap,0,PEP / High Risk Watchlist,Override / Tanpa Otorisasi,197.08,Ya (Anomali),5,4,Pencairan kredit bernilai Rp 51478.32 Juta dengan bunga murah ekstrem (4.81%) pihak terafiliasi melanggar BMPK
BANK-TRX-0253,Lending,Cabang Surabaya,Cabang / Teller,500.6,14.42,15,Lengkap,0,Low Risk,Terverifikasi Dual Control (Maker-Checker),19.67,Tidak,1,1,-
BANK-TRX-0254,Funding,Kantor Pusat,Cabang / Teller,725.39,3.69,17,Lengkap,0,Medium Risk,Terverifikasi Dual Control (Maker-Checker),11.79,Tidak,1,1,-
BANK-TRX-0255,KYC,Kantor Pusat,Cabang / Teller,0.0,0.0,16,Lengkap,0,Medium Risk,Terverifikasi Dual Control (Maker-Checker),0.23,Tidak,1,1,-
BANK-TRX-0256,IT Control,Cabang Bali,Host-to-Host Core Banking,0.0,0.0,19,Lengkap,0,Low Risk,Otorisasi Mandiri Sesuai Limit,17.61,Tidak,1,2,-
BANK-TRX-0257,Lending,Cabang Medan,Cabang / Teller,833.03,8.58,11,Lengkap,0,Medium Risk,Terverifikasi Dual Control (Maker-Checker),11.0,Tidak,1,1,-
BANK-TRX-0258,Treasury,Cabang Surabaya,Dealing Room / SWIFT,4189.84,0.0,10,Lengkap,0,Low Risk,Otorisasi Mandiri Sesuai Limit,2.0,Tidak,1,1,-
BANK-TRX-0259,Lending,Cabang Medan,Cabang / Teller,186.14,12.39,10,Lengkap,0,Low Risk,Otorisasi Mandiri Sesuai Limit,13.29,Tidak,2,1,-
BANK-TRX-0260,IT Control,Cabang Bali,Host-to-Host Core Banking,0.0,0.0,15,Lengkap,0,Low Risk,Terverifikasi Dual Control (Maker-Checker),6.62,Tidak,1,2,-
BANK-TRX-0261,Treasury,Cabang Bali,Dealing Room / SWIFT,1849.15,0.0,8,Lengkap,0,Low Risk,Terverifikasi Dual Control (Maker-Checker),17.12,Tidak,2,2,-
BANK-TRX-0262,Lending,Kantor Pusat,Cabang / Teller,4783.45,11.61,9,Lengkap,0,Low Risk,Terverifikasi Dual Control (Maker-Checker),24.43,Tidak,1,1,-
BANK-TRX-0263,IT Control,Kantor Pusat,Mobile / Internet Banking,0.0,0.0,20,Lengkap,0,Medium Risk,Terverifikasi Dual Control (Maker-Checker),3.18,Tidak,1,2,-
BANK-TRX-0264,Payment,Cabang Jakarta,Cabang / Teller,8.12,0.0,11,Lengkap,0,Medium Risk,Terverifikasi Dual Control (Maker-Checker),16.74,Tidak,1,1,-
BANK-TRX-0265,Payment,Cabang Surabaya,Cabang / Teller,55.47,0.0,16,Lengkap,0,Medium Risk,Terverifikasi Dual Control (Maker-Checker),15.98,Tidak,1,2,-
BANK-TRX-0266,Payment,Cabang Bali,ATM / CRM,105.01,0.0,15,Lengkap,0,Low Risk,Terverifikasi Dual Control (Maker-Checker),1.03,Tidak,1,1,-
BANK-TRX-0267,Treasury,Cabang Bandung,Host-to-Host Core Banking,2048.57,0.0,11,Lengkap,0,Low Risk,Otorisasi Mandiri Sesuai Limit,15.74,Tidak,2,1,-
BANK-TRX-0268,Treasury,Cabang Surabaya,Dealing Room / SWIFT,39778.23,0.0,2,Lengkap,0,High Risk,Override / Tanpa Otorisasi,127.97,Ya (Anomali),5,5,Transaksi pasar uang/valas bernilai Rp 39778.23 Juta dieksekusi di luar jam pasar resmi (Jam 02:00)
BANK-TRX-0269,KYC,Cabang Surabaya,Mobile / Internet Banking,0.0,0.0,9,Lengkap,0,Low Risk,Terverifikasi Dual Control (Maker-Checker),3.19,Tidak,1,1,-
BANK-TRX-0270,Treasury,Cabang Bali,Dealing Room / SWIFT,2599.67,0.0,15,Lengkap,0,Low Risk,Terverifikasi Dual Control (Maker-Checker),17.74,Tidak,1,2,-
BANK-TRX-0271,Treasury,Cabang Medan,Dealing Room / SWIFT,45762.26,0.0,15,Lengkap,0,PEP / High Risk Watchlist,Override / Tanpa Otorisasi,205.95,Ya (Anomali),4,4,Transaksi valas dengan deviasi kurs melenceng (Off-Market Rate) melampaui limit dealer tanpa verifikasi Middle Office
BANK-TRX-0272,Payment,Kantor Pusat,Cabang / Teller,27.11,0.0,18,Lengkap,0,Medium Risk,Otorisasi Mandiri Sesuai Limit,8.46,Tidak,2,2,-
BANK-TRX-0273,Payment,Cabang Bandung,ATM / CRM,6.05,0.0,13,Lengkap,0,High Risk,Terverifikasi Dual Control (Maker-Checker),19.15,Tidak,1,1,-
BANK-TRX-0274,KYC,Cabang Bali,Mobile / Internet Banking,0.0,0.0,16,Lengkap,0,Low Risk,Otorisasi Mandiri Sesuai Limit,20.17,Tidak,1,1,-
BANK-TRX-0275,Lending,Cabang Bandung,Cabang / Teller,504.93,8.2,14,Lengkap,0,Low Risk,Terverifikasi Dual Control (Maker-Checker),7.46,Tidak,1,1,-
BANK-TRX-0276,Funding,Cabang Jakarta,Mobile / Internet Banking,258.33,3.1,19,Lengkap,0,Low Risk,Terverifikasi Dual Control (Maker-Checker),1.13,Tidak,1,1,-
BANK-TRX-0277,Funding,Cabang Jakarta,Cabang / Teller,138.1,2.8,8,Lengkap,0,Medium Risk,Otorisasi Mandiri Sesuai Limit,17.43,Tidak,1,1,-
BANK-TRX-0278,Lending,Cabang Bandung,Cabang / Teller,3109.4,11.46,11,Lengkap,0,Medium Risk,Terverifikasi Dual Control (Maker-Checker),15.86,Tidak,2,1,-
BANK-TRX-0279,Treasury,Kantor Pusat,Dealing Room / SWIFT,1095.81,0.0,16,Lengkap,0,Medium Risk,Otorisasi Mandiri Sesuai Limit,5.39,Tidak,1,1,-
BANK-TRX-0280,Funding,Cabang Bali,Cabang / Teller,429.1,2.3,8,Lengkap,0,Low Risk,Otorisasi Mandiri Sesuai Limit,2.55,Tidak,2,1,-
BANK-TRX-0281,IT Control,Cabang Medan,Mobile / Internet Banking,0.0,0.0,10,Lengkap,0,Low Risk,Otorisasi Mandiri Sesuai Limit,8.47,Tidak,1,2,-
BANK-TRX-0282,KYC,Cabang Jakarta,Mobile / Internet Banking,0.0,0.0,12,Lengkap,0,Low Risk,Terverifikasi Dual Control (Maker-Checker),23.08,Tidak,1,1,-
BANK-TRX-0283,Funding,Cabang Bandung,ATM / CRM,19.67,4.11,20,Lengkap,0,Low Risk,Terverifikasi Dual Control (Maker-Checker),1.16,Tidak,1,1,-
BANK-TRX-0284,KYC,Cabang Jakarta,Cabang / Teller,0.0,0.0,16,Lengkap,0,Low Risk,Otorisasi Mandiri Sesuai Limit,20.36,Tidak,1,1,-
BANK-TRX-0285,Payment,Cabang Bali,ATM / CRM,59.42,0.0,6,Lengkap,0,Low Risk,Terverifikasi Dual Control (Maker-Checker),1.32,Tidak,1,1,-
BANK-TRX-0286,IT Control,Cabang Surabaya,Mobile / Internet Banking,0.0,0.0,10,Lengkap,0,Medium Risk,Terverifikasi Dual Control (Maker-Checker),20.42,Tidak,1,1,-
BANK-TRX-0287,Payment,Cabang Jakarta,Cabang / Teller,25.91,0.0,11,Lengkap,0,Low Risk,Terverifikasi Dual Control (Maker-Checker),5.34,Tidak,1,2,-
BANK-TRX-0288,KYC,Cabang Jakarta,Mobile / Internet Banking,0.0,0.0,8,Lengkap,0,Low Risk,Terverifikasi Dual Control (Maker-Checker),20.3,Tidak,2,1,-
BANK-TRX-0289,Payment,Cabang Bandung,Mobile / Internet Banking,599.27,0.0,4,Lengkap,0,High Risk,Override / Tanpa Otorisasi,296.06,Ya (Anomali),4,4,Transfer pembayaran jumlah masif (Rp 599.27 Juta) pada dini hari (Jam 04:00) tanpa maker-checker
BANK-TRX-0290,IT Control,Kantor Pusat,Mobile / Internet Banking,0.0,0.0,10,Lengkap,0,High Risk,Terverifikasi Dual Control (Maker-Checker),4.37,Tidak,1,1,-
BANK-TRX-0291,Treasury,Kantor Pusat,Dealing Room / SWIFT,1115.92,0.0,13,Lengkap,0,Low Risk,Terverifikasi Dual Control (Maker-Checker),19.5,Tidak,1,1,-
BANK-TRX-0292,IT Control,Cabang Jakarta,Host-to-Host Core Banking,0.0,0.0,4,Lengkap,13,PEP / High Risk Watchlist,Override / Tanpa Otorisasi,295.75,Ya (Anomali),5,5,Percobaan login gagal berulang kali (13 kali) pada jam tidak wajar mengindikasikan serangan Brute Force
BANK-TRX-0293,Treasury,Cabang Jakarta,Host-to-Host Core Banking,1844.19,0.0,16,Lengkap,0,Medium Risk,Terverifikasi Dual Control (Maker-Checker),2.31,Tidak,1,1,-
BANK-TRX-0294,IT Control,Cabang Bandung,Mobile / Internet Banking,0.0,0.0,15,Lengkap,0,Medium Risk,Terverifikasi Dual Control (Maker-Checker),8.52,Tidak,1,1,-
BANK-TRX-0295,Funding,Cabang Jakarta,Cabang / Teller,68.23,2.77,13,Lengkap,0,Medium Risk,Otorisasi Mandiri Sesuai Limit,15.08,Tidak,2,2,-
BANK-TRX-0296,Payment,Cabang Bali,ATM / CRM,264.85,0.0,13,Lengkap,0,Low Risk,Terverifikasi Dual Control (Maker-Checker),18.07,Tidak,1,1,-
BANK-TRX-0297,Treasury,Cabang Medan,Dealing Room / SWIFT,2427.57,0.0,16,Lengkap,0,Medium Risk,Terverifikasi Dual Control (Maker-Checker),5.65,Tidak,1,1,-
BANK-TRX-0298,IT Control,Cabang Bandung,Host-to-Host Core Banking,0.0,0.0,11,Lengkap,0,Low Risk,Otorisasi Mandiri Sesuai Limit,24.47,Tidak,1,2,-
BANK-TRX-0299,KYC,Cabang Medan,Cabang / Teller,0.0,0.0,8,Lengkap,0,Low Risk,Terverifikasi Dual Control (Maker-Checker),21.86,Tidak,1,1,-
BANK-TRX-0300,IT Control,Cabang Medan,Mobile / Internet Banking,0.0,0.0,11,Lengkap,0,Medium Risk,Terverifikasi Dual Control (Maker-Checker),2.16,Tidak,2,1,-
BANK-TRX-0301,KYC,Cabang Bandung,Cabang / Teller,0.0,0.0,8,Lengkap,0,Low Risk,Otorisasi Mandiri Sesuai Limit,9.0,Tidak,1,1,-
BANK-TRX-0302,KYC,Cabang Medan,Cabang / Teller,0.0,0.0,10,Lengkap,0,High Risk,Override / Tanpa Otorisasi,344.13,Ya (Anomali),4,5,Onboarding nasabah profil Politically Exposed Person (PEP) disetujui tanpa proses Enhanced Due Diligence (EDD)
BANK-TRX-0303,Lending,Cabang Bali,Cabang / Teller,510.19,10.79,10,Lengkap,0,Medium Risk,Terverifikasi Dual Control (Maker-Checker),12.95,Tidak,1,2,-
BANK-TRX-0304,IT Control,Kantor Pusat,Host-to-Host Core Banking,0.0,0.0,23,Lengkap,0,High Risk,Override / Tanpa Otorisasi,252.82,Ya (Anomali),4,4,Aktivitas akses administratif basis data core banking pada dini hari (Jam 23:00) tanpa tiket Change Request
BANK-TRX-0305,Payment,Cabang Jakarta,ATM / CRM,38.95,0.0,18,Lengkap,0,Low Risk,Terverifikasi Dual Control (Maker-Checker),1.65,Tidak,2,1,-
BANK-TRX-0306,KYC,Cabang Bali,Cabang / Teller,0.0,0.0,16,Lengkap,0,Medium Risk,Terverifikasi Dual Control (Maker-Checker),17.21,Tidak,2,2,-
BANK-TRX-0307,KYC,Cabang Bali,Mobile / Internet Banking,0.0,0.0,14,Lengkap,0,Medium Risk,Terverifikasi Dual Control (Maker-Checker),4.65,Tidak,1,1,-
BANK-TRX-0308,Funding,Cabang Surabaya,Mobile / Internet Banking,433.68,2.2,10,Lengkap,0,Low Risk,Terverifikasi Dual Control (Maker-Checker),3.22,Tidak,1,1,-
BANK-TRX-0309,Funding,Kantor Pusat,ATM / CRM,618.68,2.61,16,Lengkap,0,Medium Risk,Terverifikasi Dual Control (Maker-Checker),16.69,Tidak,1,1,-
BANK-TRX-0310,KYC,Cabang Jakarta,Mobile / Internet Banking,0.0,0.0,16,Lengkap,0,Low Risk,Terverifikasi Dual Control (Maker-Checker),24.82,Tidak,1,1,-
BANK-TRX-0311,Lending,Cabang Surabaya,Cabang / Teller,1108.45,10.53,9,Lengkap,0,Low Risk,Terverifikasi Dual Control (Maker-Checker),14.96,Tidak,1,1,-
BANK-TRX-0312,Funding,Cabang Medan,ATM / CRM,430.36,3.95,16,Lengkap,0,Low Risk,Terverifikasi Dual Control (Maker-Checker),18.89,Tidak,1,1,-
BANK-TRX-0313,Treasury,Cabang Bandung,Dealing Room / SWIFT,1637.08,0.0,11,Lengkap,0,Low Risk,Otorisasi Mandiri Sesuai Limit,2.31,Tidak,2,1,-
BANK-TRX-0314,IT Control,Cabang Jakarta,Host-to-Host Core Banking,0.0,0.0,9,Lengkap,0,Low Risk,Terverifikasi Dual Control (Maker-Checker),16.59,Tidak,1,2,-
BANK-TRX-0315,Lending,Cabang Medan,Cabang / Teller,2233.21,12.69,16,Lengkap,0,Medium Risk,Otorisasi Mandiri Sesuai Limit,10.04,Tidak,1,2,-
BANK-TRX-0316,Treasury,Cabang Bali,Host-to-Host Core Banking,7934.86,0.0,11,Lengkap,0,Low Risk,Terverifikasi Dual Control (Maker-Checker),5.27,Tidak,1,1,-
BANK-TRX-0317,Payment,Cabang Surabaya,ATM / CRM,27.13,0.0,17,Lengkap,0,Low Risk,Terverifikasi Dual Control (Maker-Checker),14.14,Tidak,1,1,-
BANK-TRX-0318,IT Control,Cabang Medan,Host-to-Host Core Banking,0.0,0.0,9,Lengkap,0,Low Risk,Terverifikasi Dual Control (Maker-Checker),1.54,Tidak,1,2,-
BANK-TRX-0319,Payment,Kantor Pusat,Cabang / Teller,15.77,0.0,15,Lengkap,0,High Risk,Otorisasi Mandiri Sesuai Limit,12.57,Tidak,2,1,-
BANK-TRX-0320,IT Control,Cabang Bali,Host-to-Host Core Banking,0.0,0.0,18,Lengkap,0,Low Risk,Otorisasi Mandiri Sesuai Limit,20.51,Tidak,2,1,-
BANK-TRX-0321,Payment,Cabang Bandung,ATM / CRM,42.76,0.0,22,Lengkap,0,Low Risk,Otorisasi Mandiri Sesuai Limit,2.53,Tidak,1,1,-
BANK-TRX-0322,IT Control,Kantor Pusat,Mobile / Internet Banking,0.0,0.0,14,Lengkap,0,Low Risk,Terverifikasi Dual Control (Maker-Checker),6.56,Tidak,2,1,-
BANK-TRX-0323,Treasury,Cabang Bali,Host-to-Host Core Banking,4081.49,0.0,14,Lengkap,0,Medium Risk,Otorisasi Mandiri Sesuai Limit,24.79,Tidak,1,1,-
BANK-TRX-0324,Treasury,Cabang Bandung,Dealing Room / SWIFT,23223.61,0.0,2,Lengkap,0,PEP / High Risk Watchlist,Override / Tanpa Otorisasi,112.91,Ya (Anomali),5,5,Transaksi pasar uang/valas bernilai Rp 23223.61 Juta dieksekusi di luar jam pasar resmi (Jam 02:00)
BANK-TRX-0325,IT Control,Kantor Pusat,Host-to-Host Core Banking,0.0,0.0,9,Lengkap,0,Low Risk,Terverifikasi Dual Control (Maker-Checker),21.19,Tidak,1,1,-
BANK-TRX-0326,Treasury,Kantor Pusat,Dealing Room / SWIFT,4142.9,0.0,9,Lengkap,0,Low Risk,Terverifikasi Dual Control (Maker-Checker),9.42,Tidak,2,2,-
BANK-TRX-0327,Payment,Cabang Surabaya,ATM / CRM,12.79,0.0,6,Lengkap,0,Medium Risk,Terverifikasi Dual Control (Maker-Checker),17.73,Tidak,1,1,-
BANK-TRX-0328,Lending,Kantor Pusat,Cabang / Teller,1491.23,9.79,12,Lengkap,0,Medium Risk,Otorisasi Mandiri Sesuai Limit,21.14,Tidak,1,1,-
BANK-TRX-0329,KYC,Cabang Bandung,Cabang / Teller,0.0,0.0,9,Lengkap,0,Low Risk,Terverifikasi Dual Control (Maker-Checker),21.11,Tidak,1,1,-
BANK-TRX-0330,Lending,Cabang Medan,Cabang / Teller,1413.13,11.55,15,Lengkap,0,Medium Risk,Otorisasi Mandiri Sesuai Limit,16.73,Tidak,1,1,-
BANK-TRX-0331,Treasury,Cabang Bali,Host-to-Host Core Banking,2925.13,0.0,13,Lengkap,0,Low Risk,Otorisasi Mandiri Sesuai Limit,15.98,Tidak,2,2,-
BANK-TRX-0332,Funding,Cabang Bandung,ATM / CRM,228.13,3.71,9,Lengkap,0,Low Risk,Terverifikasi Dual Control (Maker-Checker),10.0,Tidak,1,2,-
BANK-TRX-0333,Funding,Cabang Jakarta,Cabang / Teller,1152.01,3.86,19,Lengkap,0,Medium Risk,Terverifikasi Dual Control (Maker-Checker),23.05,Tidak,1,1,-
BANK-TRX-0334,Lending,Cabang Medan,Cabang / Teller,1934.62,13.02,15,Lengkap,0,Low Risk,Otorisasi Mandiri Sesuai Limit,12.98,Tidak,1,1,-
BANK-TRX-0335,IT Control,Cabang Surabaya,Mobile / Internet Banking,0.0,0.0,10,Lengkap,1,Low Risk,Terverifikasi Dual Control (Maker-Checker),15.69,Tidak,2,1,-
BANK-TRX-0336,Treasury,Kantor Pusat,Host-to-Host Core Banking,3165.79,0.0,8,Lengkap,0,Low Risk,Terverifikasi Dual Control (Maker-Checker),17.03,Tidak,2,1,-
BANK-TRX-0337,Payment,Kantor Pusat,ATM / CRM,71.47,0.0,21,Lengkap,0,Medium Risk,Otorisasi Mandiri Sesuai Limit,24.47,Tidak,1,1,-
BANK-TRX-0338,Lending,Cabang Bandung,Cabang / Teller,1087.68,11.84,15,Lengkap,0,Medium Risk,Terverifikasi Dual Control (Maker-Checker),12.65,Tidak,2,2,-
BANK-TRX-0339,IT Control,Cabang Medan,Mobile / Internet Banking,0.0,0.0,15,Lengkap,0,Low Risk,Otorisasi Mandiri Sesuai Limit,0.2,Tidak,2,2,-
BANK-TRX-0340,Funding,Cabang Bandung,Cabang / Teller,767.43,3.62,11,Lengkap,0,Low Risk,Terverifikasi Dual Control (Maker-Checker),4.43,Tidak,2,2,-
BANK-TRX-0341,IT Control,Cabang Surabaya,Host-to-Host Core Banking,0.0,0.0,18,Lengkap,0,Medium Risk,Otorisasi Mandiri Sesuai Limit,3.19,Tidak,1,1,-
BANK-TRX-0342,Lending,Kantor Pusat,Cabang / Teller,169.13,8.5,9,Lengkap,0,Medium Risk,Terverifikasi Dual Control (Maker-Checker),22.79,Tidak,1,1,-
BANK-TRX-0343,KYC,Cabang Jakarta,Cabang / Teller,0.0,0.0,8,Lengkap,0,Low Risk,Terverifikasi Dual Control (Maker-Checker),3.12,Tidak,1,1,-
BANK-TRX-0344,Payment,Cabang Bali,Mobile / Internet Banking,4085.89,0.0,12,Lengkap,0,PEP / High Risk Watchlist,Override / Tanpa Otorisasi,345.68,Ya (Anomali),5,4,Lonjakan frekuensi transaksi transfer berkecepatan tinggi (Velocity Burst / Indikasi Smurfing Dana)
BANK-TRX-0345,Payment,Cabang Surabaya,Mobile / Internet Banking,70.92,0.0,9,Lengkap,0,Low Risk,Otorisasi Mandiri Sesuai Limit,11.67,Tidak,1,1,-
BANK-TRX-0346,Treasury,Cabang Surabaya,Host-to-Host Core Banking,2835.69,0.0,13,Lengkap,0,Low Risk,Otorisasi Mandiri Sesuai Limit,3.91,Tidak,1,1,-
BANK-TRX-0347,Payment,Cabang Surabaya,Cabang / Teller,17.3,0.0,9,Lengkap,0,High Risk,Otorisasi Mandiri Sesuai Limit,12.34,Tidak,2,1,-
BANK-TRX-0348,Treasury,Cabang Jakarta,Host-to-Host Core Banking,1287.99,0.0,16,Lengkap,0,Low Risk,Terverifikasi Dual Control (Maker-Checker),14.7,Tidak,1,1,-
BANK-TRX-0349,IT Control,Cabang Bandung,Host-to-Host Core Banking,0.0,0.0,11,Lengkap,1,Low Risk,Otorisasi Mandiri Sesuai Limit,7.29,Tidak,1,2,-
BANK-TRX-0350,Lending,Cabang Bali,Cabang / Teller,72536.55,4.12,10,Lengkap,0,PEP / High Risk Watchlist,Override / Tanpa Otorisasi,273.6,Ya (Anomali),4,4,Pencairan kredit bernilai Rp 72536.55 Juta dengan bunga murah ekstrem (4.12%) pihak terafiliasi melanggar BMPK
BANK-TRX-0351,Lending,Cabang Medan,Cabang / Teller,580.18,11.89,10,Lengkap,0,Low Risk,Terverifikasi Dual Control (Maker-Checker),6.05,Tidak,1,1,-
BANK-TRX-0352,Lending,Kantor Pusat,Cabang / Teller,1505.46,13.39,14,Lengkap,0,Low Risk,Terverifikasi Dual Control (Maker-Checker),23.94,Tidak,1,2,-
BANK-TRX-0353,Funding,Cabang Surabaya,Mobile / Internet Banking,326.95,4.2,9,Lengkap,0,Low Risk,Terverifikasi Dual Control (Maker-Checker),2.34,Tidak,1,1,-
BANK-TRX-0354,Lending,Cabang Bali,Cabang / Teller,418.61,9.32,12,Lengkap,0,Low Risk,Terverifikasi Dual Control (Maker-Checker),1.53,Tidak,1,2,-
BANK-TRX-0355,Treasury,Cabang Jakarta,Dealing Room / SWIFT,37044.23,0.0,9,Lengkap,0,High Risk,Override / Tanpa Otorisasi,140.82,Ya (Anomali),4,5,Transaksi valas dengan deviasi kurs melenceng (Off-Market Rate) melampaui limit dealer tanpa verifikasi Middle Office
BANK-TRX-0356,Funding,Cabang Surabaya,ATM / CRM,48.47,2.99,13,Lengkap,0,Low Risk,Terverifikasi Dual Control (Maker-Checker),5.32,Tidak,2,2,-
BANK-TRX-0357,Lending,Kantor Pusat,Cabang / Teller,1555.42,12.49,9,Lengkap,0,Medium Risk,Terverifikasi Dual Control (Maker-Checker),18.12,Tidak,1,1,-
BANK-TRX-0358,Funding,Cabang Medan,Cabang / Teller,123.47,3.58,8,Lengkap,0,Low Risk,Otorisasi Mandiri Sesuai Limit,5.16,Tidak,1,1,-
BANK-TRX-0359,Payment,Cabang Bali,Host-to-Host Core Banking,4231.33,0.0,18,Lengkap,0,High Risk,Override / Tanpa Otorisasi,216.12,Ya (Anomali),5,5,Lonjakan frekuensi transaksi transfer berkecepatan tinggi (Velocity Burst / Indikasi Smurfing Dana)
BANK-TRX-0360,Funding,Kantor Pusat,Cabang / Teller,128.71,2.22,16,Lengkap,0,Medium Risk,Otorisasi Mandiri Sesuai Limit,1.45,Tidak,1,1,-
BANK-TRX-0361,Treasury,Cabang Bandung,Dealing Room / SWIFT,4603.94,0.0,9,Lengkap,0,Low Risk,Otorisasi Mandiri Sesuai Limit,16.94,Tidak,1,1,-
BANK-TRX-0362,Lending,Kantor Pusat,Cabang / Teller,1804.91,11.63,14,Lengkap,0,Low Risk,Terverifikasi Dual Control (Maker-Checker),15.9,Tidak,1,2,-
BANK-TRX-0363,Funding,Cabang Bali,Cabang / Teller,30.05,1.79,20,Lengkap,0,Low Risk,Terverifikasi Dual Control (Maker-Checker),7.43,Tidak,2,2,-
BANK-TRX-0364,KYC,Kantor Pusat,Cabang / Teller,0.0,0.0,8,Lengkap,0,High Risk,Terverifikasi Dual Control (Maker-Checker),24.91,Tidak,2,1,-
BANK-TRX-0365,IT Control,Cabang Bali,Host-to-Host Core Banking,0.0,0.0,13,Lengkap,1,Low Risk,Terverifikasi Dual Control (Maker-Checker),17.44,Tidak,1,1,-
BANK-TRX-0366,IT Control,Cabang Jakarta,Host-to-Host Core Banking,0.0,0.0,6,Lengkap,0,Medium Risk,Otorisasi Mandiri Sesuai Limit,21.81,Tidak,1,1,-
BANK-TRX-0367,Funding,Kantor Pusat,Mobile / Internet Banking,59.65,3.98,10,Lengkap,0,Medium Risk,Terverifikasi Dual Control (Maker-Checker),14.1,Tidak,2,1,-
BANK-TRX-0368,KYC,Cabang Surabaya,Cabang / Teller,0.0,0.0,14,Lengkap,0,High Risk,Terverifikasi Dual Control (Maker-Checker),23.36,Tidak,1,1,-
BANK-TRX-0369,Payment,Cabang Jakarta,Mobile / Internet Banking,5.53,0.0,9,Lengkap,0,Low Risk,Terverifikasi Dual Control (Maker-Checker),20.23,Tidak,1,1,-
BANK-TRX-0370,Payment,Cabang Medan,Mobile / Internet Banking,84.42,0.0,13,Lengkap,0,Medium Risk,Terverifikasi Dual Control (Maker-Checker),13.01,Tidak,1,1,-
BANK-TRX-0371,Treasury,Cabang Jakarta,Dealing Room / SWIFT,7136.02,0.0,10,Lengkap,0,Medium Risk,Otorisasi Mandiri Sesuai Limit,18.66,Tidak,1,2,-
BANK-TRX-0372,IT Control,Cabang Surabaya,Host-to-Host Core Banking,0.0,0.0,16,Lengkap,0,Low Risk,Terverifikasi Dual Control (Maker-Checker),22.36,Tidak,1,2,-
BANK-TRX-0373,IT Control,Cabang Bandung,Host-to-Host Core Banking,0.0,0.0,21,Lengkap,0,Medium Risk,Terverifikasi Dual Control (Maker-Checker),22.3,Tidak,1,1,-
BANK-TRX-0374,Treasury,Cabang Bandung,Host-to-Host Core Banking,1876.17,0.0,9,Lengkap,0,Medium Risk,Terverifikasi Dual Control (Maker-Checker),10.19,Tidak,2,1,-
BANK-TRX-0375,Treasury,Cabang Bali,Host-to-Host Core Banking,2304.62,0.0,8,Lengkap,0,Low Risk,Terverifikasi Dual Control (Maker-Checker),4.75,Tidak,1,1,-
BANK-TRX-0376,Treasury,Cabang Jakarta,Dealing Room / SWIFT,2378.1,0.0,8,Lengkap,0,Medium Risk,Otorisasi Mandiri Sesuai Limit,15.25,Tidak,2,2,-
BANK-TRX-0377,IT Control,Cabang Jakarta,Mobile / Internet Banking,0.0,0.0,9,Lengkap,0,Medium Risk,Terverifikasi Dual Control (Maker-Checker),7.63,Tidak,2,1,-
BANK-TRX-0378,Lending,Cabang Surabaya,Cabang / Teller,164.61,8.06,12,Lengkap,0,Low Risk,Terverifikasi Dual Control (Maker-Checker),14.13,Tidak,2,1,-
BANK-TRX-0379,KYC,Cabang Bandung,Cabang / Teller,0.0,0.0,11,Lengkap,0,Low Risk,Otorisasi Mandiri Sesuai Limit,6.91,Tidak,2,1,-
BANK-TRX-0380,Lending,Kantor Pusat,Cabang / Teller,1950.31,9.33,14,Lengkap,0,Low Risk,Terverifikasi Dual Control (Maker-Checker),16.27,Tidak,1,1,-
BANK-TRX-0381,KYC,Cabang Jakarta,Cabang / Teller,0.0,0.0,8,Lengkap,0,Low Risk,Terverifikasi Dual Control (Maker-Checker),6.28,Tidak,1,1,-
BANK-TRX-0382,IT Control,Cabang Bali,Host-to-Host Core Banking,0.0,0.0,18,Lengkap,0,Low Risk,Terverifikasi Dual Control (Maker-Checker),4.23,Tidak,2,1,-
BANK-TRX-0383,Treasury,Cabang Bali,Dealing Room / SWIFT,2911.59,0.0,9,Lengkap,0,Medium Risk,Terverifikasi Dual Control (Maker-Checker),6.1,Tidak,1,1,-
BANK-TRX-0384,KYC,Cabang Bandung,Mobile / Internet Banking,0.0,0.0,11,Lengkap,0,Low Risk,Terverifikasi Dual Control (Maker-Checker),12.75,Tidak,1,2,-
BANK-TRX-0385,Payment,Cabang Jakarta,Mobile / Internet Banking,35.21,0.0,6,Lengkap,0,Medium Risk,Terverifikasi Dual Control (Maker-Checker),1.12,Tidak,1,1,-
BANK-TRX-0386,KYC,Cabang Bandung,Mobile / Internet Banking,0.0,0.0,13,Lengkap,0,Medium Risk,Terverifikasi Dual Control (Maker-Checker),10.62,Tidak,1,1,-
BANK-TRX-0387,Funding,Cabang Medan,Mobile / Internet Banking,181.1,2.35,15,Lengkap,0,High Risk,Otorisasi Mandiri Sesuai Limit,13.89,Tidak,2,2,-
BANK-TRX-0388,Payment,Cabang Jakarta,ATM / CRM,11.67,0.0,20,Lengkap,0,Low Risk,Terverifikasi Dual Control (Maker-Checker),0.02,Tidak,2,2,-
BANK-TRX-0389,Funding,Cabang Bali,Cabang / Teller,16.62,2.58,10,Lengkap,0,Low Risk,Terverifikasi Dual Control (Maker-Checker),9.98,Tidak,1,1,-
BANK-TRX-0390,KYC,Cabang Bali,Mobile / Internet Banking,0.0,0.0,16,Lengkap,0,Low Risk,Terverifikasi Dual Control (Maker-Checker),16.59,Tidak,2,1,-
BANK-TRX-0391,Payment,Kantor Pusat,Mobile / Internet Banking,6.6,0.0,12,Lengkap,0,Low Risk,Otorisasi Mandiri Sesuai Limit,23.61,Tidak,2,1,-
BANK-TRX-0392,Lending,Cabang Bali,Cabang / Teller,5720.42,10.11,16,Lengkap,0,Medium Risk,Terverifikasi Dual Control (Maker-Checker),19.52,Tidak,2,1,-
BANK-TRX-0393,KYC,Cabang Medan,Cabang / Teller,0.0,0.0,11,Lengkap,0,Medium Risk,Otorisasi Mandiri Sesuai Limit,1.38,Tidak,2,1,-
BANK-TRX-0394,Lending,Cabang Bali,Cabang / Teller,742.14,10.51,13,Lengkap,0,Low Risk,Otorisasi Mandiri Sesuai Limit,24.6,Tidak,1,2,-
BANK-TRX-0395,Treasury,Cabang Bandung,Host-to-Host Core Banking,7347.48,0.0,15,Lengkap,0,Low Risk,Otorisasi Mandiri Sesuai Limit,12.27,Tidak,1,2,-
BANK-TRX-0396,IT Control,Cabang Bali,Host-to-Host Core Banking,0.0,0.0,13,Lengkap,0,Low Risk,Terverifikasi Dual Control (Maker-Checker),2.49,Tidak,1,2,-
BANK-TRX-0397,Lending,Cabang Bali,Cabang / Teller,3101.77,10.82,11,Lengkap,0,Low Risk,Terverifikasi Dual Control (Maker-Checker),10.84,Tidak,1,2,-
BANK-TRX-0398,Treasury,Cabang Bali,Dealing Room / SWIFT,1563.76,0.0,9,Lengkap,0,High Risk,Terverifikasi Dual Control (Maker-Checker),6.32,Tidak,1,1,-
BANK-TRX-0399,Payment,Cabang Bandung,Cabang / Teller,42.43,0.0,7,Lengkap,0,Low Risk,Otorisasi Mandiri Sesuai Limit,16.88,Tidak,1,1,-
BANK-TRX-0400,Treasury,Cabang Medan,Dealing Room / SWIFT,1156.82,0.0,14,Lengkap,0,Low Risk,Terverifikasi Dual Control (Maker-Checker),1.48,Tidak,1,2,-
BANK-TRX-0401,Treasury,Cabang Jakarta,Dealing Room / SWIFT,3054.99,0.0,9,Lengkap,0,Low Risk,Terverifikasi Dual Control (Maker-Checker),24.1,Tidak,1,1,-
BANK-TRX-0402,IT Control,Cabang Jakarta,Host-to-Host Core Banking,0.0,0.0,16,Lengkap,0,Low Risk,Terverifikasi Dual Control (Maker-Checker),9.65,Tidak,2,1,-
BANK-TRX-0403,Funding,Cabang Bandung,Cabang / Teller,21924.88,2.19,13,Lengkap,0,High Risk,Override / Tanpa Otorisasi,230.4,Ya (Anomali),5,5,Penarikan dana masif (Rp 21924.88 Juta) pada rekening simpanan pasif/dormant tanpa otorisasi Branch Manager
BANK-TRX-0404,IT Control,Cabang Bali,Host-to-Host Core Banking,0.0,0.0,8,Lengkap,1,Low Risk,Otorisasi Mandiri Sesuai Limit,20.15,Tidak,1,1,-
BANK-TRX-0405,Treasury,Cabang Bandung,Dealing Room / SWIFT,6203.91,0.0,11,Lengkap,0,Low Risk,Otorisasi Mandiri Sesuai Limit,4.81,Tidak,1,1,-
BANK-TRX-0406,Funding,Cabang Bandung,Cabang / Teller,162.76,2.63,7,Lengkap,0,Low Risk,Terverifikasi Dual Control (Maker-Checker),14.92,Tidak,1,2,-
BANK-TRX-0407,Lending,Kantor Pusat,Cabang / Teller,711.17,9.76,8,Lengkap,0,Medium Risk,Terverifikasi Dual Control (Maker-Checker),20.23,Tidak,2,1,-
BANK-TRX-0408,Lending,Cabang Bali,Cabang / Teller,504.04,14.15,15,Lengkap,0,Medium Risk,Terverifikasi Dual Control (Maker-Checker),3.16,Tidak,1,1,-
BANK-TRX-0409,Payment,Cabang Surabaya,Mobile / Internet Banking,21.73,0.0,14,Lengkap,0,Low Risk,Otorisasi Mandiri Sesuai Limit,11.41,Tidak,1,2,-
BANK-TRX-0410,Payment,Cabang Bali,Cabang / Teller,20.48,0.0,17,Lengkap,0,Low Risk,Otorisasi Mandiri Sesuai Limit,17.43,Tidak,1,2,-
BANK-TRX-0411,Treasury,Cabang Medan,Dealing Room / SWIFT,30751.48,0.0,1,Lengkap,0,High Risk,Override / Tanpa Otorisasi,249.42,Ya (Anomali),5,4,Transaksi pasar uang/valas bernilai Rp 30751.48 Juta dieksekusi di luar jam pasar resmi (Jam 01:00)
BANK-TRX-0412,Treasury,Cabang Bandung,Host-to-Host Core Banking,1785.66,0.0,10,Lengkap,0,Medium Risk,Terverifikasi Dual Control (Maker-Checker),0.03,Tidak,1,1,-
BANK-TRX-0413,Payment,Cabang Surabaya,ATM / CRM,19.91,0.0,9,Lengkap,0,Low Risk,Otorisasi Mandiri Sesuai Limit,20.34,Tidak,1,1,-
BANK-TRX-0414,Lending,Cabang Medan,Cabang / Teller,282.08,10.5,10,Lengkap,0,Low Risk,Terverifikasi Dual Control (Maker-Checker),17.57,Tidak,1,1,-
BANK-TRX-0415,Treasury,Kantor Pusat,Host-to-Host Core Banking,1125.29,0.0,9,Lengkap,0,Low Risk,Otorisasi Mandiri Sesuai Limit,5.47,Tidak,1,1,-
BANK-TRX-0416,Payment,Cabang Bandung,Cabang / Teller,24.64,0.0,10,Lengkap,0,Low Risk,Terverifikasi Dual Control (Maker-Checker),20.54,Tidak,1,2,-
BANK-TRX-0417,Lending,Cabang Bandung,Cabang / Teller,248.05,11.54,9,Lengkap,0,High Risk,Otorisasi Mandiri Sesuai Limit,9.83,Tidak,1,1,-
BANK-TRX-0418,Payment,Kantor Pusat,ATM / CRM,3.36,0.0,16,Lengkap,0,High Risk,Terverifikasi Dual Control (Maker-Checker),5.58,Tidak,1,1,-
BANK-TRX-0419,Treasury,Cabang Surabaya,Host-to-Host Core Banking,3579.34,0.0,8,Lengkap,0,Medium Risk,Otorisasi Mandiri Sesuai Limit,23.31,Tidak,2,1,-
BANK-TRX-0420,Treasury,Cabang Bandung,Dealing Room / SWIFT,8132.19,0.0,11,Lengkap,0,Low Risk,Terverifikasi Dual Control (Maker-Checker),5.27,Tidak,2,2,-
BANK-TRX-0421,Funding,Cabang Bali,Cabang / Teller,7802.58,8.83,9,Lengkap,0,PEP / High Risk Watchlist,Override / Tanpa Otorisasi,348.48,Ya (Anomali),5,5,Bunga simpanan deposito (8.83%) melampaui batas penjaminan LPS tanpa persetujuan komite ALCO
BANK-TRX-0422,Funding,Cabang Bali,Cabang / Teller,1021.45,2.8,17,Lengkap,0,Low Risk,Terverifikasi Dual Control (Maker-Checker),21.7,Tidak,2,1,-
BANK-TRX-0423,IT Control,Cabang Medan,Mobile / Internet Banking,0.0,0.0,7,Lengkap,0,Low Risk,Terverifikasi Dual Control (Maker-Checker),21.03,Tidak,1,1,-
BANK-TRX-0424,Payment,Kantor Pusat,ATM / CRM,31.89,0.0,13,Lengkap,0,Low Risk,Terverifikasi Dual Control (Maker-Checker),21.72,Tidak,2,1,-
BANK-TRX-0425,Treasury,Cabang Surabaya,Dealing Room / SWIFT,17692.79,0.0,0,Lengkap,0,High Risk,Override / Tanpa Otorisasi,142.56,Ya (Anomali),5,4,Transaksi pasar uang/valas bernilai Rp 17692.79 Juta dieksekusi di luar jam pasar resmi (Jam 00:00)
BANK-TRX-0426,Funding,Cabang Bandung,ATM / CRM,568.45,2.02,11,Lengkap,0,Low Risk,Otorisasi Mandiri Sesuai Limit,19.01,Tidak,1,1,-
BANK-TRX-0427,Payment,Kantor Pusat,ATM / CRM,9.17,0.0,17,Lengkap,0,Low Risk,Terverifikasi Dual Control (Maker-Checker),0.59,Tidak,1,1,-
BANK-TRX-0428,KYC,Cabang Surabaya,Cabang / Teller,0.0,0.0,9,Lengkap,0,Low Risk,Terverifikasi Dual Control (Maker-Checker),1.76,Tidak,1,1,-
BANK-TRX-0429,Payment,Cabang Bandung,Cabang / Teller,7.75,0.0,12,Lengkap,0,Low Risk,Terverifikasi Dual Control (Maker-Checker),24.5,Tidak,1,2,-
BANK-TRX-0430,Funding,Cabang Jakarta,ATM / CRM,1628.7,2.1,17,Lengkap,0,Low Risk,Otorisasi Mandiri Sesuai Limit,17.4,Tidak,1,1,-
BANK-TRX-0431,Treasury,Cabang Medan,Host-to-Host Core Banking,9196.04,0.0,14,Lengkap,0,Medium Risk,Otorisasi Mandiri Sesuai Limit,24.14,Tidak,1,1,-
BANK-TRX-0432,Funding,Kantor Pusat,Mobile / Internet Banking,196.21,2.57,12,Lengkap,0,Low Risk,Otorisasi Mandiri Sesuai Limit,19.56,Tidak,1,2,-
BANK-TRX-0433,Lending,Cabang Jakarta,Cabang / Teller,259.46,12.67,10,Lengkap,0,Medium Risk,Otorisasi Mandiri Sesuai Limit,13.14,Tidak,1,1,-
BANK-TRX-0434,Lending,Kantor Pusat,Cabang / Teller,193.92,10.57,15,Lengkap,0,Medium Risk,Otorisasi Mandiri Sesuai Limit,16.19,Tidak,2,2,-
BANK-TRX-0435,Treasury,Kantor Pusat,Dealing Room / SWIFT,1425.13,0.0,15,Lengkap,0,Low Risk,Terverifikasi Dual Control (Maker-Checker),20.86,Tidak,1,2,-
BANK-TRX-0436,Lending,Cabang Surabaya,Cabang / Teller,1653.84,14.19,16,Lengkap,0,Low Risk,Terverifikasi Dual Control (Maker-Checker),12.06,Tidak,1,2,-
BANK-TRX-0437,Lending,Cabang Jakarta,Cabang / Teller,634.5,12.51,15,Lengkap,0,Medium Risk,Terverifikasi Dual Control (Maker-Checker),10.24,Tidak,2,2,-
BANK-TRX-0438,Lending,Cabang Jakarta,Cabang / Teller,309.99,13.16,11,Lengkap,0,Medium Risk,Terverifikasi Dual Control (Maker-Checker),21.75,Tidak,1,2,-
BANK-TRX-0439,KYC,Cabang Bandung,Mobile / Internet Banking,0.0,0.0,8,Lengkap,0,Low Risk,Otorisasi Mandiri Sesuai Limit,1.81,Tidak,2,1,-
BANK-TRX-0440,Funding,Cabang Bali,ATM / CRM,74.05,2.2,19,Lengkap,0,Medium Risk,Terverifikasi Dual Control (Maker-Checker),13.36,Tidak,1,1,-
BANK-TRX-0441,Treasury,Cabang Bandung,Dealing Room / SWIFT,931.64,0.0,12,Lengkap,0,Low Risk,Terverifikasi Dual Control (Maker-Checker),7.18,Tidak,1,1,-
BANK-TRX-0442,IT Control,Cabang Surabaya,Mobile / Internet Banking,0.0,0.0,7,Lengkap,0,Low Risk,Otorisasi Mandiri Sesuai Limit,16.81,Tidak,2,1,-
BANK-TRX-0443,KYC,Cabang Jakarta,Mobile / Internet Banking,0.0,0.0,15,Lengkap,0,Low Risk,Terverifikasi Dual Control (Maker-Checker),13.86,Tidak,1,2,-
BANK-TRX-0444,Payment,Cabang Medan,ATM / CRM,14.06,0.0,16,Lengkap,0,High Risk,Otorisasi Mandiri Sesuai Limit,7.34,Tidak,1,2,-
BANK-TRX-0445,KYC,Cabang Jakarta,Mobile / Internet Banking,0.0,0.0,12,Lengkap,0,Low Risk,Terverifikasi Dual Control (Maker-Checker),20.31,Tidak,2,2,-
BANK-TRX-0446,Payment,Cabang Bali,Mobile / Internet Banking,5.21,0.0,21,Lengkap,0,Low Risk,Otorisasi Mandiri Sesuai Limit,7.05,Tidak,1,2,-
BANK-TRX-0447,KYC,Cabang Bali,Cabang / Teller,0.0,0.0,11,Lengkap,0,Low Risk,Terverifikasi Dual Control (Maker-Checker),17.44,Tidak,1,1,-
BANK-TRX-0448,Payment,Kantor Pusat,Mobile / Internet Banking,46.0,0.0,10,Lengkap,0,Medium Risk,Terverifikasi Dual Control (Maker-Checker),18.21,Tidak,1,1,-
BANK-TRX-0449,Payment,Cabang Medan,Mobile / Internet Banking,78.57,0.0,14,Lengkap,0,Low Risk,Terverifikasi Dual Control (Maker-Checker),0.44,Tidak,1,1,-
BANK-TRX-0450,Funding,Cabang Bandung,Mobile / Internet Banking,252.47,2.57,17,Lengkap,0,Low Risk,Otorisasi Mandiri Sesuai Limit,19.22,Tidak,1,1,-
BANK-TRX-0451,Payment,Cabang Surabaya,Host-to-Host Core Banking,2036.08,0.0,2,Lengkap,0,PEP / High Risk Watchlist,Override / Tanpa Otorisasi,164.62,Ya (Anomali),4,4,Transfer pembayaran jumlah masif (Rp 2036.08 Juta) pada dini hari (Jam 02:00) tanpa maker-checker
BANK-TRX-0452,Payment,Cabang Jakarta,ATM / CRM,26.81,0.0,15,Lengkap,0,Medium Risk,Terverifikasi Dual Control (Maker-Checker),1.81,Tidak,1,1,-
BANK-TRX-0453,Treasury,Kantor Pusat,Dealing Room / SWIFT,5449.8,0.0,15,Lengkap,0,High Risk,Terverifikasi Dual Control (Maker-Checker),7.44,Tidak,1,1,-
BANK-TRX-0454,IT Control,Kantor Pusat,Host-to-Host Core Banking,0.0,0.0,16,Lengkap,0,Low Risk,Terverifikasi Dual Control (Maker-Checker),23.18,Tidak,1,1,-
BANK-TRX-0455,IT Control,Cabang Bali,Host-to-Host Core Banking,0.0,0.0,10,Lengkap,0,Low Risk,Otorisasi Mandiri Sesuai Limit,4.11,Tidak,2,2,-
BANK-TRX-0456,Lending,Cabang Surabaya,Cabang / Teller,718.45,14.09,10,Lengkap,0,Medium Risk,Terverifikasi Dual Control (Maker-Checker),22.68,Tidak,2,1,-
BANK-TRX-0457,Lending,Cabang Bali,Cabang / Teller,1832.72,13.23,11,Lengkap,0,Medium Risk,Terverifikasi Dual Control (Maker-Checker),21.46,Tidak,1,2,-
BANK-TRX-0458,KYC,Cabang Bandung,Cabang / Teller,0.0,0.0,9,Lengkap,0,Low Risk,Terverifikasi Dual Control (Maker-Checker),6.18,Tidak,1,1,-
BANK-TRX-0459,IT Control,Kantor Pusat,Mobile / Internet Banking,0.0,0.0,6,Lengkap,0,Low Risk,Terverifikasi Dual Control (Maker-Checker),8.37,Tidak,1,1,-
BANK-TRX-0460,Lending,Cabang Bandung,Cabang / Teller,303.68,9.73,12,Lengkap,0,High Risk,Terverifikasi Dual Control (Maker-Checker),0.42,Tidak,2,2,-
BANK-TRX-0461,Treasury,Cabang Surabaya,Dealing Room / SWIFT,3768.22,0.0,16,Lengkap,0,Medium Risk,Terverifikasi Dual Control (Maker-Checker),11.83,Tidak,1,1,-
BANK-TRX-0462,Lending,Cabang Bali,Cabang / Teller,267.12,11.82,11,Lengkap,0,Low Risk,Terverifikasi Dual Control (Maker-Checker),15.49,Tidak,1,2,-
BANK-TRX-0463,Lending,Cabang Medan,Cabang / Teller,50448.48,4.38,13,Lengkap,0,PEP / High Risk Watchlist,Override / Tanpa Otorisasi,321.17,Ya (Anomali),5,5,Pencairan kredit bernilai Rp 50448.48 Juta dengan bunga murah ekstrem (4.38%) pihak terafiliasi melanggar BMPK
BANK-TRX-0464,Lending,Kantor Pusat,Cabang / Teller,1039.27,8.75,9,Lengkap,0,Low Risk,Terverifikasi Dual Control (Maker-Checker),6.27,Tidak,2,1,-
BANK-TRX-0465,KYC,Kantor Pusat,Mobile / Internet Banking,0.0,0.0,16,Lengkap,0,Low Risk,Otorisasi Mandiri Sesuai Limit,7.37,Tidak,1,2,-
BANK-TRX-0466,Treasury,Cabang Surabaya,Host-to-Host Core Banking,2874.82,0.0,15,Lengkap,0,Low Risk,Otorisasi Mandiri Sesuai Limit,9.95,Tidak,2,1,-
BANK-TRX-0467,Payment,Cabang Bali,Cabang / Teller,10.34,0.0,16,Lengkap,0,Medium Risk,Otorisasi Mandiri Sesuai Limit,5.3,Tidak,1,1,-
BANK-TRX-0468,Lending,Cabang Surabaya,Cabang / Teller,2560.29,11.09,9,Lengkap,0,Low Risk,Otorisasi Mandiri Sesuai Limit,2.62,Tidak,1,1,-
BANK-TRX-0469,IT Control,Cabang Bali,Host-to-Host Core Banking,0.0,0.0,16,Lengkap,0,Low Risk,Terverifikasi Dual Control (Maker-Checker),1.61,Tidak,1,1,-
BANK-TRX-0470,IT Control,Kantor Pusat,Mobile / Internet Banking,0.0,0.0,13,Lengkap,0,Low Risk,Terverifikasi Dual Control (Maker-Checker),12.97,Tidak,1,2,-
BANK-TRX-0471,Payment,Cabang Jakarta,Mobile / Internet Banking,109.09,0.0,21,Lengkap,0,Medium Risk,Terverifikasi Dual Control (Maker-Checker),19.37,Tidak,1,1,-
BANK-TRX-0472,KYC,Cabang Jakarta,Mobile / Internet Banking,0.0,0.0,10,Lengkap,0,Low Risk,Terverifikasi Dual Control (Maker-Checker),15.1,Tidak,2,2,-
BANK-TRX-0473,IT Control,Kantor Pusat,Mobile / Internet Banking,0.0,0.0,17,Lengkap,0,Medium Risk,Terverifikasi Dual Control (Maker-Checker),12.93,Tidak,1,2,-
BANK-TRX-0474,Lending,Cabang Bandung,Cabang / Teller,1183.17,12.8,10,Lengkap,0,Medium Risk,Otorisasi Mandiri Sesuai Limit,4.78,Tidak,1,1,-
BANK-TRX-0475,Payment,Cabang Surabaya,Cabang / Teller,20.16,0.0,19,Lengkap,0,Low Risk,Otorisasi Mandiri Sesuai Limit,5.94,Tidak,2,1,-
BANK-TRX-0476,Treasury,Cabang Medan,Dealing Room / SWIFT,30033.02,0.0,15,Lengkap,0,PEP / High Risk Watchlist,Override / Tanpa Otorisasi,266.97,Ya (Anomali),5,5,Transaksi valas dengan deviasi kurs melenceng (Off-Market Rate) melampaui limit dealer tanpa verifikasi Middle Office
BANK-TRX-0477,Funding,Cabang Bali,Cabang / Teller,721.66,2.64,9,Lengkap,0,Low Risk,Terverifikasi Dual Control (Maker-Checker),17.18,Tidak,2,2,-
BANK-TRX-0478,Funding,Kantor Pusat,Mobile / Internet Banking,102.01,2.28,7,Lengkap,0,Low Risk,Terverifikasi Dual Control (Maker-Checker),22.87,Tidak,1,1,-
BANK-TRX-0479,Treasury,Cabang Surabaya,Dealing Room / SWIFT,5925.97,0.0,9,Lengkap,0,Low Risk,Terverifikasi Dual Control (Maker-Checker),20.22,Tidak,2,1,-
BANK-TRX-0480,Funding,Kantor Pusat,Cabang / Teller,125.89,4.16,13,Lengkap,0,Low Risk,Otorisasi Mandiri Sesuai Limit,9.0,Tidak,1,1,-
BANK-TRX-0481,KYC,Cabang Surabaya,Cabang / Teller,0.0,0.0,11,Lengkap,0,Low Risk,Terverifikasi Dual Control (Maker-Checker),23.11,Tidak,1,1,-
BANK-TRX-0482,Treasury,Cabang Jakarta,Dealing Room / SWIFT,58839.92,0.0,13,Lengkap,0,High Risk,Override / Tanpa Otorisasi,332.57,Ya (Anomali),5,5,Transaksi valas dengan deviasi kurs melenceng (Off-Market Rate) melampaui limit dealer tanpa verifikasi Middle Office
BANK-TRX-0483,Treasury,Cabang Medan,Host-to-Host Core Banking,1115.73,0.0,13,Lengkap,0,Low Risk,Otorisasi Mandiri Sesuai Limit,19.54,Tidak,1,1,-
BANK-TRX-0484,Treasury,Cabang Jakarta,Dealing Room / SWIFT,2935.85,0.0,16,Lengkap,0,Low Risk,Terverifikasi Dual Control (Maker-Checker),17.3,Tidak,1,1,-
BANK-TRX-0485,Lending,Cabang Medan,Cabang / Teller,2271.32,13.71,8,Lengkap,0,Low Risk,Terverifikasi Dual Control (Maker-Checker),2.35,Tidak,2,1,-
BANK-TRX-0486,Lending,Kantor Pusat,Cabang / Teller,2934.43,11.0,14,Lengkap,0,Low Risk,Terverifikasi Dual Control (Maker-Checker),6.37,Tidak,2,1,-
BANK-TRX-0487,Treasury,Cabang Bandung,Host-to-Host Core Banking,4739.14,0.0,13,Lengkap,0,Medium Risk,Otorisasi Mandiri Sesuai Limit,16.14,Tidak,1,1,-
BANK-TRX-0488,KYC,Cabang Bandung,Cabang / Teller,0.0,0.0,10,Lengkap,0,High Risk,Terverifikasi Dual Control (Maker-Checker),2.45,Tidak,1,1,-
BANK-TRX-0489,Treasury,Cabang Bali,Dealing Room / SWIFT,16635.36,0.0,2,Lengkap,0,PEP / High Risk Watchlist,Override / Tanpa Otorisasi,178.09,Ya (Anomali),5,5,Transaksi pasar uang/valas bernilai Rp 16635.36 Juta dieksekusi di luar jam pasar resmi (Jam 02:00)
BANK-TRX-0490,Lending,Kantor Pusat,Cabang / Teller,2302.34,11.25,9,Lengkap,0,Low Risk,Otorisasi Mandiri Sesuai Limit,10.28,Tidak,2,1,-
BANK-TRX-0491,KYC,Kantor Pusat,Cabang / Teller,0.0,0.0,14,Lengkap,0,Low Risk,Otorisasi Mandiri Sesuai Limit,20.59,Tidak,2,1,-
BANK-TRX-0492,Funding,Cabang Bali,ATM / CRM,653.32,2.26,16,Lengkap,0,Low Risk,Otorisasi Mandiri Sesuai Limit,23.23,Tidak,1,1,-
BANK-TRX-0493,Funding,Kantor Pusat,ATM / CRM,288.96,2.83,9,Lengkap,0,Low Risk,Otorisasi Mandiri Sesuai Limit,9.6,Tidak,1,2,-
BANK-TRX-0494,Treasury,Cabang Medan,Host-to-Host Core Banking,1763.21,0.0,16,Lengkap,0,Medium Risk,Otorisasi Mandiri Sesuai Limit,18.0,Tidak,1,2,-
BANK-TRX-0495,Funding,Cabang Bandung,Cabang / Teller,87.2,2.34,20,Lengkap,0,Medium Risk,Terverifikasi Dual Control (Maker-Checker),19.88,Tidak,1,1,-
BANK-TRX-0496,Treasury,Cabang Jakarta,Dealing Room / SWIFT,5207.76,0.0,8,Lengkap,0,Low Risk,Terverifikasi Dual Control (Maker-Checker),14.33,Tidak,1,1,-
BANK-TRX-0497,IT Control,Cabang Bandung,Host-to-Host Core Banking,0.0,0.0,14,Lengkap,1,Medium Risk,Terverifikasi Dual Control (Maker-Checker),20.62,Tidak,1,2,-
BANK-TRX-0498,Payment,Cabang Medan,ATM / CRM,26.31,0.0,17,Lengkap,0,Low Risk,Terverifikasi Dual Control (Maker-Checker),7.93,Tidak,1,1,-
BANK-TRX-0499,IT Control,Cabang Bali,Host-to-Host Core Banking,0.0,0.0,1,Lengkap,8,PEP / High Risk Watchlist,Override / Tanpa Otorisasi,286.02,Ya (Anomali),4,5,Percobaan login gagal berulang kali (8 kali) pada jam tidak wajar mengindikasikan serangan Brute Force
BANK-TRX-0500,IT Control,Kantor Pusat,Host-to-Host Core Banking,0.0,0.0,8,Lengkap,0,Medium Risk,Terverifikasi Dual Control (Maker-Checker),19.4,Tidak,2,1,-
BANK-TRX-0501,Payment,Cabang Bandung,ATM / CRM,1.97,0.0,15,Lengkap,0,Low Risk,Terverifikasi Dual Control (Maker-Checker),21.9,Tidak,2,1,-
BANK-TRX-0502,Treasury,Cabang Jakarta,Host-to-Host Core Banking,2956.23,0.0,10,Lengkap,0,Low Risk,Terverifikasi Dual Control (Maker-Checker),1.5,Tidak,2,1,-
BANK-TRX-0503,Treasury,Kantor Pusat,Host-to-Host Core Banking,2252.52,0.0,14,Lengkap,0,Low Risk,Terverifikasi Dual Control (Maker-Checker),6.39,Tidak,1,1,-
BANK-TRX-0504,IT Control,Cabang Bali,Host-to-Host Core Banking,0.0,0.0,6,Lengkap,0,Low Risk,Otorisasi Mandiri Sesuai Limit,18.98,Tidak,1,1,-
BANK-TRX-0505,IT Control,Cabang Jakarta,Host-to-Host Core Banking,0.0,0.0,9,Lengkap,0,Low Risk,Otorisasi Mandiri Sesuai Limit,0.08,Tidak,1,2,-
BANK-TRX-0506,Lending,Cabang Bali,Cabang / Teller,726.44,14.38,11,Lengkap,0,Low Risk,Terverifikasi Dual Control (Maker-Checker),16.94,Tidak,1,1,-
BANK-TRX-0507,Funding,Kantor Pusat,Cabang / Teller,27910.12,1.76,16,Lengkap,0,High Risk,Override / Tanpa Otorisasi,348.67,Ya (Anomali),4,5,Penarikan dana masif (Rp 27910.12 Juta) pada rekening simpanan pasif/dormant tanpa otorisasi Branch Manager
BANK-TRX-0508,Treasury,Cabang Jakarta,Dealing Room / SWIFT,902.73,0.0,11,Lengkap,0,Medium Risk,Otorisasi Mandiri Sesuai Limit,23.67,Tidak,2,1,-
BANK-TRX-0509,Treasury,Cabang Surabaya,Dealing Room / SWIFT,57870.52,0.0,10,Lengkap,0,High Risk,Override / Tanpa Otorisasi,288.17,Ya (Anomali),5,4,Transaksi valas dengan deviasi kurs melenceng (Off-Market Rate) melampaui limit dealer tanpa verifikasi Middle Office
BANK-TRX-0510,Funding,Cabang Bandung,Cabang / Teller,1237.48,3.69,8,Lengkap,0,Low Risk,Otorisasi Mandiri Sesuai Limit,10.63,Tidak,1,1,-
BANK-TRX-0511,Lending,Cabang Jakarta,Cabang / Teller,1058.42,11.87,15,Lengkap,0,Low Risk,Terverifikasi Dual Control (Maker-Checker),10.34,Tidak,1,1,-
BANK-TRX-0512,Payment,Cabang Jakarta,Cabang / Teller,13.38,0.0,18,Lengkap,0,Medium Risk,Terverifikasi Dual Control (Maker-Checker),16.31,Tidak,1,1,-
BANK-TRX-0513,Treasury,Cabang Jakarta,Dealing Room / SWIFT,1270.15,0.0,15,Lengkap,0,Low Risk,Otorisasi Mandiri Sesuai Limit,4.24,Tidak,1,2,-
BANK-TRX-0514,IT Control,Kantor Pusat,Host-to-Host Core Banking,0.0,0.0,4,Lengkap,11,PEP / High Risk Watchlist,Override / Tanpa Otorisasi,277.61,Ya (Anomali),4,5,Percobaan login gagal berulang kali (11 kali) pada jam tidak wajar mengindikasikan serangan Brute Force
BANK-TRX-0515,IT Control,Kantor Pusat,Host-to-Host Core Banking,0.0,0.0,20,Lengkap,0,Low Risk,Terverifikasi Dual Control (Maker-Checker),3.12,Tidak,1,1,-
BANK-TRX-0516,IT Control,Kantor Pusat,Mobile / Internet Banking,0.0,0.0,6,Lengkap,0,Low Risk,Otorisasi Mandiri Sesuai Limit,2.94,Tidak,2,1,-
BANK-TRX-0517,Funding,Cabang Jakarta,Mobile / Internet Banking,377.53,2.8,16,Lengkap,0,Low Risk,Terverifikasi Dual Control (Maker-Checker),13.54,Tidak,1,1,-
BANK-TRX-0518,Treasury,Cabang Bandung,Host-to-Host Core Banking,3563.16,0.0,16,Lengkap,0,Low Risk,Terverifikasi Dual Control (Maker-Checker),9.01,Tidak,1,1,-
BANK-TRX-0519,Payment,Cabang Jakarta,Mobile / Internet Banking,18.05,0.0,19,Lengkap,0,Low Risk,Terverifikasi Dual Control (Maker-Checker),4.94,Tidak,2,1,-
BANK-TRX-0520,Funding,Cabang Jakarta,Cabang / Teller,47.4,3.73,7,Lengkap,0,Low Risk,Otorisasi Mandiri Sesuai Limit,13.0,Tidak,2,1,-
BANK-TRX-0521,Lending,Cabang Bandung,Cabang / Teller,2338.27,10.32,9,Lengkap,0,High Risk,Terverifikasi Dual Control (Maker-Checker),13.31,Tidak,1,1,-
BANK-TRX-0522,IT Control,Cabang Bali,Host-to-Host Core Banking,0.0,0.0,9,Lengkap,0,Low Risk,Terverifikasi Dual Control (Maker-Checker),21.56,Tidak,2,1,-
BANK-TRX-0523,Lending,Cabang Bali,Cabang / Teller,509.09,9.07,11,Lengkap,0,Medium Risk,Terverifikasi Dual Control (Maker-Checker),1.3,Tidak,2,1,-
BANK-TRX-0524,Lending,Cabang Surabaya,Cabang / Teller,638.19,13.1,13,Lengkap,0,Low Risk,Otorisasi Mandiri Sesuai Limit,12.46,Tidak,1,1,-
BANK-TRX-0525,Funding,Cabang Medan,Mobile / Internet Banking,617.99,1.85,18,Lengkap,0,Low Risk,Terverifikasi Dual Control (Maker-Checker),3.32,Tidak,1,1,-
BANK-TRX-0526,IT Control,Cabang Bandung,Mobile / Internet Banking,0.0,0.0,14,Lengkap,0,Low Risk,Terverifikasi Dual Control (Maker-Checker),13.18,Tidak,1,1,-
BANK-TRX-0527,Lending,Cabang Medan,Cabang / Teller,361.17,8.54,8,Lengkap,0,Low Risk,Terverifikasi Dual Control (Maker-Checker),17.97,Tidak,1,1,-
BANK-TRX-0528,Funding,Cabang Bali,Mobile / Internet Banking,166.16,3.67,19,Lengkap,0,Low Risk,Terverifikasi Dual Control (Maker-Checker),9.6,Tidak,2,1,-
BANK-TRX-0529,KYC,Cabang Bandung,Mobile / Internet Banking,0.0,0.0,16,Lengkap,0,Medium Risk,Otorisasi Mandiri Sesuai Limit,21.47,Tidak,1,2,-
BANK-TRX-0530,Lending,Kantor Pusat,Cabang / Teller,380.67,13.56,8,Lengkap,0,Low Risk,Otorisasi Mandiri Sesuai Limit,8.13,Tidak,1,1,-
BANK-TRX-0531,IT Control,Cabang Bandung,Host-to-Host Core Banking,0.0,0.0,21,Lengkap,0,Low Risk,Terverifikasi Dual Control (Maker-Checker),19.9,Tidak,1,1,-
BANK-TRX-0532,Funding,Cabang Jakarta,ATM / CRM,401.81,3.41,18,Lengkap,0,Low Risk,Otorisasi Mandiri Sesuai Limit,15.58,Tidak,1,1,-
BANK-TRX-0533,Treasury,Cabang Jakarta,Host-to-Host Core Banking,3454.45,0.0,9,Lengkap,0,Low Risk,Terverifikasi Dual Control (Maker-Checker),0.82,Tidak,1,1,-
BANK-TRX-0534,KYC,Cabang Bandung,Cabang / Teller,0.0,0.0,13,Lengkap,0,High Risk,Otorisasi Mandiri Sesuai Limit,6.76,Tidak,2,1,-
BANK-TRX-0535,Lending,Kantor Pusat,Cabang / Teller,15655.03,8.97,8,Tidak Lengkap,0,High Risk,Override / Tanpa Otorisasi,145.88,Ya (Anomali),4,5,Pencairan fasilitas kredit mendahului pemenuhan dokumen syarat efektif dan bukti pengikatan agunan
BANK-TRX-0536,KYC,Cabang Bali,Cabang / Teller,0.0,0.0,12,Lengkap,0,Low Risk,Otorisasi Mandiri Sesuai Limit,11.35,Tidak,1,1,-
BANK-TRX-0537,Treasury,Kantor Pusat,Host-to-Host Core Banking,2776.67,0.0,16,Lengkap,0,Low Risk,Terverifikasi Dual Control (Maker-Checker),1.64,Tidak,2,1,-
BANK-TRX-0538,IT Control,Cabang Bali,Host-to-Host Core Banking,0.0,0.0,16,Lengkap,0,Low Risk,Otorisasi Mandiri Sesuai Limit,13.81,Tidak,1,1,-
BANK-TRX-0539,Funding,Cabang Bali,Cabang / Teller,47.19,2.63,7,Lengkap,0,Low Risk,Terverifikasi Dual Control (Maker-Checker),19.4,Tidak,2,1,-
BANK-TRX-0540,Treasury,Cabang Surabaya,Dealing Room / SWIFT,800.47,0.0,12,Lengkap,0,Low Risk,Terverifikasi Dual Control (Maker-Checker),10.02,Tidak,1,2,-
BANK-TRX-0541,IT Control,Cabang Surabaya,Mobile / Internet Banking,0.0,0.0,19,Lengkap,0,Low Risk,Otorisasi Mandiri Sesuai Limit,16.67,Tidak,1,1,-
BANK-TRX-0542,Treasury,Cabang Bali,Host-to-Host Core Banking,1902.36,0.0,15,Lengkap,0,Low Risk,Terverifikasi Dual Control (Maker-Checker),3.45,Tidak,2,1,-
BANK-TRX-0543,Funding,Kantor Pusat,Cabang / Teller,10345.63,9.93,12,Lengkap,0,PEP / High Risk Watchlist,Override / Tanpa Otorisasi,314.33,Ya (Anomali),4,4,Bunga simpanan deposito (9.93%) melampaui batas penjaminan LPS tanpa persetujuan komite ALCO
BANK-TRX-0544,IT Control,Cabang Bali,Host-to-Host Core Banking,0.0,0.0,15,Lengkap,0,Low Risk,Terverifikasi Dual Control (Maker-Checker),13.02,Tidak,1,1,-
BANK-TRX-0545,IT Control,Cabang Surabaya,Mobile / Internet Banking,0.0,0.0,21,Lengkap,1,Medium Risk,Otorisasi Mandiri Sesuai Limit,17.6,Tidak,1,1,-
BANK-TRX-0546,Treasury,Cabang Medan,Dealing Room / SWIFT,41534.36,0.0,1,Lengkap,0,High Risk,Override / Tanpa Otorisasi,241.21,Ya (Anomali),5,4,Transaksi pasar uang/valas bernilai Rp 41534.36 Juta dieksekusi di luar jam pasar resmi (Jam 01:00)
BANK-TRX-0547,IT Control,Cabang Jakarta,Host-to-Host Core Banking,0.0,0.0,0,Lengkap,0,PEP / High Risk Watchlist,Override / Tanpa Otorisasi,206.54,Ya (Anomali),4,5,Aktivitas akses administratif basis data core banking pada dini hari (Jam 00:00) tanpa tiket Change Request
BANK-TRX-0548,Funding,Cabang Jakarta,Cabang / Teller,582.17,1.94,13,Lengkap,0,Low Risk,Terverifikasi Dual Control (Maker-Checker),24.13,Tidak,1,1,-
BANK-TRX-0549,Treasury,Cabang Medan,Dealing Room / SWIFT,910.14,0.0,14,Lengkap,0,Low Risk,Otorisasi Mandiri Sesuai Limit,5.25,Tidak,1,2,-
BANK-TRX-0550,KYC,Cabang Jakarta,Mobile / Internet Banking,0.0,0.0,12,Lengkap,0,Low Risk,Terverifikasi Dual Control (Maker-Checker),3.22,Tidak,2,1,-
BANK-TRX-0551,Lending,Cabang Jakarta,Cabang / Teller,1327.65,10.43,8,Lengkap,0,Low Risk,Terverifikasi Dual Control (Maker-Checker),23.48,Tidak,1,2,-
BANK-TRX-0552,Lending,Cabang Surabaya,Cabang / Teller,794.61,13.51,8,Lengkap,0,Low Risk,Terverifikasi Dual Control (Maker-Checker),24.81,Tidak,1,1,-
BANK-TRX-0553,Payment,Cabang Jakarta,Mobile / Internet Banking,11.46,0.0,18,Lengkap,0,Low Risk,Terverifikasi Dual Control (Maker-Checker),11.0,Tidak,1,1,-
BANK-TRX-0554,KYC,Cabang Surabaya,Cabang / Teller,0.0,0.0,10,Lengkap,0,High Risk,Otorisasi Mandiri Sesuai Limit,4.17,Tidak,1,1,-
BANK-TRX-0555,Lending,Cabang Medan,Cabang / Teller,1172.15,12.28,11,Lengkap,0,Medium Risk,Terverifikasi Dual Control (Maker-Checker),10.73,Tidak,1,2,-
BANK-TRX-0556,KYC,Cabang Jakarta,Mobile / Internet Banking,0.0,0.0,12,Lengkap,0,High Risk,Terverifikasi Dual Control (Maker-Checker),0.59,Tidak,1,2,-
BANK-TRX-0557,KYC,Cabang Jakarta,Mobile / Internet Banking,0.0,0.0,13,Lengkap,0,Low Risk,Terverifikasi Dual Control (Maker-Checker),6.6,Tidak,1,2,-
BANK-TRX-0558,IT Control,Cabang Jakarta,Host-to-Host Core Banking,0.0,0.0,3,Lengkap,10,High Risk,Override / Tanpa Otorisasi,194.43,Ya (Anomali),5,5,Percobaan login gagal berulang kali (10 kali) pada jam tidak wajar mengindikasikan serangan Brute Force
BANK-TRX-0559,KYC,Cabang Medan,Mobile / Internet Banking,0.0,0.0,16,Lengkap,0,Low Risk,Terverifikasi Dual Control (Maker-Checker),17.35,Tidak,1,1,-
BANK-TRX-0560,Treasury,Cabang Surabaya,Dealing Room / SWIFT,2143.86,0.0,13,Lengkap,0,Low Risk,Terverifikasi Dual Control (Maker-Checker),4.53,Tidak,2,2,-
BANK-TRX-0561,KYC,Cabang Bali,Cabang / Teller,0.0,0.0,16,Lengkap,0,Low Risk,Terverifikasi Dual Control (Maker-Checker),21.44,Tidak,1,1,-
BANK-TRX-0562,Payment,Cabang Medan,ATM / CRM,8.1,0.0,15,Lengkap,0,Low Risk,Otorisasi Mandiri Sesuai Limit,1.31,Tidak,2,1,-
BANK-TRX-0563,IT Control,Cabang Medan,Mobile / Internet Banking,0.0,0.0,7,Lengkap,0,Low Risk,Terverifikasi Dual Control (Maker-Checker),9.77,Tidak,2,2,-
BANK-TRX-0564,IT Control,Cabang Medan,Host-to-Host Core Banking,0.0,0.0,11,Lengkap,0,Medium Risk,Otorisasi Mandiri Sesuai Limit,1.03,Tidak,1,1,-
BANK-TRX-0565,Treasury,Cabang Bali,Host-to-Host Core Banking,4101.27,0.0,11,Lengkap,0,Low Risk,Terverifikasi Dual Control (Maker-Checker),9.75,Tidak,1,1,-
BANK-TRX-0566,Treasury,Cabang Jakarta,Dealing Room / SWIFT,1759.34,0.0,9,Lengkap,0,Low Risk,Terverifikasi Dual Control (Maker-Checker),12.41,Tidak,1,2,-
BANK-TRX-0567,KYC,Cabang Bali,Cabang / Teller,0.0,0.0,16,Lengkap,0,Low Risk,Terverifikasi Dual Control (Maker-Checker),2.02,Tidak,1,2,-
BANK-TRX-0568,Lending,Cabang Medan,Cabang / Teller,321.92,8.52,14,Lengkap,0,Medium Risk,Terverifikasi Dual Control (Maker-Checker),20.07,Tidak,1,1,-
BANK-TRX-0569,IT Control,Kantor Pusat,Mobile / Internet Banking,0.0,0.0,14,Lengkap,0,Medium Risk,Otorisasi Mandiri Sesuai Limit,12.37,Tidak,1,1,-
BANK-TRX-0570,Lending,Cabang Bali,Cabang / Teller,6007.96,12.36,14,Lengkap,0,Low Risk,Otorisasi Mandiri Sesuai Limit,16.9,Tidak,1,1,-
BANK-TRX-0571,Funding,Cabang Bandung,Mobile / Internet Banking,1625.42,2.56,8,Lengkap,0,Low Risk,Terverifikasi Dual Control (Maker-Checker),9.23,Tidak,1,1,-
BANK-TRX-0572,Funding,Kantor Pusat,Cabang / Teller,733.91,2.3,13,Lengkap,0,Low Risk,Terverifikasi Dual Control (Maker-Checker),18.12,Tidak,1,1,-
BANK-TRX-0573,Treasury,Cabang Medan,Dealing Room / SWIFT,31370.88,0.0,23,Lengkap,0,High Risk,Override / Tanpa Otorisasi,250.99,Ya (Anomali),5,5,Transaksi pasar uang/valas bernilai Rp 31370.88 Juta dieksekusi di luar jam pasar resmi (Jam 23:00)
BANK-TRX-0574,Payment,Cabang Bandung,ATM / CRM,24.35,0.0,17,Lengkap,0,Low Risk,Terverifikasi Dual Control (Maker-Checker),6.15,Tidak,2,1,-
BANK-TRX-0575,Treasury,Cabang Jakarta,Dealing Room / SWIFT,31337.86,0.0,23,Lengkap,0,High Risk,Override / Tanpa Otorisasi,296.42,Ya (Anomali),5,5,Transaksi pasar uang/valas bernilai Rp 31337.86 Juta dieksekusi di luar jam pasar resmi (Jam 23:00)
BANK-TRX-0576,Funding,Cabang Bandung,ATM / CRM,78.69,3.68,7,Lengkap,0,Low Risk,Otorisasi Mandiri Sesuai Limit,19.72,Tidak,1,2,-
BANK-TRX-0577,Payment,Kantor Pusat,Mobile / Internet Banking,621.83,0.0,3,Lengkap,0,High Risk,Override / Tanpa Otorisasi,180.71,Ya (Anomali),5,4,Transfer pembayaran jumlah masif (Rp 621.83 Juta) pada dini hari (Jam 03:00) tanpa maker-checker
BANK-TRX-0578,Treasury,Kantor Pusat,Host-to-Host Core Banking,7865.96,0.0,12,Lengkap,0,High Risk,Terverifikasi Dual Control (Maker-Checker),22.43,Tidak,1,2,-
BANK-TRX-0579,KYC,Cabang Bandung,Cabang / Teller,0.0,0.0,8,Lengkap,0,Low Risk,Terverifikasi Dual Control (Maker-Checker),10.34,Tidak,1,2,-
BANK-TRX-0580,Treasury,Cabang Bandung,Dealing Room / SWIFT,6001.28,0.0,14,Lengkap,0,Medium Risk,Terverifikasi Dual Control (Maker-Checker),7.67,Tidak,1,1,-
BANK-TRX-0581,KYC,Cabang Surabaya,Mobile / Internet Banking,0.0,0.0,11,Lengkap,0,Medium Risk,Terverifikasi Dual Control (Maker-Checker),2.52,Tidak,2,1,-
BANK-TRX-0582,Treasury,Cabang Jakarta,Host-to-Host Core Banking,4861.53,0.0,9,Lengkap,0,Low Risk,Terverifikasi Dual Control (Maker-Checker),9.09,Tidak,1,1,-
BANK-TRX-0583,Payment,Kantor Pusat,Mobile / Internet Banking,108.25,0.0,11,Lengkap,0,Low Risk,Terverifikasi Dual Control (Maker-Checker),23.31,Tidak,1,2,-
BANK-TRX-0584,Lending,Cabang Bandung,Cabang / Teller,238.24,10.03,14,Lengkap,0,Low Risk,Terverifikasi Dual Control (Maker-Checker),7.91,Tidak,2,1,-
BANK-TRX-0585,Lending,Cabang Medan,Cabang / Teller,61846.3,4.43,10,Lengkap,0,High Risk,Override / Tanpa Otorisasi,181.05,Ya (Anomali),5,5,Pencairan kredit bernilai Rp 61846.3 Juta dengan bunga murah ekstrem (4.43%) pihak terafiliasi melanggar BMPK
BANK-TRX-0586,Funding,Cabang Bandung,ATM / CRM,230.18,2.58,14,Lengkap,0,High Risk,Otorisasi Mandiri Sesuai Limit,14.97,Tidak,1,1,-
BANK-TRX-0587,Lending,Cabang Medan,Cabang / Teller,1482.85,12.56,15,Lengkap,0,Low Risk,Terverifikasi Dual Control (Maker-Checker),24.91,Tidak,1,1,-
BANK-TRX-0588,IT Control,Cabang Surabaya,Host-to-Host Core Banking,0.0,0.0,17,Lengkap,0,Medium Risk,Terverifikasi Dual Control (Maker-Checker),17.99,Tidak,1,2,-
BANK-TRX-0589,Treasury,Cabang Medan,Dealing Room / SWIFT,5064.6,0.0,8,Lengkap,0,Low Risk,Terverifikasi Dual Control (Maker-Checker),3.23,Tidak,1,1,-
BANK-TRX-0590,Payment,Cabang Bali,Host-to-Host Core Banking,4381.75,0.0,2,Lengkap,0,PEP / High Risk Watchlist,Override / Tanpa Otorisasi,279.17,Ya (Anomali),5,4,Transfer pembayaran jumlah masif (Rp 4381.75 Juta) pada dini hari (Jam 02:00) tanpa maker-checker
BANK-TRX-0591,Payment,Cabang Medan,Cabang / Teller,3.26,0.0,6,Lengkap,0,Low Risk,Terverifikasi Dual Control (Maker-Checker),21.24,Tidak,1,2,-
BANK-TRX-0592,Funding,Cabang Jakarta,ATM / CRM,61.03,3.9,13,Lengkap,0,Low Risk,Otorisasi Mandiri Sesuai Limit,6.82,Tidak,1,1,-
BANK-TRX-0593,Treasury,Cabang Jakarta,Dealing Room / SWIFT,3172.01,0.0,10,Lengkap,0,Low Risk,Otorisasi Mandiri Sesuai Limit,21.12,Tidak,1,1,-
BANK-TRX-0594,Funding,Cabang Bali,ATM / CRM,749.76,2.41,18,Lengkap,0,Low Risk,Otorisasi Mandiri Sesuai Limit,0.87,Tidak,2,2,-
BANK-TRX-0595,KYC,Cabang Jakarta,Cabang / Teller,0.0,0.0,11,Lengkap,0,Low Risk,Otorisasi Mandiri Sesuai Limit,11.62,Tidak,1,1,-
BANK-TRX-0596,Treasury,Cabang Medan,Dealing Room / SWIFT,957.16,0.0,16,Lengkap,0,Medium Risk,Terverifikasi Dual Control (Maker-Checker),12.2,Tidak,1,1,-
BANK-TRX-0597,Funding,Cabang Bandung,ATM / CRM,341.63,2.81,19,Lengkap,0,Medium Risk,Otorisasi Mandiri Sesuai Limit,0.58,Tidak,1,2,-
BANK-TRX-0598,IT Control,Cabang Medan,Host-to-Host Core Banking,0.0,0.0,20,Lengkap,0,Low Risk,Terverifikasi Dual Control (Maker-Checker),7.69,Tidak,1,1,-
BANK-TRX-0599,Funding,Kantor Pusat,Cabang / Teller,12814.22,10.18,8,Lengkap,0,High Risk,Override / Tanpa Otorisasi,148.93,Ya (Anomali),4,4,Bunga simpanan deposito (10.18%) melampaui batas penjaminan LPS tanpa persetujuan komite ALCO
BANK-TRX-0600,IT Control,Kantor Pusat,Mobile / Internet Banking,0.0,0.0,17,Lengkap,0,Low Risk,Terverifikasi Dual Control (Maker-Checker),4.35,Tidak,2,1,-
BANK-TRX-0601,KYC,Kantor Pusat,Cabang / Teller,0.0,0.0,9,Tidak Lengkap,0,High Risk,Override / Tanpa Otorisasi,106.24,Ya (Anomali),5,4,Persetujuan pembukaan rekening nasabah padahal dokumen identitas dan persyaratan APU-PPT Tidak Lengkap
BANK-TRX-0602,Lending,Cabang Surabaya,Cabang / Teller,584.79,12.25,11,Lengkap,0,Low Risk,Terverifikasi Dual Control (Maker-Checker),7.63,Tidak,1,1,-
BANK-TRX-0603,Funding,Cabang Jakarta,Cabang / Teller,15.91,3.92,14,Lengkap,0,Medium Risk,Terverifikasi Dual Control (Maker-Checker),2.04,Tidak,2,2,-
BANK-TRX-0604,Funding,Cabang Jakarta,Mobile / Internet Banking,153.31,3.15,14,Lengkap,0,Medium Risk,Otorisasi Mandiri Sesuai Limit,12.69,Tidak,1,1,-
BANK-TRX-0605,Lending,Cabang Bandung,Cabang / Teller,1230.16,13.82,15,Lengkap,0,Low Risk,Terverifikasi Dual Control (Maker-Checker),4.73,Tidak,2,2,-
BANK-TRX-0606,IT Control,Kantor Pusat,Mobile / Internet Banking,0.0,0.0,15,Lengkap,0,Low Risk,Otorisasi Mandiri Sesuai Limit,9.2,Tidak,1,1,-
BANK-TRX-0607,Lending,Cabang Bandung,Cabang / Teller,2410.98,12.74,13,Lengkap,0,Medium Risk,Terverifikasi Dual Control (Maker-Checker),15.86,Tidak,1,1,-
BANK-TRX-0608,IT Control,Cabang Surabaya,Host-to-Host Core Banking,0.0,0.0,8,Lengkap,0,Low Risk,Otorisasi Mandiri Sesuai Limit,9.62,Tidak,1,2,-
BANK-TRX-0609,Treasury,Cabang Bandung,Dealing Room / SWIFT,4701.8,0.0,9,Lengkap,0,Low Risk,Otorisasi Mandiri Sesuai Limit,11.35,Tidak,1,2,-
BANK-TRX-0610,Payment,Cabang Surabaya,Mobile / Internet Banking,5.84,0.0,18,Lengkap,0,Low Risk,Terverifikasi Dual Control (Maker-Checker),16.67,Tidak,1,2,-
BANK-TRX-0611,KYC,Cabang Medan,Cabang / Teller,0.0,0.0,13,Lengkap,0,Medium Risk,Otorisasi Mandiri Sesuai Limit,20.83,Tidak,1,1,-
BANK-TRX-0612,Treasury,Cabang Bandung,Dealing Room / SWIFT,3338.72,0.0,13,Lengkap,0,Low Risk,Otorisasi Mandiri Sesuai Limit,24.39,Tidak,1,1,-
BANK-TRX-0613,Lending,Cabang Medan,Cabang / Teller,530.02,8.81,13,Lengkap,0,Medium Risk,Terverifikasi Dual Control (Maker-Checker),22.4,Tidak,2,1,-
BANK-TRX-0614,KYC,Cabang Bali,Cabang / Teller,0.0,0.0,8,Lengkap,0,Low Risk,Otorisasi Mandiri Sesuai Limit,12.51,Tidak,1,1,-
BANK-TRX-0615,Funding,Kantor Pusat,Mobile / Internet Banking,2619.6,1.87,15,Lengkap,0,Low Risk,Otorisasi Mandiri Sesuai Limit,9.85,Tidak,1,1,-
BANK-TRX-0616,Funding,Cabang Medan,Cabang / Teller,89.15,2.42,9,Lengkap,0,Low Risk,Otorisasi Mandiri Sesuai Limit,24.09,Tidak,2,1,-
BANK-TRX-0617,Treasury,Cabang Surabaya,Host-to-Host Core Banking,1546.37,0.0,12,Lengkap,0,Low Risk,Terverifikasi Dual Control (Maker-Checker),14.35,Tidak,1,2,-
BANK-TRX-0618,Funding,Cabang Bali,Cabang / Teller,7182.62,8.09,10,Lengkap,0,High Risk,Override / Tanpa Otorisasi,323.55,Ya (Anomali),5,4,Bunga simpanan deposito (8.09%) melampaui batas penjaminan LPS tanpa persetujuan komite ALCO
BANK-TRX-0619,IT Control,Cabang Medan,Mobile / Internet Banking,0.0,0.0,9,Lengkap,0,Medium Risk,Terverifikasi Dual Control (Maker-Checker),12.02,Tidak,2,1,-
BANK-TRX-0620,Funding,Kantor Pusat,ATM / CRM,601.8,3.55,17,Lengkap,0,Low Risk,Terverifikasi Dual Control (Maker-Checker),14.5,Tidak,1,1,-
BANK-TRX-0621,IT Control,Cabang Medan,Mobile / Internet Banking,0.0,0.0,18,Lengkap,1,Medium Risk,Terverifikasi Dual Control (Maker-Checker),16.07,Tidak,1,2,-
BANK-TRX-0622,Funding,Cabang Medan,Mobile / Internet Banking,588.95,3.13,14,Lengkap,0,Low Risk,Terverifikasi Dual Control (Maker-Checker),19.84,Tidak,1,2,-
BANK-TRX-0623,Treasury,Kantor Pusat,Dealing Room / SWIFT,1254.03,0.0,14,Lengkap,0,Low Risk,Terverifikasi Dual Control (Maker-Checker),3.17,Tidak,1,1,-
BANK-TRX-0624,KYC,Kantor Pusat,Cabang / Teller,0.0,0.0,16,Lengkap,0,Low Risk,Otorisasi Mandiri Sesuai Limit,13.92,Tidak,2,2,-
BANK-TRX-0625,Payment,Cabang Bandung,ATM / CRM,25.69,0.0,20,Lengkap,0,Low Risk,Otorisasi Mandiri Sesuai Limit,5.91,Tidak,1,2,-
BANK-TRX-0626,Treasury,Cabang Bandung,Dealing Room / SWIFT,5707.37,0.0,15,Lengkap,0,Low Risk,Otorisasi Mandiri Sesuai Limit,8.17,Tidak,1,1,-
BANK-TRX-0627,Funding,Kantor Pusat,Mobile / Internet Banking,300.55,3.22,18,Lengkap,0,Low Risk,Otorisasi Mandiri Sesuai Limit,12.46,Tidak,1,1,-
BANK-TRX-0628,KYC,Cabang Bandung,Cabang / Teller,0.0,0.0,8,Lengkap,0,High Risk,Override / Tanpa Otorisasi,174.38,Ya (Anomali),5,5,Onboarding nasabah profil Politically Exposed Person (PEP) disetujui tanpa proses Enhanced Due Diligence (EDD)
BANK-TRX-0629,Treasury,Cabang Jakarta,Dealing Room / SWIFT,42516.62,0.0,1,Lengkap,0,High Risk,Override / Tanpa Otorisasi,340.0,Ya (Anomali),4,5,Transaksi pasar uang/valas bernilai Rp 42516.62 Juta dieksekusi di luar jam pasar resmi (Jam 01:00)
BANK-TRX-0630,Lending,Cabang Jakarta,Cabang / Teller,3675.77,14.29,16,Lengkap,0,Low Risk,Otorisasi Mandiri Sesuai Limit,4.78,Tidak,1,1,-
BANK-TRX-0631,Lending,Cabang Bandung,Cabang / Teller,1712.11,8.7,12,Lengkap,0,Low Risk,Terverifikasi Dual Control (Maker-Checker),18.83,Tidak,1,1,-
BANK-TRX-0632,KYC,Cabang Bali,Cabang / Teller,0.0,0.0,15,Lengkap,0,Low Risk,Terverifikasi Dual Control (Maker-Checker),16.07,Tidak,1,2,-
BANK-TRX-0633,Funding,Cabang Jakarta,Mobile / Internet Banking,213.12,3.85,18,Lengkap,0,Low Risk,Terverifikasi Dual Control (Maker-Checker),19.5,Tidak,1,2,-
BANK-TRX-0634,IT Control,Cabang Bandung,Mobile / Internet Banking,0.0,0.0,11,Lengkap,0,Low Risk,Terverifikasi Dual Control (Maker-Checker),23.32,Tidak,1,1,-
BANK-TRX-0635,Payment,Kantor Pusat,Cabang / Teller,17.52,0.0,19,Lengkap,0,Low Risk,Terverifikasi Dual Control (Maker-Checker),3.09,Tidak,1,1,-
BANK-TRX-0636,KYC,Cabang Surabaya,Mobile / Internet Banking,0.0,0.0,14,Lengkap,0,Low Risk,Terverifikasi Dual Control (Maker-Checker),16.27,Tidak,2,1,-
BANK-TRX-0637,Funding,Cabang Bali,Cabang / Teller,8173.53,9.03,11,Lengkap,0,High Risk,Override / Tanpa Otorisasi,286.6,Ya (Anomali),4,5,Bunga simpanan deposito (9.03%) melampaui batas penjaminan LPS tanpa persetujuan komite ALCO
BANK-TRX-0638,Funding,Cabang Surabaya,Cabang / Teller,40.16,2.0,8,Lengkap,0,Medium Risk,Terverifikasi Dual Control (Maker-Checker),20.51,Tidak,1,1,-
BANK-TRX-0639,Funding,Cabang Bali,ATM / CRM,168.84,3.55,13,Lengkap,0,Medium Risk,Terverifikasi Dual Control (Maker-Checker),15.08,Tidak,1,1,-
BANK-TRX-0640,KYC,Cabang Bali,Cabang / Teller,0.0,0.0,9,Lengkap,0,Low Risk,Terverifikasi Dual Control (Maker-Checker),9.48,Tidak,1,1,-
BANK-TRX-0641,Treasury,Cabang Bali,Dealing Room / SWIFT,5104.42,0.0,13,Lengkap,0,Medium Risk,Terverifikasi Dual Control (Maker-Checker),8.16,Tidak,1,2,-
BANK-TRX-0642,Payment,Cabang Bandung,ATM / CRM,36.86,0.0,22,Lengkap,0,Low Risk,Terverifikasi Dual Control (Maker-Checker),24.37,Tidak,1,1,-
BANK-TRX-0643,IT Control,Kantor Pusat,Mobile / Internet Banking,0.0,0.0,7,Lengkap,0,Low Risk,Otorisasi Mandiri Sesuai Limit,9.97,Tidak,1,1,-
BANK-TRX-0644,IT Control,Kantor Pusat,Host-to-Host Core Banking,0.0,0.0,21,Lengkap,0,Low Risk,Terverifikasi Dual Control (Maker-Checker),10.45,Tidak,2,2,-
BANK-TRX-0645,Treasury,Cabang Medan,Host-to-Host Core Banking,1208.32,0.0,13,Lengkap,0,Low Risk,Terverifikasi Dual Control (Maker-Checker),15.02,Tidak,1,2,-
BANK-TRX-0646,Treasury,Cabang Medan,Host-to-Host Core Banking,1678.83,0.0,14,Lengkap,0,Low Risk,Terverifikasi Dual Control (Maker-Checker),13.25,Tidak,1,1,-
BANK-TRX-0647,Funding,Cabang Jakarta,Mobile / Internet Banking,152.77,3.62,14,Lengkap,0,Low Risk,Terverifikasi Dual Control (Maker-Checker),24.86,Tidak,1,1,-
BANK-TRX-0648,Payment,Cabang Bali,Cabang / Teller,21.88,0.0,18,Lengkap,0,Medium Risk,Terverifikasi Dual Control (Maker-Checker),15.79,Tidak,1,1,-
BANK-TRX-0649,Payment,Kantor Pusat,Mobile / Internet Banking,59.65,0.0,11,Lengkap,0,Medium Risk,Terverifikasi Dual Control (Maker-Checker),1.94,Tidak,1,1,-
BANK-TRX-0650,Payment,Cabang Bandung,ATM / CRM,115.1,0.0,13,Lengkap,0,Low Risk,Terverifikasi Dual Control (Maker-Checker),23.21,Tidak,1,1,-
BANK-TRX-0651,KYC,Cabang Medan,Cabang / Teller,0.0,0.0,16,Tidak Lengkap,0,High Risk,Override / Tanpa Otorisasi,325.52,Ya (Anomali),5,4,Persetujuan pembukaan rekening nasabah padahal dokumen identitas dan persyaratan APU-PPT Tidak Lengkap
BANK-TRX-0652,Lending,Cabang Bandung,Cabang / Teller,1246.09,9.31,13,Lengkap,0,Low Risk,Otorisasi Mandiri Sesuai Limit,10.48,Tidak,1,2,-
BANK-TRX-0653,KYC,Kantor Pusat,Mobile / Internet Banking,0.0,0.0,10,Lengkap,0,Medium Risk,Terverifikasi Dual Control (Maker-Checker),22.58,Tidak,1,1,-
BANK-TRX-0654,IT Control,Cabang Jakarta,Host-to-Host Core Banking,0.0,0.0,16,Lengkap,0,Low Risk,Terverifikasi Dual Control (Maker-Checker),11.21,Tidak,2,1,-
BANK-TRX-0655,Lending,Kantor Pusat,Cabang / Teller,7452.5,9.73,10,Tidak Lengkap,0,High Risk,Override / Tanpa Otorisasi,187.62,Ya (Anomali),5,5,Pencairan fasilitas kredit mendahului pemenuhan dokumen syarat efektif dan bukti pengikatan agunan
BANK-TRX-0656,Treasury,Cabang Surabaya,Dealing Room / SWIFT,3322.48,0.0,16,Lengkap,0,Low Risk,Terverifikasi Dual Control (Maker-Checker),20.91,Tidak,1,1,-
BANK-TRX-0657,Lending,Cabang Bali,Cabang / Teller,159.23,9.42,11,Lengkap,0,Low Risk,Terverifikasi Dual Control (Maker-Checker),5.17,Tidak,1,1,-
BANK-TRX-0658,Payment,Kantor Pusat,Cabang / Teller,36.32,0.0,9,Lengkap,0,Low Risk,Terverifikasi Dual Control (Maker-Checker),7.16,Tidak,1,1,-
BANK-TRX-0659,KYC,Cabang Medan,Cabang / Teller,0.0,0.0,12,Tidak Lengkap,0,High Risk,Override / Tanpa Otorisasi,310.68,Ya (Anomali),5,5,Persetujuan pembukaan rekening nasabah padahal dokumen identitas dan persyaratan APU-PPT Tidak Lengkap
BANK-TRX-0660,Treasury,Cabang Jakarta,Host-to-Host Core Banking,1551.65,0.0,12,Lengkap,0,Medium Risk,Otorisasi Mandiri Sesuai Limit,14.03,Tidak,1,1,-
BANK-TRX-0661,Lending,Cabang Medan,Cabang / Teller,4635.65,12.0,13,Tidak Lengkap,0,PEP / High Risk Watchlist,Override / Tanpa Otorisasi,309.67,Ya (Anomali),4,5,Pencairan fasilitas kredit mendahului pemenuhan dokumen syarat efektif dan bukti pengikatan agunan
BANK-TRX-0662,Payment,Cabang Medan,ATM / CRM,16.63,0.0,11,Lengkap,0,Low Risk,Terverifikasi Dual Control (Maker-Checker),24.25,Tidak,1,2,-
BANK-TRX-0663,Funding,Cabang Bandung,Cabang / Teller,27718.34,1.73,8,Lengkap,0,High Risk,Override / Tanpa Otorisasi,263.56,Ya (Anomali),4,5,Penarikan dana masif (Rp 27718.34 Juta) pada rekening simpanan pasif/dormant tanpa otorisasi Branch Manager
BANK-TRX-0664,Funding,Cabang Surabaya,ATM / CRM,48.12,3.84,18,Lengkap,0,Low Risk,Otorisasi Mandiri Sesuai Limit,11.76,Tidak,2,1,-
BANK-TRX-0665,KYC,Cabang Surabaya,Mobile / Internet Banking,0.0,0.0,8,Lengkap,0,Low Risk,Terverifikasi Dual Control (Maker-Checker),13.89,Tidak,1,1,-
BANK-TRX-0666,KYC,Cabang Jakarta,Cabang / Teller,0.0,0.0,15,Lengkap,0,Low Risk,Terverifikasi Dual Control (Maker-Checker),14.08,Tidak,2,1,-
BANK-TRX-0667,Treasury,Cabang Jakarta,Dealing Room / SWIFT,37145.05,0.0,3,Lengkap,0,High Risk,Override / Tanpa Otorisasi,183.07,Ya (Anomali),4,4,Transaksi pasar uang/valas bernilai Rp 37145.05 Juta dieksekusi di luar jam pasar resmi (Jam 03:00)
BANK-TRX-0668,Funding,Cabang Bali,Mobile / Internet Banking,170.2,2.03,16,Lengkap,0,Low Risk,Terverifikasi Dual Control (Maker-Checker),5.18,Tidak,2,2,-
BANK-TRX-0669,Lending,Cabang Jakarta,Cabang / Teller,203.67,8.8,8,Lengkap,0,Low Risk,Terverifikasi Dual Control (Maker-Checker),7.38,Tidak,1,1,-
BANK-TRX-0670,IT Control,Cabang Bandung,Mobile / Internet Banking,0.0,0.0,17,Lengkap,0,Low Risk,Terverifikasi Dual Control (Maker-Checker),1.99,Tidak,1,1,-
BANK-TRX-0671,Lending,Cabang Medan,Cabang / Teller,431.14,14.02,10,Lengkap,0,Low Risk,Otorisasi Mandiri Sesuai Limit,13.3,Tidak,1,1,-
BANK-TRX-0672,KYC,Cabang Bandung,Cabang / Teller,0.0,0.0,13,Lengkap,0,Low Risk,Terverifikasi Dual Control (Maker-Checker),0.99,Tidak,1,1,-
BANK-TRX-0673,Lending,Cabang Bali,Cabang / Teller,1679.99,13.37,10,Lengkap,0,Low Risk,Terverifikasi Dual Control (Maker-Checker),19.66,Tidak,2,2,-
BANK-TRX-0674,KYC,Cabang Bandung,Mobile / Internet Banking,0.0,0.0,8,Lengkap,0,Low Risk,Terverifikasi Dual Control (Maker-Checker),1.18,Tidak,1,2,-
BANK-TRX-0675,IT Control,Kantor Pusat,Host-to-Host Core Banking,0.0,0.0,12,Lengkap,0,Low Risk,Terverifikasi Dual Control (Maker-Checker),13.25,Tidak,1,1,-
BANK-TRX-0676,KYC,Cabang Surabaya,Mobile / Internet Banking,0.0,0.0,8,Lengkap,0,Medium Risk,Terverifikasi Dual Control (Maker-Checker),23.25,Tidak,1,1,-
BANK-TRX-0677,Payment,Cabang Medan,ATM / CRM,35.5,0.0,18,Lengkap,0,Low Risk,Terverifikasi Dual Control (Maker-Checker),2.09,Tidak,1,2,-
BANK-TRX-0678,KYC,Cabang Medan,Cabang / Teller,0.0,0.0,11,Lengkap,0,Low Risk,Terverifikasi Dual Control (Maker-Checker),16.66,Tidak,2,1,-
BANK-TRX-0679,Treasury,Cabang Bali,Dealing Room / SWIFT,3669.4,0.0,14,Lengkap,0,Low Risk,Otorisasi Mandiri Sesuai Limit,21.54,Tidak,1,2,-
BANK-TRX-0680,KYC,Cabang Medan,Mobile / Internet Banking,0.0,0.0,9,Lengkap,0,Medium Risk,Otorisasi Mandiri Sesuai Limit,6.58,Tidak,1,1,-
BANK-TRX-0681,KYC,Cabang Medan,Cabang / Teller,0.0,0.0,11,Lengkap,0,Low Risk,Otorisasi Mandiri Sesuai Limit,19.59,Tidak,2,1,-
BANK-TRX-0682,Treasury,Cabang Medan,Host-to-Host Core Banking,1523.11,0.0,9,Lengkap,0,Low Risk,Otorisasi Mandiri Sesuai Limit,5.93,Tidak,1,2,-
BANK-TRX-0683,Lending,Kantor Pusat,Cabang / Teller,22490.44,11.39,12,Tidak Lengkap,0,High Risk,Override / Tanpa Otorisasi,98.1,Ya (Anomali),4,4,Pencairan fasilitas kredit mendahului pemenuhan dokumen syarat efektif dan bukti pengikatan agunan
BANK-TRX-0684,Payment,Cabang Jakarta,ATM / CRM,31.57,0.0,21,Lengkap,0,Low Risk,Terverifikasi Dual Control (Maker-Checker),13.18,Tidak,1,1,-
BANK-TRX-0685,KYC,Cabang Surabaya,Cabang / Teller,0.0,0.0,11,Lengkap,0,Low Risk,Terverifikasi Dual Control (Maker-Checker),2.15,Tidak,1,1,-
BANK-TRX-0686,KYC,Cabang Bandung,Cabang / Teller,0.0,0.0,14,Lengkap,0,Low Risk,Otorisasi Mandiri Sesuai Limit,5.09,Tidak,1,2,-
BANK-TRX-0687,Lending,Cabang Bali,Cabang / Teller,11854.94,10.0,16,Tidak Lengkap,0,High Risk,Override / Tanpa Otorisasi,177.28,Ya (Anomali),5,5,Pencairan fasilitas kredit mendahului pemenuhan dokumen syarat efektif dan bukti pengikatan agunan
BANK-TRX-0688,Treasury,Cabang Medan,Host-to-Host Core Banking,10059.81,0.0,13,Lengkap,0,Low Risk,Terverifikasi Dual Control (Maker-Checker),6.41,Tidak,1,1,-
BANK-TRX-0689,Funding,Cabang Surabaya,ATM / CRM,1522.17,3.26,7,Lengkap,0,Low Risk,Terverifikasi Dual Control (Maker-Checker),22.49,Tidak,1,1,-
BANK-TRX-0690,IT Control,Cabang Bandung,Mobile / Internet Banking,0.0,0.0,10,Lengkap,1,Low Risk,Otorisasi Mandiri Sesuai Limit,23.23,Tidak,1,2,-
BANK-TRX-0691,KYC,Cabang Bali,Cabang / Teller,0.0,0.0,8,Lengkap,0,Low Risk,Terverifikasi Dual Control (Maker-Checker),4.57,Tidak,1,1,-
BANK-TRX-0692,Treasury,Cabang Bandung,Host-to-Host Core Banking,1241.61,0.0,8,Lengkap,0,Low Risk,Terverifikasi Dual Control (Maker-Checker),20.39,Tidak,1,1,-
BANK-TRX-0693,KYC,Cabang Surabaya,Cabang / Teller,0.0,0.0,14,Lengkap,0,Low Risk,Terverifikasi Dual Control (Maker-Checker),8.14,Tidak,2,1,-
BANK-TRX-0694,Payment,Cabang Bali,Mobile / Internet Banking,12.09,0.0,19,Lengkap,0,Medium Risk,Terverifikasi Dual Control (Maker-Checker),22.0,Tidak,1,2,-
BANK-TRX-0695,Funding,Cabang Jakarta,ATM / CRM,433.39,2.49,14,Lengkap,0,Low Risk,Otorisasi Mandiri Sesuai Limit,13.9,Tidak,1,1,-
BANK-TRX-0696,Treasury,Cabang Jakarta,Dealing Room / SWIFT,5711.62,0.0,9,Lengkap,0,Low Risk,Otorisasi Mandiri Sesuai Limit,13.99,Tidak,1,1,-
BANK-TRX-0697,Payment,Cabang Medan,Cabang / Teller,45.46,0.0,17,Lengkap,0,Medium Risk,Otorisasi Mandiri Sesuai Limit,23.21,Tidak,1,1,-
BANK-TRX-0698,Payment,Cabang Bandung,Cabang / Teller,11.01,0.0,7,Lengkap,0,Medium Risk,Terverifikasi Dual Control (Maker-Checker),4.8,Tidak,1,1,-
BANK-TRX-0699,Funding,Cabang Jakarta,ATM / CRM,468.24,3.23,18,Lengkap,0,Medium Risk,Terverifikasi Dual Control (Maker-Checker),14.66,Tidak,1,1,-
BANK-TRX-0700,IT Control,Cabang Medan,Host-to-Host Core Banking,0.0,0.0,9,Lengkap,0,Low Risk,Terverifikasi Dual Control (Maker-Checker),13.59,Tidak,1,1,-
BANK-TRX-0701,Treasury,Cabang Medan,Host-to-Host Core Banking,1806.24,0.0,13,Lengkap,0,Low Risk,Otorisasi Mandiri Sesuai Limit,23.1,Tidak,2,2,-
BANK-TRX-0702,KYC,Cabang Surabaya,Cabang / Teller,0.0,0.0,10,Lengkap,0,Low Risk,Terverifikasi Dual Control (Maker-Checker),18.91,Tidak,1,2,-
BANK-TRX-0703,KYC,Cabang Jakarta,Mobile / Internet Banking,0.0,0.0,16,Lengkap,0,Low Risk,Otorisasi Mandiri Sesuai Limit,8.87,Tidak,1,1,-
BANK-TRX-0704,KYC,Cabang Jakarta,Cabang / Teller,0.0,0.0,15,Lengkap,0,High Risk,Override / Tanpa Otorisasi,277.27,Ya (Anomali),5,4,Onboarding nasabah profil Politically Exposed Person (PEP) disetujui tanpa proses Enhanced Due Diligence (EDD)
BANK-TRX-0705,Funding,Kantor Pusat,Cabang / Teller,147.09,3.02,20,Lengkap,0,Medium Risk,Terverifikasi Dual Control (Maker-Checker),10.98,Tidak,1,2,-
BANK-TRX-0706,Lending,Cabang Surabaya,Cabang / Teller,57846.49,3.96,10,Lengkap,0,PEP / High Risk Watchlist,Override / Tanpa Otorisasi,298.35,Ya (Anomali),5,4,Pencairan kredit bernilai Rp 57846.49 Juta dengan bunga murah ekstrem (3.96%) pihak terafiliasi melanggar BMPK
BANK-TRX-0707,Payment,Cabang Bali,Cabang / Teller,18.27,0.0,12,Lengkap,0,Low Risk,Otorisasi Mandiri Sesuai Limit,10.8,Tidak,2,1,-
BANK-TRX-0708,Treasury,Cabang Medan,Dealing Room / SWIFT,3061.93,0.0,11,Lengkap,0,Low Risk,Terverifikasi Dual Control (Maker-Checker),9.92,Tidak,1,1,-
BANK-TRX-0709,Funding,Cabang Medan,Mobile / Internet Banking,160.76,2.4,13,Lengkap,0,Low Risk,Otorisasi Mandiri Sesuai Limit,1.78,Tidak,1,2,-
BANK-TRX-0710,Funding,Cabang Bandung,Cabang / Teller,220.71,1.79,17,Lengkap,0,Low Risk,Terverifikasi Dual Control (Maker-Checker),9.51,Tidak,1,1,-
BANK-TRX-0711,Treasury,Kantor Pusat,Dealing Room / SWIFT,7851.06,0.0,12,Lengkap,0,Medium Risk,Terverifikasi Dual Control (Maker-Checker),13.45,Tidak,2,2,-
BANK-TRX-0712,Treasury,Cabang Jakarta,Dealing Room / SWIFT,42458.52,0.0,13,Lengkap,0,PEP / High Risk Watchlist,Override / Tanpa Otorisasi,303.28,Ya (Anomali),5,5,Transaksi valas dengan deviasi kurs melenceng (Off-Market Rate) melampaui limit dealer tanpa verifikasi Middle Office
BANK-TRX-0713,Lending,Cabang Surabaya,Cabang / Teller,3008.1,12.64,8,Lengkap,0,Low Risk,Terverifikasi Dual Control (Maker-Checker),9.86,Tidak,1,1,-
BANK-TRX-0714,KYC,Cabang Surabaya,Mobile / Internet Banking,0.0,0.0,10,Lengkap,0,Medium Risk,Terverifikasi Dual Control (Maker-Checker),17.35,Tidak,1,1,-
BANK-TRX-0715,Treasury,Cabang Medan,Dealing Room / SWIFT,2586.34,0.0,11,Lengkap,0,Medium Risk,Terverifikasi Dual Control (Maker-Checker),16.86,Tidak,2,1,-
BANK-TRX-0716,Payment,Cabang Surabaya,Mobile / Internet Banking,20.68,0.0,17,Lengkap,0,Medium Risk,Terverifikasi Dual Control (Maker-Checker),19.52,Tidak,2,1,-
BANK-TRX-0717,Treasury,Cabang Surabaya,Dealing Room / SWIFT,6639.01,0.0,13,Lengkap,0,Medium Risk,Terverifikasi Dual Control (Maker-Checker),23.91,Tidak,1,1,-
BANK-TRX-0718,IT Control,Cabang Bandung,Mobile / Internet Banking,0.0,0.0,10,Lengkap,1,Low Risk,Terverifikasi Dual Control (Maker-Checker),9.96,Tidak,1,2,-
BANK-TRX-0719,Payment,Cabang Bali,Cabang / Teller,35.9,0.0,13,Lengkap,0,Medium Risk,Terverifikasi Dual Control (Maker-Checker),11.15,Tidak,1,1,-
BANK-TRX-0720,Payment,Cabang Bali,ATM / CRM,41.62,0.0,20,Lengkap,0,Low Risk,Terverifikasi Dual Control (Maker-Checker),0.17,Tidak,1,1,-
BANK-TRX-0721,IT Control,Cabang Jakarta,Mobile / Internet Banking,0.0,0.0,21,Lengkap,0,Low Risk,Terverifikasi Dual Control (Maker-Checker),7.73,Tidak,1,2,-
BANK-TRX-0722,IT Control,Cabang Surabaya,Host-to-Host Core Banking,0.0,0.0,1,Lengkap,0,High Risk,Override / Tanpa Otorisasi,274.42,Ya (Anomali),4,4,Aktivitas akses administratif basis data core banking pada dini hari (Jam 01:00) tanpa tiket Change Request
BANK-TRX-0723,IT Control,Cabang Bandung,Mobile / Internet Banking,0.0,0.0,10,Lengkap,0,Low Risk,Otorisasi Mandiri Sesuai Limit,6.3,Tidak,2,1,-
BANK-TRX-0724,IT Control,Cabang Bandung,Mobile / Internet Banking,0.0,0.0,15,Lengkap,0,Low Risk,Terverifikasi Dual Control (Maker-Checker),1.74,Tidak,1,1,-
BANK-TRX-0725,Lending,Kantor Pusat,Cabang / Teller,1472.44,11.86,16,Lengkap,0,Low Risk,Otorisasi Mandiri Sesuai Limit,1.2,Tidak,2,2,-
BANK-TRX-0726,Lending,Cabang Jakarta,Cabang / Teller,3358.55,10.55,12,Lengkap,0,Medium Risk,Terverifikasi Dual Control (Maker-Checker),11.58,Tidak,1,1,-
BANK-TRX-0727,Funding,Kantor Pusat,Cabang / Teller,196.03,1.91,16,Lengkap,0,Low Risk,Otorisasi Mandiri Sesuai Limit,6.74,Tidak,1,1,-
BANK-TRX-0728,KYC,Cabang Medan,Mobile / Internet Banking,0.0,0.0,12,Lengkap,0,Medium Risk,Otorisasi Mandiri Sesuai Limit,8.23,Tidak,1,1,-
BANK-TRX-0729,Lending,Kantor Pusat,Cabang / Teller,927.58,12.67,8,Lengkap,0,High Risk,Terverifikasi Dual Control (Maker-Checker),24.43,Tidak,2,1,-
BANK-TRX-0730,Payment,Cabang Jakarta,ATM / CRM,2.78,0.0,11,Lengkap,0,Medium Risk,Terverifikasi Dual Control (Maker-Checker),11.87,Tidak,1,2,-
BANK-TRX-0731,IT Control,Cabang Bandung,Mobile / Internet Banking,0.0,0.0,19,Lengkap,0,Medium Risk,Terverifikasi Dual Control (Maker-Checker),4.15,Tidak,1,1,-
BANK-TRX-0732,Payment,Cabang Medan,Host-to-Host Core Banking,1314.04,0.0,9,Lengkap,0,High Risk,Override / Tanpa Otorisasi,190.48,Ya (Anomali),4,5,Lonjakan frekuensi transaksi transfer berkecepatan tinggi (Velocity Burst / Indikasi Smurfing Dana)
BANK-TRX-0733,Lending,Cabang Medan,Cabang / Teller,1260.06,12.4,9,Lengkap,0,Low Risk,Terverifikasi Dual Control (Maker-Checker),14.5,Tidak,1,1,-
BANK-TRX-0734,Funding,Cabang Jakarta,Cabang / Teller,6434.17,10.77,14,Lengkap,0,High Risk,Override / Tanpa Otorisasi,201.33,Ya (Anomali),5,5,Bunga simpanan deposito (10.77%) melampaui batas penjaminan LPS tanpa persetujuan komite ALCO
BANK-TRX-0735,Funding,Cabang Surabaya,ATM / CRM,779.56,3.14,14,Lengkap,0,Low Risk,Otorisasi Mandiri Sesuai Limit,0.49,Tidak,1,2,-
BANK-TRX-0736,Treasury,Cabang Jakarta,Dealing Room / SWIFT,1475.99,0.0,16,Lengkap,0,Low Risk,Otorisasi Mandiri Sesuai Limit,13.75,Tidak,2,1,-
BANK-TRX-0737,Funding,Cabang Medan,Mobile / Internet Banking,544.75,3.36,17,Lengkap,0,Medium Risk,Terverifikasi Dual Control (Maker-Checker),6.97,Tidak,1,2,-
BANK-TRX-0738,Lending,Kantor Pusat,Cabang / Teller,379.51,8.76,16,Lengkap,0,Low Risk,Terverifikasi Dual Control (Maker-Checker),13.14,Tidak,1,1,-
BANK-TRX-0739,Payment,Cabang Jakarta,ATM / CRM,2.87,0.0,8,Lengkap,0,Medium Risk,Terverifikasi Dual Control (Maker-Checker),11.34,Tidak,1,2,-
BANK-TRX-0740,IT Control,Cabang Bali,Mobile / Internet Banking,0.0,0.0,16,Lengkap,0,Medium Risk,Otorisasi Mandiri Sesuai Limit,10.1,Tidak,1,1,-
BANK-TRX-0741,IT Control,Cabang Bali,Host-to-Host Core Banking,0.0,0.0,18,Lengkap,0,Low Risk,Terverifikasi Dual Control (Maker-Checker),17.38,Tidak,1,1,-
BANK-TRX-0742,Payment,Cabang Bandung,Mobile / Internet Banking,76.64,0.0,15,Lengkap,0,Low Risk,Terverifikasi Dual Control (Maker-Checker),14.27,Tidak,1,1,-
BANK-TRX-0743,IT Control,Cabang Jakarta,Mobile / Internet Banking,0.0,0.0,9,Lengkap,0,Low Risk,Terverifikasi Dual Control (Maker-Checker),3.55,Tidak,1,1,-
BANK-TRX-0744,Lending,Cabang Bali,Cabang / Teller,572.13,12.64,12,Lengkap,0,Low Risk,Otorisasi Mandiri Sesuai Limit,1.06,Tidak,1,1,-
BANK-TRX-0745,Treasury,Cabang Bali,Host-to-Host Core Banking,3555.56,0.0,10,Lengkap,0,Low Risk,Terverifikasi Dual Control (Maker-Checker),10.46,Tidak,1,1,-
BANK-TRX-0746,KYC,Kantor Pusat,Mobile / Internet Banking,0.0,0.0,10,Lengkap,0,Low Risk,Otorisasi Mandiri Sesuai Limit,5.75,Tidak,1,1,-
BANK-TRX-0747,Lending,Kantor Pusat,Cabang / Teller,1435.99,10.02,12,Lengkap,0,Medium Risk,Otorisasi Mandiri Sesuai Limit,6.95,Tidak,1,2,-
BANK-TRX-0748,Lending,Cabang Surabaya,Cabang / Teller,3880.27,13.11,16,Lengkap,0,Low Risk,Terverifikasi Dual Control (Maker-Checker),11.49,Tidak,2,2,-
BANK-TRX-0749,KYC,Kantor Pusat,Cabang / Teller,0.0,0.0,13,Lengkap,0,Low Risk,Terverifikasi Dual Control (Maker-Checker),10.07,Tidak,1,1,-
BANK-TRX-0750,KYC,Cabang Bali,Cabang / Teller,0.0,0.0,15,Lengkap,0,Low Risk,Terverifikasi Dual Control (Maker-Checker),15.09,Tidak,1,2,-
BANK-TRX-0751,Funding,Kantor Pusat,ATM / CRM,26.69,4.03,12,Lengkap,0,Medium Risk,Otorisasi Mandiri Sesuai Limit,11.64,Tidak,1,2,-
BANK-TRX-0752,KYC,Kantor Pusat,Mobile / Internet Banking,0.0,0.0,9,Lengkap,0,Low Risk,Terverifikasi Dual Control (Maker-Checker),8.89,Tidak,1,1,-
BANK-TRX-0753,Funding,Cabang Medan,Cabang / Teller,260.0,3.48,15,Lengkap,0,Low Risk,Terverifikasi Dual Control (Maker-Checker),13.36,Tidak,1,2,-
BANK-TRX-0754,KYC,Cabang Jakarta,Mobile / Internet Banking,0.0,0.0,11,Lengkap,0,Medium Risk,Terverifikasi Dual Control (Maker-Checker),7.32,Tidak,1,1,-
BANK-TRX-0755,Lending,Cabang Jakarta,Cabang / Teller,2999.45,8.86,12,Lengkap,0,Low Risk,Otorisasi Mandiri Sesuai Limit,3.7,Tidak,2,2,-
BANK-TRX-0756,Payment,Kantor Pusat,ATM / CRM,4.4,0.0,7,Lengkap,0,Low Risk,Terverifikasi Dual Control (Maker-Checker),6.79,Tidak,2,1,-
BANK-TRX-0757,Funding,Cabang Surabaya,ATM / CRM,312.96,4.24,15,Lengkap,0,Low Risk,Terverifikasi Dual Control (Maker-Checker),19.85,Tidak,1,1,-
BANK-TRX-0758,Treasury,Cabang Jakarta,Host-to-Host Core Banking,5298.04,0.0,15,Lengkap,0,Low Risk,Terverifikasi Dual Control (Maker-Checker),7.83,Tidak,2,1,-
BANK-TRX-0759,Payment,Cabang Bandung,Host-to-Host Core Banking,1991.25,0.0,17,Lengkap,0,High Risk,Override / Tanpa Otorisasi,333.51,Ya (Anomali),4,5,Lonjakan frekuensi transaksi transfer berkecepatan tinggi (Velocity Burst / Indikasi Smurfing Dana)
BANK-TRX-0760,Funding,Cabang Bandung,Mobile / Internet Banking,84.32,2.34,20,Lengkap,0,Low Risk,Terverifikasi Dual Control (Maker-Checker),20.9,Tidak,1,2,-
BANK-TRX-0761,Funding,Cabang Medan,Mobile / Internet Banking,588.72,1.89,15,Lengkap,0,Low Risk,Terverifikasi Dual Control (Maker-Checker),6.15,Tidak,1,1,-
BANK-TRX-0762,IT Control,Cabang Medan,Host-to-Host Core Banking,0.0,0.0,6,Lengkap,0,Medium Risk,Terverifikasi Dual Control (Maker-Checker),19.65,Tidak,1,2,-
BANK-TRX-0763,Treasury,Kantor Pusat,Dealing Room / SWIFT,55385.05,0.0,9,Lengkap,0,PEP / High Risk Watchlist,Override / Tanpa Otorisasi,96.59,Ya (Anomali),5,4,Transaksi valas dengan deviasi kurs melenceng (Off-Market Rate) melampaui limit dealer tanpa verifikasi Middle Office
BANK-TRX-0764,Treasury,Cabang Jakarta,Host-to-Host Core Banking,1230.84,0.0,8,Lengkap,0,Low Risk,Otorisasi Mandiri Sesuai Limit,20.52,Tidak,1,1,-
BANK-TRX-0765,Payment,Cabang Jakarta,Mobile / Internet Banking,21.46,0.0,6,Lengkap,0,Low Risk,Terverifikasi Dual Control (Maker-Checker),4.99,Tidak,2,2,-
BANK-TRX-0766,Funding,Cabang Bandung,Cabang / Teller,31614.07,1.96,16,Lengkap,0,High Risk,Override / Tanpa Otorisasi,158.41,Ya (Anomali),4,4,Penarikan dana masif (Rp 31614.07 Juta) pada rekening simpanan pasif/dormant tanpa otorisasi Branch Manager
BANK-TRX-0767,Lending,Cabang Surabaya,Cabang / Teller,2942.91,8.43,15,Lengkap,0,Medium Risk,Terverifikasi Dual Control (Maker-Checker),21.84,Tidak,1,1,-
BANK-TRX-0768,Lending,Cabang Bandung,Cabang / Teller,885.65,11.15,12,Lengkap,0,Medium Risk,Terverifikasi Dual Control (Maker-Checker),17.7,Tidak,1,1,-
BANK-TRX-0769,Treasury,Kantor Pusat,Host-to-Host Core Banking,4583.28,0.0,8,Lengkap,0,Low Risk,Terverifikasi Dual Control (Maker-Checker),7.96,Tidak,2,1,-
BANK-TRX-0770,IT Control,Cabang Bandung,Host-to-Host Core Banking,0.0,0.0,21,Lengkap,0,Medium Risk,Terverifikasi Dual Control (Maker-Checker),18.36,Tidak,1,1,-
BANK-TRX-0771,Treasury,Cabang Jakarta,Dealing Room / SWIFT,3856.72,0.0,11,Lengkap,0,Low Risk,Terverifikasi Dual Control (Maker-Checker),1.69,Tidak,1,2,-
BANK-TRX-0772,Funding,Cabang Bandung,Mobile / Internet Banking,204.15,2.9,8,Lengkap,0,Medium Risk,Terverifikasi Dual Control (Maker-Checker),15.65,Tidak,2,1,-
BANK-TRX-0773,Payment,Cabang Bali,ATM / CRM,14.72,0.0,6,Lengkap,0,Low Risk,Terverifikasi Dual Control (Maker-Checker),6.97,Tidak,2,1,-
BANK-TRX-0774,IT Control,Cabang Surabaya,Host-to-Host Core Banking,0.0,0.0,9,Lengkap,0,Medium Risk,Otorisasi Mandiri Sesuai Limit,14.69,Tidak,1,1,-
BANK-TRX-0775,Payment,Cabang Surabaya,Cabang / Teller,164.91,0.0,21,Lengkap,0,Low Risk,Terverifikasi Dual Control (Maker-Checker),13.75,Tidak,1,1,-
BANK-TRX-0776,Treasury,Cabang Jakarta,Dealing Room / SWIFT,836.69,0.0,14,Lengkap,0,Medium Risk,Terverifikasi Dual Control (Maker-Checker),20.65,Tidak,1,2,-
BANK-TRX-0777,Payment,Cabang Jakarta,Cabang / Teller,26.8,0.0,6,Lengkap,0,Low Risk,Terverifikasi Dual Control (Maker-Checker),11.26,Tidak,1,1,-
BANK-TRX-0778,Payment,Cabang Jakarta,Mobile / Internet Banking,2927.89,0.0,1,Lengkap,0,High Risk,Override / Tanpa Otorisasi,155.09,Ya (Anomali),5,5,Transfer pembayaran jumlah masif (Rp 2927.89 Juta) pada dini hari (Jam 01:00) tanpa maker-checker
BANK-TRX-0779,IT Control,Kantor Pusat,Mobile / Internet Banking,0.0,0.0,9,Lengkap,0,Low Risk,Terverifikasi Dual Control (Maker-Checker),16.07,Tidak,1,2,-
BANK-TRX-0780,KYC,Cabang Medan,Mobile / Internet Banking,0.0,0.0,11,Lengkap,0,Medium Risk,Terverifikasi Dual Control (Maker-Checker),9.42,Tidak,1,1,-
BANK-TRX-0781,Funding,Cabang Medan,Cabang / Teller,480.09,2.45,18,Lengkap,0,Medium Risk,Otorisasi Mandiri Sesuai Limit,21.55,Tidak,2,1,-
BANK-TRX-0782,Funding,Cabang Surabaya,ATM / CRM,38.66,2.54,7,Lengkap,0,Low Risk,Terverifikasi Dual Control (Maker-Checker),22.12,Tidak,1,1,-
BANK-TRX-0783,Treasury,Cabang Jakarta,Dealing Room / SWIFT,5826.68,0.0,10,Lengkap,0,Low Risk,Terverifikasi Dual Control (Maker-Checker),4.23,Tidak,1,2,-
BANK-TRX-0784,Payment,Kantor Pusat,Mobile / Internet Banking,15.1,0.0,20,Lengkap,0,Medium Risk,Terverifikasi Dual Control (Maker-Checker),13.18,Tidak,1,1,-
BANK-TRX-0785,KYC,Cabang Medan,Cabang / Teller,0.0,0.0,10,Lengkap,0,PEP / High Risk Watchlist,Override / Tanpa Otorisasi,247.07,Ya (Anomali),5,4,Onboarding nasabah profil Politically Exposed Person (PEP) disetujui tanpa proses Enhanced Due Diligence (EDD)
BANK-TRX-0786,Funding,Cabang Medan,Cabang / Teller,347.64,2.8,14,Lengkap,0,Low Risk,Terverifikasi Dual Control (Maker-Checker),22.77,Tidak,2,2,-
BANK-TRX-0787,Payment,Cabang Bandung,ATM / CRM,46.52,0.0,7,Lengkap,0,Low Risk,Terverifikasi Dual Control (Maker-Checker),17.69,Tidak,1,2,-
BANK-TRX-0788,Payment,Cabang Jakarta,Mobile / Internet Banking,3785.45,0.0,17,Lengkap,0,PEP / High Risk Watchlist,Override / Tanpa Otorisasi,235.33,Ya (Anomali),4,5,Lonjakan frekuensi transaksi transfer berkecepatan tinggi (Velocity Burst / Indikasi Smurfing Dana)
BANK-TRX-0789,KYC,Cabang Surabaya,Mobile / Internet Banking,0.0,0.0,10,Lengkap,0,Low Risk,Otorisasi Mandiri Sesuai Limit,9.58,Tidak,2,1,-
BANK-TRX-0790,Payment,Kantor Pusat,Mobile / Internet Banking,3.2,0.0,14,Lengkap,0,Medium Risk,Otorisasi Mandiri Sesuai Limit,21.12,Tidak,1,1,-
BANK-TRX-0791,KYC,Cabang Jakarta,Cabang / Teller,0.0,0.0,15,Lengkap,0,Low Risk,Otorisasi Mandiri Sesuai Limit,4.4,Tidak,1,2,-
BANK-TRX-0792,KYC,Kantor Pusat,Cabang / Teller,0.0,0.0,14,Lengkap,0,Medium Risk,Otorisasi Mandiri Sesuai Limit,22.09,Tidak,2,2,-
BANK-TRX-0793,Funding,Cabang Jakarta,Mobile / Internet Banking,315.73,2.44,7,Lengkap,0,Medium Risk,Otorisasi Mandiri Sesuai Limit,17.08,Tidak,2,1,-
BANK-TRX-0794,Payment,Cabang Bali,ATM / CRM,20.85,0.0,22,Lengkap,0,Low Risk,Terverifikasi Dual Control (Maker-Checker),14.05,Tidak,1,1,-
BANK-TRX-0795,Lending,Cabang Surabaya,Cabang / Teller,503.06,12.83,11,Lengkap,0,Medium Risk,Terverifikasi Dual Control (Maker-Checker),23.11,Tidak,1,1,-
BANK-TRX-0796,Lending,Cabang Medan,Cabang / Teller,1667.2,13.39,8,Lengkap,0,Medium Risk,Otorisasi Mandiri Sesuai Limit,18.03,Tidak,2,1,-
BANK-TRX-0797,Payment,Cabang Bandung,Cabang / Teller,11.86,0.0,17,Lengkap,0,Medium Risk,Terverifikasi Dual Control (Maker-Checker),11.11,Tidak,1,2,-
BANK-TRX-0798,Funding,Cabang Bandung,ATM / CRM,252.75,1.96,11,Lengkap,0,Low Risk,Otorisasi Mandiri Sesuai Limit,2.28,Tidak,1,2,-
BANK-TRX-0799,Lending,Cabang Surabaya,Cabang / Teller,1266.18,9.61,8,Lengkap,0,Low Risk,Terverifikasi Dual Control (Maker-Checker),23.37,Tidak,1,2,-
BANK-TRX-0800,Payment,Kantor Pusat,ATM / CRM,25.2,0.0,12,Lengkap,0,Low Risk,Terverifikasi Dual Control (Maker-Checker),21.03,Tidak,2,1,-
BANK-TRX-0801,Funding,Cabang Bali,Cabang / Teller,9337.73,8.27,10,Lengkap,0,High Risk,Override / Tanpa Otorisasi,94.6,Ya (Anomali),5,4,Bunga simpanan deposito (8.27%) melampaui batas penjaminan LPS tanpa persetujuan komite ALCO
BANK-TRX-0802,Funding,Cabang Bandung,Cabang / Teller,199.32,3.13,8,Lengkap,0,Low Risk,Otorisasi Mandiri Sesuai Limit,9.08,Tidak,1,2,-
BANK-TRX-0803,Funding,Cabang Jakarta,Cabang / Teller,641.83,2.18,7,Lengkap,0,Low Risk,Terverifikasi Dual Control (Maker-Checker),5.77,Tidak,1,1,-
BANK-TRX-0804,Payment,Cabang Medan,Mobile / Internet Banking,14.39,0.0,17,Lengkap,0,Low Risk,Terverifikasi Dual Control (Maker-Checker),19.23,Tidak,1,1,-
BANK-TRX-0805,KYC,Cabang Bali,Cabang / Teller,0.0,0.0,14,Lengkap,0,PEP / High Risk Watchlist,Override / Tanpa Otorisasi,227.75,Ya (Anomali),5,5,Onboarding nasabah profil Politically Exposed Person (PEP) disetujui tanpa proses Enhanced Due Diligence (EDD)
BANK-TRX-0806,Funding,Cabang Medan,Cabang / Teller,45.29,3.07,11,Lengkap,0,Medium Risk,Otorisasi Mandiri Sesuai Limit,17.03,Tidak,1,1,-
BANK-TRX-0807,Lending,Kantor Pusat,Cabang / Teller,868.42,11.07,10,Lengkap,0,Low Risk,Terverifikasi Dual Control (Maker-Checker),22.68,Tidak,1,1,-
BANK-TRX-0808,IT Control,Kantor Pusat,Mobile / Internet Banking,0.0,0.0,20,Lengkap,0,Low Risk,Terverifikasi Dual Control (Maker-Checker),22.52,Tidak,2,1,-
BANK-TRX-0809,Treasury,Cabang Medan,Dealing Room / SWIFT,2699.78,0.0,14,Lengkap,0,Low Risk,Otorisasi Mandiri Sesuai Limit,19.59,Tidak,1,1,-
BANK-TRX-0810,KYC,Cabang Surabaya,Cabang / Teller,0.0,0.0,11,Lengkap,0,Low Risk,Otorisasi Mandiri Sesuai Limit,15.36,Tidak,2,1,-
BANK-TRX-0811,Payment,Cabang Surabaya,Mobile / Internet Banking,1622.77,0.0,17,Lengkap,0,High Risk,Override / Tanpa Otorisasi,150.55,Ya (Anomali),5,5,Lonjakan frekuensi transaksi transfer berkecepatan tinggi (Velocity Burst / Indikasi Smurfing Dana)
BANK-TRX-0812,KYC,Cabang Surabaya,Cabang / Teller,0.0,0.0,8,Lengkap,0,Low Risk,Otorisasi Mandiri Sesuai Limit,23.33,Tidak,2,1,-
BANK-TRX-0813,Payment,Cabang Surabaya,ATM / CRM,47.8,0.0,6,Lengkap,0,Low Risk,Terverifikasi Dual Control (Maker-Checker),11.23,Tidak,2,2,-
BANK-TRX-0814,Lending,Cabang Medan,Cabang / Teller,3608.51,9.75,11,Lengkap,0,Medium Risk,Terverifikasi Dual Control (Maker-Checker),6.96,Tidak,1,1,-
BANK-TRX-0815,Lending,Cabang Medan,Cabang / Teller,2258.87,12.53,14,Lengkap,0,Low Risk,Terverifikasi Dual Control (Maker-Checker),12.72,Tidak,1,2,-
BANK-TRX-0816,KYC,Cabang Jakarta,Cabang / Teller,0.0,0.0,14,Lengkap,0,Low Risk,Terverifikasi Dual Control (Maker-Checker),12.15,Tidak,1,1,-
BANK-TRX-0817,Lending,Kantor Pusat,Cabang / Teller,577.67,12.2,14,Lengkap,0,Medium Risk,Terverifikasi Dual Control (Maker-Checker),8.7,Tidak,1,1,-
BANK-TRX-0818,Funding,Cabang Bali,Mobile / Internet Banking,22.38,3.38,11,Lengkap,0,Low Risk,Terverifikasi Dual Control (Maker-Checker),19.74,Tidak,1,1,-
BANK-TRX-0819,Funding,Kantor Pusat,Mobile / Internet Banking,431.78,2.13,9,Lengkap,0,Low Risk,Terverifikasi Dual Control (Maker-Checker),13.13,Tidak,1,1,-
BANK-TRX-0820,IT Control,Cabang Bandung,Host-to-Host Core Banking,0.0,0.0,13,Lengkap,1,Low Risk,Otorisasi Mandiri Sesuai Limit,0.45,Tidak,2,1,-
BANK-TRX-0821,Treasury,Cabang Surabaya,Dealing Room / SWIFT,2423.98,0.0,10,Lengkap,0,Medium Risk,Terverifikasi Dual Control (Maker-Checker),19.09,Tidak,1,2,-
BANK-TRX-0822,Payment,Cabang Bali,Cabang / Teller,12.57,0.0,14,Lengkap,0,Low Risk,Terverifikasi Dual Control (Maker-Checker),17.72,Tidak,2,1,-
BANK-TRX-0823,Payment,Cabang Bali,Cabang / Teller,7.24,0.0,11,Lengkap,0,Low Risk,Terverifikasi Dual Control (Maker-Checker),6.63,Tidak,1,2,-
BANK-TRX-0824,Funding,Cabang Medan,Mobile / Internet Banking,446.07,2.95,18,Lengkap,0,Low Risk,Otorisasi Mandiri Sesuai Limit,23.68,Tidak,2,2,-
BANK-TRX-0825,Payment,Kantor Pusat,ATM / CRM,24.59,0.0,19,Lengkap,0,Low Risk,Terverifikasi Dual Control (Maker-Checker),14.61,Tidak,2,1,-
BANK-TRX-0826,Payment,Cabang Surabaya,Mobile / Internet Banking,4219.17,0.0,0,Lengkap,0,High Risk,Override / Tanpa Otorisasi,283.26,Ya (Anomali),4,5,Transfer pembayaran jumlah masif (Rp 4219.17 Juta) pada dini hari (Jam 00:00) tanpa maker-checker
BANK-TRX-0827,Lending,Cabang Jakarta,Cabang / Teller,1022.76,12.81,9,Lengkap,0,Low Risk,Terverifikasi Dual Control (Maker-Checker),12.99,Tidak,1,1,-
BANK-TRX-0828,IT Control,Cabang Medan,Mobile / Internet Banking,0.0,0.0,14,Lengkap,0,Low Risk,Terverifikasi Dual Control (Maker-Checker),10.2,Tidak,1,1,-
BANK-TRX-0829,Funding,Cabang Medan,Mobile / Internet Banking,189.44,2.95,12,Lengkap,0,Low Risk,Terverifikasi Dual Control (Maker-Checker),24.61,Tidak,1,1,-
BANK-TRX-0830,Treasury,Cabang Bali,Host-to-Host Core Banking,1828.62,0.0,11,Lengkap,0,Low Risk,Otorisasi Mandiri Sesuai Limit,4.84,Tidak,1,1,-
BANK-TRX-0831,Payment,Cabang Bali,Mobile / Internet Banking,28.55,0.0,9,Lengkap,0,Low Risk,Terverifikasi Dual Control (Maker-Checker),1.72,Tidak,1,1,-
BANK-TRX-0832,Lending,Cabang Medan,Cabang / Teller,18416.43,9.86,9,Tidak Lengkap,0,High Risk,Override / Tanpa Otorisasi,241.05,Ya (Anomali),5,5,Pencairan fasilitas kredit mendahului pemenuhan dokumen syarat efektif dan bukti pengikatan agunan
BANK-TRX-0833,IT Control,Cabang Surabaya,Host-to-Host Core Banking,0.0,0.0,9,Lengkap,0,Low Risk,Terverifikasi Dual Control (Maker-Checker),24.61,Tidak,2,1,-
BANK-TRX-0834,KYC,Cabang Surabaya,Mobile / Internet Banking,0.0,0.0,13,Lengkap,0,Low Risk,Terverifikasi Dual Control (Maker-Checker),22.6,Tidak,1,1,-
BANK-TRX-0835,Lending,Cabang Bali,Cabang / Teller,830.49,8.29,13,Lengkap,0,Low Risk,Terverifikasi Dual Control (Maker-Checker),20.17,Tidak,1,1,-
BANK-TRX-0836,Funding,Cabang Surabaya,ATM / CRM,595.34,2.62,13,Lengkap,0,Low Risk,Terverifikasi Dual Control (Maker-Checker),14.77,Tidak,1,1,-
BANK-TRX-0837,Payment,Kantor Pusat,ATM / CRM,8.66,0.0,21,Lengkap,0,Low Risk,Terverifikasi Dual Control (Maker-Checker),6.31,Tidak,2,1,-
BANK-TRX-0838,Funding,Kantor Pusat,Mobile / Internet Banking,647.72,3.49,11,Lengkap,0,Low Risk,Terverifikasi Dual Control (Maker-Checker),18.6,Tidak,1,1,-
BANK-TRX-0839,KYC,Cabang Medan,Cabang / Teller,0.0,0.0,9,Lengkap,0,Low Risk,Otorisasi Mandiri Sesuai Limit,18.49,Tidak,1,1,-
BANK-TRX-0840,Treasury,Cabang Bandung,Host-to-Host Core Banking,2843.11,0.0,11,Lengkap,0,Low Risk,Terverifikasi Dual Control (Maker-Checker),22.7,Tidak,1,1,-
BANK-TRX-0841,KYC,Cabang Bali,Mobile / Internet Banking,0.0,0.0,9,Lengkap,0,Low Risk,Terverifikasi Dual Control (Maker-Checker),12.94,Tidak,1,2,-
BANK-TRX-0842,IT Control,Cabang Bandung,Host-to-Host Core Banking,0.0,0.0,19,Lengkap,0,Medium Risk,Otorisasi Mandiri Sesuai Limit,2.89,Tidak,2,2,-
BANK-TRX-0843,Treasury,Cabang Bandung,Dealing Room / SWIFT,3675.72,0.0,12,Lengkap,0,Medium Risk,Otorisasi Mandiri Sesuai Limit,16.48,Tidak,1,2,-
BANK-TRX-0844,KYC,Cabang Bandung,Cabang / Teller,0.0,0.0,8,Lengkap,0,Low Risk,Otorisasi Mandiri Sesuai Limit,14.31,Tidak,2,1,-
BANK-TRX-0845,Treasury,Cabang Jakarta,Host-to-Host Core Banking,4921.98,0.0,9,Lengkap,0,Medium Risk,Terverifikasi Dual Control (Maker-Checker),3.84,Tidak,2,1,-
BANK-TRX-0846,Payment,Cabang Jakarta,ATM / CRM,39.66,0.0,14,Lengkap,0,Low Risk,Otorisasi Mandiri Sesuai Limit,9.0,Tidak,1,1,-
BANK-TRX-0847,IT Control,Cabang Medan,Mobile / Internet Banking,0.0,0.0,9,Lengkap,1,Low Risk,Terverifikasi Dual Control (Maker-Checker),14.42,Tidak,1,1,-
BANK-TRX-0848,KYC,Cabang Medan,Cabang / Teller,0.0,0.0,12,Lengkap,0,Low Risk,Terverifikasi Dual Control (Maker-Checker),13.62,Tidak,1,2,-
BANK-TRX-0849,Funding,Cabang Bali,ATM / CRM,163.79,2.91,11,Lengkap,0,Medium Risk,Otorisasi Mandiri Sesuai Limit,11.85,Tidak,1,1,-
BANK-TRX-0850,Funding,Cabang Jakarta,Cabang / Teller,5926.79,10.43,12,Lengkap,0,High Risk,Override / Tanpa Otorisasi,325.53,Ya (Anomali),5,5,Bunga simpanan deposito (10.43%) melampaui batas penjaminan LPS tanpa persetujuan komite ALCO
BANK-TRX-0851,Lending,Kantor Pusat,Cabang / Teller,2713.75,10.78,14,Lengkap,0,Low Risk,Otorisasi Mandiri Sesuai Limit,16.7,Tidak,1,1,-
BANK-TRX-0852,KYC,Cabang Bali,Mobile / Internet Banking,0.0,0.0,11,Lengkap,0,Low Risk,Otorisasi Mandiri Sesuai Limit,23.25,Tidak,1,1,-
BANK-TRX-0853,IT Control,Cabang Jakarta,Host-to-Host Core Banking,0.0,0.0,15,Lengkap,0,Low Risk,Terverifikasi Dual Control (Maker-Checker),9.29,Tidak,1,1,-
BANK-TRX-0854,IT Control,Cabang Surabaya,Host-to-Host Core Banking,0.0,0.0,21,Lengkap,0,Low Risk,Terverifikasi Dual Control (Maker-Checker),18.82,Tidak,2,2,-
BANK-TRX-0855,Payment,Cabang Surabaya,Mobile / Internet Banking,2304.42,0.0,16,Lengkap,0,High Risk,Override / Tanpa Otorisasi,183.46,Ya (Anomali),5,4,Lonjakan frekuensi transaksi transfer berkecepatan tinggi (Velocity Burst / Indikasi Smurfing Dana)
BANK-TRX-0856,IT Control,Cabang Bali,Host-to-Host Core Banking,0.0,0.0,0,Lengkap,0,High Risk,Override / Tanpa Otorisasi,229.05,Ya (Anomali),4,5,Aktivitas akses administratif basis data core banking pada dini hari (Jam 00:00) tanpa tiket Change Request
BANK-TRX-0857,Treasury,Cabang Surabaya,Dealing Room / SWIFT,2030.53,0.0,16,Lengkap,0,Medium Risk,Terverifikasi Dual Control (Maker-Checker),20.31,Tidak,1,1,-
BANK-TRX-0858,Funding,Cabang Jakarta,ATM / CRM,329.56,3.2,10,Lengkap,0,Low Risk,Otorisasi Mandiri Sesuai Limit,12.31,Tidak,1,2,-
BANK-TRX-0859,Payment,Kantor Pusat,Mobile / Internet Banking,26.0,0.0,17,Lengkap,0,Low Risk,Otorisasi Mandiri Sesuai Limit,9.81,Tidak,1,2,-
BANK-TRX-0860,Payment,Cabang Surabaya,Mobile / Internet Banking,21.21,0.0,22,Lengkap,0,Low Risk,Terverifikasi Dual Control (Maker-Checker),15.53,Tidak,1,2,-
BANK-TRX-0861,KYC,Cabang Medan,Cabang / Teller,0.0,0.0,16,Lengkap,0,Low Risk,Otorisasi Mandiri Sesuai Limit,6.99,Tidak,1,1,-
BANK-TRX-0862,Lending,Cabang Jakarta,Cabang / Teller,3162.04,10.35,8,Lengkap,0,Low Risk,Terverifikasi Dual Control (Maker-Checker),14.07,Tidak,1,1,-
BANK-TRX-0863,Payment,Cabang Bali,Mobile / Internet Banking,12.95,0.0,6,Lengkap,0,Low Risk,Terverifikasi Dual Control (Maker-Checker),11.11,Tidak,1,1,-
BANK-TRX-0864,IT Control,Cabang Bali,Host-to-Host Core Banking,0.0,0.0,4,Lengkap,10,High Risk,Override / Tanpa Otorisasi,115.93,Ya (Anomali),4,5,Percobaan login gagal berulang kali (10 kali) pada jam tidak wajar mengindikasikan serangan Brute Force
BANK-TRX-0865,Payment,Cabang Jakarta,Mobile / Internet Banking,13.56,0.0,8,Lengkap,0,Medium Risk,Terverifikasi Dual Control (Maker-Checker),24.21,Tidak,1,2,-
BANK-TRX-0866,KYC,Cabang Surabaya,Cabang / Teller,0.0,0.0,8,Lengkap,0,Low Risk,Otorisasi Mandiri Sesuai Limit,12.64,Tidak,1,1,-
BANK-TRX-0867,Treasury,Cabang Medan,Host-to-Host Core Banking,833.29,0.0,8,Lengkap,0,Low Risk,Terverifikasi Dual Control (Maker-Checker),18.45,Tidak,1,1,-
BANK-TRX-0868,IT Control,Cabang Bandung,Mobile / Internet Banking,0.0,0.0,13,Lengkap,0,Medium Risk,Terverifikasi Dual Control (Maker-Checker),13.5,Tidak,1,1,-
BANK-TRX-0869,Payment,Cabang Surabaya,Cabang / Teller,12.73,0.0,10,Lengkap,0,High Risk,Otorisasi Mandiri Sesuai Limit,19.67,Tidak,1,1,-
BANK-TRX-0870,Payment,Cabang Surabaya,Host-to-Host Core Banking,2641.21,0.0,14,Lengkap,0,PEP / High Risk Watchlist,Override / Tanpa Otorisasi,334.9,Ya (Anomali),5,4,Lonjakan frekuensi transaksi transfer berkecepatan tinggi (Velocity Burst / Indikasi Smurfing Dana)
BANK-TRX-0871,Funding,Cabang Medan,Mobile / Internet Banking,112.0,3.43,17,Lengkap,0,Low Risk,Terverifikasi Dual Control (Maker-Checker),17.02,Tidak,1,1,-
BANK-TRX-0872,Funding,Cabang Bali,Cabang / Teller,802.1,4.23,8,Lengkap,0,Low Risk,Otorisasi Mandiri Sesuai Limit,12.4,Tidak,1,1,-
BANK-TRX-0873,Lending,Kantor Pusat,Cabang / Teller,1161.48,9.69,16,Lengkap,0,Low Risk,Otorisasi Mandiri Sesuai Limit,24.87,Tidak,1,2,-
BANK-TRX-0874,Lending,Cabang Medan,Cabang / Teller,2623.96,8.73,13,Lengkap,0,High Risk,Otorisasi Mandiri Sesuai Limit,7.62,Tidak,2,1,-
BANK-TRX-0875,KYC,Cabang Medan,Mobile / Internet Banking,0.0,0.0,15,Lengkap,0,Low Risk,Otorisasi Mandiri Sesuai Limit,12.86,Tidak,1,1,-
BANK-TRX-0876,IT Control,Cabang Jakarta,Host-to-Host Core Banking,0.0,0.0,3,Lengkap,6,High Risk,Override / Tanpa Otorisasi,97.66,Ya (Anomali),4,5,Percobaan login gagal berulang kali (6 kali) pada jam tidak wajar mengindikasikan serangan Brute Force
BANK-TRX-0877,Funding,Cabang Medan,Cabang / Teller,35229.11,2.3,10,Lengkap,0,High Risk,Override / Tanpa Otorisasi,220.3,Ya (Anomali),4,5,Penarikan dana masif (Rp 35229.11 Juta) pada rekening simpanan pasif/dormant tanpa otorisasi Branch Manager
BANK-TRX-0878,Funding,Cabang Jakarta,ATM / CRM,632.96,1.84,14,Lengkap,0,Low Risk,Otorisasi Mandiri Sesuai Limit,18.63,Tidak,1,1,-
BANK-TRX-0879,IT Control,Cabang Bali,Mobile / Internet Banking,0.0,0.0,16,Lengkap,0,Low Risk,Otorisasi Mandiri Sesuai Limit,22.11,Tidak,1,1,-
BANK-TRX-0880,KYC,Cabang Bandung,Cabang / Teller,0.0,0.0,13,Lengkap,0,High Risk,Otorisasi Mandiri Sesuai Limit,23.12,Tidak,2,1,-
BANK-TRX-0881,Payment,Cabang Bali,Cabang / Teller,25.43,0.0,6,Lengkap,0,Medium Risk,Otorisasi Mandiri Sesuai Limit,3.42,Tidak,1,2,-
BANK-TRX-0882,Funding,Cabang Bandung,Cabang / Teller,34358.7,2.39,15,Lengkap,0,PEP / High Risk Watchlist,Override / Tanpa Otorisasi,240.38,Ya (Anomali),4,4,Penarikan dana masif (Rp 34358.7 Juta) pada rekening simpanan pasif/dormant tanpa otorisasi Branch Manager
BANK-TRX-0883,Lending,Cabang Jakarta,Cabang / Teller,2253.38,8.84,16,Lengkap,0,Low Risk,Terverifikasi Dual Control (Maker-Checker),23.51,Tidak,1,2,-
BANK-TRX-0884,Treasury,Cabang Jakarta,Dealing Room / SWIFT,10234.1,0.0,15,Lengkap,0,Low Risk,Otorisasi Mandiri Sesuai Limit,6.31,Tidak,1,1,-
BANK-TRX-0885,Lending,Cabang Surabaya,Cabang / Teller,398.3,8.13,12,Lengkap,0,Medium Risk,Otorisasi Mandiri Sesuai Limit,15.7,Tidak,1,1,-
BANK-TRX-0886,IT Control,Kantor Pusat,Host-to-Host Core Banking,0.0,0.0,11,Lengkap,0,Low Risk,Terverifikasi Dual Control (Maker-Checker),8.39,Tidak,2,2,-
BANK-TRX-0887,KYC,Cabang Bali,Cabang / Teller,0.0,0.0,16,Lengkap,0,PEP / High Risk Watchlist,Override / Tanpa Otorisasi,202.38,Ya (Anomali),5,5,Onboarding nasabah profil Politically Exposed Person (PEP) disetujui tanpa proses Enhanced Due Diligence (EDD)
BANK-TRX-0888,Payment,Cabang Surabaya,ATM / CRM,77.86,0.0,13,Lengkap,0,Medium Risk,Otorisasi Mandiri Sesuai Limit,12.09,Tidak,1,2,-
BANK-TRX-0889,IT Control,Cabang Bali,Mobile / Internet Banking,0.0,0.0,20,Lengkap,0,Medium Risk,Terverifikasi Dual Control (Maker-Checker),1.9,Tidak,1,1,-
BANK-TRX-0890,Treasury,Kantor Pusat,Host-to-Host Core Banking,916.64,0.0,15,Lengkap,0,Medium Risk,Otorisasi Mandiri Sesuai Limit,20.56,Tidak,2,1,-
BANK-TRX-0891,Lending,Cabang Bandung,Cabang / Teller,1493.72,9.17,11,Lengkap,0,Medium Risk,Otorisasi Mandiri Sesuai Limit,10.98,Tidak,1,1,-
BANK-TRX-0892,Funding,Cabang Medan,Cabang / Teller,150.01,3.99,7,Lengkap,0,Medium Risk,Terverifikasi Dual Control (Maker-Checker),9.44,Tidak,1,1,-
BANK-TRX-0893,Treasury,Kantor Pusat,Host-to-Host Core Banking,5816.64,0.0,10,Lengkap,0,Low Risk,Terverifikasi Dual Control (Maker-Checker),16.3,Tidak,2,2,-
BANK-TRX-0894,Funding,Kantor Pusat,Cabang / Teller,340.58,2.64,18,Lengkap,0,Low Risk,Terverifikasi Dual Control (Maker-Checker),23.71,Tidak,1,1,-
BANK-TRX-0895,IT Control,Cabang Bandung,Host-to-Host Core Banking,0.0,0.0,19,Lengkap,0,Low Risk,Terverifikasi Dual Control (Maker-Checker),17.6,Tidak,1,2,-
BANK-TRX-0896,Funding,Cabang Medan,Mobile / Internet Banking,143.5,3.76,9,Lengkap,0,Low Risk,Terverifikasi Dual Control (Maker-Checker),4.16,Tidak,1,1,-
BANK-TRX-0897,Funding,Cabang Bandung,ATM / CRM,344.17,3.01,12,Lengkap,0,Low Risk,Otorisasi Mandiri Sesuai Limit,17.81,Tidak,1,2,-
BANK-TRX-0898,Treasury,Cabang Bandung,Dealing Room / SWIFT,3016.83,0.0,8,Lengkap,0,Medium Risk,Otorisasi Mandiri Sesuai Limit,20.88,Tidak,1,1,-
BANK-TRX-0899,Funding,Cabang Bali,Cabang / Teller,516.7,3.3,19,Lengkap,0,Low Risk,Terverifikasi Dual Control (Maker-Checker),22.19,Tidak,1,1,-
BANK-TRX-0900,Funding,Cabang Bali,Cabang / Teller,2297.62,8.12,12,Lengkap,0,PEP / High Risk Watchlist,Override / Tanpa Otorisasi,295.41,Ya (Anomali),4,4,Bunga simpanan deposito (8.12%) melampaui batas penjaminan LPS tanpa persetujuan komite ALCO
BANK-TRX-0901,Treasury,Cabang Bandung,Dealing Room / SWIFT,3566.79,0.0,10,Lengkap,0,Low Risk,Otorisasi Mandiri Sesuai Limit,23.63,Tidak,1,1,-
BANK-TRX-0902,Treasury,Cabang Bali,Host-to-Host Core Banking,1192.59,0.0,11,Lengkap,0,Low Risk,Otorisasi Mandiri Sesuai Limit,23.81,Tidak,2,1,-
BANK-TRX-0903,KYC,Cabang Bandung,Cabang / Teller,0.0,0.0,9,Tidak Lengkap,0,High Risk,Override / Tanpa Otorisasi,218.48,Ya (Anomali),5,4,Persetujuan pembukaan rekening nasabah padahal dokumen identitas dan persyaratan APU-PPT Tidak Lengkap
BANK-TRX-0904,KYC,Kantor Pusat,Cabang / Teller,0.0,0.0,11,Lengkap,0,Low Risk,Terverifikasi Dual Control (Maker-Checker),4.47,Tidak,2,1,-
BANK-TRX-0905,KYC,Cabang Medan,Mobile / Internet Banking,0.0,0.0,12,Lengkap,0,Low Risk,Terverifikasi Dual Control (Maker-Checker),23.38,Tidak,1,1,-
BANK-TRX-0906,KYC,Cabang Medan,Cabang / Teller,0.0,0.0,14,Tidak Lengkap,0,High Risk,Override / Tanpa Otorisasi,212.93,Ya (Anomali),5,4,Persetujuan pembukaan rekening nasabah padahal dokumen identitas dan persyaratan APU-PPT Tidak Lengkap
BANK-TRX-0907,Treasury,Cabang Surabaya,Dealing Room / SWIFT,2365.3,0.0,16,Lengkap,0,Low Risk,Otorisasi Mandiri Sesuai Limit,4.59,Tidak,1,1,-
BANK-TRX-0908,IT Control,Cabang Bandung,Mobile / Internet Banking,0.0,0.0,20,Lengkap,0,High Risk,Otorisasi Mandiri Sesuai Limit,9.35,Tidak,1,1,-
BANK-TRX-0909,Lending,Cabang Medan,Cabang / Teller,2697.47,12.05,16,Lengkap,0,Low Risk,Terverifikasi Dual Control (Maker-Checker),12.22,Tidak,1,2,-
BANK-TRX-0910,IT Control,Cabang Medan,Mobile / Internet Banking,0.0,0.0,10,Lengkap,0,Low Risk,Terverifikasi Dual Control (Maker-Checker),2.78,Tidak,1,1,-
BANK-TRX-0911,Payment,Cabang Bali,Mobile / Internet Banking,1303.51,0.0,1,Lengkap,0,PEP / High Risk Watchlist,Override / Tanpa Otorisasi,227.91,Ya (Anomali),5,5,Transfer pembayaran jumlah masif (Rp 1303.51 Juta) pada dini hari (Jam 01:00) tanpa maker-checker
BANK-TRX-0912,KYC,Cabang Medan,Cabang / Teller,0.0,0.0,16,Lengkap,0,Low Risk,Otorisasi Mandiri Sesuai Limit,24.28,Tidak,1,2,-
BANK-TRX-0913,Lending,Kantor Pusat,Cabang / Teller,806.26,12.14,13,Lengkap,0,Low Risk,Otorisasi Mandiri Sesuai Limit,24.96,Tidak,2,1,-
BANK-TRX-0914,Funding,Cabang Bali,Cabang / Teller,91.03,3.56,9,Lengkap,0,Medium Risk,Terverifikasi Dual Control (Maker-Checker),8.75,Tidak,1,1,-
BANK-TRX-0915,Lending,Cabang Medan,Cabang / Teller,1128.94,10.26,15,Lengkap,0,Low Risk,Terverifikasi Dual Control (Maker-Checker),8.56,Tidak,1,2,-
BANK-TRX-0916,IT Control,Cabang Surabaya,Mobile / Internet Banking,0.0,0.0,7,Lengkap,1,Low Risk,Terverifikasi Dual Control (Maker-Checker),7.96,Tidak,1,1,-
BANK-TRX-0917,Treasury,Cabang Medan,Host-to-Host Core Banking,2124.16,0.0,9,Lengkap,0,Low Risk,Otorisasi Mandiri Sesuai Limit,19.61,Tidak,1,2,-
BANK-TRX-0918,IT Control,Kantor Pusat,Mobile / Internet Banking,0.0,0.0,17,Lengkap,0,Low Risk,Otorisasi Mandiri Sesuai Limit,22.56,Tidak,2,2,-
BANK-TRX-0919,Lending,Cabang Surabaya,Cabang / Teller,2554.7,13.95,12,Lengkap,0,Medium Risk,Terverifikasi Dual Control (Maker-Checker),5.16,Tidak,2,1,-
BANK-TRX-0920,Lending,Cabang Jakarta,Cabang / Teller,318.98,10.59,11,Lengkap,0,Medium Risk,Otorisasi Mandiri Sesuai Limit,0.18,Tidak,1,1,-
BANK-TRX-0921,Funding,Cabang Medan,Cabang / Teller,161.43,1.98,7,Lengkap,0,Low Risk,Terverifikasi Dual Control (Maker-Checker),6.19,Tidak,1,2,-
BANK-TRX-0922,Payment,Cabang Jakarta,Cabang / Teller,21.24,0.0,8,Lengkap,0,Medium Risk,Terverifikasi Dual Control (Maker-Checker),13.48,Tidak,1,2,-
BANK-TRX-0923,Payment,Cabang Surabaya,Cabang / Teller,78.86,0.0,20,Lengkap,0,Low Risk,Terverifikasi Dual Control (Maker-Checker),19.94,Tidak,1,1,-
BANK-TRX-0924,IT Control,Cabang Jakarta,Host-to-Host Core Banking,0.0,0.0,1,Lengkap,0,High Risk,Override / Tanpa Otorisasi,318.57,Ya (Anomali),5,5,Aktivitas akses administratif basis data core banking pada dini hari (Jam 01:00) tanpa tiket Change Request
BANK-TRX-0925,Lending,Cabang Bali,Cabang / Teller,451.79,11.37,14,Lengkap,0,Low Risk,Otorisasi Mandiri Sesuai Limit,6.04,Tidak,1,1,-
BANK-TRX-0926,Treasury,Cabang Bandung,Host-to-Host Core Banking,945.88,0.0,11,Lengkap,0,Low Risk,Otorisasi Mandiri Sesuai Limit,8.66,Tidak,1,1,-
BANK-TRX-0927,KYC,Cabang Bali,Cabang / Teller,0.0,0.0,16,Lengkap,0,Medium Risk,Terverifikasi Dual Control (Maker-Checker),2.69,Tidak,1,1,-
BANK-TRX-0928,IT Control,Cabang Medan,Host-to-Host Core Banking,0.0,0.0,2,Lengkap,12,PEP / High Risk Watchlist,Override / Tanpa Otorisasi,349.64,Ya (Anomali),4,5,Percobaan login gagal berulang kali (12 kali) pada jam tidak wajar mengindikasikan serangan Brute Force
BANK-TRX-0929,Payment,Cabang Medan,ATM / CRM,5.66,0.0,7,Lengkap,0,Low Risk,Terverifikasi Dual Control (Maker-Checker),4.17,Tidak,2,2,-
BANK-TRX-0930,Funding,Cabang Bandung,Mobile / Internet Banking,133.17,3.23,12,Lengkap,0,Low Risk,Terverifikasi Dual Control (Maker-Checker),16.8,Tidak,1,1,-
BANK-TRX-0931,IT Control,Kantor Pusat,Mobile / Internet Banking,0.0,0.0,19,Lengkap,0,Low Risk,Otorisasi Mandiri Sesuai Limit,5.74,Tidak,1,1,-
BANK-TRX-0932,IT Control,Cabang Medan,Host-to-Host Core Banking,0.0,0.0,1,Lengkap,12,PEP / High Risk Watchlist,Override / Tanpa Otorisasi,307.23,Ya (Anomali),4,5,Percobaan login gagal berulang kali (12 kali) pada jam tidak wajar mengindikasikan serangan Brute Force
BANK-TRX-0933,Funding,Cabang Medan,Cabang / Teller,28185.35,1.66,11,Lengkap,0,High Risk,Override / Tanpa Otorisasi,214.34,Ya (Anomali),5,4,Penarikan dana masif (Rp 28185.35 Juta) pada rekening simpanan pasif/dormant tanpa otorisasi Branch Manager
BANK-TRX-0934,IT Control,Kantor Pusat,Host-to-Host Core Banking,0.0,0.0,13,Lengkap,2,Medium Risk,Terverifikasi Dual Control (Maker-Checker),8.93,Tidak,1,1,-
BANK-TRX-0935,IT Control,Cabang Medan,Mobile / Internet Banking,0.0,0.0,15,Lengkap,0,Medium Risk,Otorisasi Mandiri Sesuai Limit,23.46,Tidak,2,1,-
BANK-TRX-0936,IT Control,Cabang Medan,Host-to-Host Core Banking,0.0,0.0,6,Lengkap,0,Medium Risk,Terverifikasi Dual Control (Maker-Checker),24.45,Tidak,2,1,-
BANK-TRX-0937,Treasury,Cabang Medan,Host-to-Host Core Banking,4114.09,0.0,13,Lengkap,0,Low Risk,Otorisasi Mandiri Sesuai Limit,7.43,Tidak,1,1,-
BANK-TRX-0938,KYC,Cabang Surabaya,Cabang / Teller,0.0,0.0,12,Lengkap,0,High Risk,Otorisasi Mandiri Sesuai Limit,21.06,Tidak,2,1,-
BANK-TRX-0939,KYC,Cabang Bandung,Cabang / Teller,0.0,0.0,8,Lengkap,0,High Risk,Override / Tanpa Otorisasi,191.04,Ya (Anomali),4,5,Onboarding nasabah profil Politically Exposed Person (PEP) disetujui tanpa proses Enhanced Due Diligence (EDD)
BANK-TRX-0940,IT Control,Kantor Pusat,Host-to-Host Core Banking,0.0,0.0,2,Lengkap,0,PEP / High Risk Watchlist,Override / Tanpa Otorisasi,230.3,Ya (Anomali),4,5,Aktivitas akses administratif basis data core banking pada dini hari (Jam 02:00) tanpa tiket Change Request
BANK-TRX-0941,IT Control,Cabang Jakarta,Host-to-Host Core Banking,0.0,0.0,16,Lengkap,1,Low Risk,Terverifikasi Dual Control (Maker-Checker),9.97,Tidak,2,2,-
BANK-TRX-0942,KYC,Kantor Pusat,Mobile / Internet Banking,0.0,0.0,9,Lengkap,0,Low Risk,Terverifikasi Dual Control (Maker-Checker),22.67,Tidak,1,1,-
BANK-TRX-0943,Treasury,Kantor Pusat,Dealing Room / SWIFT,41510.52,0.0,1,Lengkap,0,High Risk,Override / Tanpa Otorisasi,212.54,Ya (Anomali),5,4,Transaksi pasar uang/valas bernilai Rp 41510.52 Juta dieksekusi di luar jam pasar resmi (Jam 01:00)
BANK-TRX-0944,Funding,Cabang Bali,Cabang / Teller,371.72,3.92,14,Lengkap,0,Low Risk,Terverifikasi Dual Control (Maker-Checker),12.0,Tidak,1,1,-
BANK-TRX-0945,Payment,Cabang Medan,Cabang / Teller,106.07,0.0,6,Lengkap,0,Medium Risk,Otorisasi Mandiri Sesuai Limit,20.86,Tidak,1,2,-
BANK-TRX-0946,IT Control,Cabang Medan,Host-to-Host Core Banking,0.0,0.0,3,Lengkap,8,PEP / High Risk Watchlist,Override / Tanpa Otorisasi,318.87,Ya (Anomali),4,4,Percobaan login gagal berulang kali (8 kali) pada jam tidak wajar mengindikasikan serangan Brute Force
BANK-TRX-0947,Funding,Cabang Medan,Mobile / Internet Banking,394.27,4.2,17,Lengkap,0,Low Risk,Otorisasi Mandiri Sesuai Limit,11.09,Tidak,2,1,-
BANK-TRX-0948,KYC,Kantor Pusat,Mobile / Internet Banking,0.0,0.0,8,Lengkap,0,Low Risk,Terverifikasi Dual Control (Maker-Checker),10.0,Tidak,2,2,-
BANK-TRX-0949,Payment,Cabang Bandung,Mobile / Internet Banking,191.28,0.0,21,Lengkap,0,Low Risk,Terverifikasi Dual Control (Maker-Checker),12.2,Tidak,1,1,-
BANK-TRX-0950,IT Control,Cabang Surabaya,Mobile / Internet Banking,0.0,0.0,17,Lengkap,0,Low Risk,Otorisasi Mandiri Sesuai Limit,17.15,Tidak,2,1,-
BANK-TRX-0951,KYC,Cabang Jakarta,Cabang / Teller,0.0,0.0,10,Lengkap,0,Low Risk,Otorisasi Mandiri Sesuai Limit,3.37,Tidak,1,1,-
BANK-TRX-0952,KYC,Cabang Jakarta,Cabang / Teller,0.0,0.0,8,Lengkap,0,Medium Risk,Terverifikasi Dual Control (Maker-Checker),19.73,Tidak,1,2,-
BANK-TRX-0953,KYC,Cabang Jakarta,Cabang / Teller,0.0,0.0,12,Lengkap,0,Low Risk,Terverifikasi Dual Control (Maker-Checker),10.79,Tidak,2,2,-
BANK-TRX-0954,IT Control,Cabang Bandung,Host-to-Host Core Banking,0.0,0.0,0,Lengkap,0,PEP / High Risk Watchlist,Override / Tanpa Otorisasi,299.12,Ya (Anomali),5,5,Aktivitas akses administratif basis data core banking pada dini hari (Jam 00:00) tanpa tiket Change Request
BANK-TRX-0955,Funding,Cabang Jakarta,Mobile / Internet Banking,1710.79,2.46,19,Lengkap,0,Medium Risk,Terverifikasi Dual Control (Maker-Checker),21.84,Tidak,2,1,-
BANK-TRX-0956,KYC,Cabang Medan,Cabang / Teller,0.0,0.0,11,Lengkap,0,High Risk,Override / Tanpa Otorisasi,129.13,Ya (Anomali),5,5,Onboarding nasabah profil Politically Exposed Person (PEP) disetujui tanpa proses Enhanced Due Diligence (EDD)
BANK-TRX-0957,IT Control,Cabang Bali,Mobile / Internet Banking,0.0,0.0,7,Lengkap,0,Low Risk,Terverifikasi Dual Control (Maker-Checker),19.41,Tidak,2,1,-
BANK-TRX-0958,Treasury,Cabang Jakarta,Dealing Room / SWIFT,832.48,0.0,8,Lengkap,0,Low Risk,Otorisasi Mandiri Sesuai Limit,23.76,Tidak,1,2,-
BANK-TRX-0959,Funding,Kantor Pusat,ATM / CRM,126.18,3.23,9,Lengkap,0,Medium Risk,Terverifikasi Dual Control (Maker-Checker),11.49,Tidak,1,1,-
BANK-TRX-0960,Lending,Cabang Bali,Cabang / Teller,4823.42,9.07,8,Lengkap,0,Medium Risk,Otorisasi Mandiri Sesuai Limit,23.76,Tidak,1,1,-
BANK-TRX-0961,KYC,Kantor Pusat,Cabang / Teller,0.0,0.0,11,Tidak Lengkap,0,High Risk,Override / Tanpa Otorisasi,253.42,Ya (Anomali),4,4,Persetujuan pembukaan rekening nasabah padahal dokumen identitas dan persyaratan APU-PPT Tidak Lengkap
BANK-TRX-0962,KYC,Cabang Jakarta,Cabang / Teller,0.0,0.0,8,Lengkap,0,Low Risk,Terverifikasi Dual Control (Maker-Checker),17.64,Tidak,2,1,-
BANK-TRX-0963,Funding,Cabang Medan,ATM / CRM,802.34,3.75,7,Lengkap,0,Low Risk,Otorisasi Mandiri Sesuai Limit,19.09,Tidak,1,2,-
BANK-TRX-0964,Treasury,Cabang Bali,Dealing Room / SWIFT,4068.37,0.0,12,Lengkap,0,Low Risk,Terverifikasi Dual Control (Maker-Checker),19.94,Tidak,1,1,-
BANK-TRX-0965,Treasury,Cabang Bandung,Host-to-Host Core Banking,1619.23,0.0,13,Lengkap,0,Low Risk,Terverifikasi Dual Control (Maker-Checker),5.75,Tidak,1,1,-
BANK-TRX-0966,Payment,Cabang Bandung,Mobile / Internet Banking,14.82,0.0,14,Lengkap,0,Low Risk,Terverifikasi Dual Control (Maker-Checker),21.26,Tidak,1,1,-
BANK-TRX-0967,Treasury,Cabang Medan,Dealing Room / SWIFT,47058.46,0.0,11,Lengkap,0,High Risk,Override / Tanpa Otorisasi,210.91,Ya (Anomali),4,5,Transaksi valas dengan deviasi kurs melenceng (Off-Market Rate) melampaui limit dealer tanpa verifikasi Middle Office
BANK-TRX-0968,IT Control,Kantor Pusat,Mobile / Internet Banking,0.0,0.0,15,Lengkap,0,Low Risk,Terverifikasi Dual Control (Maker-Checker),1.31,Tidak,2,2,-
BANK-TRX-0969,KYC,Kantor Pusat,Cabang / Teller,0.0,0.0,10,Lengkap,0,Low Risk,Otorisasi Mandiri Sesuai Limit,21.35,Tidak,1,1,-
BANK-TRX-0970,Payment,Cabang Jakarta,Mobile / Internet Banking,1.42,0.0,8,Lengkap,0,Medium Risk,Terverifikasi Dual Control (Maker-Checker),7.89,Tidak,1,1,-
BANK-TRX-0971,Funding,Cabang Bali,Cabang / Teller,158.51,3.06,7,Lengkap,0,Low Risk,Terverifikasi Dual Control (Maker-Checker),21.84,Tidak,2,2,-
BANK-TRX-0972,Funding,Cabang Bali,Cabang / Teller,1749.89,1.93,9,Lengkap,0,Medium Risk,Otorisasi Mandiri Sesuai Limit,13.9,Tidak,1,1,-
BANK-TRX-0973,Funding,Cabang Medan,Mobile / Internet Banking,721.18,3.2,10,Lengkap,0,Medium Risk,Otorisasi Mandiri Sesuai Limit,10.64,Tidak,1,1,-
BANK-TRX-0974,Treasury,Kantor Pusat,Host-to-Host Core Banking,3853.13,0.0,13,Lengkap,0,Low Risk,Terverifikasi Dual Control (Maker-Checker),18.69,Tidak,2,1,-
BANK-TRX-0975,IT Control,Cabang Bandung,Host-to-Host Core Banking,0.0,0.0,2,Lengkap,0,High Risk,Override / Tanpa Otorisasi,105.47,Ya (Anomali),4,5,Aktivitas akses administratif basis data core banking pada dini hari (Jam 02:00) tanpa tiket Change Request
BANK-TRX-0976,Lending,Cabang Medan,Cabang / Teller,1988.1,10.31,12,Lengkap,0,Low Risk,Terverifikasi Dual Control (Maker-Checker),24.79,Tidak,2,2,-
BANK-TRX-0977,IT Control,Cabang Bali,Mobile / Internet Banking,0.0,0.0,10,Lengkap,0,Low Risk,Otorisasi Mandiri Sesuai Limit,6.42,Tidak,1,1,-
BANK-TRX-0978,Payment,Cabang Surabaya,Mobile / Internet Banking,39.0,0.0,17,Lengkap,0,Medium Risk,Otorisasi Mandiri Sesuai Limit,22.74,Tidak,2,1,-
BANK-TRX-0979,IT Control,Cabang Bandung,Mobile / Internet Banking,0.0,0.0,6,Lengkap,0,Low Risk,Terverifikasi Dual Control (Maker-Checker),2.53,Tidak,1,1,-
BANK-TRX-0980,Lending,Cabang Jakarta,Cabang / Teller,2911.1,8.14,15,Lengkap,0,Medium Risk,Terverifikasi Dual Control (Maker-Checker),13.31,Tidak,1,1,-
BANK-TRX-0981,Funding,Kantor Pusat,ATM / CRM,561.52,3.26,16,Lengkap,0,Medium Risk,Terverifikasi Dual Control (Maker-Checker),0.14,Tidak,2,2,-
BANK-TRX-0982,Funding,Kantor Pusat,Cabang / Teller,47.45,2.01,9,Lengkap,0,Low Risk,Otorisasi Mandiri Sesuai Limit,0.98,Tidak,1,1,-
BANK-TRX-0983,Funding,Kantor Pusat,Cabang / Teller,129.94,4.14,13,Lengkap,0,Low Risk,Terverifikasi Dual Control (Maker-Checker),6.26,Tidak,1,2,-
BANK-TRX-0984,Treasury,Cabang Surabaya,Dealing Room / SWIFT,981.72,0.0,11,Lengkap,0,High Risk,Terverifikasi Dual Control (Maker-Checker),18.75,Tidak,1,1,-
BANK-TRX-0985,Payment,Cabang Bandung,ATM / CRM,3.32,0.0,11,Lengkap,0,Low Risk,Terverifikasi Dual Control (Maker-Checker),21.25,Tidak,1,1,-
BANK-TRX-0986,Lending,Cabang Bali,Cabang / Teller,290.81,10.75,16,Lengkap,0,Low Risk,Otorisasi Mandiri Sesuai Limit,13.67,Tidak,1,2,-
BANK-TRX-0987,Lending,Cabang Medan,Cabang / Teller,1501.85,8.9,12,Lengkap,0,Low Risk,Terverifikasi Dual Control (Maker-Checker),14.12,Tidak,2,2,-
BANK-TRX-0988,KYC,Cabang Surabaya,Cabang / Teller,0.0,0.0,15,Lengkap,0,Low Risk,Terverifikasi Dual Control (Maker-Checker),24.73,Tidak,1,1,-
BANK-TRX-0989,IT Control,Cabang Surabaya,Host-to-Host Core Banking,0.0,0.0,17,Lengkap,0,Low Risk,Terverifikasi Dual Control (Maker-Checker),8.52,Tidak,1,1,-
BANK-TRX-0990,KYC,Cabang Surabaya,Mobile / Internet Banking,0.0,0.0,12,Lengkap,0,Low Risk,Terverifikasi Dual Control (Maker-Checker),12.96,Tidak,1,2,-
BANK-TRX-0991,Treasury,Cabang Bali,Host-to-Host Core Banking,1728.78,0.0,12,Lengkap,0,High Risk,Otorisasi Mandiri Sesuai Limit,11.14,Tidak,1,2,-
BANK-TRX-0992,Payment,Cabang Medan,Mobile / Internet Banking,19.18,0.0,7,Lengkap,0,Low Risk,Terverifikasi Dual Control (Maker-Checker),5.09,Tidak,2,2,-
BANK-TRX-0993,IT Control,Cabang Surabaya,Host-to-Host Core Banking,0.0,0.0,18,Lengkap,1,Low Risk,Terverifikasi Dual Control (Maker-Checker),6.26,Tidak,1,1,-
BANK-TRX-0994,IT Control,Cabang Bali,Mobile / Internet Banking,0.0,0.0,20,Lengkap,0,Low Risk,Otorisasi Mandiri Sesuai Limit,16.93,Tidak,1,1,-
BANK-TRX-0995,IT Control,Cabang Bali,Host-to-Host Core Banking,0.0,0.0,9,Lengkap,0,High Risk,Terverifikasi Dual Control (Maker-Checker),15.03,Tidak,1,2,-
BANK-TRX-0996,Lending,Cabang Bali,Cabang / Teller,777.02,13.79,9,Lengkap,0,Low Risk,Terverifikasi Dual Control (Maker-Checker),11.82,Tidak,2,1,-
BANK-TRX-0997,Payment,Cabang Bali,Cabang / Teller,20.17,0.0,7,Lengkap,0,Low Risk,Otorisasi Mandiri Sesuai Limit,13.69,Tidak,2,1,-
BANK-TRX-0998,Lending,Cabang Bali,Cabang / Teller,2784.19,11.27,11,Lengkap,0,High Risk,Terverifikasi Dual Control (Maker-Checker),8.95,Tidak,1,1,-
BANK-TRX-0999,KYC,Cabang Surabaya,Cabang / Teller,0.0,0.0,15,Tidak Lengkap,0,High Risk,Override / Tanpa Otorisasi,337.05,Ya (Anomali),4,5,Persetujuan pembukaan rekening nasabah padahal dokumen identitas dan persyaratan APU-PPT Tidak Lengkap
BANK-TRX-1000,Treasury,Cabang Bali,Dealing Room / SWIFT,1014.64,0.0,14,Lengkap,0,Medium Risk,Terverifikasi Dual Control (Maker-Checker),7.79,Tidak,1,1,-
BANK-TRX-1001,Funding,Kantor Pusat,ATM / CRM,119.29,2.91,20,Lengkap,0,Low Risk,Terverifikasi Dual Control (Maker-Checker),10.08,Tidak,1,1,-
BANK-TRX-1002,KYC,Cabang Medan,Cabang / Teller,0.0,0.0,8,Lengkap,0,Medium Risk,Terverifikasi Dual Control (Maker-Checker),21.25,Tidak,1,2,-
BANK-TRX-1003,Treasury,Cabang Jakarta,Host-to-Host Core Banking,1011.8,0.0,16,Lengkap,0,Low Risk,Otorisasi Mandiri Sesuai Limit,13.38,Tidak,1,1,-
BANK-TRX-1004,KYC,Kantor Pusat,Cabang / Teller,0.0,0.0,14,Lengkap,0,Low Risk,Terverifikasi Dual Control (Maker-Checker),5.93,Tidak,1,1,-
BANK-TRX-1005,KYC,Cabang Medan,Cabang / Teller,0.0,0.0,13,Tidak Lengkap,0,High Risk,Override / Tanpa Otorisasi,183.43,Ya (Anomali),5,4,Persetujuan pembukaan rekening nasabah padahal dokumen identitas dan persyaratan APU-PPT Tidak Lengkap
BANK-TRX-1006,Payment,Cabang Jakarta,Mobile / Internet Banking,3823.94,0.0,18,Lengkap,0,High Risk,Override / Tanpa Otorisasi,307.55,Ya (Anomali),4,4,Lonjakan frekuensi transaksi transfer berkecepatan tinggi (Velocity Burst / Indikasi Smurfing Dana)
BANK-TRX-1007,Payment,Cabang Medan,Mobile / Internet Banking,1.5,0.0,20,Lengkap,0,Medium Risk,Otorisasi Mandiri Sesuai Limit,2.28,Tidak,1,2,-
BANK-TRX-1008,IT Control,Kantor Pusat,Host-to-Host Core Banking,0.0,0.0,4,Lengkap,11,PEP / High Risk Watchlist,Override / Tanpa Otorisasi,349.87,Ya (Anomali),4,5,Percobaan login gagal berulang kali (11 kali) pada jam tidak wajar mengindikasikan serangan Brute Force
BANK-TRX-1009,IT Control,Cabang Surabaya,Mobile / Internet Banking,0.0,0.0,10,Lengkap,0,Low Risk,Terverifikasi Dual Control (Maker-Checker),8.77,Tidak,2,2,-
BANK-TRX-1010,Treasury,Cabang Bandung,Dealing Room / SWIFT,2589.06,0.0,8,Lengkap,0,Low Risk,Otorisasi Mandiri Sesuai Limit,16.92,Tidak,1,1,-
BANK-TRX-1011,Payment,Cabang Medan,Mobile / Internet Banking,85.12,0.0,22,Lengkap,0,Medium Risk,Terverifikasi Dual Control (Maker-Checker),17.82,Tidak,1,1,-
BANK-TRX-1012,KYC,Cabang Jakarta,Mobile / Internet Banking,0.0,0.0,9,Lengkap,0,Medium Risk,Terverifikasi Dual Control (Maker-Checker),11.11,Tidak,2,1,-
BANK-TRX-1013,KYC,Cabang Bandung,Mobile / Internet Banking,0.0,0.0,16,Lengkap,0,Medium Risk,Otorisasi Mandiri Sesuai Limit,7.31,Tidak,2,2,-
BANK-TRX-1014,Treasury,Cabang Medan,Host-to-Host Core Banking,6420.35,0.0,11,Lengkap,0,Medium Risk,Terverifikasi Dual Control (Maker-Checker),6.36,Tidak,1,1,-
BANK-TRX-1015,KYC,Cabang Medan,Mobile / Internet Banking,0.0,0.0,10,Lengkap,0,Medium Risk,Terverifikasi Dual Control (Maker-Checker),2.82,Tidak,2,1,-
BANK-TRX-1016,Payment,Kantor Pusat,Mobile / Internet Banking,45.25,0.0,10,Lengkap,0,Medium Risk,Terverifikasi Dual Control (Maker-Checker),7.66,Tidak,2,2,-
BANK-TRX-1017,IT Control,Cabang Bandung,Mobile / Internet Banking,0.0,0.0,15,Lengkap,0,Low Risk,Otorisasi Mandiri Sesuai Limit,0.51,Tidak,1,1,-
BANK-TRX-1018,Funding,Cabang Jakarta,Mobile / Internet Banking,609.96,2.88,9,Lengkap,0,Low Risk,Otorisasi Mandiri Sesuai Limit,15.31,Tidak,1,1,-
BANK-TRX-1019,Funding,Kantor Pusat,ATM / CRM,287.77,3.52,14,Lengkap,0,High Risk,Terverifikasi Dual Control (Maker-Checker),22.41,Tidak,1,1,-
BANK-TRX-1020,IT Control,Kantor Pusat,Host-to-Host Core Banking,0.0,0.0,6,Lengkap,0,Low Risk,Terverifikasi Dual Control (Maker-Checker),10.17,Tidak,1,1,-
BANK-TRX-1021,KYC,Cabang Medan,Mobile / Internet Banking,0.0,0.0,14,Lengkap,0,Low Risk,Terverifikasi Dual Control (Maker-Checker),0.77,Tidak,2,1,-
BANK-TRX-1022,Lending,Cabang Bali,Cabang / Teller,2188.76,11.55,8,Lengkap,0,Medium Risk,Otorisasi Mandiri Sesuai Limit,10.94,Tidak,1,2,-
BANK-TRX-1023,Treasury,Cabang Surabaya,Dealing Room / SWIFT,3383.86,0.0,16,Lengkap,0,Low Risk,Terverifikasi Dual Control (Maker-Checker),23.54,Tidak,1,1,-
BANK-TRX-1024,KYC,Cabang Bali,Cabang / Teller,0.0,0.0,14,Lengkap,0,Low Risk,Otorisasi Mandiri Sesuai Limit,0.71,Tidak,1,1,-
BANK-TRX-1025,KYC,Cabang Bali,Cabang / Teller,0.0,0.0,15,Lengkap,0,Low Risk,Otorisasi Mandiri Sesuai Limit,1.37,Tidak,1,2,-
BANK-TRX-1026,IT Control,Cabang Jakarta,Mobile / Internet Banking,0.0,0.0,16,Lengkap,0,High Risk,Otorisasi Mandiri Sesuai Limit,20.09,Tidak,1,1,-
BANK-TRX-1027,Payment,Cabang Medan,Cabang / Teller,11.57,0.0,16,Lengkap,0,Medium Risk,Terverifikasi Dual Control (Maker-Checker),18.79,Tidak,1,1,-
BANK-TRX-1028,Treasury,Kantor Pusat,Dealing Room / SWIFT,2161.84,0.0,10,Lengkap,0,Low Risk,Otorisasi Mandiri Sesuai Limit,23.16,Tidak,1,1,-
BANK-TRX-1029,Funding,Cabang Bandung,Cabang / Teller,40261.0,2.28,8,Lengkap,0,PEP / High Risk Watchlist,Override / Tanpa Otorisasi,95.21,Ya (Anomali),5,5,Penarikan dana masif (Rp 40261.0 Juta) pada rekening simpanan pasif/dormant tanpa otorisasi Branch Manager
BANK-TRX-1030,Payment,Cabang Surabaya,Mobile / Internet Banking,20.62,0.0,17,Lengkap,0,Low Risk,Otorisasi Mandiri Sesuai Limit,12.95,Tidak,1,1,-
BANK-TRX-1031,Funding,Cabang Surabaya,Cabang / Teller,112.0,4.22,12,Lengkap,0,Low Risk,Otorisasi Mandiri Sesuai Limit,19.5,Tidak,1,1,-
BANK-TRX-1032,Payment,Cabang Jakarta,ATM / CRM,70.71,0.0,13,Lengkap,0,Low Risk,Terverifikasi Dual Control (Maker-Checker),4.76,Tidak,1,2,-
BANK-TRX-1033,KYC,Cabang Surabaya,Cabang / Teller,0.0,0.0,15,Tidak Lengkap,0,High Risk,Override / Tanpa Otorisasi,166.0,Ya (Anomali),5,4,Persetujuan pembukaan rekening nasabah padahal dokumen identitas dan persyaratan APU-PPT Tidak Lengkap
BANK-TRX-1034,Funding,Cabang Medan,Cabang / Teller,8622.49,11.49,8,Lengkap,0,High Risk,Override / Tanpa Otorisasi,168.85,Ya (Anomali),4,5,Bunga simpanan deposito (11.49%) melampaui batas penjaminan LPS tanpa persetujuan komite ALCO
BANK-TRX-1035,KYC,Cabang Bali,Mobile / Internet Banking,0.0,0.0,11,Lengkap,0,Low Risk,Terverifikasi Dual Control (Maker-Checker),24.2,Tidak,1,2,-
BANK-TRX-1036,Lending,Cabang Jakarta,Cabang / Teller,705.2,10.44,10,Lengkap,0,Low Risk,Terverifikasi Dual Control (Maker-Checker),12.2,Tidak,1,2,-
BANK-TRX-1037,Lending,Kantor Pusat,Cabang / Teller,778.17,10.65,13,Lengkap,0,Medium Risk,Terverifikasi Dual Control (Maker-Checker),2.22,Tidak,1,1,-
BANK-TRX-1038,IT Control,Kantor Pusat,Mobile / Internet Banking,0.0,0.0,6,Lengkap,0,Low Risk,Terverifikasi Dual Control (Maker-Checker),7.89,Tidak,1,1,-
BANK-TRX-1039,Treasury,Cabang Bandung,Dealing Room / SWIFT,1394.49,0.0,10,Lengkap,0,Low Risk,Otorisasi Mandiri Sesuai Limit,9.48,Tidak,1,1,-
BANK-TRX-1040,Funding,Cabang Bali,Cabang / Teller,382.08,3.27,19,Lengkap,0,Low Risk,Otorisasi Mandiri Sesuai Limit,24.73,Tidak,1,1,-
BANK-TRX-1041,Lending,Kantor Pusat,Cabang / Teller,345.09,10.11,9,Lengkap,0,Low Risk,Terverifikasi Dual Control (Maker-Checker),21.11,Tidak,1,1,-
BANK-TRX-1042,KYC,Kantor Pusat,Mobile / Internet Banking,0.0,0.0,13,Lengkap,0,Low Risk,Terverifikasi Dual Control (Maker-Checker),13.39,Tidak,2,1,-
BANK-TRX-1043,Lending,Cabang Surabaya,Cabang / Teller,721.76,14.33,16,Lengkap,0,Low Risk,Terverifikasi Dual Control (Maker-Checker),0.73,Tidak,2,1,-
BANK-TRX-1044,IT Control,Kantor Pusat,Mobile / Internet Banking,0.0,0.0,18,Lengkap,0,Low Risk,Terverifikasi Dual Control (Maker-Checker),11.75,Tidak,1,2,-
BANK-TRX-1045,Lending,Cabang Surabaya,Cabang / Teller,61467.37,4.23,9,Lengkap,0,PEP / High Risk Watchlist,Override / Tanpa Otorisasi,187.36,Ya (Anomali),4,4,Pencairan kredit bernilai Rp 61467.37 Juta dengan bunga murah ekstrem (4.23%) pihak terafiliasi melanggar BMPK
BANK-TRX-1046,KYC,Cabang Medan,Cabang / Teller,0.0,0.0,10,Lengkap,0,Low Risk,Terverifikasi Dual Control (Maker-Checker),18.69,Tidak,1,2,-
BANK-TRX-1047,Lending,Cabang Bandung,Cabang / Teller,343.45,9.99,15,Lengkap,0,Medium Risk,Terverifikasi Dual Control (Maker-Checker),23.95,Tidak,1,1,-
BANK-TRX-1048,Payment,Cabang Jakarta,Cabang / Teller,10.45,0.0,12,Lengkap,0,Low Risk,Otorisasi Mandiri Sesuai Limit,18.33,Tidak,2,1,-
BANK-TRX-1049,Funding,Cabang Surabaya,Cabang / Teller,351.34,3.28,19,Lengkap,0,Low Risk,Otorisasi Mandiri Sesuai Limit,20.81,Tidak,1,1,-
BANK-TRX-1050,Funding,Cabang Medan,ATM / CRM,46.74,4.15,9,Lengkap,0,Low Risk,Otorisasi Mandiri Sesuai Limit,3.42,Tidak,2,1,-
BANK-TRX-1051,Payment,Cabang Bandung,ATM / CRM,3.28,0.0,15,Lengkap,0,Low Risk,Terverifikasi Dual Control (Maker-Checker),23.22,Tidak,1,2,-
BANK-TRX-1052,KYC,Cabang Bali,Mobile / Internet Banking,0.0,0.0,10,Lengkap,0,Low Risk,Terverifikasi Dual Control (Maker-Checker),1.23,Tidak,1,1,-
BANK-TRX-1053,IT Control,Cabang Surabaya,Host-to-Host Core Banking,0.0,0.0,7,Lengkap,0,Low Risk,Terverifikasi Dual Control (Maker-Checker),21.94,Tidak,1,2,-
BANK-TRX-1054,Treasury,Cabang Surabaya,Host-to-Host Core Banking,2855.75,0.0,11,Lengkap,0,Medium Risk,Otorisasi Mandiri Sesuai Limit,14.17,Tidak,1,2,-
BANK-TRX-1055,Payment,Cabang Medan,ATM / CRM,36.66,0.0,10,Lengkap,0,Low Risk,Otorisasi Mandiri Sesuai Limit,6.64,Tidak,2,1,-
BANK-TRX-1056,IT Control,Cabang Medan,Host-to-Host Core Banking,0.0,0.0,23,Lengkap,0,PEP / High Risk Watchlist,Override / Tanpa Otorisasi,319.84,Ya (Anomali),4,5,Aktivitas akses administratif basis data core banking pada dini hari (Jam 23:00) tanpa tiket Change Request
BANK-TRX-1057,Lending,Cabang Jakarta,Cabang / Teller,1049.06,13.89,8,Lengkap,0,Medium Risk,Otorisasi Mandiri Sesuai Limit,7.88,Tidak,1,2,-
BANK-TRX-1058,Payment,Cabang Bali,Cabang / Teller,7.65,0.0,21,Lengkap,0,Low Risk,Otorisasi Mandiri Sesuai Limit,24.17,Tidak,1,1,-
BANK-TRX-1059,Payment,Cabang Bandung,Cabang / Teller,2.0,0.0,11,Lengkap,0,Low Risk,Otorisasi Mandiri Sesuai Limit,17.76,Tidak,1,1,-
BANK-TRX-1060,KYC,Kantor Pusat,Mobile / Internet Banking,0.0,0.0,14,Lengkap,0,Low Risk,Otorisasi Mandiri Sesuai Limit,19.76,Tidak,1,1,-
BANK-TRX-1061,Payment,Cabang Bali,Cabang / Teller,56.88,0.0,20,Lengkap,0,Low Risk,Terverifikasi Dual Control (Maker-Checker),14.63,Tidak,1,2,-
BANK-TRX-1062,Payment,Cabang Bandung,ATM / CRM,61.12,0.0,15,Lengkap,0,Medium Risk,Terverifikasi Dual Control (Maker-Checker),5.69,Tidak,1,1,-
BANK-TRX-1063,IT Control,Cabang Medan,Mobile / Internet Banking,0.0,0.0,11,Lengkap,0,Low Risk,Terverifikasi Dual Control (Maker-Checker),23.56,Tidak,2,1,-
BANK-TRX-1064,IT Control,Cabang Bali,Host-to-Host Core Banking,0.0,0.0,21,Lengkap,0,Low Risk,Terverifikasi Dual Control (Maker-Checker),9.64,Tidak,1,2,-
BANK-TRX-1065,Payment,Kantor Pusat,Host-to-Host Core Banking,1533.57,0.0,1,Lengkap,0,High Risk,Override / Tanpa Otorisasi,335.56,Ya (Anomali),4,5,Transfer pembayaran jumlah masif (Rp 1533.57 Juta) pada dini hari (Jam 01:00) tanpa maker-checker
BANK-TRX-1066,Payment,Cabang Medan,ATM / CRM,21.64,0.0,19,Lengkap,0,Low Risk,Terverifikasi Dual Control (Maker-Checker),6.52,Tidak,1,1,-
BANK-TRX-1067,IT Control,Cabang Jakarta,Host-to-Host Core Banking,0.0,0.0,15,Lengkap,0,Medium Risk,Terverifikasi Dual Control (Maker-Checker),23.86,Tidak,2,2,-
BANK-TRX-1068,Treasury,Cabang Medan,Dealing Room / SWIFT,2331.36,0.0,14,Lengkap,0,Low Risk,Otorisasi Mandiri Sesuai Limit,22.38,Tidak,2,1,-
BANK-TRX-1069,Payment,Kantor Pusat,ATM / CRM,53.14,0.0,17,Lengkap,0,Low Risk,Otorisasi Mandiri Sesuai Limit,0.84,Tidak,1,1,-
BANK-TRX-1070,Treasury,Cabang Jakarta,Dealing Room / SWIFT,44032.28,0.0,1,Lengkap,0,High Risk,Override / Tanpa Otorisasi,301.74,Ya (Anomali),4,4,Transaksi pasar uang/valas bernilai Rp 44032.28 Juta dieksekusi di luar jam pasar resmi (Jam 01:00)
BANK-TRX-1071,Treasury,Kantor Pusat,Dealing Room / SWIFT,1595.87,0.0,8,Lengkap,0,Low Risk,Otorisasi Mandiri Sesuai Limit,4.52,Tidak,2,1,-
BANK-TRX-1072,IT Control,Kantor Pusat,Host-to-Host Core Banking,0.0,0.0,21,Lengkap,1,Low Risk,Terverifikasi Dual Control (Maker-Checker),23.83,Tidak,1,1,-
BANK-TRX-1073,Treasury,Kantor Pusat,Dealing Room / SWIFT,1018.6,0.0,10,Lengkap,0,Medium Risk,Terverifikasi Dual Control (Maker-Checker),10.27,Tidak,1,2,-
BANK-TRX-1074,Payment,Cabang Bandung,ATM / CRM,46.72,0.0,14,Lengkap,0,Low Risk,Otorisasi Mandiri Sesuai Limit,22.35,Tidak,2,1,-
BANK-TRX-1075,IT Control,Cabang Jakarta,Host-to-Host Core Banking,0.0,0.0,14,Lengkap,1,High Risk,Otorisasi Mandiri Sesuai Limit,1.53,Tidak,1,1,-
BANK-TRX-1076,Treasury,Cabang Bandung,Host-to-Host Core Banking,3620.32,0.0,11,Lengkap,0,High Risk,Otorisasi Mandiri Sesuai Limit,19.62,Tidak,2,1,-
BANK-TRX-1077,Funding,Kantor Pusat,Cabang / Teller,139.63,2.52,20,Lengkap,0,High Risk,Terverifikasi Dual Control (Maker-Checker),10.37,Tidak,1,2,-
BANK-TRX-1078,IT Control,Kantor Pusat,Host-to-Host Core Banking,0.0,0.0,18,Lengkap,0,Low Risk,Terverifikasi Dual Control (Maker-Checker),9.08,Tidak,1,1,-
BANK-TRX-1079,Treasury,Cabang Surabaya,Host-to-Host Core Banking,12913.54,0.0,11,Lengkap,0,Medium Risk,Terverifikasi Dual Control (Maker-Checker),14.06,Tidak,1,2,-
BANK-TRX-1080,Payment,Cabang Surabaya,Cabang / Teller,36.63,0.0,6,Lengkap,0,Low Risk,Otorisasi Mandiri Sesuai Limit,16.07,Tidak,2,2,-
BANK-TRX-1081,KYC,Cabang Bandung,Cabang / Teller,0.0,0.0,13,Lengkap,0,Low Risk,Terverifikasi Dual Control (Maker-Checker),16.2,Tidak,1,1,-
BANK-TRX-1082,KYC,Cabang Bandung,Mobile / Internet Banking,0.0,0.0,8,Lengkap,0,Medium Risk,Otorisasi Mandiri Sesuai Limit,16.48,Tidak,1,1,-
BANK-TRX-1083,IT Control,Cabang Jakarta,Mobile / Internet Banking,0.0,0.0,8,Lengkap,0,Low Risk,Otorisasi Mandiri Sesuai Limit,5.37,Tidak,1,1,-
BANK-TRX-1084,Lending,Cabang Medan,Cabang / Teller,283.61,8.23,11,Lengkap,0,Low Risk,Terverifikasi Dual Control (Maker-Checker),18.66,Tidak,1,2,-
BANK-TRX-1085,Lending,Cabang Medan,Cabang / Teller,65946.5,4.62,11,Lengkap,0,PEP / High Risk Watchlist,Override / Tanpa Otorisasi,292.29,Ya (Anomali),5,4,Pencairan kredit bernilai Rp 65946.5 Juta dengan bunga murah ekstrem (4.62%) pihak terafiliasi melanggar BMPK
BANK-TRX-1086,Payment,Kantor Pusat,Mobile / Internet Banking,3326.36,0.0,19,Lengkap,0,PEP / High Risk Watchlist,Override / Tanpa Otorisasi,160.8,Ya (Anomali),4,4,Lonjakan frekuensi transaksi transfer berkecepatan tinggi (Velocity Burst / Indikasi Smurfing Dana)
BANK-TRX-1087,KYC,Cabang Jakarta,Cabang / Teller,0.0,0.0,16,Lengkap,0,Low Risk,Otorisasi Mandiri Sesuai Limit,4.05,Tidak,1,2,-
BANK-TRX-1088,Lending,Cabang Medan,Cabang / Teller,7720.41,8.55,12,Tidak Lengkap,0,High Risk,Override / Tanpa Otorisasi,95.83,Ya (Anomali),4,5,Pencairan fasilitas kredit mendahului pemenuhan dokumen syarat efektif dan bukti pengikatan agunan
BANK-TRX-1089,Payment,Cabang Bali,Mobile / Internet Banking,46.47,0.0,6,Lengkap,0,Low Risk,Otorisasi Mandiri Sesuai Limit,6.65,Tidak,2,1,-
BANK-TRX-1090,IT Control,Kantor Pusat,Mobile / Internet Banking,0.0,0.0,10,Lengkap,0,Medium Risk,Otorisasi Mandiri Sesuai Limit,12.26,Tidak,1,1,-
BANK-TRX-1091,IT Control,Cabang Medan,Mobile / Internet Banking,0.0,0.0,16,Lengkap,0,Medium Risk,Terverifikasi Dual Control (Maker-Checker),13.78,Tidak,1,1,-
BANK-TRX-1092,Payment,Cabang Bandung,Mobile / Internet Banking,10.02,0.0,19,Lengkap,0,Low Risk,Terverifikasi Dual Control (Maker-Checker),3.23,Tidak,1,2,-
BANK-TRX-1093,Payment,Cabang Bandung,Mobile / Internet Banking,12.75,0.0,10,Lengkap,0,High Risk,Otorisasi Mandiri Sesuai Limit,14.12,Tidak,1,1,-
BANK-TRX-1094,KYC,Kantor Pusat,Mobile / Internet Banking,0.0,0.0,13,Lengkap,0,Low Risk,Otorisasi Mandiri Sesuai Limit,21.01,Tidak,1,1,-
BANK-TRX-1095,Payment,Cabang Surabaya,Mobile / Internet Banking,8.45,0.0,16,Lengkap,0,Low Risk,Otorisasi Mandiri Sesuai Limit,18.97,Tidak,1,1,-
BANK-TRX-1096,Payment,Kantor Pusat,Mobile / Internet Banking,145.93,0.0,7,Lengkap,0,Low Risk,Otorisasi Mandiri Sesuai Limit,12.34,Tidak,2,2,-
BANK-TRX-1097,Funding,Cabang Surabaya,Mobile / Internet Banking,721.08,2.77,15,Lengkap,0,Low Risk,Terverifikasi Dual Control (Maker-Checker),16.1,Tidak,1,1,-
BANK-TRX-1098,KYC,Cabang Jakarta,Mobile / Internet Banking,0.0,0.0,13,Lengkap,0,Low Risk,Otorisasi Mandiri Sesuai Limit,9.7,Tidak,2,1,-
BANK-TRX-1099,Treasury,Cabang Jakarta,Host-to-Host Core Banking,972.11,0.0,8,Lengkap,0,Medium Risk,Terverifikasi Dual Control (Maker-Checker),14.82,Tidak,1,1,-
BANK-TRX-1100,Treasury,Cabang Bali,Host-to-Host Core Banking,1350.49,0.0,16,Lengkap,0,Low Risk,Terverifikasi Dual Control (Maker-Checker),20.34,Tidak,2,1,-
BANK-TRX-1101,IT Control,Cabang Bali,Host-to-Host Core Banking,0.0,0.0,10,Lengkap,0,High Risk,Terverifikasi Dual Control (Maker-Checker),8.92,Tidak,1,1,-
BANK-TRX-1102,IT Control,Cabang Surabaya,Mobile / Internet Banking,0.0,0.0,18,Lengkap,0,Low Risk,Terverifikasi Dual Control (Maker-Checker),18.68,Tidak,1,1,-
BANK-TRX-1103,KYC,Cabang Jakarta,Cabang / Teller,0.0,0.0,10,Lengkap,0,High Risk,Terverifikasi Dual Control (Maker-Checker),5.96,Tidak,2,1,-
BANK-TRX-1104,Payment,Kantor Pusat,Mobile / Internet Banking,3621.88,0.0,1,Lengkap,0,High Risk,Override / Tanpa Otorisasi,205.36,Ya (Anomali),5,5,Transfer pembayaran jumlah masif (Rp 3621.88 Juta) pada dini hari (Jam 01:00) tanpa maker-checker
BANK-TRX-1105,Lending,Cabang Bali,Cabang / Teller,1197.15,12.43,15,Lengkap,0,High Risk,Terverifikasi Dual Control (Maker-Checker),3.35,Tidak,1,2,-
BANK-TRX-1106,Funding,Cabang Jakarta,ATM / CRM,1229.44,3.62,9,Lengkap,0,Low Risk,Terverifikasi Dual Control (Maker-Checker),1.87,Tidak,2,2,-
BANK-TRX-1107,IT Control,Cabang Medan,Mobile / Internet Banking,0.0,0.0,12,Lengkap,0,Low Risk,Otorisasi Mandiri Sesuai Limit,21.16,Tidak,1,2,-
BANK-TRX-1108,Funding,Cabang Bandung,Mobile / Internet Banking,313.14,2.07,19,Lengkap,0,Low Risk,Otorisasi Mandiri Sesuai Limit,23.61,Tidak,2,1,-
BANK-TRX-1109,IT Control,Cabang Jakarta,Host-to-Host Core Banking,0.0,0.0,15,Lengkap,0,Medium Risk,Terverifikasi Dual Control (Maker-Checker),10.07,Tidak,1,1,-
BANK-TRX-1110,Lending,Kantor Pusat,Cabang / Teller,490.39,13.89,15,Lengkap,0,High Risk,Terverifikasi Dual Control (Maker-Checker),1.43,Tidak,1,1,-
BANK-TRX-1111,Lending,Cabang Medan,Cabang / Teller,66059.57,4.42,12,Lengkap,0,High Risk,Override / Tanpa Otorisasi,322.88,Ya (Anomali),4,5,Pencairan kredit bernilai Rp 66059.57 Juta dengan bunga murah ekstrem (4.42%) pihak terafiliasi melanggar BMPK
BANK-TRX-1112,Lending,Cabang Surabaya,Cabang / Teller,2121.53,11.1,16,Lengkap,0,Medium Risk,Terverifikasi Dual Control (Maker-Checker),11.09,Tidak,1,1,-
BANK-TRX-1113,Treasury,Cabang Bandung,Host-to-Host Core Banking,2896.75,0.0,16,Lengkap,0,Low Risk,Terverifikasi Dual Control (Maker-Checker),22.58,Tidak,2,2,-
BANK-TRX-1114,Lending,Cabang Surabaya,Cabang / Teller,21034.77,8.72,11,Tidak Lengkap,0,PEP / High Risk Watchlist,Override / Tanpa Otorisasi,174.37,Ya (Anomali),4,4,Pencairan fasilitas kredit mendahului pemenuhan dokumen syarat efektif dan bukti pengikatan agunan
BANK-TRX-1115,Treasury,Cabang Jakarta,Dealing Room / SWIFT,63854.49,0.0,10,Lengkap,0,High Risk,Override / Tanpa Otorisasi,216.02,Ya (Anomali),4,4,Transaksi valas dengan deviasi kurs melenceng (Off-Market Rate) melampaui limit dealer tanpa verifikasi Middle Office
BANK-TRX-1116,IT Control,Cabang Medan,Mobile / Internet Banking,0.0,0.0,12,Lengkap,0,Low Risk,Terverifikasi Dual Control (Maker-Checker),20.27,Tidak,2,1,-
BANK-TRX-1117,Payment,Cabang Bandung,Cabang / Teller,33.03,0.0,10,Lengkap,0,Low Risk,Terverifikasi Dual Control (Maker-Checker),9.86,Tidak,2,1,-
BANK-TRX-1118,Treasury,Cabang Bandung,Dealing Room / SWIFT,856.17,0.0,16,Lengkap,0,Low Risk,Terverifikasi Dual Control (Maker-Checker),12.24,Tidak,1,1,-
BANK-TRX-1119,Funding,Cabang Surabaya,ATM / CRM,274.53,3.49,19,Lengkap,0,Medium Risk,Terverifikasi Dual Control (Maker-Checker),12.85,Tidak,2,1,-
BANK-TRX-1120,Funding,Kantor Pusat,Cabang / Teller,142.24,2.16,17,Lengkap,0,Low Risk,Terverifikasi Dual Control (Maker-Checker),5.7,Tidak,1,2,-
BANK-TRX-1121,IT Control,Cabang Bandung,Mobile / Internet Banking,0.0,0.0,18,Lengkap,0,Low Risk,Terverifikasi Dual Control (Maker-Checker),23.17,Tidak,1,1,-
BANK-TRX-1122,Treasury,Cabang Medan,Host-to-Host Core Banking,3815.03,0.0,16,Lengkap,0,Low Risk,Terverifikasi Dual Control (Maker-Checker),18.46,Tidak,1,1,-
BANK-TRX-1123,Lending,Cabang Surabaya,Cabang / Teller,18954.62,10.94,16,Tidak Lengkap,0,High Risk,Override / Tanpa Otorisasi,213.31,Ya (Anomali),5,5,Pencairan fasilitas kredit mendahului pemenuhan dokumen syarat efektif dan bukti pengikatan agunan
BANK-TRX-1124,Funding,Cabang Bali,Cabang / Teller,4070.95,7.75,13,Lengkap,0,High Risk,Override / Tanpa Otorisasi,294.85,Ya (Anomali),5,5,Bunga simpanan deposito (7.75%) melampaui batas penjaminan LPS tanpa persetujuan komite ALCO
BANK-TRX-1125,Payment,Kantor Pusat,Cabang / Teller,36.0,0.0,13,Lengkap,0,Low Risk,Terverifikasi Dual Control (Maker-Checker),11.75,Tidak,1,1,-
BANK-TRX-1126,Lending,Cabang Surabaya,Cabang / Teller,1868.16,9.04,15,Lengkap,0,Low Risk,Terverifikasi Dual Control (Maker-Checker),17.22,Tidak,2,1,-
BANK-TRX-1127,Payment,Cabang Bandung,Mobile / Internet Banking,4202.33,0.0,3,Lengkap,0,PEP / High Risk Watchlist,Override / Tanpa Otorisasi,343.44,Ya (Anomali),5,4,Transfer pembayaran jumlah masif (Rp 4202.33 Juta) pada dini hari (Jam 03:00) tanpa maker-checker
BANK-TRX-1128,IT Control,Cabang Bali,Host-to-Host Core Banking,0.0,0.0,6,Lengkap,0,Low Risk,Otorisasi Mandiri Sesuai Limit,18.51,Tidak,1,1,-
BANK-TRX-1129,KYC,Cabang Jakarta,Mobile / Internet Banking,0.0,0.0,8,Lengkap,0,Low Risk,Terverifikasi Dual Control (Maker-Checker),15.13,Tidak,1,1,-
BANK-TRX-1130,Lending,Cabang Medan,Cabang / Teller,1728.89,12.16,16,Lengkap,0,Low Risk,Otorisasi Mandiri Sesuai Limit,1.3,Tidak,1,1,-
BANK-TRX-1131,Payment,Cabang Bandung,Mobile / Internet Banking,27.92,0.0,10,Lengkap,0,Low Risk,Terverifikasi Dual Control (Maker-Checker),19.13,Tidak,1,1,-
BANK-TRX-1132,Lending,Kantor Pusat,Cabang / Teller,768.75,9.92,9,Lengkap,0,Low Risk,Otorisasi Mandiri Sesuai Limit,17.68,Tidak,1,1,-
BANK-TRX-1133,IT Control,Cabang Bali,Host-to-Host Core Banking,0.0,0.0,18,Lengkap,0,High Risk,Terverifikasi Dual Control (Maker-Checker),17.04,Tidak,1,1,-
BANK-TRX-1134,Treasury,Cabang Surabaya,Host-to-Host Core Banking,5149.88,0.0,14,Lengkap,0,Low Risk,Terverifikasi Dual Control (Maker-Checker),1.08,Tidak,2,1,-
BANK-TRX-1135,KYC,Cabang Jakarta,Mobile / Internet Banking,0.0,0.0,8,Lengkap,0,Low Risk,Otorisasi Mandiri Sesuai Limit,19.75,Tidak,1,2,-
BANK-TRX-1136,Lending,Cabang Bandung,Cabang / Teller,304.8,10.72,11,Lengkap,0,Low Risk,Terverifikasi Dual Control (Maker-Checker),9.6,Tidak,1,1,-
BANK-TRX-1137,KYC,Cabang Surabaya,Cabang / Teller,0.0,0.0,10,Tidak Lengkap,0,High Risk,Override / Tanpa Otorisasi,170.53,Ya (Anomali),5,4,Persetujuan pembukaan rekening nasabah padahal dokumen identitas dan persyaratan APU-PPT Tidak Lengkap
BANK-TRX-1138,Lending,Cabang Medan,Cabang / Teller,4000.02,11.17,10,Lengkap,0,Low Risk,Terverifikasi Dual Control (Maker-Checker),6.03,Tidak,2,2,-
BANK-TRX-1139,Funding,Cabang Surabaya,Mobile / Internet Banking,93.91,3.43,8,Lengkap,0,Low Risk,Otorisasi Mandiri Sesuai Limit,3.49,Tidak,1,1,-
BANK-TRX-1140,Payment,Cabang Surabaya,Mobile / Internet Banking,8.14,0.0,11,Lengkap,0,Low Risk,Terverifikasi Dual Control (Maker-Checker),8.91,Tidak,1,2,-
BANK-TRX-1141,Treasury,Cabang Medan,Dealing Room / SWIFT,8249.68,0.0,9,Lengkap,0,High Risk,Terverifikasi Dual Control (Maker-Checker),20.11,Tidak,1,1,-
BANK-TRX-1142,Payment,Kantor Pusat,Cabang / Teller,1.3,0.0,13,Lengkap,0,Low Risk,Otorisasi Mandiri Sesuai Limit,16.61,Tidak,1,1,-
BANK-TRX-1143,IT Control,Kantor Pusat,Host-to-Host Core Banking,0.0,0.0,10,Lengkap,0,Low Risk,Terverifikasi Dual Control (Maker-Checker),8.51,Tidak,1,1,-
BANK-TRX-1144,Treasury,Cabang Bandung,Dealing Room / SWIFT,1311.17,0.0,13,Lengkap,0,Medium Risk,Terverifikasi Dual Control (Maker-Checker),7.7,Tidak,1,1,-
BANK-TRX-1145,IT Control,Cabang Bandung,Host-to-Host Core Banking,0.0,0.0,13,Lengkap,0,Low Risk,Terverifikasi Dual Control (Maker-Checker),6.01,Tidak,1,2,-
BANK-TRX-1146,IT Control,Cabang Bali,Host-to-Host Core Banking,0.0,0.0,21,Lengkap,1,Low Risk,Otorisasi Mandiri Sesuai Limit,2.77,Tidak,1,2,-
BANK-TRX-1147,IT Control,Cabang Medan,Mobile / Internet Banking,0.0,0.0,19,Lengkap,0,Low Risk,Terverifikasi Dual Control (Maker-Checker),16.67,Tidak,1,1,-
BANK-TRX-1148,Lending,Cabang Jakarta,Cabang / Teller,2719.17,8.69,8,Lengkap,0,Low Risk,Terverifikasi Dual Control (Maker-Checker),5.67,Tidak,2,1,-
BANK-TRX-1149,Funding,Cabang Bandung,Cabang / Teller,1236.93,3.54,9,Lengkap,0,Medium Risk,Terverifikasi Dual Control (Maker-Checker),10.28,Tidak,1,1,-
BANK-TRX-1150,Payment,Cabang Surabaya,Mobile / Internet Banking,3565.41,0.0,0,Lengkap,0,PEP / High Risk Watchlist,Override / Tanpa Otorisasi,104.39,Ya (Anomali),5,4,Transfer pembayaran jumlah masif (Rp 3565.41 Juta) pada dini hari (Jam 00:00) tanpa maker-checker
BANK-TRX-1151,Treasury,Cabang Jakarta,Dealing Room / SWIFT,14386.97,0.0,16,Lengkap,0,Low Risk,Otorisasi Mandiri Sesuai Limit,1.01,Tidak,1,1,-
BANK-TRX-1152,IT Control,Cabang Jakarta,Host-to-Host Core Banking,0.0,0.0,1,Lengkap,11,High Risk,Override / Tanpa Otorisasi,308.79,Ya (Anomali),4,4,Percobaan login gagal berulang kali (11 kali) pada jam tidak wajar mengindikasikan serangan Brute Force
BANK-TRX-1153,Funding,Cabang Bali,Mobile / Internet Banking,87.17,3.84,7,Lengkap,0,Medium Risk,Otorisasi Mandiri Sesuai Limit,11.27,Tidak,1,2,-
BANK-TRX-1154,KYC,Kantor Pusat,Cabang / Teller,0.0,0.0,13,Lengkap,0,Low Risk,Terverifikasi Dual Control (Maker-Checker),12.06,Tidak,1,1,-
BANK-TRX-1155,Treasury,Cabang Jakarta,Dealing Room / SWIFT,1124.93,0.0,13,Lengkap,0,Low Risk,Otorisasi Mandiri Sesuai Limit,8.64,Tidak,1,1,-
BANK-TRX-1156,Payment,Cabang Jakarta,Host-to-Host Core Banking,3488.04,0.0,13,Lengkap,0,High Risk,Override / Tanpa Otorisasi,297.08,Ya (Anomali),5,5,Lonjakan frekuensi transaksi transfer berkecepatan tinggi (Velocity Burst / Indikasi Smurfing Dana)
BANK-TRX-1157,Lending,Cabang Bali,Cabang / Teller,411.2,9.21,15,Lengkap,0,Low Risk,Terverifikasi Dual Control (Maker-Checker),9.93,Tidak,1,1,-
BANK-TRX-1158,Funding,Cabang Medan,Mobile / Internet Banking,286.28,3.77,18,Lengkap,0,Low Risk,Terverifikasi Dual Control (Maker-Checker),11.41,Tidak,1,1,-
BANK-TRX-1159,Lending,Cabang Surabaya,Cabang / Teller,1486.38,11.78,15,Lengkap,0,Medium Risk,Otorisasi Mandiri Sesuai Limit,15.08,Tidak,1,1,-
BANK-TRX-1160,Payment,Cabang Surabaya,Mobile / Internet Banking,26.55,0.0,13,Lengkap,0,Low Risk,Otorisasi Mandiri Sesuai Limit,13.38,Tidak,1,1,-
BANK-TRX-1161,Lending,Cabang Medan,Cabang / Teller,8310.2,10.62,8,Tidak Lengkap,0,High Risk,Override / Tanpa Otorisasi,262.25,Ya (Anomali),4,4,Pencairan fasilitas kredit mendahului pemenuhan dokumen syarat efektif dan bukti pengikatan agunan
BANK-TRX-1162,Funding,Cabang Surabaya,Mobile / Internet Banking,290.22,1.76,7,Lengkap,0,Medium Risk,Otorisasi Mandiri Sesuai Limit,19.95,Tidak,1,2,-
BANK-TRX-1163,KYC,Cabang Medan,Cabang / Teller,0.0,0.0,12,Lengkap,0,Low Risk,Terverifikasi Dual Control (Maker-Checker),9.48,Tidak,2,1,-
BANK-TRX-1164,Funding,Cabang Bandung,Cabang / Teller,57.16,4.06,20,Lengkap,0,Medium Risk,Terverifikasi Dual Control (Maker-Checker),12.94,Tidak,2,1,-
BANK-TRX-1165,Payment,Cabang Surabaya,Cabang / Teller,45.31,0.0,12,Lengkap,0,Medium Risk,Otorisasi Mandiri Sesuai Limit,21.81,Tidak,1,1,-
BANK-TRX-1166,IT Control,Kantor Pusat,Host-to-Host Core Banking,0.0,0.0,15,Lengkap,1,Medium Risk,Terverifikasi Dual Control (Maker-Checker),18.47,Tidak,2,1,-
BANK-TRX-1167,KYC,Cabang Surabaya,Mobile / Internet Banking,0.0,0.0,14,Lengkap,0,Medium Risk,Terverifikasi Dual Control (Maker-Checker),8.18,Tidak,1,1,-
BANK-TRX-1168,Treasury,Cabang Medan,Host-to-Host Core Banking,4563.22,0.0,11,Lengkap,0,Low Risk,Otorisasi Mandiri Sesuai Limit,21.94,Tidak,2,1,-
BANK-TRX-1169,IT Control,Cabang Medan,Host-to-Host Core Banking,0.0,0.0,11,Lengkap,0,Low Risk,Otorisasi Mandiri Sesuai Limit,23.69,Tidak,1,1,-
BANK-TRX-1170,Payment,Cabang Bali,Cabang / Teller,5.89,0.0,16,Lengkap,0,Low Risk,Terverifikasi Dual Control (Maker-Checker),2.62,Tidak,1,2,-
BANK-TRX-1171,KYC,Kantor Pusat,Mobile / Internet Banking,0.0,0.0,16,Lengkap,0,Low Risk,Terverifikasi Dual Control (Maker-Checker),0.34,Tidak,2,1,-
BANK-TRX-1172,Funding,Cabang Bandung,Cabang / Teller,8460.53,11.47,13,Lengkap,0,High Risk,Override / Tanpa Otorisasi,335.02,Ya (Anomali),5,4,Bunga simpanan deposito (11.47%) melampaui batas penjaminan LPS tanpa persetujuan komite ALCO
BANK-TRX-1173,KYC,Cabang Surabaya,Cabang / Teller,0.0,0.0,9,Tidak Lengkap,0,PEP / High Risk Watchlist,Override / Tanpa Otorisasi,175.48,Ya (Anomali),5,5,Persetujuan pembukaan rekening nasabah padahal dokumen identitas dan persyaratan APU-PPT Tidak Lengkap
BANK-TRX-1174,Payment,Cabang Surabaya,Cabang / Teller,196.27,0.0,11,Lengkap,0,Low Risk,Otorisasi Mandiri Sesuai Limit,12.5,Tidak,1,1,-
BANK-TRX-1175,Treasury,Cabang Surabaya,Dealing Room / SWIFT,1324.59,0.0,9,Lengkap,0,Low Risk,Terverifikasi Dual Control (Maker-Checker),16.1,Tidak,1,1,-
BANK-TRX-1176,IT Control,Cabang Surabaya,Host-to-Host Core Banking,0.0,0.0,9,Lengkap,0,Low Risk,Terverifikasi Dual Control (Maker-Checker),15.11,Tidak,2,1,-
BANK-TRX-1177,Treasury,Cabang Medan,Host-to-Host Core Banking,5552.39,0.0,14,Lengkap,0,Medium Risk,Terverifikasi Dual Control (Maker-Checker),11.16,Tidak,1,1,-
BANK-TRX-1178,KYC,Cabang Surabaya,Mobile / Internet Banking,0.0,0.0,9,Lengkap,0,Low Risk,Terverifikasi Dual Control (Maker-Checker),14.64,Tidak,1,1,-
BANK-TRX-1179,Payment,Cabang Jakarta,Cabang / Teller,17.94,0.0,21,Lengkap,0,Medium Risk,Terverifikasi Dual Control (Maker-Checker),14.46,Tidak,2,1,-
BANK-TRX-1180,Lending,Cabang Bandung,Cabang / Teller,2637.93,8.0,9,Lengkap,0,Low Risk,Otorisasi Mandiri Sesuai Limit,1.48,Tidak,2,1,-
BANK-TRX-1181,Funding,Cabang Jakarta,Mobile / Internet Banking,1970.45,4.16,11,Lengkap,0,Low Risk,Otorisasi Mandiri Sesuai Limit,20.43,Tidak,1,1,-
BANK-TRX-1182,Treasury,Cabang Bali,Dealing Room / SWIFT,2338.85,0.0,9,Lengkap,0,Medium Risk,Terverifikasi Dual Control (Maker-Checker),24.76,Tidak,1,1,-
BANK-TRX-1183,Lending,Cabang Bandung,Cabang / Teller,721.54,8.04,8,Lengkap,0,Low Risk,Otorisasi Mandiri Sesuai Limit,23.67,Tidak,1,1,-
BANK-TRX-1184,KYC,Cabang Bali,Cabang / Teller,0.0,0.0,10,Lengkap,0,Low Risk,Terverifikasi Dual Control (Maker-Checker),20.25,Tidak,1,1,-
BANK-TRX-1185,Lending,Cabang Bandung,Cabang / Teller,19746.59,10.54,11,Tidak Lengkap,0,PEP / High Risk Watchlist,Override / Tanpa Otorisasi,114.8,Ya (Anomali),4,4,Pencairan fasilitas kredit mendahului pemenuhan dokumen syarat efektif dan bukti pengikatan agunan
BANK-TRX-1186,KYC,Cabang Bandung,Mobile / Internet Banking,0.0,0.0,14,Lengkap,0,Low Risk,Terverifikasi Dual Control (Maker-Checker),8.64,Tidak,2,1,-
BANK-TRX-1187,Lending,Cabang Medan,Cabang / Teller,1484.24,10.83,8,Lengkap,0,Low Risk,Otorisasi Mandiri Sesuai Limit,3.93,Tidak,1,2,-
BANK-TRX-1188,Payment,Kantor Pusat,Cabang / Teller,25.62,0.0,17,Lengkap,0,Low Risk,Terverifikasi Dual Control (Maker-Checker),22.15,Tidak,2,2,-
BANK-TRX-1189,Funding,Cabang Bali,Mobile / Internet Banking,63.29,2.59,20,Lengkap,0,Low Risk,Otorisasi Mandiri Sesuai Limit,24.03,Tidak,1,2,-
BANK-TRX-1190,KYC,Kantor Pusat,Mobile / Internet Banking,0.0,0.0,16,Lengkap,0,Low Risk,Otorisasi Mandiri Sesuai Limit,3.31,Tidak,2,1,-
BANK-TRX-1191,IT Control,Cabang Jakarta,Host-to-Host Core Banking,0.0,0.0,16,Lengkap,0,Low Risk,Otorisasi Mandiri Sesuai Limit,15.23,Tidak,2,1,-
BANK-TRX-1192,Funding,Cabang Medan,Cabang / Teller,248.18,2.77,19,Lengkap,0,Low Risk,Otorisasi Mandiri Sesuai Limit,3.19,Tidak,1,2,-
BANK-TRX-1193,Lending,Cabang Jakarta,Cabang / Teller,461.6,14.22,13,Lengkap,0,Medium Risk,Otorisasi Mandiri Sesuai Limit,0.69,Tidak,2,2,-
BANK-TRX-1194,Treasury,Cabang Bandung,Dealing Room / SWIFT,1029.17,0.0,11,Lengkap,0,Low Risk,Otorisasi Mandiri Sesuai Limit,20.14,Tidak,1,1,-
BANK-TRX-1195,Funding,Kantor Pusat,Cabang / Teller,47.78,2.79,14,Lengkap,0,Low Risk,Terverifikasi Dual Control (Maker-Checker),3.11,Tidak,2,2,-
BANK-TRX-1196,IT Control,Cabang Bali,Host-to-Host Core Banking,0.0,0.0,15,Lengkap,0,Low Risk,Terverifikasi Dual Control (Maker-Checker),16.17,Tidak,2,1,-
BANK-TRX-1197,IT Control,Cabang Medan,Mobile / Internet Banking,0.0,0.0,21,Lengkap,0,Low Risk,Terverifikasi Dual Control (Maker-Checker),7.05,Tidak,1,2,-
BANK-TRX-1198,IT Control,Cabang Bali,Mobile / Internet Banking,0.0,0.0,16,Lengkap,0,Medium Risk,Terverifikasi Dual Control (Maker-Checker),16.49,Tidak,2,1,-
BANK-TRX-1199,KYC,Cabang Jakarta,Mobile / Internet Banking,0.0,0.0,15,Lengkap,0,Low Risk,Otorisasi Mandiri Sesuai Limit,22.77,Tidak,2,1,-
BANK-TRX-1200,IT Control,Cabang Bandung,Mobile / Internet Banking,0.0,0.0,17,Lengkap,0,Low Risk,Otorisasi Mandiri Sesuai Limit,19.34,Tidak,1,1,-
