ID Klaim,Entitas,Kategori Pengeluaran,Deskripsi Pengeluaran,claim_amount (Juta Rp),"is_sequential_invoice (1=Ya, 0=Tidak)","is_exact_round_amount (1=Ya, 0=Tidak)",duplicate_claim_count,days_since_last_claim,"is_over_limit_threshold (1=Ya, 0=Tidak)",TARGET: is_anomaly,TARGET: Impact (1-5),TARGET: Likelihood (1-5)
CLM-0001,Medan Branch,Sewa Kendaraan Operasional,Klaim Pengeluaran Operasional #1,7.54,0,0,0,18,0,Tidak,1,1
CLM-0002,Surabaya Branch,Sewa Kendaraan Operasional,Klaim Pengeluaran Operasional #2,45.65,0,0,0,43,1,Ya (Anomali),5,3
CLM-0003,IT Dept,Travel & Entertainment,Klaim Pengeluaran Operasional #3,20.25,0,0,0,33,0,Tidak,3,1
CLM-0004,Operations Dept,Travel & Entertainment,Klaim Pengeluaran Operasional #4,14.19,0,0,0,34,0,Tidak,2,1
CLM-0005,Surabaya Branch,Sewa Kendaraan Operasional,Klaim Pengeluaran Operasional #5,3.04,0,0,0,0,0,Tidak,1,1
CLM-0006,Finance Dept,Kertas & Alat Tulis,Klaim Pengeluaran Operasional #6,3.04,0,0,0,20,0,Tidak,2,1
CLM-0007,Bandung Branch,Travel & Entertainment,Klaim Pengeluaran Operasional #7,1.4,0,0,1,28,0,Ya (Anomali),1,2
CLM-0008,Jakarta Branch,Vendor Pihak Ketiga,Klaim Pengeluaran Operasional #8,30.67,0,0,0,5,1,Tidak,4,2
CLM-0009,Bandung Branch,Vendor Pihak Ketiga,Klaim Pengeluaran Operasional #9,14.29,0,1,1,36,0,Tidak,3,2
CLM-0010,Bandung Branch,Kertas & Alat Tulis,Klaim Pengeluaran Operasional #10,18.97,1,0,1,0,0,Ya (Anomali),3,4
CLM-0011,Jakarta Branch,Konsumsi Rapat,Klaim Pengeluaran Operasional #11,0.81,0,0,0,0,0,Tidak,1,2
CLM-0012,IT Dept,Kertas & Alat Tulis,Klaim Pengeluaran Operasional #12,53.05,0,0,0,26,1,Tidak,5,2
CLM-0013,Surabaya Branch,Sewa Kendaraan Operasional,Klaim Pengeluaran Operasional #13,27.3,0,0,0,20,1,Tidak,5,2
CLM-0014,Surabaya Branch,Konsumsi Rapat,Klaim Pengeluaran Operasional #14,4.08,0,0,1,15,0,Tidak,2,2
CLM-0015,IT Dept,Sewa Kendaraan Operasional,Klaim Pengeluaran Operasional #15,3.51,0,0,0,43,0,Tidak,2,1
CLM-0016,Jakarta Branch,Vendor Pihak Ketiga,Klaim Pengeluaran Operasional #16,3.54,0,1,0,39,0,Tidak,1,1
CLM-0017,Medan Branch,Travel & Entertainment,Klaim Pengeluaran Operasional #17,5.94,0,0,0,25,0,Tidak,1,1
CLM-0018,Bandung Branch,Sewa Kendaraan Operasional,Klaim Pengeluaran Operasional #18,11.66,0,0,1,15,0,Tidak,2,3
CLM-0019,Finance Dept,Vendor Pihak Ketiga,Klaim Pengeluaran Operasional #19,8.98,0,0,1,27,0,Tidak,2,2
CLM-0020,Surabaya Branch,Kertas & Alat Tulis,Klaim Pengeluaran Operasional #20,5.66,0,0,0,0,0,Tidak,1,1
CLM-0021,IT Dept,Sewa Kendaraan Operasional,Klaim Pengeluaran Operasional #21,14.7,1,0,0,35,0,Ya (Anomali),3,2
CLM-0022,Finance Dept,Vendor Pihak Ketiga,Klaim Pengeluaran Operasional #22,2.75,0,0,0,9,0,Tidak,1,1
CLM-0023,Operations Dept,Travel & Entertainment,Klaim Pengeluaran Operasional #23,5.68,0,1,0,42,0,Tidak,1,1
CLM-0024,Jakarta Branch,Sewa Kendaraan Operasional,Klaim Pengeluaran Operasional #24,7.34,1,0,1,16,0,Ya (Anomali),2,4
CLM-0025,Finance Dept,Vendor Pihak Ketiga,Klaim Pengeluaran Operasional #25,9.63,0,0,0,22,0,Tidak,3,1
CLM-0026,Finance Dept,Sewa Kendaraan Operasional,Klaim Pengeluaran Operasional #26,23.57,0,1,0,6,0,Tidak,3,1
CLM-0027,Bandung Branch,Travel & Entertainment,Klaim Pengeluaran Operasional #27,3.84,0,0,0,43,0,Tidak,2,1
CLM-0028,Jakarta Branch,Sewa Kendaraan Operasional,Klaim Pengeluaran Operasional #28,11.33,0,1,1,6,0,Tidak,3,3
CLM-0029,Finance Dept,Sewa Kendaraan Operasional,Klaim Pengeluaran Operasional #29,13.96,1,0,1,43,0,Ya (Anomali),2,3
CLM-0030,Surabaya Branch,Vendor Pihak Ketiga,Klaim Pengeluaran Operasional #30,1.21,0,1,0,14,0,Tidak,1,1
CLM-0031,Jakarta Branch,Konsumsi Rapat,Klaim Pengeluaran Operasional #31,14.53,1,0,1,33,0,Ya (Anomali),2,3
CLM-0032,Surabaya Branch,Sewa Kendaraan Operasional,Klaim Pengeluaran Operasional #32,3.3,0,1,0,44,0,Tidak,1,1
CLM-0033,IT Dept,Konsumsi Rapat,Klaim Pengeluaran Operasional #33,1.51,0,1,0,3,0,Tidak,1,1
CLM-0034,IT Dept,Kertas & Alat Tulis,Klaim Pengeluaran Operasional #34,45.11,0,0,0,13,0,Tidak,5,1
CLM-0035,Operations Dept,Sewa Kendaraan Operasional,Klaim Pengeluaran Operasional #35,51.06,0,1,0,13,1,Tidak,5,2
CLM-0036,Medan Branch,Konsumsi Rapat,Klaim Pengeluaran Operasional #36,25.28,0,0,0,15,1,Tidak,5,3
CLM-0037,IT Dept,Kertas & Alat Tulis,Klaim Pengeluaran Operasional #37,5.95,0,0,1,6,0,Ya (Anomali),2,3
CLM-0038,Finance Dept,Vendor Pihak Ketiga,Klaim Pengeluaran Operasional #38,2.04,0,0,0,31,0,Tidak,2,1
CLM-0039,Jakarta Branch,Sewa Kendaraan Operasional,Klaim Pengeluaran Operasional #39,17.79,1,0,0,18,0,Tidak,3,2
CLM-0040,IT Dept,Vendor Pihak Ketiga,Klaim Pengeluaran Operasional #40,9.2,0,0,0,1,0,Tidak,2,1
CLM-0041,Surabaya Branch,Kertas & Alat Tulis,Klaim Pengeluaran Operasional #41,2.45,0,0,0,9,0,Tidak,2,1
CLM-0042,Finance Dept,Vendor Pihak Ketiga,Klaim Pengeluaran Operasional #42,10.75,0,0,1,16,0,Tidak,2,2
CLM-0043,IT Dept,Vendor Pihak Ketiga,Klaim Pengeluaran Operasional #43,1.02,0,1,0,36,0,Tidak,1,1
CLM-0044,Bandung Branch,Travel & Entertainment,Klaim Pengeluaran Operasional #44,36.51,0,1,0,11,0,Tidak,5,1
CLM-0045,Surabaya Branch,Kertas & Alat Tulis,Klaim Pengeluaran Operasional #45,4.99,0,0,1,5,0,Tidak,2,3
CLM-0046,Operations Dept,Vendor Pihak Ketiga,Klaim Pengeluaran Operasional #46,16.79,0,0,0,21,0,Tidak,3,1
CLM-0047,Operations Dept,Konsumsi Rapat,Klaim Pengeluaran Operasional #47,6.1,0,0,0,31,0,Tidak,2,1
CLM-0048,Operations Dept,Kertas & Alat Tulis,Klaim Pengeluaran Operasional #48,11.51,0,0,0,40,0,Tidak,2,1
CLM-0049,Surabaya Branch,Travel & Entertainment,Klaim Pengeluaran Operasional #49,12.37,1,0,0,19,0,Ya (Anomali),2,2
CLM-0050,Operations Dept,Sewa Kendaraan Operasional,Klaim Pengeluaran Operasional #50,3.57,0,0,3,0,0,Tidak,1,5
CLM-0051,Medan Branch,Vendor Pihak Ketiga,Klaim Pengeluaran Operasional #51,52.89,0,0,1,5,1,Ya (Anomali),5,4
CLM-0052,Bandung Branch,Konsumsi Rapat,Klaim Pengeluaran Operasional #52,22.88,0,1,0,18,0,Tidak,3,1
CLM-0053,Medan Branch,Travel & Entertainment,Klaim Pengeluaran Operasional #53,42.58,0,0,1,17,1,Ya (Anomali),5,4
CLM-0054,IT Dept,Kertas & Alat Tulis,Klaim Pengeluaran Operasional #54,34.28,0,0,0,5,0,Tidak,5,1
CLM-0055,Bandung Branch,Vendor Pihak Ketiga,Klaim Pengeluaran Operasional #55,14.17,0,0,0,44,0,Tidak,2,1
CLM-0056,Surabaya Branch,Travel & Entertainment,Klaim Pengeluaran Operasional #56,38.74,0,0,0,32,1,Tidak,5,3
CLM-0057,Medan Branch,Travel & Entertainment,Klaim Pengeluaran Operasional #57,1.89,0,0,0,22,0,Tidak,1,1
CLM-0058,Finance Dept,Konsumsi Rapat,Klaim Pengeluaran Operasional #58,3.77,0,0,0,22,0,Tidak,1,1
CLM-0059,Bandung Branch,Sewa Kendaraan Operasional,Klaim Pengeluaran Operasional #59,1.19,0,0,0,25,0,Tidak,1,1
CLM-0060,Surabaya Branch,Sewa Kendaraan Operasional,Klaim Pengeluaran Operasional #60,6.4,0,0,1,12,0,Tidak,2,2
CLM-0061,Jakarta Branch,Sewa Kendaraan Operasional,Klaim Pengeluaran Operasional #61,7.88,0,1,0,6,0,Tidak,1,1
CLM-0062,Bandung Branch,Kertas & Alat Tulis,Klaim Pengeluaran Operasional #62,5.25,0,1,0,14,0,Tidak,1,1
CLM-0063,Bandung Branch,Travel & Entertainment,Klaim Pengeluaran Operasional #63,26.97,0,0,0,43,1,Tidak,5,2
CLM-0064,IT Dept,Kertas & Alat Tulis,Klaim Pengeluaran Operasional #64,7.12,0,0,0,26,0,Tidak,1,1
CLM-0065,Finance Dept,Travel & Entertainment,Klaim Pengeluaran Operasional #65,5.45,0,0,0,25,0,Tidak,1,1
CLM-0066,IT Dept,Konsumsi Rapat,Klaim Pengeluaran Operasional #66,12.24,0,0,0,32,0,Tidak,2,1
CLM-0067,Operations Dept,Konsumsi Rapat,Klaim Pengeluaran Operasional #67,2.78,0,0,1,14,0,Ya (Anomali),1,2
CLM-0068,Bandung Branch,Kertas & Alat Tulis,Klaim Pengeluaran Operasional #68,24.81,0,0,0,35,0,Tidak,4,1
CLM-0069,Bandung Branch,Kertas & Alat Tulis,Klaim Pengeluaran Operasional #69,1.66,0,0,0,44,0,Tidak,2,1
CLM-0070,Operations Dept,Konsumsi Rapat,Klaim Pengeluaran Operasional #70,65.51,0,0,0,26,1,Tidak,5,3
CLM-0071,Finance Dept,Vendor Pihak Ketiga,Klaim Pengeluaran Operasional #71,22.69,0,0,0,4,0,Tidak,3,1
CLM-0072,Finance Dept,Sewa Kendaraan Operasional,Klaim Pengeluaran Operasional #72,3.82,0,1,0,1,0,Tidak,1,1
CLM-0073,Medan Branch,Sewa Kendaraan Operasional,Klaim Pengeluaran Operasional #73,0.58,0,1,0,32,0,Tidak,2,1
CLM-0074,Surabaya Branch,Konsumsi Rapat,Klaim Pengeluaran Operasional #74,25.85,0,0,0,15,1,Ya (Anomali),4,3
CLM-0075,Surabaya Branch,Sewa Kendaraan Operasional,Klaim Pengeluaran Operasional #75,18.91,0,0,0,22,0,Tidak,4,1
CLM-0076,Medan Branch,Vendor Pihak Ketiga,Klaim Pengeluaran Operasional #76,20.08,0,1,0,37,0,Tidak,4,1
CLM-0077,Surabaya Branch,Vendor Pihak Ketiga,Klaim Pengeluaran Operasional #77,22.63,0,0,0,15,0,Tidak,4,1
CLM-0078,Bandung Branch,Travel & Entertainment,Klaim Pengeluaran Operasional #78,1.65,1,1,0,13,0,Ya (Anomali),2,2
CLM-0079,Medan Branch,Kertas & Alat Tulis,Klaim Pengeluaran Operasional #79,7.16,0,0,1,28,0,Tidak,1,3
CLM-0080,Medan Branch,Sewa Kendaraan Operasional,Klaim Pengeluaran Operasional #80,2.35,0,1,0,25,0,Tidak,2,1
CLM-0081,Surabaya Branch,Vendor Pihak Ketiga,Klaim Pengeluaran Operasional #81,30.33,0,0,1,34,1,Ya (Anomali),4,4
CLM-0082,Jakarta Branch,Kertas & Alat Tulis,Klaim Pengeluaran Operasional #82,15.14,0,1,0,14,0,Tidak,3,1
CLM-0083,Surabaya Branch,Kertas & Alat Tulis,Klaim Pengeluaran Operasional #83,6.53,0,1,1,2,0,Tidak,1,3
CLM-0084,IT Dept,Travel & Entertainment,Klaim Pengeluaran Operasional #84,1.49,0,0,0,22,0,Tidak,2,1
CLM-0085,Jakarta Branch,Kertas & Alat Tulis,Klaim Pengeluaran Operasional #85,6.09,0,0,0,28,0,Tidak,1,1
CLM-0086,Medan Branch,Kertas & Alat Tulis,Klaim Pengeluaran Operasional #86,6.4,0,1,0,33,0,Tidak,1,1
CLM-0087,Jakarta Branch,Konsumsi Rapat,Klaim Pengeluaran Operasional #87,20.12,0,0,1,32,0,Tidak,4,2
CLM-0088,Bandung Branch,Travel & Entertainment,Klaim Pengeluaran Operasional #88,15.72,0,1,0,40,0,Tidak,2,1
CLM-0089,Finance Dept,Travel & Entertainment,Klaim Pengeluaran Operasional #89,33.23,0,0,0,40,1,Tidak,5,2
CLM-0090,Jakarta Branch,Sewa Kendaraan Operasional,Klaim Pengeluaran Operasional #90,10.09,0,0,0,22,0,Tidak,2,1
CLM-0091,IT Dept,Kertas & Alat Tulis,Klaim Pengeluaran Operasional #91,2.41,0,0,1,6,0,Tidak,2,2
CLM-0092,Finance Dept,Sewa Kendaraan Operasional,Klaim Pengeluaran Operasional #92,19.24,0,0,0,2,0,Tidak,3,1
CLM-0093,Bandung Branch,Vendor Pihak Ketiga,Klaim Pengeluaran Operasional #93,21.96,0,1,1,31,0,Tidak,3,2
CLM-0094,IT Dept,Kertas & Alat Tulis,Klaim Pengeluaran Operasional #94,12.86,0,0,0,30,0,Tidak,2,1
CLM-0095,Operations Dept,Vendor Pihak Ketiga,Klaim Pengeluaran Operasional #95,22.61,0,0,0,17,0,Tidak,3,1
CLM-0096,Finance Dept,Konsumsi Rapat,Klaim Pengeluaran Operasional #96,10.71,0,0,0,42,0,Tidak,3,1
CLM-0097,Operations Dept,Kertas & Alat Tulis,Klaim Pengeluaran Operasional #97,11.6,0,0,1,6,0,Ya (Anomali),3,2
CLM-0098,Bandung Branch,Sewa Kendaraan Operasional,Klaim Pengeluaran Operasional #98,8.87,0,1,0,40,0,Tidak,2,1
CLM-0099,Finance Dept,Sewa Kendaraan Operasional,Klaim Pengeluaran Operasional #99,0.89,0,1,1,0,0,Tidak,1,3
CLM-0100,Finance Dept,Kertas & Alat Tulis,Klaim Pengeluaran Operasional #100,2.21,0,0,0,13,0,Tidak,2,1
CLM-0101,Surabaya Branch,Sewa Kendaraan Operasional,Klaim Pengeluaran Operasional #101,0.98,0,1,0,31,0,Tidak,1,1
CLM-0102,IT Dept,Kertas & Alat Tulis,Klaim Pengeluaran Operasional #102,15.68,1,1,0,5,0,Tidak,2,2
CLM-0103,IT Dept,Travel & Entertainment,Klaim Pengeluaran Operasional #103,6.16,0,0,0,38,0,Tidak,1,1
CLM-0104,Jakarta Branch,Sewa Kendaraan Operasional,Klaim Pengeluaran Operasional #104,11.16,0,1,1,9,0,Tidak,2,2
CLM-0105,Operations Dept,Kertas & Alat Tulis,Klaim Pengeluaran Operasional #105,36.22,0,0,1,6,1,Ya (Anomali),5,4
CLM-0106,Operations Dept,Kertas & Alat Tulis,Klaim Pengeluaran Operasional #106,4.8,0,0,1,25,0,Tidak,1,2
CLM-0107,IT Dept,Sewa Kendaraan Operasional,Klaim Pengeluaran Operasional #107,8.42,0,1,1,33,0,Tidak,2,3
CLM-0108,IT Dept,Travel & Entertainment,Klaim Pengeluaran Operasional #108,21.63,0,0,0,29,0,Tidak,3,1
CLM-0109,Finance Dept,Sewa Kendaraan Operasional,Klaim Pengeluaran Operasional #109,4.4,0,1,0,35,0,Tidak,2,1
CLM-0110,Operations Dept,Kertas & Alat Tulis,Klaim Pengeluaran Operasional #110,1.7,0,1,1,20,0,Tidak,1,2
CLM-0111,Medan Branch,Travel & Entertainment,Klaim Pengeluaran Operasional #111,5.63,0,0,0,16,0,Tidak,2,1
CLM-0112,Surabaya Branch,Vendor Pihak Ketiga,Klaim Pengeluaran Operasional #112,3.14,1,1,0,32,0,Tidak,1,2
CLM-0113,Jakarta Branch,Konsumsi Rapat,Klaim Pengeluaran Operasional #113,40.32,0,0,0,9,0,Tidak,5,1
CLM-0114,Surabaya Branch,Sewa Kendaraan Operasional,Klaim Pengeluaran Operasional #114,25.26,0,0,0,41,1,Tidak,5,2
CLM-0115,Jakarta Branch,Kertas & Alat Tulis,Klaim Pengeluaran Operasional #115,15.55,0,0,2,11,0,Ya (Anomali),3,3
CLM-0116,Bandung Branch,Travel & Entertainment,Klaim Pengeluaran Operasional #116,31.27,0,1,0,15,1,Tidak,5,3
CLM-0117,Finance Dept,Travel & Entertainment,Klaim Pengeluaran Operasional #117,24.92,0,0,0,40,0,Tidak,4,1
CLM-0118,IT Dept,Vendor Pihak Ketiga,Klaim Pengeluaran Operasional #118,3.6,0,0,0,31,0,Tidak,1,1
CLM-0119,IT Dept,Sewa Kendaraan Operasional,Klaim Pengeluaran Operasional #119,33.96,0,0,0,14,1,Tidak,5,2
CLM-0120,Medan Branch,Travel & Entertainment,Klaim Pengeluaran Operasional #120,12.13,0,0,0,26,0,Tidak,2,1
CLM-0121,Operations Dept,Vendor Pihak Ketiga,Klaim Pengeluaran Operasional #121,25.21,0,0,0,27,0,Tidak,4,1
CLM-0122,Operations Dept,Kertas & Alat Tulis,Klaim Pengeluaran Operasional #122,34.46,0,0,1,16,0,Tidak,5,2
CLM-0123,Surabaya Branch,Vendor Pihak Ketiga,Klaim Pengeluaran Operasional #123,6.24,0,0,1,1,0,Tidak,1,3
CLM-0124,Surabaya Branch,Sewa Kendaraan Operasional,Klaim Pengeluaran Operasional #124,2.25,0,0,0,35,0,Tidak,1,1
CLM-0125,Surabaya Branch,Vendor Pihak Ketiga,Klaim Pengeluaran Operasional #125,4.38,1,1,0,6,0,Ya (Anomali),2,2
CLM-0126,Operations Dept,Travel & Entertainment,Klaim Pengeluaran Operasional #126,8.86,0,0,1,12,0,Tidak,2,3
CLM-0127,IT Dept,Travel & Entertainment,Klaim Pengeluaran Operasional #127,26.06,0,0,0,14,1,Tidak,4,2
CLM-0128,Operations Dept,Konsumsi Rapat,Klaim Pengeluaran Operasional #128,30.07,0,1,0,24,1,Tidak,5,3
CLM-0129,Surabaya Branch,Vendor Pihak Ketiga,Klaim Pengeluaran Operasional #129,0.6,0,0,0,22,0,Tidak,1,1
CLM-0130,Finance Dept,Kertas & Alat Tulis,Klaim Pengeluaran Operasional #130,11.22,0,1,0,21,0,Tidak,2,1
CLM-0131,Jakarta Branch,Sewa Kendaraan Operasional,Klaim Pengeluaran Operasional #131,8.6,0,0,0,25,0,Tidak,3,1
CLM-0132,IT Dept,Konsumsi Rapat,Klaim Pengeluaran Operasional #132,4.27,0,1,1,32,0,Tidak,2,2
CLM-0133,Finance Dept,Vendor Pihak Ketiga,Klaim Pengeluaran Operasional #133,2.42,0,0,0,10,0,Tidak,2,1
CLM-0134,Bandung Branch,Kertas & Alat Tulis,Klaim Pengeluaran Operasional #134,6.68,1,0,0,9,0,Tidak,1,2
CLM-0135,Finance Dept,Konsumsi Rapat,Klaim Pengeluaran Operasional #135,43.45,1,0,0,24,1,Ya (Anomali),5,4
CLM-0136,Finance Dept,Travel & Entertainment,Klaim Pengeluaran Operasional #136,6.36,0,1,0,36,0,Tidak,1,1
CLM-0137,Bandung Branch,Sewa Kendaraan Operasional,Klaim Pengeluaran Operasional #137,11.47,0,0,0,42,0,Tidak,2,1
CLM-0138,Finance Dept,Vendor Pihak Ketiga,Klaim Pengeluaran Operasional #138,18.71,0,0,1,37,0,Tidak,3,2
CLM-0139,Jakarta Branch,Kertas & Alat Tulis,Klaim Pengeluaran Operasional #139,7.28,0,1,1,40,0,Tidak,1,3
CLM-0140,IT Dept,Travel & Entertainment,Klaim Pengeluaran Operasional #140,54.02,0,1,0,44,0,Tidak,5,1
CLM-0141,Medan Branch,Konsumsi Rapat,Klaim Pengeluaran Operasional #141,49.73,0,0,1,23,1,Ya (Anomali),5,3
CLM-0142,Operations Dept,Sewa Kendaraan Operasional,Klaim Pengeluaran Operasional #142,4.85,0,1,1,39,0,Ya (Anomali),1,3
CLM-0143,Bandung Branch,Konsumsi Rapat,Klaim Pengeluaran Operasional #143,10.81,0,1,1,32,0,Tidak,2,2
CLM-0144,IT Dept,Konsumsi Rapat,Klaim Pengeluaran Operasional #144,5.87,0,0,0,16,0,Tidak,2,1
CLM-0145,Surabaya Branch,Kertas & Alat Tulis,Klaim Pengeluaran Operasional #145,5.53,0,0,0,23,0,Tidak,1,1
CLM-0146,Jakarta Branch,Travel & Entertainment,Klaim Pengeluaran Operasional #146,1.06,0,0,0,36,0,Tidak,1,1
CLM-0147,Medan Branch,Vendor Pihak Ketiga,Klaim Pengeluaran Operasional #147,14.61,0,0,0,1,0,Tidak,2,1
CLM-0148,Jakarta Branch,Kertas & Alat Tulis,Klaim Pengeluaran Operasional #148,10.98,0,0,0,31,0,Tidak,2,1
CLM-0149,Jakarta Branch,Sewa Kendaraan Operasional,Klaim Pengeluaran Operasional #149,1.29,1,0,0,23,0,Tidak,1,2
CLM-0150,Surabaya Branch,Konsumsi Rapat,Klaim Pengeluaran Operasional #150,5.4,0,0,1,8,0,Tidak,1,2
CLM-0151,Medan Branch,Sewa Kendaraan Operasional,Klaim Pengeluaran Operasional #151,36.33,0,0,1,3,1,Ya (Anomali),5,3
CLM-0152,Operations Dept,Kertas & Alat Tulis,Klaim Pengeluaran Operasional #152,4.61,0,0,1,16,0,Ya (Anomali),2,2
CLM-0153,Jakarta Branch,Kertas & Alat Tulis,Klaim Pengeluaran Operasional #153,2.85,0,1,0,16,0,Tidak,1,1
CLM-0154,Surabaya Branch,Vendor Pihak Ketiga,Klaim Pengeluaran Operasional #154,10.58,0,1,0,29,0,Tidak,2,1
CLM-0155,Bandung Branch,Konsumsi Rapat,Klaim Pengeluaran Operasional #155,64.16,0,0,0,39,0,Tidak,5,1
CLM-0156,Surabaya Branch,Kertas & Alat Tulis,Klaim Pengeluaran Operasional #156,4.66,0,1,0,10,0,Tidak,1,1
CLM-0157,Finance Dept,Sewa Kendaraan Operasional,Klaim Pengeluaran Operasional #157,17.23,1,0,0,20,0,Tidak,3,2
CLM-0158,IT Dept,Vendor Pihak Ketiga,Klaim Pengeluaran Operasional #158,22.01,0,0,0,20,0,Tidak,3,1
CLM-0159,Surabaya Branch,Sewa Kendaraan Operasional,Klaim Pengeluaran Operasional #159,4.57,0,0,0,17,0,Tidak,1,1
CLM-0160,Surabaya Branch,Konsumsi Rapat,Klaim Pengeluaran Operasional #160,20.04,0,0,1,28,0,Tidak,4,2
CLM-0161,Surabaya Branch,Vendor Pihak Ketiga,Klaim Pengeluaran Operasional #161,7.38,1,1,0,23,0,Tidak,2,2
CLM-0162,Operations Dept,Vendor Pihak Ketiga,Klaim Pengeluaran Operasional #162,15.51,0,0,1,9,0,Tidak,2,3
CLM-0163,Jakarta Branch,Vendor Pihak Ketiga,Klaim Pengeluaran Operasional #163,15.56,0,0,0,44,0,Tidak,3,1
CLM-0164,Operations Dept,Travel & Entertainment,Klaim Pengeluaran Operasional #164,12.01,0,0,0,16,0,Tidak,2,1
CLM-0165,Medan Branch,Vendor Pihak Ketiga,Klaim Pengeluaran Operasional #165,1.92,0,0,0,17,0,Tidak,2,1
CLM-0166,Surabaya Branch,Sewa Kendaraan Operasional,Klaim Pengeluaran Operasional #166,27.55,0,0,0,41,1,Tidak,4,3
CLM-0167,Surabaya Branch,Sewa Kendaraan Operasional,Klaim Pengeluaran Operasional #167,6.3,0,0,0,19,0,Tidak,1,1
CLM-0168,Finance Dept,Konsumsi Rapat,Klaim Pengeluaran Operasional #168,3.6,1,0,0,36,0,Tidak,2,2
CLM-0169,Finance Dept,Kertas & Alat Tulis,Klaim Pengeluaran Operasional #169,1.12,0,1,0,44,0,Tidak,2,1
CLM-0170,Bandung Branch,Kertas & Alat Tulis,Klaim Pengeluaran Operasional #170,13.91,0,1,0,17,0,Tidak,3,1
CLM-0171,Bandung Branch,Travel & Entertainment,Klaim Pengeluaran Operasional #171,17.48,1,0,0,16,0,Tidak,3,3
CLM-0172,Finance Dept,Vendor Pihak Ketiga,Klaim Pengeluaran Operasional #172,0.75,0,1,1,8,0,Tidak,2,3
CLM-0173,Medan Branch,Travel & Entertainment,Klaim Pengeluaran Operasional #173,11.26,0,0,0,13,0,Tidak,3,1
CLM-0174,Bandung Branch,Konsumsi Rapat,Klaim Pengeluaran Operasional #174,4.35,0,0,1,28,0,Tidak,1,2
CLM-0175,IT Dept,Konsumsi Rapat,Klaim Pengeluaran Operasional #175,16.04,0,0,0,30,0,Tidak,3,1
CLM-0176,IT Dept,Kertas & Alat Tulis,Klaim Pengeluaran Operasional #176,3.37,0,0,1,3,0,Tidak,1,2
CLM-0177,Medan Branch,Konsumsi Rapat,Klaim Pengeluaran Operasional #177,18.11,0,1,1,17,0,Tidak,4,3
CLM-0178,Finance Dept,Vendor Pihak Ketiga,Klaim Pengeluaran Operasional #178,7.83,0,0,0,19,0,Tidak,1,1
CLM-0179,Bandung Branch,Sewa Kendaraan Operasional,Klaim Pengeluaran Operasional #179,41.91,0,0,0,42,1,Tidak,5,2
CLM-0180,Surabaya Branch,Konsumsi Rapat,Klaim Pengeluaran Operasional #180,2.72,0,0,1,43,0,Tidak,1,2
CLM-0181,Finance Dept,Travel & Entertainment,Klaim Pengeluaran Operasional #181,6.76,0,0,0,8,0,Tidak,1,1
CLM-0182,Bandung Branch,Vendor Pihak Ketiga,Klaim Pengeluaran Operasional #182,2.31,0,1,0,12,0,Tidak,1,1
CLM-0183,Medan Branch,Konsumsi Rapat,Klaim Pengeluaran Operasional #183,39.29,1,0,0,14,1,Ya (Anomali),5,4
CLM-0184,IT Dept,Konsumsi Rapat,Klaim Pengeluaran Operasional #184,31.98,0,0,1,26,1,Ya (Anomali),5,4
CLM-0185,Medan Branch,Vendor Pihak Ketiga,Klaim Pengeluaran Operasional #185,4.97,0,0,1,14,0,Tidak,1,2
CLM-0186,Bandung Branch,Konsumsi Rapat,Klaim Pengeluaran Operasional #186,16.68,0,0,0,27,0,Tidak,4,1
CLM-0187,Medan Branch,Sewa Kendaraan Operasional,Klaim Pengeluaran Operasional #187,25.99,0,0,0,36,1,Tidak,4,2
CLM-0188,Bandung Branch,Kertas & Alat Tulis,Klaim Pengeluaran Operasional #188,12.65,0,0,0,18,0,Tidak,2,1
CLM-0189,Bandung Branch,Vendor Pihak Ketiga,Klaim Pengeluaran Operasional #189,11.81,1,0,0,25,0,Tidak,2,2
CLM-0190,Medan Branch,Travel & Entertainment,Klaim Pengeluaran Operasional #190,4.65,0,0,2,25,0,Tidak,1,4
CLM-0191,Jakarta Branch,Konsumsi Rapat,Klaim Pengeluaran Operasional #191,1.97,0,1,0,24,0,Tidak,1,1
CLM-0192,Surabaya Branch,Kertas & Alat Tulis,Klaim Pengeluaran Operasional #192,34.63,0,1,0,25,1,Tidak,5,2
CLM-0193,Finance Dept,Travel & Entertainment,Klaim Pengeluaran Operasional #193,35.1,0,0,0,25,1,Tidak,5,3
CLM-0194,IT Dept,Travel & Entertainment,Klaim Pengeluaran Operasional #194,15.54,0,0,1,27,0,Tidak,2,2
CLM-0195,Surabaya Branch,Sewa Kendaraan Operasional,Klaim Pengeluaran Operasional #195,6.71,0,0,0,17,0,Tidak,1,1
CLM-0196,Finance Dept,Kertas & Alat Tulis,Klaim Pengeluaran Operasional #196,6.94,0,1,0,31,0,Tidak,1,1
CLM-0197,Finance Dept,Vendor Pihak Ketiga,Klaim Pengeluaran Operasional #197,19.92,0,0,0,2,0,Tidak,4,1
CLM-0198,IT Dept,Kertas & Alat Tulis,Klaim Pengeluaran Operasional #198,34.61,0,0,0,1,0,Tidak,5,1
CLM-0199,Surabaya Branch,Kertas & Alat Tulis,Klaim Pengeluaran Operasional #199,33.22,0,0,0,32,1,Tidak,5,2
CLM-0200,IT Dept,Travel & Entertainment,Klaim Pengeluaran Operasional #200,23.2,0,0,0,41,0,Tidak,3,1
CLM-0201,Bandung Branch,Sewa Kendaraan Operasional,Klaim Pengeluaran Operasional #201,15.91,0,0,0,18,0,Tidak,2,1
CLM-0202,IT Dept,Sewa Kendaraan Operasional,Klaim Pengeluaran Operasional #202,1.82,0,0,1,16,0,Ya (Anomali),1,2
CLM-0203,Medan Branch,Kertas & Alat Tulis,Klaim Pengeluaran Operasional #203,3.14,0,0,1,43,0,Tidak,1,3
CLM-0204,Jakarta Branch,Kertas & Alat Tulis,Klaim Pengeluaran Operasional #204,34.82,0,0,2,32,1,Ya (Anomali),5,4
CLM-0205,Jakarta Branch,Konsumsi Rapat,Klaim Pengeluaran Operasional #205,14.49,0,0,0,11,0,Tidak,2,1
CLM-0206,Jakarta Branch,Travel & Entertainment,Klaim Pengeluaran Operasional #206,0.64,0,0,1,2,0,Tidak,1,3
CLM-0207,Surabaya Branch,Vendor Pihak Ketiga,Klaim Pengeluaran Operasional #207,2.1,0,0,0,42,0,Tidak,2,1
CLM-0208,Surabaya Branch,Vendor Pihak Ketiga,Klaim Pengeluaran Operasional #208,16.84,0,0,0,25,0,Tidak,3,1
CLM-0209,Bandung Branch,Sewa Kendaraan Operasional,Klaim Pengeluaran Operasional #209,0.58,0,0,0,34,0,Tidak,2,1
CLM-0210,Operations Dept,Travel & Entertainment,Klaim Pengeluaran Operasional #210,3.13,0,0,0,7,0,Tidak,2,1
CLM-0211,Jakarta Branch,Sewa Kendaraan Operasional,Klaim Pengeluaran Operasional #211,12.44,0,1,0,35,0,Tidak,2,1
CLM-0212,Bandung Branch,Vendor Pihak Ketiga,Klaim Pengeluaran Operasional #212,18.16,0,0,0,6,0,Tidak,3,1
CLM-0213,Operations Dept,Kertas & Alat Tulis,Klaim Pengeluaran Operasional #213,16.33,0,0,0,35,0,Tidak,3,1
CLM-0214,Jakarta Branch,Travel & Entertainment,Klaim Pengeluaran Operasional #214,4.31,0,0,0,15,0,Tidak,2,1
CLM-0215,Surabaya Branch,Travel & Entertainment,Klaim Pengeluaran Operasional #215,19.18,0,0,0,23,0,Tidak,3,1
CLM-0216,Operations Dept,Konsumsi Rapat,Klaim Pengeluaran Operasional #216,4.56,1,0,0,0,0,Tidak,1,3
CLM-0217,Medan Branch,Kertas & Alat Tulis,Klaim Pengeluaran Operasional #217,6.4,0,0,0,24,0,Tidak,1,1
CLM-0218,Medan Branch,Kertas & Alat Tulis,Klaim Pengeluaran Operasional #218,21.09,0,0,1,9,0,Tidak,4,3
CLM-0219,Medan Branch,Sewa Kendaraan Operasional,Klaim Pengeluaran Operasional #219,16.23,0,1,1,15,0,Tidak,3,3
CLM-0220,IT Dept,Travel & Entertainment,Klaim Pengeluaran Operasional #220,28.88,1,0,0,15,1,Ya (Anomali),4,4
CLM-0221,Medan Branch,Sewa Kendaraan Operasional,Klaim Pengeluaran Operasional #221,16.58,0,1,0,7,0,Tidak,3,1
CLM-0222,Finance Dept,Kertas & Alat Tulis,Klaim Pengeluaran Operasional #222,13.1,0,1,0,28,0,Tidak,2,1
CLM-0223,Jakarta Branch,Konsumsi Rapat,Klaim Pengeluaran Operasional #223,1.98,0,0,1,38,0,Ya (Anomali),1,3
CLM-0224,Medan Branch,Travel & Entertainment,Klaim Pengeluaran Operasional #224,7.38,0,1,0,27,0,Tidak,2,1
CLM-0225,Operations Dept,Kertas & Alat Tulis,Klaim Pengeluaran Operasional #225,5.12,1,0,0,5,0,Ya (Anomali),2,2
CLM-0226,Finance Dept,Konsumsi Rapat,Klaim Pengeluaran Operasional #226,4.7,1,1,0,15,0,Ya (Anomali),2,2
CLM-0227,Finance Dept,Vendor Pihak Ketiga,Klaim Pengeluaran Operasional #227,54.68,0,0,0,19,1,Tidak,5,2
CLM-0228,Finance Dept,Kertas & Alat Tulis,Klaim Pengeluaran Operasional #228,7.99,1,0,0,15,0,Ya (Anomali),1,2
CLM-0229,Bandung Branch,Vendor Pihak Ketiga,Klaim Pengeluaran Operasional #229,33.89,0,0,1,6,1,Ya (Anomali),5,3
CLM-0230,Operations Dept,Sewa Kendaraan Operasional,Klaim Pengeluaran Operasional #230,15.46,0,0,0,40,0,Tidak,2,1
CLM-0231,Bandung Branch,Vendor Pihak Ketiga,Klaim Pengeluaran Operasional #231,24.26,0,0,0,13,0,Tidak,4,1
CLM-0232,Finance Dept,Kertas & Alat Tulis,Klaim Pengeluaran Operasional #232,10.98,0,0,1,42,0,Ya (Anomali),2,2
CLM-0233,IT Dept,Vendor Pihak Ketiga,Klaim Pengeluaran Operasional #233,13.4,0,0,1,25,0,Tidak,2,2
CLM-0234,Medan Branch,Travel & Entertainment,Klaim Pengeluaran Operasional #234,10.67,0,0,0,25,0,Tidak,2,1
CLM-0235,Jakarta Branch,Kertas & Alat Tulis,Klaim Pengeluaran Operasional #235,3.76,0,0,0,13,0,Tidak,1,1
CLM-0236,Operations Dept,Konsumsi Rapat,Klaim Pengeluaran Operasional #236,19.73,0,0,0,6,0,Tidak,4,1
CLM-0237,IT Dept,Vendor Pihak Ketiga,Klaim Pengeluaran Operasional #237,5.44,0,1,1,32,0,Tidak,1,3
CLM-0238,Surabaya Branch,Travel & Entertainment,Klaim Pengeluaran Operasional #238,0.87,0,1,0,25,0,Tidak,2,1
CLM-0239,Bandung Branch,Sewa Kendaraan Operasional,Klaim Pengeluaran Operasional #239,16.05,0,1,1,44,0,Tidak,4,2
CLM-0240,Medan Branch,Sewa Kendaraan Operasional,Klaim Pengeluaran Operasional #240,3.42,0,0,0,19,0,Tidak,1,1
CLM-0241,Medan Branch,Vendor Pihak Ketiga,Klaim Pengeluaran Operasional #241,42.82,1,0,0,2,1,Ya (Anomali),5,5
CLM-0242,Surabaya Branch,Sewa Kendaraan Operasional,Klaim Pengeluaran Operasional #242,46.66,0,0,0,3,1,Ya (Anomali),5,2
CLM-0243,Surabaya Branch,Konsumsi Rapat,Klaim Pengeluaran Operasional #243,37.45,0,1,0,25,1,Tidak,5,3
CLM-0244,Operations Dept,Kertas & Alat Tulis,Klaim Pengeluaran Operasional #244,7.43,0,0,0,10,0,Tidak,1,1
CLM-0245,Medan Branch,Travel & Entertainment,Klaim Pengeluaran Operasional #245,0.73,0,0,0,1,0,Tidak,2,1
CLM-0246,Surabaya Branch,Vendor Pihak Ketiga,Klaim Pengeluaran Operasional #246,40.03,0,0,0,13,0,Tidak,5,1
CLM-0247,Medan Branch,Sewa Kendaraan Operasional,Klaim Pengeluaran Operasional #247,8.88,0,1,1,43,0,Tidak,3,3
CLM-0248,IT Dept,Kertas & Alat Tulis,Klaim Pengeluaran Operasional #248,51.51,0,0,0,29,1,Tidak,5,3
CLM-0249,Operations Dept,Konsumsi Rapat,Klaim Pengeluaran Operasional #249,50.21,1,0,0,11,1,Ya (Anomali),5,4
CLM-0250,Surabaya Branch,Sewa Kendaraan Operasional,Klaim Pengeluaran Operasional #250,29.26,0,0,0,25,1,Tidak,4,2
CLM-0251,IT Dept,Sewa Kendaraan Operasional,Klaim Pengeluaran Operasional #251,5.73,0,0,0,43,0,Tidak,1,1
CLM-0252,IT Dept,Travel & Entertainment,Klaim Pengeluaran Operasional #252,7.79,0,0,0,32,0,Tidak,1,1
CLM-0253,Surabaya Branch,Konsumsi Rapat,Klaim Pengeluaran Operasional #253,29.07,0,0,0,12,1,Tidak,4,2
CLM-0254,Operations Dept,Konsumsi Rapat,Klaim Pengeluaran Operasional #254,6.22,0,0,1,13,0,Tidak,2,3
CLM-0255,Medan Branch,Vendor Pihak Ketiga,Klaim Pengeluaran Operasional #255,3.29,0,1,0,23,0,Tidak,1,1
CLM-0256,Finance Dept,Travel & Entertainment,Klaim Pengeluaran Operasional #256,12.71,1,0,0,33,0,Ya (Anomali),3,3
CLM-0257,Medan Branch,Vendor Pihak Ketiga,Klaim Pengeluaran Operasional #257,41.77,0,1,0,43,1,Tidak,5,2
CLM-0258,Jakarta Branch,Travel & Entertainment,Klaim Pengeluaran Operasional #258,18.36,0,1,0,25,0,Tidak,3,1
CLM-0259,Surabaya Branch,Konsumsi Rapat,Klaim Pengeluaran Operasional #259,13.16,0,0,0,20,0,Tidak,3,1
CLM-0260,Bandung Branch,Travel & Entertainment,Klaim Pengeluaran Operasional #260,2.03,0,0,1,27,0,Ya (Anomali),1,2
CLM-0261,Operations Dept,Travel & Entertainment,Klaim Pengeluaran Operasional #261,14.82,0,0,1,35,0,Tidak,3,2
CLM-0262,Surabaya Branch,Travel & Entertainment,Klaim Pengeluaran Operasional #262,69.66,0,1,0,39,1,Tidak,5,3
CLM-0263,Jakarta Branch,Kertas & Alat Tulis,Klaim Pengeluaran Operasional #263,2.76,0,0,0,1,0,Tidak,1,2
CLM-0264,IT Dept,Kertas & Alat Tulis,Klaim Pengeluaran Operasional #264,11.46,0,0,0,41,0,Tidak,2,1
CLM-0265,Bandung Branch,Konsumsi Rapat,Klaim Pengeluaran Operasional #265,31.98,1,0,0,8,1,Ya (Anomali),4,5
CLM-0266,Bandung Branch,Travel & Entertainment,Klaim Pengeluaran Operasional #266,20.75,0,0,0,22,0,Tidak,3,1
CLM-0267,Medan Branch,Konsumsi Rapat,Klaim Pengeluaran Operasional #267,18.41,1,0,0,14,0,Tidak,3,3
CLM-0268,Finance Dept,Kertas & Alat Tulis,Klaim Pengeluaran Operasional #268,18.68,0,0,0,12,0,Tidak,3,1
CLM-0269,Medan Branch,Travel & Entertainment,Klaim Pengeluaran Operasional #269,7.18,0,0,0,22,0,Tidak,2,1
CLM-0270,Operations Dept,Vendor Pihak Ketiga,Klaim Pengeluaran Operasional #270,5.71,0,0,0,16,0,Tidak,1,1
CLM-0271,Bandung Branch,Kertas & Alat Tulis,Klaim Pengeluaran Operasional #271,25.36,0,0,0,1,0,Tidak,4,1
CLM-0272,Bandung Branch,Kertas & Alat Tulis,Klaim Pengeluaran Operasional #272,25.42,0,0,0,19,1,Tidak,4,2
CLM-0273,Finance Dept,Kertas & Alat Tulis,Klaim Pengeluaran Operasional #273,30.77,0,0,0,19,1,Tidak,5,3
CLM-0274,Operations Dept,Travel & Entertainment,Klaim Pengeluaran Operasional #274,37.17,0,0,1,2,1,Ya (Anomali),5,4
CLM-0275,Surabaya Branch,Sewa Kendaraan Operasional,Klaim Pengeluaran Operasional #275,11.24,0,1,0,11,0,Tidak,2,1
CLM-0276,Finance Dept,Vendor Pihak Ketiga,Klaim Pengeluaran Operasional #276,10.94,0,0,0,39,0,Tidak,2,1
CLM-0277,IT Dept,Vendor Pihak Ketiga,Klaim Pengeluaran Operasional #277,24.51,0,0,0,1,0,Tidak,4,2
CLM-0278,Medan Branch,Konsumsi Rapat,Klaim Pengeluaran Operasional #278,16.25,0,0,1,35,0,Tidak,3,3
CLM-0279,Surabaya Branch,Travel & Entertainment,Klaim Pengeluaran Operasional #279,18.66,0,0,0,13,0,Tidak,4,1
CLM-0280,Medan Branch,Kertas & Alat Tulis,Klaim Pengeluaran Operasional #280,24.33,0,0,0,15,0,Tidak,4,1
CLM-0281,Finance Dept,Sewa Kendaraan Operasional,Klaim Pengeluaran Operasional #281,33.61,0,0,0,18,0,Tidak,5,1
CLM-0282,Surabaya Branch,Travel & Entertainment,Klaim Pengeluaran Operasional #282,6.69,0,1,1,33,0,Tidak,1,2
CLM-0283,Finance Dept,Travel & Entertainment,Klaim Pengeluaran Operasional #283,7.56,0,0,1,43,0,Tidak,2,2
CLM-0284,IT Dept,Sewa Kendaraan Operasional,Klaim Pengeluaran Operasional #284,1.98,0,0,0,5,0,Tidak,1,1
CLM-0285,Jakarta Branch,Kertas & Alat Tulis,Klaim Pengeluaran Operasional #285,13.45,0,0,1,12,0,Ya (Anomali),3,2
CLM-0286,Bandung Branch,Travel & Entertainment,Klaim Pengeluaran Operasional #286,1.05,0,0,1,35,0,Tidak,2,3
CLM-0287,Operations Dept,Vendor Pihak Ketiga,Klaim Pengeluaran Operasional #287,9.9,0,0,1,21,0,Tidak,3,3
CLM-0288,Surabaya Branch,Vendor Pihak Ketiga,Klaim Pengeluaran Operasional #288,12.23,0,0,0,17,0,Tidak,2,1
CLM-0289,Bandung Branch,Sewa Kendaraan Operasional,Klaim Pengeluaran Operasional #289,5.56,0,0,0,11,0,Tidak,1,1
CLM-0290,Jakarta Branch,Kertas & Alat Tulis,Klaim Pengeluaran Operasional #290,13.9,0,0,0,29,0,Tidak,2,1
CLM-0291,Surabaya Branch,Sewa Kendaraan Operasional,Klaim Pengeluaran Operasional #291,0.96,0,0,1,39,0,Tidak,1,2
CLM-0292,Bandung Branch,Travel & Entertainment,Klaim Pengeluaran Operasional #292,1.07,0,0,0,6,0,Tidak,1,1
CLM-0293,Bandung Branch,Vendor Pihak Ketiga,Klaim Pengeluaran Operasional #293,26.44,0,0,0,31,1,Tidak,4,2
CLM-0294,Surabaya Branch,Konsumsi Rapat,Klaim Pengeluaran Operasional #294,7.2,0,0,0,18,0,Tidak,1,1
CLM-0295,Bandung Branch,Sewa Kendaraan Operasional,Klaim Pengeluaran Operasional #295,2.54,0,1,1,5,0,Tidak,1,2
CLM-0296,Bandung Branch,Konsumsi Rapat,Klaim Pengeluaran Operasional #296,11.58,0,0,1,19,0,Tidak,2,2
CLM-0297,Surabaya Branch,Konsumsi Rapat,Klaim Pengeluaran Operasional #297,22.54,0,0,0,26,0,Tidak,3,1
CLM-0298,Operations Dept,Vendor Pihak Ketiga,Klaim Pengeluaran Operasional #298,4.15,0,0,1,42,0,Tidak,1,2
CLM-0299,Bandung Branch,Sewa Kendaraan Operasional,Klaim Pengeluaran Operasional #299,15.13,0,1,0,36,0,Tidak,2,1
CLM-0300,Bandung Branch,Konsumsi Rapat,Klaim Pengeluaran Operasional #300,1.84,0,1,1,6,0,Ya (Anomali),1,3
CLM-0301,Operations Dept,Travel & Entertainment,Klaim Pengeluaran Operasional #301,1.3,0,0,0,4,0,Tidak,1,1
CLM-0302,Medan Branch,Kertas & Alat Tulis,Klaim Pengeluaran Operasional #302,11.87,0,1,0,10,0,Tidak,3,1
CLM-0303,IT Dept,Kertas & Alat Tulis,Klaim Pengeluaran Operasional #303,12.17,0,0,1,14,0,Tidak,3,3
CLM-0304,Medan Branch,Vendor Pihak Ketiga,Klaim Pengeluaran Operasional #304,15.72,0,0,0,2,0,Tidak,3,1
CLM-0305,Jakarta Branch,Sewa Kendaraan Operasional,Klaim Pengeluaran Operasional #305,19.92,0,1,1,4,0,Tidak,4,3
CLM-0306,Medan Branch,Sewa Kendaraan Operasional,Klaim Pengeluaran Operasional #306,56.35,0,1,0,22,0,Tidak,5,1
CLM-0307,Medan Branch,Kertas & Alat Tulis,Klaim Pengeluaran Operasional #307,11.39,0,0,0,36,0,Tidak,2,1
CLM-0308,Jakarta Branch,Travel & Entertainment,Klaim Pengeluaran Operasional #308,6.35,0,0,0,8,0,Tidak,1,1
CLM-0309,Bandung Branch,Kertas & Alat Tulis,Klaim Pengeluaran Operasional #309,24.28,0,0,0,14,0,Tidak,4,1
CLM-0310,Bandung Branch,Kertas & Alat Tulis,Klaim Pengeluaran Operasional #310,5.24,0,0,0,2,0,Tidak,1,1
CLM-0311,Medan Branch,Sewa Kendaraan Operasional,Klaim Pengeluaran Operasional #311,9.17,0,1,0,28,0,Tidak,2,1
CLM-0312,Jakarta Branch,Konsumsi Rapat,Klaim Pengeluaran Operasional #312,1.73,0,0,0,5,0,Tidak,1,1
CLM-0313,Bandung Branch,Travel & Entertainment,Klaim Pengeluaran Operasional #313,0.89,1,0,0,16,0,Tidak,1,2
CLM-0314,Finance Dept,Sewa Kendaraan Operasional,Klaim Pengeluaran Operasional #314,49.81,0,0,2,25,1,Ya (Anomali),5,5
CLM-0315,Surabaya Branch,Kertas & Alat Tulis,Klaim Pengeluaran Operasional #315,27.62,0,0,1,20,0,Ya (Anomali),4,3
CLM-0316,Surabaya Branch,Konsumsi Rapat,Klaim Pengeluaran Operasional #316,18.36,0,0,0,7,0,Tidak,3,1
CLM-0317,IT Dept,Travel & Entertainment,Klaim Pengeluaran Operasional #317,8.39,0,0,0,20,0,Tidak,2,1
CLM-0318,Surabaya Branch,Vendor Pihak Ketiga,Klaim Pengeluaran Operasional #318,3.35,1,1,0,10,0,Ya (Anomali),1,3
CLM-0319,Medan Branch,Travel & Entertainment,Klaim Pengeluaran Operasional #319,3.05,0,1,0,37,0,Tidak,1,1
CLM-0320,Surabaya Branch,Travel & Entertainment,Klaim Pengeluaran Operasional #320,4.82,1,0,1,7,0,Ya (Anomali),2,3
CLM-0321,Surabaya Branch,Kertas & Alat Tulis,Klaim Pengeluaran Operasional #321,12.45,0,1,1,41,0,Tidak,2,3
CLM-0322,Finance Dept,Kertas & Alat Tulis,Klaim Pengeluaran Operasional #322,19.31,1,1,0,23,0,Tidak,3,3
CLM-0323,Bandung Branch,Vendor Pihak Ketiga,Klaim Pengeluaran Operasional #323,16.69,0,1,1,34,0,Tidak,3,2
CLM-0324,Finance Dept,Vendor Pihak Ketiga,Klaim Pengeluaran Operasional #324,5.43,0,0,0,13,0,Tidak,1,1
CLM-0325,Medan Branch,Vendor Pihak Ketiga,Klaim Pengeluaran Operasional #325,46.97,0,0,2,13,1,Ya (Anomali),5,4
CLM-0326,Surabaya Branch,Sewa Kendaraan Operasional,Klaim Pengeluaran Operasional #326,20.59,0,0,0,9,0,Tidak,3,1
CLM-0327,Operations Dept,Sewa Kendaraan Operasional,Klaim Pengeluaran Operasional #327,12.62,0,0,0,11,0,Tidak,3,1
CLM-0328,Bandung Branch,Kertas & Alat Tulis,Klaim Pengeluaran Operasional #328,14.69,0,0,0,37,0,Tidak,3,1
CLM-0329,IT Dept,Kertas & Alat Tulis,Klaim Pengeluaran Operasional #329,8.66,0,0,0,43,0,Tidak,3,1
CLM-0330,IT Dept,Vendor Pihak Ketiga,Klaim Pengeluaran Operasional #330,4.77,0,0,0,33,0,Tidak,1,1
CLM-0331,Surabaya Branch,Sewa Kendaraan Operasional,Klaim Pengeluaran Operasional #331,7.1,0,0,1,40,0,Tidak,1,2
CLM-0332,Surabaya Branch,Konsumsi Rapat,Klaim Pengeluaran Operasional #332,21.77,0,0,0,9,0,Tidak,3,1
CLM-0333,IT Dept,Sewa Kendaraan Operasional,Klaim Pengeluaran Operasional #333,0.72,0,0,0,16,0,Tidak,1,1
CLM-0334,IT Dept,Kertas & Alat Tulis,Klaim Pengeluaran Operasional #334,2.35,0,1,0,16,0,Tidak,2,1
CLM-0335,Operations Dept,Sewa Kendaraan Operasional,Klaim Pengeluaran Operasional #335,1.21,0,1,0,2,0,Tidak,2,2
CLM-0336,Medan Branch,Kertas & Alat Tulis,Klaim Pengeluaran Operasional #336,1.12,0,1,0,30,0,Tidak,2,1
CLM-0337,Surabaya Branch,Vendor Pihak Ketiga,Klaim Pengeluaran Operasional #337,29.51,0,1,0,0,0,Tidak,5,1
CLM-0338,IT Dept,Vendor Pihak Ketiga,Klaim Pengeluaran Operasional #338,18.74,0,0,0,11,0,Tidak,3,1
CLM-0339,Operations Dept,Vendor Pihak Ketiga,Klaim Pengeluaran Operasional #339,10.14,0,1,0,38,0,Tidak,2,1
CLM-0340,Jakarta Branch,Konsumsi Rapat,Klaim Pengeluaran Operasional #340,2.04,0,0,0,3,0,Tidak,1,1
CLM-0341,IT Dept,Konsumsi Rapat,Klaim Pengeluaran Operasional #341,10.65,0,0,1,41,0,Tidak,3,3
CLM-0342,Bandung Branch,Kertas & Alat Tulis,Klaim Pengeluaran Operasional #342,10.12,0,0,1,12,0,Tidak,3,2
CLM-0343,Bandung Branch,Travel & Entertainment,Klaim Pengeluaran Operasional #343,3.35,0,0,0,33,0,Tidak,1,1
CLM-0344,Jakarta Branch,Konsumsi Rapat,Klaim Pengeluaran Operasional #344,9.03,0,0,0,41,0,Tidak,3,1
CLM-0345,Medan Branch,Kertas & Alat Tulis,Klaim Pengeluaran Operasional #345,8.13,1,0,0,20,0,Ya (Anomali),3,2
CLM-0346,Surabaya Branch,Sewa Kendaraan Operasional,Klaim Pengeluaran Operasional #346,14.85,0,1,0,21,0,Tidak,3,1
CLM-0347,Surabaya Branch,Vendor Pihak Ketiga,Klaim Pengeluaran Operasional #347,15.62,0,0,0,3,0,Tidak,3,1
CLM-0348,IT Dept,Vendor Pihak Ketiga,Klaim Pengeluaran Operasional #348,1.2,0,0,0,17,0,Tidak,1,1
CLM-0349,Bandung Branch,Vendor Pihak Ketiga,Klaim Pengeluaran Operasional #349,7.54,0,1,0,4,0,Tidak,1,1
CLM-0350,Medan Branch,Kertas & Alat Tulis,Klaim Pengeluaran Operasional #350,15.25,0,0,0,18,0,Tidak,2,1
CLM-0351,Medan Branch,Vendor Pihak Ketiga,Klaim Pengeluaran Operasional #351,10.99,1,0,0,1,0,Ya (Anomali),2,4
CLM-0352,Medan Branch,Konsumsi Rapat,Klaim Pengeluaran Operasional #352,29.62,0,0,1,11,0,Tidak,4,2
CLM-0353,IT Dept,Sewa Kendaraan Operasional,Klaim Pengeluaran Operasional #353,16.62,0,0,2,16,0,Tidak,3,3
CLM-0354,Surabaya Branch,Vendor Pihak Ketiga,Klaim Pengeluaran Operasional #354,3.17,1,0,0,9,0,Tidak,2,3
CLM-0355,Medan Branch,Kertas & Alat Tulis,Klaim Pengeluaran Operasional #355,1.6,0,1,0,33,0,Tidak,1,1
CLM-0356,IT Dept,Sewa Kendaraan Operasional,Klaim Pengeluaran Operasional #356,15.93,0,0,1,5,0,Ya (Anomali),3,3
CLM-0357,IT Dept,Vendor Pihak Ketiga,Klaim Pengeluaran Operasional #357,0.9,0,0,1,7,0,Tidak,1,2
CLM-0358,Jakarta Branch,Travel & Entertainment,Klaim Pengeluaran Operasional #358,13.72,0,1,0,10,0,Tidak,2,1
CLM-0359,Finance Dept,Vendor Pihak Ketiga,Klaim Pengeluaran Operasional #359,42.76,0,0,0,11,1,Tidak,5,2
CLM-0360,Medan Branch,Konsumsi Rapat,Klaim Pengeluaran Operasional #360,13.35,1,0,0,8,0,Tidak,2,2
CLM-0361,Finance Dept,Sewa Kendaraan Operasional,Klaim Pengeluaran Operasional #361,7.87,0,0,0,1,0,Tidak,1,2
CLM-0362,Surabaya Branch,Konsumsi Rapat,Klaim Pengeluaran Operasional #362,15.96,0,0,0,7,0,Tidak,2,1
CLM-0363,IT Dept,Travel & Entertainment,Klaim Pengeluaran Operasional #363,9.69,0,0,0,10,0,Tidak,2,1
CLM-0364,Operations Dept,Travel & Entertainment,Klaim Pengeluaran Operasional #364,12.33,0,0,0,35,0,Tidak,2,1
CLM-0365,Medan Branch,Konsumsi Rapat,Klaim Pengeluaran Operasional #365,43.07,0,0,0,9,1,Tidak,5,3
CLM-0366,Operations Dept,Sewa Kendaraan Operasional,Klaim Pengeluaran Operasional #366,7.82,0,1,1,20,0,Tidak,2,2
CLM-0367,Bandung Branch,Travel & Entertainment,Klaim Pengeluaran Operasional #367,49.24,0,0,0,19,1,Tidak,5,2
CLM-0368,Surabaya Branch,Travel & Entertainment,Klaim Pengeluaran Operasional #368,35.86,0,0,0,7,1,Tidak,5,2
CLM-0369,Jakarta Branch,Vendor Pihak Ketiga,Klaim Pengeluaran Operasional #369,3.77,0,0,0,35,0,Tidak,2,1
CLM-0370,Jakarta Branch,Kertas & Alat Tulis,Klaim Pengeluaran Operasional #370,1.58,0,0,0,28,0,Tidak,1,1
CLM-0371,Finance Dept,Travel & Entertainment,Klaim Pengeluaran Operasional #371,2.09,0,0,2,41,0,Tidak,2,3
CLM-0372,IT Dept,Sewa Kendaraan Operasional,Klaim Pengeluaran Operasional #372,0.78,0,0,0,11,0,Tidak,2,1
CLM-0373,Finance Dept,Sewa Kendaraan Operasional,Klaim Pengeluaran Operasional #373,1.99,0,1,0,13,0,Tidak,2,1
CLM-0374,Bandung Branch,Vendor Pihak Ketiga,Klaim Pengeluaran Operasional #374,17.73,0,0,0,20,0,Tidak,3,1
CLM-0375,Bandung Branch,Sewa Kendaraan Operasional,Klaim Pengeluaran Operasional #375,1.61,0,0,0,21,0,Tidak,2,1
CLM-0376,Jakarta Branch,Vendor Pihak Ketiga,Klaim Pengeluaran Operasional #376,6.26,0,0,1,20,0,Tidak,2,3
CLM-0377,Operations Dept,Travel & Entertainment,Klaim Pengeluaran Operasional #377,28.45,0,0,0,43,0,Tidak,4,1
CLM-0378,Medan Branch,Travel & Entertainment,Klaim Pengeluaran Operasional #378,0.85,0,0,0,29,0,Tidak,1,1
CLM-0379,Jakarta Branch,Travel & Entertainment,Klaim Pengeluaran Operasional #379,25.77,0,0,0,38,1,Tidak,4,3
CLM-0380,Jakarta Branch,Travel & Entertainment,Klaim Pengeluaran Operasional #380,5.47,0,0,0,19,0,Tidak,2,1
CLM-0381,Operations Dept,Kertas & Alat Tulis,Klaim Pengeluaran Operasional #381,2.39,0,0,1,23,0,Ya (Anomali),1,3
CLM-0382,Operations Dept,Kertas & Alat Tulis,Klaim Pengeluaran Operasional #382,18.4,0,1,1,22,0,Ya (Anomali),4,3
CLM-0383,Bandung Branch,Travel & Entertainment,Klaim Pengeluaran Operasional #383,15.37,0,1,0,6,0,Tidak,2,1
CLM-0384,Operations Dept,Sewa Kendaraan Operasional,Klaim Pengeluaran Operasional #384,31.99,0,1,0,8,1,Tidak,5,3
CLM-0385,Finance Dept,Vendor Pihak Ketiga,Klaim Pengeluaran Operasional #385,20.42,1,1,1,0,0,Ya (Anomali),3,5
CLM-0386,Bandung Branch,Konsumsi Rapat,Klaim Pengeluaran Operasional #386,24.9,0,0,1,25,0,Tidak,4,2
CLM-0387,Operations Dept,Vendor Pihak Ketiga,Klaim Pengeluaran Operasional #387,5.47,0,1,0,37,0,Tidak,1,1
CLM-0388,IT Dept,Konsumsi Rapat,Klaim Pengeluaran Operasional #388,3.43,0,0,0,37,0,Tidak,1,1
CLM-0389,Bandung Branch,Konsumsi Rapat,Klaim Pengeluaran Operasional #389,21.33,0,1,0,43,0,Tidak,3,1
CLM-0390,Bandung Branch,Travel & Entertainment,Klaim Pengeluaran Operasional #390,25.16,0,1,1,21,0,Tidak,4,2
CLM-0391,Jakarta Branch,Konsumsi Rapat,Klaim Pengeluaran Operasional #391,70.36,0,0,0,43,1,Tidak,5,2
CLM-0392,Medan Branch,Travel & Entertainment,Klaim Pengeluaran Operasional #392,8.48,1,1,0,9,0,Tidak,3,2
CLM-0393,Jakarta Branch,Kertas & Alat Tulis,Klaim Pengeluaran Operasional #393,7.48,0,0,1,5,0,Tidak,2,2
CLM-0394,Surabaya Branch,Sewa Kendaraan Operasional,Klaim Pengeluaran Operasional #394,22.97,0,0,0,16,0,Tidak,3,1
CLM-0395,Bandung Branch,Konsumsi Rapat,Klaim Pengeluaran Operasional #395,6.75,0,0,0,37,0,Tidak,1,1
CLM-0396,Operations Dept,Sewa Kendaraan Operasional,Klaim Pengeluaran Operasional #396,40.55,0,0,0,23,0,Tidak,5,1
CLM-0397,Operations Dept,Travel & Entertainment,Klaim Pengeluaran Operasional #397,29.82,0,0,0,9,1,Tidak,5,3
CLM-0398,Operations Dept,Konsumsi Rapat,Klaim Pengeluaran Operasional #398,8.91,0,0,0,7,0,Tidak,2,1
CLM-0399,Bandung Branch,Vendor Pihak Ketiga,Klaim Pengeluaran Operasional #399,21.35,0,1,0,20,0,Tidak,3,1
CLM-0400,Operations Dept,Kertas & Alat Tulis,Klaim Pengeluaran Operasional #400,21.57,1,0,0,5,0,Tidak,3,2
CLM-0401,Surabaya Branch,Kertas & Alat Tulis,Klaim Pengeluaran Operasional #401,2.13,0,1,0,20,0,Tidak,2,1
CLM-0402,Bandung Branch,Konsumsi Rapat,Klaim Pengeluaran Operasional #402,35.43,0,1,1,38,1,Ya (Anomali),5,3
CLM-0403,Operations Dept,Kertas & Alat Tulis,Klaim Pengeluaran Operasional #403,11.06,0,1,1,23,0,Tidak,3,2
CLM-0404,Bandung Branch,Vendor Pihak Ketiga,Klaim Pengeluaran Operasional #404,26.77,0,1,0,32,0,Tidak,4,1
CLM-0405,IT Dept,Sewa Kendaraan Operasional,Klaim Pengeluaran Operasional #405,6.29,0,0,0,17,0,Tidak,1,1
CLM-0406,Bandung Branch,Vendor Pihak Ketiga,Klaim Pengeluaran Operasional #406,34.38,0,1,0,27,1,Tidak,5,3
CLM-0407,Surabaya Branch,Kertas & Alat Tulis,Klaim Pengeluaran Operasional #407,7.89,0,1,0,31,0,Tidak,1,1
CLM-0408,Jakarta Branch,Sewa Kendaraan Operasional,Klaim Pengeluaran Operasional #408,0.66,0,0,0,11,0,Tidak,1,1
CLM-0409,Bandung Branch,Vendor Pihak Ketiga,Klaim Pengeluaran Operasional #409,35.87,0,0,0,41,1,Tidak,5,2
CLM-0410,Medan Branch,Travel & Entertainment,Klaim Pengeluaran Operasional #410,1.94,0,0,0,26,0,Tidak,1,1
CLM-0411,Surabaya Branch,Travel & Entertainment,Klaim Pengeluaran Operasional #411,6.27,1,0,0,9,0,Ya (Anomali),1,2
CLM-0412,Finance Dept,Sewa Kendaraan Operasional,Klaim Pengeluaran Operasional #412,45.45,0,0,0,41,1,Tidak,5,2
CLM-0413,IT Dept,Sewa Kendaraan Operasional,Klaim Pengeluaran Operasional #413,45.62,0,0,0,31,1,Tidak,5,2
CLM-0414,Surabaya Branch,Sewa Kendaraan Operasional,Klaim Pengeluaran Operasional #414,13.28,0,0,0,41,0,Tidak,2,1
CLM-0415,Jakarta Branch,Travel & Entertainment,Klaim Pengeluaran Operasional #415,15.49,0,0,0,25,0,Tidak,2,1
CLM-0416,Operations Dept,Vendor Pihak Ketiga,Klaim Pengeluaran Operasional #416,9.43,0,1,0,24,0,Tidak,2,1
CLM-0417,Operations Dept,Sewa Kendaraan Operasional,Klaim Pengeluaran Operasional #417,5.71,1,0,1,10,0,Ya (Anomali),1,4
CLM-0418,Surabaya Branch,Travel & Entertainment,Klaim Pengeluaran Operasional #418,6.48,0,0,1,22,0,Tidak,1,2
CLM-0419,Finance Dept,Sewa Kendaraan Operasional,Klaim Pengeluaran Operasional #419,17.24,0,0,0,33,0,Tidak,3,1
CLM-0420,Operations Dept,Sewa Kendaraan Operasional,Klaim Pengeluaran Operasional #420,21.44,0,0,0,39,0,Tidak,3,1
CLM-0421,IT Dept,Sewa Kendaraan Operasional,Klaim Pengeluaran Operasional #421,24.02,0,1,0,22,0,Tidak,4,1
CLM-0422,Medan Branch,Travel & Entertainment,Klaim Pengeluaran Operasional #422,23.88,0,0,0,28,0,Tidak,4,1
CLM-0423,Finance Dept,Vendor Pihak Ketiga,Klaim Pengeluaran Operasional #423,1.93,0,0,0,30,0,Tidak,1,1
CLM-0424,Surabaya Branch,Travel & Entertainment,Klaim Pengeluaran Operasional #424,10.73,1,0,1,6,0,Ya (Anomali),2,3
CLM-0425,Finance Dept,Travel & Entertainment,Klaim Pengeluaran Operasional #425,1.39,0,0,0,39,0,Tidak,1,1
CLM-0426,Operations Dept,Sewa Kendaraan Operasional,Klaim Pengeluaran Operasional #426,12.46,0,1,1,32,0,Tidak,2,3
CLM-0427,Operations Dept,Konsumsi Rapat,Klaim Pengeluaran Operasional #427,9.24,0,0,0,20,0,Tidak,3,1
CLM-0428,Surabaya Branch,Konsumsi Rapat,Klaim Pengeluaran Operasional #428,33.3,0,0,0,1,1,Tidak,5,3
CLM-0429,Operations Dept,Konsumsi Rapat,Klaim Pengeluaran Operasional #429,6.98,0,0,1,17,0,Tidak,1,3
CLM-0430,Operations Dept,Travel & Entertainment,Klaim Pengeluaran Operasional #430,2.37,0,0,0,32,0,Tidak,1,1
CLM-0431,Medan Branch,Sewa Kendaraan Operasional,Klaim Pengeluaran Operasional #431,2.81,0,0,0,36,0,Tidak,1,1
CLM-0432,Medan Branch,Konsumsi Rapat,Klaim Pengeluaran Operasional #432,22.0,0,0,0,33,0,Tidak,3,1
CLM-0433,Jakarta Branch,Kertas & Alat Tulis,Klaim Pengeluaran Operasional #433,14.94,0,0,0,19,0,Tidak,2,1
CLM-0434,Medan Branch,Kertas & Alat Tulis,Klaim Pengeluaran Operasional #434,2.1,0,0,2,34,0,Tidak,1,3
CLM-0435,Bandung Branch,Kertas & Alat Tulis,Klaim Pengeluaran Operasional #435,1.82,1,0,0,17,0,Tidak,1,2
CLM-0436,Finance Dept,Vendor Pihak Ketiga,Klaim Pengeluaran Operasional #436,18.61,0,1,2,23,0,Tidak,3,3
CLM-0437,Finance Dept,Sewa Kendaraan Operasional,Klaim Pengeluaran Operasional #437,1.63,0,1,2,7,0,Tidak,1,3
CLM-0438,Surabaya Branch,Travel & Entertainment,Klaim Pengeluaran Operasional #438,26.38,0,0,1,29,1,Ya (Anomali),4,3
CLM-0439,Medan Branch,Travel & Entertainment,Klaim Pengeluaran Operasional #439,18.87,1,1,0,43,0,Tidak,4,2
CLM-0440,Jakarta Branch,Sewa Kendaraan Operasional,Klaim Pengeluaran Operasional #440,1.77,1,0,0,9,0,Tidak,1,2
CLM-0441,Operations Dept,Vendor Pihak Ketiga,Klaim Pengeluaran Operasional #441,1.83,0,0,1,22,0,Tidak,1,3
CLM-0442,Jakarta Branch,Sewa Kendaraan Operasional,Klaim Pengeluaran Operasional #442,65.23,0,1,0,10,1,Tidak,5,2
CLM-0443,Jakarta Branch,Vendor Pihak Ketiga,Klaim Pengeluaran Operasional #443,7.53,0,1,0,1,0,Tidak,1,2
CLM-0444,IT Dept,Konsumsi Rapat,Klaim Pengeluaran Operasional #444,7.45,0,1,0,25,0,Tidak,1,1
CLM-0445,Operations Dept,Konsumsi Rapat,Klaim Pengeluaran Operasional #445,25.63,0,0,0,35,1,Tidak,5,2
CLM-0446,Bandung Branch,Vendor Pihak Ketiga,Klaim Pengeluaran Operasional #446,44.63,0,0,0,32,1,Tidak,5,2
CLM-0447,Medan Branch,Sewa Kendaraan Operasional,Klaim Pengeluaran Operasional #447,64.53,0,1,0,12,1,Tidak,5,2
CLM-0448,Operations Dept,Konsumsi Rapat,Klaim Pengeluaran Operasional #448,21.5,0,0,0,39,0,Tidak,3,1
CLM-0449,Jakarta Branch,Sewa Kendaraan Operasional,Klaim Pengeluaran Operasional #449,7.58,0,0,1,24,0,Tidak,1,2
CLM-0450,Operations Dept,Konsumsi Rapat,Klaim Pengeluaran Operasional #450,1.81,0,0,0,3,0,Tidak,1,1
CLM-0451,Bandung Branch,Sewa Kendaraan Operasional,Klaim Pengeluaran Operasional #451,23.02,0,0,1,41,0,Tidak,4,2
CLM-0452,Finance Dept,Sewa Kendaraan Operasional,Klaim Pengeluaran Operasional #452,12.76,0,0,0,18,0,Tidak,2,1
CLM-0453,Surabaya Branch,Kertas & Alat Tulis,Klaim Pengeluaran Operasional #453,8.78,0,0,1,17,0,Ya (Anomali),2,2
CLM-0454,Medan Branch,Vendor Pihak Ketiga,Klaim Pengeluaran Operasional #454,36.02,0,1,0,36,1,Tidak,5,3
CLM-0455,Medan Branch,Travel & Entertainment,Klaim Pengeluaran Operasional #455,2.27,0,0,1,29,0,Tidak,1,2
CLM-0456,IT Dept,Vendor Pihak Ketiga,Klaim Pengeluaran Operasional #456,10.68,1,0,0,18,0,Ya (Anomali),3,3
CLM-0457,Finance Dept,Sewa Kendaraan Operasional,Klaim Pengeluaran Operasional #457,0.67,0,0,1,22,0,Tidak,1,3
CLM-0458,Medan Branch,Sewa Kendaraan Operasional,Klaim Pengeluaran Operasional #458,9.99,0,0,0,15,0,Tidak,2,1
CLM-0459,IT Dept,Vendor Pihak Ketiga,Klaim Pengeluaran Operasional #459,1.37,0,0,1,0,0,Tidak,1,3
CLM-0460,IT Dept,Sewa Kendaraan Operasional,Klaim Pengeluaran Operasional #460,2.4,0,0,2,11,0,Tidak,2,4
CLM-0461,IT Dept,Konsumsi Rapat,Klaim Pengeluaran Operasional #461,2.38,0,1,0,23,0,Tidak,2,1
CLM-0462,Medan Branch,Sewa Kendaraan Operasional,Klaim Pengeluaran Operasional #462,16.21,0,0,0,33,0,Tidak,3,1
CLM-0463,Medan Branch,Vendor Pihak Ketiga,Klaim Pengeluaran Operasional #463,21.06,1,1,1,7,0,Ya (Anomali),3,4
CLM-0464,Medan Branch,Vendor Pihak Ketiga,Klaim Pengeluaran Operasional #464,13.63,0,0,0,17,0,Tidak,2,1
CLM-0465,Bandung Branch,Vendor Pihak Ketiga,Klaim Pengeluaran Operasional #465,49.62,1,0,1,4,1,Ya (Anomali),5,5
CLM-0466,IT Dept,Kertas & Alat Tulis,Klaim Pengeluaran Operasional #466,7.55,0,0,0,25,0,Tidak,1,1
CLM-0467,Bandung Branch,Kertas & Alat Tulis,Klaim Pengeluaran Operasional #467,5.55,0,0,0,29,0,Tidak,1,1
CLM-0468,Surabaya Branch,Kertas & Alat Tulis,Klaim Pengeluaran Operasional #468,30.94,1,1,2,12,1,Ya (Anomali),4,5
CLM-0469,Medan Branch,Kertas & Alat Tulis,Klaim Pengeluaran Operasional #469,4.3,0,0,0,18,0,Tidak,1,1
CLM-0470,Operations Dept,Kertas & Alat Tulis,Klaim Pengeluaran Operasional #470,50.04,0,0,1,28,1,Ya (Anomali),5,3
CLM-0471,Finance Dept,Kertas & Alat Tulis,Klaim Pengeluaran Operasional #471,0.68,0,1,0,2,0,Tidak,1,1
CLM-0472,Jakarta Branch,Kertas & Alat Tulis,Klaim Pengeluaran Operasional #472,53.04,0,1,0,25,1,Tidak,5,3
CLM-0473,Surabaya Branch,Vendor Pihak Ketiga,Klaim Pengeluaran Operasional #473,1.16,0,1,0,39,0,Tidak,1,1
CLM-0474,Operations Dept,Travel & Entertainment,Klaim Pengeluaran Operasional #474,33.77,0,0,0,11,1,Tidak,5,2
CLM-0475,Jakarta Branch,Kertas & Alat Tulis,Klaim Pengeluaran Operasional #475,11.75,0,1,0,1,0,Tidak,2,1
CLM-0476,Jakarta Branch,Vendor Pihak Ketiga,Klaim Pengeluaran Operasional #476,74.85,0,0,0,10,1,Tidak,5,2
CLM-0477,Medan Branch,Travel & Entertainment,Klaim Pengeluaran Operasional #477,1.65,0,0,0,43,0,Tidak,1,1
CLM-0478,Finance Dept,Kertas & Alat Tulis,Klaim Pengeluaran Operasional #478,12.61,0,0,0,27,0,Tidak,3,1
CLM-0479,Jakarta Branch,Travel & Entertainment,Klaim Pengeluaran Operasional #479,52.75,0,0,1,17,1,Ya (Anomali),5,3
CLM-0480,IT Dept,Travel & Entertainment,Klaim Pengeluaran Operasional #480,11.61,0,0,0,12,0,Tidak,2,1
CLM-0481,Operations Dept,Konsumsi Rapat,Klaim Pengeluaran Operasional #481,15.39,0,0,0,36,0,Tidak,2,1
CLM-0482,Jakarta Branch,Sewa Kendaraan Operasional,Klaim Pengeluaran Operasional #482,18.35,1,1,0,21,0,Tidak,3,2
CLM-0483,Surabaya Branch,Konsumsi Rapat,Klaim Pengeluaran Operasional #483,9.59,0,0,0,11,0,Tidak,2,1
CLM-0484,Finance Dept,Travel & Entertainment,Klaim Pengeluaran Operasional #484,15.32,0,0,1,1,0,Ya (Anomali),3,3
CLM-0485,Finance Dept,Vendor Pihak Ketiga,Klaim Pengeluaran Operasional #485,13.67,0,0,0,36,0,Tidak,3,1
CLM-0486,Jakarta Branch,Kertas & Alat Tulis,Klaim Pengeluaran Operasional #486,35.21,0,1,0,6,1,Tidak,5,3
CLM-0487,Finance Dept,Sewa Kendaraan Operasional,Klaim Pengeluaran Operasional #487,1.2,1,0,0,25,0,Tidak,2,2
CLM-0488,Surabaya Branch,Kertas & Alat Tulis,Klaim Pengeluaran Operasional #488,5.45,0,0,0,25,0,Tidak,2,1
CLM-0489,Operations Dept,Vendor Pihak Ketiga,Klaim Pengeluaran Operasional #489,45.56,0,1,1,23,1,Ya (Anomali),5,4
CLM-0490,Surabaya Branch,Sewa Kendaraan Operasional,Klaim Pengeluaran Operasional #490,33.65,0,1,0,11,0,Tidak,5,1
CLM-0491,Surabaya Branch,Konsumsi Rapat,Klaim Pengeluaran Operasional #491,9.62,0,0,1,15,0,Tidak,2,3
CLM-0492,IT Dept,Travel & Entertainment,Klaim Pengeluaran Operasional #492,15.02,0,0,0,22,0,Tidak,2,1
CLM-0493,Medan Branch,Vendor Pihak Ketiga,Klaim Pengeluaran Operasional #493,5.37,0,1,0,39,0,Tidak,2,1
CLM-0494,Jakarta Branch,Travel & Entertainment,Klaim Pengeluaran Operasional #494,3.63,0,0,1,8,0,Tidak,1,2
CLM-0495,Operations Dept,Travel & Entertainment,Klaim Pengeluaran Operasional #495,9.85,0,0,0,31,0,Tidak,2,1
CLM-0496,Finance Dept,Kertas & Alat Tulis,Klaim Pengeluaran Operasional #496,7.04,0,1,0,14,0,Tidak,2,1
CLM-0497,Surabaya Branch,Vendor Pihak Ketiga,Klaim Pengeluaran Operasional #497,13.64,0,0,0,36,0,Tidak,2,1
CLM-0498,Jakarta Branch,Travel & Entertainment,Klaim Pengeluaran Operasional #498,1.71,0,0,0,12,0,Tidak,1,1
CLM-0499,Operations Dept,Konsumsi Rapat,Klaim Pengeluaran Operasional #499,55.47,1,0,0,4,1,Ya (Anomali),5,4
CLM-0500,Operations Dept,Sewa Kendaraan Operasional,Klaim Pengeluaran Operasional #500,64.76,0,0,0,10,0,Tidak,5,1
CLM-0501,Jakarta Branch,Vendor Pihak Ketiga,Klaim Pengeluaran Operasional #501,18.47,1,0,0,9,0,Tidak,3,2
CLM-0502,Medan Branch,Kertas & Alat Tulis,Klaim Pengeluaran Operasional #502,12.02,0,1,0,12,0,Tidak,3,1
CLM-0503,IT Dept,Vendor Pihak Ketiga,Klaim Pengeluaran Operasional #503,6.06,0,0,0,40,0,Tidak,2,1
CLM-0504,Finance Dept,Kertas & Alat Tulis,Klaim Pengeluaran Operasional #504,25.71,0,0,0,14,1,Tidak,5,2
CLM-0505,IT Dept,Sewa Kendaraan Operasional,Klaim Pengeluaran Operasional #505,17.81,0,0,0,41,0,Tidak,4,1
CLM-0506,Operations Dept,Konsumsi Rapat,Klaim Pengeluaran Operasional #506,3.16,0,0,0,6,0,Tidak,1,1
CLM-0507,Finance Dept,Travel & Entertainment,Klaim Pengeluaran Operasional #507,36.77,0,1,1,39,0,Tidak,5,2
CLM-0508,Operations Dept,Vendor Pihak Ketiga,Klaim Pengeluaran Operasional #508,26.43,0,0,0,27,1,Tidak,4,2
CLM-0509,Surabaya Branch,Kertas & Alat Tulis,Klaim Pengeluaran Operasional #509,45.38,0,0,1,31,1,Ya (Anomali),5,3
CLM-0510,Surabaya Branch,Sewa Kendaraan Operasional,Klaim Pengeluaran Operasional #510,19.9,0,0,0,34,0,Tidak,3,1
CLM-0511,Jakarta Branch,Travel & Entertainment,Klaim Pengeluaran Operasional #511,14.76,0,0,0,14,0,Tidak,2,1
CLM-0512,Finance Dept,Sewa Kendaraan Operasional,Klaim Pengeluaran Operasional #512,8.63,0,0,0,35,0,Tidak,2,1
CLM-0513,Finance Dept,Konsumsi Rapat,Klaim Pengeluaran Operasional #513,40.99,0,0,0,20,1,Tidak,5,2
CLM-0514,Operations Dept,Travel & Entertainment,Klaim Pengeluaran Operasional #514,30.66,0,1,0,5,1,Tidak,4,2
CLM-0515,IT Dept,Travel & Entertainment,Klaim Pengeluaran Operasional #515,1.19,0,0,0,0,0,Tidak,2,1
CLM-0516,Surabaya Branch,Travel & Entertainment,Klaim Pengeluaran Operasional #516,0.9,1,0,0,3,0,Tidak,1,3
CLM-0517,Bandung Branch,Kertas & Alat Tulis,Klaim Pengeluaran Operasional #517,7.59,0,0,1,10,0,Ya (Anomali),1,3
CLM-0518,Jakarta Branch,Travel & Entertainment,Klaim Pengeluaran Operasional #518,25.45,0,1,0,43,1,Tidak,4,2
CLM-0519,Finance Dept,Sewa Kendaraan Operasional,Klaim Pengeluaran Operasional #519,65.96,1,0,0,25,0,Tidak,5,2
CLM-0520,Medan Branch,Kertas & Alat Tulis,Klaim Pengeluaran Operasional #520,2.95,0,0,0,36,0,Tidak,2,1
CLM-0521,Medan Branch,Travel & Entertainment,Klaim Pengeluaran Operasional #521,14.03,0,0,0,22,0,Tidak,2,1
CLM-0522,Bandung Branch,Sewa Kendaraan Operasional,Klaim Pengeluaran Operasional #522,7.69,0,0,0,28,0,Tidak,1,1
CLM-0523,Surabaya Branch,Sewa Kendaraan Operasional,Klaim Pengeluaran Operasional #523,53.06,0,1,0,20,1,Tidak,5,2
CLM-0524,Surabaya Branch,Vendor Pihak Ketiga,Klaim Pengeluaran Operasional #524,28.19,0,0,1,44,1,Ya (Anomali),4,3
CLM-0525,Surabaya Branch,Sewa Kendaraan Operasional,Klaim Pengeluaran Operasional #525,27.83,0,0,1,44,1,Ya (Anomali),4,3
CLM-0526,IT Dept,Konsumsi Rapat,Klaim Pengeluaran Operasional #526,9.99,0,1,0,26,0,Tidak,2,1
CLM-0527,Operations Dept,Travel & Entertainment,Klaim Pengeluaran Operasional #527,8.54,0,1,0,38,0,Tidak,2,1
CLM-0528,Medan Branch,Travel & Entertainment,Klaim Pengeluaran Operasional #528,5.29,1,1,1,39,0,Ya (Anomali),2,3
CLM-0529,Surabaya Branch,Travel & Entertainment,Klaim Pengeluaran Operasional #529,1.37,0,1,0,12,0,Tidak,1,1
CLM-0530,Medan Branch,Sewa Kendaraan Operasional,Klaim Pengeluaran Operasional #530,30.51,0,0,0,22,1,Tidak,4,2
CLM-0531,Bandung Branch,Sewa Kendaraan Operasional,Klaim Pengeluaran Operasional #531,25.64,0,0,0,15,1,Tidak,4,2
CLM-0532,Jakarta Branch,Travel & Entertainment,Klaim Pengeluaran Operasional #532,123.09,0,0,0,29,1,Tidak,5,2
CLM-0533,Operations Dept,Kertas & Alat Tulis,Klaim Pengeluaran Operasional #533,85.92,0,0,0,3,0,Tidak,5,1
CLM-0534,IT Dept,Kertas & Alat Tulis,Klaim Pengeluaran Operasional #534,12.66,0,0,0,39,0,Tidak,2,1
CLM-0535,Finance Dept,Konsumsi Rapat,Klaim Pengeluaran Operasional #535,22.48,0,0,0,15,0,Tidak,4,1
CLM-0536,Bandung Branch,Vendor Pihak Ketiga,Klaim Pengeluaran Operasional #536,43.94,1,0,0,30,1,Ya (Anomali),5,4
CLM-0537,Operations Dept,Konsumsi Rapat,Klaim Pengeluaran Operasional #537,28.92,0,1,0,41,1,Tidak,5,2
CLM-0538,Medan Branch,Travel & Entertainment,Klaim Pengeluaran Operasional #538,4.76,0,0,0,24,0,Tidak,1,1
CLM-0539,Bandung Branch,Travel & Entertainment,Klaim Pengeluaran Operasional #539,9.48,0,1,0,43,0,Tidak,3,1
CLM-0540,Finance Dept,Travel & Entertainment,Klaim Pengeluaran Operasional #540,2.57,0,0,0,11,0,Tidak,1,1
CLM-0541,Operations Dept,Vendor Pihak Ketiga,Klaim Pengeluaran Operasional #541,46.7,0,0,0,25,1,Tidak,5,3
CLM-0542,IT Dept,Sewa Kendaraan Operasional,Klaim Pengeluaran Operasional #542,14.48,0,0,0,36,0,Tidak,2,1
CLM-0543,Jakarta Branch,Vendor Pihak Ketiga,Klaim Pengeluaran Operasional #543,4.39,0,0,0,32,0,Tidak,2,1
CLM-0544,Finance Dept,Konsumsi Rapat,Klaim Pengeluaran Operasional #544,17.21,0,0,1,27,0,Tidak,4,2
CLM-0545,Operations Dept,Sewa Kendaraan Operasional,Klaim Pengeluaran Operasional #545,14.94,0,1,1,8,0,Tidak,2,2
CLM-0546,IT Dept,Sewa Kendaraan Operasional,Klaim Pengeluaran Operasional #546,7.15,0,0,0,11,0,Tidak,1,1
CLM-0547,Medan Branch,Konsumsi Rapat,Klaim Pengeluaran Operasional #547,2.31,0,0,0,4,0,Tidak,2,1
CLM-0548,Finance Dept,Sewa Kendaraan Operasional,Klaim Pengeluaran Operasional #548,17.2,0,0,0,27,0,Tidak,3,1
CLM-0549,Bandung Branch,Kertas & Alat Tulis,Klaim Pengeluaran Operasional #549,11.52,0,0,0,34,0,Tidak,2,1
CLM-0550,Surabaya Branch,Konsumsi Rapat,Klaim Pengeluaran Operasional #550,22.7,0,1,1,4,0,Ya (Anomali),4,2
CLM-0551,Bandung Branch,Konsumsi Rapat,Klaim Pengeluaran Operasional #551,11.51,0,1,0,33,0,Tidak,2,1
CLM-0552,Medan Branch,Kertas & Alat Tulis,Klaim Pengeluaran Operasional #552,29.18,0,0,0,33,1,Tidak,4,2
CLM-0553,Operations Dept,Vendor Pihak Ketiga,Klaim Pengeluaran Operasional #553,12.54,0,0,0,12,0,Tidak,2,1
CLM-0554,Jakarta Branch,Vendor Pihak Ketiga,Klaim Pengeluaran Operasional #554,12.85,0,0,0,38,0,Tidak,3,1
CLM-0555,Finance Dept,Vendor Pihak Ketiga,Klaim Pengeluaran Operasional #555,31.89,1,1,0,41,0,Ya (Anomali),4,2
CLM-0556,Operations Dept,Sewa Kendaraan Operasional,Klaim Pengeluaran Operasional #556,8.25,0,0,0,44,0,Tidak,2,1
CLM-0557,Jakarta Branch,Kertas & Alat Tulis,Klaim Pengeluaran Operasional #557,2.66,1,0,0,13,0,Tidak,1,2
CLM-0558,Medan Branch,Konsumsi Rapat,Klaim Pengeluaran Operasional #558,0.94,0,1,1,10,0,Tidak,2,2
CLM-0559,Finance Dept,Konsumsi Rapat,Klaim Pengeluaran Operasional #559,21.61,0,0,1,41,0,Tidak,3,3
CLM-0560,IT Dept,Konsumsi Rapat,Klaim Pengeluaran Operasional #560,15.03,0,1,0,37,0,Tidak,2,1
CLM-0561,IT Dept,Sewa Kendaraan Operasional,Klaim Pengeluaran Operasional #561,18.76,0,0,0,3,0,Tidak,3,1
CLM-0562,Operations Dept,Sewa Kendaraan Operasional,Klaim Pengeluaran Operasional #562,4.09,0,0,0,32,0,Tidak,2,1
CLM-0563,Bandung Branch,Vendor Pihak Ketiga,Klaim Pengeluaran Operasional #563,2.7,0,0,0,6,0,Tidak,2,1
CLM-0564,Operations Dept,Sewa Kendaraan Operasional,Klaim Pengeluaran Operasional #564,0.72,0,1,0,40,0,Tidak,1,1
CLM-0565,Bandung Branch,Vendor Pihak Ketiga,Klaim Pengeluaran Operasional #565,6.98,0,1,0,7,0,Tidak,1,1
CLM-0566,Medan Branch,Vendor Pihak Ketiga,Klaim Pengeluaran Operasional #566,13.87,0,0,0,36,0,Tidak,3,1
CLM-0567,IT Dept,Konsumsi Rapat,Klaim Pengeluaran Operasional #567,7.97,0,0,0,9,0,Tidak,1,1
CLM-0568,Finance Dept,Sewa Kendaraan Operasional,Klaim Pengeluaran Operasional #568,9.13,0,0,0,42,0,Tidak,2,1
CLM-0569,IT Dept,Vendor Pihak Ketiga,Klaim Pengeluaran Operasional #569,35.68,0,1,0,14,0,Tidak,5,1
CLM-0570,Bandung Branch,Kertas & Alat Tulis,Klaim Pengeluaran Operasional #570,6.92,0,0,0,37,0,Tidak,2,1
CLM-0571,Operations Dept,Kertas & Alat Tulis,Klaim Pengeluaran Operasional #571,11.32,0,0,0,14,0,Tidak,2,1
CLM-0572,Medan Branch,Sewa Kendaraan Operasional,Klaim Pengeluaran Operasional #572,23.46,0,0,2,4,0,Tidak,3,3
CLM-0573,IT Dept,Konsumsi Rapat,Klaim Pengeluaran Operasional #573,8.08,1,1,0,28,0,Tidak,2,2
CLM-0574,Medan Branch,Konsumsi Rapat,Klaim Pengeluaran Operasional #574,15.1,1,0,0,18,0,Ya (Anomali),2,2
CLM-0575,IT Dept,Vendor Pihak Ketiga,Klaim Pengeluaran Operasional #575,30.25,0,0,1,9,1,Ya (Anomali),5,3
CLM-0576,Operations Dept,Sewa Kendaraan Operasional,Klaim Pengeluaran Operasional #576,45.29,0,0,2,11,1,Ya (Anomali),5,4
CLM-0577,Jakarta Branch,Kertas & Alat Tulis,Klaim Pengeluaran Operasional #577,2.89,0,1,0,3,0,Tidak,2,1
CLM-0578,Operations Dept,Vendor Pihak Ketiga,Klaim Pengeluaran Operasional #578,39.67,0,0,1,30,1,Ya (Anomali),5,3
CLM-0579,IT Dept,Vendor Pihak Ketiga,Klaim Pengeluaran Operasional #579,10.66,0,0,0,17,0,Tidak,2,1
CLM-0580,Bandung Branch,Travel & Entertainment,Klaim Pengeluaran Operasional #580,4.98,0,1,0,15,0,Tidak,1,1
CLM-0581,Operations Dept,Sewa Kendaraan Operasional,Klaim Pengeluaran Operasional #581,9.72,0,0,0,39,0,Tidak,2,1
CLM-0582,Finance Dept,Vendor Pihak Ketiga,Klaim Pengeluaran Operasional #582,59.2,1,0,0,35,1,Ya (Anomali),5,4
CLM-0583,Bandung Branch,Kertas & Alat Tulis,Klaim Pengeluaran Operasional #583,10.68,0,0,0,24,0,Tidak,2,1
CLM-0584,Bandung Branch,Travel & Entertainment,Klaim Pengeluaran Operasional #584,6.48,0,1,0,22,0,Tidak,1,1
CLM-0585,Bandung Branch,Kertas & Alat Tulis,Klaim Pengeluaran Operasional #585,15.55,0,0,0,11,0,Tidak,2,1
CLM-0586,Medan Branch,Konsumsi Rapat,Klaim Pengeluaran Operasional #586,4.62,1,1,0,33,0,Ya (Anomali),2,2
CLM-0587,Surabaya Branch,Travel & Entertainment,Klaim Pengeluaran Operasional #587,1.68,0,0,0,35,0,Tidak,2,1
CLM-0588,Surabaya Branch,Travel & Entertainment,Klaim Pengeluaran Operasional #588,2.57,0,0,0,36,0,Tidak,2,1
CLM-0589,Jakarta Branch,Vendor Pihak Ketiga,Klaim Pengeluaran Operasional #589,2.56,0,0,0,2,0,Tidak,1,1
CLM-0590,Bandung Branch,Konsumsi Rapat,Klaim Pengeluaran Operasional #590,2.97,0,1,0,8,0,Tidak,1,1
CLM-0591,Surabaya Branch,Vendor Pihak Ketiga,Klaim Pengeluaran Operasional #591,2.74,0,0,1,17,0,Tidak,1,3
CLM-0592,Jakarta Branch,Sewa Kendaraan Operasional,Klaim Pengeluaran Operasional #592,15.86,0,1,1,42,0,Ya (Anomali),2,2
CLM-0593,Medan Branch,Kertas & Alat Tulis,Klaim Pengeluaran Operasional #593,3.51,0,0,0,34,0,Tidak,1,1
CLM-0594,Bandung Branch,Kertas & Alat Tulis,Klaim Pengeluaran Operasional #594,6.86,0,0,1,33,0,Tidak,1,2
CLM-0595,Finance Dept,Vendor Pihak Ketiga,Klaim Pengeluaran Operasional #595,34.56,0,0,0,40,1,Tidak,5,2
CLM-0596,Medan Branch,Kertas & Alat Tulis,Klaim Pengeluaran Operasional #596,10.14,0,1,0,13,0,Tidak,2,1
CLM-0597,Jakarta Branch,Kertas & Alat Tulis,Klaim Pengeluaran Operasional #597,17.02,0,0,0,3,0,Tidak,3,1
CLM-0598,Medan Branch,Sewa Kendaraan Operasional,Klaim Pengeluaran Operasional #598,3.34,0,0,0,28,0,Tidak,1,1
CLM-0599,Finance Dept,Konsumsi Rapat,Klaim Pengeluaran Operasional #599,3.7,0,0,0,40,0,Tidak,1,1
CLM-0600,Medan Branch,Travel & Entertainment,Klaim Pengeluaran Operasional #600,1.13,0,1,0,44,0,Tidak,1,1
CLM-0601,Jakarta Branch,Vendor Pihak Ketiga,Klaim Pengeluaran Operasional #601,3.28,1,0,1,14,0,Ya (Anomali),1,3
CLM-0602,Finance Dept,Vendor Pihak Ketiga,Klaim Pengeluaran Operasional #602,5.4,0,1,0,27,0,Tidak,1,1
CLM-0603,Finance Dept,Sewa Kendaraan Operasional,Klaim Pengeluaran Operasional #603,3.42,0,0,0,41,0,Tidak,2,1
CLM-0604,Medan Branch,Sewa Kendaraan Operasional,Klaim Pengeluaran Operasional #604,1.89,0,0,1,15,0,Tidak,2,2
CLM-0605,Finance Dept,Travel & Entertainment,Klaim Pengeluaran Operasional #605,2.43,0,0,0,11,0,Tidak,1,1
CLM-0606,Operations Dept,Konsumsi Rapat,Klaim Pengeluaran Operasional #606,9.76,0,1,0,4,0,Tidak,2,1
CLM-0607,Medan Branch,Vendor Pihak Ketiga,Klaim Pengeluaran Operasional #607,3.97,0,1,0,33,0,Tidak,1,1
CLM-0608,Bandung Branch,Sewa Kendaraan Operasional,Klaim Pengeluaran Operasional #608,7.29,0,0,0,41,0,Tidak,2,1
CLM-0609,Finance Dept,Vendor Pihak Ketiga,Klaim Pengeluaran Operasional #609,11.0,0,0,0,0,0,Tidak,3,1
CLM-0610,Medan Branch,Kertas & Alat Tulis,Klaim Pengeluaran Operasional #610,18.09,0,0,0,38,0,Tidak,3,1
CLM-0611,Bandung Branch,Vendor Pihak Ketiga,Klaim Pengeluaran Operasional #611,1.1,0,0,0,31,0,Tidak,1,1
CLM-0612,Finance Dept,Konsumsi Rapat,Klaim Pengeluaran Operasional #612,24.6,0,0,0,25,0,Tidak,4,1
CLM-0613,Bandung Branch,Konsumsi Rapat,Klaim Pengeluaran Operasional #613,15.33,0,0,0,16,0,Tidak,2,1
CLM-0614,IT Dept,Vendor Pihak Ketiga,Klaim Pengeluaran Operasional #614,1.78,0,0,0,26,0,Tidak,1,1
CLM-0615,Finance Dept,Kertas & Alat Tulis,Klaim Pengeluaran Operasional #615,31.52,0,0,0,23,0,Tidak,4,1
CLM-0616,IT Dept,Konsumsi Rapat,Klaim Pengeluaran Operasional #616,38.55,1,0,1,34,1,Ya (Anomali),5,5
CLM-0617,Jakarta Branch,Sewa Kendaraan Operasional,Klaim Pengeluaran Operasional #617,1.45,0,0,0,41,0,Tidak,1,1
CLM-0618,Jakarta Branch,Vendor Pihak Ketiga,Klaim Pengeluaran Operasional #618,5.36,0,0,0,38,0,Tidak,2,1
CLM-0619,Medan Branch,Kertas & Alat Tulis,Klaim Pengeluaran Operasional #619,25.11,0,0,0,25,1,Tidak,5,3
CLM-0620,Surabaya Branch,Sewa Kendaraan Operasional,Klaim Pengeluaran Operasional #620,21.19,0,1,0,37,0,Tidak,3,1
CLM-0621,IT Dept,Vendor Pihak Ketiga,Klaim Pengeluaran Operasional #621,3.56,0,0,0,22,0,Tidak,1,1
CLM-0622,IT Dept,Kertas & Alat Tulis,Klaim Pengeluaran Operasional #622,4.02,0,0,0,21,0,Tidak,1,1
CLM-0623,Jakarta Branch,Sewa Kendaraan Operasional,Klaim Pengeluaran Operasional #623,7.44,0,0,1,3,0,Tidak,1,2
CLM-0624,IT Dept,Konsumsi Rapat,Klaim Pengeluaran Operasional #624,10.44,0,0,1,8,0,Tidak,2,2
CLM-0625,Surabaya Branch,Vendor Pihak Ketiga,Klaim Pengeluaran Operasional #625,14.95,0,0,0,3,0,Tidak,2,1
CLM-0626,Bandung Branch,Vendor Pihak Ketiga,Klaim Pengeluaran Operasional #626,7.4,0,0,1,6,0,Ya (Anomali),2,2
CLM-0627,Bandung Branch,Konsumsi Rapat,Klaim Pengeluaran Operasional #627,9.81,0,1,0,22,0,Tidak,2,1
CLM-0628,Surabaya Branch,Travel & Entertainment,Klaim Pengeluaran Operasional #628,21.14,1,0,0,1,0,Ya (Anomali),3,4
CLM-0629,IT Dept,Sewa Kendaraan Operasional,Klaim Pengeluaran Operasional #629,1.06,0,0,0,23,0,Tidak,1,1
CLM-0630,IT Dept,Konsumsi Rapat,Klaim Pengeluaran Operasional #630,4.86,0,0,0,39,0,Tidak,1,1
CLM-0631,IT Dept,Vendor Pihak Ketiga,Klaim Pengeluaran Operasional #631,19.24,1,0,0,30,0,Ya (Anomali),3,2
CLM-0632,Operations Dept,Sewa Kendaraan Operasional,Klaim Pengeluaran Operasional #632,34.34,0,0,0,30,0,Tidak,5,1
CLM-0633,Medan Branch,Sewa Kendaraan Operasional,Klaim Pengeluaran Operasional #633,11.25,0,1,0,39,0,Tidak,3,1
CLM-0634,Finance Dept,Travel & Entertainment,Klaim Pengeluaran Operasional #634,11.89,0,0,1,42,0,Tidak,2,2
CLM-0635,Surabaya Branch,Vendor Pihak Ketiga,Klaim Pengeluaran Operasional #635,2.2,0,0,0,33,0,Tidak,1,1
CLM-0636,Surabaya Branch,Kertas & Alat Tulis,Klaim Pengeluaran Operasional #636,9.4,0,0,0,23,0,Tidak,3,1
CLM-0637,Operations Dept,Travel & Entertainment,Klaim Pengeluaran Operasional #637,11.91,0,0,0,25,0,Tidak,2,1
CLM-0638,Surabaya Branch,Travel & Entertainment,Klaim Pengeluaran Operasional #638,4.67,0,1,1,15,0,Tidak,2,3
CLM-0639,Surabaya Branch,Kertas & Alat Tulis,Klaim Pengeluaran Operasional #639,5.21,1,0,0,12,0,Ya (Anomali),1,2
CLM-0640,Operations Dept,Kertas & Alat Tulis,Klaim Pengeluaran Operasional #640,7.6,0,0,0,14,0,Tidak,1,1
CLM-0641,Surabaya Branch,Travel & Entertainment,Klaim Pengeluaran Operasional #641,0.8,0,0,0,26,0,Tidak,1,1
CLM-0642,IT Dept,Sewa Kendaraan Operasional,Klaim Pengeluaran Operasional #642,6.33,0,1,0,3,0,Tidak,1,1
CLM-0643,Operations Dept,Konsumsi Rapat,Klaim Pengeluaran Operasional #643,4.06,0,0,1,15,0,Tidak,2,2
CLM-0644,Medan Branch,Konsumsi Rapat,Klaim Pengeluaran Operasional #644,6.45,0,0,0,29,0,Tidak,1,1
CLM-0645,Jakarta Branch,Travel & Entertainment,Klaim Pengeluaran Operasional #645,2.41,1,0,0,43,0,Ya (Anomali),1,3
CLM-0646,IT Dept,Sewa Kendaraan Operasional,Klaim Pengeluaran Operasional #646,33.68,0,0,1,29,1,Ya (Anomali),5,4
CLM-0647,IT Dept,Kertas & Alat Tulis,Klaim Pengeluaran Operasional #647,14.01,0,0,0,35,0,Tidak,3,1
CLM-0648,Finance Dept,Travel & Entertainment,Klaim Pengeluaran Operasional #648,17.55,0,0,0,2,0,Tidak,3,1
CLM-0649,Operations Dept,Vendor Pihak Ketiga,Klaim Pengeluaran Operasional #649,23.85,1,0,0,21,0,Tidak,4,2
CLM-0650,Jakarta Branch,Sewa Kendaraan Operasional,Klaim Pengeluaran Operasional #650,10.85,0,0,1,21,0,Tidak,2,2
CLM-0651,Surabaya Branch,Vendor Pihak Ketiga,Klaim Pengeluaran Operasional #651,1.86,0,0,0,11,0,Tidak,1,1
CLM-0652,Jakarta Branch,Vendor Pihak Ketiga,Klaim Pengeluaran Operasional #652,12.05,0,0,0,20,0,Tidak,2,1
CLM-0653,Medan Branch,Travel & Entertainment,Klaim Pengeluaran Operasional #653,13.76,0,0,0,3,0,Tidak,2,1
CLM-0654,Bandung Branch,Sewa Kendaraan Operasional,Klaim Pengeluaran Operasional #654,21.02,0,0,0,30,0,Tidak,3,1
CLM-0655,IT Dept,Vendor Pihak Ketiga,Klaim Pengeluaran Operasional #655,8.98,1,0,0,43,0,Tidak,2,2
CLM-0656,Operations Dept,Sewa Kendaraan Operasional,Klaim Pengeluaran Operasional #656,2.55,0,1,0,30,0,Tidak,1,1
CLM-0657,Operations Dept,Konsumsi Rapat,Klaim Pengeluaran Operasional #657,5.51,0,0,2,22,0,Tidak,1,4
CLM-0658,Jakarta Branch,Vendor Pihak Ketiga,Klaim Pengeluaran Operasional #658,7.27,0,0,0,19,0,Tidak,1,1
CLM-0659,Finance Dept,Vendor Pihak Ketiga,Klaim Pengeluaran Operasional #659,16.07,0,0,0,14,0,Tidak,3,1
CLM-0660,Medan Branch,Sewa Kendaraan Operasional,Klaim Pengeluaran Operasional #660,13.19,0,1,0,22,0,Tidak,3,1
CLM-0661,Bandung Branch,Konsumsi Rapat,Klaim Pengeluaran Operasional #661,7.1,0,0,0,27,0,Tidak,1,1
CLM-0662,Medan Branch,Vendor Pihak Ketiga,Klaim Pengeluaran Operasional #662,65.09,0,0,1,15,1,Ya (Anomali),5,3
CLM-0663,Operations Dept,Travel & Entertainment,Klaim Pengeluaran Operasional #663,14.46,0,0,0,36,0,Tidak,2,1
CLM-0664,Surabaya Branch,Sewa Kendaraan Operasional,Klaim Pengeluaran Operasional #664,4.56,0,0,0,20,0,Tidak,1,1
CLM-0665,Bandung Branch,Sewa Kendaraan Operasional,Klaim Pengeluaran Operasional #665,2.11,1,0,0,14,0,Ya (Anomali),1,2
CLM-0666,Operations Dept,Vendor Pihak Ketiga,Klaim Pengeluaran Operasional #666,2.99,1,0,0,16,0,Ya (Anomali),1,3
CLM-0667,Finance Dept,Konsumsi Rapat,Klaim Pengeluaran Operasional #667,4.73,0,0,0,36,0,Tidak,1,1
CLM-0668,Bandung Branch,Vendor Pihak Ketiga,Klaim Pengeluaran Operasional #668,3.13,0,1,0,12,0,Tidak,1,1
CLM-0669,Operations Dept,Kertas & Alat Tulis,Klaim Pengeluaran Operasional #669,3.6,0,0,1,18,0,Tidak,1,3
CLM-0670,Finance Dept,Vendor Pihak Ketiga,Klaim Pengeluaran Operasional #670,5.53,0,0,1,29,0,Tidak,1,2
CLM-0671,Surabaya Branch,Kertas & Alat Tulis,Klaim Pengeluaran Operasional #671,3.36,0,0,0,44,0,Tidak,2,1
CLM-0672,Finance Dept,Travel & Entertainment,Klaim Pengeluaran Operasional #672,34.56,0,0,1,17,1,Ya (Anomali),5,4
CLM-0673,Medan Branch,Sewa Kendaraan Operasional,Klaim Pengeluaran Operasional #673,1.75,0,0,0,13,0,Tidak,1,1
CLM-0674,Jakarta Branch,Sewa Kendaraan Operasional,Klaim Pengeluaran Operasional #674,11.65,0,0,0,35,0,Tidak,2,1
CLM-0675,Medan Branch,Konsumsi Rapat,Klaim Pengeluaran Operasional #675,8.42,0,0,0,35,0,Tidak,3,1
CLM-0676,Operations Dept,Vendor Pihak Ketiga,Klaim Pengeluaran Operasional #676,61.08,0,1,0,19,1,Tidak,5,3
CLM-0677,Operations Dept,Travel & Entertainment,Klaim Pengeluaran Operasional #677,2.28,0,1,0,18,0,Tidak,1,1
CLM-0678,IT Dept,Kertas & Alat Tulis,Klaim Pengeluaran Operasional #678,8.11,0,0,0,44,0,Tidak,2,1
CLM-0679,Medan Branch,Konsumsi Rapat,Klaim Pengeluaran Operasional #679,52.84,0,0,0,43,1,Tidak,5,3
CLM-0680,Bandung Branch,Travel & Entertainment,Klaim Pengeluaran Operasional #680,30.59,0,1,0,6,1,Tidak,5,2
CLM-0681,Surabaya Branch,Travel & Entertainment,Klaim Pengeluaran Operasional #681,25.98,0,0,0,43,1,Tidak,4,2
CLM-0682,IT Dept,Kertas & Alat Tulis,Klaim Pengeluaran Operasional #682,4.97,0,1,1,3,0,Tidak,1,2
CLM-0683,IT Dept,Kertas & Alat Tulis,Klaim Pengeluaran Operasional #683,3.31,0,0,0,33,0,Tidak,2,1
CLM-0684,IT Dept,Sewa Kendaraan Operasional,Klaim Pengeluaran Operasional #684,17.07,0,0,0,1,0,Tidak,4,1
CLM-0685,Operations Dept,Vendor Pihak Ketiga,Klaim Pengeluaran Operasional #685,40.26,0,0,0,4,1,Tidak,5,3
CLM-0686,Jakarta Branch,Konsumsi Rapat,Klaim Pengeluaran Operasional #686,12.7,0,0,0,9,0,Tidak,3,1
CLM-0687,Finance Dept,Vendor Pihak Ketiga,Klaim Pengeluaran Operasional #687,13.22,0,0,1,31,0,Tidak,2,2
CLM-0688,Bandung Branch,Konsumsi Rapat,Klaim Pengeluaran Operasional #688,5.43,0,0,0,41,0,Tidak,2,1
CLM-0689,Operations Dept,Travel & Entertainment,Klaim Pengeluaran Operasional #689,22.51,0,0,0,40,0,Tidak,3,1
CLM-0690,Surabaya Branch,Kertas & Alat Tulis,Klaim Pengeluaran Operasional #690,3.61,1,0,1,12,0,Ya (Anomali),2,3
CLM-0691,Operations Dept,Kertas & Alat Tulis,Klaim Pengeluaran Operasional #691,6.37,0,0,0,38,0,Tidak,1,1
CLM-0692,Jakarta Branch,Travel & Entertainment,Klaim Pengeluaran Operasional #692,8.81,0,1,0,4,0,Tidak,3,1
CLM-0693,Operations Dept,Travel & Entertainment,Klaim Pengeluaran Operasional #693,11.13,0,0,0,9,0,Tidak,2,1
CLM-0694,Operations Dept,Konsumsi Rapat,Klaim Pengeluaran Operasional #694,4.66,0,1,1,9,0,Tidak,1,3
CLM-0695,Medan Branch,Travel & Entertainment,Klaim Pengeluaran Operasional #695,2.33,0,0,0,37,0,Tidak,1,1
CLM-0696,Surabaya Branch,Konsumsi Rapat,Klaim Pengeluaran Operasional #696,14.65,0,0,0,26,0,Tidak,2,1
CLM-0697,IT Dept,Vendor Pihak Ketiga,Klaim Pengeluaran Operasional #697,5.61,0,1,0,20,0,Tidak,2,1
CLM-0698,Surabaya Branch,Kertas & Alat Tulis,Klaim Pengeluaran Operasional #698,13.56,0,0,0,7,0,Tidak,3,1
CLM-0699,Surabaya Branch,Kertas & Alat Tulis,Klaim Pengeluaran Operasional #699,3.01,0,0,0,0,0,Tidak,1,1
CLM-0700,Medan Branch,Kertas & Alat Tulis,Klaim Pengeluaran Operasional #700,10.34,0,0,0,27,0,Tidak,2,1
CLM-0701,Finance Dept,Vendor Pihak Ketiga,Klaim Pengeluaran Operasional #701,11.91,0,0,0,38,0,Tidak,3,1
CLM-0702,Operations Dept,Vendor Pihak Ketiga,Klaim Pengeluaran Operasional #702,1.3,0,0,1,13,0,Tidak,2,2
CLM-0703,Bandung Branch,Sewa Kendaraan Operasional,Klaim Pengeluaran Operasional #703,6.66,0,1,1,20,0,Tidak,2,3
CLM-0704,IT Dept,Konsumsi Rapat,Klaim Pengeluaran Operasional #704,2.67,0,0,0,29,0,Tidak,2,1
CLM-0705,Finance Dept,Konsumsi Rapat,Klaim Pengeluaran Operasional #705,1.48,0,0,1,20,0,Tidak,2,3
CLM-0706,Jakarta Branch,Sewa Kendaraan Operasional,Klaim Pengeluaran Operasional #706,69.52,0,0,0,8,1,Tidak,5,2
CLM-0707,Operations Dept,Kertas & Alat Tulis,Klaim Pengeluaran Operasional #707,6.34,1,0,0,16,0,Tidak,2,3
CLM-0708,IT Dept,Konsumsi Rapat,Klaim Pengeluaran Operasional #708,25.4,0,0,0,4,0,Tidak,4,1
CLM-0709,Bandung Branch,Konsumsi Rapat,Klaim Pengeluaran Operasional #709,4.91,0,0,1,30,0,Ya (Anomali),2,2
CLM-0710,Operations Dept,Kertas & Alat Tulis,Klaim Pengeluaran Operasional #710,17.66,0,0,1,39,0,Tidak,4,3
CLM-0711,Jakarta Branch,Travel & Entertainment,Klaim Pengeluaran Operasional #711,21.92,0,0,0,37,0,Tidak,3,1
CLM-0712,Medan Branch,Travel & Entertainment,Klaim Pengeluaran Operasional #712,14.08,0,0,1,42,0,Tidak,2,2
CLM-0713,Finance Dept,Sewa Kendaraan Operasional,Klaim Pengeluaran Operasional #713,10.07,1,0,0,18,0,Ya (Anomali),2,2
CLM-0714,Operations Dept,Vendor Pihak Ketiga,Klaim Pengeluaran Operasional #714,8.46,0,0,1,35,0,Tidak,2,3
CLM-0715,IT Dept,Konsumsi Rapat,Klaim Pengeluaran Operasional #715,6.94,0,0,1,32,0,Tidak,1,2
CLM-0716,Surabaya Branch,Konsumsi Rapat,Klaim Pengeluaran Operasional #716,40.29,0,1,0,12,0,Tidak,5,1
CLM-0717,Bandung Branch,Sewa Kendaraan Operasional,Klaim Pengeluaran Operasional #717,27.13,1,0,0,13,1,Ya (Anomali),4,5
CLM-0718,Operations Dept,Sewa Kendaraan Operasional,Klaim Pengeluaran Operasional #718,50.8,0,0,0,32,1,Tidak,5,3
CLM-0719,IT Dept,Konsumsi Rapat,Klaim Pengeluaran Operasional #719,2.49,0,0,0,28,0,Tidak,2,1
CLM-0720,Surabaya Branch,Kertas & Alat Tulis,Klaim Pengeluaran Operasional #720,20.19,0,0,0,42,0,Tidak,4,1
CLM-0721,IT Dept,Kertas & Alat Tulis,Klaim Pengeluaran Operasional #721,42.29,0,0,0,35,1,Tidak,5,2
CLM-0722,Operations Dept,Vendor Pihak Ketiga,Klaim Pengeluaran Operasional #722,3.5,0,0,1,43,0,Tidak,2,3
CLM-0723,Jakarta Branch,Konsumsi Rapat,Klaim Pengeluaran Operasional #723,1.53,0,0,0,9,0,Tidak,1,1
CLM-0724,Surabaya Branch,Konsumsi Rapat,Klaim Pengeluaran Operasional #724,20.77,0,0,0,30,0,Tidak,3,1
CLM-0725,Surabaya Branch,Konsumsi Rapat,Klaim Pengeluaran Operasional #725,13.32,0,0,1,5,0,Tidak,2,2
CLM-0726,IT Dept,Konsumsi Rapat,Klaim Pengeluaran Operasional #726,28.16,0,0,1,0,1,Ya (Anomali),4,4
CLM-0727,Medan Branch,Sewa Kendaraan Operasional,Klaim Pengeluaran Operasional #727,2.76,0,0,0,6,0,Tidak,1,1
CLM-0728,Operations Dept,Travel & Entertainment,Klaim Pengeluaran Operasional #728,24.29,0,0,2,26,0,Tidak,5,3
CLM-0729,Medan Branch,Konsumsi Rapat,Klaim Pengeluaran Operasional #729,3.88,0,1,0,20,0,Tidak,2,1
CLM-0730,Finance Dept,Travel & Entertainment,Klaim Pengeluaran Operasional #730,3.18,0,1,1,27,0,Tidak,1,2
CLM-0731,Jakarta Branch,Kertas & Alat Tulis,Klaim Pengeluaran Operasional #731,3.19,0,1,0,15,0,Tidak,1,1
CLM-0732,Medan Branch,Vendor Pihak Ketiga,Klaim Pengeluaran Operasional #732,25.78,0,1,0,22,1,Tidak,4,2
CLM-0733,IT Dept,Kertas & Alat Tulis,Klaim Pengeluaran Operasional #733,16.91,0,1,0,19,0,Tidak,4,1
CLM-0734,Operations Dept,Konsumsi Rapat,Klaim Pengeluaran Operasional #734,11.61,0,0,0,37,0,Tidak,3,1
CLM-0735,Medan Branch,Kertas & Alat Tulis,Klaim Pengeluaran Operasional #735,7.17,0,0,0,24,0,Tidak,1,1
CLM-0736,Finance Dept,Sewa Kendaraan Operasional,Klaim Pengeluaran Operasional #736,31.96,0,0,0,27,0,Tidak,4,1
CLM-0737,Bandung Branch,Travel & Entertainment,Klaim Pengeluaran Operasional #737,7.97,0,0,0,4,0,Tidak,1,1
CLM-0738,Finance Dept,Konsumsi Rapat,Klaim Pengeluaran Operasional #738,25.94,0,0,1,20,1,Ya (Anomali),4,3
CLM-0739,Surabaya Branch,Sewa Kendaraan Operasional,Klaim Pengeluaran Operasional #739,9.17,0,0,0,17,0,Tidak,2,1
CLM-0740,Operations Dept,Travel & Entertainment,Klaim Pengeluaran Operasional #740,7.6,0,0,0,5,0,Tidak,1,1
CLM-0741,Surabaya Branch,Sewa Kendaraan Operasional,Klaim Pengeluaran Operasional #741,9.82,0,0,0,28,0,Tidak,2,1
CLM-0742,Medan Branch,Kertas & Alat Tulis,Klaim Pengeluaran Operasional #742,5.88,0,1,0,18,0,Tidak,1,1
CLM-0743,Medan Branch,Konsumsi Rapat,Klaim Pengeluaran Operasional #743,21.15,0,0,1,32,0,Tidak,3,3
CLM-0744,Finance Dept,Kertas & Alat Tulis,Klaim Pengeluaran Operasional #744,10.98,0,0,1,0,0,Ya (Anomali),2,3
CLM-0745,Finance Dept,Vendor Pihak Ketiga,Klaim Pengeluaran Operasional #745,4.46,0,0,0,44,0,Tidak,2,1
CLM-0746,IT Dept,Konsumsi Rapat,Klaim Pengeluaran Operasional #746,34.98,0,0,0,2,1,Tidak,5,4
CLM-0747,Jakarta Branch,Kertas & Alat Tulis,Klaim Pengeluaran Operasional #747,7.76,0,1,1,41,0,Tidak,2,3
CLM-0748,IT Dept,Konsumsi Rapat,Klaim Pengeluaran Operasional #748,12.26,0,0,0,20,0,Tidak,3,1
CLM-0749,Surabaya Branch,Travel & Entertainment,Klaim Pengeluaran Operasional #749,36.04,0,1,1,34,1,Ya (Anomali),5,4
CLM-0750,IT Dept,Konsumsi Rapat,Klaim Pengeluaran Operasional #750,15.18,0,0,0,40,0,Tidak,2,1
CLM-0751,Finance Dept,Konsumsi Rapat,Klaim Pengeluaran Operasional #751,2.36,0,0,1,39,0,Tidak,2,2
CLM-0752,Operations Dept,Travel & Entertainment,Klaim Pengeluaran Operasional #752,42.66,0,0,0,2,1,Tidak,5,3
CLM-0753,IT Dept,Kertas & Alat Tulis,Klaim Pengeluaran Operasional #753,15.32,0,0,0,24,0,Tidak,2,1
CLM-0754,Bandung Branch,Konsumsi Rapat,Klaim Pengeluaran Operasional #754,6.62,0,0,1,44,0,Tidak,1,2
CLM-0755,Jakarta Branch,Sewa Kendaraan Operasional,Klaim Pengeluaran Operasional #755,2.75,1,0,0,37,0,Tidak,1,2
CLM-0756,Finance Dept,Konsumsi Rapat,Klaim Pengeluaran Operasional #756,24.2,1,0,0,44,0,Ya (Anomali),4,2
CLM-0757,Operations Dept,Kertas & Alat Tulis,Klaim Pengeluaran Operasional #757,15.02,0,1,0,19,0,Tidak,2,1
CLM-0758,Medan Branch,Travel & Entertainment,Klaim Pengeluaran Operasional #758,11.94,0,0,0,43,0,Tidak,3,1
CLM-0759,IT Dept,Kertas & Alat Tulis,Klaim Pengeluaran Operasional #759,34.15,0,1,0,44,1,Tidak,5,3
CLM-0760,Finance Dept,Vendor Pihak Ketiga,Klaim Pengeluaran Operasional #760,23.81,0,0,0,33,0,Tidak,4,1
CLM-0761,Medan Branch,Konsumsi Rapat,Klaim Pengeluaran Operasional #761,2.97,0,0,0,20,0,Tidak,1,1
CLM-0762,Medan Branch,Konsumsi Rapat,Klaim Pengeluaran Operasional #762,6.1,0,0,0,22,0,Tidak,2,1
CLM-0763,Surabaya Branch,Travel & Entertainment,Klaim Pengeluaran Operasional #763,4.79,0,0,1,5,0,Ya (Anomali),1,3
CLM-0764,Surabaya Branch,Konsumsi Rapat,Klaim Pengeluaran Operasional #764,20.94,0,0,0,12,0,Tidak,3,1
CLM-0765,Operations Dept,Sewa Kendaraan Operasional,Klaim Pengeluaran Operasional #765,1.01,0,0,0,22,0,Tidak,1,1
CLM-0766,Finance Dept,Sewa Kendaraan Operasional,Klaim Pengeluaran Operasional #766,13.16,0,0,0,8,0,Tidak,2,1
CLM-0767,Operations Dept,Kertas & Alat Tulis,Klaim Pengeluaran Operasional #767,22.06,0,1,0,16,0,Tidak,3,1
CLM-0768,Finance Dept,Travel & Entertainment,Klaim Pengeluaran Operasional #768,31.91,0,0,0,1,1,Tidak,4,4
CLM-0769,Bandung Branch,Vendor Pihak Ketiga,Klaim Pengeluaran Operasional #769,6.78,0,1,0,18,0,Tidak,1,1
CLM-0770,Jakarta Branch,Kertas & Alat Tulis,Klaim Pengeluaran Operasional #770,26.33,0,0,0,18,1,Tidak,4,2
CLM-0771,Jakarta Branch,Travel & Entertainment,Klaim Pengeluaran Operasional #771,2.26,0,0,0,6,0,Tidak,2,1
CLM-0772,Finance Dept,Travel & Entertainment,Klaim Pengeluaran Operasional #772,28.61,0,0,0,41,1,Tidak,5,2
CLM-0773,Surabaya Branch,Kertas & Alat Tulis,Klaim Pengeluaran Operasional #773,2.55,0,0,0,41,0,Tidak,1,1
CLM-0774,IT Dept,Kertas & Alat Tulis,Klaim Pengeluaran Operasional #774,8.09,0,0,0,19,0,Tidak,2,1
CLM-0775,Operations Dept,Konsumsi Rapat,Klaim Pengeluaran Operasional #775,24.44,0,0,0,8,0,Tidak,5,1
CLM-0776,Bandung Branch,Vendor Pihak Ketiga,Klaim Pengeluaran Operasional #776,2.94,1,0,0,16,0,Ya (Anomali),1,2
CLM-0777,Jakarta Branch,Sewa Kendaraan Operasional,Klaim Pengeluaran Operasional #777,4.41,0,0,0,26,0,Tidak,1,1
CLM-0778,Finance Dept,Konsumsi Rapat,Klaim Pengeluaran Operasional #778,19.72,0,1,1,1,0,Tidak,3,3
CLM-0779,Surabaya Branch,Travel & Entertainment,Klaim Pengeluaran Operasional #779,19.6,0,1,0,35,0,Tidak,3,1
CLM-0780,Surabaya Branch,Vendor Pihak Ketiga,Klaim Pengeluaran Operasional #780,15.87,0,0,0,18,0,Tidak,2,1
CLM-0781,Surabaya Branch,Vendor Pihak Ketiga,Klaim Pengeluaran Operasional #781,18.26,0,0,0,16,0,Tidak,3,1
CLM-0782,Operations Dept,Kertas & Alat Tulis,Klaim Pengeluaran Operasional #782,12.24,0,0,0,4,0,Tidak,2,1
CLM-0783,IT Dept,Vendor Pihak Ketiga,Klaim Pengeluaran Operasional #783,4.85,0,0,0,38,0,Tidak,1,1
CLM-0784,Medan Branch,Vendor Pihak Ketiga,Klaim Pengeluaran Operasional #784,6.86,0,0,0,17,0,Tidak,2,1
CLM-0785,Operations Dept,Travel & Entertainment,Klaim Pengeluaran Operasional #785,3.51,0,0,1,6,0,Tidak,1,3
CLM-0786,IT Dept,Konsumsi Rapat,Klaim Pengeluaran Operasional #786,36.36,0,0,0,16,1,Tidak,5,2
CLM-0787,Surabaya Branch,Vendor Pihak Ketiga,Klaim Pengeluaran Operasional #787,13.63,0,0,1,38,0,Tidak,2,2
CLM-0788,Finance Dept,Kertas & Alat Tulis,Klaim Pengeluaran Operasional #788,8.18,0,0,0,35,0,Tidak,2,1
CLM-0789,Bandung Branch,Konsumsi Rapat,Klaim Pengeluaran Operasional #789,9.8,0,1,0,39,0,Tidak,2,1
CLM-0790,IT Dept,Kertas & Alat Tulis,Klaim Pengeluaran Operasional #790,44.64,0,1,0,44,1,Tidak,5,2
CLM-0791,Finance Dept,Vendor Pihak Ketiga,Klaim Pengeluaran Operasional #791,3.0,0,0,0,3,0,Tidak,1,1
CLM-0792,Operations Dept,Konsumsi Rapat,Klaim Pengeluaran Operasional #792,13.74,0,1,0,37,0,Tidak,2,1
CLM-0793,Operations Dept,Vendor Pihak Ketiga,Klaim Pengeluaran Operasional #793,11.07,0,1,0,24,0,Tidak,2,1
CLM-0794,Surabaya Branch,Travel & Entertainment,Klaim Pengeluaran Operasional #794,14.68,0,0,0,4,0,Tidak,2,1
CLM-0795,Bandung Branch,Konsumsi Rapat,Klaim Pengeluaran Operasional #795,0.77,0,0,1,29,0,Tidak,2,2
CLM-0796,Jakarta Branch,Kertas & Alat Tulis,Klaim Pengeluaran Operasional #796,31.35,0,0,1,11,0,Tidak,4,2
CLM-0797,Jakarta Branch,Travel & Entertainment,Klaim Pengeluaran Operasional #797,40.85,1,1,0,3,0,Tidak,5,2
CLM-0798,Operations Dept,Sewa Kendaraan Operasional,Klaim Pengeluaran Operasional #798,12.99,0,1,0,23,0,Tidak,2,1
CLM-0799,Finance Dept,Kertas & Alat Tulis,Klaim Pengeluaran Operasional #799,18.39,0,0,0,28,0,Tidak,3,1
CLM-0800,Bandung Branch,Vendor Pihak Ketiga,Klaim Pengeluaran Operasional #800,38.86,0,0,0,8,1,Tidak,5,2
CLM-0801,Finance Dept,Kertas & Alat Tulis,Klaim Pengeluaran Operasional #801,18.93,0,0,0,3,0,Tidak,3,1
CLM-0802,Bandung Branch,Sewa Kendaraan Operasional,Klaim Pengeluaran Operasional #802,2.98,0,0,0,23,0,Tidak,1,1
CLM-0803,Bandung Branch,Kertas & Alat Tulis,Klaim Pengeluaran Operasional #803,13.38,1,0,0,13,0,Tidak,2,3
CLM-0804,Operations Dept,Travel & Entertainment,Klaim Pengeluaran Operasional #804,14.5,0,1,0,4,0,Tidak,2,1
CLM-0805,Finance Dept,Kertas & Alat Tulis,Klaim Pengeluaran Operasional #805,8.78,0,0,2,17,0,Tidak,2,3
CLM-0806,Operations Dept,Konsumsi Rapat,Klaim Pengeluaran Operasional #806,20.5,0,1,0,41,0,Tidak,3,1
CLM-0807,Bandung Branch,Sewa Kendaraan Operasional,Klaim Pengeluaran Operasional #807,41.36,0,1,1,18,1,Ya (Anomali),5,3
CLM-0808,IT Dept,Kertas & Alat Tulis,Klaim Pengeluaran Operasional #808,39.47,0,0,0,11,1,Tidak,5,3
CLM-0809,Surabaya Branch,Sewa Kendaraan Operasional,Klaim Pengeluaran Operasional #809,9.49,0,0,0,17,0,Tidak,2,1
CLM-0810,Bandung Branch,Travel & Entertainment,Klaim Pengeluaran Operasional #810,2.3,0,0,0,16,0,Tidak,1,1
CLM-0811,IT Dept,Konsumsi Rapat,Klaim Pengeluaran Operasional #811,63.34,0,0,0,29,1,Tidak,5,2
CLM-0812,Bandung Branch,Vendor Pihak Ketiga,Klaim Pengeluaran Operasional #812,27.89,0,0,0,23,1,Tidak,5,2
CLM-0813,IT Dept,Kertas & Alat Tulis,Klaim Pengeluaran Operasional #813,2.5,1,0,0,10,0,Ya (Anomali),1,2
CLM-0814,Finance Dept,Travel & Entertainment,Klaim Pengeluaran Operasional #814,38.54,0,0,0,34,1,Tidak,5,3
CLM-0815,Jakarta Branch,Sewa Kendaraan Operasional,Klaim Pengeluaran Operasional #815,31.09,0,0,0,22,1,Tidak,5,2
CLM-0816,Medan Branch,Sewa Kendaraan Operasional,Klaim Pengeluaran Operasional #816,11.47,0,0,0,16,0,Tidak,2,1
CLM-0817,Bandung Branch,Travel & Entertainment,Klaim Pengeluaran Operasional #817,13.92,0,0,0,0,0,Tidak,2,2
CLM-0818,Medan Branch,Kertas & Alat Tulis,Klaim Pengeluaran Operasional #818,8.14,1,0,0,14,0,Tidak,3,2
CLM-0819,Bandung Branch,Vendor Pihak Ketiga,Klaim Pengeluaran Operasional #819,1.34,0,0,0,31,0,Tidak,1,1
CLM-0820,Finance Dept,Kertas & Alat Tulis,Klaim Pengeluaran Operasional #820,6.62,0,0,0,8,0,Tidak,1,1
CLM-0821,Finance Dept,Konsumsi Rapat,Klaim Pengeluaran Operasional #821,24.86,1,0,0,14,0,Tidak,4,2
CLM-0822,IT Dept,Kertas & Alat Tulis,Klaim Pengeluaran Operasional #822,0.57,0,0,1,27,0,Tidak,1,2
CLM-0823,Bandung Branch,Konsumsi Rapat,Klaim Pengeluaran Operasional #823,6.59,1,0,0,23,0,Ya (Anomali),2,3
CLM-0824,Finance Dept,Sewa Kendaraan Operasional,Klaim Pengeluaran Operasional #824,8.12,0,0,0,34,0,Tidak,2,1
CLM-0825,Finance Dept,Konsumsi Rapat,Klaim Pengeluaran Operasional #825,12.06,0,0,0,21,0,Tidak,3,1
CLM-0826,Bandung Branch,Vendor Pihak Ketiga,Klaim Pengeluaran Operasional #826,38.36,0,1,0,26,1,Tidak,5,2
CLM-0827,IT Dept,Travel & Entertainment,Klaim Pengeluaran Operasional #827,6.88,0,0,0,18,0,Tidak,1,1
CLM-0828,IT Dept,Konsumsi Rapat,Klaim Pengeluaran Operasional #828,6.89,1,0,0,44,0,Tidak,1,3
CLM-0829,IT Dept,Kertas & Alat Tulis,Klaim Pengeluaran Operasional #829,20.56,0,0,0,11,0,Tidak,4,1
CLM-0830,IT Dept,Konsumsi Rapat,Klaim Pengeluaran Operasional #830,9.53,0,0,1,19,0,Tidak,3,2
CLM-0831,Jakarta Branch,Sewa Kendaraan Operasional,Klaim Pengeluaran Operasional #831,4.32,0,0,0,0,0,Tidak,1,1
CLM-0832,Bandung Branch,Konsumsi Rapat,Klaim Pengeluaran Operasional #832,9.53,0,0,0,20,0,Tidak,2,1
CLM-0833,Operations Dept,Vendor Pihak Ketiga,Klaim Pengeluaran Operasional #833,2.78,0,0,0,44,0,Tidak,1,1
CLM-0834,Jakarta Branch,Konsumsi Rapat,Klaim Pengeluaran Operasional #834,3.41,1,0,1,0,0,Ya (Anomali),2,5
CLM-0835,Finance Dept,Vendor Pihak Ketiga,Klaim Pengeluaran Operasional #835,10.85,0,0,0,9,0,Tidak,2,1
CLM-0836,Jakarta Branch,Kertas & Alat Tulis,Klaim Pengeluaran Operasional #836,8.64,0,0,0,31,0,Tidak,2,1
CLM-0837,Operations Dept,Sewa Kendaraan Operasional,Klaim Pengeluaran Operasional #837,37.45,0,0,0,38,1,Tidak,5,2
CLM-0838,Operations Dept,Travel & Entertainment,Klaim Pengeluaran Operasional #838,7.25,0,1,1,21,0,Tidak,1,2
CLM-0839,Operations Dept,Kertas & Alat Tulis,Klaim Pengeluaran Operasional #839,13.53,0,0,2,17,0,Tidak,2,3
CLM-0840,IT Dept,Kertas & Alat Tulis,Klaim Pengeluaran Operasional #840,15.51,0,0,0,31,0,Tidak,2,1
CLM-0841,Finance Dept,Travel & Entertainment,Klaim Pengeluaran Operasional #841,0.7,0,0,1,26,0,Ya (Anomali),2,2
CLM-0842,Jakarta Branch,Konsumsi Rapat,Klaim Pengeluaran Operasional #842,16.84,0,0,1,27,0,Tidak,3,2
CLM-0843,Jakarta Branch,Konsumsi Rapat,Klaim Pengeluaran Operasional #843,3.44,0,0,0,17,0,Tidak,1,1
CLM-0844,Bandung Branch,Konsumsi Rapat,Klaim Pengeluaran Operasional #844,49.19,0,0,0,38,1,Tidak,5,2
CLM-0845,Jakarta Branch,Sewa Kendaraan Operasional,Klaim Pengeluaran Operasional #845,2.91,0,0,0,28,0,Tidak,1,1
CLM-0846,Finance Dept,Kertas & Alat Tulis,Klaim Pengeluaran Operasional #846,8.53,0,0,2,17,0,Tidak,3,3
CLM-0847,IT Dept,Vendor Pihak Ketiga,Klaim Pengeluaran Operasional #847,1.84,0,0,0,43,0,Tidak,1,1
CLM-0848,Bandung Branch,Travel & Entertainment,Klaim Pengeluaran Operasional #848,87.02,0,0,1,7,1,Ya (Anomali),5,3
CLM-0849,Jakarta Branch,Kertas & Alat Tulis,Klaim Pengeluaran Operasional #849,10.96,0,1,0,30,0,Tidak,2,1
CLM-0850,Bandung Branch,Konsumsi Rapat,Klaim Pengeluaran Operasional #850,14.07,0,0,1,33,0,Tidak,2,3
CLM-0851,Medan Branch,Travel & Entertainment,Klaim Pengeluaran Operasional #851,1.54,0,0,0,6,0,Tidak,1,1
CLM-0852,Bandung Branch,Vendor Pihak Ketiga,Klaim Pengeluaran Operasional #852,21.29,0,0,0,35,0,Tidak,3,1
CLM-0853,Operations Dept,Kertas & Alat Tulis,Klaim Pengeluaran Operasional #853,4.03,0,0,1,17,0,Ya (Anomali),1,3
CLM-0854,IT Dept,Kertas & Alat Tulis,Klaim Pengeluaran Operasional #854,34.75,1,0,1,37,0,Ya (Anomali),5,4
CLM-0855,Operations Dept,Sewa Kendaraan Operasional,Klaim Pengeluaran Operasional #855,3.94,0,0,1,8,0,Tidak,1,2
CLM-0856,Medan Branch,Kertas & Alat Tulis,Klaim Pengeluaran Operasional #856,3.67,0,0,0,8,0,Tidak,1,1
CLM-0857,Operations Dept,Kertas & Alat Tulis,Klaim Pengeluaran Operasional #857,1.06,0,0,0,7,0,Tidak,2,1
CLM-0858,Medan Branch,Vendor Pihak Ketiga,Klaim Pengeluaran Operasional #858,10.08,0,0,0,34,0,Tidak,2,1
CLM-0859,Bandung Branch,Vendor Pihak Ketiga,Klaim Pengeluaran Operasional #859,12.98,0,0,0,17,0,Tidak,2,1
CLM-0860,Finance Dept,Travel & Entertainment,Klaim Pengeluaran Operasional #860,1.52,0,1,0,4,0,Tidak,1,1
CLM-0861,IT Dept,Konsumsi Rapat,Klaim Pengeluaran Operasional #861,22.91,0,0,0,13,0,Tidak,3,1
CLM-0862,Finance Dept,Vendor Pihak Ketiga,Klaim Pengeluaran Operasional #862,9.56,0,0,0,27,0,Tidak,2,1
CLM-0863,IT Dept,Travel & Entertainment,Klaim Pengeluaran Operasional #863,11.65,0,0,2,29,0,Ya (Anomali),2,4
CLM-0864,IT Dept,Kertas & Alat Tulis,Klaim Pengeluaran Operasional #864,9.22,0,0,0,3,0,Tidak,3,1
CLM-0865,Operations Dept,Travel & Entertainment,Klaim Pengeluaran Operasional #865,8.18,0,1,0,38,0,Tidak,2,1
CLM-0866,Operations Dept,Travel & Entertainment,Klaim Pengeluaran Operasional #866,12.8,0,0,0,19,0,Tidak,2,1
CLM-0867,Finance Dept,Travel & Entertainment,Klaim Pengeluaran Operasional #867,3.03,0,0,0,24,0,Tidak,1,1
CLM-0868,Surabaya Branch,Travel & Entertainment,Klaim Pengeluaran Operasional #868,3.51,0,0,0,27,0,Tidak,1,1
CLM-0869,Medan Branch,Vendor Pihak Ketiga,Klaim Pengeluaran Operasional #869,30.18,0,0,1,11,1,Ya (Anomali),4,3
CLM-0870,Operations Dept,Konsumsi Rapat,Klaim Pengeluaran Operasional #870,44.31,0,0,1,1,0,Ya (Anomali),5,4
CLM-0871,Operations Dept,Travel & Entertainment,Klaim Pengeluaran Operasional #871,7.51,0,0,1,42,0,Ya (Anomali),1,2
CLM-0872,Operations Dept,Sewa Kendaraan Operasional,Klaim Pengeluaran Operasional #872,5.24,0,0,2,13,0,Tidak,2,3
CLM-0873,Bandung Branch,Kertas & Alat Tulis,Klaim Pengeluaran Operasional #873,15.99,0,0,0,21,0,Tidak,2,1
CLM-0874,Finance Dept,Kertas & Alat Tulis,Klaim Pengeluaran Operasional #874,8.38,0,0,0,30,0,Tidak,3,1
CLM-0875,Finance Dept,Kertas & Alat Tulis,Klaim Pengeluaran Operasional #875,0.89,0,1,0,22,0,Tidak,2,1
CLM-0876,Operations Dept,Kertas & Alat Tulis,Klaim Pengeluaran Operasional #876,3.05,0,1,0,19,0,Tidak,1,1
CLM-0877,Bandung Branch,Kertas & Alat Tulis,Klaim Pengeluaran Operasional #877,19.38,0,1,0,37,0,Tidak,4,1
CLM-0878,Operations Dept,Travel & Entertainment,Klaim Pengeluaran Operasional #878,16.63,0,0,0,3,0,Tidak,4,1
CLM-0879,Medan Branch,Konsumsi Rapat,Klaim Pengeluaran Operasional #879,0.91,1,0,0,14,0,Ya (Anomali),1,2
CLM-0880,Bandung Branch,Sewa Kendaraan Operasional,Klaim Pengeluaran Operasional #880,4.26,0,1,0,23,0,Tidak,2,1
CLM-0881,Operations Dept,Vendor Pihak Ketiga,Klaim Pengeluaran Operasional #881,4.44,0,0,0,24,0,Tidak,1,1
CLM-0882,IT Dept,Sewa Kendaraan Operasional,Klaim Pengeluaran Operasional #882,17.22,0,0,0,0,0,Tidak,3,1
CLM-0883,Surabaya Branch,Vendor Pihak Ketiga,Klaim Pengeluaran Operasional #883,0.8,0,1,0,6,0,Tidak,2,1
CLM-0884,IT Dept,Vendor Pihak Ketiga,Klaim Pengeluaran Operasional #884,2.15,1,1,0,30,0,Ya (Anomali),1,2
CLM-0885,Surabaya Branch,Sewa Kendaraan Operasional,Klaim Pengeluaran Operasional #885,24.64,0,0,0,11,0,Tidak,4,1
CLM-0886,Bandung Branch,Travel & Entertainment,Klaim Pengeluaran Operasional #886,3.45,0,0,1,41,0,Tidak,1,2
CLM-0887,IT Dept,Kertas & Alat Tulis,Klaim Pengeluaran Operasional #887,16.37,0,0,0,4,0,Tidak,4,1
CLM-0888,Medan Branch,Travel & Entertainment,Klaim Pengeluaran Operasional #888,4.58,0,1,0,43,0,Tidak,2,1
CLM-0889,IT Dept,Kertas & Alat Tulis,Klaim Pengeluaran Operasional #889,2.07,0,1,1,41,0,Tidak,1,2
CLM-0890,Finance Dept,Konsumsi Rapat,Klaim Pengeluaran Operasional #890,4.68,0,0,0,37,0,Tidak,2,1
CLM-0891,Surabaya Branch,Vendor Pihak Ketiga,Klaim Pengeluaran Operasional #891,19.72,0,0,0,11,0,Tidak,3,1
CLM-0892,Surabaya Branch,Sewa Kendaraan Operasional,Klaim Pengeluaran Operasional #892,29.54,1,1,0,38,1,Ya (Anomali),4,4
CLM-0893,Operations Dept,Konsumsi Rapat,Klaim Pengeluaran Operasional #893,27.1,0,0,0,17,0,Tidak,4,1
CLM-0894,Medan Branch,Kertas & Alat Tulis,Klaim Pengeluaran Operasional #894,8.09,0,0,1,1,0,Tidak,3,4
CLM-0895,Surabaya Branch,Travel & Entertainment,Klaim Pengeluaran Operasional #895,17.04,0,1,1,9,0,Tidak,3,2
CLM-0896,Surabaya Branch,Sewa Kendaraan Operasional,Klaim Pengeluaran Operasional #896,3.94,0,0,0,14,0,Tidak,1,1
CLM-0897,Operations Dept,Vendor Pihak Ketiga,Klaim Pengeluaran Operasional #897,5.7,0,0,0,29,0,Tidak,2,1
CLM-0898,Medan Branch,Konsumsi Rapat,Klaim Pengeluaran Operasional #898,34.5,0,0,0,43,1,Tidak,5,3
CLM-0899,IT Dept,Vendor Pihak Ketiga,Klaim Pengeluaran Operasional #899,0.7,0,0,0,16,0,Tidak,1,1
CLM-0900,Bandung Branch,Kertas & Alat Tulis,Klaim Pengeluaran Operasional #900,1.84,0,1,0,3,0,Tidak,1,1
CLM-0901,IT Dept,Vendor Pihak Ketiga,Klaim Pengeluaran Operasional #901,4.0,1,0,0,6,0,Tidak,2,3
CLM-0902,Finance Dept,Travel & Entertainment,Klaim Pengeluaran Operasional #902,0.9,0,1,0,40,0,Tidak,2,1
CLM-0903,Finance Dept,Konsumsi Rapat,Klaim Pengeluaran Operasional #903,3.5,0,0,0,30,0,Tidak,1,1
CLM-0904,Surabaya Branch,Konsumsi Rapat,Klaim Pengeluaran Operasional #904,13.62,0,0,0,38,0,Tidak,3,1
CLM-0905,Finance Dept,Travel & Entertainment,Klaim Pengeluaran Operasional #905,8.71,0,0,0,33,0,Tidak,3,1
CLM-0906,Bandung Branch,Vendor Pihak Ketiga,Klaim Pengeluaran Operasional #906,33.98,0,0,0,5,1,Ya (Anomali),5,2
CLM-0907,Surabaya Branch,Travel & Entertainment,Klaim Pengeluaran Operasional #907,26.01,0,0,1,37,1,Ya (Anomali),5,3
CLM-0908,Operations Dept,Sewa Kendaraan Operasional,Klaim Pengeluaran Operasional #908,6.77,1,0,0,44,0,Ya (Anomali),1,2
CLM-0909,Finance Dept,Travel & Entertainment,Klaim Pengeluaran Operasional #909,5.0,0,0,0,33,0,Tidak,1,1
CLM-0910,Operations Dept,Vendor Pihak Ketiga,Klaim Pengeluaran Operasional #910,7.66,1,0,1,43,0,Ya (Anomali),1,4
CLM-0911,Jakarta Branch,Travel & Entertainment,Klaim Pengeluaran Operasional #911,13.88,0,0,0,14,0,Tidak,2,1
CLM-0912,Jakarta Branch,Kertas & Alat Tulis,Klaim Pengeluaran Operasional #912,5.18,0,0,0,13,0,Tidak,2,1
CLM-0913,Jakarta Branch,Travel & Entertainment,Klaim Pengeluaran Operasional #913,15.18,0,0,0,5,0,Tidak,3,1
CLM-0914,Operations Dept,Travel & Entertainment,Klaim Pengeluaran Operasional #914,8.4,1,0,0,36,0,Tidak,2,3
CLM-0915,Jakarta Branch,Vendor Pihak Ketiga,Klaim Pengeluaran Operasional #915,12.55,0,0,0,31,0,Tidak,2,1
CLM-0916,IT Dept,Sewa Kendaraan Operasional,Klaim Pengeluaran Operasional #916,9.09,0,0,0,2,0,Tidak,2,2
CLM-0917,Jakarta Branch,Sewa Kendaraan Operasional,Klaim Pengeluaran Operasional #917,5.73,0,0,0,2,0,Tidak,1,1
CLM-0918,Surabaya Branch,Vendor Pihak Ketiga,Klaim Pengeluaran Operasional #918,44.98,0,0,1,21,0,Tidak,5,2
CLM-0919,Medan Branch,Vendor Pihak Ketiga,Klaim Pengeluaran Operasional #919,22.13,0,1,0,21,0,Tidak,3,1
CLM-0920,IT Dept,Vendor Pihak Ketiga,Klaim Pengeluaran Operasional #920,2.76,1,1,0,9,0,Ya (Anomali),1,2
CLM-0921,Medan Branch,Kertas & Alat Tulis,Klaim Pengeluaran Operasional #921,30.93,0,0,1,2,1,Ya (Anomali),4,4
CLM-0922,Surabaya Branch,Konsumsi Rapat,Klaim Pengeluaran Operasional #922,10.52,0,0,0,11,0,Tidak,2,1
CLM-0923,Surabaya Branch,Travel & Entertainment,Klaim Pengeluaran Operasional #923,34.24,1,1,1,28,1,Ya (Anomali),5,5
CLM-0924,Bandung Branch,Vendor Pihak Ketiga,Klaim Pengeluaran Operasional #924,24.63,0,0,0,16,0,Tidak,4,1
CLM-0925,IT Dept,Vendor Pihak Ketiga,Klaim Pengeluaran Operasional #925,8.81,1,1,1,6,0,Ya (Anomali),2,3
CLM-0926,Medan Branch,Vendor Pihak Ketiga,Klaim Pengeluaran Operasional #926,0.84,0,1,0,12,0,Tidak,1,1
CLM-0927,Jakarta Branch,Sewa Kendaraan Operasional,Klaim Pengeluaran Operasional #927,5.19,0,1,1,1,0,Tidak,1,4
CLM-0928,Surabaya Branch,Vendor Pihak Ketiga,Klaim Pengeluaran Operasional #928,12.2,0,0,1,3,0,Tidak,3,3
CLM-0929,Jakarta Branch,Travel & Entertainment,Klaim Pengeluaran Operasional #929,15.56,1,0,0,9,0,Tidak,2,3
CLM-0930,Medan Branch,Vendor Pihak Ketiga,Klaim Pengeluaran Operasional #930,4.97,0,0,0,38,0,Tidak,2,1
CLM-0931,Operations Dept,Travel & Entertainment,Klaim Pengeluaran Operasional #931,2.75,0,0,0,23,0,Tidak,1,1
CLM-0932,IT Dept,Kertas & Alat Tulis,Klaim Pengeluaran Operasional #932,27.52,0,0,0,16,1,Ya (Anomali),4,2
CLM-0933,Finance Dept,Konsumsi Rapat,Klaim Pengeluaran Operasional #933,62.91,0,0,0,5,0,Tidak,5,1
CLM-0934,Operations Dept,Sewa Kendaraan Operasional,Klaim Pengeluaran Operasional #934,11.69,0,0,0,18,0,Tidak,3,1
CLM-0935,Operations Dept,Travel & Entertainment,Klaim Pengeluaran Operasional #935,3.33,0,1,0,4,0,Tidak,1,1
CLM-0936,Finance Dept,Kertas & Alat Tulis,Klaim Pengeluaran Operasional #936,5.27,1,0,0,31,0,Ya (Anomali),2,3
CLM-0937,Surabaya Branch,Konsumsi Rapat,Klaim Pengeluaran Operasional #937,0.78,0,1,0,9,0,Tidak,1,1
CLM-0938,Bandung Branch,Konsumsi Rapat,Klaim Pengeluaran Operasional #938,37.35,0,1,0,8,1,Tidak,5,2
CLM-0939,Jakarta Branch,Konsumsi Rapat,Klaim Pengeluaran Operasional #939,2.38,0,0,0,26,0,Tidak,2,1
CLM-0940,Surabaya Branch,Travel & Entertainment,Klaim Pengeluaran Operasional #940,13.39,0,0,0,12,0,Tidak,3,1
CLM-0941,Bandung Branch,Kertas & Alat Tulis,Klaim Pengeluaran Operasional #941,5.3,0,1,0,18,0,Tidak,1,1
CLM-0942,Jakarta Branch,Vendor Pihak Ketiga,Klaim Pengeluaran Operasional #942,12.62,0,0,0,20,0,Tidak,2,1
CLM-0943,Medan Branch,Kertas & Alat Tulis,Klaim Pengeluaran Operasional #943,16.31,0,0,0,23,0,Tidak,3,1
CLM-0944,Operations Dept,Kertas & Alat Tulis,Klaim Pengeluaran Operasional #944,27.06,0,0,0,37,1,Tidak,4,3
CLM-0945,Operations Dept,Kertas & Alat Tulis,Klaim Pengeluaran Operasional #945,3.97,0,0,0,3,0,Tidak,2,1
CLM-0946,Finance Dept,Travel & Entertainment,Klaim Pengeluaran Operasional #946,0.67,0,0,1,23,0,Tidak,1,2
CLM-0947,Bandung Branch,Travel & Entertainment,Klaim Pengeluaran Operasional #947,2.71,0,0,0,34,0,Tidak,1,1
CLM-0948,Jakarta Branch,Travel & Entertainment,Klaim Pengeluaran Operasional #948,35.04,0,0,0,2,1,Tidak,5,4
CLM-0949,Surabaya Branch,Kertas & Alat Tulis,Klaim Pengeluaran Operasional #949,31.56,0,0,0,3,1,Tidak,5,2
CLM-0950,Jakarta Branch,Travel & Entertainment,Klaim Pengeluaran Operasional #950,14.15,0,0,1,36,0,Tidak,2,3
CLM-0951,Surabaya Branch,Konsumsi Rapat,Klaim Pengeluaran Operasional #951,14.26,0,0,1,39,0,Tidak,3,3
CLM-0952,Operations Dept,Travel & Entertainment,Klaim Pengeluaran Operasional #952,16.91,0,0,0,34,0,Tidak,3,1
CLM-0953,Finance Dept,Sewa Kendaraan Operasional,Klaim Pengeluaran Operasional #953,3.39,0,1,0,30,0,Tidak,1,1
CLM-0954,Finance Dept,Travel & Entertainment,Klaim Pengeluaran Operasional #954,37.37,0,0,1,43,0,Tidak,5,3
CLM-0955,Jakarta Branch,Travel & Entertainment,Klaim Pengeluaran Operasional #955,8.64,0,0,0,24,0,Tidak,2,1
CLM-0956,Jakarta Branch,Travel & Entertainment,Klaim Pengeluaran Operasional #956,7.75,0,0,0,39,0,Tidak,1,1
CLM-0957,Surabaya Branch,Travel & Entertainment,Klaim Pengeluaran Operasional #957,11.48,0,0,0,12,0,Tidak,2,1
CLM-0958,Surabaya Branch,Sewa Kendaraan Operasional,Klaim Pengeluaran Operasional #958,1.22,0,0,0,3,0,Tidak,2,1
CLM-0959,Bandung Branch,Vendor Pihak Ketiga,Klaim Pengeluaran Operasional #959,3.23,0,1,1,13,0,Tidak,1,2
CLM-0960,Operations Dept,Travel & Entertainment,Klaim Pengeluaran Operasional #960,20.59,0,0,2,12,0,Tidak,3,4
CLM-0961,Bandung Branch,Konsumsi Rapat,Klaim Pengeluaran Operasional #961,1.8,0,1,0,26,0,Tidak,1,1
CLM-0962,Bandung Branch,Sewa Kendaraan Operasional,Klaim Pengeluaran Operasional #962,14.36,0,0,0,5,0,Tidak,2,1
CLM-0963,Jakarta Branch,Vendor Pihak Ketiga,Klaim Pengeluaran Operasional #963,4.72,0,0,1,16,0,Tidak,1,3
CLM-0964,IT Dept,Travel & Entertainment,Klaim Pengeluaran Operasional #964,7.9,0,0,0,35,0,Tidak,2,1
CLM-0965,IT Dept,Vendor Pihak Ketiga,Klaim Pengeluaran Operasional #965,5.61,0,1,0,39,0,Tidak,1,1
CLM-0966,IT Dept,Konsumsi Rapat,Klaim Pengeluaran Operasional #966,7.09,1,0,1,34,0,Ya (Anomali),1,3
CLM-0967,IT Dept,Sewa Kendaraan Operasional,Klaim Pengeluaran Operasional #967,19.54,0,0,0,16,0,Tidak,3,1
CLM-0968,Bandung Branch,Sewa Kendaraan Operasional,Klaim Pengeluaran Operasional #968,5.79,0,0,0,40,0,Tidak,1,1
CLM-0969,Jakarta Branch,Vendor Pihak Ketiga,Klaim Pengeluaran Operasional #969,13.03,0,0,0,1,0,Tidak,3,1
CLM-0970,IT Dept,Travel & Entertainment,Klaim Pengeluaran Operasional #970,10.2,0,0,1,12,0,Tidak,2,2
CLM-0971,Finance Dept,Kertas & Alat Tulis,Klaim Pengeluaran Operasional #971,16.84,0,0,0,1,0,Tidak,3,1
CLM-0972,Medan Branch,Sewa Kendaraan Operasional,Klaim Pengeluaran Operasional #972,41.93,0,0,0,27,1,Tidak,5,2
CLM-0973,Finance Dept,Kertas & Alat Tulis,Klaim Pengeluaran Operasional #973,20.28,0,0,0,42,0,Tidak,3,1
CLM-0974,Jakarta Branch,Sewa Kendaraan Operasional,Klaim Pengeluaran Operasional #974,4.13,0,0,1,25,0,Tidak,1,2
CLM-0975,Jakarta Branch,Travel & Entertainment,Klaim Pengeluaran Operasional #975,0.98,0,1,1,21,0,Tidak,2,2
CLM-0976,Medan Branch,Travel & Entertainment,Klaim Pengeluaran Operasional #976,5.06,0,1,0,42,0,Tidak,1,1
CLM-0977,Surabaya Branch,Sewa Kendaraan Operasional,Klaim Pengeluaran Operasional #977,14.06,0,1,0,2,0,Tidak,3,1
CLM-0978,Surabaya Branch,Vendor Pihak Ketiga,Klaim Pengeluaran Operasional #978,1.29,0,0,0,34,0,Tidak,1,1
CLM-0979,Surabaya Branch,Travel & Entertainment,Klaim Pengeluaran Operasional #979,10.79,0,0,2,11,0,Ya (Anomali),2,4
CLM-0980,Bandung Branch,Travel & Entertainment,Klaim Pengeluaran Operasional #980,14.13,0,0,0,23,0,Tidak,2,1
CLM-0981,Surabaya Branch,Konsumsi Rapat,Klaim Pengeluaran Operasional #981,6.6,0,0,1,4,0,Tidak,2,2
CLM-0982,Operations Dept,Travel & Entertainment,Klaim Pengeluaran Operasional #982,22.6,0,0,0,19,0,Tidak,3,1
CLM-0983,Bandung Branch,Konsumsi Rapat,Klaim Pengeluaran Operasional #983,2.19,0,0,1,38,0,Ya (Anomali),1,2
CLM-0984,Bandung Branch,Travel & Entertainment,Klaim Pengeluaran Operasional #984,1.67,0,0,1,38,0,Tidak,1,2
CLM-0985,Surabaya Branch,Travel & Entertainment,Klaim Pengeluaran Operasional #985,20.04,0,0,0,12,0,Tidak,4,1
CLM-0986,Surabaya Branch,Vendor Pihak Ketiga,Klaim Pengeluaran Operasional #986,10.76,1,1,1,40,0,Ya (Anomali),2,3
CLM-0987,Medan Branch,Vendor Pihak Ketiga,Klaim Pengeluaran Operasional #987,17.99,0,0,0,44,0,Tidak,3,1
CLM-0988,IT Dept,Travel & Entertainment,Klaim Pengeluaran Operasional #988,9.06,0,0,0,11,0,Tidak,3,1
CLM-0989,Medan Branch,Sewa Kendaraan Operasional,Klaim Pengeluaran Operasional #989,4.74,0,0,0,12,0,Tidak,2,1
CLM-0990,Bandung Branch,Sewa Kendaraan Operasional,Klaim Pengeluaran Operasional #990,26.15,0,0,1,9,1,Ya (Anomali),4,3
CLM-0991,Medan Branch,Travel & Entertainment,Klaim Pengeluaran Operasional #991,24.6,0,0,0,32,0,Tidak,4,1
CLM-0992,Bandung Branch,Sewa Kendaraan Operasional,Klaim Pengeluaran Operasional #992,18.3,1,1,0,39,0,Tidak,3,2
CLM-0993,Jakarta Branch,Travel & Entertainment,Klaim Pengeluaran Operasional #993,5.26,0,1,0,15,0,Tidak,1,1
CLM-0994,Bandung Branch,Vendor Pihak Ketiga,Klaim Pengeluaran Operasional #994,13.88,0,0,0,44,0,Tidak,3,1
CLM-0995,Bandung Branch,Kertas & Alat Tulis,Klaim Pengeluaran Operasional #995,7.22,0,1,0,34,0,Tidak,1,1
CLM-0996,Medan Branch,Konsumsi Rapat,Klaim Pengeluaran Operasional #996,1.94,0,1,0,2,0,Tidak,2,1
CLM-0997,IT Dept,Sewa Kendaraan Operasional,Klaim Pengeluaran Operasional #997,37.89,0,1,1,4,1,Ya (Anomali),5,3
CLM-0998,Jakarta Branch,Sewa Kendaraan Operasional,Klaim Pengeluaran Operasional #998,2.71,0,1,0,25,0,Tidak,1,1
CLM-0999,Finance Dept,Vendor Pihak Ketiga,Klaim Pengeluaran Operasional #999,45.51,0,0,0,10,1,Tidak,5,2
CLM-1000,Finance Dept,Sewa Kendaraan Operasional,Klaim Pengeluaran Operasional #1000,9.36,0,0,0,6,0,Tidak,3,1
CLM-1001,IT Dept,Travel & Entertainment,Klaim Pengeluaran Operasional #1001,3.57,1,0,0,9,0,Ya (Anomali),1,2
CLM-1002,Finance Dept,Travel & Entertainment,Klaim Pengeluaran Operasional #1002,12.21,0,0,1,41,0,Tidak,2,2
CLM-1003,Jakarta Branch,Kertas & Alat Tulis,Klaim Pengeluaran Operasional #1003,31.45,0,1,1,33,1,Ya (Anomali),4,3
CLM-1004,Surabaya Branch,Kertas & Alat Tulis,Klaim Pengeluaran Operasional #1004,20.26,0,0,0,2,0,Tidak,4,2
CLM-1005,Jakarta Branch,Kertas & Alat Tulis,Klaim Pengeluaran Operasional #1005,25.14,0,0,1,7,1,Ya (Anomali),5,3
CLM-1006,Medan Branch,Travel & Entertainment,Klaim Pengeluaran Operasional #1006,16.63,1,1,1,30,0,Ya (Anomali),3,3
CLM-1007,Operations Dept,Kertas & Alat Tulis,Klaim Pengeluaran Operasional #1007,18.18,0,1,1,10,0,Tidak,3,2
CLM-1008,Bandung Branch,Kertas & Alat Tulis,Klaim Pengeluaran Operasional #1008,28.88,0,1,0,44,1,Tidak,5,2
CLM-1009,Bandung Branch,Travel & Entertainment,Klaim Pengeluaran Operasional #1009,4.81,0,0,1,6,0,Tidak,2,2
CLM-1010,Medan Branch,Vendor Pihak Ketiga,Klaim Pengeluaran Operasional #1010,10.58,1,0,0,44,0,Tidak,2,2
CLM-1011,Medan Branch,Sewa Kendaraan Operasional,Klaim Pengeluaran Operasional #1011,4.25,0,0,0,1,0,Tidak,1,2
CLM-1012,Operations Dept,Konsumsi Rapat,Klaim Pengeluaran Operasional #1012,66.43,0,0,0,5,1,Tidak,5,2
CLM-1013,Operations Dept,Travel & Entertainment,Klaim Pengeluaran Operasional #1013,43.75,0,0,0,40,1,Tidak,5,2
CLM-1014,Bandung Branch,Travel & Entertainment,Klaim Pengeluaran Operasional #1014,1.1,1,0,0,31,0,Tidak,2,2
CLM-1015,Operations Dept,Konsumsi Rapat,Klaim Pengeluaran Operasional #1015,18.84,0,1,0,19,0,Tidak,3,1
CLM-1016,Operations Dept,Konsumsi Rapat,Klaim Pengeluaran Operasional #1016,39.4,0,0,0,33,1,Tidak,5,2
CLM-1017,Operations Dept,Kertas & Alat Tulis,Klaim Pengeluaran Operasional #1017,3.49,0,0,1,15,0,Tidak,1,2
CLM-1018,IT Dept,Konsumsi Rapat,Klaim Pengeluaran Operasional #1018,13.09,0,0,1,24,0,Tidak,3,2
CLM-1019,Surabaya Branch,Sewa Kendaraan Operasional,Klaim Pengeluaran Operasional #1019,37.56,0,0,0,11,1,Tidak,5,2
CLM-1020,Operations Dept,Sewa Kendaraan Operasional,Klaim Pengeluaran Operasional #1020,1.02,0,0,1,6,0,Tidak,1,2
CLM-1021,Surabaya Branch,Sewa Kendaraan Operasional,Klaim Pengeluaran Operasional #1021,18.43,0,1,1,38,0,Tidak,3,2
CLM-1022,Surabaya Branch,Sewa Kendaraan Operasional,Klaim Pengeluaran Operasional #1022,5.79,0,0,1,16,0,Tidak,1,2
CLM-1023,Medan Branch,Sewa Kendaraan Operasional,Klaim Pengeluaran Operasional #1023,39.23,0,1,0,44,1,Ya (Anomali),5,2
CLM-1024,Operations Dept,Kertas & Alat Tulis,Klaim Pengeluaran Operasional #1024,53.64,0,0,0,10,1,Ya (Anomali),5,3
CLM-1025,Bandung Branch,Travel & Entertainment,Klaim Pengeluaran Operasional #1025,43.81,0,1,1,5,0,Ya (Anomali),5,2
CLM-1026,IT Dept,Konsumsi Rapat,Klaim Pengeluaran Operasional #1026,10.14,0,0,0,22,0,Tidak,2,1
CLM-1027,Bandung Branch,Travel & Entertainment,Klaim Pengeluaran Operasional #1027,30.21,0,0,0,26,1,Tidak,4,3
CLM-1028,Operations Dept,Konsumsi Rapat,Klaim Pengeluaran Operasional #1028,28.42,0,0,0,5,1,Tidak,4,2
CLM-1029,Bandung Branch,Kertas & Alat Tulis,Klaim Pengeluaran Operasional #1029,6.27,0,1,0,37,0,Tidak,1,1
CLM-1030,Operations Dept,Kertas & Alat Tulis,Klaim Pengeluaran Operasional #1030,26.98,0,0,0,1,0,Tidak,4,1
CLM-1031,IT Dept,Vendor Pihak Ketiga,Klaim Pengeluaran Operasional #1031,1.07,0,0,0,21,0,Tidak,1,1
CLM-1032,Jakarta Branch,Vendor Pihak Ketiga,Klaim Pengeluaran Operasional #1032,14.11,0,1,0,19,0,Tidak,2,1
CLM-1033,IT Dept,Kertas & Alat Tulis,Klaim Pengeluaran Operasional #1033,4.42,1,1,1,24,0,Ya (Anomali),2,4
CLM-1034,Jakarta Branch,Kertas & Alat Tulis,Klaim Pengeluaran Operasional #1034,2.43,0,0,1,14,0,Tidak,1,2
CLM-1035,Finance Dept,Konsumsi Rapat,Klaim Pengeluaran Operasional #1035,1.7,0,0,0,28,0,Tidak,1,1
CLM-1036,Jakarta Branch,Kertas & Alat Tulis,Klaim Pengeluaran Operasional #1036,18.38,0,0,1,7,0,Tidak,3,2
CLM-1037,Surabaya Branch,Travel & Entertainment,Klaim Pengeluaran Operasional #1037,6.73,1,0,0,36,0,Tidak,2,3
CLM-1038,Surabaya Branch,Konsumsi Rapat,Klaim Pengeluaran Operasional #1038,19.85,0,0,0,32,0,Tidak,3,1
CLM-1039,IT Dept,Kertas & Alat Tulis,Klaim Pengeluaran Operasional #1039,1.51,0,1,1,21,0,Ya (Anomali),2,2
CLM-1040,Surabaya Branch,Konsumsi Rapat,Klaim Pengeluaran Operasional #1040,6.18,0,1,1,4,0,Tidak,1,3
CLM-1041,Surabaya Branch,Konsumsi Rapat,Klaim Pengeluaran Operasional #1041,12.13,0,0,1,38,0,Tidak,3,3
CLM-1042,Finance Dept,Sewa Kendaraan Operasional,Klaim Pengeluaran Operasional #1042,23.96,0,0,0,17,0,Tidak,3,1
CLM-1043,Surabaya Branch,Vendor Pihak Ketiga,Klaim Pengeluaran Operasional #1043,6.26,0,0,1,37,0,Tidak,1,2
CLM-1044,Medan Branch,Konsumsi Rapat,Klaim Pengeluaran Operasional #1044,15.25,1,1,0,36,0,Ya (Anomali),2,2
CLM-1045,Medan Branch,Konsumsi Rapat,Klaim Pengeluaran Operasional #1045,33.07,0,1,0,29,1,Tidak,5,2
CLM-1046,Medan Branch,Sewa Kendaraan Operasional,Klaim Pengeluaran Operasional #1046,14.85,0,0,1,30,0,Ya (Anomali),3,2
CLM-1047,Jakarta Branch,Kertas & Alat Tulis,Klaim Pengeluaran Operasional #1047,4.48,0,1,0,9,0,Tidak,1,1
CLM-1048,IT Dept,Konsumsi Rapat,Klaim Pengeluaran Operasional #1048,0.87,0,0,0,14,0,Tidak,2,1
CLM-1049,IT Dept,Sewa Kendaraan Operasional,Klaim Pengeluaran Operasional #1049,31.11,0,0,1,41,0,Tidak,4,3
CLM-1050,Bandung Branch,Travel & Entertainment,Klaim Pengeluaran Operasional #1050,0.82,0,0,0,43,0,Tidak,1,1
CLM-1051,Finance Dept,Sewa Kendaraan Operasional,Klaim Pengeluaran Operasional #1051,31.66,0,0,0,17,1,Tidak,4,2
CLM-1052,Medan Branch,Vendor Pihak Ketiga,Klaim Pengeluaran Operasional #1052,11.79,1,0,0,22,0,Tidak,2,2
CLM-1053,Medan Branch,Vendor Pihak Ketiga,Klaim Pengeluaran Operasional #1053,42.47,0,0,0,32,1,Tidak,5,2
CLM-1054,Surabaya Branch,Kertas & Alat Tulis,Klaim Pengeluaran Operasional #1054,24.55,0,0,1,15,0,Tidak,4,2
CLM-1055,Medan Branch,Kertas & Alat Tulis,Klaim Pengeluaran Operasional #1055,93.23,0,1,0,37,1,Tidak,5,2
CLM-1056,Surabaya Branch,Vendor Pihak Ketiga,Klaim Pengeluaran Operasional #1056,6.98,0,0,0,34,0,Tidak,2,1
CLM-1057,Surabaya Branch,Vendor Pihak Ketiga,Klaim Pengeluaran Operasional #1057,22.36,0,0,1,33,0,Tidak,3,3
CLM-1058,Bandung Branch,Konsumsi Rapat,Klaim Pengeluaran Operasional #1058,8.21,0,0,0,27,0,Tidak,2,1
CLM-1059,Jakarta Branch,Vendor Pihak Ketiga,Klaim Pengeluaran Operasional #1059,10.31,0,0,0,1,0,Tidak,2,2
CLM-1060,Surabaya Branch,Kertas & Alat Tulis,Klaim Pengeluaran Operasional #1060,15.31,0,0,0,29,0,Tidak,2,1
CLM-1061,Surabaya Branch,Vendor Pihak Ketiga,Klaim Pengeluaran Operasional #1061,31.53,0,0,0,12,1,Tidak,4,3
CLM-1062,IT Dept,Kertas & Alat Tulis,Klaim Pengeluaran Operasional #1062,62.61,0,0,0,40,1,Tidak,5,2
CLM-1063,Bandung Branch,Travel & Entertainment,Klaim Pengeluaran Operasional #1063,22.43,1,0,0,15,0,Tidak,3,2
CLM-1064,Surabaya Branch,Vendor Pihak Ketiga,Klaim Pengeluaran Operasional #1064,8.61,0,0,1,4,0,Tidak,3,2
CLM-1065,Finance Dept,Kertas & Alat Tulis,Klaim Pengeluaran Operasional #1065,8.71,0,0,1,27,0,Tidak,2,2
CLM-1066,Jakarta Branch,Sewa Kendaraan Operasional,Klaim Pengeluaran Operasional #1066,20.57,0,0,0,38,0,Tidak,4,1
CLM-1067,Finance Dept,Konsumsi Rapat,Klaim Pengeluaran Operasional #1067,4.59,0,0,0,44,0,Tidak,1,1
CLM-1068,Medan Branch,Kertas & Alat Tulis,Klaim Pengeluaran Operasional #1068,2.26,0,0,1,19,0,Tidak,1,2
CLM-1069,Jakarta Branch,Vendor Pihak Ketiga,Klaim Pengeluaran Operasional #1069,7.07,0,1,0,23,0,Tidak,1,1
CLM-1070,Medan Branch,Vendor Pihak Ketiga,Klaim Pengeluaran Operasional #1070,5.58,0,0,0,26,0,Tidak,1,1
CLM-1071,IT Dept,Travel & Entertainment,Klaim Pengeluaran Operasional #1071,5.77,0,0,0,29,0,Tidak,1,1
CLM-1072,Operations Dept,Sewa Kendaraan Operasional,Klaim Pengeluaran Operasional #1072,4.49,0,1,1,44,0,Tidak,2,2
CLM-1073,Operations Dept,Kertas & Alat Tulis,Klaim Pengeluaran Operasional #1073,1.15,0,0,0,26,0,Tidak,2,1
CLM-1074,Operations Dept,Sewa Kendaraan Operasional,Klaim Pengeluaran Operasional #1074,0.77,0,0,0,25,0,Tidak,1,1
CLM-1075,Surabaya Branch,Travel & Entertainment,Klaim Pengeluaran Operasional #1075,66.5,1,1,0,6,1,Ya (Anomali),5,5
CLM-1076,Bandung Branch,Konsumsi Rapat,Klaim Pengeluaran Operasional #1076,8.87,0,1,1,41,0,Tidak,2,2
CLM-1077,Finance Dept,Sewa Kendaraan Operasional,Klaim Pengeluaran Operasional #1077,7.78,0,1,0,37,0,Tidak,1,1
CLM-1078,Medan Branch,Travel & Entertainment,Klaim Pengeluaran Operasional #1078,17.57,0,0,1,4,0,Tidak,3,2
CLM-1079,Surabaya Branch,Kertas & Alat Tulis,Klaim Pengeluaran Operasional #1079,4.19,0,0,0,22,0,Tidak,2,1
CLM-1080,Operations Dept,Konsumsi Rapat,Klaim Pengeluaran Operasional #1080,45.42,0,0,0,27,0,Tidak,5,1
CLM-1081,Finance Dept,Vendor Pihak Ketiga,Klaim Pengeluaran Operasional #1081,23.65,0,0,0,33,0,Tidak,4,1
CLM-1082,Finance Dept,Travel & Entertainment,Klaim Pengeluaran Operasional #1082,1.9,0,0,0,14,0,Tidak,1,1
CLM-1083,IT Dept,Vendor Pihak Ketiga,Klaim Pengeluaran Operasional #1083,8.61,0,0,1,31,0,Tidak,2,3
CLM-1084,IT Dept,Konsumsi Rapat,Klaim Pengeluaran Operasional #1084,32.19,0,1,0,25,1,Tidak,5,3
CLM-1085,Operations Dept,Travel & Entertainment,Klaim Pengeluaran Operasional #1085,43.93,0,0,1,30,1,Ya (Anomali),5,3
CLM-1086,Medan Branch,Travel & Entertainment,Klaim Pengeluaran Operasional #1086,9.95,0,0,0,18,0,Tidak,2,1
CLM-1087,Operations Dept,Konsumsi Rapat,Klaim Pengeluaran Operasional #1087,14.76,1,0,0,8,0,Tidak,2,2
CLM-1088,Operations Dept,Kertas & Alat Tulis,Klaim Pengeluaran Operasional #1088,3.24,0,0,0,28,0,Tidak,2,1
CLM-1089,Surabaya Branch,Travel & Entertainment,Klaim Pengeluaran Operasional #1089,71.44,0,0,0,38,1,Tidak,5,2
CLM-1090,Bandung Branch,Konsumsi Rapat,Klaim Pengeluaran Operasional #1090,4.45,0,0,2,3,0,Tidak,1,3
CLM-1091,Operations Dept,Sewa Kendaraan Operasional,Klaim Pengeluaran Operasional #1091,43.4,0,0,0,2,1,Tidak,5,3
CLM-1092,Medan Branch,Vendor Pihak Ketiga,Klaim Pengeluaran Operasional #1092,16.23,0,0,0,28,0,Tidak,3,1
CLM-1093,Finance Dept,Travel & Entertainment,Klaim Pengeluaran Operasional #1093,14.54,0,1,0,10,0,Tidak,3,1
CLM-1094,Finance Dept,Sewa Kendaraan Operasional,Klaim Pengeluaran Operasional #1094,11.28,0,1,0,32,0,Tidak,2,1
CLM-1095,Jakarta Branch,Travel & Entertainment,Klaim Pengeluaran Operasional #1095,4.43,0,0,0,37,0,Tidak,1,1
CLM-1096,Operations Dept,Kertas & Alat Tulis,Klaim Pengeluaran Operasional #1096,3.41,0,0,1,10,0,Tidak,1,2
CLM-1097,Surabaya Branch,Konsumsi Rapat,Klaim Pengeluaran Operasional #1097,4.24,0,1,0,26,0,Tidak,1,1
CLM-1098,Jakarta Branch,Travel & Entertainment,Klaim Pengeluaran Operasional #1098,3.6,0,1,0,32,0,Tidak,1,1
CLM-1099,IT Dept,Konsumsi Rapat,Klaim Pengeluaran Operasional #1099,23.18,0,0,0,20,0,Tidak,3,1
CLM-1100,Bandung Branch,Travel & Entertainment,Klaim Pengeluaran Operasional #1100,6.96,0,0,2,38,0,Tidak,1,3
CLM-1101,Medan Branch,Kertas & Alat Tulis,Klaim Pengeluaran Operasional #1101,1.39,0,0,0,30,0,Tidak,1,1
CLM-1102,Operations Dept,Kertas & Alat Tulis,Klaim Pengeluaran Operasional #1102,52.66,0,1,0,37,0,Tidak,5,1
CLM-1103,Finance Dept,Sewa Kendaraan Operasional,Klaim Pengeluaran Operasional #1103,32.78,0,1,0,1,1,Ya (Anomali),5,3
CLM-1104,Surabaya Branch,Kertas & Alat Tulis,Klaim Pengeluaran Operasional #1104,39.91,0,0,0,26,0,Tidak,5,1
CLM-1105,Finance Dept,Konsumsi Rapat,Klaim Pengeluaran Operasional #1105,79.7,1,1,0,35,1,Ya (Anomali),5,4
CLM-1106,Operations Dept,Kertas & Alat Tulis,Klaim Pengeluaran Operasional #1106,3.37,0,0,0,10,0,Tidak,2,1
CLM-1107,IT Dept,Travel & Entertainment,Klaim Pengeluaran Operasional #1107,8.07,0,1,1,17,0,Tidak,2,2
CLM-1108,Jakarta Branch,Kertas & Alat Tulis,Klaim Pengeluaran Operasional #1108,21.8,0,0,0,0,0,Tidak,3,1
CLM-1109,Operations Dept,Konsumsi Rapat,Klaim Pengeluaran Operasional #1109,18.36,0,1,1,34,0,Tidak,3,2
CLM-1110,Jakarta Branch,Travel & Entertainment,Klaim Pengeluaran Operasional #1110,3.01,0,0,0,34,0,Tidak,1,1
CLM-1111,Medan Branch,Sewa Kendaraan Operasional,Klaim Pengeluaran Operasional #1111,25.88,0,0,0,30,1,Tidak,4,2
CLM-1112,Surabaya Branch,Sewa Kendaraan Operasional,Klaim Pengeluaran Operasional #1112,4.31,0,0,0,27,0,Tidak,1,1
CLM-1113,IT Dept,Sewa Kendaraan Operasional,Klaim Pengeluaran Operasional #1113,4.3,0,1,0,38,0,Tidak,1,1
CLM-1114,Surabaya Branch,Travel & Entertainment,Klaim Pengeluaran Operasional #1114,12.05,0,1,1,0,0,Ya (Anomali),3,3
CLM-1115,Medan Branch,Sewa Kendaraan Operasional,Klaim Pengeluaran Operasional #1115,13.98,1,1,0,24,0,Tidak,2,2
CLM-1116,IT Dept,Kertas & Alat Tulis,Klaim Pengeluaran Operasional #1116,13.52,0,1,0,42,0,Tidak,3,1
CLM-1117,IT Dept,Travel & Entertainment,Klaim Pengeluaran Operasional #1117,1.94,0,0,0,37,0,Tidak,1,1
CLM-1118,Jakarta Branch,Travel & Entertainment,Klaim Pengeluaran Operasional #1118,31.99,0,0,2,19,1,Ya (Anomali),4,4
CLM-1119,Jakarta Branch,Travel & Entertainment,Klaim Pengeluaran Operasional #1119,5.13,0,0,0,2,0,Tidak,1,1
CLM-1120,Jakarta Branch,Vendor Pihak Ketiga,Klaim Pengeluaran Operasional #1120,2.58,0,0,1,1,0,Tidak,1,4
CLM-1121,Finance Dept,Konsumsi Rapat,Klaim Pengeluaran Operasional #1121,33.44,1,0,0,17,1,Tidak,5,4
CLM-1122,Bandung Branch,Vendor Pihak Ketiga,Klaim Pengeluaran Operasional #1122,47.24,0,0,0,43,0,Tidak,5,1
CLM-1123,Operations Dept,Vendor Pihak Ketiga,Klaim Pengeluaran Operasional #1123,30.22,0,0,0,9,1,Tidak,4,2
CLM-1124,Jakarta Branch,Vendor Pihak Ketiga,Klaim Pengeluaran Operasional #1124,25.37,0,0,0,4,1,Tidak,5,2
CLM-1125,Bandung Branch,Konsumsi Rapat,Klaim Pengeluaran Operasional #1125,16.47,0,0,0,8,0,Tidak,4,1
CLM-1126,Bandung Branch,Vendor Pihak Ketiga,Klaim Pengeluaran Operasional #1126,12.51,1,0,0,1,0,Ya (Anomali),2,3
CLM-1127,Surabaya Branch,Sewa Kendaraan Operasional,Klaim Pengeluaran Operasional #1127,1.87,0,1,1,33,0,Tidak,2,2
CLM-1128,Medan Branch,Travel & Entertainment,Klaim Pengeluaran Operasional #1128,8.38,0,1,1,37,0,Ya (Anomali),2,3
CLM-1129,Finance Dept,Travel & Entertainment,Klaim Pengeluaran Operasional #1129,7.49,0,1,1,30,0,Tidak,1,2
CLM-1130,Bandung Branch,Kertas & Alat Tulis,Klaim Pengeluaran Operasional #1130,5.01,0,0,0,9,0,Tidak,1,1
CLM-1131,Operations Dept,Sewa Kendaraan Operasional,Klaim Pengeluaran Operasional #1131,19.78,0,0,0,11,0,Tidak,3,1
CLM-1132,Finance Dept,Konsumsi Rapat,Klaim Pengeluaran Operasional #1132,10.77,0,1,0,35,0,Tidak,2,1
CLM-1133,Surabaya Branch,Travel & Entertainment,Klaim Pengeluaran Operasional #1133,1.77,0,0,0,20,0,Tidak,2,1
CLM-1134,Jakarta Branch,Vendor Pihak Ketiga,Klaim Pengeluaran Operasional #1134,4.23,0,0,1,5,0,Tidak,1,3
CLM-1135,IT Dept,Kertas & Alat Tulis,Klaim Pengeluaran Operasional #1135,17.75,0,0,0,2,0,Tidak,3,1
CLM-1136,Bandung Branch,Kertas & Alat Tulis,Klaim Pengeluaran Operasional #1136,1.69,0,0,0,9,0,Tidak,2,1
CLM-1137,Medan Branch,Travel & Entertainment,Klaim Pengeluaran Operasional #1137,29.08,0,0,0,4,1,Tidak,4,2
CLM-1138,IT Dept,Sewa Kendaraan Operasional,Klaim Pengeluaran Operasional #1138,10.75,0,0,0,25,0,Tidak,2,1
CLM-1139,Surabaya Branch,Kertas & Alat Tulis,Klaim Pengeluaran Operasional #1139,10.33,0,0,0,20,0,Tidak,2,1
CLM-1140,Finance Dept,Travel & Entertainment,Klaim Pengeluaran Operasional #1140,13.96,0,0,0,44,0,Tidak,2,1
CLM-1141,Operations Dept,Sewa Kendaraan Operasional,Klaim Pengeluaran Operasional #1141,26.62,0,0,0,25,1,Tidak,4,2
CLM-1142,Jakarta Branch,Travel & Entertainment,Klaim Pengeluaran Operasional #1142,6.91,0,1,0,37,0,Tidak,1,1
CLM-1143,Finance Dept,Travel & Entertainment,Klaim Pengeluaran Operasional #1143,17.5,0,0,0,43,0,Tidak,3,1
CLM-1144,Medan Branch,Sewa Kendaraan Operasional,Klaim Pengeluaran Operasional #1144,13.01,0,0,2,25,0,Tidak,3,3
CLM-1145,Bandung Branch,Sewa Kendaraan Operasional,Klaim Pengeluaran Operasional #1145,5.16,1,1,0,7,0,Tidak,2,3
CLM-1146,Medan Branch,Sewa Kendaraan Operasional,Klaim Pengeluaran Operasional #1146,32.13,0,0,0,4,0,Tidak,5,1
CLM-1147,Finance Dept,Travel & Entertainment,Klaim Pengeluaran Operasional #1147,24.45,0,0,0,14,0,Tidak,4,1
CLM-1148,Finance Dept,Kertas & Alat Tulis,Klaim Pengeluaran Operasional #1148,16.61,0,0,0,15,0,Tidak,3,1
CLM-1149,IT Dept,Konsumsi Rapat,Klaim Pengeluaran Operasional #1149,29.02,0,0,0,0,1,Ya (Anomali),5,4
CLM-1150,Medan Branch,Konsumsi Rapat,Klaim Pengeluaran Operasional #1150,30.79,0,0,1,15,1,Tidak,4,3
CLM-1151,Medan Branch,Travel & Entertainment,Klaim Pengeluaran Operasional #1151,18.98,0,1,0,36,0,Tidak,3,1
CLM-1152,Medan Branch,Travel & Entertainment,Klaim Pengeluaran Operasional #1152,27.71,1,0,0,2,1,Ya (Anomali),5,5
CLM-1153,Jakarta Branch,Kertas & Alat Tulis,Klaim Pengeluaran Operasional #1153,18.43,0,0,0,30,0,Tidak,4,1
CLM-1154,Operations Dept,Sewa Kendaraan Operasional,Klaim Pengeluaran Operasional #1154,17.6,0,0,0,12,0,Tidak,3,1
CLM-1155,Finance Dept,Travel & Entertainment,Klaim Pengeluaran Operasional #1155,14.96,0,0,1,15,0,Tidak,2,2
CLM-1156,Surabaya Branch,Vendor Pihak Ketiga,Klaim Pengeluaran Operasional #1156,21.46,0,0,1,42,0,Ya (Anomali),3,3
CLM-1157,Jakarta Branch,Sewa Kendaraan Operasional,Klaim Pengeluaran Operasional #1157,3.09,1,0,0,20,0,Tidak,1,3
CLM-1158,Jakarta Branch,Travel & Entertainment,Klaim Pengeluaran Operasional #1158,32.41,0,0,1,1,1,Ya (Anomali),5,4
CLM-1159,Jakarta Branch,Vendor Pihak Ketiga,Klaim Pengeluaran Operasional #1159,31.32,0,0,0,26,1,Tidak,4,3
CLM-1160,IT Dept,Kertas & Alat Tulis,Klaim Pengeluaran Operasional #1160,0.95,0,0,2,37,0,Tidak,1,3
CLM-1161,Operations Dept,Vendor Pihak Ketiga,Klaim Pengeluaran Operasional #1161,26.71,0,0,0,25,1,Ya (Anomali),4,2
CLM-1162,Operations Dept,Travel & Entertainment,Klaim Pengeluaran Operasional #1162,2.57,0,1,2,37,0,Tidak,1,3
CLM-1163,Surabaya Branch,Konsumsi Rapat,Klaim Pengeluaran Operasional #1163,6.62,0,0,1,24,0,Tidak,1,2
CLM-1164,Medan Branch,Travel & Entertainment,Klaim Pengeluaran Operasional #1164,20.91,0,0,0,10,0,Tidak,3,1
CLM-1165,IT Dept,Konsumsi Rapat,Klaim Pengeluaran Operasional #1165,3.13,0,0,0,7,0,Tidak,2,1
CLM-1166,Finance Dept,Kertas & Alat Tulis,Klaim Pengeluaran Operasional #1166,26.05,0,0,2,7,0,Ya (Anomali),4,3
CLM-1167,Bandung Branch,Kertas & Alat Tulis,Klaim Pengeluaran Operasional #1167,27.27,0,0,1,32,1,Ya (Anomali),4,3
CLM-1168,IT Dept,Sewa Kendaraan Operasional,Klaim Pengeluaran Operasional #1168,11.12,0,0,0,6,0,Tidak,2,1
CLM-1169,Bandung Branch,Sewa Kendaraan Operasional,Klaim Pengeluaran Operasional #1169,0.6,0,1,0,37,0,Tidak,1,1
CLM-1170,Finance Dept,Konsumsi Rapat,Klaim Pengeluaran Operasional #1170,5.57,0,1,0,20,0,Tidak,1,1
CLM-1171,Surabaya Branch,Konsumsi Rapat,Klaim Pengeluaran Operasional #1171,14.89,0,0,0,7,0,Tidak,3,1
CLM-1172,Operations Dept,Kertas & Alat Tulis,Klaim Pengeluaran Operasional #1172,60.1,0,0,0,20,0,Tidak,5,1
CLM-1173,Bandung Branch,Vendor Pihak Ketiga,Klaim Pengeluaran Operasional #1173,15.49,0,1,0,19,0,Tidak,3,1
CLM-1174,Jakarta Branch,Konsumsi Rapat,Klaim Pengeluaran Operasional #1174,5.01,0,1,1,7,0,Tidak,1,2
CLM-1175,IT Dept,Konsumsi Rapat,Klaim Pengeluaran Operasional #1175,15.58,0,1,0,30,0,Tidak,2,1
CLM-1176,Bandung Branch,Vendor Pihak Ketiga,Klaim Pengeluaran Operasional #1176,12.15,0,0,1,28,0,Ya (Anomali),3,2
CLM-1177,Finance Dept,Sewa Kendaraan Operasional,Klaim Pengeluaran Operasional #1177,23.2,0,0,0,8,0,Tidak,3,1
CLM-1178,Operations Dept,Sewa Kendaraan Operasional,Klaim Pengeluaran Operasional #1178,2.2,0,0,0,14,0,Tidak,1,1
CLM-1179,Jakarta Branch,Konsumsi Rapat,Klaim Pengeluaran Operasional #1179,21.97,0,0,0,29,0,Tidak,3,1
CLM-1180,Bandung Branch,Sewa Kendaraan Operasional,Klaim Pengeluaran Operasional #1180,12.19,0,0,0,25,0,Tidak,2,1
CLM-1181,Operations Dept,Sewa Kendaraan Operasional,Klaim Pengeluaran Operasional #1181,49.95,0,0,0,9,1,Tidak,5,2
CLM-1182,Finance Dept,Sewa Kendaraan Operasional,Klaim Pengeluaran Operasional #1182,6.78,0,1,0,28,0,Tidak,2,1
CLM-1183,Surabaya Branch,Kertas & Alat Tulis,Klaim Pengeluaran Operasional #1183,15.52,1,0,0,15,0,Tidak,3,3
CLM-1184,Finance Dept,Travel & Entertainment,Klaim Pengeluaran Operasional #1184,40.83,0,1,0,35,1,Tidak,5,3
CLM-1185,Surabaya Branch,Konsumsi Rapat,Klaim Pengeluaran Operasional #1185,2.12,0,0,0,19,0,Tidak,1,1
CLM-1186,Operations Dept,Konsumsi Rapat,Klaim Pengeluaran Operasional #1186,42.02,0,0,0,44,1,Tidak,5,2
CLM-1187,Operations Dept,Kertas & Alat Tulis,Klaim Pengeluaran Operasional #1187,17.97,0,0,1,36,0,Tidak,4,2
CLM-1188,Jakarta Branch,Travel & Entertainment,Klaim Pengeluaran Operasional #1188,1.55,0,1,1,21,0,Ya (Anomali),1,2
CLM-1189,Finance Dept,Travel & Entertainment,Klaim Pengeluaran Operasional #1189,5.87,0,0,0,6,0,Tidak,1,1
CLM-1190,Medan Branch,Kertas & Alat Tulis,Klaim Pengeluaran Operasional #1190,18.97,0,0,0,22,0,Tidak,4,1
CLM-1191,IT Dept,Vendor Pihak Ketiga,Klaim Pengeluaran Operasional #1191,1.55,0,1,0,40,0,Tidak,1,1
CLM-1192,Medan Branch,Vendor Pihak Ketiga,Klaim Pengeluaran Operasional #1192,13.59,0,0,1,39,0,Tidak,2,3
CLM-1193,Medan Branch,Travel & Entertainment,Klaim Pengeluaran Operasional #1193,6.87,0,0,0,28,0,Tidak,2,1
CLM-1194,Medan Branch,Vendor Pihak Ketiga,Klaim Pengeluaran Operasional #1194,15.05,0,0,0,15,0,Tidak,2,1
CLM-1195,IT Dept,Vendor Pihak Ketiga,Klaim Pengeluaran Operasional #1195,1.2,1,0,0,37,0,Ya (Anomali),1,2
CLM-1196,Medan Branch,Vendor Pihak Ketiga,Klaim Pengeluaran Operasional #1196,31.28,0,0,0,27,1,Ya (Anomali),4,3
CLM-1197,Surabaya Branch,Travel & Entertainment,Klaim Pengeluaran Operasional #1197,54.95,0,0,0,37,1,Tidak,5,2
CLM-1198,Finance Dept,Vendor Pihak Ketiga,Klaim Pengeluaran Operasional #1198,52.55,0,0,1,30,1,Ya (Anomali),5,3
CLM-1199,Operations Dept,Konsumsi Rapat,Klaim Pengeluaran Operasional #1199,21.27,0,0,0,13,0,Tidak,3,1
CLM-1200,Jakarta Branch,Travel & Entertainment,Klaim Pengeluaran Operasional #1200,2.59,0,0,0,32,0,Tidak,1,1
