ID Penugasan,Entitas Auditee,Jenis Audit,Deskripsi Fieldwork,completion_duration_days,historical_avg_duration_days,sampling_coverage_pct,audit_findings_count,duration_zscore,"is_instant_approval (1=Ya, 0=Tidak)",TARGET: is_anomaly,TARGET: Impact (1-5),TARGET: Likelihood (1-5)
ASG-0001,Surabaya Branch,Surprise Audit,Penugasan Audit Lapangan #1,40,20,58.8,3,2.0,0,Tidak,5,1
ASG-0002,Jakarta Branch,Surprise Audit,Penugasan Audit Lapangan #2,53,16,75.5,2,3.7,0,Tidak,4,1
ASG-0003,Finance Dept,Surprise Audit,Penugasan Audit Lapangan #3,30,34,48.3,3,-0.4,0,Tidak,5,2
ASG-0004,Surabaya Branch,Compliance Audit,Penugasan Audit Lapangan #4,16,42,8.7,4,-2.6,0,Ya (Anomali),5,4
ASG-0005,Bandung Branch,Limited Review,Penugasan Audit Lapangan #5,44,25,19.8,1,1.9,0,Tidak,5,1
ASG-0006,Medan Branch,Full Scope Audit,Penugasan Audit Lapangan #6,9,18,44.5,2,-0.9,0,Tidak,4,3
ASG-0007,Jakarta Branch,Full Scope Audit,Penugasan Audit Lapangan #7,22,29,70.2,2,-0.7,0,Tidak,3,1
ASG-0008,Operations Dept,Surprise Audit,Penugasan Audit Lapangan #8,40,20,58.4,1,2.0,0,Tidak,3,1
ASG-0009,IT Dept,Compliance Audit,Penugasan Audit Lapangan #9,59,36,63.5,2,2.3,0,Tidak,4,1
ASG-0010,Jakarta Branch,Compliance Audit,Penugasan Audit Lapangan #10,20,31,48.1,0,-1.1,0,Tidak,4,2
ASG-0011,Jakarta Branch,Full Scope Audit,Penugasan Audit Lapangan #11,24,44,60.4,0,-2.0,0,Tidak,2,4
ASG-0012,Jakarta Branch,Surprise Audit,Penugasan Audit Lapangan #12,12,38,34.6,2,-2.6,0,Tidak,5,5
ASG-0013,Operations Dept,Full Scope Audit,Penugasan Audit Lapangan #13,12,20,47.3,10,-0.8,0,Tidak,5,1
ASG-0014,Finance Dept,Surprise Audit,Penugasan Audit Lapangan #14,25,33,72.0,0,-0.8,0,Tidak,2,1
ASG-0015,Finance Dept,Surprise Audit,Penugasan Audit Lapangan #15,54,44,83.5,4,1.0,0,Tidak,5,1
ASG-0016,IT Dept,Limited Review,Penugasan Audit Lapangan #16,37,39,44.0,1,-0.2,0,Tidak,4,1
ASG-0017,Finance Dept,Surprise Audit,Penugasan Audit Lapangan #17,41,16,8.9,5,2.5,0,Tidak,5,1
ASG-0018,Operations Dept,Limited Review,Penugasan Audit Lapangan #18,25,29,19.6,8,-0.4,0,Tidak,5,1
ASG-0019,IT Dept,Full Scope Audit,Penugasan Audit Lapangan #19,4,25,6.9,0,-2.1,0,Ya (Anomali),5,3
ASG-0020,IT Dept,Full Scope Audit,Penugasan Audit Lapangan #20,23,22,63.8,4,0.1,0,Tidak,5,1
ASG-0021,Finance Dept,Compliance Audit,Penugasan Audit Lapangan #21,54,40,34.9,1,1.4,0,Tidak,4,1
ASG-0022,Surabaya Branch,Limited Review,Penugasan Audit Lapangan #22,3,33,53.8,4,-3.0,0,Tidak,5,5
ASG-0023,Finance Dept,Full Scope Audit,Penugasan Audit Lapangan #23,25,27,49.4,1,-0.2,0,Tidak,3,2
ASG-0024,Surabaya Branch,Limited Review,Penugasan Audit Lapangan #24,45,26,12.3,2,1.9,0,Tidak,5,1
ASG-0025,Bandung Branch,Full Scope Audit,Penugasan Audit Lapangan #25,31,19,41.3,4,1.2,0,Tidak,5,1
ASG-0026,Finance Dept,Limited Review,Penugasan Audit Lapangan #26,39,20,24.9,4,1.9,0,Tidak,5,1
ASG-0027,Bandung Branch,Limited Review,Penugasan Audit Lapangan #27,3,40,42.7,0,-3.7,0,Tidak,3,5
ASG-0028,Finance Dept,Surprise Audit,Penugasan Audit Lapangan #28,22,36,23.3,2,-1.4,0,Tidak,5,3
ASG-0029,Bandung Branch,Full Scope Audit,Penugasan Audit Lapangan #29,34,18,80.6,3,1.6,0,Tidak,4,1
ASG-0030,Medan Branch,Compliance Audit,Penugasan Audit Lapangan #30,13,33,20.7,0,-2.0,0,Tidak,4,3
ASG-0031,Bandung Branch,Surprise Audit,Penugasan Audit Lapangan #31,59,34,91.5,5,2.5,0,Tidak,5,1
ASG-0032,Surabaya Branch,Compliance Audit,Penugasan Audit Lapangan #32,23,15,42.4,1,0.8,0,Tidak,4,1
ASG-0033,Jakarta Branch,Limited Review,Penugasan Audit Lapangan #33,45,34,81.2,1,1.1,0,Tidak,2,1
ASG-0034,IT Dept,Surprise Audit,Penugasan Audit Lapangan #34,26,31,61.6,1,-0.5,0,Tidak,3,1
ASG-0035,Bandung Branch,Limited Review,Penugasan Audit Lapangan #35,50,26,71.2,2,2.4,0,Tidak,3,1
ASG-0036,Jakarta Branch,Full Scope Audit,Penugasan Audit Lapangan #36,28,29,74.1,5,-0.1,0,Tidak,5,2
ASG-0037,Operations Dept,Full Scope Audit,Penugasan Audit Lapangan #37,43,15,50.4,4,2.8,0,Tidak,5,1
ASG-0038,Medan Branch,Compliance Audit,Penugasan Audit Lapangan #38,29,40,53.9,6,-1.1,0,Tidak,5,2
ASG-0039,Medan Branch,Full Scope Audit,Penugasan Audit Lapangan #39,17,28,51.3,13,-1.1,0,Tidak,5,2
ASG-0040,Operations Dept,Compliance Audit,Penugasan Audit Lapangan #40,16,20,57.9,3,-0.4,0,Tidak,5,1
ASG-0041,Operations Dept,Limited Review,Penugasan Audit Lapangan #41,48,19,7.6,3,2.9,0,Tidak,5,1
ASG-0042,Operations Dept,Surprise Audit,Penugasan Audit Lapangan #42,52,44,40.6,5,0.8,0,Tidak,5,1
ASG-0043,Surabaya Branch,Full Scope Audit,Penugasan Audit Lapangan #43,45,25,59.6,3,2.0,0,Tidak,5,1
ASG-0044,Operations Dept,Limited Review,Penugasan Audit Lapangan #44,56,18,58.8,9,3.8,0,Tidak,5,1
ASG-0045,Surabaya Branch,Surprise Audit,Penugasan Audit Lapangan #45,53,27,76.4,0,2.6,0,Tidak,2,1
ASG-0046,Bandung Branch,Limited Review,Penugasan Audit Lapangan #46,58,25,64.0,7,3.3,0,Tidak,5,1
ASG-0047,Finance Dept,Compliance Audit,Penugasan Audit Lapangan #47,4,17,94.3,11,-1.3,0,Tidak,5,2
ASG-0048,Operations Dept,Limited Review,Penugasan Audit Lapangan #48,38,15,30.5,2,2.3,0,Tidak,5,1
ASG-0049,Operations Dept,Compliance Audit,Penugasan Audit Lapangan #49,52,20,37.3,1,3.2,0,Tidak,4,1
ASG-0050,Medan Branch,Compliance Audit,Penugasan Audit Lapangan #50,8,32,39.5,19,-2.4,0,Tidak,5,3
ASG-0051,Jakarta Branch,Full Scope Audit,Penugasan Audit Lapangan #51,22,38,46.9,0,-1.6,0,Tidak,3,2
ASG-0052,Finance Dept,Compliance Audit,Penugasan Audit Lapangan #52,10,24,80.2,1,-1.4,0,Tidak,3,2
ASG-0053,Medan Branch,Compliance Audit,Penugasan Audit Lapangan #53,40,19,26.2,5,2.1,0,Tidak,5,1
ASG-0054,Bandung Branch,Limited Review,Penugasan Audit Lapangan #54,19,37,74.8,3,-1.8,0,Tidak,4,3
ASG-0055,Operations Dept,Compliance Audit,Penugasan Audit Lapangan #55,5,24,41.5,5,-1.9,0,Tidak,5,3
ASG-0056,Medan Branch,Compliance Audit,Penugasan Audit Lapangan #56,26,26,59.2,6,0.0,0,Tidak,5,1
ASG-0057,Surabaya Branch,Limited Review,Penugasan Audit Lapangan #57,15,16,61.9,1,-0.1,0,Tidak,3,2
ASG-0058,Jakarta Branch,Surprise Audit,Penugasan Audit Lapangan #58,51,27,38.6,1,2.4,0,Tidak,4,1
ASG-0059,Jakarta Branch,Full Scope Audit,Penugasan Audit Lapangan #59,59,22,51.1,7,3.7,0,Tidak,5,1
ASG-0060,Surabaya Branch,Limited Review,Penugasan Audit Lapangan #60,10,16,42.2,2,-0.6,0,Tidak,4,2
ASG-0061,Operations Dept,Compliance Audit,Penugasan Audit Lapangan #61,27,34,11.2,3,-0.7,0,Tidak,5,2
ASG-0062,Operations Dept,Limited Review,Penugasan Audit Lapangan #62,54,15,44.3,6,3.9,0,Tidak,5,1
ASG-0063,Finance Dept,Surprise Audit,Penugasan Audit Lapangan #63,3,19,13.8,2,-1.6,1,Ya (Anomali),5,5
ASG-0064,Surabaya Branch,Limited Review,Penugasan Audit Lapangan #64,21,23,41.5,1,-0.2,0,Tidak,5,1
ASG-0065,Operations Dept,Limited Review,Penugasan Audit Lapangan #65,29,31,58.4,1,-0.2,0,Tidak,3,1
ASG-0066,Jakarta Branch,Limited Review,Penugasan Audit Lapangan #66,48,23,57.1,0,2.5,0,Tidak,3,1
ASG-0067,Operations Dept,Limited Review,Penugasan Audit Lapangan #67,8,25,64.6,0,-1.7,0,Tidak,2,4
ASG-0068,Bandung Branch,Compliance Audit,Penugasan Audit Lapangan #68,45,29,13.6,5,1.6,0,Tidak,5,1
ASG-0069,Operations Dept,Limited Review,Penugasan Audit Lapangan #69,9,38,63.7,0,-2.9,0,Tidak,2,4
ASG-0070,Finance Dept,Surprise Audit,Penugasan Audit Lapangan #70,48,20,33.1,1,2.8,0,Tidak,4,1
ASG-0071,IT Dept,Limited Review,Penugasan Audit Lapangan #71,36,37,40.9,1,-0.1,0,Tidak,4,1
ASG-0072,Medan Branch,Limited Review,Penugasan Audit Lapangan #72,15,17,82.2,0,-0.2,0,Tidak,1,1
ASG-0073,IT Dept,Compliance Audit,Penugasan Audit Lapangan #73,18,44,5.8,3,-2.6,0,Ya (Anomali),5,4
ASG-0074,Bandung Branch,Compliance Audit,Penugasan Audit Lapangan #74,37,31,58.0,5,0.6,0,Tidak,5,1
ASG-0075,IT Dept,Limited Review,Penugasan Audit Lapangan #75,51,19,58.9,5,3.2,0,Tidak,5,1
ASG-0076,Operations Dept,Compliance Audit,Penugasan Audit Lapangan #76,41,44,40.7,3,-0.3,0,Tidak,5,1
ASG-0077,Finance Dept,Compliance Audit,Penugasan Audit Lapangan #77,5,42,26.3,17,-3.7,0,Tidak,5,5
ASG-0078,Jakarta Branch,Limited Review,Penugasan Audit Lapangan #78,3,26,26.1,0,-2.3,0,Tidak,3,3
ASG-0079,Jakarta Branch,Compliance Audit,Penugasan Audit Lapangan #79,7,32,84.5,6,-2.5,0,Tidak,5,3
ASG-0080,Bandung Branch,Full Scope Audit,Penugasan Audit Lapangan #80,55,28,44.8,1,2.7,0,Tidak,5,1
ASG-0081,IT Dept,Full Scope Audit,Penugasan Audit Lapangan #81,43,35,34.8,1,0.8,0,Tidak,4,1
ASG-0082,Finance Dept,Full Scope Audit,Penugasan Audit Lapangan #82,5,38,45.4,1,-3.3,0,Tidak,3,4
ASG-0083,Medan Branch,Compliance Audit,Penugasan Audit Lapangan #83,55,25,65.2,4,3.0,0,Tidak,5,1
ASG-0084,Operations Dept,Full Scope Audit,Penugasan Audit Lapangan #84,30,23,18.1,4,0.7,0,Tidak,5,1
ASG-0085,IT Dept,Surprise Audit,Penugasan Audit Lapangan #85,19,16,45.4,5,0.3,0,Tidak,5,1
ASG-0086,IT Dept,Full Scope Audit,Penugasan Audit Lapangan #86,27,26,57.9,0,0.1,0,Tidak,2,1
ASG-0087,Medan Branch,Surprise Audit,Penugasan Audit Lapangan #87,45,17,90.4,5,2.8,0,Tidak,5,1
ASG-0088,Surabaya Branch,Compliance Audit,Penugasan Audit Lapangan #88,35,17,27.7,0,1.8,0,Tidak,3,1
ASG-0089,Operations Dept,Full Scope Audit,Penugasan Audit Lapangan #89,11,15,37.3,2,-0.4,0,Tidak,5,1
ASG-0090,Bandung Branch,Surprise Audit,Penugasan Audit Lapangan #90,37,22,39.1,7,1.5,0,Tidak,5,1
ASG-0091,Operations Dept,Compliance Audit,Penugasan Audit Lapangan #91,15,36,59.5,3,-2.1,0,Tidak,5,3
ASG-0092,Finance Dept,Full Scope Audit,Penugasan Audit Lapangan #92,32,42,37.1,2,-1.0,0,Tidak,5,3
ASG-0093,Bandung Branch,Limited Review,Penugasan Audit Lapangan #93,49,43,53.0,9,0.6,0,Tidak,5,1
ASG-0094,Medan Branch,Full Scope Audit,Penugasan Audit Lapangan #94,16,22,75.4,8,-0.6,0,Tidak,5,1
ASG-0095,Finance Dept,Full Scope Audit,Penugasan Audit Lapangan #95,9,25,68.5,1,-1.6,0,Tidak,4,3
ASG-0096,Jakarta Branch,Full Scope Audit,Penugasan Audit Lapangan #96,15,23,45.2,2,-0.8,0,Tidak,4,1
ASG-0097,Jakarta Branch,Limited Review,Penugasan Audit Lapangan #97,24,19,82.8,1,0.5,0,Tidak,2,1
ASG-0098,Operations Dept,Surprise Audit,Penugasan Audit Lapangan #98,58,28,55.2,0,3.0,0,Tidak,2,1
ASG-0099,Finance Dept,Surprise Audit,Penugasan Audit Lapangan #99,41,42,53.6,2,-0.1,0,Tidak,4,1
ASG-0100,Bandung Branch,Limited Review,Penugasan Audit Lapangan #100,22,44,8.1,5,-2.2,0,Ya (Anomali),5,3
ASG-0101,Bandung Branch,Full Scope Audit,Penugasan Audit Lapangan #101,17,17,93.8,9,0.0,0,Tidak,5,1
ASG-0102,Jakarta Branch,Full Scope Audit,Penugasan Audit Lapangan #102,46,35,16.1,3,1.1,0,Tidak,5,1
ASG-0103,Jakarta Branch,Full Scope Audit,Penugasan Audit Lapangan #103,19,19,25.8,3,0.0,0,Tidak,5,1
ASG-0104,Medan Branch,Surprise Audit,Penugasan Audit Lapangan #104,48,19,9.7,5,2.9,0,Tidak,5,1
ASG-0105,Finance Dept,Surprise Audit,Penugasan Audit Lapangan #105,54,33,62.6,2,2.1,0,Tidak,4,1
ASG-0106,Bandung Branch,Limited Review,Penugasan Audit Lapangan #106,25,41,25.2,3,-1.6,0,Tidak,5,2
ASG-0107,Medan Branch,Compliance Audit,Penugasan Audit Lapangan #107,27,28,21.2,2,-0.1,0,Tidak,5,1
ASG-0108,Bandung Branch,Limited Review,Penugasan Audit Lapangan #108,26,40,13.0,6,-1.4,0,Tidak,5,2
ASG-0109,Jakarta Branch,Surprise Audit,Penugasan Audit Lapangan #109,46,44,14.3,0,0.2,0,Tidak,5,1
ASG-0110,Finance Dept,Full Scope Audit,Penugasan Audit Lapangan #110,42,18,57.6,2,2.4,0,Tidak,5,1
ASG-0111,Surabaya Branch,Full Scope Audit,Penugasan Audit Lapangan #111,30,39,66.9,1,-0.9,0,Tidak,4,3
ASG-0112,Finance Dept,Full Scope Audit,Penugasan Audit Lapangan #112,16,27,40.8,8,-1.1,0,Tidak,5,2
ASG-0113,IT Dept,Full Scope Audit,Penugasan Audit Lapangan #113,46,24,48.2,1,2.2,0,Tidak,3,1
ASG-0114,Surabaya Branch,Compliance Audit,Penugasan Audit Lapangan #114,2,39,66.7,3,-3.7,0,Tidak,5,5
ASG-0115,Operations Dept,Limited Review,Penugasan Audit Lapangan #115,26,32,6.6,2,-0.6,0,Tidak,5,1
ASG-0116,Operations Dept,Limited Review,Penugasan Audit Lapangan #116,8,22,34.1,2,-1.4,0,Tidak,5,2
ASG-0117,Medan Branch,Surprise Audit,Penugasan Audit Lapangan #117,10,22,92.6,6,-1.2,0,Tidak,5,2
ASG-0118,Surabaya Branch,Limited Review,Penugasan Audit Lapangan #118,25,21,57.2,9,0.4,0,Tidak,5,1
ASG-0119,Surabaya Branch,Compliance Audit,Penugasan Audit Lapangan #119,2,22,27.9,6,-2.0,0,Tidak,5,3
ASG-0120,Medan Branch,Compliance Audit,Penugasan Audit Lapangan #120,45,28,52.0,2,1.7,0,Tidak,4,1
ASG-0121,Finance Dept,Compliance Audit,Penugasan Audit Lapangan #121,9,33,35.8,16,-2.4,0,Tidak,5,4
ASG-0122,Medan Branch,Full Scope Audit,Penugasan Audit Lapangan #122,25,43,52.9,1,-1.8,0,Tidak,3,3
ASG-0123,IT Dept,Surprise Audit,Penugasan Audit Lapangan #123,12,20,16.3,3,-0.8,0,Tidak,5,1
ASG-0124,Jakarta Branch,Compliance Audit,Penugasan Audit Lapangan #124,52,15,16.9,1,3.7,0,Tidak,5,1
ASG-0125,Operations Dept,Limited Review,Penugasan Audit Lapangan #125,18,37,17.9,0,-1.9,0,Tidak,4,3
ASG-0126,Jakarta Branch,Limited Review,Penugasan Audit Lapangan #126,9,29,89.6,2,-2.0,0,Tidak,4,3
ASG-0127,Operations Dept,Limited Review,Penugasan Audit Lapangan #127,36,15,71.0,7,2.1,0,Tidak,5,1
ASG-0128,Surabaya Branch,Compliance Audit,Penugasan Audit Lapangan #128,36,39,19.6,4,-0.3,0,Tidak,5,1
ASG-0129,Medan Branch,Compliance Audit,Penugasan Audit Lapangan #129,34,31,22.0,0,0.3,0,Tidak,4,1
ASG-0130,Medan Branch,Limited Review,Penugasan Audit Lapangan #130,6,15,70.8,1,-0.9,0,Tidak,2,2
ASG-0131,Medan Branch,Compliance Audit,Penugasan Audit Lapangan #131,43,29,19.1,10,1.4,0,Tidak,5,1
ASG-0132,IT Dept,Limited Review,Penugasan Audit Lapangan #132,40,37,26.1,3,0.3,0,Tidak,5,1
ASG-0133,IT Dept,Full Scope Audit,Penugasan Audit Lapangan #133,59,16,91.7,2,4.3,0,Tidak,3,1
ASG-0134,Finance Dept,Compliance Audit,Penugasan Audit Lapangan #134,42,28,28.0,5,1.4,0,Tidak,5,1
ASG-0135,Bandung Branch,Full Scope Audit,Penugasan Audit Lapangan #135,29,35,64.5,2,-0.6,0,Tidak,4,2
ASG-0136,Operations Dept,Full Scope Audit,Penugasan Audit Lapangan #136,8,22,93.1,5,-1.4,0,Tidak,5,2
ASG-0137,Bandung Branch,Compliance Audit,Penugasan Audit Lapangan #137,10,22,38.7,7,-1.2,0,Tidak,5,2
ASG-0138,Bandung Branch,Limited Review,Penugasan Audit Lapangan #138,9,33,6.6,2,-2.4,0,Ya (Anomali),5,3
ASG-0139,Operations Dept,Surprise Audit,Penugasan Audit Lapangan #139,13,21,27.0,3,-0.8,0,Tidak,5,1
ASG-0140,Finance Dept,Full Scope Audit,Penugasan Audit Lapangan #140,35,33,79.8,6,0.2,0,Tidak,5,1
ASG-0141,Medan Branch,Compliance Audit,Penugasan Audit Lapangan #141,34,20,82.8,1,1.4,0,Tidak,2,1
ASG-0142,Bandung Branch,Full Scope Audit,Penugasan Audit Lapangan #142,49,20,74.2,1,2.9,0,Tidak,3,1
ASG-0143,Medan Branch,Limited Review,Penugasan Audit Lapangan #143,56,17,15.2,3,3.9,0,Tidak,5,1
ASG-0144,Surabaya Branch,Compliance Audit,Penugasan Audit Lapangan #144,24,21,76.6,7,0.3,0,Tidak,5,1
ASG-0145,Bandung Branch,Surprise Audit,Penugasan Audit Lapangan #145,25,33,87.7,8,-0.8,0,Tidak,5,1
ASG-0146,Surabaya Branch,Compliance Audit,Penugasan Audit Lapangan #146,38,22,59.1,2,1.6,0,Tidak,5,1
ASG-0147,Finance Dept,Full Scope Audit,Penugasan Audit Lapangan #147,36,24,89.7,4,1.2,0,Tidak,4,1
ASG-0148,Jakarta Branch,Compliance Audit,Penugasan Audit Lapangan #148,45,34,79.4,0,1.1,0,Tidak,1,1
ASG-0149,IT Dept,Compliance Audit,Penugasan Audit Lapangan #149,41,29,65.0,12,1.2,0,Tidak,5,1
ASG-0150,Operations Dept,Full Scope Audit,Penugasan Audit Lapangan #150,23,29,56.9,1,-0.6,0,Tidak,3,1
ASG-0151,Finance Dept,Surprise Audit,Penugasan Audit Lapangan #151,28,43,36.4,5,-1.5,0,Tidak,5,3
ASG-0152,Finance Dept,Limited Review,Penugasan Audit Lapangan #152,36,15,19.3,4,2.1,0,Tidak,5,1
ASG-0153,Finance Dept,Compliance Audit,Penugasan Audit Lapangan #153,2,34,59.4,2,-3.2,0,Tidak,5,4
ASG-0154,Bandung Branch,Surprise Audit,Penugasan Audit Lapangan #154,36,44,33.6,2,-0.8,0,Tidak,5,2
ASG-0155,Surabaya Branch,Limited Review,Penugasan Audit Lapangan #155,38,21,83.0,1,1.7,0,Tidak,3,1
ASG-0156,IT Dept,Full Scope Audit,Penugasan Audit Lapangan #156,48,41,94.4,1,0.7,0,Tidak,3,1
ASG-0157,Bandung Branch,Surprise Audit,Penugasan Audit Lapangan #157,15,18,72.7,2,-0.3,0,Tidak,3,1
ASG-0158,Jakarta Branch,Surprise Audit,Penugasan Audit Lapangan #158,4,43,13.1,1,-3.9,0,Tidak,5,5
ASG-0159,Operations Dept,Compliance Audit,Penugasan Audit Lapangan #159,2,20,31.0,1,-1.8,0,Tidak,4,3
ASG-0160,Operations Dept,Full Scope Audit,Penugasan Audit Lapangan #160,6,39,14.8,4,-3.3,0,Tidak,5,4
ASG-0161,IT Dept,Compliance Audit,Penugasan Audit Lapangan #161,27,15,63.5,8,1.2,0,Tidak,5,1
ASG-0162,Operations Dept,Full Scope Audit,Penugasan Audit Lapangan #162,56,43,73.9,1,1.3,0,Tidak,2,1
ASG-0163,Operations Dept,Limited Review,Penugasan Audit Lapangan #163,15,19,88.3,3,-0.4,0,Tidak,4,2
ASG-0164,Finance Dept,Compliance Audit,Penugasan Audit Lapangan #164,40,41,44.4,13,-0.1,0,Tidak,5,1
ASG-0165,Medan Branch,Full Scope Audit,Penugasan Audit Lapangan #165,28,37,86.1,3,-0.9,0,Tidak,4,3
ASG-0166,Jakarta Branch,Full Scope Audit,Penugasan Audit Lapangan #166,10,15,84.0,7,-0.5,0,Tidak,5,1
ASG-0167,Surabaya Branch,Surprise Audit,Penugasan Audit Lapangan #167,16,44,33.5,7,-2.8,0,Tidak,5,4
ASG-0168,Jakarta Branch,Compliance Audit,Penugasan Audit Lapangan #168,16,18,83.2,2,-0.2,0,Tidak,4,1
ASG-0169,Bandung Branch,Compliance Audit,Penugasan Audit Lapangan #169,27,36,38.8,2,-0.9,0,Tidak,5,2
ASG-0170,Operations Dept,Limited Review,Penugasan Audit Lapangan #170,43,16,31.7,9,2.7,0,Tidak,5,1
ASG-0171,Medan Branch,Full Scope Audit,Penugasan Audit Lapangan #171,14,24,63.4,8,-1.0,0,Tidak,5,2
ASG-0172,Bandung Branch,Surprise Audit,Penugasan Audit Lapangan #172,52,19,34.6,7,3.3,0,Tidak,5,1
ASG-0173,IT Dept,Full Scope Audit,Penugasan Audit Lapangan #173,33,41,61.7,6,-0.8,0,Tidak,5,1
ASG-0174,Finance Dept,Full Scope Audit,Penugasan Audit Lapangan #174,40,24,59.9,1,1.6,0,Tidak,3,1
ASG-0175,Operations Dept,Full Scope Audit,Penugasan Audit Lapangan #175,50,15,55.7,10,3.5,0,Tidak,5,1
ASG-0176,Finance Dept,Compliance Audit,Penugasan Audit Lapangan #176,53,36,39.2,2,1.7,0,Tidak,5,1
ASG-0177,Jakarta Branch,Full Scope Audit,Penugasan Audit Lapangan #177,33,20,54.4,6,1.3,0,Tidak,5,1
ASG-0178,Finance Dept,Limited Review,Penugasan Audit Lapangan #178,5,27,58.7,8,-2.2,0,Tidak,5,3
ASG-0179,Finance Dept,Surprise Audit,Penugasan Audit Lapangan #179,31,29,54.1,3,0.2,0,Tidak,5,1
ASG-0180,IT Dept,Surprise Audit,Penugasan Audit Lapangan #180,38,18,45.0,3,2.0,0,Tidak,5,1
ASG-0181,Surabaya Branch,Full Scope Audit,Penugasan Audit Lapangan #181,24,27,6.3,2,-0.3,0,Tidak,5,1
ASG-0182,Surabaya Branch,Surprise Audit,Penugasan Audit Lapangan #182,40,38,57.8,7,0.2,0,Tidak,5,1
ASG-0183,Bandung Branch,Full Scope Audit,Penugasan Audit Lapangan #183,46,34,20.2,1,1.2,0,Tidak,4,1
ASG-0184,Operations Dept,Compliance Audit,Penugasan Audit Lapangan #184,16,38,62.8,3,-2.2,0,Tidak,4,3
ASG-0185,Bandung Branch,Surprise Audit,Penugasan Audit Lapangan #185,44,29,73.3,1,1.5,0,Tidak,2,1
ASG-0186,Surabaya Branch,Compliance Audit,Penugasan Audit Lapangan #186,30,43,50.0,3,-1.3,0,Tidak,5,2
ASG-0187,Jakarta Branch,Compliance Audit,Penugasan Audit Lapangan #187,37,22,53.8,4,1.5,0,Tidak,5,1
ASG-0188,Surabaya Branch,Limited Review,Penugasan Audit Lapangan #188,14,19,90.6,0,-0.5,0,Tidak,1,1
ASG-0189,Bandung Branch,Limited Review,Penugasan Audit Lapangan #189,33,43,81.2,2,-1.0,0,Tidak,4,3
ASG-0190,Medan Branch,Surprise Audit,Penugasan Audit Lapangan #190,8,29,87.3,0,-2.1,0,Tidak,2,4
ASG-0191,Operations Dept,Full Scope Audit,Penugasan Audit Lapangan #191,52,18,78.2,6,3.4,0,Tidak,5,1
ASG-0192,Finance Dept,Full Scope Audit,Penugasan Audit Lapangan #192,23,26,14.8,2,-0.3,0,Tidak,5,1
ASG-0193,IT Dept,Full Scope Audit,Penugasan Audit Lapangan #193,29,27,18.4,0,0.2,0,Tidak,4,1
ASG-0194,Medan Branch,Full Scope Audit,Penugasan Audit Lapangan #194,3,16,52.4,4,-1.3,0,Tidak,5,2
ASG-0195,Medan Branch,Limited Review,Penugasan Audit Lapangan #195,43,41,27.1,3,0.2,0,Tidak,5,1
ASG-0196,Finance Dept,Full Scope Audit,Penugasan Audit Lapangan #196,46,33,47.9,3,1.3,0,Tidak,5,1
ASG-0197,Surabaya Branch,Full Scope Audit,Penugasan Audit Lapangan #197,58,33,40.5,2,2.5,0,Tidak,4,1
ASG-0198,Operations Dept,Compliance Audit,Penugasan Audit Lapangan #198,54,18,54.4,2,3.6,0,Tidak,4,1
ASG-0199,Jakarta Branch,Full Scope Audit,Penugasan Audit Lapangan #199,7,18,72.2,2,-1.1,0,Tidak,3,3
ASG-0200,Medan Branch,Full Scope Audit,Penugasan Audit Lapangan #200,29,40,69.4,5,-1.1,0,Tidak,5,2
ASG-0201,Jakarta Branch,Limited Review,Penugasan Audit Lapangan #201,29,25,51.9,0,0.4,0,Tidak,2,1
ASG-0202,IT Dept,Surprise Audit,Penugasan Audit Lapangan #202,45,41,79.0,1,0.4,0,Tidak,2,1
ASG-0203,IT Dept,Compliance Audit,Penugasan Audit Lapangan #203,45,19,43.8,6,2.6,0,Tidak,5,1
ASG-0204,IT Dept,Compliance Audit,Penugasan Audit Lapangan #204,21,34,85.7,2,-1.3,0,Tidak,3,2
ASG-0205,Bandung Branch,Surprise Audit,Penugasan Audit Lapangan #205,31,25,11.4,0,0.6,0,Tidak,4,1
ASG-0206,Medan Branch,Compliance Audit,Penugasan Audit Lapangan #206,12,44,90.9,2,-3.2,0,Tidak,3,5
ASG-0207,IT Dept,Full Scope Audit,Penugasan Audit Lapangan #207,59,24,63.9,0,3.5,0,Tidak,2,1
ASG-0208,Bandung Branch,Full Scope Audit,Penugasan Audit Lapangan #208,56,22,39.2,0,3.4,0,Tidak,3,1
ASG-0209,IT Dept,Surprise Audit,Penugasan Audit Lapangan #209,29,20,22.7,0,0.9,0,Tidak,4,1
ASG-0210,Surabaya Branch,Limited Review,Penugasan Audit Lapangan #210,26,20,48.1,1,0.6,0,Tidak,4,1
ASG-0211,Medan Branch,Limited Review,Penugasan Audit Lapangan #211,40,22,22.5,1,1.8,0,Tidak,4,1
ASG-0212,Bandung Branch,Compliance Audit,Penugasan Audit Lapangan #212,34,37,20.0,1,-0.3,0,Tidak,4,1
ASG-0213,IT Dept,Limited Review,Penugasan Audit Lapangan #213,2,29,60.6,0,-2.7,0,Tidak,2,5
ASG-0214,Operations Dept,Limited Review,Penugasan Audit Lapangan #214,58,40,52.1,5,1.8,0,Tidak,5,1
ASG-0215,Bandung Branch,Limited Review,Penugasan Audit Lapangan #215,28,28,65.3,0,0.0,0,Tidak,2,1
ASG-0216,IT Dept,Limited Review,Penugasan Audit Lapangan #216,58,25,88.7,8,3.3,0,Tidak,5,1
ASG-0217,Surabaya Branch,Limited Review,Penugasan Audit Lapangan #217,53,26,52.9,0,2.7,0,Tidak,3,1
ASG-0218,Jakarta Branch,Limited Review,Penugasan Audit Lapangan #218,14,40,57.3,1,-2.6,0,Tidak,4,4
ASG-0219,IT Dept,Limited Review,Penugasan Audit Lapangan #219,42,27,13.1,6,1.5,0,Tidak,5,1
ASG-0220,Jakarta Branch,Compliance Audit,Penugasan Audit Lapangan #220,4,22,69.6,0,-1.8,0,Tidak,2,4
ASG-0221,Medan Branch,Full Scope Audit,Penugasan Audit Lapangan #221,40,44,41.0,3,-0.4,0,Tidak,5,2
ASG-0222,Surabaya Branch,Limited Review,Penugasan Audit Lapangan #222,7,32,92.9,0,-2.5,0,Tidak,1,4
ASG-0223,Operations Dept,Full Scope Audit,Penugasan Audit Lapangan #223,9,39,79.1,4,-3.0,0,Tidak,5,5
ASG-0224,Medan Branch,Surprise Audit,Penugasan Audit Lapangan #224,28,15,52.0,2,1.3,0,Tidak,5,1
ASG-0225,Operations Dept,Full Scope Audit,Penugasan Audit Lapangan #225,10,29,16.1,2,-1.9,0,Tidak,5,3
ASG-0226,Jakarta Branch,Surprise Audit,Penugasan Audit Lapangan #226,38,22,82.3,0,1.6,0,Tidak,1,1
ASG-0227,Surabaya Branch,Compliance Audit,Penugasan Audit Lapangan #227,34,42,77.0,0,-0.8,0,Tidak,1,2
ASG-0228,Finance Dept,Full Scope Audit,Penugasan Audit Lapangan #228,52,25,21.6,0,2.7,0,Tidak,4,1
ASG-0229,Surabaya Branch,Surprise Audit,Penugasan Audit Lapangan #229,43,26,31.6,2,1.7,0,Tidak,5,1
ASG-0230,Surabaya Branch,Full Scope Audit,Penugasan Audit Lapangan #230,45,26,76.4,3,1.9,0,Tidak,4,1
ASG-0231,Operations Dept,Compliance Audit,Penugasan Audit Lapangan #231,25,18,21.7,0,0.7,0,Tidak,4,1
ASG-0232,Finance Dept,Full Scope Audit,Penugasan Audit Lapangan #232,16,30,87.6,4,-1.4,0,Tidak,4,2
ASG-0233,Bandung Branch,Surprise Audit,Penugasan Audit Lapangan #233,55,18,43.2,4,3.7,0,Tidak,5,1
ASG-0234,Bandung Branch,Limited Review,Penugasan Audit Lapangan #234,33,19,12.8,1,1.4,0,Tidak,5,1
ASG-0235,Bandung Branch,Limited Review,Penugasan Audit Lapangan #235,33,38,78.4,3,-0.5,0,Tidak,4,2
ASG-0236,Jakarta Branch,Limited Review,Penugasan Audit Lapangan #236,25,19,38.6,2,0.6,0,Tidak,5,1
ASG-0237,Surabaya Branch,Compliance Audit,Penugasan Audit Lapangan #237,42,22,52.4,1,2.0,0,Tidak,3,1
ASG-0238,IT Dept,Limited Review,Penugasan Audit Lapangan #238,53,24,15.1,5,2.9,0,Tidak,5,1
ASG-0239,Finance Dept,Compliance Audit,Penugasan Audit Lapangan #239,50,31,5.2,6,1.9,0,Tidak,5,1
ASG-0240,IT Dept,Limited Review,Penugasan Audit Lapangan #240,50,42,62.4,1,0.8,0,Tidak,3,1
ASG-0241,Jakarta Branch,Compliance Audit,Penugasan Audit Lapangan #241,59,40,51.4,3,1.9,0,Tidak,5,1
ASG-0242,Finance Dept,Compliance Audit,Penugasan Audit Lapangan #242,53,23,58.4,2,3.0,0,Tidak,4,1
ASG-0243,IT Dept,Full Scope Audit,Penugasan Audit Lapangan #243,13,36,76.4,2,-2.3,0,Tidak,4,4
ASG-0244,Operations Dept,Limited Review,Penugasan Audit Lapangan #244,40,33,63.2,4,0.7,0,Tidak,5,1
ASG-0245,Jakarta Branch,Full Scope Audit,Penugasan Audit Lapangan #245,3,43,20.7,1,-4.0,0,Tidak,4,5
ASG-0246,Jakarta Branch,Surprise Audit,Penugasan Audit Lapangan #246,4,28,37.5,0,-2.4,0,Tidak,3,3
ASG-0247,Jakarta Branch,Limited Review,Penugasan Audit Lapangan #247,50,22,86.5,13,2.8,0,Tidak,5,1
ASG-0248,Finance Dept,Limited Review,Penugasan Audit Lapangan #248,38,23,74.3,3,1.5,0,Tidak,4,1
ASG-0249,IT Dept,Limited Review,Penugasan Audit Lapangan #249,50,36,55.1,1,1.4,0,Tidak,3,1
ASG-0250,IT Dept,Limited Review,Penugasan Audit Lapangan #250,57,25,28.0,4,3.2,0,Tidak,5,1
ASG-0251,Medan Branch,Full Scope Audit,Penugasan Audit Lapangan #251,18,37,32.2,2,-1.9,0,Tidak,5,3
ASG-0252,Jakarta Branch,Full Scope Audit,Penugasan Audit Lapangan #252,50,15,70.9,4,3.5,0,Tidak,5,1
ASG-0253,Bandung Branch,Compliance Audit,Penugasan Audit Lapangan #253,3,28,81.6,2,-2.5,0,Tidak,3,3
ASG-0254,Surabaya Branch,Full Scope Audit,Penugasan Audit Lapangan #254,3,19,65.4,2,-1.6,0,Tidak,3,2
ASG-0255,Operations Dept,Compliance Audit,Penugasan Audit Lapangan #255,29,35,77.9,6,-0.6,0,Tidak,5,1
ASG-0256,Operations Dept,Surprise Audit,Penugasan Audit Lapangan #256,55,40,74.0,2,1.5,0,Tidak,4,1
ASG-0257,Medan Branch,Full Scope Audit,Penugasan Audit Lapangan #257,24,28,18.5,0,-0.4,0,Tidak,4,1
ASG-0258,Medan Branch,Compliance Audit,Penugasan Audit Lapangan #258,38,18,43.2,3,2.0,0,Tidak,5,1
ASG-0259,Finance Dept,Limited Review,Penugasan Audit Lapangan #259,33,36,18.8,5,-0.3,0,Tidak,5,1
ASG-0260,Medan Branch,Surprise Audit,Penugasan Audit Lapangan #260,34,37,26.2,6,-0.3,0,Tidak,5,2
ASG-0261,IT Dept,Compliance Audit,Penugasan Audit Lapangan #261,2,39,83.2,7,-3.7,0,Tidak,5,5
ASG-0262,Finance Dept,Surprise Audit,Penugasan Audit Lapangan #262,20,15,47.6,12,0.5,0,Tidak,5,1
ASG-0263,Finance Dept,Limited Review,Penugasan Audit Lapangan #263,3,36,53.2,5,-3.3,0,Tidak,5,5
ASG-0264,Operations Dept,Limited Review,Penugasan Audit Lapangan #264,54,37,21.1,2,1.7,0,Tidak,5,1
ASG-0265,Operations Dept,Compliance Audit,Penugasan Audit Lapangan #265,45,33,33.1,9,1.2,0,Tidak,5,1
ASG-0266,Bandung Branch,Compliance Audit,Penugasan Audit Lapangan #266,27,22,25.7,3,0.5,0,Tidak,5,1
ASG-0267,Jakarta Branch,Limited Review,Penugasan Audit Lapangan #267,33,29,23.6,2,0.4,0,Tidak,5,1
ASG-0268,Medan Branch,Compliance Audit,Penugasan Audit Lapangan #268,7,35,62.4,0,-2.8,0,Tidak,2,5
ASG-0269,Jakarta Branch,Limited Review,Penugasan Audit Lapangan #269,33,29,28.1,0,0.4,0,Tidak,3,1
ASG-0270,Jakarta Branch,Full Scope Audit,Penugasan Audit Lapangan #270,56,23,61.9,6,3.3,0,Tidak,5,1
ASG-0271,Jakarta Branch,Compliance Audit,Penugasan Audit Lapangan #271,5,35,10.3,1,-3.0,0,Tidak,5,5
ASG-0272,Finance Dept,Surprise Audit,Penugasan Audit Lapangan #272,56,23,17.8,1,3.3,0,Tidak,5,1
ASG-0273,Jakarta Branch,Limited Review,Penugasan Audit Lapangan #273,12,24,29.7,2,-1.2,0,Tidak,5,2
ASG-0274,Medan Branch,Full Scope Audit,Penugasan Audit Lapangan #274,57,34,58.7,1,2.3,0,Tidak,3,1
ASG-0275,Finance Dept,Compliance Audit,Penugasan Audit Lapangan #275,18,39,65.8,2,-2.1,0,Tidak,3,3
ASG-0276,Medan Branch,Limited Review,Penugasan Audit Lapangan #276,39,35,44.8,3,0.4,0,Tidak,5,1
ASG-0277,Finance Dept,Full Scope Audit,Penugasan Audit Lapangan #277,25,40,45.1,3,-1.5,0,Tidak,5,2
ASG-0278,Surabaya Branch,Compliance Audit,Penugasan Audit Lapangan #278,6,23,70.2,16,-1.7,0,Tidak,5,4
ASG-0279,Surabaya Branch,Limited Review,Penugasan Audit Lapangan #279,53,17,6.4,0,3.6,0,Ya (Anomali),4,1
ASG-0280,Surabaya Branch,Limited Review,Penugasan Audit Lapangan #280,35,34,35.7,1,0.1,0,Tidak,4,1
ASG-0281,Surabaya Branch,Limited Review,Penugasan Audit Lapangan #281,7,39,78.7,4,-3.2,0,Tidak,5,4
ASG-0282,Finance Dept,Compliance Audit,Penugasan Audit Lapangan #282,23,40,59.3,3,-1.7,0,Tidak,5,3
ASG-0283,Jakarta Branch,Full Scope Audit,Penugasan Audit Lapangan #283,12,25,35.4,1,-1.3,0,Tidak,4,2
ASG-0284,Bandung Branch,Limited Review,Penugasan Audit Lapangan #284,49,20,86.5,0,2.9,0,Tidak,1,1
ASG-0285,Operations Dept,Full Scope Audit,Penugasan Audit Lapangan #285,17,16,74.5,3,0.1,0,Tidak,5,1
ASG-0286,IT Dept,Full Scope Audit,Penugasan Audit Lapangan #286,34,21,28.8,0,1.3,0,Tidak,3,1
ASG-0287,Bandung Branch,Surprise Audit,Penugasan Audit Lapangan #287,10,32,63.1,2,-2.2,0,Tidak,5,4
ASG-0288,Surabaya Branch,Full Scope Audit,Penugasan Audit Lapangan #288,7,41,58.6,2,-3.4,0,Tidak,4,5
ASG-0289,Jakarta Branch,Full Scope Audit,Penugasan Audit Lapangan #289,17,16,41.1,0,0.1,0,Tidak,3,1
ASG-0290,Medan Branch,Full Scope Audit,Penugasan Audit Lapangan #290,30,41,38.0,4,-1.1,0,Tidak,5,2
ASG-0291,Jakarta Branch,Full Scope Audit,Penugasan Audit Lapangan #291,4,31,35.9,8,-2.7,0,Tidak,5,5
ASG-0292,Medan Branch,Full Scope Audit,Penugasan Audit Lapangan #292,21,25,60.5,0,-0.4,0,Tidak,2,2
ASG-0293,Bandung Branch,Compliance Audit,Penugasan Audit Lapangan #293,37,41,44.8,10,-0.4,0,Tidak,5,1
ASG-0294,Jakarta Branch,Surprise Audit,Penugasan Audit Lapangan #294,20,26,79.9,0,-0.6,0,Tidak,2,1
ASG-0295,Jakarta Branch,Limited Review,Penugasan Audit Lapangan #295,27,41,65.3,7,-1.4,0,Tidak,5,2
ASG-0296,IT Dept,Surprise Audit,Penugasan Audit Lapangan #296,4,33,11.3,4,-2.9,0,Tidak,5,4
ASG-0297,Bandung Branch,Surprise Audit,Penugasan Audit Lapangan #297,20,36,62.6,5,-1.6,0,Tidak,5,2
ASG-0298,Jakarta Branch,Limited Review,Penugasan Audit Lapangan #298,21,38,29.4,1,-1.7,0,Tidak,4,3
ASG-0299,Medan Branch,Full Scope Audit,Penugasan Audit Lapangan #299,33,39,58.4,2,-0.6,0,Tidak,4,1
ASG-0300,Operations Dept,Limited Review,Penugasan Audit Lapangan #300,8,21,66.2,2,-1.3,0,Tidak,4,3
ASG-0301,Jakarta Branch,Full Scope Audit,Penugasan Audit Lapangan #301,53,34,25.8,6,1.9,0,Tidak,5,1
ASG-0302,Medan Branch,Limited Review,Penugasan Audit Lapangan #302,42,20,46.1,4,2.2,0,Tidak,5,1
ASG-0303,Surabaya Branch,Compliance Audit,Penugasan Audit Lapangan #303,34,35,22.1,7,-0.1,0,Tidak,5,2
ASG-0304,Jakarta Branch,Surprise Audit,Penugasan Audit Lapangan #304,41,38,9.7,2,0.3,0,Tidak,5,1
ASG-0305,Medan Branch,Full Scope Audit,Penugasan Audit Lapangan #305,40,15,39.1,2,2.5,0,Tidak,5,1
ASG-0306,Operations Dept,Surprise Audit,Penugasan Audit Lapangan #306,19,31,37.7,1,-1.2,0,Tidak,4,3
ASG-0307,Bandung Branch,Full Scope Audit,Penugasan Audit Lapangan #307,41,43,94.6,1,-0.2,0,Tidak,2,1
ASG-0308,Surabaya Branch,Limited Review,Penugasan Audit Lapangan #308,2,25,45.2,2,-2.3,0,Tidak,4,4
ASG-0309,Jakarta Branch,Limited Review,Penugasan Audit Lapangan #309,12,36,35.0,0,-2.4,0,Tidak,3,3
ASG-0310,IT Dept,Limited Review,Penugasan Audit Lapangan #310,29,40,57.2,2,-1.1,0,Tidak,4,2
ASG-0311,Medan Branch,Compliance Audit,Penugasan Audit Lapangan #311,58,42,13.0,1,1.6,0,Tidak,5,1
ASG-0312,Operations Dept,Limited Review,Penugasan Audit Lapangan #312,26,32,91.5,1,-0.6,0,Tidak,3,1
ASG-0313,IT Dept,Limited Review,Penugasan Audit Lapangan #313,51,35,62.1,0,1.6,0,Tidak,3,1
ASG-0314,Jakarta Branch,Compliance Audit,Penugasan Audit Lapangan #314,24,31,72.9,0,-0.7,0,Tidak,2,1
ASG-0315,Medan Branch,Surprise Audit,Penugasan Audit Lapangan #315,32,21,20.3,2,1.1,0,Tidak,5,1
ASG-0316,Jakarta Branch,Surprise Audit,Penugasan Audit Lapangan #316,31,31,41.9,3,0.0,0,Tidak,5,1
ASG-0317,Surabaya Branch,Full Scope Audit,Penugasan Audit Lapangan #317,43,34,43.0,1,0.9,0,Tidak,4,1
ASG-0318,Operations Dept,Surprise Audit,Penugasan Audit Lapangan #318,36,23,79.0,3,1.3,0,Tidak,4,1
ASG-0319,Operations Dept,Full Scope Audit,Penugasan Audit Lapangan #319,8,31,5.1,2,-2.3,0,Ya (Anomali),5,3
ASG-0320,Surabaya Branch,Full Scope Audit,Penugasan Audit Lapangan #320,17,34,32.1,5,-1.7,0,Tidak,5,3
ASG-0321,Jakarta Branch,Surprise Audit,Penugasan Audit Lapangan #321,27,36,93.3,6,-0.9,0,Tidak,5,3
ASG-0322,Jakarta Branch,Surprise Audit,Penugasan Audit Lapangan #322,49,36,47.7,2,1.3,0,Tidak,5,1
ASG-0323,Finance Dept,Compliance Audit,Penugasan Audit Lapangan #323,58,42,39.4,1,1.6,0,Tidak,4,1
ASG-0324,Jakarta Branch,Full Scope Audit,Penugasan Audit Lapangan #324,53,43,15.8,0,1.0,0,Tidak,4,1
ASG-0325,Operations Dept,Surprise Audit,Penugasan Audit Lapangan #325,50,22,92.7,1,2.8,0,Tidak,3,1
ASG-0326,Jakarta Branch,Surprise Audit,Penugasan Audit Lapangan #326,3,31,6.8,2,-2.8,1,Ya (Anomali),5,5
ASG-0327,IT Dept,Compliance Audit,Penugasan Audit Lapangan #327,2,21,71.3,0,-1.9,0,Tidak,2,4
ASG-0328,IT Dept,Surprise Audit,Penugasan Audit Lapangan #328,49,15,74.2,0,3.4,0,Tidak,2,1
ASG-0329,Surabaya Branch,Limited Review,Penugasan Audit Lapangan #329,13,27,26.9,2,-1.4,0,Tidak,5,2
ASG-0330,IT Dept,Limited Review,Penugasan Audit Lapangan #330,6,44,65.4,3,-3.8,0,Tidak,4,5
ASG-0331,Jakarta Branch,Full Scope Audit,Penugasan Audit Lapangan #331,38,37,13.4,6,0.1,0,Tidak,5,1
ASG-0332,Bandung Branch,Compliance Audit,Penugasan Audit Lapangan #332,33,33,28.1,4,0.0,0,Tidak,5,1
ASG-0333,Jakarta Branch,Surprise Audit,Penugasan Audit Lapangan #333,56,41,75.9,5,1.5,0,Tidak,5,1
ASG-0334,Operations Dept,Full Scope Audit,Penugasan Audit Lapangan #334,10,38,82.8,9,-2.8,0,Tidak,5,5
ASG-0335,Finance Dept,Surprise Audit,Penugasan Audit Lapangan #335,42,33,59.8,0,0.9,0,Tidak,2,1
ASG-0336,Medan Branch,Limited Review,Penugasan Audit Lapangan #336,36,44,50.6,1,-0.8,0,Tidak,3,1
ASG-0337,Operations Dept,Surprise Audit,Penugasan Audit Lapangan #337,20,44,19.3,0,-2.4,0,Tidak,5,4
ASG-0338,Surabaya Branch,Surprise Audit,Penugasan Audit Lapangan #338,49,43,10.7,5,0.6,0,Tidak,5,1
ASG-0339,IT Dept,Surprise Audit,Penugasan Audit Lapangan #339,17,31,15.6,4,-1.4,0,Tidak,5,3
ASG-0340,Bandung Branch,Limited Review,Penugasan Audit Lapangan #340,4,27,25.5,0,-2.3,0,Tidak,3,3
ASG-0341,Operations Dept,Limited Review,Penugasan Audit Lapangan #341,21,43,35.8,6,-2.2,0,Tidak,5,3
ASG-0342,Medan Branch,Compliance Audit,Penugasan Audit Lapangan #342,25,44,39.3,5,-1.9,0,Tidak,5,3
ASG-0343,Bandung Branch,Limited Review,Penugasan Audit Lapangan #343,55,30,36.2,1,2.5,0,Tidak,5,1
ASG-0344,Surabaya Branch,Full Scope Audit,Penugasan Audit Lapangan #344,57,22,26.5,1,3.5,0,Tidak,4,1
ASG-0345,IT Dept,Surprise Audit,Penugasan Audit Lapangan #345,34,33,50.9,6,0.1,0,Tidak,5,1
ASG-0346,Finance Dept,Limited Review,Penugasan Audit Lapangan #346,25,32,79.3,4,-0.7,0,Tidak,5,1
ASG-0347,Operations Dept,Full Scope Audit,Penugasan Audit Lapangan #347,53,15,30.2,2,3.8,0,Tidak,5,1
ASG-0348,Operations Dept,Limited Review,Penugasan Audit Lapangan #348,12,28,89.8,1,-1.6,0,Tidak,2,3
ASG-0349,Operations Dept,Surprise Audit,Penugasan Audit Lapangan #349,50,33,83.6,4,1.7,0,Tidak,4,1
ASG-0350,Surabaya Branch,Full Scope Audit,Penugasan Audit Lapangan #350,9,29,19.6,3,-2.0,0,Tidak,5,3
ASG-0351,Bandung Branch,Limited Review,Penugasan Audit Lapangan #351,37,32,75.8,6,0.5,0,Tidak,5,1
ASG-0352,Bandung Branch,Limited Review,Penugasan Audit Lapangan #352,39,16,56.7,1,2.3,0,Tidak,4,1
ASG-0353,Surabaya Branch,Full Scope Audit,Penugasan Audit Lapangan #353,41,36,56.0,2,0.5,0,Tidak,4,1
ASG-0354,Operations Dept,Compliance Audit,Penugasan Audit Lapangan #354,21,42,40.2,0,-2.1,0,Tidak,3,3
ASG-0355,Jakarta Branch,Full Scope Audit,Penugasan Audit Lapangan #355,36,31,50.1,3,0.5,0,Tidak,5,1
ASG-0356,Surabaya Branch,Full Scope Audit,Penugasan Audit Lapangan #356,49,32,40.7,7,1.7,0,Tidak,5,1
ASG-0357,IT Dept,Full Scope Audit,Penugasan Audit Lapangan #357,26,44,53.6,1,-1.8,0,Tidak,4,3
ASG-0358,IT Dept,Full Scope Audit,Penugasan Audit Lapangan #358,36,20,61.5,4,1.6,0,Tidak,5,1
ASG-0359,Finance Dept,Limited Review,Penugasan Audit Lapangan #359,26,33,65.7,2,-0.7,0,Tidak,3,1
ASG-0360,Surabaya Branch,Full Scope Audit,Penugasan Audit Lapangan #360,30,18,52.9,2,1.2,0,Tidak,4,1
ASG-0361,Medan Branch,Full Scope Audit,Penugasan Audit Lapangan #361,19,15,69.9,1,0.4,0,Tidak,3,1
ASG-0362,IT Dept,Surprise Audit,Penugasan Audit Lapangan #362,47,22,17.7,0,2.5,0,Tidak,4,1
ASG-0363,IT Dept,Limited Review,Penugasan Audit Lapangan #363,19,43,24.1,6,-2.4,0,Tidak,5,4
ASG-0364,IT Dept,Surprise Audit,Penugasan Audit Lapangan #364,3,37,78.7,4,-3.4,0,Tidak,5,5
ASG-0365,Jakarta Branch,Limited Review,Penugasan Audit Lapangan #365,55,21,34.0,6,3.4,0,Tidak,5,1
ASG-0366,Medan Branch,Compliance Audit,Penugasan Audit Lapangan #366,36,17,7.1,6,1.9,0,Ya (Anomali),5,1
ASG-0367,Operations Dept,Compliance Audit,Penugasan Audit Lapangan #367,17,24,18.8,8,-0.7,0,Tidak,5,2
ASG-0368,Operations Dept,Limited Review,Penugasan Audit Lapangan #368,42,24,25.1,7,1.8,0,Tidak,5,1
ASG-0369,Surabaya Branch,Compliance Audit,Penugasan Audit Lapangan #369,37,33,91.2,3,0.4,0,Tidak,4,1
ASG-0370,Jakarta Branch,Compliance Audit,Penugasan Audit Lapangan #370,34,28,56.6,17,0.6,0,Tidak,5,1
ASG-0371,IT Dept,Limited Review,Penugasan Audit Lapangan #371,5,16,88.9,5,-1.1,0,Tidak,5,3
ASG-0372,Operations Dept,Full Scope Audit,Penugasan Audit Lapangan #372,34,42,56.8,3,-0.8,0,Tidak,5,1
ASG-0373,Medan Branch,Surprise Audit,Penugasan Audit Lapangan #373,15,15,48.1,3,0.0,0,Tidak,5,1
ASG-0374,Operations Dept,Limited Review,Penugasan Audit Lapangan #374,22,37,33.2,0,-1.5,0,Tidak,3,3
ASG-0375,Medan Branch,Limited Review,Penugasan Audit Lapangan #375,49,37,59.6,0,1.2,0,Tidak,2,1
ASG-0376,Jakarta Branch,Limited Review,Penugasan Audit Lapangan #376,21,42,17.5,3,-2.1,0,Tidak,5,4
ASG-0377,Operations Dept,Surprise Audit,Penugasan Audit Lapangan #377,57,32,85.8,3,2.5,0,Tidak,3,1
ASG-0378,IT Dept,Limited Review,Penugasan Audit Lapangan #378,9,21,79.6,2,-1.2,0,Tidak,4,2
ASG-0379,Jakarta Branch,Surprise Audit,Penugasan Audit Lapangan #379,8,43,33.6,0,-3.5,0,Tidak,4,5
ASG-0380,Bandung Branch,Surprise Audit,Penugasan Audit Lapangan #380,4,22,90.8,3,-1.8,0,Tidak,3,3
ASG-0381,IT Dept,Compliance Audit,Penugasan Audit Lapangan #381,18,15,79.3,1,0.3,0,Tidak,2,1
ASG-0382,Jakarta Branch,Full Scope Audit,Penugasan Audit Lapangan #382,34,39,65.0,0,-0.5,0,Tidak,2,1
ASG-0383,Surabaya Branch,Compliance Audit,Penugasan Audit Lapangan #383,49,37,16.0,4,1.2,0,Tidak,5,1
ASG-0384,Operations Dept,Limited Review,Penugasan Audit Lapangan #384,13,17,48.0,2,-0.4,0,Tidak,5,2
ASG-0385,IT Dept,Limited Review,Penugasan Audit Lapangan #385,52,38,50.5,0,1.4,0,Tidak,2,1
ASG-0386,Finance Dept,Surprise Audit,Penugasan Audit Lapangan #386,23,37,25.9,2,-1.4,0,Tidak,5,2
ASG-0387,IT Dept,Compliance Audit,Penugasan Audit Lapangan #387,56,41,12.2,6,1.5,0,Tidak,5,1
ASG-0388,Bandung Branch,Surprise Audit,Penugasan Audit Lapangan #388,23,43,74.9,0,-2.0,0,Tidak,2,3
ASG-0389,Jakarta Branch,Compliance Audit,Penugasan Audit Lapangan #389,47,22,16.0,5,2.5,0,Tidak,5,1
ASG-0390,Finance Dept,Compliance Audit,Penugasan Audit Lapangan #390,31,36,58.5,1,-0.5,0,Tidak,3,1
ASG-0391,Bandung Branch,Compliance Audit,Penugasan Audit Lapangan #391,39,39,89.3,1,0.0,0,Tidak,2,1
ASG-0392,Surabaya Branch,Compliance Audit,Penugasan Audit Lapangan #392,39,29,83.8,2,1.0,0,Tidak,4,1
ASG-0393,IT Dept,Compliance Audit,Penugasan Audit Lapangan #393,46,19,30.0,4,2.7,0,Tidak,5,1
ASG-0394,Operations Dept,Full Scope Audit,Penugasan Audit Lapangan #394,52,17,81.6,3,3.5,0,Tidak,4,1
ASG-0395,Finance Dept,Limited Review,Penugasan Audit Lapangan #395,55,33,5.0,1,2.2,0,Tidak,5,1
ASG-0396,Operations Dept,Compliance Audit,Penugasan Audit Lapangan #396,9,15,6.6,0,-0.6,0,Tidak,4,2
ASG-0397,Jakarta Branch,Compliance Audit,Penugasan Audit Lapangan #397,28,42,59.2,6,-1.4,0,Tidak,5,2
ASG-0398,Jakarta Branch,Surprise Audit,Penugasan Audit Lapangan #398,28,29,37.8,4,-0.1,0,Tidak,5,2
ASG-0399,Surabaya Branch,Limited Review,Penugasan Audit Lapangan #399,35,22,39.8,3,1.3,0,Tidak,5,1
ASG-0400,Bandung Branch,Limited Review,Penugasan Audit Lapangan #400,22,16,55.8,2,0.6,0,Tidak,5,1
ASG-0401,Finance Dept,Limited Review,Penugasan Audit Lapangan #401,31,17,22.3,3,1.4,0,Tidak,5,1
ASG-0402,Surabaya Branch,Compliance Audit,Penugasan Audit Lapangan #402,34,38,24.1,0,-0.4,0,Tidak,4,1
ASG-0403,Bandung Branch,Surprise Audit,Penugasan Audit Lapangan #403,29,28,48.6,1,0.1,0,Tidak,3,1
ASG-0404,Medan Branch,Limited Review,Penugasan Audit Lapangan #404,48,38,72.9,0,1.0,0,Tidak,2,1
ASG-0405,Medan Branch,Surprise Audit,Penugasan Audit Lapangan #405,34,28,60.8,6,0.6,0,Tidak,5,1
ASG-0406,Bandung Branch,Full Scope Audit,Penugasan Audit Lapangan #406,6,25,31.8,6,-1.9,0,Tidak,5,3
ASG-0407,Jakarta Branch,Full Scope Audit,Penugasan Audit Lapangan #407,49,30,43.7,3,1.9,0,Tidak,5,1
ASG-0408,Jakarta Branch,Surprise Audit,Penugasan Audit Lapangan #408,20,18,20.4,2,0.2,0,Tidak,5,1
ASG-0409,Medan Branch,Compliance Audit,Penugasan Audit Lapangan #409,5,34,11.7,0,-2.9,0,Tidak,5,4
ASG-0410,Jakarta Branch,Limited Review,Penugasan Audit Lapangan #410,36,19,75.4,11,1.7,0,Tidak,5,1
ASG-0411,Operations Dept,Full Scope Audit,Penugasan Audit Lapangan #411,50,36,28.9,3,1.4,0,Tidak,5,1
ASG-0412,Jakarta Branch,Full Scope Audit,Penugasan Audit Lapangan #412,18,35,21.0,1,-1.7,0,Tidak,4,3
ASG-0413,Bandung Branch,Surprise Audit,Penugasan Audit Lapangan #413,45,28,67.2,4,1.7,0,Tidak,5,1
ASG-0414,IT Dept,Compliance Audit,Penugasan Audit Lapangan #414,29,37,60.6,2,-0.8,0,Tidak,5,1
ASG-0415,Bandung Branch,Surprise Audit,Penugasan Audit Lapangan #415,31,30,62.0,1,0.1,0,Tidak,3,1
ASG-0416,Jakarta Branch,Surprise Audit,Penugasan Audit Lapangan #416,30,32,25.6,1,-0.2,0,Tidak,5,2
ASG-0417,Bandung Branch,Surprise Audit,Penugasan Audit Lapangan #417,47,21,25.9,3,2.6,0,Tidak,5,1
ASG-0418,Finance Dept,Surprise Audit,Penugasan Audit Lapangan #418,54,24,24.9,0,3.0,0,Tidak,4,1
ASG-0419,Medan Branch,Surprise Audit,Penugasan Audit Lapangan #419,7,21,20.6,3,-1.4,0,Tidak,5,3
ASG-0420,IT Dept,Compliance Audit,Penugasan Audit Lapangan #420,36,15,64.0,1,2.1,0,Tidak,3,1
ASG-0421,Finance Dept,Surprise Audit,Penugasan Audit Lapangan #421,42,37,81.3,1,0.5,0,Tidak,3,1
ASG-0422,Finance Dept,Compliance Audit,Penugasan Audit Lapangan #422,38,35,70.2,0,0.3,0,Tidak,3,1
ASG-0423,Jakarta Branch,Limited Review,Penugasan Audit Lapangan #423,25,33,76.3,0,-0.8,0,Tidak,2,2
ASG-0424,Jakarta Branch,Limited Review,Penugasan Audit Lapangan #424,30,30,41.4,6,0.0,0,Tidak,5,1
ASG-0425,Finance Dept,Limited Review,Penugasan Audit Lapangan #425,50,43,63.9,3,0.7,0,Tidak,4,1
ASG-0426,Finance Dept,Limited Review,Penugasan Audit Lapangan #426,47,33,36.9,1,1.4,0,Tidak,4,1
ASG-0427,Surabaya Branch,Full Scope Audit,Penugasan Audit Lapangan #427,54,18,52.3,2,3.6,0,Tidak,4,1
ASG-0428,Surabaya Branch,Compliance Audit,Penugasan Audit Lapangan #428,32,43,48.3,0,-1.1,0,Tidak,4,2
ASG-0429,Operations Dept,Limited Review,Penugasan Audit Lapangan #429,36,42,20.9,2,-0.6,0,Tidak,5,1
ASG-0430,Medan Branch,Full Scope Audit,Penugasan Audit Lapangan #430,34,32,39.8,3,0.2,0,Tidak,5,1
ASG-0431,Finance Dept,Compliance Audit,Penugasan Audit Lapangan #431,53,16,91.7,2,3.7,0,Tidak,2,1
ASG-0432,Bandung Branch,Full Scope Audit,Penugasan Audit Lapangan #432,22,15,27.4,3,0.7,0,Tidak,5,1
ASG-0433,IT Dept,Full Scope Audit,Penugasan Audit Lapangan #433,33,29,17.0,1,0.4,0,Tidak,5,1
ASG-0434,Surabaya Branch,Surprise Audit,Penugasan Audit Lapangan #434,24,19,42.7,1,0.5,0,Tidak,4,1
ASG-0435,Jakarta Branch,Full Scope Audit,Penugasan Audit Lapangan #435,34,34,76.1,2,0.0,0,Tidak,3,1
ASG-0436,Finance Dept,Full Scope Audit,Penugasan Audit Lapangan #436,4,25,57.4,5,-2.1,0,Tidak,5,4
ASG-0437,Bandung Branch,Compliance Audit,Penugasan Audit Lapangan #437,19,24,66.3,1,-0.5,0,Tidak,3,1
ASG-0438,IT Dept,Full Scope Audit,Penugasan Audit Lapangan #438,26,16,22.1,8,1.0,0,Tidak,5,1
ASG-0439,Bandung Branch,Surprise Audit,Penugasan Audit Lapangan #439,43,17,60.7,0,2.6,0,Tidak,2,1
ASG-0440,Operations Dept,Limited Review,Penugasan Audit Lapangan #440,32,37,34.1,1,-0.5,0,Tidak,4,2
ASG-0441,Bandung Branch,Limited Review,Penugasan Audit Lapangan #441,55,37,80.1,4,1.8,0,Tidak,4,1
ASG-0442,Jakarta Branch,Compliance Audit,Penugasan Audit Lapangan #442,59,26,61.6,2,3.3,0,Tidak,4,1
ASG-0443,Surabaya Branch,Compliance Audit,Penugasan Audit Lapangan #443,4,34,22.9,1,-3.0,0,Tidak,5,5
ASG-0444,Bandung Branch,Full Scope Audit,Penugasan Audit Lapangan #444,41,19,10.8,0,2.2,0,Tidak,4,1
ASG-0445,IT Dept,Compliance Audit,Penugasan Audit Lapangan #445,47,19,8.8,2,2.8,0,Tidak,5,1
ASG-0446,Surabaya Branch,Full Scope Audit,Penugasan Audit Lapangan #446,25,20,38.4,1,0.5,0,Tidak,5,1
ASG-0447,Operations Dept,Compliance Audit,Penugasan Audit Lapangan #447,51,44,28.9,5,0.7,0,Tidak,5,1
ASG-0448,Operations Dept,Limited Review,Penugasan Audit Lapangan #448,33,23,63.1,7,1.0,0,Tidak,5,1
ASG-0449,Medan Branch,Limited Review,Penugasan Audit Lapangan #449,48,16,49.9,11,3.2,0,Tidak,5,1
ASG-0450,Jakarta Branch,Limited Review,Penugasan Audit Lapangan #450,23,35,28.9,2,-1.2,0,Tidak,5,2
ASG-0451,Surabaya Branch,Limited Review,Penugasan Audit Lapangan #451,24,26,18.4,2,-0.2,0,Tidak,5,2
ASG-0452,Operations Dept,Full Scope Audit,Penugasan Audit Lapangan #452,3,17,16.4,3,-1.4,1,Tidak,5,5
ASG-0453,Operations Dept,Full Scope Audit,Penugasan Audit Lapangan #453,28,34,82.8,2,-0.6,0,Tidak,3,1
ASG-0454,Surabaya Branch,Full Scope Audit,Penugasan Audit Lapangan #454,43,40,26.9,6,0.3,0,Tidak,5,1
ASG-0455,Bandung Branch,Limited Review,Penugasan Audit Lapangan #455,3,36,63.7,2,-3.3,0,Tidak,4,4
ASG-0456,IT Dept,Surprise Audit,Penugasan Audit Lapangan #456,27,26,78.0,0,0.1,0,Tidak,1,1
ASG-0457,Bandung Branch,Limited Review,Penugasan Audit Lapangan #457,18,38,60.3,0,-2.0,0,Tidak,2,3
ASG-0458,IT Dept,Limited Review,Penugasan Audit Lapangan #458,41,31,82.4,1,1.0,0,Tidak,3,1
ASG-0459,Operations Dept,Surprise Audit,Penugasan Audit Lapangan #459,34,24,40.3,0,1.0,0,Tidak,3,1
ASG-0460,Operations Dept,Surprise Audit,Penugasan Audit Lapangan #460,10,44,91.1,2,-3.4,0,Tidak,2,5
ASG-0461,Jakarta Branch,Compliance Audit,Penugasan Audit Lapangan #461,44,38,17.0,0,0.6,0,Tidak,5,1
ASG-0462,Surabaya Branch,Limited Review,Penugasan Audit Lapangan #462,55,41,14.2,2,1.4,0,Tidak,5,1
ASG-0463,Finance Dept,Surprise Audit,Penugasan Audit Lapangan #463,49,28,64.3,2,2.1,0,Tidak,4,1
ASG-0464,Operations Dept,Compliance Audit,Penugasan Audit Lapangan #464,40,37,89.9,3,0.3,0,Tidak,3,1
ASG-0465,IT Dept,Surprise Audit,Penugasan Audit Lapangan #465,30,31,77.8,1,-0.1,0,Tidak,2,1
ASG-0466,IT Dept,Surprise Audit,Penugasan Audit Lapangan #466,43,32,11.9,4,1.1,0,Tidak,5,1
ASG-0467,Bandung Branch,Compliance Audit,Penugasan Audit Lapangan #467,56,33,30.1,8,2.3,0,Tidak,5,1
ASG-0468,Bandung Branch,Limited Review,Penugasan Audit Lapangan #468,27,31,88.7,2,-0.4,0,Tidak,4,1
ASG-0469,Operations Dept,Compliance Audit,Penugasan Audit Lapangan #469,36,28,27.8,2,0.8,0,Tidak,5,1
ASG-0470,Operations Dept,Limited Review,Penugasan Audit Lapangan #470,51,23,75.3,0,2.8,0,Tidak,1,1
ASG-0471,Medan Branch,Surprise Audit,Penugasan Audit Lapangan #471,26,22,79.3,2,0.4,0,Tidak,3,1
ASG-0472,IT Dept,Compliance Audit,Penugasan Audit Lapangan #472,25,16,49.6,4,0.9,0,Tidak,5,1
ASG-0473,Jakarta Branch,Full Scope Audit,Penugasan Audit Lapangan #473,14,27,39.8,1,-1.3,0,Tidak,4,2
ASG-0474,Surabaya Branch,Surprise Audit,Penugasan Audit Lapangan #474,59,39,45.5,2,2.0,0,Tidak,4,1
ASG-0475,Surabaya Branch,Compliance Audit,Penugasan Audit Lapangan #475,8,21,25.4,0,-1.3,0,Tidak,3,2
ASG-0476,Surabaya Branch,Surprise Audit,Penugasan Audit Lapangan #476,58,23,85.0,5,3.5,0,Tidak,5,1
ASG-0477,IT Dept,Compliance Audit,Penugasan Audit Lapangan #477,37,36,45.6,4,0.1,0,Tidak,5,1
ASG-0478,Bandung Branch,Limited Review,Penugasan Audit Lapangan #478,46,36,84.4,3,1.0,0,Tidak,4,1
ASG-0479,Jakarta Branch,Full Scope Audit,Penugasan Audit Lapangan #479,21,25,14.5,8,-0.4,0,Tidak,5,1
ASG-0480,Surabaya Branch,Surprise Audit,Penugasan Audit Lapangan #480,2,28,93.9,3,-2.6,0,Tidak,3,4
ASG-0481,IT Dept,Full Scope Audit,Penugasan Audit Lapangan #481,9,18,44.9,0,-0.9,0,Tidak,3,2
ASG-0482,Finance Dept,Limited Review,Penugasan Audit Lapangan #482,47,40,9.3,7,0.7,0,Tidak,5,1
ASG-0483,Operations Dept,Compliance Audit,Penugasan Audit Lapangan #483,17,40,8.4,0,-2.3,0,Ya (Anomali),4,3
ASG-0484,Medan Branch,Full Scope Audit,Penugasan Audit Lapangan #484,15,43,72.2,8,-2.8,0,Tidak,5,4
ASG-0485,Medan Branch,Compliance Audit,Penugasan Audit Lapangan #485,13,27,64.3,1,-1.4,0,Tidak,3,2
ASG-0486,Surabaya Branch,Limited Review,Penugasan Audit Lapangan #486,52,16,77.2,0,3.6,0,Tidak,1,1
ASG-0487,Bandung Branch,Surprise Audit,Penugasan Audit Lapangan #487,24,37,14.5,5,-1.3,0,Tidak,5,2
ASG-0488,Medan Branch,Limited Review,Penugasan Audit Lapangan #488,16,19,8.2,4,-0.3,0,Tidak,5,1
ASG-0489,Medan Branch,Full Scope Audit,Penugasan Audit Lapangan #489,29,25,50.8,2,0.4,0,Tidak,5,1
ASG-0490,Medan Branch,Full Scope Audit,Penugasan Audit Lapangan #490,35,20,39.9,1,1.5,0,Tidak,4,1
ASG-0491,Medan Branch,Full Scope Audit,Penugasan Audit Lapangan #491,3,32,46.6,7,-2.9,0,Tidak,5,4
ASG-0492,Surabaya Branch,Compliance Audit,Penugasan Audit Lapangan #492,33,35,94.2,1,-0.2,0,Tidak,2,2
ASG-0493,IT Dept,Surprise Audit,Penugasan Audit Lapangan #493,24,24,92.4,0,0.0,0,Tidak,1,1
ASG-0494,Jakarta Branch,Full Scope Audit,Penugasan Audit Lapangan #494,23,18,89.8,2,0.5,0,Tidak,3,1
ASG-0495,Jakarta Branch,Full Scope Audit,Penugasan Audit Lapangan #495,52,23,75.5,3,2.9,0,Tidak,4,1
ASG-0496,Bandung Branch,Full Scope Audit,Penugasan Audit Lapangan #496,26,20,36.9,3,0.6,0,Tidak,5,1
ASG-0497,IT Dept,Limited Review,Penugasan Audit Lapangan #497,59,16,42.1,7,4.3,0,Tidak,5,1
ASG-0498,Operations Dept,Full Scope Audit,Penugasan Audit Lapangan #498,23,31,54.5,1,-0.8,0,Tidak,3,1
ASG-0499,Finance Dept,Limited Review,Penugasan Audit Lapangan #499,59,19,79.7,3,4.0,0,Tidak,4,1
ASG-0500,Jakarta Branch,Full Scope Audit,Penugasan Audit Lapangan #500,59,39,11.2,3,2.0,0,Tidak,5,1
ASG-0501,Finance Dept,Limited Review,Penugasan Audit Lapangan #501,23,20,43.2,9,0.3,0,Tidak,5,1
ASG-0502,Jakarta Branch,Compliance Audit,Penugasan Audit Lapangan #502,50,40,12.4,0,1.0,0,Tidak,4,1
ASG-0503,Jakarta Branch,Compliance Audit,Penugasan Audit Lapangan #503,53,26,51.3,1,2.7,0,Tidak,4,1
ASG-0504,Bandung Branch,Limited Review,Penugasan Audit Lapangan #504,43,37,85.9,6,0.6,0,Tidak,5,1
ASG-0505,Medan Branch,Surprise Audit,Penugasan Audit Lapangan #505,7,35,75.4,6,-2.8,0,Tidak,5,4
ASG-0506,Bandung Branch,Surprise Audit,Penugasan Audit Lapangan #506,16,24,25.5,4,-0.8,0,Tidak,5,1
ASG-0507,Jakarta Branch,Limited Review,Penugasan Audit Lapangan #507,55,36,92.8,3,1.9,0,Tidak,4,1
ASG-0508,IT Dept,Compliance Audit,Penugasan Audit Lapangan #508,44,35,65.1,2,0.9,0,Tidak,3,1
ASG-0509,Medan Branch,Limited Review,Penugasan Audit Lapangan #509,38,41,5.9,2,-0.3,0,Tidak,5,2
ASG-0510,IT Dept,Surprise Audit,Penugasan Audit Lapangan #510,34,39,28.0,5,-0.5,0,Tidak,5,1
ASG-0511,IT Dept,Limited Review,Penugasan Audit Lapangan #511,9,20,28.5,4,-1.1,0,Tidak,5,2
ASG-0512,IT Dept,Compliance Audit,Penugasan Audit Lapangan #512,54,41,11.2,5,1.3,0,Tidak,5,1
ASG-0513,Medan Branch,Surprise Audit,Penugasan Audit Lapangan #513,45,22,91.4,2,2.3,0,Tidak,2,1
ASG-0514,IT Dept,Surprise Audit,Penugasan Audit Lapangan #514,45,16,48.0,3,2.9,0,Tidak,5,1
ASG-0515,Medan Branch,Full Scope Audit,Penugasan Audit Lapangan #515,6,26,85.6,3,-2.0,0,Tidak,3,4
ASG-0516,Finance Dept,Full Scope Audit,Penugasan Audit Lapangan #516,40,27,34.0,1,1.3,0,Tidak,4,1
ASG-0517,Operations Dept,Surprise Audit,Penugasan Audit Lapangan #517,5,39,16.3,1,-3.4,0,Tidak,5,5
ASG-0518,Jakarta Branch,Surprise Audit,Penugasan Audit Lapangan #518,7,35,47.7,1,-2.8,0,Tidak,4,4
ASG-0519,Surabaya Branch,Limited Review,Penugasan Audit Lapangan #519,46,21,15.3,1,2.5,0,Tidak,5,1
ASG-0520,IT Dept,Compliance Audit,Penugasan Audit Lapangan #520,33,24,48.7,0,0.9,0,Tidak,3,1
ASG-0521,Bandung Branch,Surprise Audit,Penugasan Audit Lapangan #521,53,27,87.8,1,2.6,0,Tidak,3,1
ASG-0522,Finance Dept,Compliance Audit,Penugasan Audit Lapangan #522,31,31,51.9,1,0.0,0,Tidak,3,1
ASG-0523,Bandung Branch,Surprise Audit,Penugasan Audit Lapangan #523,48,40,60.5,2,0.8,0,Tidak,4,1
ASG-0524,Surabaya Branch,Compliance Audit,Penugasan Audit Lapangan #524,36,35,19.1,2,0.1,0,Tidak,5,1
ASG-0525,Medan Branch,Full Scope Audit,Penugasan Audit Lapangan #525,56,42,8.9,1,1.4,0,Tidak,5,1
ASG-0526,Surabaya Branch,Surprise Audit,Penugasan Audit Lapangan #526,41,44,15.0,9,-0.3,0,Tidak,5,2
ASG-0527,Bandung Branch,Limited Review,Penugasan Audit Lapangan #527,53,40,58.9,6,1.3,0,Tidak,5,1
ASG-0528,Surabaya Branch,Compliance Audit,Penugasan Audit Lapangan #528,17,28,13.6,3,-1.1,0,Tidak,5,2
ASG-0529,Jakarta Branch,Surprise Audit,Penugasan Audit Lapangan #529,14,16,38.8,7,-0.2,0,Tidak,5,2
ASG-0530,Surabaya Branch,Full Scope Audit,Penugasan Audit Lapangan #530,51,42,54.5,1,0.9,0,Tidak,3,1
ASG-0531,IT Dept,Full Scope Audit,Penugasan Audit Lapangan #531,43,36,40.0,2,0.7,0,Tidak,4,1
ASG-0532,Jakarta Branch,Full Scope Audit,Penugasan Audit Lapangan #532,31,25,19.7,1,0.6,0,Tidak,5,1
ASG-0533,IT Dept,Full Scope Audit,Penugasan Audit Lapangan #533,20,15,29.6,3,0.5,0,Tidak,5,1
ASG-0534,Operations Dept,Surprise Audit,Penugasan Audit Lapangan #534,18,33,88.5,6,-1.5,0,Tidak,5,3
ASG-0535,Operations Dept,Limited Review,Penugasan Audit Lapangan #535,57,35,65.8,5,2.2,0,Tidak,5,1
ASG-0536,Surabaya Branch,Compliance Audit,Penugasan Audit Lapangan #536,20,18,49.6,1,0.2,0,Tidak,3,1
ASG-0537,Jakarta Branch,Limited Review,Penugasan Audit Lapangan #537,29,33,6.1,2,-0.4,0,Tidak,5,1
ASG-0538,Jakarta Branch,Compliance Audit,Penugasan Audit Lapangan #538,59,40,94.3,3,1.9,0,Tidak,4,1
ASG-0539,Operations Dept,Limited Review,Penugasan Audit Lapangan #539,56,43,65.4,2,1.3,0,Tidak,3,1
ASG-0540,Surabaya Branch,Surprise Audit,Penugasan Audit Lapangan #540,27,35,33.5,6,-0.8,0,Tidak,5,1
ASG-0541,Finance Dept,Surprise Audit,Penugasan Audit Lapangan #541,38,25,84.1,2,1.3,0,Tidak,4,1
ASG-0542,Medan Branch,Compliance Audit,Penugasan Audit Lapangan #542,27,22,28.3,2,0.5,0,Tidak,5,1
ASG-0543,Medan Branch,Surprise Audit,Penugasan Audit Lapangan #543,54,25,54.0,0,2.9,0,Tidak,2,1
ASG-0544,Medan Branch,Compliance Audit,Penugasan Audit Lapangan #544,24,18,62.2,3,0.6,0,Tidak,4,1
ASG-0545,Jakarta Branch,Limited Review,Penugasan Audit Lapangan #545,10,31,24.9,0,-2.1,0,Tidak,5,3
ASG-0546,Operations Dept,Surprise Audit,Penugasan Audit Lapangan #546,13,41,93.1,2,-2.8,0,Tidak,2,5
ASG-0547,Medan Branch,Surprise Audit,Penugasan Audit Lapangan #547,54,21,72.3,1,3.3,0,Tidak,3,1
ASG-0548,Operations Dept,Compliance Audit,Penugasan Audit Lapangan #548,2,22,55.2,2,-2.0,0,Tidak,4,4
ASG-0549,Jakarta Branch,Compliance Audit,Penugasan Audit Lapangan #549,59,17,21.3,0,4.2,0,Tidak,4,1
ASG-0550,Operations Dept,Compliance Audit,Penugasan Audit Lapangan #550,59,36,9.8,3,2.3,0,Tidak,5,1
ASG-0551,Finance Dept,Compliance Audit,Penugasan Audit Lapangan #551,2,16,33.8,3,-1.4,0,Tidak,5,2
ASG-0552,Surabaya Branch,Full Scope Audit,Penugasan Audit Lapangan #552,48,37,72.8,5,1.1,0,Tidak,5,1
ASG-0553,Operations Dept,Compliance Audit,Penugasan Audit Lapangan #553,35,29,29.2,0,0.6,0,Tidak,3,1
ASG-0554,Operations Dept,Full Scope Audit,Penugasan Audit Lapangan #554,33,38,53.6,3,-0.5,0,Tidak,5,1
ASG-0555,Surabaya Branch,Limited Review,Penugasan Audit Lapangan #555,55,36,70.5,3,1.9,0,Tidak,5,1
ASG-0556,Jakarta Branch,Compliance Audit,Penugasan Audit Lapangan #556,49,36,14.7,8,1.3,0,Tidak,5,1
ASG-0557,Jakarta Branch,Full Scope Audit,Penugasan Audit Lapangan #557,26,19,66.7,2,0.7,0,Tidak,3,1
ASG-0558,Operations Dept,Full Scope Audit,Penugasan Audit Lapangan #558,41,38,13.3,0,0.3,0,Tidak,4,1
ASG-0559,Finance Dept,Full Scope Audit,Penugasan Audit Lapangan #559,46,15,91.9,2,3.1,0,Tidak,2,1
ASG-0560,Medan Branch,Surprise Audit,Penugasan Audit Lapangan #560,54,40,49.0,4,1.4,0,Tidak,5,1
ASG-0561,Finance Dept,Full Scope Audit,Penugasan Audit Lapangan #561,2,18,18.6,6,-1.6,1,Ya (Anomali),5,5
ASG-0562,Surabaya Branch,Compliance Audit,Penugasan Audit Lapangan #562,17,29,35.8,5,-1.2,0,Tidak,5,2
ASG-0563,Surabaya Branch,Compliance Audit,Penugasan Audit Lapangan #563,40,34,42.2,1,0.6,0,Tidak,4,1
ASG-0564,IT Dept,Compliance Audit,Penugasan Audit Lapangan #564,6,33,73.2,2,-2.7,0,Tidak,3,5
ASG-0565,Medan Branch,Full Scope Audit,Penugasan Audit Lapangan #565,23,17,71.9,4,0.6,0,Tidak,5,1
ASG-0566,Operations Dept,Full Scope Audit,Penugasan Audit Lapangan #566,30,34,60.1,6,-0.4,0,Tidak,5,1
ASG-0567,Surabaya Branch,Surprise Audit,Penugasan Audit Lapangan #567,56,25,14.5,3,3.1,0,Tidak,5,1
ASG-0568,IT Dept,Limited Review,Penugasan Audit Lapangan #568,4,31,18.6,4,-2.7,0,Tidak,5,5
ASG-0569,Jakarta Branch,Surprise Audit,Penugasan Audit Lapangan #569,13,44,13.4,3,-3.1,0,Tidak,5,4
ASG-0570,Surabaya Branch,Compliance Audit,Penugasan Audit Lapangan #570,27,41,56.9,1,-1.4,0,Tidak,3,3
ASG-0571,Bandung Branch,Compliance Audit,Penugasan Audit Lapangan #571,17,27,83.9,2,-1.0,0,Tidak,3,2
ASG-0572,Medan Branch,Compliance Audit,Penugasan Audit Lapangan #572,52,25,44.0,3,2.7,0,Tidak,5,1
ASG-0573,IT Dept,Surprise Audit,Penugasan Audit Lapangan #573,38,16,19.5,1,2.2,0,Tidak,5,1
ASG-0574,Medan Branch,Compliance Audit,Penugasan Audit Lapangan #574,23,23,55.2,9,0.0,0,Tidak,5,1
ASG-0575,Medan Branch,Compliance Audit,Penugasan Audit Lapangan #575,58,40,78.1,0,1.8,0,Tidak,1,1
ASG-0576,Bandung Branch,Compliance Audit,Penugasan Audit Lapangan #576,30,16,71.8,1,1.4,0,Tidak,2,1
ASG-0577,Finance Dept,Full Scope Audit,Penugasan Audit Lapangan #577,15,35,84.3,2,-2.0,0,Tidak,3,3
ASG-0578,Jakarta Branch,Limited Review,Penugasan Audit Lapangan #578,29,23,30.0,0,0.6,0,Tidak,4,1
ASG-0579,Medan Branch,Full Scope Audit,Penugasan Audit Lapangan #579,6,23,22.5,0,-1.7,0,Tidak,4,4
ASG-0580,Surabaya Branch,Full Scope Audit,Penugasan Audit Lapangan #580,48,22,84.2,0,2.6,0,Tidak,1,1
ASG-0581,Jakarta Branch,Limited Review,Penugasan Audit Lapangan #581,50,31,64.2,8,1.9,0,Tidak,5,1
ASG-0582,Surabaya Branch,Limited Review,Penugasan Audit Lapangan #582,31,15,33.0,1,1.6,0,Tidak,4,1
ASG-0583,Jakarta Branch,Surprise Audit,Penugasan Audit Lapangan #583,47,39,71.8,0,0.8,0,Tidak,2,1
ASG-0584,Operations Dept,Limited Review,Penugasan Audit Lapangan #584,53,43,78.4,4,1.0,0,Tidak,5,1
ASG-0585,Jakarta Branch,Surprise Audit,Penugasan Audit Lapangan #585,6,25,60.3,3,-1.9,0,Tidak,5,3
ASG-0586,IT Dept,Surprise Audit,Penugasan Audit Lapangan #586,13,22,66.9,5,-0.9,0,Tidak,5,2
ASG-0587,Surabaya Branch,Full Scope Audit,Penugasan Audit Lapangan #587,17,24,38.8,1,-0.7,0,Tidak,5,1
ASG-0588,Surabaya Branch,Compliance Audit,Penugasan Audit Lapangan #588,27,39,53.5,8,-1.2,0,Tidak,5,2
ASG-0589,Operations Dept,Full Scope Audit,Penugasan Audit Lapangan #589,27,21,52.2,7,0.6,0,Tidak,5,1
ASG-0590,Jakarta Branch,Full Scope Audit,Penugasan Audit Lapangan #590,49,17,81.3,3,3.2,0,Tidak,4,1
ASG-0591,Medan Branch,Limited Review,Penugasan Audit Lapangan #591,22,17,80.6,1,0.5,0,Tidak,2,1
ASG-0592,Surabaya Branch,Limited Review,Penugasan Audit Lapangan #592,40,32,79.9,1,0.8,0,Tidak,3,1
ASG-0593,Operations Dept,Surprise Audit,Penugasan Audit Lapangan #593,37,19,6.0,1,1.8,0,Tidak,5,1
ASG-0594,Bandung Branch,Surprise Audit,Penugasan Audit Lapangan #594,34,26,72.5,0,0.8,0,Tidak,3,1
ASG-0595,Bandung Branch,Surprise Audit,Penugasan Audit Lapangan #595,31,26,73.3,2,0.5,0,Tidak,3,1
ASG-0596,Jakarta Branch,Limited Review,Penugasan Audit Lapangan #596,38,33,66.1,0,0.5,0,Tidak,2,1
ASG-0597,Finance Dept,Surprise Audit,Penugasan Audit Lapangan #597,24,44,73.1,1,-2.0,0,Tidak,2,4
ASG-0598,Jakarta Branch,Surprise Audit,Penugasan Audit Lapangan #598,59,20,80.8,0,3.9,0,Tidak,1,1
ASG-0599,Operations Dept,Limited Review,Penugasan Audit Lapangan #599,11,16,47.3,1,-0.5,0,Tidak,3,1
ASG-0600,Jakarta Branch,Compliance Audit,Penugasan Audit Lapangan #600,55,26,50.2,5,2.9,0,Tidak,5,1
ASG-0601,Medan Branch,Full Scope Audit,Penugasan Audit Lapangan #601,6,33,16.2,4,-2.7,0,Tidak,5,5
ASG-0602,Medan Branch,Limited Review,Penugasan Audit Lapangan #602,37,19,39.7,15,1.8,0,Tidak,5,1
ASG-0603,IT Dept,Surprise Audit,Penugasan Audit Lapangan #603,35,26,62.9,3,0.9,0,Tidak,4,1
ASG-0604,Operations Dept,Full Scope Audit,Penugasan Audit Lapangan #604,53,41,75.2,0,1.2,0,Tidak,1,1
ASG-0605,Finance Dept,Limited Review,Penugasan Audit Lapangan #605,32,41,24.5,0,-0.9,0,Tidak,4,2
ASG-0606,Operations Dept,Full Scope Audit,Penugasan Audit Lapangan #606,11,31,17.4,1,-2.0,0,Tidak,5,3
ASG-0607,Operations Dept,Full Scope Audit,Penugasan Audit Lapangan #607,59,43,64.7,1,1.6,0,Tidak,4,1
ASG-0608,Finance Dept,Compliance Audit,Penugasan Audit Lapangan #608,20,31,5.2,0,-1.1,0,Tidak,4,2
ASG-0609,Operations Dept,Surprise Audit,Penugasan Audit Lapangan #609,59,24,21.1,3,3.5,0,Tidak,5,1
ASG-0610,Finance Dept,Limited Review,Penugasan Audit Lapangan #610,33,39,7.6,6,-0.6,0,Tidak,5,2
ASG-0611,Finance Dept,Surprise Audit,Penugasan Audit Lapangan #611,2,37,20.0,1,-3.5,0,Tidak,4,5
ASG-0612,Finance Dept,Compliance Audit,Penugasan Audit Lapangan #612,57,31,21.3,4,2.6,0,Tidak,5,1
ASG-0613,Operations Dept,Compliance Audit,Penugasan Audit Lapangan #613,6,29,39.9,7,-2.3,0,Tidak,5,3
ASG-0614,Operations Dept,Limited Review,Penugasan Audit Lapangan #614,46,26,41.2,0,2.0,0,Tidak,4,1
ASG-0615,Jakarta Branch,Limited Review,Penugasan Audit Lapangan #615,5,44,83.7,0,-3.9,0,Tidak,1,5
ASG-0616,Operations Dept,Compliance Audit,Penugasan Audit Lapangan #616,17,30,50.9,7,-1.3,0,Tidak,5,2
ASG-0617,Jakarta Branch,Limited Review,Penugasan Audit Lapangan #617,25,38,70.1,0,-1.3,0,Tidak,2,2
ASG-0618,IT Dept,Full Scope Audit,Penugasan Audit Lapangan #618,17,33,14.4,1,-1.6,0,Tidak,5,2
ASG-0619,Bandung Branch,Full Scope Audit,Penugasan Audit Lapangan #619,56,22,25.3,6,3.4,0,Tidak,5,1
ASG-0620,Bandung Branch,Compliance Audit,Penugasan Audit Lapangan #620,3,35,68.3,2,-3.2,0,Tidak,3,5
ASG-0621,IT Dept,Surprise Audit,Penugasan Audit Lapangan #621,50,31,9.8,0,1.9,0,Ya (Anomali),5,1
ASG-0622,IT Dept,Limited Review,Penugasan Audit Lapangan #622,29,37,48.8,0,-0.8,0,Tidak,3,1
ASG-0623,Surabaya Branch,Limited Review,Penugasan Audit Lapangan #623,33,19,58.9,1,1.4,0,Tidak,4,1
ASG-0624,Jakarta Branch,Full Scope Audit,Penugasan Audit Lapangan #624,28,36,59.2,1,-0.8,0,Tidak,3,1
ASG-0625,Finance Dept,Limited Review,Penugasan Audit Lapangan #625,21,30,7.1,4,-0.9,0,Tidak,5,2
ASG-0626,Surabaya Branch,Surprise Audit,Penugasan Audit Lapangan #626,25,20,34.0,7,0.5,0,Tidak,5,1
ASG-0627,Medan Branch,Limited Review,Penugasan Audit Lapangan #627,13,22,62.3,11,-0.9,0,Tidak,5,2
ASG-0628,Jakarta Branch,Limited Review,Penugasan Audit Lapangan #628,51,39,18.4,3,1.2,0,Tidak,5,1
ASG-0629,Operations Dept,Full Scope Audit,Penugasan Audit Lapangan #629,36,32,67.6,6,0.4,0,Tidak,5,1
ASG-0630,IT Dept,Limited Review,Penugasan Audit Lapangan #630,34,39,72.1,7,-0.5,0,Tidak,5,1
ASG-0631,Bandung Branch,Compliance Audit,Penugasan Audit Lapangan #631,34,26,93.4,1,0.8,0,Tidak,2,1
ASG-0632,Jakarta Branch,Compliance Audit,Penugasan Audit Lapangan #632,52,29,23.9,10,2.3,0,Tidak,5,1
ASG-0633,IT Dept,Surprise Audit,Penugasan Audit Lapangan #633,44,41,79.3,1,0.3,0,Tidak,2,1
ASG-0634,Jakarta Branch,Surprise Audit,Penugasan Audit Lapangan #634,38,40,51.8,3,-0.2,0,Tidak,5,2
ASG-0635,Operations Dept,Surprise Audit,Penugasan Audit Lapangan #635,13,23,38.6,2,-1.0,0,Tidak,5,2
ASG-0636,Jakarta Branch,Surprise Audit,Penugasan Audit Lapangan #636,4,27,16.0,6,-2.3,0,Tidak,5,3
ASG-0637,Operations Dept,Full Scope Audit,Penugasan Audit Lapangan #637,2,40,71.2,0,-3.8,0,Tidak,3,5
ASG-0638,Jakarta Branch,Limited Review,Penugasan Audit Lapangan #638,34,29,26.2,10,0.5,0,Tidak,5,1
ASG-0639,Medan Branch,Full Scope Audit,Penugasan Audit Lapangan #639,41,24,38.4,2,1.7,0,Tidak,5,1
ASG-0640,Bandung Branch,Surprise Audit,Penugasan Audit Lapangan #640,11,30,10.6,0,-1.9,0,Tidak,4,3
ASG-0641,Jakarta Branch,Limited Review,Penugasan Audit Lapangan #641,44,21,77.1,1,2.3,0,Tidak,2,1
ASG-0642,IT Dept,Compliance Audit,Penugasan Audit Lapangan #642,45,31,74.0,13,1.4,0,Tidak,5,1
ASG-0643,Medan Branch,Full Scope Audit,Penugasan Audit Lapangan #643,30,37,71.0,3,-0.7,0,Tidak,5,1
ASG-0644,Surabaya Branch,Limited Review,Penugasan Audit Lapangan #644,14,40,31.9,1,-2.6,0,Tidak,5,4
ASG-0645,Jakarta Branch,Compliance Audit,Penugasan Audit Lapangan #645,13,35,20.6,1,-2.2,0,Tidak,4,3
ASG-0646,Operations Dept,Compliance Audit,Penugasan Audit Lapangan #646,32,36,62.4,1,-0.4,0,Tidak,4,1
ASG-0647,Medan Branch,Surprise Audit,Penugasan Audit Lapangan #647,47,40,49.7,1,0.7,0,Tidak,3,1
ASG-0648,Finance Dept,Compliance Audit,Penugasan Audit Lapangan #648,3,21,21.0,2,-1.8,0,Tidak,5,3
ASG-0649,Surabaya Branch,Compliance Audit,Penugasan Audit Lapangan #649,52,28,66.7,2,2.4,0,Tidak,3,1
ASG-0650,Bandung Branch,Surprise Audit,Penugasan Audit Lapangan #650,51,29,94.2,10,2.2,0,Tidak,5,1
ASG-0651,Jakarta Branch,Limited Review,Penugasan Audit Lapangan #651,36,35,72.2,2,0.1,0,Tidak,3,1
ASG-0652,Jakarta Branch,Limited Review,Penugasan Audit Lapangan #652,24,21,71.6,4,0.3,0,Tidak,5,1
ASG-0653,Medan Branch,Surprise Audit,Penugasan Audit Lapangan #653,18,23,90.5,8,-0.5,0,Tidak,5,1
ASG-0654,Bandung Branch,Full Scope Audit,Penugasan Audit Lapangan #654,27,33,23.3,5,-0.6,0,Tidak,5,1
ASG-0655,Finance Dept,Surprise Audit,Penugasan Audit Lapangan #655,9,30,55.9,1,-2.1,0,Tidak,3,3
ASG-0656,Surabaya Branch,Limited Review,Penugasan Audit Lapangan #656,30,22,93.2,1,0.8,0,Tidak,3,1
ASG-0657,IT Dept,Full Scope Audit,Penugasan Audit Lapangan #657,27,32,19.9,9,-0.5,0,Tidak,5,2
ASG-0658,Bandung Branch,Surprise Audit,Penugasan Audit Lapangan #658,11,41,68.0,0,-3.0,0,Tidak,2,4
ASG-0659,Jakarta Branch,Limited Review,Penugasan Audit Lapangan #659,27,37,57.7,2,-1.0,0,Tidak,5,2
ASG-0660,Medan Branch,Limited Review,Penugasan Audit Lapangan #660,35,43,57.8,3,-0.8,0,Tidak,5,1
ASG-0661,Finance Dept,Limited Review,Penugasan Audit Lapangan #661,52,32,67.8,10,2.0,0,Tidak,5,1
ASG-0662,Medan Branch,Compliance Audit,Penugasan Audit Lapangan #662,42,44,88.7,5,-0.2,0,Tidak,5,2
ASG-0663,Surabaya Branch,Compliance Audit,Penugasan Audit Lapangan #663,8,34,75.4,2,-2.6,0,Tidak,3,4
ASG-0664,Operations Dept,Full Scope Audit,Penugasan Audit Lapangan #664,5,21,10.1,3,-1.6,0,Tidak,5,2
ASG-0665,Operations Dept,Full Scope Audit,Penugasan Audit Lapangan #665,59,17,81.7,1,4.2,0,Tidak,3,1
ASG-0666,Bandung Branch,Full Scope Audit,Penugasan Audit Lapangan #666,54,32,25.3,9,2.2,0,Tidak,5,1
ASG-0667,Medan Branch,Compliance Audit,Penugasan Audit Lapangan #667,51,41,38.9,1,1.0,0,Tidak,5,1
ASG-0668,IT Dept,Full Scope Audit,Penugasan Audit Lapangan #668,46,24,46.6,0,2.2,0,Tidak,3,1
ASG-0669,IT Dept,Limited Review,Penugasan Audit Lapangan #669,12,21,48.3,0,-0.9,0,Tidak,3,2
ASG-0670,Operations Dept,Limited Review,Penugasan Audit Lapangan #670,30,31,44.2,4,-0.1,0,Tidak,5,1
ASG-0671,Operations Dept,Full Scope Audit,Penugasan Audit Lapangan #671,57,28,89.4,3,2.9,0,Tidak,4,1
ASG-0672,Medan Branch,Full Scope Audit,Penugasan Audit Lapangan #672,37,38,68.5,5,-0.1,0,Tidak,5,1
ASG-0673,Jakarta Branch,Compliance Audit,Penugasan Audit Lapangan #673,26,17,61.8,2,0.9,0,Tidak,5,1
ASG-0674,Medan Branch,Limited Review,Penugasan Audit Lapangan #674,22,26,9.5,11,-0.4,0,Tidak,5,1
ASG-0675,Finance Dept,Surprise Audit,Penugasan Audit Lapangan #675,58,42,86.4,9,1.6,0,Tidak,5,1
ASG-0676,Bandung Branch,Surprise Audit,Penugasan Audit Lapangan #676,37,27,86.8,3,1.0,0,Tidak,3,1
ASG-0677,Surabaya Branch,Compliance Audit,Penugasan Audit Lapangan #677,11,16,75.2,1,-0.5,0,Tidak,2,1
ASG-0678,IT Dept,Compliance Audit,Penugasan Audit Lapangan #678,38,17,5.6,5,2.1,0,Ya (Anomali),5,1
ASG-0679,Medan Branch,Compliance Audit,Penugasan Audit Lapangan #679,10,19,10.2,1,-0.9,0,Tidak,5,2
ASG-0680,Finance Dept,Limited Review,Penugasan Audit Lapangan #680,25,25,25.3,0,0.0,0,Tidak,3,1
ASG-0681,Operations Dept,Full Scope Audit,Penugasan Audit Lapangan #681,36,22,16.8,2,1.4,0,Tidak,5,1
ASG-0682,IT Dept,Full Scope Audit,Penugasan Audit Lapangan #682,50,40,40.9,1,1.0,0,Tidak,4,1
ASG-0683,IT Dept,Compliance Audit,Penugasan Audit Lapangan #683,36,37,88.0,9,-0.1,0,Tidak,5,1
ASG-0684,Surabaya Branch,Limited Review,Penugasan Audit Lapangan #684,49,37,47.5,20,1.2,0,Tidak,5,1
ASG-0685,IT Dept,Surprise Audit,Penugasan Audit Lapangan #685,37,26,6.2,3,1.1,0,Tidak,5,1
ASG-0686,Finance Dept,Compliance Audit,Penugasan Audit Lapangan #686,19,21,30.4,2,-0.2,0,Tidak,5,2
ASG-0687,IT Dept,Limited Review,Penugasan Audit Lapangan #687,50,29,9.0,2,2.1,0,Tidak,5,1
ASG-0688,IT Dept,Compliance Audit,Penugasan Audit Lapangan #688,40,38,8.3,2,0.2,0,Tidak,5,1
ASG-0689,Medan Branch,Limited Review,Penugasan Audit Lapangan #689,33,31,29.8,4,0.2,0,Tidak,5,1
ASG-0690,Medan Branch,Limited Review,Penugasan Audit Lapangan #690,25,18,29.8,1,0.7,0,Tidak,5,1
ASG-0691,Operations Dept,Compliance Audit,Penugasan Audit Lapangan #691,24,43,75.8,5,-1.9,0,Tidak,5,3
ASG-0692,Bandung Branch,Full Scope Audit,Penugasan Audit Lapangan #692,33,36,92.7,6,-0.3,0,Tidak,5,1
ASG-0693,Jakarta Branch,Compliance Audit,Penugasan Audit Lapangan #693,38,39,38.4,0,-0.1,0,Tidak,3,2
ASG-0694,Finance Dept,Full Scope Audit,Penugasan Audit Lapangan #694,13,27,43.6,1,-1.4,0,Tidak,5,3
ASG-0695,Jakarta Branch,Full Scope Audit,Penugasan Audit Lapangan #695,50,32,81.0,7,1.8,0,Tidak,5,1
ASG-0696,Jakarta Branch,Surprise Audit,Penugasan Audit Lapangan #696,56,15,29.1,4,4.1,0,Tidak,5,1
ASG-0697,IT Dept,Limited Review,Penugasan Audit Lapangan #697,14,30,19.1,1,-1.6,0,Tidak,5,2
ASG-0698,Operations Dept,Compliance Audit,Penugasan Audit Lapangan #698,24,27,81.8,5,-0.3,0,Tidak,5,1
ASG-0699,Surabaya Branch,Limited Review,Penugasan Audit Lapangan #699,26,24,9.2,1,0.2,0,Tidak,5,1
ASG-0700,Surabaya Branch,Surprise Audit,Penugasan Audit Lapangan #700,36,26,60.8,7,1.0,0,Tidak,5,1
ASG-0701,IT Dept,Full Scope Audit,Penugasan Audit Lapangan #701,42,44,55.6,3,-0.2,0,Tidak,5,1
ASG-0702,Operations Dept,Compliance Audit,Penugasan Audit Lapangan #702,31,16,36.1,2,1.5,0,Tidak,5,1
ASG-0703,Finance Dept,Limited Review,Penugasan Audit Lapangan #703,18,37,33.4,1,-1.9,0,Tidak,4,4
ASG-0704,Jakarta Branch,Surprise Audit,Penugasan Audit Lapangan #704,50,17,74.5,0,3.3,0,Tidak,2,1
ASG-0705,Bandung Branch,Full Scope Audit,Penugasan Audit Lapangan #705,21,24,12.8,1,-0.3,0,Tidak,5,1
ASG-0706,Operations Dept,Full Scope Audit,Penugasan Audit Lapangan #706,49,16,26.3,8,3.3,0,Tidak,5,1
ASG-0707,Jakarta Branch,Limited Review,Penugasan Audit Lapangan #707,26,44,70.9,1,-1.8,0,Tidak,2,3
ASG-0708,Surabaya Branch,Full Scope Audit,Penugasan Audit Lapangan #708,23,41,54.3,6,-1.8,0,Tidak,5,3
ASG-0709,Jakarta Branch,Surprise Audit,Penugasan Audit Lapangan #709,14,37,16.5,3,-2.3,0,Tidak,5,3
ASG-0710,Medan Branch,Full Scope Audit,Penugasan Audit Lapangan #710,20,27,84.4,3,-0.7,0,Tidak,4,1
ASG-0711,Medan Branch,Compliance Audit,Penugasan Audit Lapangan #711,50,27,40.4,6,2.3,0,Tidak,5,1
ASG-0712,Bandung Branch,Compliance Audit,Penugasan Audit Lapangan #712,37,32,79.5,3,0.5,0,Tidak,5,1
ASG-0713,Finance Dept,Limited Review,Penugasan Audit Lapangan #713,13,17,75.9,0,-0.4,0,Tidak,1,1
ASG-0714,Jakarta Branch,Surprise Audit,Penugasan Audit Lapangan #714,42,41,61.2,0,0.1,0,Tidak,2,1
ASG-0715,Medan Branch,Full Scope Audit,Penugasan Audit Lapangan #715,20,21,49.5,1,-0.1,0,Tidak,3,1
ASG-0716,Finance Dept,Full Scope Audit,Penugasan Audit Lapangan #716,13,28,93.2,1,-1.5,0,Tidak,2,2
ASG-0717,Operations Dept,Full Scope Audit,Penugasan Audit Lapangan #717,10,34,18.0,3,-2.4,0,Tidak,5,4
ASG-0718,Operations Dept,Compliance Audit,Penugasan Audit Lapangan #718,8,43,70.3,6,-3.5,0,Tidak,5,5
ASG-0719,Medan Branch,Surprise Audit,Penugasan Audit Lapangan #719,29,44,22.2,4,-1.5,0,Tidak,5,2
ASG-0720,Finance Dept,Full Scope Audit,Penugasan Audit Lapangan #720,15,31,35.4,7,-1.6,0,Tidak,5,3
ASG-0721,Finance Dept,Limited Review,Penugasan Audit Lapangan #721,32,43,32.8,3,-1.1,0,Tidak,5,2
ASG-0722,Medan Branch,Surprise Audit,Penugasan Audit Lapangan #722,53,44,90.2,3,0.9,0,Tidak,3,1
ASG-0723,IT Dept,Surprise Audit,Penugasan Audit Lapangan #723,20,35,92.1,7,-1.5,0,Tidak,5,2
ASG-0724,Surabaya Branch,Full Scope Audit,Penugasan Audit Lapangan #724,59,26,21.5,1,3.3,0,Tidak,4,1
ASG-0725,Finance Dept,Compliance Audit,Penugasan Audit Lapangan #725,48,39,7.0,2,0.9,0,Tidak,5,1
ASG-0726,Operations Dept,Surprise Audit,Penugasan Audit Lapangan #726,17,30,69.8,4,-1.3,0,Tidak,5,2
ASG-0727,IT Dept,Limited Review,Penugasan Audit Lapangan #727,54,38,42.6,4,1.6,0,Tidak,5,1
ASG-0728,Jakarta Branch,Surprise Audit,Penugasan Audit Lapangan #728,6,26,13.0,0,-2.0,0,Tidak,4,3
ASG-0729,IT Dept,Compliance Audit,Penugasan Audit Lapangan #729,36,29,66.5,9,0.7,0,Tidak,5,1
ASG-0730,Medan Branch,Limited Review,Penugasan Audit Lapangan #730,13,39,54.1,0,-2.6,0,Tidak,2,4
ASG-0731,IT Dept,Compliance Audit,Penugasan Audit Lapangan #731,26,24,93.2,3,0.2,0,Tidak,4,1
ASG-0732,Surabaya Branch,Full Scope Audit,Penugasan Audit Lapangan #732,53,44,25.5,1,0.9,0,Tidak,5,1
ASG-0733,Medan Branch,Surprise Audit,Penugasan Audit Lapangan #733,22,39,41.4,4,-1.7,0,Tidak,5,3
ASG-0734,Bandung Branch,Limited Review,Penugasan Audit Lapangan #734,37,21,53.8,1,1.6,0,Tidak,3,1
ASG-0735,Jakarta Branch,Compliance Audit,Penugasan Audit Lapangan #735,54,34,76.3,0,2.0,0,Tidak,1,1
ASG-0736,Operations Dept,Full Scope Audit,Penugasan Audit Lapangan #736,24,19,54.4,0,0.5,0,Tidak,2,1
ASG-0737,Bandung Branch,Limited Review,Penugasan Audit Lapangan #737,17,15,60.2,2,0.2,0,Tidak,4,1
ASG-0738,IT Dept,Surprise Audit,Penugasan Audit Lapangan #738,58,44,25.4,2,1.4,0,Tidak,5,1
ASG-0739,Finance Dept,Surprise Audit,Penugasan Audit Lapangan #739,40,31,81.2,3,0.9,0,Tidak,5,1
ASG-0740,IT Dept,Compliance Audit,Penugasan Audit Lapangan #740,46,17,43.6,1,2.9,0,Tidak,4,1
ASG-0741,Operations Dept,Limited Review,Penugasan Audit Lapangan #741,54,27,17.7,3,2.7,0,Tidak,5,1
ASG-0742,Operations Dept,Full Scope Audit,Penugasan Audit Lapangan #742,43,28,64.8,4,1.5,0,Tidak,5,1
ASG-0743,Finance Dept,Full Scope Audit,Penugasan Audit Lapangan #743,59,38,24.4,1,2.1,0,Tidak,5,1
ASG-0744,Bandung Branch,Full Scope Audit,Penugasan Audit Lapangan #744,40,44,13.8,0,-0.4,0,Tidak,4,1
ASG-0745,Bandung Branch,Compliance Audit,Penugasan Audit Lapangan #745,15,32,82.6,5,-1.7,0,Tidak,5,3
ASG-0746,Finance Dept,Full Scope Audit,Penugasan Audit Lapangan #746,32,18,46.4,2,1.4,0,Tidak,5,1
ASG-0747,Surabaya Branch,Limited Review,Penugasan Audit Lapangan #747,59,32,72.4,0,2.7,0,Tidak,3,1
ASG-0748,Jakarta Branch,Compliance Audit,Penugasan Audit Lapangan #748,6,44,31.2,2,-3.8,0,Tidak,5,5
ASG-0749,Medan Branch,Surprise Audit,Penugasan Audit Lapangan #749,36,19,75.8,5,1.7,0,Tidak,5,1
ASG-0750,Bandung Branch,Compliance Audit,Penugasan Audit Lapangan #750,24,39,15.1,5,-1.5,0,Tidak,5,2
ASG-0751,Jakarta Branch,Compliance Audit,Penugasan Audit Lapangan #751,30,30,37.0,2,0.0,0,Tidak,5,1
ASG-0752,Medan Branch,Compliance Audit,Penugasan Audit Lapangan #752,44,15,93.0,0,2.9,0,Tidak,1,1
ASG-0753,IT Dept,Limited Review,Penugasan Audit Lapangan #753,12,35,76.5,4,-2.3,0,Tidak,5,3
ASG-0754,Medan Branch,Surprise Audit,Penugasan Audit Lapangan #754,19,28,49.8,3,-0.9,0,Tidak,5,2
ASG-0755,Bandung Branch,Surprise Audit,Penugasan Audit Lapangan #755,48,29,35.6,3,1.9,0,Tidak,5,1
ASG-0756,Surabaya Branch,Compliance Audit,Penugasan Audit Lapangan #756,13,23,83.5,0,-1.0,0,Tidak,2,2
ASG-0757,Surabaya Branch,Compliance Audit,Penugasan Audit Lapangan #757,10,29,54.0,3,-1.9,0,Tidak,5,3
ASG-0758,Jakarta Branch,Compliance Audit,Penugasan Audit Lapangan #758,11,31,73.3,3,-2.0,0,Tidak,4,4
ASG-0759,IT Dept,Limited Review,Penugasan Audit Lapangan #759,59,39,72.9,0,2.0,0,Tidak,2,1
ASG-0760,Jakarta Branch,Limited Review,Penugasan Audit Lapangan #760,45,38,6.6,3,0.7,0,Ya (Anomali),5,1
ASG-0761,Finance Dept,Full Scope Audit,Penugasan Audit Lapangan #761,18,18,16.4,1,0.0,0,Tidak,5,1
ASG-0762,Surabaya Branch,Surprise Audit,Penugasan Audit Lapangan #762,39,26,64.4,6,1.3,0,Tidak,5,1
ASG-0763,Jakarta Branch,Full Scope Audit,Penugasan Audit Lapangan #763,8,41,19.5,8,-3.3,0,Tidak,5,4
ASG-0764,Finance Dept,Full Scope Audit,Penugasan Audit Lapangan #764,47,40,28.0,6,0.7,0,Tidak,5,1
ASG-0765,IT Dept,Compliance Audit,Penugasan Audit Lapangan #765,14,19,90.2,11,-0.5,0,Tidak,5,1
ASG-0766,Operations Dept,Limited Review,Penugasan Audit Lapangan #766,41,43,55.4,1,-0.2,0,Tidak,4,1
ASG-0767,Medan Branch,Full Scope Audit,Penugasan Audit Lapangan #767,43,19,72.6,3,2.4,0,Tidak,5,1
ASG-0768,Jakarta Branch,Full Scope Audit,Penugasan Audit Lapangan #768,10,25,55.2,0,-1.5,0,Tidak,3,3
ASG-0769,Finance Dept,Full Scope Audit,Penugasan Audit Lapangan #769,51,42,54.7,1,0.9,0,Tidak,3,1
ASG-0770,Surabaya Branch,Compliance Audit,Penugasan Audit Lapangan #770,28,20,13.5,2,0.8,0,Tidak,5,1
ASG-0771,Medan Branch,Compliance Audit,Penugasan Audit Lapangan #771,59,21,35.9,15,3.8,0,Tidak,5,1
ASG-0772,Jakarta Branch,Limited Review,Penugasan Audit Lapangan #772,3,38,30.4,1,-3.5,0,Tidak,5,5
ASG-0773,Surabaya Branch,Full Scope Audit,Penugasan Audit Lapangan #773,6,28,40.2,4,-2.2,0,Tidak,5,3
ASG-0774,Operations Dept,Full Scope Audit,Penugasan Audit Lapangan #774,30,38,76.9,3,-0.8,0,Tidak,5,1
ASG-0775,Medan Branch,Limited Review,Penugasan Audit Lapangan #775,38,25,38.5,5,1.3,0,Tidak,5,1
ASG-0776,Bandung Branch,Limited Review,Penugasan Audit Lapangan #776,39,44,45.7,3,-0.5,0,Tidak,5,1
ASG-0777,Surabaya Branch,Limited Review,Penugasan Audit Lapangan #777,20,27,40.8,6,-0.7,0,Tidak,5,1
ASG-0778,Bandung Branch,Surprise Audit,Penugasan Audit Lapangan #778,9,16,13.4,5,-0.7,0,Tidak,5,1
ASG-0779,IT Dept,Limited Review,Penugasan Audit Lapangan #779,49,39,44.7,1,1.0,0,Tidak,5,1
ASG-0780,Jakarta Branch,Compliance Audit,Penugasan Audit Lapangan #780,46,21,22.6,3,2.5,0,Tidak,5,1
ASG-0781,Operations Dept,Surprise Audit,Penugasan Audit Lapangan #781,2,34,21.8,1,-3.2,0,Tidak,4,5
ASG-0782,Finance Dept,Limited Review,Penugasan Audit Lapangan #782,23,18,13.5,1,0.5,0,Tidak,5,1
ASG-0783,Jakarta Branch,Compliance Audit,Penugasan Audit Lapangan #783,53,41,37.1,3,1.2,0,Tidak,5,1
ASG-0784,Surabaya Branch,Limited Review,Penugasan Audit Lapangan #784,18,22,73.2,0,-0.4,0,Tidak,2,1
ASG-0785,Bandung Branch,Limited Review,Penugasan Audit Lapangan #785,8,34,29.9,4,-2.6,0,Tidak,5,5
ASG-0786,Bandung Branch,Surprise Audit,Penugasan Audit Lapangan #786,26,43,33.1,0,-1.7,0,Tidak,3,3
ASG-0787,Medan Branch,Compliance Audit,Penugasan Audit Lapangan #787,46,36,62.8,2,1.0,0,Tidak,4,1
ASG-0788,Jakarta Branch,Full Scope Audit,Penugasan Audit Lapangan #788,5,35,22.6,2,-3.0,0,Tidak,5,4
ASG-0789,Jakarta Branch,Limited Review,Penugasan Audit Lapangan #789,37,33,85.7,9,0.4,0,Tidak,5,1
ASG-0790,Surabaya Branch,Surprise Audit,Penugasan Audit Lapangan #790,7,27,51.8,3,-2.0,0,Tidak,5,3
ASG-0791,Bandung Branch,Compliance Audit,Penugasan Audit Lapangan #791,32,28,45.3,0,0.4,0,Tidak,3,1
ASG-0792,Surabaya Branch,Limited Review,Penugasan Audit Lapangan #792,20,24,55.2,2,-0.4,0,Tidak,5,2
ASG-0793,Surabaya Branch,Full Scope Audit,Penugasan Audit Lapangan #793,45,25,19.9,2,2.0,0,Tidak,5,1
ASG-0794,IT Dept,Compliance Audit,Penugasan Audit Lapangan #794,55,16,60.2,4,3.9,0,Tidak,5,1
ASG-0795,Bandung Branch,Compliance Audit,Penugasan Audit Lapangan #795,40,39,37.7,0,0.1,0,Tidak,4,1
ASG-0796,Surabaya Branch,Surprise Audit,Penugasan Audit Lapangan #796,28,40,85.7,4,-1.2,0,Tidak,4,3
ASG-0797,Bandung Branch,Limited Review,Penugasan Audit Lapangan #797,11,23,20.2,6,-1.2,0,Tidak,5,3
ASG-0798,Surabaya Branch,Limited Review,Penugasan Audit Lapangan #798,27,31,50.6,7,-0.4,0,Tidak,5,2
ASG-0799,Finance Dept,Compliance Audit,Penugasan Audit Lapangan #799,20,40,58.8,4,-2.0,0,Tidak,5,3
ASG-0800,Surabaya Branch,Limited Review,Penugasan Audit Lapangan #800,40,17,8.0,0,2.3,0,Ya (Anomali),4,1
ASG-0801,Surabaya Branch,Compliance Audit,Penugasan Audit Lapangan #801,4,38,37.7,1,-3.4,0,Tidak,5,5
ASG-0802,Operations Dept,Full Scope Audit,Penugasan Audit Lapangan #802,46,20,70.9,6,2.6,0,Tidak,5,1
ASG-0803,Finance Dept,Surprise Audit,Penugasan Audit Lapangan #803,14,19,78.8,4,-0.5,0,Tidak,5,1
ASG-0804,Jakarta Branch,Limited Review,Penugasan Audit Lapangan #804,51,19,33.2,4,3.2,0,Tidak,5,1
ASG-0805,Bandung Branch,Limited Review,Penugasan Audit Lapangan #805,29,36,76.9,1,-0.7,0,Tidak,2,1
ASG-0806,Operations Dept,Surprise Audit,Penugasan Audit Lapangan #806,59,29,92.1,5,3.0,0,Tidak,5,1
ASG-0807,Medan Branch,Full Scope Audit,Penugasan Audit Lapangan #807,21,37,82.1,6,-1.6,0,Tidak,5,3
ASG-0808,Finance Dept,Full Scope Audit,Penugasan Audit Lapangan #808,29,31,15.6,1,-0.2,0,Tidak,5,1
ASG-0809,Operations Dept,Full Scope Audit,Penugasan Audit Lapangan #809,9,23,71.6,1,-1.4,0,Tidak,2,2
ASG-0810,Jakarta Branch,Full Scope Audit,Penugasan Audit Lapangan #810,42,17,33.8,6,2.5,0,Tidak,5,1
ASG-0811,Surabaya Branch,Full Scope Audit,Penugasan Audit Lapangan #811,40,34,94.0,2,0.6,0,Tidak,3,1
ASG-0812,IT Dept,Compliance Audit,Penugasan Audit Lapangan #812,2,40,48.7,3,-3.8,0,Tidak,5,5
ASG-0813,Jakarta Branch,Limited Review,Penugasan Audit Lapangan #813,4,31,16.0,13,-2.7,0,Tidak,5,4
ASG-0814,Finance Dept,Limited Review,Penugasan Audit Lapangan #814,14,43,70.3,2,-2.9,0,Tidak,4,5
ASG-0815,IT Dept,Limited Review,Penugasan Audit Lapangan #815,29,41,34.1,2,-1.2,0,Tidak,5,2
ASG-0816,Surabaya Branch,Compliance Audit,Penugasan Audit Lapangan #816,58,24,94.7,2,3.4,0,Tidak,2,1
ASG-0817,Jakarta Branch,Surprise Audit,Penugasan Audit Lapangan #817,50,17,93.2,7,3.3,0,Tidak,5,1
ASG-0818,Medan Branch,Full Scope Audit,Penugasan Audit Lapangan #818,26,32,64.1,1,-0.6,0,Tidak,4,1
ASG-0819,Bandung Branch,Surprise Audit,Penugasan Audit Lapangan #819,57,32,16.7,0,2.5,0,Tidak,4,1
ASG-0820,Bandung Branch,Full Scope Audit,Penugasan Audit Lapangan #820,34,44,66.8,2,-1.0,0,Tidak,4,2
ASG-0821,Finance Dept,Full Scope Audit,Penugasan Audit Lapangan #821,39,31,13.4,8,0.8,0,Tidak,5,1
ASG-0822,Operations Dept,Surprise Audit,Penugasan Audit Lapangan #822,54,38,7.6,1,1.6,0,Tidak,5,1
ASG-0823,Surabaya Branch,Limited Review,Penugasan Audit Lapangan #823,7,17,79.1,0,-1.0,0,Tidak,1,2
ASG-0824,Surabaya Branch,Compliance Audit,Penugasan Audit Lapangan #824,59,17,23.9,4,4.2,0,Tidak,5,1
ASG-0825,Bandung Branch,Surprise Audit,Penugasan Audit Lapangan #825,45,20,39.1,0,2.5,0,Tidak,3,1
ASG-0826,Jakarta Branch,Limited Review,Penugasan Audit Lapangan #826,46,27,92.6,4,1.9,0,Tidak,4,1
ASG-0827,Surabaya Branch,Full Scope Audit,Penugasan Audit Lapangan #827,33,38,35.3,3,-0.5,0,Tidak,5,2
ASG-0828,Medan Branch,Limited Review,Penugasan Audit Lapangan #828,46,43,31.7,1,0.3,0,Tidak,4,1
ASG-0829,Medan Branch,Full Scope Audit,Penugasan Audit Lapangan #829,48,29,87.6,2,1.9,0,Tidak,3,1
ASG-0830,Surabaya Branch,Full Scope Audit,Penugasan Audit Lapangan #830,22,39,15.0,2,-1.7,0,Tidak,5,4
ASG-0831,Surabaya Branch,Limited Review,Penugasan Audit Lapangan #831,17,23,73.4,5,-0.6,0,Tidak,5,1
ASG-0832,Bandung Branch,Full Scope Audit,Penugasan Audit Lapangan #832,55,18,93.9,3,3.7,0,Tidak,4,1
ASG-0833,Finance Dept,Compliance Audit,Penugasan Audit Lapangan #833,22,28,86.1,5,-0.6,0,Tidak,5,1
ASG-0834,Bandung Branch,Limited Review,Penugasan Audit Lapangan #834,12,19,63.7,4,-0.7,0,Tidak,5,1
ASG-0835,Finance Dept,Surprise Audit,Penugasan Audit Lapangan #835,38,16,33.3,4,2.2,0,Tidak,5,1
ASG-0836,Medan Branch,Full Scope Audit,Penugasan Audit Lapangan #836,37,25,27.9,5,1.2,0,Tidak,5,1
ASG-0837,Finance Dept,Full Scope Audit,Penugasan Audit Lapangan #837,36,23,78.7,4,1.3,0,Tidak,5,1
ASG-0838,Bandung Branch,Compliance Audit,Penugasan Audit Lapangan #838,20,38,84.2,1,-1.8,0,Tidak,2,3
ASG-0839,Surabaya Branch,Compliance Audit,Penugasan Audit Lapangan #839,21,17,52.3,1,0.4,0,Tidak,4,1
ASG-0840,Finance Dept,Surprise Audit,Penugasan Audit Lapangan #840,58,41,27.0,2,1.7,0,Tidak,5,1
ASG-0841,Bandung Branch,Full Scope Audit,Penugasan Audit Lapangan #841,19,42,15.2,0,-2.3,0,Tidak,5,4
ASG-0842,Medan Branch,Surprise Audit,Penugasan Audit Lapangan #842,48,43,12.8,6,0.5,0,Tidak,5,1
ASG-0843,IT Dept,Surprise Audit,Penugasan Audit Lapangan #843,42,23,69.7,5,1.9,0,Tidak,5,1
ASG-0844,Finance Dept,Full Scope Audit,Penugasan Audit Lapangan #844,50,17,42.8,2,3.3,0,Tidak,4,1
ASG-0845,Medan Branch,Surprise Audit,Penugasan Audit Lapangan #845,15,39,86.5,0,-2.4,0,Tidak,1,3
ASG-0846,Medan Branch,Surprise Audit,Penugasan Audit Lapangan #846,16,16,71.6,6,0.0,0,Tidak,5,1
ASG-0847,Jakarta Branch,Compliance Audit,Penugasan Audit Lapangan #847,32,26,22.2,7,0.6,0,Tidak,5,1
ASG-0848,IT Dept,Compliance Audit,Penugasan Audit Lapangan #848,2,24,60.2,2,-2.2,0,Tidak,4,4
ASG-0849,Finance Dept,Surprise Audit,Penugasan Audit Lapangan #849,54,23,44.2,0,3.1,0,Tidak,3,1
ASG-0850,Bandung Branch,Full Scope Audit,Penugasan Audit Lapangan #850,55,29,57.0,2,2.6,0,Tidak,4,1
ASG-0851,Finance Dept,Compliance Audit,Penugasan Audit Lapangan #851,55,22,71.4,10,3.3,0,Tidak,5,1
ASG-0852,Finance Dept,Surprise Audit,Penugasan Audit Lapangan #852,4,39,77.6,2,-3.5,0,Tidak,4,5
ASG-0853,IT Dept,Limited Review,Penugasan Audit Lapangan #853,17,19,80.9,5,-0.2,0,Tidak,5,1
ASG-0854,Operations Dept,Limited Review,Penugasan Audit Lapangan #854,24,25,27.9,10,-0.1,0,Tidak,5,1
ASG-0855,Medan Branch,Surprise Audit,Penugasan Audit Lapangan #855,58,41,7.8,1,1.7,0,Tidak,5,1
ASG-0856,Medan Branch,Limited Review,Penugasan Audit Lapangan #856,12,16,71.5,0,-0.4,0,Tidak,2,1
ASG-0857,Medan Branch,Compliance Audit,Penugasan Audit Lapangan #857,13,38,14.6,0,-2.5,0,Tidak,4,3
ASG-0858,Medan Branch,Full Scope Audit,Penugasan Audit Lapangan #858,11,42,33.3,11,-3.1,0,Tidak,5,4
ASG-0859,IT Dept,Surprise Audit,Penugasan Audit Lapangan #859,33,29,5.3,2,0.4,0,Tidak,5,1
ASG-0860,Bandung Branch,Compliance Audit,Penugasan Audit Lapangan #860,17,20,66.4,4,-0.3,0,Tidak,5,1
ASG-0861,Surabaya Branch,Full Scope Audit,Penugasan Audit Lapangan #861,9,22,20.0,3,-1.3,0,Tidak,5,2
ASG-0862,Jakarta Branch,Limited Review,Penugasan Audit Lapangan #862,39,41,64.0,3,-0.2,0,Tidak,5,1
ASG-0863,Operations Dept,Limited Review,Penugasan Audit Lapangan #863,13,19,94.3,2,-0.6,0,Tidak,3,2
ASG-0864,Operations Dept,Limited Review,Penugasan Audit Lapangan #864,25,30,11.5,0,-0.5,0,Tidak,4,1
ASG-0865,Medan Branch,Limited Review,Penugasan Audit Lapangan #865,29,40,11.9,0,-1.1,0,Tidak,5,3
ASG-0866,Medan Branch,Compliance Audit,Penugasan Audit Lapangan #866,54,32,35.6,15,2.2,0,Tidak,5,1
ASG-0867,Jakarta Branch,Compliance Audit,Penugasan Audit Lapangan #867,9,20,83.0,4,-1.1,0,Tidak,4,3
ASG-0868,Medan Branch,Full Scope Audit,Penugasan Audit Lapangan #868,59,19,24.4,3,4.0,0,Tidak,5,1
ASG-0869,Surabaya Branch,Surprise Audit,Penugasan Audit Lapangan #869,29,42,37.4,7,-1.3,0,Tidak,5,2
ASG-0870,Operations Dept,Full Scope Audit,Penugasan Audit Lapangan #870,37,30,11.2,6,0.7,0,Tidak,5,1
ASG-0871,Finance Dept,Surprise Audit,Penugasan Audit Lapangan #871,27,27,73.7,3,0.0,0,Tidak,5,1
ASG-0872,Jakarta Branch,Limited Review,Penugasan Audit Lapangan #872,9,42,41.7,2,-3.3,0,Tidak,4,5
ASG-0873,Operations Dept,Limited Review,Penugasan Audit Lapangan #873,59,19,73.3,0,4.0,0,Tidak,3,1
ASG-0874,Bandung Branch,Limited Review,Penugasan Audit Lapangan #874,51,27,86.3,2,2.4,0,Tidak,4,1
ASG-0875,Operations Dept,Limited Review,Penugasan Audit Lapangan #875,29,31,25.9,2,-0.2,0,Tidak,5,1
ASG-0876,Jakarta Branch,Compliance Audit,Penugasan Audit Lapangan #876,29,32,77.7,0,-0.3,0,Tidak,1,1
ASG-0877,Surabaya Branch,Full Scope Audit,Penugasan Audit Lapangan #877,38,22,10.3,11,1.6,0,Tidak,5,1
ASG-0878,IT Dept,Surprise Audit,Penugasan Audit Lapangan #878,42,27,85.9,2,1.5,0,Tidak,4,1
ASG-0879,Bandung Branch,Surprise Audit,Penugasan Audit Lapangan #879,37,44,63.6,3,-0.7,0,Tidak,4,2
ASG-0880,Finance Dept,Compliance Audit,Penugasan Audit Lapangan #880,28,43,83.7,6,-1.5,0,Tidak,5,2
ASG-0881,Medan Branch,Limited Review,Penugasan Audit Lapangan #881,55,33,5.0,0,2.2,0,Ya (Anomali),4,1
ASG-0882,Jakarta Branch,Full Scope Audit,Penugasan Audit Lapangan #882,18,40,20.2,5,-2.2,0,Tidak,5,3
ASG-0883,Bandung Branch,Limited Review,Penugasan Audit Lapangan #883,10,17,40.1,3,-0.7,0,Tidak,5,1
ASG-0884,Jakarta Branch,Compliance Audit,Penugasan Audit Lapangan #884,34,38,39.2,0,-0.4,0,Tidak,3,2
ASG-0885,Finance Dept,Surprise Audit,Penugasan Audit Lapangan #885,54,22,25.4,0,3.2,0,Tidak,3,1
ASG-0886,Jakarta Branch,Compliance Audit,Penugasan Audit Lapangan #886,21,16,39.3,6,0.5,0,Tidak,5,1
ASG-0887,Operations Dept,Surprise Audit,Penugasan Audit Lapangan #887,14,22,16.6,4,-0.8,0,Tidak,5,2
ASG-0888,Operations Dept,Full Scope Audit,Penugasan Audit Lapangan #888,29,41,42.1,2,-1.2,0,Tidak,4,2
ASG-0889,Bandung Branch,Surprise Audit,Penugasan Audit Lapangan #889,49,27,77.2,6,2.2,0,Tidak,5,1
ASG-0890,Surabaya Branch,Full Scope Audit,Penugasan Audit Lapangan #890,30,27,48.1,4,0.3,0,Tidak,5,1
ASG-0891,IT Dept,Limited Review,Penugasan Audit Lapangan #891,14,15,6.6,5,-0.1,0,Tidak,5,1
ASG-0892,Bandung Branch,Limited Review,Penugasan Audit Lapangan #892,47,20,42.9,0,2.7,0,Tidak,3,1
ASG-0893,Jakarta Branch,Compliance Audit,Penugasan Audit Lapangan #893,36,38,7.4,3,-0.2,0,Ya (Anomali),5,1
ASG-0894,Finance Dept,Full Scope Audit,Penugasan Audit Lapangan #894,7,33,92.0,1,-2.6,0,Tidak,2,4
ASG-0895,Operations Dept,Limited Review,Penugasan Audit Lapangan #895,19,30,16.5,6,-1.1,0,Tidak,5,3
ASG-0896,Medan Branch,Full Scope Audit,Penugasan Audit Lapangan #896,52,22,68.7,6,3.0,0,Tidak,5,1
ASG-0897,Medan Branch,Limited Review,Penugasan Audit Lapangan #897,6,42,92.5,2,-3.6,0,Tidak,2,5
ASG-0898,Finance Dept,Limited Review,Penugasan Audit Lapangan #898,48,15,79.3,5,3.3,0,Tidak,5,1
ASG-0899,Jakarta Branch,Surprise Audit,Penugasan Audit Lapangan #899,26,41,67.9,2,-1.5,0,Tidak,4,2
ASG-0900,IT Dept,Compliance Audit,Penugasan Audit Lapangan #900,3,41,80.6,0,-3.8,0,Tidak,1,5
ASG-0901,Finance Dept,Surprise Audit,Penugasan Audit Lapangan #901,11,30,93.4,5,-1.9,0,Tidak,5,4
ASG-0902,Jakarta Branch,Full Scope Audit,Penugasan Audit Lapangan #902,57,23,60.9,3,3.4,0,Tidak,4,1
ASG-0903,Bandung Branch,Limited Review,Penugasan Audit Lapangan #903,31,27,55.3,12,0.4,0,Tidak,5,1
ASG-0904,IT Dept,Compliance Audit,Penugasan Audit Lapangan #904,51,25,61.5,6,2.6,0,Tidak,5,1
ASG-0905,Surabaya Branch,Limited Review,Penugasan Audit Lapangan #905,46,27,52.9,1,1.9,0,Tidak,3,1
ASG-0906,Jakarta Branch,Limited Review,Penugasan Audit Lapangan #906,6,39,62.2,1,-3.3,0,Tidak,4,4
ASG-0907,Medan Branch,Surprise Audit,Penugasan Audit Lapangan #907,56,35,45.5,0,2.1,0,Tidak,3,1
ASG-0908,Medan Branch,Full Scope Audit,Penugasan Audit Lapangan #908,57,24,24.7,4,3.3,0,Tidak,5,1
ASG-0909,Operations Dept,Compliance Audit,Penugasan Audit Lapangan #909,34,18,15.8,1,1.6,0,Tidak,5,1
ASG-0910,IT Dept,Compliance Audit,Penugasan Audit Lapangan #910,55,41,11.2,0,1.4,0,Tidak,4,1
ASG-0911,Surabaya Branch,Compliance Audit,Penugasan Audit Lapangan #911,2,20,28.7,6,-1.8,0,Tidak,5,3
ASG-0912,Jakarta Branch,Full Scope Audit,Penugasan Audit Lapangan #912,19,42,9.2,1,-2.3,0,Tidak,5,3
ASG-0913,Surabaya Branch,Compliance Audit,Penugasan Audit Lapangan #913,33,21,56.0,1,1.2,0,Tidak,3,1
ASG-0914,Operations Dept,Full Scope Audit,Penugasan Audit Lapangan #914,48,19,30.5,0,2.9,0,Tidak,3,1
ASG-0915,Bandung Branch,Compliance Audit,Penugasan Audit Lapangan #915,50,25,79.2,2,2.5,0,Tidak,3,1
ASG-0916,Surabaya Branch,Limited Review,Penugasan Audit Lapangan #916,12,27,11.7,2,-1.5,0,Tidak,5,3
ASG-0917,Bandung Branch,Full Scope Audit,Penugasan Audit Lapangan #917,22,40,25.4,15,-1.8,0,Tidak,5,3
ASG-0918,Medan Branch,Surprise Audit,Penugasan Audit Lapangan #918,27,39,70.7,1,-1.2,0,Tidak,3,3
ASG-0919,Bandung Branch,Compliance Audit,Penugasan Audit Lapangan #919,26,33,58.9,1,-0.7,0,Tidak,4,1
ASG-0920,Jakarta Branch,Surprise Audit,Penugasan Audit Lapangan #920,23,37,10.8,2,-1.4,0,Tidak,5,2
ASG-0921,IT Dept,Full Scope Audit,Penugasan Audit Lapangan #921,28,24,84.0,0,0.4,0,Tidak,2,1
ASG-0922,IT Dept,Limited Review,Penugasan Audit Lapangan #922,50,24,84.0,0,2.6,0,Tidak,2,1
ASG-0923,Jakarta Branch,Surprise Audit,Penugasan Audit Lapangan #923,14,25,34.7,4,-1.1,0,Tidak,5,3
ASG-0924,Jakarta Branch,Surprise Audit,Penugasan Audit Lapangan #924,34,35,35.6,2,-0.1,0,Tidak,5,1
ASG-0925,Jakarta Branch,Limited Review,Penugasan Audit Lapangan #925,35,44,94.0,0,-0.9,0,Tidak,1,3
ASG-0926,Finance Dept,Limited Review,Penugasan Audit Lapangan #926,42,21,61.4,0,2.1,0,Tidak,2,1
ASG-0927,Operations Dept,Full Scope Audit,Penugasan Audit Lapangan #927,36,32,52.8,2,0.4,0,Tidak,4,1
ASG-0928,Bandung Branch,Compliance Audit,Penugasan Audit Lapangan #928,2,18,80.4,2,-1.6,0,Tidak,4,3
ASG-0929,Jakarta Branch,Surprise Audit,Penugasan Audit Lapangan #929,22,16,30.7,3,0.6,0,Tidak,5,1
ASG-0930,IT Dept,Surprise Audit,Penugasan Audit Lapangan #930,49,28,43.6,3,2.1,0,Tidak,5,1
ASG-0931,Surabaya Branch,Full Scope Audit,Penugasan Audit Lapangan #931,56,27,29.1,6,2.9,0,Tidak,5,1
ASG-0932,Surabaya Branch,Compliance Audit,Penugasan Audit Lapangan #932,7,43,76.0,6,-3.6,0,Tidak,5,5
ASG-0933,Finance Dept,Full Scope Audit,Penugasan Audit Lapangan #933,29,26,56.6,14,0.3,0,Tidak,5,1
ASG-0934,Bandung Branch,Surprise Audit,Penugasan Audit Lapangan #934,18,21,64.3,0,-0.3,0,Tidak,2,1
ASG-0935,Bandung Branch,Surprise Audit,Penugasan Audit Lapangan #935,6,16,27.7,1,-1.0,0,Tidak,4,2
ASG-0936,Operations Dept,Limited Review,Penugasan Audit Lapangan #936,32,27,24.8,2,0.5,0,Tidak,5,1
ASG-0937,Bandung Branch,Limited Review,Penugasan Audit Lapangan #937,6,28,49.0,1,-2.2,0,Tidak,3,3
ASG-0938,IT Dept,Compliance Audit,Penugasan Audit Lapangan #938,39,41,71.4,2,-0.2,0,Tidak,3,1
ASG-0939,IT Dept,Surprise Audit,Penugasan Audit Lapangan #939,4,31,52.3,8,-2.7,0,Tidak,5,4
ASG-0940,Operations Dept,Surprise Audit,Penugasan Audit Lapangan #940,54,23,7.9,3,3.1,0,Tidak,5,1
ASG-0941,Finance Dept,Limited Review,Penugasan Audit Lapangan #941,24,31,83.2,8,-0.7,0,Tidak,5,1
ASG-0942,Bandung Branch,Full Scope Audit,Penugasan Audit Lapangan #942,38,22,10.8,3,1.6,0,Tidak,5,1
ASG-0943,Bandung Branch,Full Scope Audit,Penugasan Audit Lapangan #943,54,16,91.0,10,3.8,0,Tidak,5,1
ASG-0944,Jakarta Branch,Surprise Audit,Penugasan Audit Lapangan #944,38,42,7.3,0,-0.4,0,Tidak,4,1
ASG-0945,Bandung Branch,Surprise Audit,Penugasan Audit Lapangan #945,11,38,67.5,0,-2.7,0,Tidak,2,4
ASG-0946,IT Dept,Compliance Audit,Penugasan Audit Lapangan #946,11,27,12.4,2,-1.6,0,Tidak,5,2
ASG-0947,Jakarta Branch,Compliance Audit,Penugasan Audit Lapangan #947,20,17,87.0,1,0.3,0,Tidak,2,1
ASG-0948,Jakarta Branch,Limited Review,Penugasan Audit Lapangan #948,18,30,46.8,7,-1.2,0,Tidak,5,3
ASG-0949,Bandung Branch,Surprise Audit,Penugasan Audit Lapangan #949,22,20,17.4,2,0.2,0,Tidak,5,1
ASG-0950,Surabaya Branch,Full Scope Audit,Penugasan Audit Lapangan #950,15,33,35.7,2,-1.8,0,Tidak,5,3
ASG-0951,Medan Branch,Compliance Audit,Penugasan Audit Lapangan #951,10,44,19.8,1,-3.4,0,Tidak,5,5
ASG-0952,IT Dept,Limited Review,Penugasan Audit Lapangan #952,47,21,20.4,1,2.6,0,Tidak,4,1
ASG-0953,Surabaya Branch,Limited Review,Penugasan Audit Lapangan #953,2,24,90.3,0,-2.2,0,Tidak,1,3
ASG-0954,Bandung Branch,Full Scope Audit,Penugasan Audit Lapangan #954,52,23,45.1,2,2.9,0,Tidak,5,1
ASG-0955,Bandung Branch,Compliance Audit,Penugasan Audit Lapangan #955,46,16,76.0,5,3.0,0,Tidak,5,1
ASG-0956,Surabaya Branch,Full Scope Audit,Penugasan Audit Lapangan #956,14,42,62.6,6,-2.8,0,Tidak,5,4
ASG-0957,Bandung Branch,Limited Review,Penugasan Audit Lapangan #957,5,42,65.9,0,-3.7,0,Tidak,3,5
ASG-0958,IT Dept,Surprise Audit,Penugasan Audit Lapangan #958,2,29,16.9,0,-2.7,0,Tidak,4,4
ASG-0959,Operations Dept,Full Scope Audit,Penugasan Audit Lapangan #959,50,44,26.1,3,0.6,0,Tidak,5,1
ASG-0960,Jakarta Branch,Limited Review,Penugasan Audit Lapangan #960,41,19,75.8,2,2.2,0,Tidak,3,1
ASG-0961,Finance Dept,Surprise Audit,Penugasan Audit Lapangan #961,33,43,92.4,3,-1.0,0,Tidak,4,2
ASG-0962,Bandung Branch,Surprise Audit,Penugasan Audit Lapangan #962,35,36,28.6,0,-0.1,0,Tidak,3,2
ASG-0963,Bandung Branch,Compliance Audit,Penugasan Audit Lapangan #963,29,18,29.4,4,1.1,0,Tidak,5,1
ASG-0964,Surabaya Branch,Compliance Audit,Penugasan Audit Lapangan #964,32,34,47.6,6,-0.2,0,Tidak,5,2
ASG-0965,Jakarta Branch,Limited Review,Penugasan Audit Lapangan #965,9,18,93.5,1,-0.9,0,Tidak,2,2
ASG-0966,Surabaya Branch,Full Scope Audit,Penugasan Audit Lapangan #966,40,32,29.2,0,0.8,0,Tidak,3,1
ASG-0967,Operations Dept,Surprise Audit,Penugasan Audit Lapangan #967,27,18,41.6,2,0.9,0,Tidak,5,1
ASG-0968,IT Dept,Compliance Audit,Penugasan Audit Lapangan #968,59,41,85.2,2,1.8,0,Tidak,4,1
ASG-0969,Surabaya Branch,Compliance Audit,Penugasan Audit Lapangan #969,35,31,5.3,9,0.4,0,Tidak,5,1
ASG-0970,Bandung Branch,Full Scope Audit,Penugasan Audit Lapangan #970,55,26,8.6,1,2.9,0,Tidak,5,1
ASG-0971,Jakarta Branch,Compliance Audit,Penugasan Audit Lapangan #971,55,36,59.4,2,1.9,0,Tidak,5,1
ASG-0972,IT Dept,Limited Review,Penugasan Audit Lapangan #972,4,31,86.7,3,-2.7,0,Tidak,3,4
ASG-0973,Bandung Branch,Full Scope Audit,Penugasan Audit Lapangan #973,51,24,26.5,1,2.7,0,Tidak,4,1
ASG-0974,IT Dept,Surprise Audit,Penugasan Audit Lapangan #974,13,36,47.3,4,-2.3,0,Tidak,5,3
ASG-0975,Bandung Branch,Limited Review,Penugasan Audit Lapangan #975,2,15,45.5,3,-1.3,0,Tidak,5,2
ASG-0976,Bandung Branch,Surprise Audit,Penugasan Audit Lapangan #976,55,36,47.6,1,1.9,0,Tidak,3,1
ASG-0977,Bandung Branch,Surprise Audit,Penugasan Audit Lapangan #977,45,40,61.0,4,0.5,0,Tidak,5,1
ASG-0978,Finance Dept,Compliance Audit,Penugasan Audit Lapangan #978,6,38,47.3,3,-3.2,0,Tidak,5,4
ASG-0979,Medan Branch,Limited Review,Penugasan Audit Lapangan #979,31,41,45.3,4,-1.0,0,Tidak,5,2
ASG-0980,Jakarta Branch,Limited Review,Penugasan Audit Lapangan #980,31,32,47.7,1,-0.1,0,Tidak,4,1
ASG-0981,Operations Dept,Full Scope Audit,Penugasan Audit Lapangan #981,58,32,58.2,3,2.6,0,Tidak,5,1
ASG-0982,Finance Dept,Limited Review,Penugasan Audit Lapangan #982,18,28,53.3,0,-1.0,0,Tidak,2,2
ASG-0983,Medan Branch,Full Scope Audit,Penugasan Audit Lapangan #983,49,29,81.9,4,2.0,0,Tidak,4,1
ASG-0984,IT Dept,Limited Review,Penugasan Audit Lapangan #984,48,43,9.5,5,0.5,0,Tidak,5,1
ASG-0985,Medan Branch,Surprise Audit,Penugasan Audit Lapangan #985,24,26,80.0,2,-0.2,0,Tidak,3,2
ASG-0986,Medan Branch,Full Scope Audit,Penugasan Audit Lapangan #986,16,18,81.0,6,-0.2,0,Tidak,5,2
ASG-0987,Finance Dept,Limited Review,Penugasan Audit Lapangan #987,38,41,30.6,2,-0.3,0,Tidak,5,1
ASG-0988,Jakarta Branch,Full Scope Audit,Penugasan Audit Lapangan #988,22,17,46.7,2,0.5,0,Tidak,4,1
ASG-0989,Surabaya Branch,Compliance Audit,Penugasan Audit Lapangan #989,15,34,44.5,1,-1.9,0,Tidak,4,3
ASG-0990,Medan Branch,Compliance Audit,Penugasan Audit Lapangan #990,3,43,24.7,1,-4.0,0,Tidak,5,5
ASG-0991,Surabaya Branch,Full Scope Audit,Penugasan Audit Lapangan #991,12,26,40.7,1,-1.4,0,Tidak,4,3
ASG-0992,Surabaya Branch,Full Scope Audit,Penugasan Audit Lapangan #992,52,21,9.0,3,3.1,0,Tidak,5,1
ASG-0993,Bandung Branch,Surprise Audit,Penugasan Audit Lapangan #993,40,43,30.0,1,-0.3,0,Tidak,5,2
ASG-0994,Surabaya Branch,Limited Review,Penugasan Audit Lapangan #994,39,25,78.5,2,1.4,0,Tidak,3,1
ASG-0995,IT Dept,Compliance Audit,Penugasan Audit Lapangan #995,35,15,30.6,1,2.0,0,Tidak,4,1
ASG-0996,IT Dept,Compliance Audit,Penugasan Audit Lapangan #996,39,20,78.6,7,1.9,0,Tidak,5,1
ASG-0997,Bandung Branch,Limited Review,Penugasan Audit Lapangan #997,51,29,52.8,3,2.2,0,Tidak,5,1
ASG-0998,Jakarta Branch,Compliance Audit,Penugasan Audit Lapangan #998,35,29,84.2,17,0.6,0,Tidak,5,1
ASG-0999,Operations Dept,Compliance Audit,Penugasan Audit Lapangan #999,19,33,56.7,0,-1.4,0,Tidak,2,2
ASG-1000,Jakarta Branch,Full Scope Audit,Penugasan Audit Lapangan #1000,31,25,7.7,0,0.6,0,Tidak,4,1
ASG-1001,IT Dept,Compliance Audit,Penugasan Audit Lapangan #1001,16,40,65.8,0,-2.4,0,Tidak,2,3
ASG-1002,Operations Dept,Compliance Audit,Penugasan Audit Lapangan #1002,28,37,9.0,3,-0.9,0,Tidak,5,2
ASG-1003,Bandung Branch,Compliance Audit,Penugasan Audit Lapangan #1003,52,40,45.6,2,1.2,0,Tidak,4,1
ASG-1004,Jakarta Branch,Limited Review,Penugasan Audit Lapangan #1004,35,16,88.6,5,1.9,0,Tidak,5,1
ASG-1005,Operations Dept,Surprise Audit,Penugasan Audit Lapangan #1005,53,28,19.9,1,2.5,0,Tidak,5,1
ASG-1006,Operations Dept,Full Scope Audit,Penugasan Audit Lapangan #1006,58,16,40.1,2,4.2,0,Tidak,4,1
ASG-1007,Medan Branch,Surprise Audit,Penugasan Audit Lapangan #1007,39,43,70.7,1,-0.4,0,Tidak,2,2
ASG-1008,Jakarta Branch,Compliance Audit,Penugasan Audit Lapangan #1008,34,18,84.4,3,1.6,0,Tidak,4,1
ASG-1009,Bandung Branch,Compliance Audit,Penugasan Audit Lapangan #1009,25,31,65.4,0,-0.6,0,Tidak,3,1
ASG-1010,Operations Dept,Compliance Audit,Penugasan Audit Lapangan #1010,16,17,28.2,0,-0.1,0,Tidak,4,1
ASG-1011,IT Dept,Surprise Audit,Penugasan Audit Lapangan #1011,31,27,65.7,2,0.4,0,Tidak,4,1
ASG-1012,Medan Branch,Limited Review,Penugasan Audit Lapangan #1012,56,23,31.7,0,3.3,0,Tidak,3,1
ASG-1013,Surabaya Branch,Limited Review,Penugasan Audit Lapangan #1013,43,21,69.7,2,2.2,0,Tidak,3,1
ASG-1014,Surabaya Branch,Full Scope Audit,Penugasan Audit Lapangan #1014,52,29,90.9,5,2.3,0,Tidak,5,1
ASG-1015,Surabaya Branch,Surprise Audit,Penugasan Audit Lapangan #1015,18,37,69.9,2,-1.9,0,Tidak,4,3
ASG-1016,IT Dept,Limited Review,Penugasan Audit Lapangan #1016,6,43,82.7,0,-3.7,0,Tidak,1,5
ASG-1017,Operations Dept,Full Scope Audit,Penugasan Audit Lapangan #1017,30,43,5.2,5,-1.3,0,Tidak,5,2
ASG-1018,Bandung Branch,Compliance Audit,Penugasan Audit Lapangan #1018,5,25,69.6,2,-2.0,0,Tidak,4,4
ASG-1019,Surabaya Branch,Compliance Audit,Penugasan Audit Lapangan #1019,11,34,79.7,2,-2.3,0,Tidak,3,3
ASG-1020,Jakarta Branch,Full Scope Audit,Penugasan Audit Lapangan #1020,57,16,8.7,2,4.1,0,Tidak,5,1
ASG-1021,Surabaya Branch,Limited Review,Penugasan Audit Lapangan #1021,18,29,83.4,2,-1.1,0,Tidak,4,3
ASG-1022,Operations Dept,Surprise Audit,Penugasan Audit Lapangan #1022,11,28,28.1,2,-1.7,0,Tidak,5,4
ASG-1023,Finance Dept,Full Scope Audit,Penugasan Audit Lapangan #1023,18,34,64.9,1,-1.6,0,Tidak,3,2
ASG-1024,IT Dept,Limited Review,Penugasan Audit Lapangan #1024,21,36,77.0,5,-1.5,0,Tidak,5,3
ASG-1025,Finance Dept,Full Scope Audit,Penugasan Audit Lapangan #1025,25,25,64.6,2,0.0,0,Tidak,4,1
ASG-1026,Surabaya Branch,Limited Review,Penugasan Audit Lapangan #1026,6,41,13.3,1,-3.5,0,Tidak,5,5
ASG-1027,Operations Dept,Compliance Audit,Penugasan Audit Lapangan #1027,35,17,58.7,4,1.8,0,Tidak,5,1
ASG-1028,Surabaya Branch,Full Scope Audit,Penugasan Audit Lapangan #1028,7,31,54.5,0,-2.4,0,Tidak,2,3
ASG-1029,Finance Dept,Surprise Audit,Penugasan Audit Lapangan #1029,54,44,86.0,4,1.0,0,Tidak,5,1
ASG-1030,Operations Dept,Full Scope Audit,Penugasan Audit Lapangan #1030,3,26,41.4,1,-2.3,0,Tidak,4,3
ASG-1031,IT Dept,Compliance Audit,Penugasan Audit Lapangan #1031,14,38,33.9,3,-2.4,0,Tidak,5,3
ASG-1032,IT Dept,Compliance Audit,Penugasan Audit Lapangan #1032,44,42,72.5,2,0.2,0,Tidak,3,1
ASG-1033,Surabaya Branch,Limited Review,Penugasan Audit Lapangan #1033,44,43,42.1,1,0.1,0,Tidak,5,1
ASG-1034,IT Dept,Compliance Audit,Penugasan Audit Lapangan #1034,49,35,63.1,5,1.4,0,Tidak,5,1
ASG-1035,Medan Branch,Limited Review,Penugasan Audit Lapangan #1035,12,29,63.2,3,-1.7,0,Tidak,5,3
ASG-1036,Operations Dept,Compliance Audit,Penugasan Audit Lapangan #1036,52,30,84.9,0,2.2,0,Tidak,2,1
ASG-1037,Operations Dept,Limited Review,Penugasan Audit Lapangan #1037,48,19,58.9,2,2.9,0,Tidak,5,1
ASG-1038,IT Dept,Surprise Audit,Penugasan Audit Lapangan #1038,58,41,50.2,1,1.7,0,Tidak,4,1
ASG-1039,Operations Dept,Limited Review,Penugasan Audit Lapangan #1039,24,34,17.5,2,-1.0,0,Tidak,5,2
ASG-1040,Finance Dept,Limited Review,Penugasan Audit Lapangan #1040,56,20,15.4,2,3.6,0,Tidak,5,1
ASG-1041,Bandung Branch,Surprise Audit,Penugasan Audit Lapangan #1041,17,33,18.9,1,-1.6,0,Tidak,5,2
ASG-1042,Finance Dept,Limited Review,Penugasan Audit Lapangan #1042,32,39,20.5,4,-0.7,0,Tidak,5,1
ASG-1043,Jakarta Branch,Limited Review,Penugasan Audit Lapangan #1043,12,19,62.4,5,-0.7,0,Tidak,5,1
ASG-1044,Medan Branch,Surprise Audit,Penugasan Audit Lapangan #1044,55,17,71.7,5,3.8,0,Tidak,5,1
ASG-1045,Bandung Branch,Compliance Audit,Penugasan Audit Lapangan #1045,17,41,52.7,1,-2.4,0,Tidak,3,3
ASG-1046,Surabaya Branch,Full Scope Audit,Penugasan Audit Lapangan #1046,9,15,79.6,5,-0.6,0,Tidak,5,1
ASG-1047,Operations Dept,Limited Review,Penugasan Audit Lapangan #1047,5,40,94.2,3,-3.5,0,Tidak,4,5
ASG-1048,Jakarta Branch,Compliance Audit,Penugasan Audit Lapangan #1048,41,42,78.8,3,-0.1,0,Tidak,5,1
ASG-1049,Jakarta Branch,Full Scope Audit,Penugasan Audit Lapangan #1049,5,20,67.5,4,-1.5,0,Tidak,5,2
ASG-1050,Medan Branch,Surprise Audit,Penugasan Audit Lapangan #1050,57,29,52.9,3,2.8,0,Tidak,5,1
ASG-1051,Bandung Branch,Limited Review,Penugasan Audit Lapangan #1051,26,16,45.4,5,1.0,0,Tidak,5,1
ASG-1052,Jakarta Branch,Limited Review,Penugasan Audit Lapangan #1052,4,43,12.6,6,-3.9,0,Tidak,5,5
ASG-1053,Bandung Branch,Surprise Audit,Penugasan Audit Lapangan #1053,33,17,40.9,0,1.6,0,Tidak,3,1
ASG-1054,Bandung Branch,Limited Review,Penugasan Audit Lapangan #1054,4,31,86.9,12,-2.7,0,Tidak,5,5
ASG-1055,IT Dept,Full Scope Audit,Penugasan Audit Lapangan #1055,28,39,77.7,4,-1.1,0,Tidak,5,2
ASG-1056,Jakarta Branch,Full Scope Audit,Penugasan Audit Lapangan #1056,30,38,24.4,2,-0.8,0,Tidak,5,1
ASG-1057,Bandung Branch,Surprise Audit,Penugasan Audit Lapangan #1057,33,26,47.0,5,0.7,0,Tidak,5,1
ASG-1058,Medan Branch,Limited Review,Penugasan Audit Lapangan #1058,51,32,78.5,7,1.9,0,Tidak,5,1
ASG-1059,Jakarta Branch,Compliance Audit,Penugasan Audit Lapangan #1059,59,29,11.1,0,3.0,0,Tidak,4,1
ASG-1060,Medan Branch,Limited Review,Penugasan Audit Lapangan #1060,52,26,39.9,2,2.6,0,Tidak,5,1
ASG-1061,Medan Branch,Surprise Audit,Penugasan Audit Lapangan #1061,20,30,81.7,2,-1.0,0,Tidak,3,3
ASG-1062,Bandung Branch,Compliance Audit,Penugasan Audit Lapangan #1062,22,41,41.4,2,-1.9,0,Tidak,4,3
ASG-1063,Bandung Branch,Full Scope Audit,Penugasan Audit Lapangan #1063,6,22,12.0,2,-1.6,0,Tidak,5,2
ASG-1064,IT Dept,Full Scope Audit,Penugasan Audit Lapangan #1064,19,42,53.8,3,-2.3,0,Tidak,5,3
ASG-1065,Operations Dept,Compliance Audit,Penugasan Audit Lapangan #1065,29,28,82.6,5,0.1,0,Tidak,5,1
ASG-1066,IT Dept,Compliance Audit,Penugasan Audit Lapangan #1066,43,39,58.1,5,0.4,0,Tidak,5,1
ASG-1067,Jakarta Branch,Surprise Audit,Penugasan Audit Lapangan #1067,23,31,25.4,5,-0.8,0,Tidak,5,1
ASG-1068,IT Dept,Limited Review,Penugasan Audit Lapangan #1068,22,43,39.6,2,-2.1,0,Tidak,5,4
ASG-1069,Surabaya Branch,Full Scope Audit,Penugasan Audit Lapangan #1069,7,35,45.5,0,-2.8,0,Tidak,4,4
ASG-1070,Jakarta Branch,Limited Review,Penugasan Audit Lapangan #1070,2,22,57.1,4,-2.0,0,Tidak,5,3
ASG-1071,Medan Branch,Full Scope Audit,Penugasan Audit Lapangan #1071,6,29,73.3,3,-2.3,0,Tidak,4,3
ASG-1072,IT Dept,Limited Review,Penugasan Audit Lapangan #1072,42,41,13.9,0,0.1,0,Tidak,5,1
ASG-1073,IT Dept,Full Scope Audit,Penugasan Audit Lapangan #1073,13,28,85.1,2,-1.5,0,Tidak,3,2
ASG-1074,Operations Dept,Limited Review,Penugasan Audit Lapangan #1074,27,32,6.1,3,-0.5,0,Tidak,5,1
ASG-1075,IT Dept,Surprise Audit,Penugasan Audit Lapangan #1075,47,34,38.3,4,1.3,0,Tidak,5,1
ASG-1076,Bandung Branch,Full Scope Audit,Penugasan Audit Lapangan #1076,35,21,7.5,2,1.4,0,Tidak,5,1
ASG-1077,Medan Branch,Surprise Audit,Penugasan Audit Lapangan #1077,50,17,40.4,5,3.3,0,Tidak,5,1
ASG-1078,IT Dept,Full Scope Audit,Penugasan Audit Lapangan #1078,15,43,52.3,3,-2.8,0,Tidak,5,4
ASG-1079,Finance Dept,Full Scope Audit,Penugasan Audit Lapangan #1079,27,26,51.1,2,0.1,0,Tidak,4,1
ASG-1080,Finance Dept,Full Scope Audit,Penugasan Audit Lapangan #1080,46,35,19.9,7,1.1,0,Tidak,5,1
ASG-1081,Medan Branch,Limited Review,Penugasan Audit Lapangan #1081,28,38,63.1,5,-1.0,0,Tidak,5,2
ASG-1082,IT Dept,Full Scope Audit,Penugasan Audit Lapangan #1082,10,42,9.0,1,-3.2,0,Ya (Anomali),5,5
ASG-1083,Operations Dept,Surprise Audit,Penugasan Audit Lapangan #1083,27,40,73.6,3,-1.3,0,Tidak,4,2
ASG-1084,Surabaya Branch,Limited Review,Penugasan Audit Lapangan #1084,58,17,90.2,2,4.1,0,Tidak,2,1
ASG-1085,Operations Dept,Limited Review,Penugasan Audit Lapangan #1085,48,34,35.6,10,1.4,0,Tidak,5,1
ASG-1086,Surabaya Branch,Full Scope Audit,Penugasan Audit Lapangan #1086,58,28,51.6,6,3.0,0,Tidak,5,1
ASG-1087,Jakarta Branch,Compliance Audit,Penugasan Audit Lapangan #1087,23,29,39.1,2,-0.6,0,Tidak,5,1
ASG-1088,Jakarta Branch,Limited Review,Penugasan Audit Lapangan #1088,48,39,5.6,9,0.9,0,Tidak,5,1
ASG-1089,Operations Dept,Full Scope Audit,Penugasan Audit Lapangan #1089,57,44,39.7,5,1.3,0,Tidak,5,1
ASG-1090,IT Dept,Surprise Audit,Penugasan Audit Lapangan #1090,31,28,76.3,0,0.3,0,Tidak,2,1
ASG-1091,Operations Dept,Compliance Audit,Penugasan Audit Lapangan #1091,44,21,58.6,2,2.3,0,Tidak,5,1
ASG-1092,Jakarta Branch,Limited Review,Penugasan Audit Lapangan #1092,49,31,14.1,2,1.8,0,Tidak,5,1
ASG-1093,Bandung Branch,Compliance Audit,Penugasan Audit Lapangan #1093,18,44,81.2,12,-2.6,0,Tidak,5,4
ASG-1094,Surabaya Branch,Limited Review,Penugasan Audit Lapangan #1094,27,26,52.8,1,0.1,0,Tidak,4,1
ASG-1095,Medan Branch,Compliance Audit,Penugasan Audit Lapangan #1095,37,34,80.8,1,0.3,0,Tidak,3,1
ASG-1096,Operations Dept,Compliance Audit,Penugasan Audit Lapangan #1096,2,18,57.2,10,-1.6,0,Tidak,5,2
ASG-1097,IT Dept,Surprise Audit,Penugasan Audit Lapangan #1097,9,23,55.4,5,-1.4,0,Tidak,5,2
ASG-1098,IT Dept,Compliance Audit,Penugasan Audit Lapangan #1098,50,20,14.5,2,3.0,0,Tidak,5,1
ASG-1099,Finance Dept,Surprise Audit,Penugasan Audit Lapangan #1099,36,30,20.1,7,0.6,0,Tidak,5,1
ASG-1100,Surabaya Branch,Full Scope Audit,Penugasan Audit Lapangan #1100,53,39,92.5,2,1.4,0,Tidak,3,1
ASG-1101,Surabaya Branch,Limited Review,Penugasan Audit Lapangan #1101,16,42,25.6,8,-2.6,0,Tidak,5,4
ASG-1102,Surabaya Branch,Surprise Audit,Penugasan Audit Lapangan #1102,48,36,93.0,1,1.2,0,Tidak,2,1
ASG-1103,Operations Dept,Limited Review,Penugasan Audit Lapangan #1103,57,36,52.9,2,2.1,0,Tidak,4,1
ASG-1104,Jakarta Branch,Surprise Audit,Penugasan Audit Lapangan #1104,23,35,17.2,0,-1.2,0,Tidak,4,2
ASG-1105,Bandung Branch,Limited Review,Penugasan Audit Lapangan #1105,15,35,13.9,1,-2.0,0,Tidak,5,3
ASG-1106,Operations Dept,Surprise Audit,Penugasan Audit Lapangan #1106,27,16,23.8,1,1.1,0,Tidak,4,1
ASG-1107,Medan Branch,Limited Review,Penugasan Audit Lapangan #1107,29,38,88.3,0,-0.9,0,Tidak,1,3
ASG-1108,Jakarta Branch,Full Scope Audit,Penugasan Audit Lapangan #1108,24,22,42.3,2,0.2,0,Tidak,4,1
ASG-1109,Operations Dept,Limited Review,Penugasan Audit Lapangan #1109,15,25,40.6,0,-1.0,0,Tidak,4,2
ASG-1110,Bandung Branch,Full Scope Audit,Penugasan Audit Lapangan #1110,25,27,33.2,3,-0.2,0,Tidak,5,1
ASG-1111,Surabaya Branch,Full Scope Audit,Penugasan Audit Lapangan #1111,3,31,18.2,0,-2.8,1,Ya (Anomali),5,5
ASG-1112,Bandung Branch,Full Scope Audit,Penugasan Audit Lapangan #1112,46,22,48.9,5,2.4,0,Tidak,5,1
ASG-1113,Jakarta Branch,Compliance Audit,Penugasan Audit Lapangan #1113,27,35,16.7,3,-0.8,0,Tidak,5,1
ASG-1114,Operations Dept,Limited Review,Penugasan Audit Lapangan #1114,15,32,80.2,6,-1.7,0,Tidak,5,4
ASG-1115,Surabaya Branch,Compliance Audit,Penugasan Audit Lapangan #1115,57,44,38.3,11,1.3,0,Tidak,5,1
ASG-1116,Operations Dept,Compliance Audit,Penugasan Audit Lapangan #1116,52,32,38.7,0,2.0,0,Tidak,3,1
ASG-1117,Jakarta Branch,Limited Review,Penugasan Audit Lapangan #1117,8,28,47.7,4,-2.0,0,Tidak,5,3
ASG-1118,Medan Branch,Full Scope Audit,Penugasan Audit Lapangan #1118,4,29,45.0,1,-2.5,0,Tidak,3,3
ASG-1119,Surabaya Branch,Compliance Audit,Penugasan Audit Lapangan #1119,48,20,94.5,0,2.8,0,Tidak,1,1
ASG-1120,Bandung Branch,Compliance Audit,Penugasan Audit Lapangan #1120,24,25,54.1,2,-0.1,0,Tidak,4,1
ASG-1121,Jakarta Branch,Surprise Audit,Penugasan Audit Lapangan #1121,47,27,12.9,8,2.0,0,Tidak,5,1
ASG-1122,Finance Dept,Limited Review,Penugasan Audit Lapangan #1122,44,39,59.6,4,0.5,0,Tidak,5,1
ASG-1123,Bandung Branch,Compliance Audit,Penugasan Audit Lapangan #1123,48,15,18.6,4,3.3,0,Tidak,5,1
ASG-1124,Bandung Branch,Limited Review,Penugasan Audit Lapangan #1124,46,42,7.8,3,0.4,0,Tidak,5,1
ASG-1125,Surabaya Branch,Limited Review,Penugasan Audit Lapangan #1125,19,20,92.4,4,-0.1,0,Tidak,4,1
ASG-1126,Operations Dept,Compliance Audit,Penugasan Audit Lapangan #1126,59,23,74.6,0,3.6,0,Tidak,3,1
ASG-1127,IT Dept,Limited Review,Penugasan Audit Lapangan #1127,39,22,93.2,3,1.7,0,Tidak,3,1
ASG-1128,Bandung Branch,Full Scope Audit,Penugasan Audit Lapangan #1128,36,25,48.0,2,1.1,0,Tidak,4,1
ASG-1129,Jakarta Branch,Compliance Audit,Penugasan Audit Lapangan #1129,52,36,52.9,0,1.6,0,Tidak,2,1
ASG-1130,Finance Dept,Compliance Audit,Penugasan Audit Lapangan #1130,16,33,20.2,0,-1.7,0,Tidak,4,3
ASG-1131,Medan Branch,Compliance Audit,Penugasan Audit Lapangan #1131,26,38,27.2,6,-1.2,0,Tidak,5,3
ASG-1132,Finance Dept,Surprise Audit,Penugasan Audit Lapangan #1132,56,23,80.5,2,3.3,0,Tidak,3,1
ASG-1133,Jakarta Branch,Surprise Audit,Penugasan Audit Lapangan #1133,38,31,37.1,5,0.7,0,Tidak,5,1
ASG-1134,Surabaya Branch,Surprise Audit,Penugasan Audit Lapangan #1134,29,26,79.4,1,0.3,0,Tidak,3,1
ASG-1135,Jakarta Branch,Surprise Audit,Penugasan Audit Lapangan #1135,11,39,68.8,0,-2.8,0,Tidak,2,4
ASG-1136,IT Dept,Compliance Audit,Penugasan Audit Lapangan #1136,40,28,20.9,0,1.2,0,Tidak,4,1
ASG-1137,IT Dept,Full Scope Audit,Penugasan Audit Lapangan #1137,58,29,50.7,4,2.9,0,Tidak,5,1
ASG-1138,IT Dept,Limited Review,Penugasan Audit Lapangan #1138,18,30,66.0,2,-1.2,0,Tidak,3,2
ASG-1139,Bandung Branch,Limited Review,Penugasan Audit Lapangan #1139,40,36,26.2,1,0.4,0,Tidak,4,1
ASG-1140,Surabaya Branch,Compliance Audit,Penugasan Audit Lapangan #1140,23,36,79.8,5,-1.3,0,Tidak,5,2
ASG-1141,Operations Dept,Full Scope Audit,Penugasan Audit Lapangan #1141,27,42,54.0,3,-1.5,0,Tidak,5,2
ASG-1142,IT Dept,Limited Review,Penugasan Audit Lapangan #1142,45,34,19.9,2,1.1,0,Tidak,5,1
ASG-1143,Operations Dept,Full Scope Audit,Penugasan Audit Lapangan #1143,26,15,57.5,9,1.1,0,Tidak,5,1
ASG-1144,Medan Branch,Compliance Audit,Penugasan Audit Lapangan #1144,18,24,95.0,0,-0.6,0,Tidak,2,1
ASG-1145,Medan Branch,Surprise Audit,Penugasan Audit Lapangan #1145,14,22,18.5,4,-0.8,0,Tidak,5,2
ASG-1146,Operations Dept,Full Scope Audit,Penugasan Audit Lapangan #1146,21,32,78.5,10,-1.1,0,Tidak,5,3
ASG-1147,Jakarta Branch,Limited Review,Penugasan Audit Lapangan #1147,26,42,23.7,9,-1.6,0,Tidak,5,3
ASG-1148,IT Dept,Limited Review,Penugasan Audit Lapangan #1148,5,15,75.4,9,-1.0,0,Tidak,5,3
ASG-1149,Bandung Branch,Limited Review,Penugasan Audit Lapangan #1149,11,16,71.1,1,-0.5,0,Tidak,2,1
ASG-1150,Medan Branch,Surprise Audit,Penugasan Audit Lapangan #1150,4,15,32.0,1,-1.1,0,Tidak,4,3
ASG-1151,Finance Dept,Full Scope Audit,Penugasan Audit Lapangan #1151,42,15,34.3,2,2.7,0,Tidak,5,1
ASG-1152,Surabaya Branch,Full Scope Audit,Penugasan Audit Lapangan #1152,46,23,76.3,1,2.3,0,Tidak,3,1
ASG-1153,Finance Dept,Limited Review,Penugasan Audit Lapangan #1153,19,27,46.5,3,-0.8,0,Tidak,5,2
ASG-1154,Operations Dept,Full Scope Audit,Penugasan Audit Lapangan #1154,48,44,70.8,3,0.4,0,Tidak,4,1
ASG-1155,Medan Branch,Limited Review,Penugasan Audit Lapangan #1155,37,15,18.3,4,2.2,0,Tidak,5,1
ASG-1156,Medan Branch,Full Scope Audit,Penugasan Audit Lapangan #1156,48,27,81.7,1,2.1,0,Tidak,2,1
ASG-1157,Jakarta Branch,Surprise Audit,Penugasan Audit Lapangan #1157,23,34,69.0,2,-1.1,0,Tidak,3,2
ASG-1158,Jakarta Branch,Surprise Audit,Penugasan Audit Lapangan #1158,35,40,86.6,2,-0.5,0,Tidak,3,1
ASG-1159,IT Dept,Compliance Audit,Penugasan Audit Lapangan #1159,48,36,16.9,0,1.2,0,Tidak,5,1
ASG-1160,Operations Dept,Compliance Audit,Penugasan Audit Lapangan #1160,9,21,58.4,2,-1.2,0,Tidak,4,2
ASG-1161,Surabaya Branch,Compliance Audit,Penugasan Audit Lapangan #1161,41,16,58.9,11,2.5,0,Tidak,5,1
ASG-1162,IT Dept,Full Scope Audit,Penugasan Audit Lapangan #1162,50,20,36.8,1,3.0,0,Tidak,4,1
ASG-1163,Jakarta Branch,Surprise Audit,Penugasan Audit Lapangan #1163,45,21,46.3,2,2.4,0,Tidak,4,1
ASG-1164,Bandung Branch,Surprise Audit,Penugasan Audit Lapangan #1164,20,40,8.4,4,-2.0,0,Tidak,5,4
ASG-1165,Surabaya Branch,Surprise Audit,Penugasan Audit Lapangan #1165,43,28,72.1,6,1.5,0,Tidak,5,1
ASG-1166,Bandung Branch,Limited Review,Penugasan Audit Lapangan #1166,42,40,54.4,1,0.2,0,Tidak,3,1
ASG-1167,IT Dept,Full Scope Audit,Penugasan Audit Lapangan #1167,38,32,10.2,0,0.6,0,Tidak,4,1
ASG-1168,Jakarta Branch,Full Scope Audit,Penugasan Audit Lapangan #1168,7,29,66.3,0,-2.2,0,Tidak,3,3
ASG-1169,Surabaya Branch,Compliance Audit,Penugasan Audit Lapangan #1169,53,16,47.0,0,3.7,0,Tidak,3,1
ASG-1170,IT Dept,Limited Review,Penugasan Audit Lapangan #1170,27,24,8.1,5,0.3,0,Tidak,5,1
ASG-1171,Medan Branch,Limited Review,Penugasan Audit Lapangan #1171,35,37,92.3,8,-0.2,0,Tidak,5,1
ASG-1172,IT Dept,Surprise Audit,Penugasan Audit Lapangan #1172,57,26,90.4,4,3.1,0,Tidak,5,1
ASG-1173,Operations Dept,Compliance Audit,Penugasan Audit Lapangan #1173,46,31,51.2,0,1.5,0,Tidak,2,1
ASG-1174,Finance Dept,Full Scope Audit,Penugasan Audit Lapangan #1174,7,22,13.4,7,-1.5,0,Tidak,5,2
ASG-1175,Medan Branch,Limited Review,Penugasan Audit Lapangan #1175,38,25,72.9,4,1.3,0,Tidak,5,1
ASG-1176,Bandung Branch,Surprise Audit,Penugasan Audit Lapangan #1176,58,43,49.3,4,1.5,0,Tidak,5,1
ASG-1177,Medan Branch,Full Scope Audit,Penugasan Audit Lapangan #1177,34,17,32.2,3,1.7,0,Tidak,5,1
ASG-1178,IT Dept,Surprise Audit,Penugasan Audit Lapangan #1178,54,41,49.2,11,1.3,0,Tidak,5,1
ASG-1179,Medan Branch,Full Scope Audit,Penugasan Audit Lapangan #1179,23,20,52.0,0,0.3,0,Tidak,2,1
ASG-1180,Finance Dept,Surprise Audit,Penugasan Audit Lapangan #1180,22,23,55.6,5,-0.1,0,Tidak,5,1
ASG-1181,Operations Dept,Full Scope Audit,Penugasan Audit Lapangan #1181,7,20,44.7,3,-1.3,0,Tidak,5,3
ASG-1182,IT Dept,Compliance Audit,Penugasan Audit Lapangan #1182,7,23,59.5,0,-1.6,0,Tidak,2,3
ASG-1183,Finance Dept,Full Scope Audit,Penugasan Audit Lapangan #1183,56,21,87.7,10,3.5,0,Tidak,5,1
ASG-1184,Medan Branch,Full Scope Audit,Penugasan Audit Lapangan #1184,49,23,37.6,4,2.6,0,Tidak,5,1
ASG-1185,Finance Dept,Full Scope Audit,Penugasan Audit Lapangan #1185,5,32,70.3,0,-2.7,0,Tidak,2,4
ASG-1186,Medan Branch,Surprise Audit,Penugasan Audit Lapangan #1186,31,26,85.5,2,0.5,0,Tidak,3,1
ASG-1187,Surabaya Branch,Limited Review,Penugasan Audit Lapangan #1187,12,22,46.0,5,-1.0,0,Tidak,5,2
ASG-1188,Medan Branch,Full Scope Audit,Penugasan Audit Lapangan #1188,31,22,44.9,12,0.9,0,Tidak,5,1
ASG-1189,Jakarta Branch,Full Scope Audit,Penugasan Audit Lapangan #1189,32,32,59.2,2,0.0,0,Tidak,5,1
ASG-1190,Finance Dept,Compliance Audit,Penugasan Audit Lapangan #1190,25,42,58.2,1,-1.7,0,Tidak,3,3
ASG-1191,Operations Dept,Full Scope Audit,Penugasan Audit Lapangan #1191,56,44,77.6,3,1.2,0,Tidak,5,1
ASG-1192,Finance Dept,Compliance Audit,Penugasan Audit Lapangan #1192,10,34,47.9,5,-2.4,0,Tidak,5,4
ASG-1193,Bandung Branch,Full Scope Audit,Penugasan Audit Lapangan #1193,56,44,94.7,2,1.2,0,Tidak,2,1
ASG-1194,Operations Dept,Surprise Audit,Penugasan Audit Lapangan #1194,4,29,10.4,4,-2.5,0,Tidak,5,3
ASG-1195,Operations Dept,Limited Review,Penugasan Audit Lapangan #1195,52,41,5.3,0,1.1,0,Ya (Anomali),4,1
ASG-1196,Bandung Branch,Limited Review,Penugasan Audit Lapangan #1196,32,21,62.6,1,1.1,0,Tidak,4,1
ASG-1197,Jakarta Branch,Limited Review,Penugasan Audit Lapangan #1197,41,25,31.9,3,1.6,0,Tidak,5,1
ASG-1198,Finance Dept,Surprise Audit,Penugasan Audit Lapangan #1198,38,34,26.6,4,0.4,0,Tidak,5,1
ASG-1199,Operations Dept,Compliance Audit,Penugasan Audit Lapangan #1199,37,30,33.1,1,0.7,0,Tidak,5,1
ASG-1200,Finance Dept,Limited Review,Penugasan Audit Lapangan #1200,25,18,28.0,6,0.7,0,Tidak,5,1
