ID Transaksi,Entitas,Produk,Jenis Transaksi,Nilai Transaksi (Juta Rp),Bunga (%),Batas Bunga Penjaminan LPS (%),Persetujuan Special Rate ALCO,Surat Pelepasan Hak Penjaminan LPS,Status Penalti Early Break,Indikasi Structuring Bilyet Simpanan,Status Rekening Asal,Verifikasi Otorisasi Pejabat,TARGET: is_anomaly,TARGET: Impact (1-5),TARGET: Likelihood (1-5),Alasan Anomali
FUND-0001,Cabang Bali,Deposito Berjangka,Penempatan Baru,21465.5,8.86,4.25,Tanpa Persetujuan ALCO,LPS Ditandatangani,Bukan Early Break,Tidak Ada Indikasi,Aktif Normal,Override Teller / Tanpa Otorisasi,Ya (Anomali),5,4,Pemberian suku bunga pendanaan ekstrem (8.86%) di luar kewajaran pasar tanpa persetujuan ALCO (potensi conflict of interest)
FUND-0002,Cabang Bandung,Tabungan Reguler,Penarikan / Pencairan,88.88,1.68,4.25,Bukan Special Rate,Tidak Diperlukan (< Batas LPS),Bukan Early Break,Tidak Ada Indikasi,Aktif Normal,Disetujui Branch Manager / Operasional,Tidak,1,1,-
FUND-0003,Cabang Jakarta,Deposito On Call,Pembaruan Otomatis (ARO),7789.45,2.79,4.25,Bukan Special Rate,Tidak Diperlukan (< Batas LPS),Bukan Early Break,Tidak Ada Indikasi,Aktif Normal,Disetujui Branch Manager / Operasional,Tidak,2,1,-
FUND-0004,Cabang Medan,Giro Korporasi,Penarikan / Pencairan,3569.76,1.76,4.25,Bukan Special Rate,Tidak Diperlukan (< Batas LPS),Bukan Early Break,Tidak Ada Indikasi,Aktif Normal,Disetujui Branch Manager / Operasional,Tidak,1,1,-
FUND-0005,Cabang Jakarta,Deposito Berjangka,Pembaruan Otomatis (ARO),7975.47,3.28,4.25,Bukan Special Rate,Tidak Diperlukan (< Batas LPS),Bukan Early Break,Tidak Ada Indikasi,Aktif Normal,Disetujui Branch Manager / Operasional,Tidak,1,1,-
FUND-0006,Cabang Bali,Deposito Berjangka,Pembaruan Otomatis (ARO),8182.23,8.68,4.25,Tanpa Persetujuan ALCO,Tanpa Surat Pelepasan (Pelanggaran),Bukan Early Break,Tidak Ada Indikasi,Aktif Normal,Override Teller / Tanpa Otorisasi,Ya (Anomali),5,5,Bunga Deposito (8.68%) melampaui batas LPS (4.25%) tanpa Surat Pelepasan LPS & tanpa persetujuan ALCO
FUND-0007,Cabang Surabaya,Giro Korporasi,Penarikan / Pencairan,1052.41,2.13,4.25,Bukan Special Rate,Tidak Diperlukan (< Batas LPS),Bukan Early Break,Tidak Ada Indikasi,Aktif Normal,Disetujui Branch Manager / Operasional,Tidak,1,1,-
FUND-0008,Cabang Surabaya,Giro Korporasi,Penarikan / Pencairan,3907.76,1.09,4.25,Bukan Special Rate,Tidak Diperlukan (< Batas LPS),Bukan Early Break,Tidak Ada Indikasi,Aktif Normal,Disetujui Branch Manager / Operasional,Tidak,1,1,-
FUND-0009,Cabang Jakarta,Deposito Berjangka,Penarikan / Pencairan,12125.02,3.13,4.25,Bukan Special Rate,Tidak Diperlukan (< Batas LPS),Bukan Early Break,Tidak Ada Indikasi,Aktif Normal,Disetujui Branch Manager / Operasional,Tidak,1,1,-
FUND-0010,Kantor Pusat,Giro Korporasi,Penempatan Baru,7800.6,2.05,4.25,Bukan Special Rate,Tidak Diperlukan (< Batas LPS),Bukan Early Break,Tidak Ada Indikasi,Aktif Normal,Disetujui Branch Manager / Operasional,Tidak,1,2,-
FUND-0011,Cabang Surabaya,Deposito Berjangka,Pembaruan Otomatis (ARO),4594.92,3.98,4.25,Bukan Special Rate,Tidak Diperlukan (< Batas LPS),Bukan Early Break,Tidak Ada Indikasi,Aktif Normal,Disetujui Branch Manager / Operasional,Tidak,2,1,-
FUND-0012,Cabang Surabaya,Tabungan Bisnis,Penarikan / Pencairan,735.84,2.68,4.25,Bukan Special Rate,Tidak Diperlukan (< Batas LPS),Bukan Early Break,Tidak Ada Indikasi,Aktif Normal,Disetujui Branch Manager / Operasional,Tidak,2,1,-
FUND-0013,Kantor Pusat,Tabungan Reguler,Setoran Tambahan,203.54,1.24,4.25,Bukan Special Rate,Tidak Diperlukan (< Batas LPS),Bukan Early Break,Tidak Ada Indikasi,Aktif Normal,Disetujui Branch Manager / Operasional,Tidak,1,1,-
FUND-0014,Kantor Pusat,Deposito On Call,Penempatan Baru,2695.45,3.5,4.25,Bukan Special Rate,Tidak Diperlukan (< Batas LPS),Bukan Early Break,Tidak Ada Indikasi,Aktif Normal,Disetujui Branch Manager / Operasional,Tidak,2,1,-
FUND-0015,Cabang Bandung,Deposito Berjangka,Pembaruan Otomatis (ARO),3912.87,4.69,4.25,Sesuai Ketentuan ALCO,LPS Ditandatangani,Bukan Early Break,Tidak Ada Indikasi,Aktif Normal,Disetujui Branch Manager / Operasional,Tidak,2,2,-
FUND-0016,Cabang Bandung,Giro Korporasi,Setoran Tambahan,5047.14,1.16,4.25,Bukan Special Rate,Tidak Diperlukan (< Batas LPS),Bukan Early Break,Tidak Ada Indikasi,Aktif Normal,Disetujui Branch Manager / Operasional,Tidak,1,2,-
FUND-0017,Cabang Jakarta,Deposito On Call,Penempatan Baru,12182.86,2.91,4.25,Bukan Special Rate,Tidak Diperlukan (< Batas LPS),Bukan Early Break,Tidak Ada Indikasi,Aktif Normal,Disetujui Branch Manager / Operasional,Tidak,1,1,-
FUND-0018,Cabang Jakarta,Deposito Berjangka,Pembaruan Otomatis (ARO),764.36,4.05,4.25,Bukan Special Rate,Tidak Diperlukan (< Batas LPS),Bukan Early Break,Tidak Ada Indikasi,Aktif Normal,Disetujui Branch Manager / Operasional,Tidak,2,1,-
FUND-0019,Cabang Jakarta,Giro Individu,Penarikan / Pencairan,6434.42,1.58,4.25,Bukan Special Rate,Tidak Diperlukan (< Batas LPS),Bukan Early Break,Tidak Ada Indikasi,Aktif Normal,Disetujui Branch Manager / Operasional,Tidak,1,1,-
FUND-0020,Kantor Pusat,Tabungan Reguler,Penempatan Baru,160.34,1.95,4.25,Bukan Special Rate,Tidak Diperlukan (< Batas LPS),Bukan Early Break,Tidak Ada Indikasi,Aktif Normal,Disetujui Branch Manager / Operasional,Tidak,1,2,-
FUND-0021,Cabang Jakarta,Giro Korporasi,Penarikan / Pencairan,4417.96,1.54,4.25,Bukan Special Rate,Tidak Diperlukan (< Batas LPS),Bukan Early Break,Tidak Ada Indikasi,Aktif Normal,Disetujui Branch Manager / Operasional,Tidak,1,1,-
FUND-0022,Cabang Bandung,Deposito Berjangka,Penempatan Baru,9897.16,3.53,4.25,Bukan Special Rate,Tidak Diperlukan (< Batas LPS),Bukan Early Break,Tidak Ada Indikasi,Aktif Normal,Disetujui Branch Manager / Operasional,Tidak,2,1,-
FUND-0023,Cabang Surabaya,Tabungan Bisnis,Setoran Tambahan,2120.35,1.84,4.25,Bukan Special Rate,Tidak Diperlukan (< Batas LPS),Bukan Early Break,Tidak Ada Indikasi,Aktif Normal,Disetujui Branch Manager / Operasional,Tidak,1,1,-
FUND-0024,Cabang Medan,Tabungan Reguler,Setoran Tambahan,313.12,0.83,4.25,Bukan Special Rate,Tidak Diperlukan (< Batas LPS),Bukan Early Break,Tidak Ada Indikasi,Aktif Normal,Disetujui Branch Manager / Operasional,Tidak,2,1,-
FUND-0025,Cabang Bandung,Giro Individu,Penarikan / Pencairan,1305.06,1.72,4.25,Bukan Special Rate,Tidak Diperlukan (< Batas LPS),Bukan Early Break,Tidak Ada Indikasi,Aktif Normal,Disetujui Branch Manager / Operasional,Tidak,1,1,-
FUND-0026,Kantor Pusat,Tabungan Bisnis,Setoran Tambahan,1422.41,2.66,4.25,Bukan Special Rate,Tidak Diperlukan (< Batas LPS),Bukan Early Break,Tidak Ada Indikasi,Aktif Normal,Disetujui Branch Manager / Operasional,Tidak,1,1,-
FUND-0027,Cabang Bandung,Tabungan Reguler,Penarikan / Pencairan,128.16,1.54,4.25,Bukan Special Rate,Tidak Diperlukan (< Batas LPS),Bukan Early Break,Tidak Ada Indikasi,Aktif Normal,Disetujui Branch Manager / Operasional,Tidak,1,1,-
FUND-0028,Cabang Jakarta,Deposito Berjangka,Penempatan Baru,5702.79,4.6,4.25,Sesuai Ketentuan ALCO,LPS Ditandatangani,Bukan Early Break,Tidak Ada Indikasi,Aktif Normal,Disetujui Branch Manager / Operasional,Tidak,2,1,-
FUND-0029,Kantor Pusat,Deposito Berjangka,Pembaruan Otomatis (ARO),5727.05,4.85,4.25,Sesuai Ketentuan ALCO,LPS Ditandatangani,Bukan Early Break,Tidak Ada Indikasi,Aktif Normal,Disetujui Branch Manager / Operasional,Tidak,1,2,-
FUND-0030,Cabang Jakarta,Deposito Berjangka,Penempatan Baru,9235.15,3.32,4.25,Bukan Special Rate,Tidak Diperlukan (< Batas LPS),Bukan Early Break,Tidak Ada Indikasi,Aktif Normal,Disetujui Branch Manager / Operasional,Tidak,2,1,-
FUND-0031,Cabang Surabaya,Deposito On Call,Pembaruan Otomatis (ARO),4139.52,3.21,4.25,Bukan Special Rate,Tidak Diperlukan (< Batas LPS),Bukan Early Break,Tidak Ada Indikasi,Aktif Normal,Disetujui Branch Manager / Operasional,Tidak,1,1,-
FUND-0032,Kantor Pusat,Deposito Berjangka,Pembaruan Otomatis (ARO),15994.49,3.66,4.25,Bukan Special Rate,Tidak Diperlukan (< Batas LPS),Bukan Early Break,Tidak Ada Indikasi,Aktif Normal,Disetujui Branch Manager / Operasional,Tidak,1,2,-
FUND-0033,Cabang Bandung,Deposito Berjangka,Pembaruan Otomatis (ARO),6087.0,2.77,4.25,Bukan Special Rate,Tidak Diperlukan (< Batas LPS),Bukan Early Break,Tidak Ada Indikasi,Aktif Normal,Disetujui Branch Manager / Operasional,Tidak,1,1,-
FUND-0034,Cabang Surabaya,Deposito Berjangka,Penempatan Baru,7940.15,3.14,4.25,Bukan Special Rate,Tidak Diperlukan (< Batas LPS),Bukan Early Break,Tidak Ada Indikasi,Aktif Normal,Disetujui Branch Manager / Operasional,Tidak,1,1,-
FUND-0035,Cabang Jakarta,Deposito Berjangka,Pembaruan Otomatis (ARO),11612.48,4.85,4.25,Sesuai Ketentuan ALCO,LPS Ditandatangani,Bukan Early Break,Tidak Ada Indikasi,Aktif Normal,Disetujui Branch Manager / Operasional,Tidak,2,1,-
FUND-0036,Cabang Surabaya,Deposito Berjangka,Pembaruan Otomatis (ARO),10310.36,2.84,4.25,Bukan Special Rate,Tidak Diperlukan (< Batas LPS),Bukan Early Break,Tidak Ada Indikasi,Aktif Normal,Disetujui Branch Manager / Operasional,Tidak,1,2,-
FUND-0037,Cabang Medan,Tabungan Bisnis,Penempatan Baru,658.52,1.57,4.25,Bukan Special Rate,Tidak Diperlukan (< Batas LPS),Bukan Early Break,Tidak Ada Indikasi,Aktif Normal,Disetujui Branch Manager / Operasional,Tidak,1,1,-
FUND-0038,Cabang Bali,Giro Korporasi,Penempatan Baru,308.3,1.47,4.25,Bukan Special Rate,Tidak Diperlukan (< Batas LPS),Bukan Early Break,Tidak Ada Indikasi,Aktif Normal,Disetujui Branch Manager / Operasional,Tidak,2,2,-
FUND-0039,Kantor Pusat,Tabungan Reguler,Setoran Tambahan,29.5,0.85,4.25,Bukan Special Rate,Tidak Diperlukan (< Batas LPS),Bukan Early Break,Tidak Ada Indikasi,Aktif Normal,Disetujui Branch Manager / Operasional,Tidak,1,2,-
FUND-0040,Kantor Pusat,Tabungan Reguler,Penempatan Baru,287.51,1.17,4.25,Bukan Special Rate,Tidak Diperlukan (< Batas LPS),Bukan Early Break,Tidak Ada Indikasi,Aktif Normal,Disetujui Branch Manager / Operasional,Tidak,2,1,-
FUND-0041,Cabang Surabaya,Giro Korporasi,Penarikan / Pencairan,42194.88,1.18,4.25,Bukan Special Rate,Tidak Diperlukan (< Batas LPS),Bukan Early Break,Tidak Ada Indikasi,Aktif Normal,Override Teller / Tanpa Otorisasi,Ya (Anomali),5,4,Penarikan dana masif sebesar Rp 42194.88 Juta tanpa verifikasi Cash Transaction Report (CTR) dan otorisasi Pejabat
FUND-0042,Kantor Pusat,Giro Korporasi,Penarikan / Pencairan,3266.73,1.58,4.25,Bukan Special Rate,Tidak Diperlukan (< Batas LPS),Bukan Early Break,Tidak Ada Indikasi,Aktif Normal,Disetujui Branch Manager / Operasional,Tidak,2,1,-
FUND-0043,Cabang Medan,Deposito Berjangka,Pembaruan Otomatis (ARO),1147.59,7.51,4.25,Tanpa Persetujuan ALCO,Tanpa Surat Pelepasan (Pelanggaran),Bukan Early Break,Tidak Ada Indikasi,Aktif Normal,Override Teller / Tanpa Otorisasi,Ya (Anomali),5,4,Bunga Deposito (7.51%) melampaui batas LPS (4.25%) tanpa Surat Pelepasan LPS & tanpa persetujuan ALCO
FUND-0044,Cabang Bandung,Deposito Berjangka,Pembaruan Otomatis (ARO),14814.5,3.58,4.25,Bukan Special Rate,Tidak Diperlukan (< Batas LPS),Bukan Early Break,Tidak Ada Indikasi,Aktif Normal,Disetujui Branch Manager / Operasional,Tidak,1,1,-
FUND-0045,Cabang Bandung,Tabungan Reguler,Penarikan / Pencairan,7.45,1.77,4.25,Bukan Special Rate,Tidak Diperlukan (< Batas LPS),Bukan Early Break,Tidak Ada Indikasi,Aktif Normal,Disetujui Branch Manager / Operasional,Tidak,1,1,-
FUND-0046,Cabang Bandung,Deposito On Call,Pembaruan Otomatis (ARO),7638.72,3.22,4.25,Bukan Special Rate,Tidak Diperlukan (< Batas LPS),Bukan Early Break,Tidak Ada Indikasi,Aktif Normal,Disetujui Branch Manager / Operasional,Tidak,2,2,-
FUND-0047,Cabang Surabaya,Deposito Berjangka,Penarikan / Pencairan,9080.36,3.63,4.25,Bukan Special Rate,Tidak Diperlukan (< Batas LPS),Bukan Early Break,Tidak Ada Indikasi,Aktif Normal,Disetujui Branch Manager / Operasional,Tidak,1,1,-
FUND-0048,Kantor Pusat,Deposito Berjangka,Pembaruan Otomatis (ARO),12212.28,5.07,4.25,Sesuai Ketentuan ALCO,LPS Ditandatangani,Bukan Early Break,Tidak Ada Indikasi,Aktif Normal,Disetujui Branch Manager / Operasional,Tidak,1,1,-
FUND-0049,Cabang Bali,Giro Korporasi,Penarikan / Pencairan,3330.73,1.22,4.25,Bukan Special Rate,Tidak Diperlukan (< Batas LPS),Bukan Early Break,Tidak Ada Indikasi,Aktif Normal,Disetujui Branch Manager / Operasional,Tidak,1,1,-
FUND-0050,Cabang Bandung,Giro Korporasi,Setoran Tambahan,6316.54,1.39,4.25,Bukan Special Rate,Tidak Diperlukan (< Batas LPS),Bukan Early Break,Tidak Ada Indikasi,Aktif Normal,Disetujui Branch Manager / Operasional,Tidak,1,1,-
FUND-0051,Cabang Jakarta,Deposito On Call,Penarikan / Pencairan,4037.93,3.71,4.25,Bukan Special Rate,Tidak Diperlukan (< Batas LPS),Bukan Early Break,Tidak Ada Indikasi,Aktif Normal,Disetujui Branch Manager / Operasional,Tidak,2,1,-
FUND-0052,Cabang Bandung,Tabungan Bisnis,Penarikan / Pencairan,3088.79,1.3,4.25,Bukan Special Rate,Tidak Diperlukan (< Batas LPS),Bukan Early Break,Tidak Ada Indikasi,Dormant Diaktifkan Tiba-tiba,Override Teller / Tanpa Otorisasi,Ya (Anomali),5,5,Rekening pasif (Dormant) diaktifkan tiba-tiba diikuti penarikan dana masif tanpa otorisasi Pejabat Cabang
FUND-0053,Cabang Jakarta,Deposito Berjangka,Penempatan Baru,9309.72,4.0,4.25,Bukan Special Rate,Tidak Diperlukan (< Batas LPS),Bukan Early Break,Tidak Ada Indikasi,Aktif Normal,Disetujui Branch Manager / Operasional,Tidak,1,1,-
FUND-0054,Cabang Surabaya,Deposito On Call,Pembaruan Otomatis (ARO),1163.26,3.59,4.25,Bukan Special Rate,Tidak Diperlukan (< Batas LPS),Bukan Early Break,Tidak Ada Indikasi,Aktif Normal,Disetujui Branch Manager / Operasional,Tidak,2,2,-
FUND-0055,Cabang Bali,Deposito Berjangka,Pencairan Sebelum Jatuh Tempo (Early Break),9457.03,3.58,4.25,Bukan Special Rate,Tidak Diperlukan (< Batas LPS),Bebas Penalti Tanpa Otorisasi,Tidak Ada Indikasi,Aktif Normal,Override Teller / Tanpa Otorisasi,Ya (Anomali),4,4,Pencairan Deposito sebelum jatuh tempo (Early Break) tanpa pengenaan penalti dan tanpa otorisasi Branch Manager
FUND-0056,Kantor Pusat,Deposito On Call,Penempatan Baru,838.61,3.45,4.25,Bukan Special Rate,Tidak Diperlukan (< Batas LPS),Bukan Early Break,Tidak Ada Indikasi,Aktif Normal,Disetujui Branch Manager / Operasional,Tidak,1,1,-
FUND-0057,Kantor Pusat,Deposito On Call,Penarikan / Pencairan,14594.78,3.57,4.25,Bukan Special Rate,Tidak Diperlukan (< Batas LPS),Bukan Early Break,Tidak Ada Indikasi,Aktif Normal,Disetujui Branch Manager / Operasional,Tidak,1,2,-
FUND-0058,Cabang Bali,Deposito Berjangka,Penempatan Baru,24559.73,8.82,4.25,Tanpa Persetujuan ALCO,LPS Ditandatangani,Bukan Early Break,Tidak Ada Indikasi,Aktif Normal,Override Teller / Tanpa Otorisasi,Ya (Anomali),5,5,Pemberian suku bunga pendanaan ekstrem (8.82%) di luar kewajaran pasar tanpa persetujuan ALCO (potensi conflict of interest)
FUND-0059,Cabang Jakarta,Giro Individu,Penempatan Baru,4303.49,1.6,4.25,Bukan Special Rate,Tidak Diperlukan (< Batas LPS),Bukan Early Break,Tidak Ada Indikasi,Aktif Normal,Disetujui Branch Manager / Operasional,Tidak,2,1,-
FUND-0060,Cabang Jakarta,Tabungan Bisnis,Penempatan Baru,895.72,2.63,4.25,Bukan Special Rate,Tidak Diperlukan (< Batas LPS),Bukan Early Break,Tidak Ada Indikasi,Aktif Normal,Disetujui Branch Manager / Operasional,Tidak,1,1,-
FUND-0061,Kantor Pusat,Deposito Berjangka,Penarikan / Pencairan,12062.14,4.07,4.25,Bukan Special Rate,Tidak Diperlukan (< Batas LPS),Bukan Early Break,Tidak Ada Indikasi,Aktif Normal,Disetujui Branch Manager / Operasional,Tidak,1,1,-
FUND-0062,Kantor Pusat,Tabungan Bisnis,Penempatan Baru,2135.46,1.99,4.25,Bukan Special Rate,Tidak Diperlukan (< Batas LPS),Bukan Early Break,Tidak Ada Indikasi,Aktif Normal,Disetujui Branch Manager / Operasional,Tidak,1,1,-
FUND-0063,Cabang Jakarta,Tabungan Reguler,Penarikan / Pencairan,99.06,1.27,4.25,Bukan Special Rate,Tidak Diperlukan (< Batas LPS),Bukan Early Break,Tidak Ada Indikasi,Aktif Normal,Disetujui Branch Manager / Operasional,Tidak,1,1,-
FUND-0064,Cabang Medan,Tabungan Reguler,Penarikan / Pencairan,41.97,1.31,4.25,Bukan Special Rate,Tidak Diperlukan (< Batas LPS),Bukan Early Break,Tidak Ada Indikasi,Aktif Normal,Disetujui Branch Manager / Operasional,Tidak,1,1,-
FUND-0065,Cabang Bali,Tabungan Reguler,Setoran Tambahan,84.33,1.02,4.25,Bukan Special Rate,Tidak Diperlukan (< Batas LPS),Bukan Early Break,Tidak Ada Indikasi,Aktif Normal,Disetujui Branch Manager / Operasional,Tidak,1,1,-
FUND-0066,Cabang Jakarta,Tabungan Reguler,Penarikan / Pencairan,115.65,1.95,4.25,Bukan Special Rate,Tidak Diperlukan (< Batas LPS),Bukan Early Break,Tidak Ada Indikasi,Aktif Normal,Disetujui Branch Manager / Operasional,Tidak,1,1,-
FUND-0067,Kantor Pusat,Deposito Berjangka,Penempatan Baru,12309.97,4.8,4.25,Sesuai Ketentuan ALCO,LPS Ditandatangani,Bukan Early Break,Tidak Ada Indikasi,Aktif Normal,Disetujui Branch Manager / Operasional,Tidak,2,1,-
FUND-0068,Cabang Medan,Deposito Berjangka,Penempatan Baru,9983.01,3.04,4.25,Bukan Special Rate,Tidak Diperlukan (< Batas LPS),Bukan Early Break,Tidak Ada Indikasi,Aktif Normal,Disetujui Branch Manager / Operasional,Tidak,2,1,-
FUND-0069,Cabang Bandung,Deposito Berjangka,Pembaruan Otomatis (ARO),4713.92,4.09,4.25,Bukan Special Rate,Tidak Diperlukan (< Batas LPS),Bukan Early Break,Tidak Ada Indikasi,Aktif Normal,Disetujui Branch Manager / Operasional,Tidak,1,1,-
FUND-0070,Cabang Jakarta,Tabungan Bisnis,Penarikan / Pencairan,1233.79,2.51,4.25,Bukan Special Rate,Tidak Diperlukan (< Batas LPS),Bukan Early Break,Tidak Ada Indikasi,Aktif Normal,Disetujui Branch Manager / Operasional,Tidak,1,2,-
FUND-0071,Cabang Bandung,Giro Korporasi,Penarikan / Pencairan,2143.82,1.54,4.25,Bukan Special Rate,Tidak Diperlukan (< Batas LPS),Bukan Early Break,Tidak Ada Indikasi,Aktif Normal,Disetujui Branch Manager / Operasional,Tidak,2,1,-
FUND-0072,Cabang Bandung,Tabungan Reguler,Penarikan / Pencairan,155.02,1.06,4.25,Bukan Special Rate,Tidak Diperlukan (< Batas LPS),Bukan Early Break,Tidak Ada Indikasi,Aktif Normal,Disetujui Branch Manager / Operasional,Tidak,2,2,-
FUND-0073,Cabang Bali,Giro Korporasi,Penarikan / Pencairan,38082.36,1.22,4.25,Bukan Special Rate,Tidak Diperlukan (< Batas LPS),Bukan Early Break,Tidak Ada Indikasi,Aktif Normal,Override Teller / Tanpa Otorisasi,Ya (Anomali),5,4,Penarikan dana masif sebesar Rp 38082.36 Juta tanpa verifikasi Cash Transaction Report (CTR) dan otorisasi Pejabat
FUND-0074,Cabang Jakarta,Giro Individu,Setoran Tambahan,3489.05,1.94,4.25,Bukan Special Rate,Tidak Diperlukan (< Batas LPS),Bukan Early Break,Tidak Ada Indikasi,Aktif Normal,Disetujui Branch Manager / Operasional,Tidak,2,1,-
FUND-0075,Cabang Bandung,Deposito On Call,Pembaruan Otomatis (ARO),13004.27,3.69,4.25,Bukan Special Rate,Tidak Diperlukan (< Batas LPS),Bukan Early Break,Tidak Ada Indikasi,Aktif Normal,Disetujui Branch Manager / Operasional,Tidak,1,2,-
FUND-0076,Cabang Bandung,Tabungan Bisnis,Penarikan / Pencairan,217.72,1.81,4.25,Bukan Special Rate,Tidak Diperlukan (< Batas LPS),Bukan Early Break,Tidak Ada Indikasi,Aktif Normal,Disetujui Branch Manager / Operasional,Tidak,2,1,-
FUND-0077,Cabang Bandung,Tabungan Bisnis,Penarikan / Pencairan,897.54,1.81,4.25,Bukan Special Rate,Tidak Diperlukan (< Batas LPS),Bukan Early Break,Tidak Ada Indikasi,Aktif Normal,Disetujui Branch Manager / Operasional,Tidak,2,1,-
FUND-0078,Cabang Bali,Deposito Berjangka,Penempatan Baru,17103.61,3.61,4.25,Bukan Special Rate,Tidak Diperlukan (< Batas LPS),Bukan Early Break,Tidak Ada Indikasi,Aktif Normal,Disetujui Branch Manager / Operasional,Tidak,1,1,-
FUND-0079,Cabang Jakarta,Tabungan Reguler,Setoran Tambahan,283.31,0.75,4.25,Bukan Special Rate,Tidak Diperlukan (< Batas LPS),Bukan Early Break,Tidak Ada Indikasi,Aktif Normal,Disetujui Branch Manager / Operasional,Tidak,1,1,-
FUND-0080,Cabang Jakarta,Deposito Berjangka,Pembaruan Otomatis (ARO),2228.63,3.92,4.25,Bukan Special Rate,Tidak Diperlukan (< Batas LPS),Bukan Early Break,Tidak Ada Indikasi,Aktif Normal,Disetujui Branch Manager / Operasional,Tidak,1,1,-
FUND-0081,Cabang Bandung,Deposito Berjangka,Pencairan Sebelum Jatuh Tempo (Early Break),5438.57,4.08,4.25,Bukan Special Rate,Tidak Diperlukan (< Batas LPS),Bebas Penalti Tanpa Otorisasi,Tidak Ada Indikasi,Aktif Normal,Override Teller / Tanpa Otorisasi,Ya (Anomali),4,5,Pencairan Deposito sebelum jatuh tempo (Early Break) tanpa pengenaan penalti dan tanpa otorisasi Branch Manager
FUND-0082,Cabang Bandung,Tabungan Bisnis,Setoran Tambahan,364.57,1.41,4.25,Bukan Special Rate,Tidak Diperlukan (< Batas LPS),Bukan Early Break,Tidak Ada Indikasi,Aktif Normal,Disetujui Branch Manager / Operasional,Tidak,2,1,-
FUND-0083,Cabang Jakarta,Tabungan Reguler,Penempatan Baru,45.13,1.96,4.25,Bukan Special Rate,Tidak Diperlukan (< Batas LPS),Bukan Early Break,Tidak Ada Indikasi,Aktif Normal,Disetujui Branch Manager / Operasional,Tidak,1,2,-
FUND-0084,Cabang Jakarta,Deposito On Call,Pembaruan Otomatis (ARO),7057.16,2.78,4.25,Bukan Special Rate,Tidak Diperlukan (< Batas LPS),Bukan Early Break,Tidak Ada Indikasi,Aktif Normal,Disetujui Branch Manager / Operasional,Tidak,1,1,-
FUND-0085,Kantor Pusat,Deposito Berjangka,Penempatan Baru,7381.78,2.84,4.25,Bukan Special Rate,Tidak Diperlukan (< Batas LPS),Bukan Early Break,Tidak Ada Indikasi,Aktif Normal,Disetujui Branch Manager / Operasional,Tidak,1,1,-
FUND-0086,Kantor Pusat,Deposito Berjangka,Pembaruan Otomatis (ARO),6146.91,3.59,4.25,Bukan Special Rate,Tidak Diperlukan (< Batas LPS),Bukan Early Break,Tidak Ada Indikasi,Aktif Normal,Disetujui Branch Manager / Operasional,Tidak,1,1,-
FUND-0087,Cabang Medan,Deposito On Call,Pembaruan Otomatis (ARO),8612.39,6.55,4.25,Tanpa Persetujuan ALCO,Tanpa Surat Pelepasan (Pelanggaran),Bukan Early Break,Tidak Ada Indikasi,Aktif Normal,Override Teller / Tanpa Otorisasi,Ya (Anomali),5,4,Bunga Deposito (6.55%) melampaui batas LPS (4.25%) tanpa Surat Pelepasan LPS & tanpa persetujuan ALCO
FUND-0088,Cabang Medan,Tabungan Bisnis,Penempatan Baru,1227.24,1.41,4.25,Bukan Special Rate,Tidak Diperlukan (< Batas LPS),Bukan Early Break,Tidak Ada Indikasi,Aktif Normal,Disetujui Branch Manager / Operasional,Tidak,1,2,-
FUND-0089,Cabang Medan,Deposito Berjangka,Penarikan / Pencairan,9253.86,3.5,4.25,Bukan Special Rate,Tidak Diperlukan (< Batas LPS),Bukan Early Break,Tidak Ada Indikasi,Aktif Normal,Disetujui Branch Manager / Operasional,Tidak,1,1,-
FUND-0090,Cabang Surabaya,Deposito Berjangka,Penempatan Baru,8957.49,3.85,4.25,Bukan Special Rate,Tidak Diperlukan (< Batas LPS),Bukan Early Break,Tidak Ada Indikasi,Aktif Normal,Disetujui Branch Manager / Operasional,Tidak,1,1,-
FUND-0091,Kantor Pusat,Deposito Berjangka,Pembaruan Otomatis (ARO),7430.99,4.08,4.25,Bukan Special Rate,Tidak Diperlukan (< Batas LPS),Bukan Early Break,Tidak Ada Indikasi,Aktif Normal,Disetujui Branch Manager / Operasional,Tidak,2,2,-
FUND-0092,Cabang Bali,Tabungan Reguler,Penempatan Baru,97.98,0.99,4.25,Bukan Special Rate,Tidak Diperlukan (< Batas LPS),Bukan Early Break,Tidak Ada Indikasi,Aktif Normal,Disetujui Branch Manager / Operasional,Tidak,1,1,-
FUND-0093,Cabang Bali,Tabungan Reguler,Penarikan / Pencairan,41.39,1.57,4.25,Bukan Special Rate,Tidak Diperlukan (< Batas LPS),Bukan Early Break,Tidak Ada Indikasi,Aktif Normal,Disetujui Branch Manager / Operasional,Tidak,2,1,-
FUND-0094,Cabang Jakarta,Deposito Berjangka,Penempatan Baru,15193.51,3.94,4.25,Bukan Special Rate,Tidak Diperlukan (< Batas LPS),Bukan Early Break,Tidak Ada Indikasi,Aktif Normal,Disetujui Branch Manager / Operasional,Tidak,2,1,-
FUND-0095,Cabang Jakarta,Tabungan Reguler,Setoran Tambahan,170.65,1.22,4.25,Bukan Special Rate,Tidak Diperlukan (< Batas LPS),Bukan Early Break,Tidak Ada Indikasi,Aktif Normal,Disetujui Branch Manager / Operasional,Tidak,1,1,-
FUND-0096,Cabang Jakarta,Giro Individu,Penempatan Baru,7730.08,1.26,4.25,Bukan Special Rate,Tidak Diperlukan (< Batas LPS),Bukan Early Break,Tidak Ada Indikasi,Aktif Normal,Disetujui Branch Manager / Operasional,Tidak,2,1,-
FUND-0097,Cabang Jakarta,Deposito On Call,Penarikan / Pencairan,4141.95,3.56,4.25,Bukan Special Rate,Tidak Diperlukan (< Batas LPS),Bukan Early Break,Tidak Ada Indikasi,Aktif Normal,Disetujui Branch Manager / Operasional,Tidak,1,1,-
FUND-0098,Cabang Jakarta,Deposito Berjangka,Penempatan Baru,7552.53,3.23,4.25,Bukan Special Rate,Tidak Diperlukan (< Batas LPS),Bukan Early Break,Tidak Ada Indikasi,Aktif Normal,Disetujui Branch Manager / Operasional,Tidak,1,1,-
FUND-0099,Cabang Surabaya,Deposito Berjangka,Penarikan / Pencairan,7723.44,2.77,4.25,Bukan Special Rate,Tidak Diperlukan (< Batas LPS),Bukan Early Break,Tidak Ada Indikasi,Aktif Normal,Disetujui Branch Manager / Operasional,Tidak,1,1,-
FUND-0100,Cabang Medan,Deposito Berjangka,Penempatan Baru,3781.56,4.6,4.25,Sesuai Ketentuan ALCO,LPS Ditandatangani,Bukan Early Break,Tidak Ada Indikasi,Aktif Normal,Disetujui Branch Manager / Operasional,Tidak,1,1,-
FUND-0101,Cabang Surabaya,Deposito Berjangka,Pembaruan Otomatis (ARO),17959.6,3.28,4.25,Bukan Special Rate,Tidak Diperlukan (< Batas LPS),Bukan Early Break,Tidak Ada Indikasi,Aktif Normal,Disetujui Branch Manager / Operasional,Tidak,1,1,-
FUND-0102,Cabang Bali,Giro Individu,Penarikan / Pencairan,6910.14,2.06,4.25,Bukan Special Rate,Tidak Diperlukan (< Batas LPS),Bukan Early Break,Tidak Ada Indikasi,Aktif Normal,Disetujui Branch Manager / Operasional,Tidak,1,2,-
FUND-0103,Kantor Pusat,Tabungan Reguler,Penarikan / Pencairan,158.7,1.96,4.25,Bukan Special Rate,Tidak Diperlukan (< Batas LPS),Bukan Early Break,Tidak Ada Indikasi,Aktif Normal,Disetujui Branch Manager / Operasional,Tidak,1,2,-
FUND-0104,Cabang Medan,Tabungan Reguler,Penarikan / Pencairan,64.45,0.99,4.25,Bukan Special Rate,Tidak Diperlukan (< Batas LPS),Bukan Early Break,Tidak Ada Indikasi,Aktif Normal,Disetujui Branch Manager / Operasional,Tidak,1,1,-
FUND-0105,Cabang Jakarta,Deposito Berjangka,Pembaruan Otomatis (ARO),15147.68,3.4,4.25,Bukan Special Rate,Tidak Diperlukan (< Batas LPS),Bukan Early Break,Tidak Ada Indikasi,Aktif Normal,Disetujui Branch Manager / Operasional,Tidak,1,2,-
FUND-0106,Cabang Jakarta,Tabungan Bisnis,Penempatan Baru,170.77,1.83,4.25,Bukan Special Rate,Tidak Diperlukan (< Batas LPS),Bukan Early Break,Tidak Ada Indikasi,Aktif Normal,Disetujui Branch Manager / Operasional,Tidak,1,1,-
FUND-0107,Cabang Bali,Giro Korporasi,Penarikan / Pencairan,37613.34,1.39,4.25,Bukan Special Rate,Tidak Diperlukan (< Batas LPS),Bukan Early Break,Tidak Ada Indikasi,Aktif Normal,Override Teller / Tanpa Otorisasi,Ya (Anomali),5,4,Penarikan dana masif sebesar Rp 37613.34 Juta tanpa verifikasi Cash Transaction Report (CTR) dan otorisasi Pejabat
FUND-0108,Cabang Jakarta,Giro Korporasi,Setoran Tambahan,5517.13,2.07,4.25,Bukan Special Rate,Tidak Diperlukan (< Batas LPS),Bukan Early Break,Tidak Ada Indikasi,Aktif Normal,Disetujui Branch Manager / Operasional,Tidak,1,2,-
FUND-0109,Cabang Jakarta,Deposito Berjangka,Penempatan Baru,21698.79,10.43,4.25,Tanpa Persetujuan ALCO,LPS Ditandatangani,Bukan Early Break,Tidak Ada Indikasi,Aktif Normal,Override Teller / Tanpa Otorisasi,Ya (Anomali),5,4,Pemberian suku bunga pendanaan ekstrem (10.43%) di luar kewajaran pasar tanpa persetujuan ALCO (potensi conflict of interest)
FUND-0110,Kantor Pusat,Giro Individu,Setoran Tambahan,6272.2,1.02,4.25,Bukan Special Rate,Tidak Diperlukan (< Batas LPS),Bukan Early Break,Tidak Ada Indikasi,Aktif Normal,Disetujui Branch Manager / Operasional,Tidak,1,1,-
FUND-0111,Kantor Pusat,Deposito Berjangka,Penempatan Baru,5314.89,3.53,4.25,Bukan Special Rate,Tidak Diperlukan (< Batas LPS),Bukan Early Break,Tidak Ada Indikasi,Aktif Normal,Disetujui Branch Manager / Operasional,Tidak,1,1,-
FUND-0112,Cabang Medan,Tabungan Bisnis,Setoran Tambahan,2143.56,2.27,4.25,Bukan Special Rate,Tidak Diperlukan (< Batas LPS),Bukan Early Break,Tidak Ada Indikasi,Aktif Normal,Disetujui Branch Manager / Operasional,Tidak,1,2,-
FUND-0113,Cabang Medan,Deposito On Call,Pembaruan Otomatis (ARO),8703.11,2.83,4.25,Bukan Special Rate,Tidak Diperlukan (< Batas LPS),Bukan Early Break,Tidak Ada Indikasi,Aktif Normal,Disetujui Branch Manager / Operasional,Tidak,2,2,-
FUND-0114,Cabang Jakarta,Deposito Berjangka,Pembaruan Otomatis (ARO),15536.74,3.97,4.25,Bukan Special Rate,Tidak Diperlukan (< Batas LPS),Bukan Early Break,Tidak Ada Indikasi,Aktif Normal,Disetujui Branch Manager / Operasional,Tidak,2,2,-
FUND-0115,Cabang Surabaya,Tabungan Bisnis,Setoran Tambahan,2335.24,1.28,4.25,Bukan Special Rate,Tidak Diperlukan (< Batas LPS),Bukan Early Break,Tidak Ada Indikasi,Aktif Normal,Disetujui Branch Manager / Operasional,Tidak,1,2,-
FUND-0116,Cabang Bandung,Giro Korporasi,Penarikan / Pencairan,5407.06,1.49,4.25,Bukan Special Rate,Tidak Diperlukan (< Batas LPS),Bukan Early Break,Tidak Ada Indikasi,Aktif Normal,Disetujui Branch Manager / Operasional,Tidak,1,1,-
FUND-0117,Cabang Jakarta,Giro Korporasi,Penempatan Baru,7223.92,1.58,4.25,Bukan Special Rate,Tidak Diperlukan (< Batas LPS),Bukan Early Break,Tidak Ada Indikasi,Aktif Normal,Disetujui Branch Manager / Operasional,Tidak,1,1,-
FUND-0118,Cabang Surabaya,Tabungan Bisnis,Penempatan Baru,2208.13,2.56,4.25,Bukan Special Rate,Tidak Diperlukan (< Batas LPS),Bukan Early Break,Tidak Ada Indikasi,Aktif Normal,Disetujui Branch Manager / Operasional,Tidak,1,2,-
FUND-0119,Cabang Jakarta,Deposito On Call,Pencairan Sebelum Jatuh Tempo (Early Break),14342.66,3.5,4.25,Bukan Special Rate,Tidak Diperlukan (< Batas LPS),Penalti Dikenakan Sesuai Ketentuan,Tidak Ada Indikasi,Aktif Normal,Disetujui Branch Manager / Operasional,Tidak,1,1,-
FUND-0120,Kantor Pusat,Deposito Berjangka,Pembaruan Otomatis (ARO),11965.29,4.02,4.25,Bukan Special Rate,Tidak Diperlukan (< Batas LPS),Bukan Early Break,Tidak Ada Indikasi,Aktif Normal,Disetujui Branch Manager / Operasional,Tidak,2,1,-
FUND-0121,Cabang Jakarta,Tabungan Bisnis,Setoran Tambahan,408.77,2.5,4.25,Bukan Special Rate,Tidak Diperlukan (< Batas LPS),Bukan Early Break,Tidak Ada Indikasi,Aktif Normal,Disetujui Branch Manager / Operasional,Tidak,1,2,-
FUND-0122,Cabang Jakarta,Giro Korporasi,Setoran Tambahan,2057.72,1.05,4.25,Bukan Special Rate,Tidak Diperlukan (< Batas LPS),Bukan Early Break,Tidak Ada Indikasi,Aktif Normal,Disetujui Branch Manager / Operasional,Tidak,1,1,-
FUND-0123,Cabang Surabaya,Deposito On Call,Penempatan Baru,1221.82,2.84,4.25,Bukan Special Rate,Tidak Diperlukan (< Batas LPS),Bukan Early Break,Tidak Ada Indikasi,Aktif Normal,Disetujui Branch Manager / Operasional,Tidak,1,1,-
FUND-0124,Cabang Jakarta,Tabungan Reguler,Penarikan / Pencairan,3335.11,1.05,4.25,Bukan Special Rate,Tidak Diperlukan (< Batas LPS),Bukan Early Break,Tidak Ada Indikasi,Dormant Diaktifkan Tiba-tiba,Override Teller / Tanpa Otorisasi,Ya (Anomali),5,4,Rekening pasif (Dormant) diaktifkan tiba-tiba diikuti penarikan dana masif tanpa otorisasi Pejabat Cabang
FUND-0125,Cabang Jakarta,Deposito On Call,Pembaruan Otomatis (ARO),5343.72,3.42,4.25,Bukan Special Rate,Tidak Diperlukan (< Batas LPS),Bukan Early Break,Tidak Ada Indikasi,Aktif Normal,Disetujui Branch Manager / Operasional,Tidak,1,1,-
FUND-0126,Cabang Jakarta,Deposito Berjangka,Penempatan Baru,5713.38,6.91,4.25,Tanpa Persetujuan ALCO,Tanpa Surat Pelepasan (Pelanggaran),Bukan Early Break,Tidak Ada Indikasi,Aktif Normal,Override Teller / Tanpa Otorisasi,Ya (Anomali),5,5,Bunga Deposito (6.91%) melampaui batas LPS (4.25%) tanpa Surat Pelepasan LPS & tanpa persetujuan ALCO
FUND-0127,Cabang Bali,Tabungan Reguler,Penempatan Baru,205.86,1.21,4.25,Bukan Special Rate,Tidak Diperlukan (< Batas LPS),Bukan Early Break,Tidak Ada Indikasi,Aktif Normal,Disetujui Branch Manager / Operasional,Tidak,1,1,-
FUND-0128,Cabang Surabaya,Deposito Berjangka,Penempatan Baru,380.11,2.93,4.25,Bukan Special Rate,Tidak Diperlukan (< Batas LPS),Bukan Early Break,Tidak Ada Indikasi,Aktif Normal,Disetujui Branch Manager / Operasional,Tidak,1,1,-
FUND-0129,Kantor Pusat,Deposito Berjangka,Penarikan / Pencairan,4354.77,3.51,4.25,Bukan Special Rate,Tidak Diperlukan (< Batas LPS),Bukan Early Break,Tidak Ada Indikasi,Aktif Normal,Disetujui Branch Manager / Operasional,Tidak,2,1,-
FUND-0130,Kantor Pusat,Tabungan Reguler,Penempatan Baru,90.75,1.15,4.25,Bukan Special Rate,Tidak Diperlukan (< Batas LPS),Bukan Early Break,Tidak Ada Indikasi,Aktif Normal,Disetujui Branch Manager / Operasional,Tidak,2,2,-
FUND-0131,Cabang Bandung,Giro Individu,Penempatan Baru,550.73,1.35,4.25,Bukan Special Rate,Tidak Diperlukan (< Batas LPS),Bukan Early Break,Tidak Ada Indikasi,Aktif Normal,Disetujui Branch Manager / Operasional,Tidak,1,1,-
FUND-0132,Cabang Surabaya,Tabungan Reguler,Penarikan / Pencairan,6304.22,1.01,4.25,Bukan Special Rate,Tidak Diperlukan (< Batas LPS),Bukan Early Break,Tidak Ada Indikasi,Dormant Diaktifkan Tiba-tiba,Override Teller / Tanpa Otorisasi,Ya (Anomali),5,5,Rekening pasif (Dormant) diaktifkan tiba-tiba diikuti penarikan dana masif tanpa otorisasi Pejabat Cabang
FUND-0133,Cabang Surabaya,Giro Individu,Setoran Tambahan,4219.42,1.08,4.25,Bukan Special Rate,Tidak Diperlukan (< Batas LPS),Bukan Early Break,Tidak Ada Indikasi,Aktif Normal,Disetujui Branch Manager / Operasional,Tidak,2,1,-
FUND-0134,Cabang Bali,Tabungan Reguler,Setoran Tambahan,154.21,1.14,4.25,Bukan Special Rate,Tidak Diperlukan (< Batas LPS),Bukan Early Break,Tidak Ada Indikasi,Aktif Normal,Disetujui Branch Manager / Operasional,Tidak,1,1,-
FUND-0135,Kantor Pusat,Deposito Berjangka,Penarikan / Pencairan,13555.75,3.82,4.25,Bukan Special Rate,Tidak Diperlukan (< Batas LPS),Bukan Early Break,Tidak Ada Indikasi,Aktif Normal,Disetujui Branch Manager / Operasional,Tidak,1,1,-
FUND-0136,Cabang Jakarta,Tabungan Reguler,Penarikan / Pencairan,239.28,1.91,4.25,Bukan Special Rate,Tidak Diperlukan (< Batas LPS),Bukan Early Break,Tidak Ada Indikasi,Aktif Normal,Disetujui Branch Manager / Operasional,Tidak,2,1,-
FUND-0137,Cabang Jakarta,Tabungan Bisnis,Penempatan Baru,2059.62,2.22,4.25,Bukan Special Rate,Tidak Diperlukan (< Batas LPS),Bukan Early Break,Tidak Ada Indikasi,Aktif Normal,Disetujui Branch Manager / Operasional,Tidak,1,1,-
FUND-0138,Kantor Pusat,Deposito Berjangka,Penempatan Baru,1567.95,4.07,4.25,Bukan Special Rate,Tidak Diperlukan (< Batas LPS),Bukan Early Break,Tidak Ada Indikasi,Aktif Normal,Disetujui Branch Manager / Operasional,Tidak,2,1,-
FUND-0139,Cabang Surabaya,Giro Individu,Setoran Tambahan,2801.05,1.66,4.25,Bukan Special Rate,Tidak Diperlukan (< Batas LPS),Bukan Early Break,Tidak Ada Indikasi,Aktif Normal,Disetujui Branch Manager / Operasional,Tidak,1,2,-
FUND-0140,Kantor Pusat,Giro Korporasi,Penarikan / Pencairan,1401.37,1.54,4.25,Bukan Special Rate,Tidak Diperlukan (< Batas LPS),Bukan Early Break,Tidak Ada Indikasi,Aktif Normal,Disetujui Branch Manager / Operasional,Tidak,1,1,-
FUND-0141,Cabang Surabaya,Deposito Berjangka,Pencairan Sebelum Jatuh Tempo (Early Break),8778.39,3.72,4.25,Bukan Special Rate,Tidak Diperlukan (< Batas LPS),Bebas Penalti Tanpa Otorisasi,Tidak Ada Indikasi,Aktif Normal,Override Teller / Tanpa Otorisasi,Ya (Anomali),4,4,Pencairan Deposito sebelum jatuh tempo (Early Break) tanpa pengenaan penalti dan tanpa otorisasi Branch Manager
FUND-0142,Cabang Bandung,Tabungan Bisnis,Penarikan / Pencairan,2415.82,1.84,4.25,Bukan Special Rate,Tidak Diperlukan (< Batas LPS),Bukan Early Break,Tidak Ada Indikasi,Aktif Normal,Disetujui Branch Manager / Operasional,Tidak,1,1,-
FUND-0143,Cabang Jakarta,Tabungan Bisnis,Penarikan / Pencairan,1268.97,1.56,4.25,Bukan Special Rate,Tidak Diperlukan (< Batas LPS),Bukan Early Break,Tidak Ada Indikasi,Aktif Normal,Disetujui Branch Manager / Operasional,Tidak,1,1,-
FUND-0144,Cabang Jakarta,Deposito Berjangka,Penarikan / Pencairan,9902.93,3.83,4.25,Bukan Special Rate,Tidak Diperlukan (< Batas LPS),Bukan Early Break,Tidak Ada Indikasi,Aktif Normal,Disetujui Branch Manager / Operasional,Tidak,1,1,-
FUND-0145,Kantor Pusat,Tabungan Reguler,Penempatan Baru,40.15,1.89,4.25,Bukan Special Rate,Tidak Diperlukan (< Batas LPS),Bukan Early Break,Tidak Ada Indikasi,Aktif Normal,Disetujui Branch Manager / Operasional,Tidak,2,2,-
FUND-0146,Cabang Bali,Tabungan Reguler,Penarikan / Pencairan,144.11,1.69,4.25,Bukan Special Rate,Tidak Diperlukan (< Batas LPS),Bukan Early Break,Tidak Ada Indikasi,Aktif Normal,Disetujui Branch Manager / Operasional,Tidak,1,1,-
FUND-0147,Cabang Bandung,Deposito Berjangka,Penarikan / Pencairan,8676.05,5.12,4.25,Sesuai Ketentuan ALCO,LPS Ditandatangani,Bukan Early Break,Tidak Ada Indikasi,Aktif Normal,Disetujui Branch Manager / Operasional,Tidak,1,2,-
FUND-0148,Kantor Pusat,Deposito Berjangka,Penempatan Baru,11588.17,3.79,4.25,Bukan Special Rate,Tidak Diperlukan (< Batas LPS),Bukan Early Break,Tidak Ada Indikasi,Aktif Normal,Disetujui Branch Manager / Operasional,Tidak,1,2,-
FUND-0149,Cabang Surabaya,Deposito Berjangka,Pembaruan Otomatis (ARO),1487.9,3.0,4.25,Bukan Special Rate,Tidak Diperlukan (< Batas LPS),Bukan Early Break,Tidak Ada Indikasi,Aktif Normal,Disetujui Branch Manager / Operasional,Tidak,1,1,-
FUND-0150,Cabang Jakarta,Deposito Berjangka,Pencairan Sebelum Jatuh Tempo (Early Break),14714.68,4.16,4.25,Bukan Special Rate,Tidak Diperlukan (< Batas LPS),Penalti Dikenakan Sesuai Ketentuan,Tidak Ada Indikasi,Aktif Normal,Disetujui Branch Manager / Operasional,Tidak,1,1,-
FUND-0151,Cabang Bandung,Deposito On Call,Pembaruan Otomatis (ARO),11326.73,6.8,4.25,Tanpa Persetujuan ALCO,Tanpa Surat Pelepasan (Pelanggaran),Bukan Early Break,Tidak Ada Indikasi,Aktif Normal,Override Teller / Tanpa Otorisasi,Ya (Anomali),5,5,Bunga Deposito (6.8%) melampaui batas LPS (4.25%) tanpa Surat Pelepasan LPS & tanpa persetujuan ALCO
FUND-0152,Cabang Bali,Deposito On Call,Pembaruan Otomatis (ARO),3343.42,3.26,4.25,Bukan Special Rate,Tidak Diperlukan (< Batas LPS),Bukan Early Break,Tidak Ada Indikasi,Aktif Normal,Disetujui Branch Manager / Operasional,Tidak,1,1,-
FUND-0153,Cabang Jakarta,Giro Individu,Setoran Tambahan,2745.54,1.71,4.25,Bukan Special Rate,Tidak Diperlukan (< Batas LPS),Bukan Early Break,Tidak Ada Indikasi,Aktif Normal,Disetujui Branch Manager / Operasional,Tidak,2,1,-
FUND-0154,Kantor Pusat,Tabungan Reguler,Penempatan Baru,103.28,1.13,4.25,Bukan Special Rate,Tidak Diperlukan (< Batas LPS),Bukan Early Break,Tidak Ada Indikasi,Aktif Normal,Disetujui Branch Manager / Operasional,Tidak,2,1,-
FUND-0155,Kantor Pusat,Deposito Berjangka,Pembaruan Otomatis (ARO),7319.77,2.88,4.25,Bukan Special Rate,Tidak Diperlukan (< Batas LPS),Bukan Early Break,Tidak Ada Indikasi,Aktif Normal,Disetujui Branch Manager / Operasional,Tidak,1,2,-
FUND-0156,Cabang Medan,Deposito Berjangka,Penempatan Baru,443.34,3.5,4.25,Bukan Special Rate,Tidak Diperlukan (< Batas LPS),Bukan Early Break,Tidak Ada Indikasi,Aktif Normal,Disetujui Branch Manager / Operasional,Tidak,1,1,-
FUND-0157,Cabang Bandung,Deposito On Call,Penempatan Baru,6742.68,2.68,4.25,Bukan Special Rate,Tidak Diperlukan (< Batas LPS),Bukan Early Break,Tidak Ada Indikasi,Aktif Normal,Disetujui Branch Manager / Operasional,Tidak,2,1,-
FUND-0158,Kantor Pusat,Tabungan Reguler,Penarikan / Pencairan,217.51,0.99,4.25,Bukan Special Rate,Tidak Diperlukan (< Batas LPS),Bukan Early Break,Tidak Ada Indikasi,Aktif Normal,Disetujui Branch Manager / Operasional,Tidak,1,2,-
FUND-0159,Cabang Medan,Deposito Berjangka,Penempatan Baru,1967.25,3.99,4.25,Bukan Special Rate,Tidak Diperlukan (< Batas LPS),Bukan Early Break,Potensi Structuring Bilyet Deposito,Aktif Normal,Disetujui Branch Manager / Operasional,Ya (Anomali),4,4,Indikasi Structuring bilyet deposito berulang nominal Rp 1967.25 Juta mendekati batas maksimal penjaminan LPS (Rp 2 Miliar)
FUND-0160,Cabang Surabaya,Deposito Berjangka,Penempatan Baru,13390.32,5.61,4.25,Sesuai Ketentuan ALCO,LPS Ditandatangani,Bukan Early Break,Tidak Ada Indikasi,Aktif Normal,Disetujui Branch Manager / Operasional,Tidak,2,1,-
FUND-0161,Kantor Pusat,Deposito On Call,Pembaruan Otomatis (ARO),1769.83,8.56,4.25,Tanpa Persetujuan ALCO,Tanpa Surat Pelepasan (Pelanggaran),Bukan Early Break,Tidak Ada Indikasi,Aktif Normal,Override Teller / Tanpa Otorisasi,Ya (Anomali),5,5,Bunga Deposito (8.56%) melampaui batas LPS (4.25%) tanpa Surat Pelepasan LPS & tanpa persetujuan ALCO
FUND-0162,Cabang Bandung,Giro Korporasi,Setoran Tambahan,6460.24,2.06,4.25,Bukan Special Rate,Tidak Diperlukan (< Batas LPS),Bukan Early Break,Tidak Ada Indikasi,Aktif Normal,Disetujui Branch Manager / Operasional,Tidak,1,2,-
FUND-0163,Cabang Bandung,Tabungan Reguler,Setoran Tambahan,211.75,1.76,4.25,Bukan Special Rate,Tidak Diperlukan (< Batas LPS),Bukan Early Break,Tidak Ada Indikasi,Aktif Normal,Disetujui Branch Manager / Operasional,Tidak,1,1,-
FUND-0164,Cabang Surabaya,Deposito Berjangka,Penempatan Baru,6054.48,4.38,4.25,Sesuai Ketentuan ALCO,LPS Ditandatangani,Bukan Early Break,Tidak Ada Indikasi,Aktif Normal,Disetujui Branch Manager / Operasional,Tidak,2,1,-
FUND-0165,Kantor Pusat,Deposito Berjangka,Penarikan / Pencairan,11794.55,3.41,4.25,Bukan Special Rate,Tidak Diperlukan (< Batas LPS),Bukan Early Break,Tidak Ada Indikasi,Aktif Normal,Disetujui Branch Manager / Operasional,Tidak,1,1,-
FUND-0166,Cabang Jakarta,Deposito Berjangka,Pembaruan Otomatis (ARO),14866.65,4.57,4.25,Sesuai Ketentuan ALCO,LPS Ditandatangani,Bukan Early Break,Tidak Ada Indikasi,Aktif Normal,Disetujui Branch Manager / Operasional,Tidak,2,1,-
FUND-0167,Kantor Pusat,Deposito Berjangka,Pencairan Sebelum Jatuh Tempo (Early Break),5836.25,3.13,4.25,Bukan Special Rate,Tidak Diperlukan (< Batas LPS),Penalti Dikenakan Sesuai Ketentuan,Tidak Ada Indikasi,Aktif Normal,Disetujui Branch Manager / Operasional,Tidak,1,2,-
FUND-0168,Cabang Jakarta,Tabungan Reguler,Penempatan Baru,338.28,0.91,4.25,Bukan Special Rate,Tidak Diperlukan (< Batas LPS),Bukan Early Break,Tidak Ada Indikasi,Aktif Normal,Disetujui Branch Manager / Operasional,Tidak,1,1,-
FUND-0169,Cabang Surabaya,Tabungan Reguler,Penarikan / Pencairan,29.91,1.61,4.25,Bukan Special Rate,Tidak Diperlukan (< Batas LPS),Bukan Early Break,Tidak Ada Indikasi,Aktif Normal,Disetujui Branch Manager / Operasional,Tidak,1,2,-
FUND-0170,Cabang Jakarta,Giro Korporasi,Penarikan / Pencairan,6379.01,1.63,4.25,Bukan Special Rate,Tidak Diperlukan (< Batas LPS),Bukan Early Break,Tidak Ada Indikasi,Aktif Normal,Disetujui Branch Manager / Operasional,Tidak,1,1,-
FUND-0171,Cabang Jakarta,Deposito Berjangka,Penempatan Baru,14883.71,3.44,4.25,Bukan Special Rate,Tidak Diperlukan (< Batas LPS),Bukan Early Break,Tidak Ada Indikasi,Aktif Normal,Disetujui Branch Manager / Operasional,Tidak,1,1,-
FUND-0172,Kantor Pusat,Tabungan Reguler,Penarikan / Pencairan,155.44,1.69,4.25,Bukan Special Rate,Tidak Diperlukan (< Batas LPS),Bukan Early Break,Tidak Ada Indikasi,Aktif Normal,Disetujui Branch Manager / Operasional,Tidak,2,2,-
FUND-0173,Cabang Jakarta,Giro Korporasi,Setoran Tambahan,6587.47,1.0,4.25,Bukan Special Rate,Tidak Diperlukan (< Batas LPS),Bukan Early Break,Tidak Ada Indikasi,Aktif Normal,Disetujui Branch Manager / Operasional,Tidak,1,1,-
FUND-0174,Cabang Bandung,Deposito Berjangka,Penempatan Baru,15410.48,4.01,4.25,Bukan Special Rate,Tidak Diperlukan (< Batas LPS),Bukan Early Break,Tidak Ada Indikasi,Aktif Normal,Disetujui Branch Manager / Operasional,Tidak,1,1,-
FUND-0175,Cabang Medan,Tabungan Reguler,Penempatan Baru,326.18,1.61,4.25,Bukan Special Rate,Tidak Diperlukan (< Batas LPS),Bukan Early Break,Tidak Ada Indikasi,Aktif Normal,Disetujui Branch Manager / Operasional,Tidak,1,1,-
FUND-0176,Cabang Bali,Deposito On Call,Pembaruan Otomatis (ARO),698.4,2.6,4.25,Bukan Special Rate,Tidak Diperlukan (< Batas LPS),Bukan Early Break,Tidak Ada Indikasi,Aktif Normal,Disetujui Branch Manager / Operasional,Tidak,1,1,-
FUND-0177,Kantor Pusat,Giro Individu,Penempatan Baru,4376.24,1.89,4.25,Bukan Special Rate,Tidak Diperlukan (< Batas LPS),Bukan Early Break,Tidak Ada Indikasi,Aktif Normal,Disetujui Branch Manager / Operasional,Tidak,2,1,-
FUND-0178,Kantor Pusat,Tabungan Bisnis,Penarikan / Pencairan,21134.41,1.72,4.25,Bukan Special Rate,Tidak Diperlukan (< Batas LPS),Bukan Early Break,Tidak Ada Indikasi,Aktif Normal,Override Teller / Tanpa Otorisasi,Ya (Anomali),5,4,Penarikan dana masif sebesar Rp 21134.41 Juta tanpa verifikasi Cash Transaction Report (CTR) dan otorisasi Pejabat
FUND-0179,Cabang Medan,Tabungan Reguler,Penarikan / Pencairan,277.26,1.37,4.25,Bukan Special Rate,Tidak Diperlukan (< Batas LPS),Bukan Early Break,Tidak Ada Indikasi,Aktif Normal,Disetujui Branch Manager / Operasional,Tidak,1,1,-
FUND-0180,Cabang Medan,Tabungan Bisnis,Penempatan Baru,214.85,1.65,4.25,Bukan Special Rate,Tidak Diperlukan (< Batas LPS),Bukan Early Break,Tidak Ada Indikasi,Aktif Normal,Disetujui Branch Manager / Operasional,Tidak,2,1,-
FUND-0181,Cabang Jakarta,Tabungan Reguler,Penarikan / Pencairan,139.28,1.86,4.25,Bukan Special Rate,Tidak Diperlukan (< Batas LPS),Bukan Early Break,Tidak Ada Indikasi,Aktif Normal,Disetujui Branch Manager / Operasional,Tidak,2,1,-
FUND-0182,Cabang Surabaya,Giro Individu,Penarikan / Pencairan,3214.1,2.06,4.25,Bukan Special Rate,Tidak Diperlukan (< Batas LPS),Bukan Early Break,Tidak Ada Indikasi,Aktif Normal,Disetujui Branch Manager / Operasional,Tidak,1,1,-
FUND-0183,Cabang Surabaya,Giro Korporasi,Penempatan Baru,7423.57,1.08,4.25,Bukan Special Rate,Tidak Diperlukan (< Batas LPS),Bukan Early Break,Tidak Ada Indikasi,Aktif Normal,Disetujui Branch Manager / Operasional,Tidak,2,1,-
FUND-0184,Cabang Medan,Tabungan Bisnis,Setoran Tambahan,338.02,2.74,4.25,Bukan Special Rate,Tidak Diperlukan (< Batas LPS),Bukan Early Break,Tidak Ada Indikasi,Aktif Normal,Disetujui Branch Manager / Operasional,Tidak,1,1,-
FUND-0185,Kantor Pusat,Deposito Berjangka,Penempatan Baru,8133.8,3.73,4.25,Bukan Special Rate,Tidak Diperlukan (< Batas LPS),Bukan Early Break,Tidak Ada Indikasi,Aktif Normal,Disetujui Branch Manager / Operasional,Tidak,1,1,-
FUND-0186,Cabang Medan,Tabungan Bisnis,Penempatan Baru,310.02,1.99,4.25,Bukan Special Rate,Tidak Diperlukan (< Batas LPS),Bukan Early Break,Tidak Ada Indikasi,Aktif Normal,Disetujui Branch Manager / Operasional,Tidak,1,2,-
FUND-0187,Kantor Pusat,Giro Korporasi,Setoran Tambahan,5055.9,1.94,4.25,Bukan Special Rate,Tidak Diperlukan (< Batas LPS),Bukan Early Break,Tidak Ada Indikasi,Aktif Normal,Disetujui Branch Manager / Operasional,Tidak,1,1,-
FUND-0188,Kantor Pusat,Giro Individu,Setoran Tambahan,3072.45,2.15,4.25,Bukan Special Rate,Tidak Diperlukan (< Batas LPS),Bukan Early Break,Tidak Ada Indikasi,Aktif Normal,Disetujui Branch Manager / Operasional,Tidak,1,1,-
FUND-0189,Cabang Medan,Giro Korporasi,Setoran Tambahan,7468.41,1.68,4.25,Bukan Special Rate,Tidak Diperlukan (< Batas LPS),Bukan Early Break,Tidak Ada Indikasi,Aktif Normal,Disetujui Branch Manager / Operasional,Tidak,1,1,-
FUND-0190,Cabang Bandung,Deposito Berjangka,Penempatan Baru,590.36,3.75,4.25,Bukan Special Rate,Tidak Diperlukan (< Batas LPS),Bukan Early Break,Tidak Ada Indikasi,Aktif Normal,Disetujui Branch Manager / Operasional,Tidak,2,1,-
FUND-0191,Cabang Jakarta,Tabungan Reguler,Setoran Tambahan,135.19,1.07,4.25,Bukan Special Rate,Tidak Diperlukan (< Batas LPS),Bukan Early Break,Tidak Ada Indikasi,Aktif Normal,Disetujui Branch Manager / Operasional,Tidak,1,1,-
FUND-0192,Cabang Jakarta,Deposito Berjangka,Pencairan Sebelum Jatuh Tempo (Early Break),9348.29,3.1,4.25,Bukan Special Rate,Tidak Diperlukan (< Batas LPS),Penalti Dikenakan Sesuai Ketentuan,Tidak Ada Indikasi,Aktif Normal,Disetujui Branch Manager / Operasional,Tidak,1,1,-
FUND-0193,Cabang Medan,Tabungan Bisnis,Penarikan / Pencairan,1939.61,1.36,4.25,Bukan Special Rate,Tidak Diperlukan (< Batas LPS),Bukan Early Break,Tidak Ada Indikasi,Aktif Normal,Disetujui Branch Manager / Operasional,Tidak,1,1,-
FUND-0194,Cabang Bali,Tabungan Bisnis,Penempatan Baru,2372.25,1.64,4.25,Bukan Special Rate,Tidak Diperlukan (< Batas LPS),Bukan Early Break,Tidak Ada Indikasi,Aktif Normal,Disetujui Branch Manager / Operasional,Tidak,1,1,-
FUND-0195,Cabang Surabaya,Deposito Berjangka,Pembaruan Otomatis (ARO),14678.17,3.89,4.25,Bukan Special Rate,Tidak Diperlukan (< Batas LPS),Bukan Early Break,Tidak Ada Indikasi,Aktif Normal,Disetujui Branch Manager / Operasional,Tidak,1,1,-
FUND-0196,Kantor Pusat,Tabungan Bisnis,Setoran Tambahan,2364.3,2.27,4.25,Bukan Special Rate,Tidak Diperlukan (< Batas LPS),Bukan Early Break,Tidak Ada Indikasi,Aktif Normal,Disetujui Branch Manager / Operasional,Tidak,1,1,-
FUND-0197,Cabang Bandung,Tabungan Reguler,Penempatan Baru,34.02,1.63,4.25,Bukan Special Rate,Tidak Diperlukan (< Batas LPS),Bukan Early Break,Tidak Ada Indikasi,Aktif Normal,Disetujui Branch Manager / Operasional,Tidak,1,2,-
FUND-0198,Cabang Jakarta,Deposito Berjangka,Pembaruan Otomatis (ARO),9467.87,3.26,4.25,Bukan Special Rate,Tidak Diperlukan (< Batas LPS),Bukan Early Break,Tidak Ada Indikasi,Aktif Normal,Disetujui Branch Manager / Operasional,Tidak,2,1,-
FUND-0199,Kantor Pusat,Deposito Berjangka,Pembaruan Otomatis (ARO),3780.44,3.57,4.25,Bukan Special Rate,Tidak Diperlukan (< Batas LPS),Bukan Early Break,Tidak Ada Indikasi,Aktif Normal,Disetujui Branch Manager / Operasional,Tidak,1,2,-
FUND-0200,Cabang Bali,Deposito Berjangka,Penempatan Baru,13681.2,3.92,4.25,Bukan Special Rate,Tidak Diperlukan (< Batas LPS),Bukan Early Break,Tidak Ada Indikasi,Aktif Normal,Disetujui Branch Manager / Operasional,Tidak,1,1,-
FUND-0201,Cabang Jakarta,Tabungan Reguler,Penempatan Baru,338.21,0.97,4.25,Bukan Special Rate,Tidak Diperlukan (< Batas LPS),Bukan Early Break,Tidak Ada Indikasi,Aktif Normal,Disetujui Branch Manager / Operasional,Tidak,1,1,-
FUND-0202,Kantor Pusat,Tabungan Reguler,Setoran Tambahan,278.98,1.37,4.25,Bukan Special Rate,Tidak Diperlukan (< Batas LPS),Bukan Early Break,Tidak Ada Indikasi,Aktif Normal,Disetujui Branch Manager / Operasional,Tidak,2,1,-
FUND-0203,Kantor Pusat,Giro Korporasi,Penempatan Baru,6846.15,1.02,4.25,Bukan Special Rate,Tidak Diperlukan (< Batas LPS),Bukan Early Break,Tidak Ada Indikasi,Aktif Normal,Disetujui Branch Manager / Operasional,Tidak,1,2,-
FUND-0204,Cabang Surabaya,Tabungan Bisnis,Setoran Tambahan,896.77,2.18,4.25,Bukan Special Rate,Tidak Diperlukan (< Batas LPS),Bukan Early Break,Tidak Ada Indikasi,Aktif Normal,Disetujui Branch Manager / Operasional,Tidak,1,1,-
FUND-0205,Kantor Pusat,Tabungan Reguler,Penempatan Baru,209.41,1.35,4.25,Bukan Special Rate,Tidak Diperlukan (< Batas LPS),Bukan Early Break,Tidak Ada Indikasi,Aktif Normal,Disetujui Branch Manager / Operasional,Tidak,1,1,-
FUND-0206,Kantor Pusat,Tabungan Reguler,Penempatan Baru,281.12,1.04,4.25,Bukan Special Rate,Tidak Diperlukan (< Batas LPS),Bukan Early Break,Tidak Ada Indikasi,Aktif Normal,Disetujui Branch Manager / Operasional,Tidak,1,2,-
FUND-0207,Cabang Bandung,Deposito Berjangka,Pembaruan Otomatis (ARO),554.78,3.69,4.25,Bukan Special Rate,Tidak Diperlukan (< Batas LPS),Bukan Early Break,Tidak Ada Indikasi,Aktif Normal,Disetujui Branch Manager / Operasional,Tidak,1,2,-
FUND-0208,Cabang Medan,Deposito Berjangka,Penarikan / Pencairan,3976.95,3.88,4.25,Bukan Special Rate,Tidak Diperlukan (< Batas LPS),Bukan Early Break,Tidak Ada Indikasi,Aktif Normal,Disetujui Branch Manager / Operasional,Tidak,1,1,-
FUND-0209,Cabang Jakarta,Deposito On Call,Penempatan Baru,8957.96,3.61,4.25,Bukan Special Rate,Tidak Diperlukan (< Batas LPS),Bukan Early Break,Tidak Ada Indikasi,Aktif Normal,Disetujui Branch Manager / Operasional,Tidak,1,1,-
FUND-0210,Cabang Bali,Deposito Berjangka,Penempatan Baru,14214.84,11.42,4.25,Tanpa Persetujuan ALCO,LPS Ditandatangani,Bukan Early Break,Tidak Ada Indikasi,Aktif Normal,Override Teller / Tanpa Otorisasi,Ya (Anomali),5,4,Pemberian suku bunga pendanaan ekstrem (11.42%) di luar kewajaran pasar tanpa persetujuan ALCO (potensi conflict of interest)
FUND-0211,Kantor Pusat,Giro Korporasi,Penempatan Baru,20965.57,8.57,4.25,Tanpa Persetujuan ALCO,LPS Ditandatangani,Bukan Early Break,Tidak Ada Indikasi,Aktif Normal,Override Teller / Tanpa Otorisasi,Ya (Anomali),5,5,Pemberian suku bunga pendanaan ekstrem (8.57%) di luar kewajaran pasar tanpa persetujuan ALCO (potensi conflict of interest)
FUND-0212,Kantor Pusat,Tabungan Bisnis,Penarikan / Pencairan,1510.31,1.41,4.25,Bukan Special Rate,Tidak Diperlukan (< Batas LPS),Bukan Early Break,Tidak Ada Indikasi,Aktif Normal,Disetujui Branch Manager / Operasional,Tidak,1,2,-
FUND-0213,Cabang Surabaya,Tabungan Bisnis,Penarikan / Pencairan,537.53,1.88,4.25,Bukan Special Rate,Tidak Diperlukan (< Batas LPS),Bukan Early Break,Tidak Ada Indikasi,Aktif Normal,Disetujui Branch Manager / Operasional,Tidak,2,1,-
FUND-0214,Kantor Pusat,Deposito Berjangka,Penarikan / Pencairan,1447.93,4.13,4.25,Bukan Special Rate,Tidak Diperlukan (< Batas LPS),Bukan Early Break,Tidak Ada Indikasi,Aktif Normal,Disetujui Branch Manager / Operasional,Tidak,1,1,-
FUND-0215,Cabang Bali,Deposito Berjangka,Penempatan Baru,11163.23,4.2,4.25,Bukan Special Rate,Tidak Diperlukan (< Batas LPS),Bukan Early Break,Tidak Ada Indikasi,Aktif Normal,Disetujui Branch Manager / Operasional,Tidak,2,1,-
FUND-0216,Cabang Surabaya,Tabungan Reguler,Penarikan / Pencairan,213.2,1.6,4.25,Bukan Special Rate,Tidak Diperlukan (< Batas LPS),Bukan Early Break,Tidak Ada Indikasi,Aktif Normal,Disetujui Branch Manager / Operasional,Tidak,2,1,-
FUND-0217,Cabang Jakarta,Giro Korporasi,Setoran Tambahan,6140.74,1.18,4.25,Bukan Special Rate,Tidak Diperlukan (< Batas LPS),Bukan Early Break,Tidak Ada Indikasi,Aktif Normal,Disetujui Branch Manager / Operasional,Tidak,1,2,-
FUND-0218,Kantor Pusat,Giro Individu,Penarikan / Pencairan,2890.69,1.37,4.25,Bukan Special Rate,Tidak Diperlukan (< Batas LPS),Bukan Early Break,Tidak Ada Indikasi,Aktif Normal,Disetujui Branch Manager / Operasional,Tidak,1,2,-
FUND-0219,Cabang Bali,Tabungan Reguler,Penempatan Baru,228.72,0.84,4.25,Bukan Special Rate,Tidak Diperlukan (< Batas LPS),Bukan Early Break,Tidak Ada Indikasi,Aktif Normal,Disetujui Branch Manager / Operasional,Tidak,2,1,-
FUND-0220,Kantor Pusat,Tabungan Bisnis,Penempatan Baru,1582.06,2.37,4.25,Bukan Special Rate,Tidak Diperlukan (< Batas LPS),Bukan Early Break,Tidak Ada Indikasi,Aktif Normal,Disetujui Branch Manager / Operasional,Tidak,1,1,-
FUND-0221,Cabang Bali,Giro Korporasi,Penempatan Baru,22242.42,9.12,4.25,Tanpa Persetujuan ALCO,LPS Ditandatangani,Bukan Early Break,Tidak Ada Indikasi,Aktif Normal,Override Teller / Tanpa Otorisasi,Ya (Anomali),5,4,Pemberian suku bunga pendanaan ekstrem (9.12%) di luar kewajaran pasar tanpa persetujuan ALCO (potensi conflict of interest)
FUND-0222,Kantor Pusat,Tabungan Reguler,Penempatan Baru,203.02,1.55,4.25,Bukan Special Rate,Tidak Diperlukan (< Batas LPS),Bukan Early Break,Tidak Ada Indikasi,Aktif Normal,Disetujui Branch Manager / Operasional,Tidak,1,1,-
FUND-0223,Cabang Bali,Deposito On Call,Pembaruan Otomatis (ARO),7595.18,3.14,4.25,Bukan Special Rate,Tidak Diperlukan (< Batas LPS),Bukan Early Break,Tidak Ada Indikasi,Aktif Normal,Disetujui Branch Manager / Operasional,Tidak,1,1,-
FUND-0224,Cabang Medan,Tabungan Reguler,Penempatan Baru,269.32,1.92,4.25,Bukan Special Rate,Tidak Diperlukan (< Batas LPS),Bukan Early Break,Tidak Ada Indikasi,Aktif Normal,Disetujui Branch Manager / Operasional,Tidak,2,1,-
FUND-0225,Cabang Surabaya,Tabungan Bisnis,Penempatan Baru,1204.36,2.48,4.25,Bukan Special Rate,Tidak Diperlukan (< Batas LPS),Bukan Early Break,Tidak Ada Indikasi,Aktif Normal,Disetujui Branch Manager / Operasional,Tidak,1,1,-
FUND-0226,Cabang Bali,Deposito Berjangka,Penempatan Baru,10727.51,2.8,4.25,Bukan Special Rate,Tidak Diperlukan (< Batas LPS),Bukan Early Break,Tidak Ada Indikasi,Aktif Normal,Disetujui Branch Manager / Operasional,Tidak,1,1,-
FUND-0227,Kantor Pusat,Tabungan Reguler,Setoran Tambahan,117.72,1.19,4.25,Bukan Special Rate,Tidak Diperlukan (< Batas LPS),Bukan Early Break,Tidak Ada Indikasi,Aktif Normal,Disetujui Branch Manager / Operasional,Tidak,1,1,-
FUND-0228,Cabang Bandung,Deposito Berjangka,Pembaruan Otomatis (ARO),11320.81,5.57,4.25,Sesuai Ketentuan ALCO,LPS Ditandatangani,Bukan Early Break,Tidak Ada Indikasi,Aktif Normal,Disetujui Branch Manager / Operasional,Tidak,2,1,-
FUND-0229,Cabang Medan,Deposito Berjangka,Penarikan / Pencairan,16613.49,3.66,4.25,Bukan Special Rate,Tidak Diperlukan (< Batas LPS),Bukan Early Break,Tidak Ada Indikasi,Aktif Normal,Disetujui Branch Manager / Operasional,Tidak,2,1,-
FUND-0230,Kantor Pusat,Deposito Berjangka,Pembaruan Otomatis (ARO),3891.2,3.35,4.25,Bukan Special Rate,Tidak Diperlukan (< Batas LPS),Bukan Early Break,Tidak Ada Indikasi,Aktif Normal,Disetujui Branch Manager / Operasional,Tidak,2,1,-
FUND-0231,Cabang Bali,Deposito Berjangka,Pencairan Sebelum Jatuh Tempo (Early Break),5685.7,3.65,4.25,Bukan Special Rate,Tidak Diperlukan (< Batas LPS),Penalti Dikenakan Sesuai Ketentuan,Tidak Ada Indikasi,Aktif Normal,Disetujui Branch Manager / Operasional,Tidak,2,2,-
FUND-0232,Cabang Surabaya,Tabungan Bisnis,Setoran Tambahan,555.73,1.27,4.25,Bukan Special Rate,Tidak Diperlukan (< Batas LPS),Bukan Early Break,Tidak Ada Indikasi,Aktif Normal,Disetujui Branch Manager / Operasional,Tidak,1,2,-
FUND-0233,Cabang Jakarta,Tabungan Reguler,Penempatan Baru,284.54,1.42,4.25,Bukan Special Rate,Tidak Diperlukan (< Batas LPS),Bukan Early Break,Tidak Ada Indikasi,Aktif Normal,Disetujui Branch Manager / Operasional,Tidak,1,1,-
FUND-0234,Cabang Jakarta,Tabungan Bisnis,Penarikan / Pencairan,836.09,2.14,4.25,Bukan Special Rate,Tidak Diperlukan (< Batas LPS),Bukan Early Break,Tidak Ada Indikasi,Aktif Normal,Disetujui Branch Manager / Operasional,Tidak,2,1,-
FUND-0235,Cabang Bali,Giro Korporasi,Penempatan Baru,5571.33,1.71,4.25,Bukan Special Rate,Tidak Diperlukan (< Batas LPS),Bukan Early Break,Tidak Ada Indikasi,Aktif Normal,Disetujui Branch Manager / Operasional,Tidak,2,1,-
FUND-0236,Cabang Bali,Deposito Berjangka,Pencairan Sebelum Jatuh Tempo (Early Break),17907.01,4.22,4.25,Bukan Special Rate,Tidak Diperlukan (< Batas LPS),Penalti Dikenakan Sesuai Ketentuan,Tidak Ada Indikasi,Aktif Normal,Disetujui Branch Manager / Operasional,Tidak,1,1,-
FUND-0237,Cabang Jakarta,Giro Individu,Penarikan / Pencairan,5706.92,1.01,4.25,Bukan Special Rate,Tidak Diperlukan (< Batas LPS),Bukan Early Break,Tidak Ada Indikasi,Aktif Normal,Disetujui Branch Manager / Operasional,Tidak,1,1,-
FUND-0238,Cabang Surabaya,Deposito On Call,Penempatan Baru,8957.16,2.51,4.25,Bukan Special Rate,Tidak Diperlukan (< Batas LPS),Bukan Early Break,Tidak Ada Indikasi,Aktif Normal,Disetujui Branch Manager / Operasional,Tidak,2,1,-
FUND-0239,Cabang Bandung,Deposito Berjangka,Pencairan Sebelum Jatuh Tempo (Early Break),5696.9,4.25,4.25,Bukan Special Rate,Tidak Diperlukan (< Batas LPS),Bebas Penalti Tanpa Otorisasi,Tidak Ada Indikasi,Aktif Normal,Override Teller / Tanpa Otorisasi,Ya (Anomali),4,4,Pencairan Deposito sebelum jatuh tempo (Early Break) tanpa pengenaan penalti dan tanpa otorisasi Branch Manager
FUND-0240,Cabang Jakarta,Tabungan Reguler,Setoran Tambahan,241.05,1.85,4.25,Bukan Special Rate,Tidak Diperlukan (< Batas LPS),Bukan Early Break,Tidak Ada Indikasi,Aktif Normal,Disetujui Branch Manager / Operasional,Tidak,1,2,-
FUND-0241,Kantor Pusat,Tabungan Reguler,Penempatan Baru,179.38,1.96,4.25,Bukan Special Rate,Tidak Diperlukan (< Batas LPS),Bukan Early Break,Tidak Ada Indikasi,Aktif Normal,Disetujui Branch Manager / Operasional,Tidak,1,1,-
FUND-0242,Cabang Bandung,Giro Korporasi,Penarikan / Pencairan,7739.58,1.06,4.25,Bukan Special Rate,Tidak Diperlukan (< Batas LPS),Bukan Early Break,Tidak Ada Indikasi,Aktif Normal,Disetujui Branch Manager / Operasional,Tidak,1,1,-
FUND-0243,Kantor Pusat,Deposito Berjangka,Pembaruan Otomatis (ARO),11184.56,3.07,4.25,Bukan Special Rate,Tidak Diperlukan (< Batas LPS),Bukan Early Break,Tidak Ada Indikasi,Aktif Normal,Disetujui Branch Manager / Operasional,Tidak,1,1,-
FUND-0244,Cabang Surabaya,Giro Individu,Setoran Tambahan,4370.37,1.57,4.25,Bukan Special Rate,Tidak Diperlukan (< Batas LPS),Bukan Early Break,Tidak Ada Indikasi,Aktif Normal,Disetujui Branch Manager / Operasional,Tidak,2,1,-
FUND-0245,Cabang Medan,Deposito Berjangka,Pembaruan Otomatis (ARO),4020.71,4.17,4.25,Bukan Special Rate,Tidak Diperlukan (< Batas LPS),Bukan Early Break,Tidak Ada Indikasi,Aktif Normal,Disetujui Branch Manager / Operasional,Tidak,1,1,-
FUND-0246,Kantor Pusat,Tabungan Reguler,Penarikan / Pencairan,340.96,1.43,4.25,Bukan Special Rate,Tidak Diperlukan (< Batas LPS),Bukan Early Break,Tidak Ada Indikasi,Aktif Normal,Disetujui Branch Manager / Operasional,Tidak,1,1,-
FUND-0247,Kantor Pusat,Deposito Berjangka,Pembaruan Otomatis (ARO),4124.26,4.13,4.25,Bukan Special Rate,Tidak Diperlukan (< Batas LPS),Bukan Early Break,Tidak Ada Indikasi,Aktif Normal,Disetujui Branch Manager / Operasional,Tidak,1,1,-
FUND-0248,Kantor Pusat,Tabungan Reguler,Setoran Tambahan,6.32,1.05,4.25,Bukan Special Rate,Tidak Diperlukan (< Batas LPS),Bukan Early Break,Tidak Ada Indikasi,Aktif Normal,Disetujui Branch Manager / Operasional,Tidak,2,1,-
FUND-0249,Cabang Surabaya,Tabungan Bisnis,Penarikan / Pencairan,2407.32,1.81,4.25,Bukan Special Rate,Tidak Diperlukan (< Batas LPS),Bukan Early Break,Tidak Ada Indikasi,Aktif Normal,Disetujui Branch Manager / Operasional,Tidak,1,2,-
FUND-0250,Kantor Pusat,Tabungan Reguler,Penempatan Baru,46.6,0.85,4.25,Bukan Special Rate,Tidak Diperlukan (< Batas LPS),Bukan Early Break,Tidak Ada Indikasi,Aktif Normal,Disetujui Branch Manager / Operasional,Tidak,1,1,-
FUND-0251,Cabang Surabaya,Tabungan Bisnis,Setoran Tambahan,1169.38,1.96,4.25,Bukan Special Rate,Tidak Diperlukan (< Batas LPS),Bukan Early Break,Tidak Ada Indikasi,Aktif Normal,Disetujui Branch Manager / Operasional,Tidak,1,2,-
FUND-0252,Kantor Pusat,Tabungan Reguler,Setoran Tambahan,204.51,0.93,4.25,Bukan Special Rate,Tidak Diperlukan (< Batas LPS),Bukan Early Break,Tidak Ada Indikasi,Aktif Normal,Disetujui Branch Manager / Operasional,Tidak,2,1,-
FUND-0253,Cabang Jakarta,Tabungan Reguler,Penempatan Baru,132.2,1.21,4.25,Bukan Special Rate,Tidak Diperlukan (< Batas LPS),Bukan Early Break,Tidak Ada Indikasi,Aktif Normal,Disetujui Branch Manager / Operasional,Tidak,1,2,-
FUND-0254,Cabang Bali,Deposito Berjangka,Pembaruan Otomatis (ARO),16483.01,5.33,4.25,Sesuai Ketentuan ALCO,LPS Ditandatangani,Bukan Early Break,Tidak Ada Indikasi,Aktif Normal,Disetujui Branch Manager / Operasional,Tidak,1,2,-
FUND-0255,Cabang Bandung,Giro Korporasi,Penarikan / Pencairan,7754.66,1.89,4.25,Bukan Special Rate,Tidak Diperlukan (< Batas LPS),Bukan Early Break,Tidak Ada Indikasi,Aktif Normal,Disetujui Branch Manager / Operasional,Tidak,2,1,-
FUND-0256,Kantor Pusat,Tabungan Reguler,Penempatan Baru,77.87,1.14,4.25,Bukan Special Rate,Tidak Diperlukan (< Batas LPS),Bukan Early Break,Tidak Ada Indikasi,Aktif Normal,Disetujui Branch Manager / Operasional,Tidak,1,2,-
FUND-0257,Cabang Bandung,Giro Individu,Penempatan Baru,3254.6,1.19,4.25,Bukan Special Rate,Tidak Diperlukan (< Batas LPS),Bukan Early Break,Tidak Ada Indikasi,Aktif Normal,Disetujui Branch Manager / Operasional,Tidak,2,2,-
FUND-0258,Cabang Jakarta,Tabungan Bisnis,Penempatan Baru,516.99,1.53,4.25,Bukan Special Rate,Tidak Diperlukan (< Batas LPS),Bukan Early Break,Tidak Ada Indikasi,Aktif Normal,Disetujui Branch Manager / Operasional,Tidak,1,1,-
FUND-0259,Cabang Medan,Tabungan Reguler,Penempatan Baru,25.2,1.17,4.25,Bukan Special Rate,Tidak Diperlukan (< Batas LPS),Bukan Early Break,Tidak Ada Indikasi,Aktif Normal,Disetujui Branch Manager / Operasional,Tidak,2,1,-
FUND-0260,Cabang Surabaya,Deposito Berjangka,Pencairan Sebelum Jatuh Tempo (Early Break),4443.75,4.03,4.25,Bukan Special Rate,Tidak Diperlukan (< Batas LPS),Bebas Penalti Tanpa Otorisasi,Tidak Ada Indikasi,Aktif Normal,Override Teller / Tanpa Otorisasi,Ya (Anomali),4,4,Pencairan Deposito sebelum jatuh tempo (Early Break) tanpa pengenaan penalti dan tanpa otorisasi Branch Manager
FUND-0261,Cabang Surabaya,Giro Korporasi,Penempatan Baru,4687.52,1.63,4.25,Bukan Special Rate,Tidak Diperlukan (< Batas LPS),Bukan Early Break,Tidak Ada Indikasi,Aktif Normal,Disetujui Branch Manager / Operasional,Tidak,1,1,-
FUND-0262,Cabang Jakarta,Deposito Berjangka,Penempatan Baru,5094.03,4.14,4.25,Bukan Special Rate,Tidak Diperlukan (< Batas LPS),Bukan Early Break,Tidak Ada Indikasi,Aktif Normal,Disetujui Branch Manager / Operasional,Tidak,1,2,-
FUND-0263,Cabang Jakarta,Tabungan Bisnis,Setoran Tambahan,856.84,1.31,4.25,Bukan Special Rate,Tidak Diperlukan (< Batas LPS),Bukan Early Break,Tidak Ada Indikasi,Aktif Normal,Disetujui Branch Manager / Operasional,Tidak,1,1,-
FUND-0264,Cabang Medan,Deposito Berjangka,Penempatan Baru,15516.88,4.09,4.25,Bukan Special Rate,Tidak Diperlukan (< Batas LPS),Bukan Early Break,Tidak Ada Indikasi,Aktif Normal,Disetujui Branch Manager / Operasional,Tidak,1,2,-
FUND-0265,Kantor Pusat,Tabungan Reguler,Setoran Tambahan,67.15,0.89,4.25,Bukan Special Rate,Tidak Diperlukan (< Batas LPS),Bukan Early Break,Tidak Ada Indikasi,Aktif Normal,Disetujui Branch Manager / Operasional,Tidak,2,1,-
FUND-0266,Kantor Pusat,Tabungan Bisnis,Setoran Tambahan,751.03,2.21,4.25,Bukan Special Rate,Tidak Diperlukan (< Batas LPS),Bukan Early Break,Tidak Ada Indikasi,Aktif Normal,Disetujui Branch Manager / Operasional,Tidak,1,2,-
FUND-0267,Cabang Jakarta,Tabungan Reguler,Penarikan / Pencairan,152.48,1.16,4.25,Bukan Special Rate,Tidak Diperlukan (< Batas LPS),Bukan Early Break,Tidak Ada Indikasi,Aktif Normal,Disetujui Branch Manager / Operasional,Tidak,1,2,-
FUND-0268,Kantor Pusat,Giro Individu,Penempatan Baru,3880.08,1.73,4.25,Bukan Special Rate,Tidak Diperlukan (< Batas LPS),Bukan Early Break,Tidak Ada Indikasi,Aktif Normal,Disetujui Branch Manager / Operasional,Tidak,1,1,-
FUND-0269,Kantor Pusat,Tabungan Bisnis,Penempatan Baru,1708.74,2.45,4.25,Bukan Special Rate,Tidak Diperlukan (< Batas LPS),Bukan Early Break,Tidak Ada Indikasi,Aktif Normal,Disetujui Branch Manager / Operasional,Tidak,1,1,-
FUND-0270,Cabang Jakarta,Giro Korporasi,Setoran Tambahan,6620.78,2.06,4.25,Bukan Special Rate,Tidak Diperlukan (< Batas LPS),Bukan Early Break,Tidak Ada Indikasi,Aktif Normal,Disetujui Branch Manager / Operasional,Tidak,1,1,-
FUND-0271,Kantor Pusat,Giro Korporasi,Setoran Tambahan,1499.51,1.9,4.25,Bukan Special Rate,Tidak Diperlukan (< Batas LPS),Bukan Early Break,Tidak Ada Indikasi,Aktif Normal,Disetujui Branch Manager / Operasional,Tidak,1,1,-
FUND-0272,Cabang Jakarta,Tabungan Reguler,Penarikan / Pencairan,240.47,1.58,4.25,Bukan Special Rate,Tidak Diperlukan (< Batas LPS),Bukan Early Break,Tidak Ada Indikasi,Aktif Normal,Disetujui Branch Manager / Operasional,Tidak,2,1,-
FUND-0273,Cabang Medan,Giro Individu,Penempatan Baru,6882.2,1.16,4.25,Bukan Special Rate,Tidak Diperlukan (< Batas LPS),Bukan Early Break,Tidak Ada Indikasi,Aktif Normal,Disetujui Branch Manager / Operasional,Tidak,2,1,-
FUND-0274,Cabang Jakarta,Deposito On Call,Pembaruan Otomatis (ARO),8325.1,2.6,4.25,Bukan Special Rate,Tidak Diperlukan (< Batas LPS),Bukan Early Break,Tidak Ada Indikasi,Aktif Normal,Disetujui Branch Manager / Operasional,Tidak,1,1,-
FUND-0275,Cabang Bandung,Deposito On Call,Penarikan / Pencairan,13639.08,2.85,4.25,Bukan Special Rate,Tidak Diperlukan (< Batas LPS),Bukan Early Break,Tidak Ada Indikasi,Aktif Normal,Disetujui Branch Manager / Operasional,Tidak,2,1,-
FUND-0276,Kantor Pusat,Tabungan Reguler,Penempatan Baru,165.63,1.43,4.25,Bukan Special Rate,Tidak Diperlukan (< Batas LPS),Bukan Early Break,Tidak Ada Indikasi,Aktif Normal,Disetujui Branch Manager / Operasional,Tidak,1,1,-
FUND-0277,Cabang Bandung,Tabungan Reguler,Penempatan Baru,131.86,1.08,4.25,Bukan Special Rate,Tidak Diperlukan (< Batas LPS),Bukan Early Break,Tidak Ada Indikasi,Aktif Normal,Disetujui Branch Manager / Operasional,Tidak,1,2,-
FUND-0278,Cabang Jakarta,Deposito Berjangka,Penempatan Baru,13285.56,3.31,4.25,Bukan Special Rate,Tidak Diperlukan (< Batas LPS),Bukan Early Break,Tidak Ada Indikasi,Aktif Normal,Disetujui Branch Manager / Operasional,Tidak,1,1,-
FUND-0279,Kantor Pusat,Tabungan Reguler,Penarikan / Pencairan,214.32,1.59,4.25,Bukan Special Rate,Tidak Diperlukan (< Batas LPS),Bukan Early Break,Tidak Ada Indikasi,Aktif Normal,Disetujui Branch Manager / Operasional,Tidak,1,2,-
FUND-0280,Cabang Bandung,Deposito Berjangka,Pembaruan Otomatis (ARO),6529.48,5.63,4.25,Sesuai Ketentuan ALCO,LPS Ditandatangani,Bukan Early Break,Tidak Ada Indikasi,Aktif Normal,Disetujui Branch Manager / Operasional,Tidak,1,2,-
FUND-0281,Cabang Surabaya,Deposito Berjangka,Penempatan Baru,28325.04,11.18,4.25,Tanpa Persetujuan ALCO,LPS Ditandatangani,Bukan Early Break,Tidak Ada Indikasi,Aktif Normal,Override Teller / Tanpa Otorisasi,Ya (Anomali),5,5,Pemberian suku bunga pendanaan ekstrem (11.18%) di luar kewajaran pasar tanpa persetujuan ALCO (potensi conflict of interest)
FUND-0282,Cabang Jakarta,Deposito Berjangka,Penempatan Baru,17115.87,3.45,4.25,Bukan Special Rate,Tidak Diperlukan (< Batas LPS),Bukan Early Break,Tidak Ada Indikasi,Aktif Normal,Disetujui Branch Manager / Operasional,Tidak,1,1,-
FUND-0283,Cabang Jakarta,Deposito On Call,Pembaruan Otomatis (ARO),11885.05,2.75,4.25,Bukan Special Rate,Tidak Diperlukan (< Batas LPS),Bukan Early Break,Tidak Ada Indikasi,Aktif Normal,Disetujui Branch Manager / Operasional,Tidak,1,1,-
FUND-0284,Kantor Pusat,Tabungan Bisnis,Penempatan Baru,2138.73,1.55,4.25,Bukan Special Rate,Tidak Diperlukan (< Batas LPS),Bukan Early Break,Tidak Ada Indikasi,Aktif Normal,Disetujui Branch Manager / Operasional,Tidak,2,1,-
FUND-0285,Cabang Jakarta,Giro Individu,Penarikan / Pencairan,7596.95,1.18,4.25,Bukan Special Rate,Tidak Diperlukan (< Batas LPS),Bukan Early Break,Tidak Ada Indikasi,Aktif Normal,Disetujui Branch Manager / Operasional,Tidak,1,1,-
FUND-0286,Cabang Medan,Tabungan Bisnis,Setoran Tambahan,1051.87,2.24,4.25,Bukan Special Rate,Tidak Diperlukan (< Batas LPS),Bukan Early Break,Tidak Ada Indikasi,Aktif Normal,Disetujui Branch Manager / Operasional,Tidak,1,1,-
FUND-0287,Cabang Jakarta,Giro Korporasi,Setoran Tambahan,3994.36,1.41,4.25,Bukan Special Rate,Tidak Diperlukan (< Batas LPS),Bukan Early Break,Tidak Ada Indikasi,Aktif Normal,Disetujui Branch Manager / Operasional,Tidak,1,2,-
FUND-0288,Kantor Pusat,Giro Korporasi,Penarikan / Pencairan,4263.36,1.7,4.25,Bukan Special Rate,Tidak Diperlukan (< Batas LPS),Bukan Early Break,Tidak Ada Indikasi,Aktif Normal,Disetujui Branch Manager / Operasional,Tidak,1,1,-
FUND-0289,Cabang Bandung,Tabungan Reguler,Penempatan Baru,18.46,1.32,4.25,Bukan Special Rate,Tidak Diperlukan (< Batas LPS),Bukan Early Break,Tidak Ada Indikasi,Aktif Normal,Disetujui Branch Manager / Operasional,Tidak,2,1,-
FUND-0290,Cabang Medan,Deposito Berjangka,Pencairan Sebelum Jatuh Tempo (Early Break),8439.2,4.03,4.25,Bukan Special Rate,Tidak Diperlukan (< Batas LPS),Bebas Penalti Tanpa Otorisasi,Tidak Ada Indikasi,Aktif Normal,Override Teller / Tanpa Otorisasi,Ya (Anomali),4,5,Pencairan Deposito sebelum jatuh tempo (Early Break) tanpa pengenaan penalti dan tanpa otorisasi Branch Manager
FUND-0291,Kantor Pusat,Deposito On Call,Penempatan Baru,3724.24,3.15,4.25,Bukan Special Rate,Tidak Diperlukan (< Batas LPS),Bukan Early Break,Tidak Ada Indikasi,Aktif Normal,Disetujui Branch Manager / Operasional,Tidak,1,1,-
FUND-0292,Kantor Pusat,Tabungan Reguler,Penarikan / Pencairan,2708.46,1.33,4.25,Bukan Special Rate,Tidak Diperlukan (< Batas LPS),Bukan Early Break,Tidak Ada Indikasi,Dormant Diaktifkan Tiba-tiba,Override Teller / Tanpa Otorisasi,Ya (Anomali),5,4,Rekening pasif (Dormant) diaktifkan tiba-tiba diikuti penarikan dana masif tanpa otorisasi Pejabat Cabang
FUND-0293,Kantor Pusat,Deposito Berjangka,Pembaruan Otomatis (ARO),15876.35,3.78,4.25,Bukan Special Rate,Tidak Diperlukan (< Batas LPS),Bukan Early Break,Tidak Ada Indikasi,Aktif Normal,Disetujui Branch Manager / Operasional,Tidak,1,1,-
FUND-0294,Kantor Pusat,Deposito Berjangka,Penempatan Baru,10246.91,7.14,4.25,Tanpa Persetujuan ALCO,Tanpa Surat Pelepasan (Pelanggaran),Bukan Early Break,Tidak Ada Indikasi,Aktif Normal,Override Teller / Tanpa Otorisasi,Ya (Anomali),5,5,Bunga Deposito (7.14%) melampaui batas LPS (4.25%) tanpa Surat Pelepasan LPS & tanpa persetujuan ALCO
FUND-0295,Cabang Surabaya,Deposito On Call,Penarikan / Pencairan,6190.45,3.52,4.25,Bukan Special Rate,Tidak Diperlukan (< Batas LPS),Bukan Early Break,Tidak Ada Indikasi,Aktif Normal,Disetujui Branch Manager / Operasional,Tidak,1,1,-
FUND-0296,Cabang Jakarta,Deposito Berjangka,Penempatan Baru,12187.71,4.19,4.25,Bukan Special Rate,Tidak Diperlukan (< Batas LPS),Bukan Early Break,Tidak Ada Indikasi,Aktif Normal,Disetujui Branch Manager / Operasional,Tidak,1,1,-
FUND-0297,Kantor Pusat,Giro Korporasi,Penempatan Baru,7424.28,2.21,4.25,Bukan Special Rate,Tidak Diperlukan (< Batas LPS),Bukan Early Break,Tidak Ada Indikasi,Aktif Normal,Disetujui Branch Manager / Operasional,Tidak,1,1,-
FUND-0298,Cabang Jakarta,Deposito On Call,Pembaruan Otomatis (ARO),13991.5,3.55,4.25,Bukan Special Rate,Tidak Diperlukan (< Batas LPS),Bukan Early Break,Tidak Ada Indikasi,Aktif Normal,Disetujui Branch Manager / Operasional,Tidak,2,1,-
FUND-0299,Cabang Jakarta,Deposito Berjangka,Pembaruan Otomatis (ARO),8071.39,3.08,4.25,Bukan Special Rate,Tidak Diperlukan (< Batas LPS),Bukan Early Break,Tidak Ada Indikasi,Aktif Normal,Disetujui Branch Manager / Operasional,Tidak,1,1,-
FUND-0300,Cabang Jakarta,Giro Individu,Penarikan / Pencairan,6346.36,1.98,4.25,Bukan Special Rate,Tidak Diperlukan (< Batas LPS),Bukan Early Break,Tidak Ada Indikasi,Dormant Diaktifkan Tiba-tiba,Override Teller / Tanpa Otorisasi,Ya (Anomali),5,4,Rekening pasif (Dormant) diaktifkan tiba-tiba diikuti penarikan dana masif tanpa otorisasi Pejabat Cabang
FUND-0301,Cabang Bandung,Deposito Berjangka,Penempatan Baru,2664.03,3.71,4.25,Bukan Special Rate,Tidak Diperlukan (< Batas LPS),Bukan Early Break,Tidak Ada Indikasi,Aktif Normal,Disetujui Branch Manager / Operasional,Tidak,2,2,-
FUND-0302,Cabang Jakarta,Tabungan Bisnis,Penarikan / Pencairan,468.38,1.65,4.25,Bukan Special Rate,Tidak Diperlukan (< Batas LPS),Bukan Early Break,Tidak Ada Indikasi,Aktif Normal,Disetujui Branch Manager / Operasional,Tidak,1,1,-
FUND-0303,Kantor Pusat,Giro Individu,Penarikan / Pencairan,2513.64,1.5,4.25,Bukan Special Rate,Tidak Diperlukan (< Batas LPS),Bukan Early Break,Tidak Ada Indikasi,Aktif Normal,Disetujui Branch Manager / Operasional,Tidak,1,1,-
FUND-0304,Cabang Surabaya,Deposito On Call,Penempatan Baru,13861.14,9.68,4.25,Tanpa Persetujuan ALCO,Tanpa Surat Pelepasan (Pelanggaran),Bukan Early Break,Tidak Ada Indikasi,Aktif Normal,Override Teller / Tanpa Otorisasi,Ya (Anomali),5,4,Bunga Deposito (9.68%) melampaui batas LPS (4.25%) tanpa Surat Pelepasan LPS & tanpa persetujuan ALCO
FUND-0305,Cabang Medan,Tabungan Reguler,Penarikan / Pencairan,72.43,0.96,4.25,Bukan Special Rate,Tidak Diperlukan (< Batas LPS),Bukan Early Break,Tidak Ada Indikasi,Aktif Normal,Disetujui Branch Manager / Operasional,Tidak,2,1,-
FUND-0306,Cabang Surabaya,Tabungan Bisnis,Penarikan / Pencairan,558.4,2.1,4.25,Bukan Special Rate,Tidak Diperlukan (< Batas LPS),Bukan Early Break,Tidak Ada Indikasi,Aktif Normal,Disetujui Branch Manager / Operasional,Tidak,2,1,-
FUND-0307,Kantor Pusat,Deposito Berjangka,Pembaruan Otomatis (ARO),16308.33,3.1,4.25,Bukan Special Rate,Tidak Diperlukan (< Batas LPS),Bukan Early Break,Tidak Ada Indikasi,Aktif Normal,Disetujui Branch Manager / Operasional,Tidak,2,1,-
FUND-0308,Cabang Surabaya,Tabungan Reguler,Setoran Tambahan,20.68,1.1,4.25,Bukan Special Rate,Tidak Diperlukan (< Batas LPS),Bukan Early Break,Tidak Ada Indikasi,Aktif Normal,Disetujui Branch Manager / Operasional,Tidak,2,2,-
FUND-0309,Cabang Jakarta,Tabungan Reguler,Penempatan Baru,69.9,1.33,4.25,Bukan Special Rate,Tidak Diperlukan (< Batas LPS),Bukan Early Break,Tidak Ada Indikasi,Aktif Normal,Disetujui Branch Manager / Operasional,Tidak,1,1,-
FUND-0310,Cabang Bali,Deposito Berjangka,Penempatan Baru,9699.58,3.72,4.25,Bukan Special Rate,Tidak Diperlukan (< Batas LPS),Bukan Early Break,Tidak Ada Indikasi,Aktif Normal,Disetujui Branch Manager / Operasional,Tidak,1,2,-
FUND-0311,Cabang Bandung,Deposito Berjangka,Pembaruan Otomatis (ARO),12777.38,5.14,4.25,Sesuai Ketentuan ALCO,LPS Ditandatangani,Bukan Early Break,Tidak Ada Indikasi,Aktif Normal,Disetujui Branch Manager / Operasional,Tidak,1,2,-
FUND-0312,Cabang Surabaya,Giro Korporasi,Penarikan / Pencairan,1044.79,1.89,4.25,Bukan Special Rate,Tidak Diperlukan (< Batas LPS),Bukan Early Break,Tidak Ada Indikasi,Aktif Normal,Disetujui Branch Manager / Operasional,Tidak,2,1,-
FUND-0313,Cabang Jakarta,Tabungan Bisnis,Penempatan Baru,1448.65,1.53,4.25,Bukan Special Rate,Tidak Diperlukan (< Batas LPS),Bukan Early Break,Tidak Ada Indikasi,Aktif Normal,Disetujui Branch Manager / Operasional,Tidak,1,1,-
FUND-0314,Cabang Medan,Deposito Berjangka,Penempatan Baru,1972.81,4.15,4.25,Bukan Special Rate,Tidak Diperlukan (< Batas LPS),Bukan Early Break,Potensi Structuring Bilyet Deposito,Aktif Normal,Disetujui Branch Manager / Operasional,Ya (Anomali),4,4,Indikasi Structuring bilyet deposito berulang nominal Rp 1972.81 Juta mendekati batas maksimal penjaminan LPS (Rp 2 Miliar)
FUND-0315,Cabang Bandung,Tabungan Reguler,Penempatan Baru,78.36,0.79,4.25,Bukan Special Rate,Tidak Diperlukan (< Batas LPS),Bukan Early Break,Tidak Ada Indikasi,Aktif Normal,Disetujui Branch Manager / Operasional,Tidak,1,1,-
FUND-0316,Cabang Medan,Deposito Berjangka,Penarikan / Pencairan,9971.09,2.95,4.25,Bukan Special Rate,Tidak Diperlukan (< Batas LPS),Bukan Early Break,Tidak Ada Indikasi,Aktif Normal,Disetujui Branch Manager / Operasional,Tidak,2,1,-
FUND-0317,Kantor Pusat,Giro Korporasi,Penarikan / Pencairan,3791.36,1.13,4.25,Bukan Special Rate,Tidak Diperlukan (< Batas LPS),Bukan Early Break,Tidak Ada Indikasi,Aktif Normal,Disetujui Branch Manager / Operasional,Tidak,1,2,-
FUND-0318,Kantor Pusat,Deposito Berjangka,Penempatan Baru,1975.34,4.14,4.25,Bukan Special Rate,Tidak Diperlukan (< Batas LPS),Bukan Early Break,Potensi Structuring Bilyet Deposito,Aktif Normal,Disetujui Branch Manager / Operasional,Ya (Anomali),5,4,Indikasi Structuring bilyet deposito berulang nominal Rp 1975.34 Juta mendekati batas maksimal penjaminan LPS (Rp 2 Miliar)
FUND-0319,Cabang Surabaya,Deposito Berjangka,Penempatan Baru,996.75,2.93,4.25,Bukan Special Rate,Tidak Diperlukan (< Batas LPS),Bukan Early Break,Tidak Ada Indikasi,Aktif Normal,Disetujui Branch Manager / Operasional,Tidak,1,1,-
FUND-0320,Cabang Bali,Deposito On Call,Pembaruan Otomatis (ARO),11091.04,8.23,4.25,Tanpa Persetujuan ALCO,Tanpa Surat Pelepasan (Pelanggaran),Bukan Early Break,Tidak Ada Indikasi,Aktif Normal,Override Teller / Tanpa Otorisasi,Ya (Anomali),5,5,Bunga Deposito (8.23%) melampaui batas LPS (4.25%) tanpa Surat Pelepasan LPS & tanpa persetujuan ALCO
FUND-0321,Cabang Surabaya,Tabungan Reguler,Penempatan Baru,275.31,0.76,4.25,Bukan Special Rate,Tidak Diperlukan (< Batas LPS),Bukan Early Break,Tidak Ada Indikasi,Aktif Normal,Disetujui Branch Manager / Operasional,Tidak,2,2,-
FUND-0322,Kantor Pusat,Deposito Berjangka,Pembaruan Otomatis (ARO),3572.41,3.34,4.25,Bukan Special Rate,Tidak Diperlukan (< Batas LPS),Bukan Early Break,Tidak Ada Indikasi,Aktif Normal,Disetujui Branch Manager / Operasional,Tidak,1,1,-
FUND-0323,Cabang Bandung,Deposito Berjangka,Penempatan Baru,2138.63,4.16,4.25,Bukan Special Rate,Tidak Diperlukan (< Batas LPS),Bukan Early Break,Tidak Ada Indikasi,Aktif Normal,Disetujui Branch Manager / Operasional,Tidak,1,1,-
FUND-0324,Cabang Surabaya,Deposito Berjangka,Penempatan Baru,10350.89,4.07,4.25,Bukan Special Rate,Tidak Diperlukan (< Batas LPS),Bukan Early Break,Tidak Ada Indikasi,Aktif Normal,Disetujui Branch Manager / Operasional,Tidak,1,2,-
FUND-0325,Cabang Medan,Tabungan Bisnis,Penarikan / Pencairan,46506.34,1.06,4.25,Bukan Special Rate,Tidak Diperlukan (< Batas LPS),Bukan Early Break,Tidak Ada Indikasi,Aktif Normal,Override Teller / Tanpa Otorisasi,Ya (Anomali),5,4,Penarikan dana masif sebesar Rp 46506.34 Juta tanpa verifikasi Cash Transaction Report (CTR) dan otorisasi Pejabat
FUND-0326,Cabang Bandung,Deposito On Call,Pembaruan Otomatis (ARO),8570.39,2.93,4.25,Bukan Special Rate,Tidak Diperlukan (< Batas LPS),Bukan Early Break,Tidak Ada Indikasi,Aktif Normal,Disetujui Branch Manager / Operasional,Tidak,1,1,-
FUND-0327,Cabang Jakarta,Tabungan Reguler,Penarikan / Pencairan,257.94,1.99,4.25,Bukan Special Rate,Tidak Diperlukan (< Batas LPS),Bukan Early Break,Tidak Ada Indikasi,Aktif Normal,Disetujui Branch Manager / Operasional,Tidak,1,1,-
FUND-0328,Cabang Jakarta,Tabungan Bisnis,Setoran Tambahan,439.33,2.17,4.25,Bukan Special Rate,Tidak Diperlukan (< Batas LPS),Bukan Early Break,Tidak Ada Indikasi,Aktif Normal,Disetujui Branch Manager / Operasional,Tidak,1,2,-
FUND-0329,Kantor Pusat,Tabungan Reguler,Penempatan Baru,68.11,1.21,4.25,Bukan Special Rate,Tidak Diperlukan (< Batas LPS),Bukan Early Break,Tidak Ada Indikasi,Aktif Normal,Disetujui Branch Manager / Operasional,Tidak,1,1,-
FUND-0330,Cabang Bali,Giro Korporasi,Penarikan / Pencairan,2519.4,1.78,4.25,Bukan Special Rate,Tidak Diperlukan (< Batas LPS),Bukan Early Break,Tidak Ada Indikasi,Aktif Normal,Disetujui Branch Manager / Operasional,Tidak,1,1,-
FUND-0331,Cabang Bali,Tabungan Bisnis,Penarikan / Pencairan,2161.14,1.66,4.25,Bukan Special Rate,Tidak Diperlukan (< Batas LPS),Bukan Early Break,Tidak Ada Indikasi,Aktif Normal,Disetujui Branch Manager / Operasional,Tidak,2,1,-
FUND-0332,Kantor Pusat,Deposito Berjangka,Penempatan Baru,9469.38,3.19,4.25,Bukan Special Rate,Tidak Diperlukan (< Batas LPS),Bukan Early Break,Tidak Ada Indikasi,Aktif Normal,Disetujui Branch Manager / Operasional,Tidak,1,1,-
FUND-0333,Cabang Jakarta,Tabungan Bisnis,Penempatan Baru,1324.17,2.07,4.25,Bukan Special Rate,Tidak Diperlukan (< Batas LPS),Bukan Early Break,Tidak Ada Indikasi,Aktif Normal,Disetujui Branch Manager / Operasional,Tidak,1,2,-
FUND-0334,Cabang Surabaya,Tabungan Reguler,Penarikan / Pencairan,247.41,1.05,4.25,Bukan Special Rate,Tidak Diperlukan (< Batas LPS),Bukan Early Break,Tidak Ada Indikasi,Aktif Normal,Disetujui Branch Manager / Operasional,Tidak,1,1,-
FUND-0335,Cabang Jakarta,Deposito Berjangka,Pembaruan Otomatis (ARO),1018.61,8.22,4.25,Tanpa Persetujuan ALCO,Tanpa Surat Pelepasan (Pelanggaran),Bukan Early Break,Tidak Ada Indikasi,Aktif Normal,Override Teller / Tanpa Otorisasi,Ya (Anomali),5,5,Bunga Deposito (8.22%) melampaui batas LPS (4.25%) tanpa Surat Pelepasan LPS & tanpa persetujuan ALCO
FUND-0336,Cabang Jakarta,Tabungan Reguler,Setoran Tambahan,27.96,1.56,4.25,Bukan Special Rate,Tidak Diperlukan (< Batas LPS),Bukan Early Break,Tidak Ada Indikasi,Aktif Normal,Disetujui Branch Manager / Operasional,Tidak,1,1,-
FUND-0337,Kantor Pusat,Giro Korporasi,Penarikan / Pencairan,5706.4,2.23,4.25,Bukan Special Rate,Tidak Diperlukan (< Batas LPS),Bukan Early Break,Tidak Ada Indikasi,Aktif Normal,Disetujui Branch Manager / Operasional,Tidak,1,1,-
FUND-0338,Cabang Bandung,Deposito Berjangka,Pembaruan Otomatis (ARO),8159.23,3.0,4.25,Bukan Special Rate,Tidak Diperlukan (< Batas LPS),Bukan Early Break,Tidak Ada Indikasi,Aktif Normal,Disetujui Branch Manager / Operasional,Tidak,2,2,-
FUND-0339,Kantor Pusat,Deposito Berjangka,Pencairan Sebelum Jatuh Tempo (Early Break),12686.73,3.86,4.25,Bukan Special Rate,Tidak Diperlukan (< Batas LPS),Bebas Penalti Tanpa Otorisasi,Tidak Ada Indikasi,Aktif Normal,Override Teller / Tanpa Otorisasi,Ya (Anomali),4,4,Pencairan Deposito sebelum jatuh tempo (Early Break) tanpa pengenaan penalti dan tanpa otorisasi Branch Manager
FUND-0340,Cabang Medan,Giro Korporasi,Setoran Tambahan,5172.05,1.11,4.25,Bukan Special Rate,Tidak Diperlukan (< Batas LPS),Bukan Early Break,Tidak Ada Indikasi,Aktif Normal,Disetujui Branch Manager / Operasional,Tidak,1,2,-
FUND-0341,Cabang Bandung,Deposito Berjangka,Pencairan Sebelum Jatuh Tempo (Early Break),18302.22,4.22,4.25,Bukan Special Rate,Tidak Diperlukan (< Batas LPS),Bebas Penalti Tanpa Otorisasi,Tidak Ada Indikasi,Aktif Normal,Override Teller / Tanpa Otorisasi,Ya (Anomali),4,4,Pencairan Deposito sebelum jatuh tempo (Early Break) tanpa pengenaan penalti dan tanpa otorisasi Branch Manager
FUND-0342,Kantor Pusat,Tabungan Bisnis,Penarikan / Pencairan,2416.82,2.39,4.25,Bukan Special Rate,Tidak Diperlukan (< Batas LPS),Bukan Early Break,Tidak Ada Indikasi,Aktif Normal,Disetujui Branch Manager / Operasional,Tidak,2,1,-
FUND-0343,Cabang Medan,Giro Korporasi,Penempatan Baru,816.69,1.33,4.25,Bukan Special Rate,Tidak Diperlukan (< Batas LPS),Bukan Early Break,Tidak Ada Indikasi,Aktif Normal,Disetujui Branch Manager / Operasional,Tidak,2,1,-
FUND-0344,Cabang Bandung,Deposito On Call,Penempatan Baru,4904.16,2.62,4.25,Bukan Special Rate,Tidak Diperlukan (< Batas LPS),Bukan Early Break,Tidak Ada Indikasi,Aktif Normal,Disetujui Branch Manager / Operasional,Tidak,1,1,-
FUND-0345,Cabang Bandung,Deposito Berjangka,Penempatan Baru,4881.45,3.93,4.25,Bukan Special Rate,Tidak Diperlukan (< Batas LPS),Bukan Early Break,Tidak Ada Indikasi,Aktif Normal,Disetujui Branch Manager / Operasional,Tidak,2,1,-
FUND-0346,Cabang Jakarta,Deposito Berjangka,Penempatan Baru,8383.08,3.74,4.25,Bukan Special Rate,Tidak Diperlukan (< Batas LPS),Bukan Early Break,Tidak Ada Indikasi,Aktif Normal,Disetujui Branch Manager / Operasional,Tidak,2,1,-
FUND-0347,Cabang Jakarta,Giro Korporasi,Setoran Tambahan,3603.17,1.4,4.25,Bukan Special Rate,Tidak Diperlukan (< Batas LPS),Bukan Early Break,Tidak Ada Indikasi,Aktif Normal,Disetujui Branch Manager / Operasional,Tidak,1,1,-
FUND-0348,Cabang Jakarta,Tabungan Reguler,Penempatan Baru,18.55,1.09,4.25,Bukan Special Rate,Tidak Diperlukan (< Batas LPS),Bukan Early Break,Tidak Ada Indikasi,Aktif Normal,Disetujui Branch Manager / Operasional,Tidak,1,2,-
FUND-0349,Cabang Bali,Deposito Berjangka,Pencairan Sebelum Jatuh Tempo (Early Break),7792.75,3.71,4.25,Bukan Special Rate,Tidak Diperlukan (< Batas LPS),Bebas Penalti Tanpa Otorisasi,Tidak Ada Indikasi,Aktif Normal,Override Teller / Tanpa Otorisasi,Ya (Anomali),4,5,Pencairan Deposito sebelum jatuh tempo (Early Break) tanpa pengenaan penalti dan tanpa otorisasi Branch Manager
FUND-0350,Cabang Bandung,Deposito Berjangka,Penempatan Baru,9429.06,5.71,4.25,Sesuai Ketentuan ALCO,LPS Ditandatangani,Bukan Early Break,Tidak Ada Indikasi,Aktif Normal,Disetujui Branch Manager / Operasional,Tidak,1,1,-
FUND-0351,Cabang Bali,Giro Individu,Penempatan Baru,1402.04,1.16,4.25,Bukan Special Rate,Tidak Diperlukan (< Batas LPS),Bukan Early Break,Tidak Ada Indikasi,Aktif Normal,Disetujui Branch Manager / Operasional,Tidak,2,2,-
FUND-0352,Cabang Medan,Giro Korporasi,Penarikan / Pencairan,7740.3,1.52,4.25,Bukan Special Rate,Tidak Diperlukan (< Batas LPS),Bukan Early Break,Tidak Ada Indikasi,Aktif Normal,Disetujui Branch Manager / Operasional,Tidak,2,1,-
FUND-0353,Cabang Bali,Giro Korporasi,Penempatan Baru,5313.87,2.02,4.25,Bukan Special Rate,Tidak Diperlukan (< Batas LPS),Bukan Early Break,Tidak Ada Indikasi,Aktif Normal,Disetujui Branch Manager / Operasional,Tidak,1,1,-
FUND-0354,Kantor Pusat,Deposito Berjangka,Penempatan Baru,4900.95,3.59,4.25,Bukan Special Rate,Tidak Diperlukan (< Batas LPS),Bukan Early Break,Tidak Ada Indikasi,Aktif Normal,Disetujui Branch Manager / Operasional,Tidak,1,1,-
FUND-0355,Cabang Medan,Giro Individu,Penarikan / Pencairan,7641.07,1.19,4.25,Bukan Special Rate,Tidak Diperlukan (< Batas LPS),Bukan Early Break,Tidak Ada Indikasi,Aktif Normal,Disetujui Branch Manager / Operasional,Tidak,1,1,-
FUND-0356,Kantor Pusat,Tabungan Reguler,Penarikan / Pencairan,217.47,1.54,4.25,Bukan Special Rate,Tidak Diperlukan (< Batas LPS),Bukan Early Break,Tidak Ada Indikasi,Aktif Normal,Disetujui Branch Manager / Operasional,Tidak,1,1,-
FUND-0357,Kantor Pusat,Deposito Berjangka,Penempatan Baru,7621.82,4.11,4.25,Bukan Special Rate,Tidak Diperlukan (< Batas LPS),Bukan Early Break,Tidak Ada Indikasi,Aktif Normal,Disetujui Branch Manager / Operasional,Tidak,2,1,-
FUND-0358,Cabang Bandung,Tabungan Bisnis,Penarikan / Pencairan,1750.17,2.06,4.25,Bukan Special Rate,Tidak Diperlukan (< Batas LPS),Bukan Early Break,Tidak Ada Indikasi,Aktif Normal,Disetujui Branch Manager / Operasional,Tidak,1,1,-
FUND-0359,Kantor Pusat,Deposito Berjangka,Pembaruan Otomatis (ARO),5794.29,2.99,4.25,Bukan Special Rate,Tidak Diperlukan (< Batas LPS),Bukan Early Break,Tidak Ada Indikasi,Aktif Normal,Disetujui Branch Manager / Operasional,Tidak,2,2,-
FUND-0360,Cabang Bali,Tabungan Reguler,Setoran Tambahan,115.42,1.87,4.25,Bukan Special Rate,Tidak Diperlukan (< Batas LPS),Bukan Early Break,Tidak Ada Indikasi,Aktif Normal,Disetujui Branch Manager / Operasional,Tidak,1,1,-
FUND-0361,Kantor Pusat,Tabungan Reguler,Penempatan Baru,204.28,1.2,4.25,Bukan Special Rate,Tidak Diperlukan (< Batas LPS),Bukan Early Break,Tidak Ada Indikasi,Aktif Normal,Disetujui Branch Manager / Operasional,Tidak,2,2,-
FUND-0362,Cabang Medan,Giro Korporasi,Penempatan Baru,1775.15,1.76,4.25,Bukan Special Rate,Tidak Diperlukan (< Batas LPS),Bukan Early Break,Tidak Ada Indikasi,Aktif Normal,Disetujui Branch Manager / Operasional,Tidak,1,2,-
FUND-0363,Cabang Bandung,Tabungan Bisnis,Penempatan Baru,593.83,1.6,4.25,Bukan Special Rate,Tidak Diperlukan (< Batas LPS),Bukan Early Break,Tidak Ada Indikasi,Aktif Normal,Disetujui Branch Manager / Operasional,Tidak,1,1,-
FUND-0364,Kantor Pusat,Deposito Berjangka,Pembaruan Otomatis (ARO),14836.21,3.37,4.25,Bukan Special Rate,Tidak Diperlukan (< Batas LPS),Bukan Early Break,Tidak Ada Indikasi,Aktif Normal,Disetujui Branch Manager / Operasional,Tidak,1,1,-
FUND-0365,Cabang Surabaya,Deposito Berjangka,Pencairan Sebelum Jatuh Tempo (Early Break),14812.58,3.93,4.25,Bukan Special Rate,Tidak Diperlukan (< Batas LPS),Bebas Penalti Tanpa Otorisasi,Tidak Ada Indikasi,Aktif Normal,Override Teller / Tanpa Otorisasi,Ya (Anomali),4,4,Pencairan Deposito sebelum jatuh tempo (Early Break) tanpa pengenaan penalti dan tanpa otorisasi Branch Manager
FUND-0366,Cabang Jakarta,Tabungan Bisnis,Penarikan / Pencairan,5937.18,1.16,4.25,Bukan Special Rate,Tidak Diperlukan (< Batas LPS),Bukan Early Break,Tidak Ada Indikasi,Dormant Diaktifkan Tiba-tiba,Override Teller / Tanpa Otorisasi,Ya (Anomali),5,5,Rekening pasif (Dormant) diaktifkan tiba-tiba diikuti penarikan dana masif tanpa otorisasi Pejabat Cabang
FUND-0367,Cabang Jakarta,Deposito Berjangka,Penempatan Baru,15571.77,4.25,4.25,Bukan Special Rate,Tidak Diperlukan (< Batas LPS),Bukan Early Break,Tidak Ada Indikasi,Aktif Normal,Disetujui Branch Manager / Operasional,Tidak,2,1,-
FUND-0368,Cabang Surabaya,Deposito On Call,Penempatan Baru,6693.13,2.66,4.25,Bukan Special Rate,Tidak Diperlukan (< Batas LPS),Bukan Early Break,Tidak Ada Indikasi,Aktif Normal,Disetujui Branch Manager / Operasional,Tidak,2,1,-
FUND-0369,Cabang Jakarta,Deposito Berjangka,Pembaruan Otomatis (ARO),14010.22,4.02,4.25,Bukan Special Rate,Tidak Diperlukan (< Batas LPS),Bukan Early Break,Tidak Ada Indikasi,Aktif Normal,Disetujui Branch Manager / Operasional,Tidak,1,1,-
FUND-0370,Cabang Bandung,Deposito Berjangka,Penempatan Baru,17623.62,3.5,4.25,Bukan Special Rate,Tidak Diperlukan (< Batas LPS),Bukan Early Break,Tidak Ada Indikasi,Aktif Normal,Disetujui Branch Manager / Operasional,Tidak,2,1,-
FUND-0371,Cabang Surabaya,Tabungan Reguler,Penarikan / Pencairan,203.5,1.29,4.25,Bukan Special Rate,Tidak Diperlukan (< Batas LPS),Bukan Early Break,Tidak Ada Indikasi,Aktif Normal,Disetujui Branch Manager / Operasional,Tidak,1,2,-
FUND-0372,Cabang Bandung,Tabungan Bisnis,Penarikan / Pencairan,4517.9,1.73,4.25,Bukan Special Rate,Tidak Diperlukan (< Batas LPS),Bukan Early Break,Tidak Ada Indikasi,Dormant Diaktifkan Tiba-tiba,Override Teller / Tanpa Otorisasi,Ya (Anomali),5,4,Rekening pasif (Dormant) diaktifkan tiba-tiba diikuti penarikan dana masif tanpa otorisasi Pejabat Cabang
FUND-0373,Cabang Jakarta,Tabungan Reguler,Penempatan Baru,13.24,1.31,4.25,Bukan Special Rate,Tidak Diperlukan (< Batas LPS),Bukan Early Break,Tidak Ada Indikasi,Aktif Normal,Disetujui Branch Manager / Operasional,Tidak,1,1,-
FUND-0374,Cabang Bali,Giro Individu,Setoran Tambahan,5309.44,1.72,4.25,Bukan Special Rate,Tidak Diperlukan (< Batas LPS),Bukan Early Break,Tidak Ada Indikasi,Aktif Normal,Disetujui Branch Manager / Operasional,Tidak,2,1,-
FUND-0375,Cabang Surabaya,Tabungan Reguler,Penarikan / Pencairan,65.25,1.12,4.25,Bukan Special Rate,Tidak Diperlukan (< Batas LPS),Bukan Early Break,Tidak Ada Indikasi,Aktif Normal,Disetujui Branch Manager / Operasional,Tidak,1,2,-
FUND-0376,Kantor Pusat,Tabungan Bisnis,Setoran Tambahan,299.64,1.26,4.25,Bukan Special Rate,Tidak Diperlukan (< Batas LPS),Bukan Early Break,Tidak Ada Indikasi,Aktif Normal,Disetujui Branch Manager / Operasional,Tidak,1,1,-
FUND-0377,Cabang Jakarta,Deposito On Call,Penempatan Baru,10209.36,3.71,4.25,Bukan Special Rate,Tidak Diperlukan (< Batas LPS),Bukan Early Break,Tidak Ada Indikasi,Aktif Normal,Disetujui Branch Manager / Operasional,Tidak,1,1,-
FUND-0378,Cabang Surabaya,Deposito On Call,Pembaruan Otomatis (ARO),9958.23,3.56,4.25,Bukan Special Rate,Tidak Diperlukan (< Batas LPS),Bukan Early Break,Tidak Ada Indikasi,Aktif Normal,Disetujui Branch Manager / Operasional,Tidak,1,1,-
FUND-0379,Cabang Jakarta,Giro Korporasi,Penarikan / Pencairan,7993.74,1.36,4.25,Bukan Special Rate,Tidak Diperlukan (< Batas LPS),Bukan Early Break,Tidak Ada Indikasi,Aktif Normal,Disetujui Branch Manager / Operasional,Tidak,1,1,-
FUND-0380,Cabang Surabaya,Tabungan Reguler,Penempatan Baru,326.46,1.25,4.25,Bukan Special Rate,Tidak Diperlukan (< Batas LPS),Bukan Early Break,Tidak Ada Indikasi,Aktif Normal,Disetujui Branch Manager / Operasional,Tidak,1,1,-
FUND-0381,Cabang Jakarta,Giro Individu,Penarikan / Pencairan,3938.5,1.71,4.25,Bukan Special Rate,Tidak Diperlukan (< Batas LPS),Bukan Early Break,Tidak Ada Indikasi,Aktif Normal,Disetujui Branch Manager / Operasional,Tidak,2,2,-
FUND-0382,Kantor Pusat,Deposito Berjangka,Pembaruan Otomatis (ARO),2063.87,7.35,4.25,Tanpa Persetujuan ALCO,Tanpa Surat Pelepasan (Pelanggaran),Bukan Early Break,Tidak Ada Indikasi,Aktif Normal,Override Teller / Tanpa Otorisasi,Ya (Anomali),5,5,Bunga Deposito (7.35%) melampaui batas LPS (4.25%) tanpa Surat Pelepasan LPS & tanpa persetujuan ALCO
FUND-0383,Cabang Jakarta,Tabungan Reguler,Penarikan / Pencairan,292.61,1.77,4.25,Bukan Special Rate,Tidak Diperlukan (< Batas LPS),Bukan Early Break,Tidak Ada Indikasi,Aktif Normal,Disetujui Branch Manager / Operasional,Tidak,1,1,-
FUND-0384,Kantor Pusat,Giro Individu,Setoran Tambahan,6315.11,1.64,4.25,Bukan Special Rate,Tidak Diperlukan (< Batas LPS),Bukan Early Break,Tidak Ada Indikasi,Aktif Normal,Disetujui Branch Manager / Operasional,Tidak,1,1,-
FUND-0385,Cabang Bandung,Tabungan Reguler,Penarikan / Pencairan,146.7,1.38,4.25,Bukan Special Rate,Tidak Diperlukan (< Batas LPS),Bukan Early Break,Tidak Ada Indikasi,Aktif Normal,Disetujui Branch Manager / Operasional,Tidak,1,1,-
FUND-0386,Cabang Jakarta,Deposito Berjangka,Penempatan Baru,14239.72,3.2,4.25,Bukan Special Rate,Tidak Diperlukan (< Batas LPS),Bukan Early Break,Tidak Ada Indikasi,Aktif Normal,Disetujui Branch Manager / Operasional,Tidak,1,2,-
FUND-0387,Cabang Bandung,Deposito Berjangka,Penempatan Baru,17760.18,3.31,4.25,Bukan Special Rate,Tidak Diperlukan (< Batas LPS),Bukan Early Break,Tidak Ada Indikasi,Aktif Normal,Disetujui Branch Manager / Operasional,Tidak,2,2,-
FUND-0388,Cabang Bandung,Deposito Berjangka,Penempatan Baru,756.55,5.43,4.25,Sesuai Ketentuan ALCO,LPS Ditandatangani,Bukan Early Break,Tidak Ada Indikasi,Aktif Normal,Disetujui Branch Manager / Operasional,Tidak,1,1,-
FUND-0389,Cabang Jakarta,Giro Individu,Penempatan Baru,3243.06,2.21,4.25,Bukan Special Rate,Tidak Diperlukan (< Batas LPS),Bukan Early Break,Tidak Ada Indikasi,Aktif Normal,Disetujui Branch Manager / Operasional,Tidak,2,2,-
FUND-0390,Cabang Surabaya,Tabungan Bisnis,Penempatan Baru,943.19,2.52,4.25,Bukan Special Rate,Tidak Diperlukan (< Batas LPS),Bukan Early Break,Tidak Ada Indikasi,Aktif Normal,Disetujui Branch Manager / Operasional,Tidak,1,2,-
FUND-0391,Cabang Jakarta,Tabungan Bisnis,Setoran Tambahan,1451.7,1.52,4.25,Bukan Special Rate,Tidak Diperlukan (< Batas LPS),Bukan Early Break,Tidak Ada Indikasi,Aktif Normal,Disetujui Branch Manager / Operasional,Tidak,1,1,-
FUND-0392,Cabang Surabaya,Deposito Berjangka,Penempatan Baru,9036.21,3.81,4.25,Bukan Special Rate,Tidak Diperlukan (< Batas LPS),Bukan Early Break,Tidak Ada Indikasi,Aktif Normal,Disetujui Branch Manager / Operasional,Tidak,1,1,-
FUND-0393,Cabang Bandung,Tabungan Reguler,Penarikan / Pencairan,341.46,1.96,4.25,Bukan Special Rate,Tidak Diperlukan (< Batas LPS),Bukan Early Break,Tidak Ada Indikasi,Aktif Normal,Disetujui Branch Manager / Operasional,Tidak,1,2,-
FUND-0394,Cabang Jakarta,Giro Korporasi,Penarikan / Pencairan,4234.79,1.14,4.25,Bukan Special Rate,Tidak Diperlukan (< Batas LPS),Bukan Early Break,Tidak Ada Indikasi,Aktif Normal,Disetujui Branch Manager / Operasional,Tidak,2,1,-
FUND-0395,Cabang Jakarta,Deposito Berjangka,Pencairan Sebelum Jatuh Tempo (Early Break),4553.53,3.81,4.25,Bukan Special Rate,Tidak Diperlukan (< Batas LPS),Penalti Dikenakan Sesuai Ketentuan,Tidak Ada Indikasi,Aktif Normal,Disetujui Branch Manager / Operasional,Tidak,1,1,-
FUND-0396,Kantor Pusat,Deposito On Call,Pembaruan Otomatis (ARO),11058.66,7.55,4.25,Tanpa Persetujuan ALCO,Tanpa Surat Pelepasan (Pelanggaran),Bukan Early Break,Tidak Ada Indikasi,Aktif Normal,Override Teller / Tanpa Otorisasi,Ya (Anomali),5,5,Bunga Deposito (7.55%) melampaui batas LPS (4.25%) tanpa Surat Pelepasan LPS & tanpa persetujuan ALCO
FUND-0397,Cabang Jakarta,Tabungan Bisnis,Setoran Tambahan,1112.85,2.61,4.25,Bukan Special Rate,Tidak Diperlukan (< Batas LPS),Bukan Early Break,Tidak Ada Indikasi,Aktif Normal,Disetujui Branch Manager / Operasional,Tidak,1,2,-
FUND-0398,Cabang Bandung,Giro Korporasi,Penempatan Baru,4741.93,1.88,4.25,Bukan Special Rate,Tidak Diperlukan (< Batas LPS),Bukan Early Break,Tidak Ada Indikasi,Aktif Normal,Disetujui Branch Manager / Operasional,Tidak,1,1,-
FUND-0399,Cabang Surabaya,Deposito Berjangka,Penempatan Baru,13487.53,3.07,4.25,Bukan Special Rate,Tidak Diperlukan (< Batas LPS),Bukan Early Break,Tidak Ada Indikasi,Aktif Normal,Disetujui Branch Manager / Operasional,Tidak,2,1,-
FUND-0400,Cabang Surabaya,Deposito Berjangka,Pembaruan Otomatis (ARO),7369.08,3.73,4.25,Bukan Special Rate,Tidak Diperlukan (< Batas LPS),Bukan Early Break,Tidak Ada Indikasi,Aktif Normal,Disetujui Branch Manager / Operasional,Tidak,2,1,-
FUND-0401,Cabang Jakarta,Deposito Berjangka,Pembaruan Otomatis (ARO),5022.37,3.62,4.25,Bukan Special Rate,Tidak Diperlukan (< Batas LPS),Bukan Early Break,Tidak Ada Indikasi,Aktif Normal,Disetujui Branch Manager / Operasional,Tidak,1,1,-
FUND-0402,Cabang Bali,Giro Korporasi,Penempatan Baru,2933.05,11.24,4.25,Tanpa Persetujuan ALCO,LPS Ditandatangani,Bukan Early Break,Tidak Ada Indikasi,Aktif Normal,Override Teller / Tanpa Otorisasi,Ya (Anomali),5,4,Pemberian suku bunga pendanaan ekstrem (11.24%) di luar kewajaran pasar tanpa persetujuan ALCO (potensi conflict of interest)
FUND-0403,Cabang Bandung,Tabungan Reguler,Penarikan / Pencairan,253.12,1.04,4.25,Bukan Special Rate,Tidak Diperlukan (< Batas LPS),Bukan Early Break,Tidak Ada Indikasi,Aktif Normal,Disetujui Branch Manager / Operasional,Tidak,2,2,-
FUND-0404,Cabang Surabaya,Deposito Berjangka,Pencairan Sebelum Jatuh Tempo (Early Break),12508.29,4.02,4.25,Bukan Special Rate,Tidak Diperlukan (< Batas LPS),Bebas Penalti Tanpa Otorisasi,Tidak Ada Indikasi,Aktif Normal,Override Teller / Tanpa Otorisasi,Ya (Anomali),4,4,Pencairan Deposito sebelum jatuh tempo (Early Break) tanpa pengenaan penalti dan tanpa otorisasi Branch Manager
FUND-0405,Kantor Pusat,Tabungan Bisnis,Penarikan / Pencairan,1134.24,2.22,4.25,Bukan Special Rate,Tidak Diperlukan (< Batas LPS),Bukan Early Break,Tidak Ada Indikasi,Aktif Normal,Disetujui Branch Manager / Operasional,Tidak,2,1,-
FUND-0406,Cabang Bandung,Giro Individu,Setoran Tambahan,3661.63,1.14,4.25,Bukan Special Rate,Tidak Diperlukan (< Batas LPS),Bukan Early Break,Tidak Ada Indikasi,Aktif Normal,Disetujui Branch Manager / Operasional,Tidak,2,2,-
FUND-0407,Cabang Bandung,Tabungan Reguler,Setoran Tambahan,48.31,0.77,4.25,Bukan Special Rate,Tidak Diperlukan (< Batas LPS),Bukan Early Break,Tidak Ada Indikasi,Aktif Normal,Disetujui Branch Manager / Operasional,Tidak,2,2,-
FUND-0408,Cabang Bandung,Tabungan Bisnis,Penempatan Baru,1069.58,1.97,4.25,Bukan Special Rate,Tidak Diperlukan (< Batas LPS),Bukan Early Break,Tidak Ada Indikasi,Aktif Normal,Disetujui Branch Manager / Operasional,Tidak,1,1,-
FUND-0409,Cabang Bandung,Deposito On Call,Penarikan / Pencairan,4495.72,2.92,4.25,Bukan Special Rate,Tidak Diperlukan (< Batas LPS),Bukan Early Break,Tidak Ada Indikasi,Aktif Normal,Disetujui Branch Manager / Operasional,Tidak,2,2,-
FUND-0410,Cabang Bandung,Giro Korporasi,Setoran Tambahan,1544.23,2.2,4.25,Bukan Special Rate,Tidak Diperlukan (< Batas LPS),Bukan Early Break,Tidak Ada Indikasi,Aktif Normal,Disetujui Branch Manager / Operasional,Tidak,1,1,-
FUND-0411,Cabang Surabaya,Deposito On Call,Penempatan Baru,9192.19,3.63,4.25,Bukan Special Rate,Tidak Diperlukan (< Batas LPS),Bukan Early Break,Tidak Ada Indikasi,Aktif Normal,Disetujui Branch Manager / Operasional,Tidak,1,1,-
FUND-0412,Cabang Medan,Deposito Berjangka,Penempatan Baru,15570.63,2.87,4.25,Bukan Special Rate,Tidak Diperlukan (< Batas LPS),Bukan Early Break,Tidak Ada Indikasi,Aktif Normal,Disetujui Branch Manager / Operasional,Tidak,1,1,-
FUND-0413,Cabang Surabaya,Deposito Berjangka,Penempatan Baru,15344.27,3.52,4.25,Bukan Special Rate,Tidak Diperlukan (< Batas LPS),Bukan Early Break,Tidak Ada Indikasi,Aktif Normal,Disetujui Branch Manager / Operasional,Tidak,1,1,-
FUND-0414,Cabang Surabaya,Deposito Berjangka,Pembaruan Otomatis (ARO),683.84,3.05,4.25,Bukan Special Rate,Tidak Diperlukan (< Batas LPS),Bukan Early Break,Tidak Ada Indikasi,Aktif Normal,Disetujui Branch Manager / Operasional,Tidak,2,1,-
FUND-0415,Kantor Pusat,Giro Korporasi,Setoran Tambahan,1653.56,1.92,4.25,Bukan Special Rate,Tidak Diperlukan (< Batas LPS),Bukan Early Break,Tidak Ada Indikasi,Aktif Normal,Disetujui Branch Manager / Operasional,Tidak,1,2,-
FUND-0416,Cabang Jakarta,Giro Korporasi,Penempatan Baru,3609.05,1.84,4.25,Bukan Special Rate,Tidak Diperlukan (< Batas LPS),Bukan Early Break,Tidak Ada Indikasi,Aktif Normal,Disetujui Branch Manager / Operasional,Tidak,1,2,-
FUND-0417,Cabang Surabaya,Deposito Berjangka,Pencairan Sebelum Jatuh Tempo (Early Break),16374.71,3.55,4.25,Bukan Special Rate,Tidak Diperlukan (< Batas LPS),Penalti Dikenakan Sesuai Ketentuan,Tidak Ada Indikasi,Aktif Normal,Disetujui Branch Manager / Operasional,Tidak,2,1,-
FUND-0418,Cabang Bandung,Deposito Berjangka,Pembaruan Otomatis (ARO),5724.02,5.2,4.25,Sesuai Ketentuan ALCO,LPS Ditandatangani,Bukan Early Break,Tidak Ada Indikasi,Aktif Normal,Disetujui Branch Manager / Operasional,Tidak,1,1,-
FUND-0419,Cabang Bandung,Deposito On Call,Pembaruan Otomatis (ARO),4424.34,2.6,4.25,Bukan Special Rate,Tidak Diperlukan (< Batas LPS),Bukan Early Break,Tidak Ada Indikasi,Aktif Normal,Disetujui Branch Manager / Operasional,Tidak,2,1,-
FUND-0420,Cabang Surabaya,Deposito Berjangka,Pembaruan Otomatis (ARO),12909.33,3.05,4.25,Bukan Special Rate,Tidak Diperlukan (< Batas LPS),Bukan Early Break,Tidak Ada Indikasi,Aktif Normal,Disetujui Branch Manager / Operasional,Tidak,1,1,-
FUND-0421,Cabang Bandung,Deposito Berjangka,Pembaruan Otomatis (ARO),1345.96,4.71,4.25,Sesuai Ketentuan ALCO,LPS Ditandatangani,Bukan Early Break,Tidak Ada Indikasi,Aktif Normal,Disetujui Branch Manager / Operasional,Tidak,1,2,-
FUND-0422,Cabang Jakarta,Deposito Berjangka,Pembaruan Otomatis (ARO),15719.38,3.96,4.25,Bukan Special Rate,Tidak Diperlukan (< Batas LPS),Bukan Early Break,Tidak Ada Indikasi,Aktif Normal,Disetujui Branch Manager / Operasional,Tidak,1,1,-
FUND-0423,Cabang Jakarta,Deposito Berjangka,Penempatan Baru,10757.3,10.98,4.25,Tanpa Persetujuan ALCO,LPS Ditandatangani,Bukan Early Break,Tidak Ada Indikasi,Aktif Normal,Override Teller / Tanpa Otorisasi,Ya (Anomali),5,5,Pemberian suku bunga pendanaan ekstrem (10.98%) di luar kewajaran pasar tanpa persetujuan ALCO (potensi conflict of interest)
FUND-0424,Cabang Surabaya,Deposito Berjangka,Penempatan Baru,8052.57,4.08,4.25,Bukan Special Rate,Tidak Diperlukan (< Batas LPS),Bukan Early Break,Tidak Ada Indikasi,Aktif Normal,Disetujui Branch Manager / Operasional,Tidak,1,1,-
FUND-0425,Cabang Bali,Deposito Berjangka,Penempatan Baru,10542.55,3.32,4.25,Bukan Special Rate,Tidak Diperlukan (< Batas LPS),Bukan Early Break,Tidak Ada Indikasi,Aktif Normal,Disetujui Branch Manager / Operasional,Tidak,1,1,-
FUND-0426,Kantor Pusat,Deposito Berjangka,Penempatan Baru,2776.65,5.25,4.25,Sesuai Ketentuan ALCO,LPS Ditandatangani,Bukan Early Break,Tidak Ada Indikasi,Aktif Normal,Disetujui Branch Manager / Operasional,Tidak,1,1,-
FUND-0427,Kantor Pusat,Giro Korporasi,Penarikan / Pencairan,2804.92,1.68,4.25,Bukan Special Rate,Tidak Diperlukan (< Batas LPS),Bukan Early Break,Tidak Ada Indikasi,Aktif Normal,Disetujui Branch Manager / Operasional,Tidak,1,2,-
FUND-0428,Kantor Pusat,Tabungan Reguler,Penempatan Baru,167.08,1.32,4.25,Bukan Special Rate,Tidak Diperlukan (< Batas LPS),Bukan Early Break,Tidak Ada Indikasi,Aktif Normal,Disetujui Branch Manager / Operasional,Tidak,1,1,-
FUND-0429,Cabang Medan,Tabungan Reguler,Penarikan / Pencairan,49.28,1.56,4.25,Bukan Special Rate,Tidak Diperlukan (< Batas LPS),Bukan Early Break,Tidak Ada Indikasi,Aktif Normal,Disetujui Branch Manager / Operasional,Tidak,2,2,-
FUND-0430,Cabang Bandung,Deposito Berjangka,Pembaruan Otomatis (ARO),4308.62,3.87,4.25,Bukan Special Rate,Tidak Diperlukan (< Batas LPS),Bukan Early Break,Tidak Ada Indikasi,Aktif Normal,Disetujui Branch Manager / Operasional,Tidak,1,2,-
FUND-0431,Cabang Bali,Deposito Berjangka,Penempatan Baru,15637.95,3.38,4.25,Bukan Special Rate,Tidak Diperlukan (< Batas LPS),Bukan Early Break,Tidak Ada Indikasi,Aktif Normal,Disetujui Branch Manager / Operasional,Tidak,1,1,-
FUND-0432,Cabang Bandung,Tabungan Reguler,Penempatan Baru,349.01,1.28,4.25,Bukan Special Rate,Tidak Diperlukan (< Batas LPS),Bukan Early Break,Tidak Ada Indikasi,Aktif Normal,Disetujui Branch Manager / Operasional,Tidak,1,1,-
FUND-0433,Cabang Bandung,Deposito Berjangka,Penempatan Baru,1816.2,3.9,4.25,Bukan Special Rate,Tidak Diperlukan (< Batas LPS),Bukan Early Break,Tidak Ada Indikasi,Aktif Normal,Disetujui Branch Manager / Operasional,Tidak,1,1,-
FUND-0434,Cabang Surabaya,Giro Korporasi,Penempatan Baru,723.86,1.3,4.25,Bukan Special Rate,Tidak Diperlukan (< Batas LPS),Bukan Early Break,Tidak Ada Indikasi,Aktif Normal,Disetujui Branch Manager / Operasional,Tidak,2,1,-
FUND-0435,Cabang Jakarta,Deposito Berjangka,Pembaruan Otomatis (ARO),1289.37,3.59,4.25,Bukan Special Rate,Tidak Diperlukan (< Batas LPS),Bukan Early Break,Tidak Ada Indikasi,Aktif Normal,Disetujui Branch Manager / Operasional,Tidak,1,1,-
FUND-0436,Cabang Bandung,Deposito Berjangka,Penempatan Baru,6488.94,3.17,4.25,Bukan Special Rate,Tidak Diperlukan (< Batas LPS),Bukan Early Break,Tidak Ada Indikasi,Aktif Normal,Disetujui Branch Manager / Operasional,Tidak,1,2,-
FUND-0437,Cabang Jakarta,Giro Individu,Penarikan / Pencairan,3145.54,1.43,4.25,Bukan Special Rate,Tidak Diperlukan (< Batas LPS),Bukan Early Break,Tidak Ada Indikasi,Aktif Normal,Disetujui Branch Manager / Operasional,Tidak,1,1,-
FUND-0438,Cabang Medan,Deposito Berjangka,Pembaruan Otomatis (ARO),17730.56,2.79,4.25,Bukan Special Rate,Tidak Diperlukan (< Batas LPS),Bukan Early Break,Tidak Ada Indikasi,Aktif Normal,Disetujui Branch Manager / Operasional,Tidak,1,1,-
FUND-0439,Kantor Pusat,Tabungan Reguler,Setoran Tambahan,52.09,1.04,4.25,Bukan Special Rate,Tidak Diperlukan (< Batas LPS),Bukan Early Break,Tidak Ada Indikasi,Aktif Normal,Disetujui Branch Manager / Operasional,Tidak,2,1,-
FUND-0440,Cabang Surabaya,Tabungan Reguler,Penarikan / Pencairan,125.36,1.91,4.25,Bukan Special Rate,Tidak Diperlukan (< Batas LPS),Bukan Early Break,Tidak Ada Indikasi,Aktif Normal,Disetujui Branch Manager / Operasional,Tidak,2,2,-
FUND-0441,Kantor Pusat,Deposito Berjangka,Penempatan Baru,2384.95,4.85,4.25,Sesuai Ketentuan ALCO,LPS Ditandatangani,Bukan Early Break,Tidak Ada Indikasi,Aktif Normal,Disetujui Branch Manager / Operasional,Tidak,2,1,-
FUND-0442,Cabang Jakarta,Tabungan Reguler,Penempatan Baru,262.48,0.76,4.25,Bukan Special Rate,Tidak Diperlukan (< Batas LPS),Bukan Early Break,Tidak Ada Indikasi,Aktif Normal,Disetujui Branch Manager / Operasional,Tidak,1,1,-
FUND-0443,Cabang Medan,Tabungan Reguler,Penempatan Baru,196.58,1.41,4.25,Bukan Special Rate,Tidak Diperlukan (< Batas LPS),Bukan Early Break,Tidak Ada Indikasi,Aktif Normal,Disetujui Branch Manager / Operasional,Tidak,1,1,-
FUND-0444,Cabang Jakarta,Tabungan Reguler,Penempatan Baru,243.62,1.74,4.25,Bukan Special Rate,Tidak Diperlukan (< Batas LPS),Bukan Early Break,Tidak Ada Indikasi,Aktif Normal,Disetujui Branch Manager / Operasional,Tidak,1,1,-
FUND-0445,Cabang Medan,Tabungan Reguler,Penarikan / Pencairan,342.36,1.0,4.25,Bukan Special Rate,Tidak Diperlukan (< Batas LPS),Bukan Early Break,Tidak Ada Indikasi,Aktif Normal,Disetujui Branch Manager / Operasional,Tidak,1,1,-
FUND-0446,Cabang Jakarta,Tabungan Bisnis,Penarikan / Pencairan,689.85,2.29,4.25,Bukan Special Rate,Tidak Diperlukan (< Batas LPS),Bukan Early Break,Tidak Ada Indikasi,Aktif Normal,Disetujui Branch Manager / Operasional,Tidak,1,2,-
FUND-0447,Kantor Pusat,Giro Korporasi,Penarikan / Pencairan,1765.03,1.3,4.25,Bukan Special Rate,Tidak Diperlukan (< Batas LPS),Bukan Early Break,Tidak Ada Indikasi,Aktif Normal,Disetujui Branch Manager / Operasional,Tidak,1,2,-
FUND-0448,Cabang Medan,Tabungan Reguler,Penempatan Baru,43.78,0.81,4.25,Bukan Special Rate,Tidak Diperlukan (< Batas LPS),Bukan Early Break,Tidak Ada Indikasi,Aktif Normal,Disetujui Branch Manager / Operasional,Tidak,1,1,-
FUND-0449,Kantor Pusat,Deposito On Call,Pembaruan Otomatis (ARO),14562.37,3.41,4.25,Bukan Special Rate,Tidak Diperlukan (< Batas LPS),Bukan Early Break,Tidak Ada Indikasi,Aktif Normal,Disetujui Branch Manager / Operasional,Tidak,2,2,-
FUND-0450,Cabang Bali,Deposito Berjangka,Pembaruan Otomatis (ARO),17448.98,3.69,4.25,Bukan Special Rate,Tidak Diperlukan (< Batas LPS),Bukan Early Break,Tidak Ada Indikasi,Aktif Normal,Disetujui Branch Manager / Operasional,Tidak,1,1,-
FUND-0451,Cabang Surabaya,Tabungan Reguler,Penempatan Baru,345.23,1.78,4.25,Bukan Special Rate,Tidak Diperlukan (< Batas LPS),Bukan Early Break,Tidak Ada Indikasi,Aktif Normal,Disetujui Branch Manager / Operasional,Tidak,1,1,-
FUND-0452,Cabang Jakarta,Deposito Berjangka,Penempatan Baru,17161.86,4.63,4.25,Sesuai Ketentuan ALCO,LPS Ditandatangani,Bukan Early Break,Tidak Ada Indikasi,Aktif Normal,Disetujui Branch Manager / Operasional,Tidak,1,1,-
FUND-0453,Cabang Medan,Giro Korporasi,Penarikan / Pencairan,917.13,1.5,4.25,Bukan Special Rate,Tidak Diperlukan (< Batas LPS),Bukan Early Break,Tidak Ada Indikasi,Aktif Normal,Disetujui Branch Manager / Operasional,Tidak,2,2,-
FUND-0454,Cabang Medan,Giro Korporasi,Penarikan / Pencairan,38116.22,1.32,4.25,Bukan Special Rate,Tidak Diperlukan (< Batas LPS),Bukan Early Break,Tidak Ada Indikasi,Aktif Normal,Override Teller / Tanpa Otorisasi,Ya (Anomali),4,4,Penarikan dana masif sebesar Rp 38116.22 Juta tanpa verifikasi Cash Transaction Report (CTR) dan otorisasi Pejabat
FUND-0455,Cabang Bandung,Deposito Berjangka,Penempatan Baru,1969.31,3.94,4.25,Bukan Special Rate,Tidak Diperlukan (< Batas LPS),Bukan Early Break,Potensi Structuring Bilyet Deposito,Aktif Normal,Disetujui Branch Manager / Operasional,Ya (Anomali),4,4,Indikasi Structuring bilyet deposito berulang nominal Rp 1969.31 Juta mendekati batas maksimal penjaminan LPS (Rp 2 Miliar)
FUND-0456,Cabang Jakarta,Giro Individu,Penempatan Baru,3438.13,1.05,4.25,Bukan Special Rate,Tidak Diperlukan (< Batas LPS),Bukan Early Break,Tidak Ada Indikasi,Aktif Normal,Disetujui Branch Manager / Operasional,Tidak,2,2,-
FUND-0457,Cabang Jakarta,Giro Korporasi,Setoran Tambahan,6787.46,2.15,4.25,Bukan Special Rate,Tidak Diperlukan (< Batas LPS),Bukan Early Break,Tidak Ada Indikasi,Aktif Normal,Disetujui Branch Manager / Operasional,Tidak,1,2,-
FUND-0458,Kantor Pusat,Deposito Berjangka,Penarikan / Pencairan,5070.15,3.51,4.25,Bukan Special Rate,Tidak Diperlukan (< Batas LPS),Bukan Early Break,Tidak Ada Indikasi,Aktif Normal,Disetujui Branch Manager / Operasional,Tidak,2,1,-
FUND-0459,Cabang Medan,Tabungan Reguler,Penempatan Baru,52.69,1.3,4.25,Bukan Special Rate,Tidak Diperlukan (< Batas LPS),Bukan Early Break,Tidak Ada Indikasi,Aktif Normal,Disetujui Branch Manager / Operasional,Tidak,1,1,-
FUND-0460,Cabang Jakarta,Tabungan Reguler,Penarikan / Pencairan,332.93,1.5,4.25,Bukan Special Rate,Tidak Diperlukan (< Batas LPS),Bukan Early Break,Tidak Ada Indikasi,Aktif Normal,Disetujui Branch Manager / Operasional,Tidak,2,1,-
FUND-0461,Cabang Jakarta,Deposito Berjangka,Penempatan Baru,7466.45,3.74,4.25,Bukan Special Rate,Tidak Diperlukan (< Batas LPS),Bukan Early Break,Tidak Ada Indikasi,Aktif Normal,Disetujui Branch Manager / Operasional,Tidak,1,1,-
FUND-0462,Cabang Bandung,Tabungan Reguler,Penempatan Baru,119.89,1.59,4.25,Bukan Special Rate,Tidak Diperlukan (< Batas LPS),Bukan Early Break,Tidak Ada Indikasi,Aktif Normal,Disetujui Branch Manager / Operasional,Tidak,2,1,-
FUND-0463,Cabang Jakarta,Tabungan Bisnis,Penempatan Baru,757.77,1.85,4.25,Bukan Special Rate,Tidak Diperlukan (< Batas LPS),Bukan Early Break,Tidak Ada Indikasi,Aktif Normal,Disetujui Branch Manager / Operasional,Tidak,2,2,-
FUND-0464,Cabang Bandung,Tabungan Reguler,Penempatan Baru,348.23,0.82,4.25,Bukan Special Rate,Tidak Diperlukan (< Batas LPS),Bukan Early Break,Tidak Ada Indikasi,Aktif Normal,Disetujui Branch Manager / Operasional,Tidak,1,2,-
FUND-0465,Cabang Bandung,Tabungan Bisnis,Penarikan / Pencairan,1555.52,2.59,4.25,Bukan Special Rate,Tidak Diperlukan (< Batas LPS),Bukan Early Break,Tidak Ada Indikasi,Aktif Normal,Disetujui Branch Manager / Operasional,Tidak,1,1,-
FUND-0466,Kantor Pusat,Deposito Berjangka,Penempatan Baru,8470.47,2.9,4.25,Bukan Special Rate,Tidak Diperlukan (< Batas LPS),Bukan Early Break,Tidak Ada Indikasi,Aktif Normal,Disetujui Branch Manager / Operasional,Tidak,1,1,-
FUND-0467,Cabang Jakarta,Tabungan Bisnis,Penempatan Baru,193.22,1.7,4.25,Bukan Special Rate,Tidak Diperlukan (< Batas LPS),Bukan Early Break,Tidak Ada Indikasi,Aktif Normal,Disetujui Branch Manager / Operasional,Tidak,1,1,-
FUND-0468,Cabang Bandung,Tabungan Reguler,Penempatan Baru,88.45,0.77,4.25,Bukan Special Rate,Tidak Diperlukan (< Batas LPS),Bukan Early Break,Tidak Ada Indikasi,Aktif Normal,Disetujui Branch Manager / Operasional,Tidak,1,1,-
FUND-0469,Cabang Surabaya,Deposito Berjangka,Penempatan Baru,1970.75,4.09,4.25,Bukan Special Rate,Tidak Diperlukan (< Batas LPS),Bukan Early Break,Potensi Structuring Bilyet Deposito,Aktif Normal,Disetujui Branch Manager / Operasional,Ya (Anomali),5,4,Indikasi Structuring bilyet deposito berulang nominal Rp 1970.75 Juta mendekati batas maksimal penjaminan LPS (Rp 2 Miliar)
FUND-0470,Cabang Medan,Tabungan Bisnis,Penarikan / Pencairan,34820.83,1.1,4.25,Bukan Special Rate,Tidak Diperlukan (< Batas LPS),Bukan Early Break,Tidak Ada Indikasi,Aktif Normal,Override Teller / Tanpa Otorisasi,Ya (Anomali),4,4,Penarikan dana masif sebesar Rp 34820.83 Juta tanpa verifikasi Cash Transaction Report (CTR) dan otorisasi Pejabat
FUND-0471,Kantor Pusat,Tabungan Bisnis,Penarikan / Pencairan,1472.85,2.36,4.25,Bukan Special Rate,Tidak Diperlukan (< Batas LPS),Bukan Early Break,Tidak Ada Indikasi,Aktif Normal,Disetujui Branch Manager / Operasional,Tidak,1,1,-
FUND-0472,Cabang Jakarta,Tabungan Reguler,Setoran Tambahan,325.82,1.43,4.25,Bukan Special Rate,Tidak Diperlukan (< Batas LPS),Bukan Early Break,Tidak Ada Indikasi,Aktif Normal,Disetujui Branch Manager / Operasional,Tidak,1,2,-
FUND-0473,Cabang Medan,Deposito On Call,Penempatan Baru,11760.08,9.17,4.25,Tanpa Persetujuan ALCO,Tanpa Surat Pelepasan (Pelanggaran),Bukan Early Break,Tidak Ada Indikasi,Aktif Normal,Override Teller / Tanpa Otorisasi,Ya (Anomali),5,4,Bunga Deposito (9.17%) melampaui batas LPS (4.25%) tanpa Surat Pelepasan LPS & tanpa persetujuan ALCO
FUND-0474,Kantor Pusat,Giro Individu,Penempatan Baru,6176.86,1.78,4.25,Bukan Special Rate,Tidak Diperlukan (< Batas LPS),Bukan Early Break,Tidak Ada Indikasi,Aktif Normal,Disetujui Branch Manager / Operasional,Tidak,1,1,-
FUND-0475,Cabang Bandung,Deposito Berjangka,Pembaruan Otomatis (ARO),6170.27,3.15,4.25,Bukan Special Rate,Tidak Diperlukan (< Batas LPS),Bukan Early Break,Tidak Ada Indikasi,Aktif Normal,Disetujui Branch Manager / Operasional,Tidak,1,2,-
FUND-0476,Cabang Jakarta,Deposito Berjangka,Penarikan / Pencairan,14882.82,3.28,4.25,Bukan Special Rate,Tidak Diperlukan (< Batas LPS),Bukan Early Break,Tidak Ada Indikasi,Aktif Normal,Disetujui Branch Manager / Operasional,Tidak,2,1,-
FUND-0477,Kantor Pusat,Tabungan Reguler,Penarikan / Pencairan,339.62,1.8,4.25,Bukan Special Rate,Tidak Diperlukan (< Batas LPS),Bukan Early Break,Tidak Ada Indikasi,Aktif Normal,Disetujui Branch Manager / Operasional,Tidak,2,1,-
FUND-0478,Kantor Pusat,Deposito On Call,Penempatan Baru,7860.35,2.8,4.25,Bukan Special Rate,Tidak Diperlukan (< Batas LPS),Bukan Early Break,Tidak Ada Indikasi,Aktif Normal,Disetujui Branch Manager / Operasional,Tidak,1,1,-
FUND-0479,Cabang Medan,Deposito Berjangka,Penempatan Baru,14720.63,2.89,4.25,Bukan Special Rate,Tidak Diperlukan (< Batas LPS),Bukan Early Break,Tidak Ada Indikasi,Aktif Normal,Disetujui Branch Manager / Operasional,Tidak,1,1,-
FUND-0480,Cabang Bali,Giro Korporasi,Penarikan / Pencairan,222.11,2.16,4.25,Bukan Special Rate,Tidak Diperlukan (< Batas LPS),Bukan Early Break,Tidak Ada Indikasi,Aktif Normal,Disetujui Branch Manager / Operasional,Tidak,1,2,-
FUND-0481,Cabang Jakarta,Tabungan Bisnis,Penarikan / Pencairan,1135.66,1.81,4.25,Bukan Special Rate,Tidak Diperlukan (< Batas LPS),Bukan Early Break,Tidak Ada Indikasi,Aktif Normal,Disetujui Branch Manager / Operasional,Tidak,1,1,-
FUND-0482,Cabang Surabaya,Tabungan Bisnis,Penarikan / Pencairan,1620.37,1.95,4.25,Bukan Special Rate,Tidak Diperlukan (< Batas LPS),Bukan Early Break,Tidak Ada Indikasi,Aktif Normal,Disetujui Branch Manager / Operasional,Tidak,1,1,-
FUND-0483,Cabang Jakarta,Deposito Berjangka,Pembaruan Otomatis (ARO),9665.04,3.98,4.25,Bukan Special Rate,Tidak Diperlukan (< Batas LPS),Bukan Early Break,Tidak Ada Indikasi,Aktif Normal,Disetujui Branch Manager / Operasional,Tidak,2,1,-
FUND-0484,Cabang Jakarta,Giro Korporasi,Penarikan / Pencairan,4306.78,1.14,4.25,Bukan Special Rate,Tidak Diperlukan (< Batas LPS),Bukan Early Break,Tidak Ada Indikasi,Aktif Normal,Disetujui Branch Manager / Operasional,Tidak,1,1,-
FUND-0485,Cabang Jakarta,Deposito Berjangka,Penempatan Baru,13089.99,2.9,4.25,Bukan Special Rate,Tidak Diperlukan (< Batas LPS),Bukan Early Break,Tidak Ada Indikasi,Aktif Normal,Disetujui Branch Manager / Operasional,Tidak,1,2,-
FUND-0486,Cabang Jakarta,Tabungan Reguler,Penempatan Baru,133.77,1.03,4.25,Bukan Special Rate,Tidak Diperlukan (< Batas LPS),Bukan Early Break,Tidak Ada Indikasi,Aktif Normal,Disetujui Branch Manager / Operasional,Tidak,1,1,-
FUND-0487,Cabang Jakarta,Tabungan Bisnis,Penarikan / Pencairan,822.34,1.45,4.25,Bukan Special Rate,Tidak Diperlukan (< Batas LPS),Bukan Early Break,Tidak Ada Indikasi,Aktif Normal,Disetujui Branch Manager / Operasional,Tidak,1,1,-
FUND-0488,Cabang Bandung,Deposito Berjangka,Pembaruan Otomatis (ARO),6441.41,3.1,4.25,Bukan Special Rate,Tidak Diperlukan (< Batas LPS),Bukan Early Break,Tidak Ada Indikasi,Aktif Normal,Disetujui Branch Manager / Operasional,Tidak,1,1,-
FUND-0489,Cabang Surabaya,Tabungan Reguler,Penempatan Baru,48.75,1.24,4.25,Bukan Special Rate,Tidak Diperlukan (< Batas LPS),Bukan Early Break,Tidak Ada Indikasi,Aktif Normal,Disetujui Branch Manager / Operasional,Tidak,1,1,-
FUND-0490,Kantor Pusat,Tabungan Bisnis,Penarikan / Pencairan,773.49,1.45,4.25,Bukan Special Rate,Tidak Diperlukan (< Batas LPS),Bukan Early Break,Tidak Ada Indikasi,Aktif Normal,Disetujui Branch Manager / Operasional,Tidak,1,1,-
FUND-0491,Cabang Jakarta,Tabungan Reguler,Penempatan Baru,11.78,1.85,4.25,Bukan Special Rate,Tidak Diperlukan (< Batas LPS),Bukan Early Break,Tidak Ada Indikasi,Aktif Normal,Disetujui Branch Manager / Operasional,Tidak,2,1,-
FUND-0492,Cabang Jakarta,Tabungan Reguler,Penarikan / Pencairan,155.93,1.88,4.25,Bukan Special Rate,Tidak Diperlukan (< Batas LPS),Bukan Early Break,Tidak Ada Indikasi,Aktif Normal,Disetujui Branch Manager / Operasional,Tidak,1,1,-
FUND-0493,Cabang Jakarta,Giro Korporasi,Penarikan / Pencairan,1557.72,1.26,4.25,Bukan Special Rate,Tidak Diperlukan (< Batas LPS),Bukan Early Break,Tidak Ada Indikasi,Aktif Normal,Disetujui Branch Manager / Operasional,Tidak,1,1,-
FUND-0494,Cabang Bandung,Deposito Berjangka,Penarikan / Pencairan,3302.24,3.08,4.25,Bukan Special Rate,Tidak Diperlukan (< Batas LPS),Bukan Early Break,Tidak Ada Indikasi,Aktif Normal,Disetujui Branch Manager / Operasional,Tidak,1,1,-
FUND-0495,Cabang Jakarta,Deposito Berjangka,Penempatan Baru,2215.41,3.06,4.25,Bukan Special Rate,Tidak Diperlukan (< Batas LPS),Bukan Early Break,Tidak Ada Indikasi,Aktif Normal,Disetujui Branch Manager / Operasional,Tidak,1,1,-
FUND-0496,Cabang Bandung,Giro Korporasi,Setoran Tambahan,4817.53,1.82,4.25,Bukan Special Rate,Tidak Diperlukan (< Batas LPS),Bukan Early Break,Tidak Ada Indikasi,Aktif Normal,Disetujui Branch Manager / Operasional,Tidak,2,1,-
FUND-0497,Cabang Bandung,Tabungan Bisnis,Penarikan / Pencairan,30315.14,1.23,4.25,Bukan Special Rate,Tidak Diperlukan (< Batas LPS),Bukan Early Break,Tidak Ada Indikasi,Aktif Normal,Override Teller / Tanpa Otorisasi,Ya (Anomali),4,4,Penarikan dana masif sebesar Rp 30315.14 Juta tanpa verifikasi Cash Transaction Report (CTR) dan otorisasi Pejabat
FUND-0498,Cabang Bandung,Tabungan Reguler,Penarikan / Pencairan,50.95,1.08,4.25,Bukan Special Rate,Tidak Diperlukan (< Batas LPS),Bukan Early Break,Tidak Ada Indikasi,Aktif Normal,Disetujui Branch Manager / Operasional,Tidak,1,1,-
FUND-0499,Cabang Medan,Tabungan Bisnis,Penarikan / Pencairan,22893.44,1.25,4.25,Bukan Special Rate,Tidak Diperlukan (< Batas LPS),Bukan Early Break,Tidak Ada Indikasi,Aktif Normal,Override Teller / Tanpa Otorisasi,Ya (Anomali),4,4,Penarikan dana masif sebesar Rp 22893.44 Juta tanpa verifikasi Cash Transaction Report (CTR) dan otorisasi Pejabat
FUND-0500,Cabang Medan,Giro Individu,Penarikan / Pencairan,2730.87,1.47,4.25,Bukan Special Rate,Tidak Diperlukan (< Batas LPS),Bukan Early Break,Tidak Ada Indikasi,Dormant Diaktifkan Tiba-tiba,Override Teller / Tanpa Otorisasi,Ya (Anomali),5,5,Rekening pasif (Dormant) diaktifkan tiba-tiba diikuti penarikan dana masif tanpa otorisasi Pejabat Cabang
FUND-0501,Kantor Pusat,Tabungan Reguler,Setoran Tambahan,206.17,1.65,4.25,Bukan Special Rate,Tidak Diperlukan (< Batas LPS),Bukan Early Break,Tidak Ada Indikasi,Aktif Normal,Disetujui Branch Manager / Operasional,Tidak,1,1,-
FUND-0502,Cabang Jakarta,Deposito Berjangka,Pembaruan Otomatis (ARO),9663.19,3.28,4.25,Bukan Special Rate,Tidak Diperlukan (< Batas LPS),Bukan Early Break,Tidak Ada Indikasi,Aktif Normal,Disetujui Branch Manager / Operasional,Tidak,2,2,-
FUND-0503,Kantor Pusat,Giro Individu,Penarikan / Pencairan,6603.86,1.7,4.25,Bukan Special Rate,Tidak Diperlukan (< Batas LPS),Bukan Early Break,Tidak Ada Indikasi,Aktif Normal,Disetujui Branch Manager / Operasional,Tidak,2,1,-
FUND-0504,Cabang Bali,Deposito Berjangka,Pencairan Sebelum Jatuh Tempo (Early Break),8592.37,4.14,4.25,Bukan Special Rate,Tidak Diperlukan (< Batas LPS),Bebas Penalti Tanpa Otorisasi,Tidak Ada Indikasi,Aktif Normal,Override Teller / Tanpa Otorisasi,Ya (Anomali),4,5,Pencairan Deposito sebelum jatuh tempo (Early Break) tanpa pengenaan penalti dan tanpa otorisasi Branch Manager
FUND-0505,Cabang Bali,Deposito Berjangka,Pencairan Sebelum Jatuh Tempo (Early Break),9498.19,3.55,4.25,Bukan Special Rate,Tidak Diperlukan (< Batas LPS),Bebas Penalti Tanpa Otorisasi,Tidak Ada Indikasi,Aktif Normal,Override Teller / Tanpa Otorisasi,Ya (Anomali),4,5,Pencairan Deposito sebelum jatuh tempo (Early Break) tanpa pengenaan penalti dan tanpa otorisasi Branch Manager
FUND-0506,Kantor Pusat,Deposito On Call,Penempatan Baru,12219.41,3.68,4.25,Bukan Special Rate,Tidak Diperlukan (< Batas LPS),Bukan Early Break,Tidak Ada Indikasi,Aktif Normal,Disetujui Branch Manager / Operasional,Tidak,1,2,-
FUND-0507,Cabang Surabaya,Tabungan Reguler,Penarikan / Pencairan,53.18,0.79,4.25,Bukan Special Rate,Tidak Diperlukan (< Batas LPS),Bukan Early Break,Tidak Ada Indikasi,Aktif Normal,Disetujui Branch Manager / Operasional,Tidak,1,1,-
FUND-0508,Kantor Pusat,Tabungan Reguler,Penempatan Baru,235.06,1.15,4.25,Bukan Special Rate,Tidak Diperlukan (< Batas LPS),Bukan Early Break,Tidak Ada Indikasi,Aktif Normal,Disetujui Branch Manager / Operasional,Tidak,2,2,-
FUND-0509,Cabang Jakarta,Tabungan Reguler,Penempatan Baru,329.15,1.69,4.25,Bukan Special Rate,Tidak Diperlukan (< Batas LPS),Bukan Early Break,Tidak Ada Indikasi,Aktif Normal,Disetujui Branch Manager / Operasional,Tidak,1,2,-
FUND-0510,Cabang Jakarta,Deposito Berjangka,Pembaruan Otomatis (ARO),7950.74,5.04,4.25,Sesuai Ketentuan ALCO,LPS Ditandatangani,Bukan Early Break,Tidak Ada Indikasi,Aktif Normal,Disetujui Branch Manager / Operasional,Tidak,1,2,-
FUND-0511,Cabang Jakarta,Deposito On Call,Penempatan Baru,11721.26,3.25,4.25,Bukan Special Rate,Tidak Diperlukan (< Batas LPS),Bukan Early Break,Tidak Ada Indikasi,Aktif Normal,Disetujui Branch Manager / Operasional,Tidak,2,1,-
FUND-0512,Cabang Jakarta,Tabungan Reguler,Penempatan Baru,99.53,1.94,4.25,Bukan Special Rate,Tidak Diperlukan (< Batas LPS),Bukan Early Break,Tidak Ada Indikasi,Aktif Normal,Disetujui Branch Manager / Operasional,Tidak,2,1,-
FUND-0513,Cabang Surabaya,Deposito On Call,Penarikan / Pencairan,12498.84,3.37,4.25,Bukan Special Rate,Tidak Diperlukan (< Batas LPS),Bukan Early Break,Tidak Ada Indikasi,Aktif Normal,Disetujui Branch Manager / Operasional,Tidak,2,1,-
FUND-0514,Cabang Bali,Giro Individu,Penarikan / Pencairan,3513.32,1.9,4.25,Bukan Special Rate,Tidak Diperlukan (< Batas LPS),Bukan Early Break,Tidak Ada Indikasi,Dormant Diaktifkan Tiba-tiba,Override Teller / Tanpa Otorisasi,Ya (Anomali),5,4,Rekening pasif (Dormant) diaktifkan tiba-tiba diikuti penarikan dana masif tanpa otorisasi Pejabat Cabang
FUND-0515,Cabang Surabaya,Deposito Berjangka,Pembaruan Otomatis (ARO),9266.15,4.08,4.25,Bukan Special Rate,Tidak Diperlukan (< Batas LPS),Bukan Early Break,Tidak Ada Indikasi,Aktif Normal,Disetujui Branch Manager / Operasional,Tidak,1,2,-
FUND-0516,Cabang Surabaya,Tabungan Reguler,Penarikan / Pencairan,4730.34,1.34,4.25,Bukan Special Rate,Tidak Diperlukan (< Batas LPS),Bukan Early Break,Tidak Ada Indikasi,Dormant Diaktifkan Tiba-tiba,Override Teller / Tanpa Otorisasi,Ya (Anomali),5,4,Rekening pasif (Dormant) diaktifkan tiba-tiba diikuti penarikan dana masif tanpa otorisasi Pejabat Cabang
FUND-0517,Cabang Jakarta,Deposito Berjangka,Pembaruan Otomatis (ARO),651.91,3.89,4.25,Bukan Special Rate,Tidak Diperlukan (< Batas LPS),Bukan Early Break,Tidak Ada Indikasi,Aktif Normal,Disetujui Branch Manager / Operasional,Tidak,2,1,-
FUND-0518,Cabang Bali,Deposito On Call,Pembaruan Otomatis (ARO),5514.19,3.34,4.25,Bukan Special Rate,Tidak Diperlukan (< Batas LPS),Bukan Early Break,Tidak Ada Indikasi,Aktif Normal,Disetujui Branch Manager / Operasional,Tidak,2,2,-
FUND-0519,Kantor Pusat,Deposito Berjangka,Penempatan Baru,14365.38,3.57,4.25,Bukan Special Rate,Tidak Diperlukan (< Batas LPS),Bukan Early Break,Tidak Ada Indikasi,Aktif Normal,Disetujui Branch Manager / Operasional,Tidak,1,2,-
FUND-0520,Cabang Bali,Deposito Berjangka,Pembaruan Otomatis (ARO),253.8,2.83,4.25,Bukan Special Rate,Tidak Diperlukan (< Batas LPS),Bukan Early Break,Tidak Ada Indikasi,Aktif Normal,Disetujui Branch Manager / Operasional,Tidak,1,1,-
FUND-0521,Kantor Pusat,Tabungan Bisnis,Penarikan / Pencairan,250.23,1.94,4.25,Bukan Special Rate,Tidak Diperlukan (< Batas LPS),Bukan Early Break,Tidak Ada Indikasi,Aktif Normal,Disetujui Branch Manager / Operasional,Tidak,1,1,-
FUND-0522,Kantor Pusat,Deposito Berjangka,Pencairan Sebelum Jatuh Tempo (Early Break),11820.9,4.05,4.25,Bukan Special Rate,Tidak Diperlukan (< Batas LPS),Bebas Penalti Tanpa Otorisasi,Tidak Ada Indikasi,Aktif Normal,Override Teller / Tanpa Otorisasi,Ya (Anomali),4,4,Pencairan Deposito sebelum jatuh tempo (Early Break) tanpa pengenaan penalti dan tanpa otorisasi Branch Manager
FUND-0523,Kantor Pusat,Giro Korporasi,Penarikan / Pencairan,1637.52,1.46,4.25,Bukan Special Rate,Tidak Diperlukan (< Batas LPS),Bukan Early Break,Tidak Ada Indikasi,Aktif Normal,Disetujui Branch Manager / Operasional,Tidak,1,2,-
FUND-0524,Cabang Bandung,Deposito Berjangka,Pembaruan Otomatis (ARO),1785.34,3.88,4.25,Bukan Special Rate,Tidak Diperlukan (< Batas LPS),Bukan Early Break,Tidak Ada Indikasi,Aktif Normal,Disetujui Branch Manager / Operasional,Tidak,1,1,-
FUND-0525,Cabang Medan,Giro Individu,Setoran Tambahan,3400.36,1.53,4.25,Bukan Special Rate,Tidak Diperlukan (< Batas LPS),Bukan Early Break,Tidak Ada Indikasi,Aktif Normal,Disetujui Branch Manager / Operasional,Tidak,2,1,-
FUND-0526,Cabang Bandung,Deposito Berjangka,Penempatan Baru,19498.43,10.69,4.25,Tanpa Persetujuan ALCO,LPS Ditandatangani,Bukan Early Break,Tidak Ada Indikasi,Aktif Normal,Override Teller / Tanpa Otorisasi,Ya (Anomali),5,5,Pemberian suku bunga pendanaan ekstrem (10.69%) di luar kewajaran pasar tanpa persetujuan ALCO (potensi conflict of interest)
FUND-0527,Cabang Bandung,Tabungan Reguler,Penarikan / Pencairan,109.51,0.83,4.25,Bukan Special Rate,Tidak Diperlukan (< Batas LPS),Bukan Early Break,Tidak Ada Indikasi,Aktif Normal,Disetujui Branch Manager / Operasional,Tidak,1,1,-
FUND-0528,Cabang Surabaya,Tabungan Reguler,Penarikan / Pencairan,198.08,0.94,4.25,Bukan Special Rate,Tidak Diperlukan (< Batas LPS),Bukan Early Break,Tidak Ada Indikasi,Aktif Normal,Disetujui Branch Manager / Operasional,Tidak,1,2,-
FUND-0529,Cabang Jakarta,Deposito Berjangka,Penarikan / Pencairan,12063.37,3.48,4.25,Bukan Special Rate,Tidak Diperlukan (< Batas LPS),Bukan Early Break,Tidak Ada Indikasi,Aktif Normal,Disetujui Branch Manager / Operasional,Tidak,1,1,-
FUND-0530,Kantor Pusat,Tabungan Reguler,Setoran Tambahan,227.15,1.41,4.25,Bukan Special Rate,Tidak Diperlukan (< Batas LPS),Bukan Early Break,Tidak Ada Indikasi,Aktif Normal,Disetujui Branch Manager / Operasional,Tidak,1,2,-
FUND-0531,Cabang Bandung,Deposito Berjangka,Pembaruan Otomatis (ARO),14829.8,7.76,4.25,Tanpa Persetujuan ALCO,Tanpa Surat Pelepasan (Pelanggaran),Bukan Early Break,Tidak Ada Indikasi,Aktif Normal,Override Teller / Tanpa Otorisasi,Ya (Anomali),5,4,Bunga Deposito (7.76%) melampaui batas LPS (4.25%) tanpa Surat Pelepasan LPS & tanpa persetujuan ALCO
FUND-0532,Cabang Surabaya,Deposito Berjangka,Penarikan / Pencairan,1388.18,3.91,4.25,Bukan Special Rate,Tidak Diperlukan (< Batas LPS),Bukan Early Break,Tidak Ada Indikasi,Aktif Normal,Disetujui Branch Manager / Operasional,Tidak,1,1,-
FUND-0533,Cabang Jakarta,Tabungan Bisnis,Penarikan / Pencairan,499.43,2.53,4.25,Bukan Special Rate,Tidak Diperlukan (< Batas LPS),Bukan Early Break,Tidak Ada Indikasi,Aktif Normal,Disetujui Branch Manager / Operasional,Tidak,2,1,-
FUND-0534,Kantor Pusat,Tabungan Reguler,Setoran Tambahan,244.22,1.99,4.25,Bukan Special Rate,Tidak Diperlukan (< Batas LPS),Bukan Early Break,Tidak Ada Indikasi,Aktif Normal,Disetujui Branch Manager / Operasional,Tidak,1,1,-
FUND-0535,Kantor Pusat,Tabungan Bisnis,Penarikan / Pencairan,1011.52,2.38,4.25,Bukan Special Rate,Tidak Diperlukan (< Batas LPS),Bukan Early Break,Tidak Ada Indikasi,Aktif Normal,Disetujui Branch Manager / Operasional,Tidak,2,2,-
FUND-0536,Cabang Bali,Giro Individu,Penarikan / Pencairan,5449.04,1.97,4.25,Bukan Special Rate,Tidak Diperlukan (< Batas LPS),Bukan Early Break,Tidak Ada Indikasi,Aktif Normal,Disetujui Branch Manager / Operasional,Tidak,1,1,-
FUND-0537,Cabang Jakarta,Giro Korporasi,Penarikan / Pencairan,6390.31,1.34,4.25,Bukan Special Rate,Tidak Diperlukan (< Batas LPS),Bukan Early Break,Tidak Ada Indikasi,Aktif Normal,Disetujui Branch Manager / Operasional,Tidak,1,1,-
FUND-0538,Cabang Bandung,Deposito Berjangka,Penempatan Baru,1991.28,3.81,4.25,Bukan Special Rate,Tidak Diperlukan (< Batas LPS),Bukan Early Break,Potensi Structuring Bilyet Deposito,Aktif Normal,Disetujui Branch Manager / Operasional,Ya (Anomali),4,4,Indikasi Structuring bilyet deposito berulang nominal Rp 1991.28 Juta mendekati batas maksimal penjaminan LPS (Rp 2 Miliar)
FUND-0539,Cabang Bandung,Giro Individu,Penarikan / Pencairan,6160.79,1.5,4.25,Bukan Special Rate,Tidak Diperlukan (< Batas LPS),Bukan Early Break,Tidak Ada Indikasi,Aktif Normal,Disetujui Branch Manager / Operasional,Tidak,1,1,-
FUND-0540,Kantor Pusat,Deposito On Call,Pembaruan Otomatis (ARO),9419.37,3.64,4.25,Bukan Special Rate,Tidak Diperlukan (< Batas LPS),Bukan Early Break,Tidak Ada Indikasi,Aktif Normal,Disetujui Branch Manager / Operasional,Tidak,1,1,-
FUND-0541,Cabang Medan,Tabungan Bisnis,Penarikan / Pencairan,30238.88,1.32,4.25,Bukan Special Rate,Tidak Diperlukan (< Batas LPS),Bukan Early Break,Tidak Ada Indikasi,Aktif Normal,Override Teller / Tanpa Otorisasi,Ya (Anomali),5,4,Penarikan dana masif sebesar Rp 30238.88 Juta tanpa verifikasi Cash Transaction Report (CTR) dan otorisasi Pejabat
FUND-0542,Cabang Jakarta,Deposito Berjangka,Penempatan Baru,7555.7,4.1,4.25,Bukan Special Rate,Tidak Diperlukan (< Batas LPS),Bukan Early Break,Tidak Ada Indikasi,Aktif Normal,Disetujui Branch Manager / Operasional,Tidak,1,1,-
FUND-0543,Cabang Bandung,Giro Korporasi,Penempatan Baru,1423.11,1.13,4.25,Bukan Special Rate,Tidak Diperlukan (< Batas LPS),Bukan Early Break,Tidak Ada Indikasi,Aktif Normal,Disetujui Branch Manager / Operasional,Tidak,1,1,-
FUND-0544,Cabang Bandung,Deposito Berjangka,Penempatan Baru,1985.63,4.14,4.25,Bukan Special Rate,Tidak Diperlukan (< Batas LPS),Bukan Early Break,Potensi Structuring Bilyet Deposito,Aktif Normal,Disetujui Branch Manager / Operasional,Ya (Anomali),4,4,Indikasi Structuring bilyet deposito berulang nominal Rp 1985.63 Juta mendekati batas maksimal penjaminan LPS (Rp 2 Miliar)
FUND-0545,Cabang Jakarta,Deposito Berjangka,Penempatan Baru,1990.12,3.96,4.25,Bukan Special Rate,Tidak Diperlukan (< Batas LPS),Bukan Early Break,Potensi Structuring Bilyet Deposito,Aktif Normal,Disetujui Branch Manager / Operasional,Ya (Anomali),5,4,Indikasi Structuring bilyet deposito berulang nominal Rp 1990.12 Juta mendekati batas maksimal penjaminan LPS (Rp 2 Miliar)
FUND-0546,Cabang Medan,Tabungan Reguler,Penarikan / Pencairan,232.59,1.3,4.25,Bukan Special Rate,Tidak Diperlukan (< Batas LPS),Bukan Early Break,Tidak Ada Indikasi,Aktif Normal,Disetujui Branch Manager / Operasional,Tidak,1,1,-
FUND-0547,Kantor Pusat,Deposito Berjangka,Penempatan Baru,1997.09,4.06,4.25,Bukan Special Rate,Tidak Diperlukan (< Batas LPS),Bukan Early Break,Potensi Structuring Bilyet Deposito,Aktif Normal,Disetujui Branch Manager / Operasional,Ya (Anomali),5,4,Indikasi Structuring bilyet deposito berulang nominal Rp 1997.09 Juta mendekati batas maksimal penjaminan LPS (Rp 2 Miliar)
FUND-0548,Cabang Bandung,Giro Individu,Setoran Tambahan,4823.41,2.15,4.25,Bukan Special Rate,Tidak Diperlukan (< Batas LPS),Bukan Early Break,Tidak Ada Indikasi,Aktif Normal,Disetujui Branch Manager / Operasional,Tidak,1,1,-
FUND-0549,Cabang Surabaya,Tabungan Bisnis,Penarikan / Pencairan,1896.01,2.56,4.25,Bukan Special Rate,Tidak Diperlukan (< Batas LPS),Bukan Early Break,Tidak Ada Indikasi,Aktif Normal,Disetujui Branch Manager / Operasional,Tidak,1,1,-
FUND-0550,Cabang Jakarta,Tabungan Reguler,Setoran Tambahan,24.29,0.93,4.25,Bukan Special Rate,Tidak Diperlukan (< Batas LPS),Bukan Early Break,Tidak Ada Indikasi,Aktif Normal,Disetujui Branch Manager / Operasional,Tidak,1,1,-
FUND-0551,Cabang Jakarta,Deposito Berjangka,Pembaruan Otomatis (ARO),890.99,3.81,4.25,Bukan Special Rate,Tidak Diperlukan (< Batas LPS),Bukan Early Break,Tidak Ada Indikasi,Aktif Normal,Disetujui Branch Manager / Operasional,Tidak,1,2,-
FUND-0552,Kantor Pusat,Deposito Berjangka,Pembaruan Otomatis (ARO),11482.4,2.86,4.25,Bukan Special Rate,Tidak Diperlukan (< Batas LPS),Bukan Early Break,Tidak Ada Indikasi,Aktif Normal,Disetujui Branch Manager / Operasional,Tidak,1,1,-
FUND-0553,Kantor Pusat,Tabungan Bisnis,Penarikan / Pencairan,603.18,2.17,4.25,Bukan Special Rate,Tidak Diperlukan (< Batas LPS),Bukan Early Break,Tidak Ada Indikasi,Aktif Normal,Disetujui Branch Manager / Operasional,Tidak,1,1,-
FUND-0554,Cabang Jakarta,Deposito Berjangka,Pembaruan Otomatis (ARO),5562.22,4.8,4.25,Sesuai Ketentuan ALCO,LPS Ditandatangani,Bukan Early Break,Tidak Ada Indikasi,Aktif Normal,Disetujui Branch Manager / Operasional,Tidak,1,1,-
FUND-0555,Cabang Jakarta,Tabungan Reguler,Penarikan / Pencairan,306.3,1.55,4.25,Bukan Special Rate,Tidak Diperlukan (< Batas LPS),Bukan Early Break,Tidak Ada Indikasi,Aktif Normal,Disetujui Branch Manager / Operasional,Tidak,2,1,-
FUND-0556,Cabang Medan,Tabungan Bisnis,Penarikan / Pencairan,620.61,2.52,4.25,Bukan Special Rate,Tidak Diperlukan (< Batas LPS),Bukan Early Break,Tidak Ada Indikasi,Aktif Normal,Disetujui Branch Manager / Operasional,Tidak,2,2,-
FUND-0557,Cabang Bandung,Deposito On Call,Penarikan / Pencairan,2336.24,2.72,4.25,Bukan Special Rate,Tidak Diperlukan (< Batas LPS),Bukan Early Break,Tidak Ada Indikasi,Aktif Normal,Disetujui Branch Manager / Operasional,Tidak,1,1,-
FUND-0558,Cabang Bali,Deposito Berjangka,Pencairan Sebelum Jatuh Tempo (Early Break),1085.59,3.73,4.25,Bukan Special Rate,Tidak Diperlukan (< Batas LPS),Bebas Penalti Tanpa Otorisasi,Tidak Ada Indikasi,Aktif Normal,Override Teller / Tanpa Otorisasi,Ya (Anomali),4,5,Pencairan Deposito sebelum jatuh tempo (Early Break) tanpa pengenaan penalti dan tanpa otorisasi Branch Manager
FUND-0559,Kantor Pusat,Deposito On Call,Pembaruan Otomatis (ARO),11019.29,2.64,4.25,Bukan Special Rate,Tidak Diperlukan (< Batas LPS),Bukan Early Break,Tidak Ada Indikasi,Aktif Normal,Disetujui Branch Manager / Operasional,Tidak,1,1,-
FUND-0560,Cabang Jakarta,Tabungan Reguler,Penempatan Baru,326.73,0.9,4.25,Bukan Special Rate,Tidak Diperlukan (< Batas LPS),Bukan Early Break,Tidak Ada Indikasi,Aktif Normal,Disetujui Branch Manager / Operasional,Tidak,2,1,-
FUND-0561,Kantor Pusat,Tabungan Reguler,Penempatan Baru,132.21,1.71,4.25,Bukan Special Rate,Tidak Diperlukan (< Batas LPS),Bukan Early Break,Tidak Ada Indikasi,Aktif Normal,Disetujui Branch Manager / Operasional,Tidak,2,1,-
FUND-0562,Cabang Surabaya,Tabungan Reguler,Penempatan Baru,342.22,1.82,4.25,Bukan Special Rate,Tidak Diperlukan (< Batas LPS),Bukan Early Break,Tidak Ada Indikasi,Aktif Normal,Disetujui Branch Manager / Operasional,Tidak,1,1,-
FUND-0563,Cabang Medan,Tabungan Bisnis,Setoran Tambahan,909.89,1.86,4.25,Bukan Special Rate,Tidak Diperlukan (< Batas LPS),Bukan Early Break,Tidak Ada Indikasi,Aktif Normal,Disetujui Branch Manager / Operasional,Tidak,1,1,-
FUND-0564,Cabang Medan,Deposito Berjangka,Penempatan Baru,1954.75,3.89,4.25,Bukan Special Rate,Tidak Diperlukan (< Batas LPS),Bukan Early Break,Potensi Structuring Bilyet Deposito,Aktif Normal,Disetujui Branch Manager / Operasional,Ya (Anomali),5,4,Indikasi Structuring bilyet deposito berulang nominal Rp 1954.75 Juta mendekati batas maksimal penjaminan LPS (Rp 2 Miliar)
FUND-0565,Kantor Pusat,Tabungan Bisnis,Penempatan Baru,338.0,1.5,4.25,Bukan Special Rate,Tidak Diperlukan (< Batas LPS),Bukan Early Break,Tidak Ada Indikasi,Aktif Normal,Disetujui Branch Manager / Operasional,Tidak,1,1,-
FUND-0566,Kantor Pusat,Tabungan Reguler,Penarikan / Pencairan,335.55,1.03,4.25,Bukan Special Rate,Tidak Diperlukan (< Batas LPS),Bukan Early Break,Tidak Ada Indikasi,Aktif Normal,Disetujui Branch Manager / Operasional,Tidak,2,2,-
FUND-0567,Kantor Pusat,Deposito On Call,Pembaruan Otomatis (ARO),8485.01,3.52,4.25,Bukan Special Rate,Tidak Diperlukan (< Batas LPS),Bukan Early Break,Tidak Ada Indikasi,Aktif Normal,Disetujui Branch Manager / Operasional,Tidak,2,2,-
FUND-0568,Cabang Surabaya,Giro Korporasi,Penarikan / Pencairan,7938.05,2.06,4.25,Bukan Special Rate,Tidak Diperlukan (< Batas LPS),Bukan Early Break,Tidak Ada Indikasi,Aktif Normal,Disetujui Branch Manager / Operasional,Tidak,1,2,-
FUND-0569,Cabang Bali,Deposito Berjangka,Pembaruan Otomatis (ARO),3221.45,4.11,4.25,Bukan Special Rate,Tidak Diperlukan (< Batas LPS),Bukan Early Break,Tidak Ada Indikasi,Aktif Normal,Disetujui Branch Manager / Operasional,Tidak,1,1,-
FUND-0570,Cabang Jakarta,Giro Korporasi,Penarikan / Pencairan,442.96,1.79,4.25,Bukan Special Rate,Tidak Diperlukan (< Batas LPS),Bukan Early Break,Tidak Ada Indikasi,Aktif Normal,Disetujui Branch Manager / Operasional,Tidak,2,1,-
FUND-0571,Cabang Jakarta,Deposito Berjangka,Pembaruan Otomatis (ARO),17641.58,3.24,4.25,Bukan Special Rate,Tidak Diperlukan (< Batas LPS),Bukan Early Break,Tidak Ada Indikasi,Aktif Normal,Disetujui Branch Manager / Operasional,Tidak,1,1,-
FUND-0572,Kantor Pusat,Tabungan Reguler,Setoran Tambahan,330.93,1.33,4.25,Bukan Special Rate,Tidak Diperlukan (< Batas LPS),Bukan Early Break,Tidak Ada Indikasi,Aktif Normal,Disetujui Branch Manager / Operasional,Tidak,1,1,-
FUND-0573,Cabang Surabaya,Tabungan Reguler,Setoran Tambahan,236.93,1.35,4.25,Bukan Special Rate,Tidak Diperlukan (< Batas LPS),Bukan Early Break,Tidak Ada Indikasi,Aktif Normal,Disetujui Branch Manager / Operasional,Tidak,2,2,-
FUND-0574,Cabang Bali,Deposito On Call,Penarikan / Pencairan,2438.59,3.67,4.25,Bukan Special Rate,Tidak Diperlukan (< Batas LPS),Bukan Early Break,Tidak Ada Indikasi,Aktif Normal,Disetujui Branch Manager / Operasional,Tidak,2,2,-
FUND-0575,Kantor Pusat,Tabungan Reguler,Penarikan / Pencairan,290.89,1.73,4.25,Bukan Special Rate,Tidak Diperlukan (< Batas LPS),Bukan Early Break,Tidak Ada Indikasi,Aktif Normal,Disetujui Branch Manager / Operasional,Tidak,1,2,-
FUND-0576,Cabang Jakarta,Tabungan Bisnis,Setoran Tambahan,1844.8,1.57,4.25,Bukan Special Rate,Tidak Diperlukan (< Batas LPS),Bukan Early Break,Tidak Ada Indikasi,Aktif Normal,Disetujui Branch Manager / Operasional,Tidak,1,1,-
FUND-0577,Cabang Jakarta,Tabungan Bisnis,Penempatan Baru,369.29,2.22,4.25,Bukan Special Rate,Tidak Diperlukan (< Batas LPS),Bukan Early Break,Tidak Ada Indikasi,Aktif Normal,Disetujui Branch Manager / Operasional,Tidak,1,1,-
FUND-0578,Kantor Pusat,Giro Korporasi,Penempatan Baru,5659.23,2.21,4.25,Bukan Special Rate,Tidak Diperlukan (< Batas LPS),Bukan Early Break,Tidak Ada Indikasi,Aktif Normal,Disetujui Branch Manager / Operasional,Tidak,1,1,-
FUND-0579,Cabang Surabaya,Deposito On Call,Penempatan Baru,1818.56,3.65,4.25,Bukan Special Rate,Tidak Diperlukan (< Batas LPS),Bukan Early Break,Tidak Ada Indikasi,Aktif Normal,Disetujui Branch Manager / Operasional,Tidak,1,1,-
FUND-0580,Cabang Surabaya,Tabungan Bisnis,Penempatan Baru,2127.87,2.67,4.25,Bukan Special Rate,Tidak Diperlukan (< Batas LPS),Bukan Early Break,Tidak Ada Indikasi,Aktif Normal,Disetujui Branch Manager / Operasional,Tidak,2,1,-
FUND-0581,Cabang Jakarta,Giro Korporasi,Penarikan / Pencairan,1673.34,1.53,4.25,Bukan Special Rate,Tidak Diperlukan (< Batas LPS),Bukan Early Break,Tidak Ada Indikasi,Aktif Normal,Disetujui Branch Manager / Operasional,Tidak,1,2,-
FUND-0582,Cabang Medan,Deposito On Call,Pembaruan Otomatis (ARO),2319.55,3.47,4.25,Bukan Special Rate,Tidak Diperlukan (< Batas LPS),Bukan Early Break,Tidak Ada Indikasi,Aktif Normal,Disetujui Branch Manager / Operasional,Tidak,1,1,-
FUND-0583,Kantor Pusat,Giro Korporasi,Penarikan / Pencairan,531.42,2.21,4.25,Bukan Special Rate,Tidak Diperlukan (< Batas LPS),Bukan Early Break,Tidak Ada Indikasi,Aktif Normal,Disetujui Branch Manager / Operasional,Tidak,1,1,-
FUND-0584,Kantor Pusat,Giro Individu,Penarikan / Pencairan,6644.91,1.37,4.25,Bukan Special Rate,Tidak Diperlukan (< Batas LPS),Bukan Early Break,Tidak Ada Indikasi,Aktif Normal,Disetujui Branch Manager / Operasional,Tidak,1,1,-
FUND-0585,Cabang Bandung,Tabungan Reguler,Penempatan Baru,8.12,1.2,4.25,Bukan Special Rate,Tidak Diperlukan (< Batas LPS),Bukan Early Break,Tidak Ada Indikasi,Aktif Normal,Disetujui Branch Manager / Operasional,Tidak,2,1,-
FUND-0586,Cabang Jakarta,Giro Individu,Penarikan / Pencairan,4829.4,1.2,4.25,Bukan Special Rate,Tidak Diperlukan (< Batas LPS),Bukan Early Break,Tidak Ada Indikasi,Aktif Normal,Disetujui Branch Manager / Operasional,Tidak,1,1,-
FUND-0587,Kantor Pusat,Tabungan Bisnis,Penarikan / Pencairan,999.74,2.2,4.25,Bukan Special Rate,Tidak Diperlukan (< Batas LPS),Bukan Early Break,Tidak Ada Indikasi,Aktif Normal,Disetujui Branch Manager / Operasional,Tidak,2,1,-
FUND-0588,Cabang Bandung,Deposito Berjangka,Pencairan Sebelum Jatuh Tempo (Early Break),5889.94,4.02,4.25,Bukan Special Rate,Tidak Diperlukan (< Batas LPS),Bebas Penalti Tanpa Otorisasi,Tidak Ada Indikasi,Aktif Normal,Override Teller / Tanpa Otorisasi,Ya (Anomali),4,4,Pencairan Deposito sebelum jatuh tempo (Early Break) tanpa pengenaan penalti dan tanpa otorisasi Branch Manager
FUND-0589,Cabang Bandung,Tabungan Reguler,Penarikan / Pencairan,293.89,0.96,4.25,Bukan Special Rate,Tidak Diperlukan (< Batas LPS),Bukan Early Break,Tidak Ada Indikasi,Aktif Normal,Disetujui Branch Manager / Operasional,Tidak,1,2,-
FUND-0590,Kantor Pusat,Deposito Berjangka,Pembaruan Otomatis (ARO),10706.64,3.21,4.25,Bukan Special Rate,Tidak Diperlukan (< Batas LPS),Bukan Early Break,Tidak Ada Indikasi,Aktif Normal,Disetujui Branch Manager / Operasional,Tidak,1,1,-
FUND-0591,Cabang Bandung,Giro Korporasi,Setoran Tambahan,1000.33,1.8,4.25,Bukan Special Rate,Tidak Diperlukan (< Batas LPS),Bukan Early Break,Tidak Ada Indikasi,Aktif Normal,Disetujui Branch Manager / Operasional,Tidak,2,1,-
FUND-0592,Kantor Pusat,Tabungan Reguler,Penempatan Baru,205.78,1.09,4.25,Bukan Special Rate,Tidak Diperlukan (< Batas LPS),Bukan Early Break,Tidak Ada Indikasi,Aktif Normal,Disetujui Branch Manager / Operasional,Tidak,2,1,-
FUND-0593,Kantor Pusat,Deposito On Call,Penarikan / Pencairan,13575.72,2.75,4.25,Bukan Special Rate,Tidak Diperlukan (< Batas LPS),Bukan Early Break,Tidak Ada Indikasi,Aktif Normal,Disetujui Branch Manager / Operasional,Tidak,1,2,-
FUND-0594,Cabang Surabaya,Tabungan Reguler,Penarikan / Pencairan,155.46,1.12,4.25,Bukan Special Rate,Tidak Diperlukan (< Batas LPS),Bukan Early Break,Tidak Ada Indikasi,Aktif Normal,Disetujui Branch Manager / Operasional,Tidak,2,2,-
FUND-0595,Cabang Bandung,Tabungan Bisnis,Penarikan / Pencairan,867.58,1.72,4.25,Bukan Special Rate,Tidak Diperlukan (< Batas LPS),Bukan Early Break,Tidak Ada Indikasi,Aktif Normal,Disetujui Branch Manager / Operasional,Tidak,2,1,-
FUND-0596,Kantor Pusat,Deposito Berjangka,Penarikan / Pencairan,802.38,3.0,4.25,Bukan Special Rate,Tidak Diperlukan (< Batas LPS),Bukan Early Break,Tidak Ada Indikasi,Aktif Normal,Disetujui Branch Manager / Operasional,Tidak,2,1,-
FUND-0597,Cabang Surabaya,Deposito On Call,Pencairan Sebelum Jatuh Tempo (Early Break),9283.73,2.8,4.25,Bukan Special Rate,Tidak Diperlukan (< Batas LPS),Penalti Dikenakan Sesuai Ketentuan,Tidak Ada Indikasi,Aktif Normal,Disetujui Branch Manager / Operasional,Tidak,1,1,-
FUND-0598,Cabang Jakarta,Giro Korporasi,Penarikan / Pencairan,36867.15,1.12,4.25,Bukan Special Rate,Tidak Diperlukan (< Batas LPS),Bukan Early Break,Tidak Ada Indikasi,Aktif Normal,Override Teller / Tanpa Otorisasi,Ya (Anomali),5,4,Penarikan dana masif sebesar Rp 36867.15 Juta tanpa verifikasi Cash Transaction Report (CTR) dan otorisasi Pejabat
FUND-0599,Kantor Pusat,Giro Korporasi,Penempatan Baru,7809.34,1.42,4.25,Bukan Special Rate,Tidak Diperlukan (< Batas LPS),Bukan Early Break,Tidak Ada Indikasi,Aktif Normal,Disetujui Branch Manager / Operasional,Tidak,1,2,-
FUND-0600,Cabang Bandung,Tabungan Reguler,Setoran Tambahan,48.16,0.91,4.25,Bukan Special Rate,Tidak Diperlukan (< Batas LPS),Bukan Early Break,Tidak Ada Indikasi,Aktif Normal,Disetujui Branch Manager / Operasional,Tidak,1,2,-
FUND-0601,Cabang Medan,Deposito Berjangka,Penarikan / Pencairan,15002.24,3.93,4.25,Bukan Special Rate,Tidak Diperlukan (< Batas LPS),Bukan Early Break,Tidak Ada Indikasi,Aktif Normal,Disetujui Branch Manager / Operasional,Tidak,1,2,-
FUND-0602,Cabang Bandung,Deposito Berjangka,Pencairan Sebelum Jatuh Tempo (Early Break),10853.77,3.87,4.25,Bukan Special Rate,Tidak Diperlukan (< Batas LPS),Penalti Dikenakan Sesuai Ketentuan,Tidak Ada Indikasi,Aktif Normal,Disetujui Branch Manager / Operasional,Tidak,2,1,-
FUND-0603,Cabang Bandung,Deposito Berjangka,Penarikan / Pencairan,14814.54,3.84,4.25,Bukan Special Rate,Tidak Diperlukan (< Batas LPS),Bukan Early Break,Tidak Ada Indikasi,Aktif Normal,Disetujui Branch Manager / Operasional,Tidak,1,1,-
FUND-0604,Cabang Jakarta,Tabungan Reguler,Penempatan Baru,62.37,1.67,4.25,Bukan Special Rate,Tidak Diperlukan (< Batas LPS),Bukan Early Break,Tidak Ada Indikasi,Aktif Normal,Disetujui Branch Manager / Operasional,Tidak,1,1,-
FUND-0605,Cabang Bali,Giro Korporasi,Setoran Tambahan,6328.73,1.83,4.25,Bukan Special Rate,Tidak Diperlukan (< Batas LPS),Bukan Early Break,Tidak Ada Indikasi,Aktif Normal,Disetujui Branch Manager / Operasional,Tidak,1,2,-
FUND-0606,Cabang Medan,Deposito Berjangka,Pembaruan Otomatis (ARO),1978.31,7.82,4.25,Tanpa Persetujuan ALCO,Tanpa Surat Pelepasan (Pelanggaran),Bukan Early Break,Tidak Ada Indikasi,Aktif Normal,Override Teller / Tanpa Otorisasi,Ya (Anomali),5,4,Bunga Deposito (7.82%) melampaui batas LPS (4.25%) tanpa Surat Pelepasan LPS & tanpa persetujuan ALCO
FUND-0607,Cabang Bandung,Deposito Berjangka,Penempatan Baru,14212.28,3.95,4.25,Bukan Special Rate,Tidak Diperlukan (< Batas LPS),Bukan Early Break,Tidak Ada Indikasi,Aktif Normal,Disetujui Branch Manager / Operasional,Tidak,2,2,-
FUND-0608,Kantor Pusat,Tabungan Reguler,Penarikan / Pencairan,97.42,1.51,4.25,Bukan Special Rate,Tidak Diperlukan (< Batas LPS),Bukan Early Break,Tidak Ada Indikasi,Aktif Normal,Disetujui Branch Manager / Operasional,Tidak,2,2,-
FUND-0609,Cabang Bali,Tabungan Reguler,Penarikan / Pencairan,267.4,0.94,4.25,Bukan Special Rate,Tidak Diperlukan (< Batas LPS),Bukan Early Break,Tidak Ada Indikasi,Aktif Normal,Disetujui Branch Manager / Operasional,Tidak,1,1,-
FUND-0610,Cabang Surabaya,Deposito On Call,Penempatan Baru,9148.77,3.52,4.25,Bukan Special Rate,Tidak Diperlukan (< Batas LPS),Bukan Early Break,Tidak Ada Indikasi,Aktif Normal,Disetujui Branch Manager / Operasional,Tidak,1,1,-
FUND-0611,Kantor Pusat,Deposito Berjangka,Pembaruan Otomatis (ARO),1405.71,3.39,4.25,Bukan Special Rate,Tidak Diperlukan (< Batas LPS),Bukan Early Break,Tidak Ada Indikasi,Aktif Normal,Disetujui Branch Manager / Operasional,Tidak,1,1,-
FUND-0612,Cabang Jakarta,Tabungan Bisnis,Penarikan / Pencairan,263.19,2.09,4.25,Bukan Special Rate,Tidak Diperlukan (< Batas LPS),Bukan Early Break,Tidak Ada Indikasi,Aktif Normal,Disetujui Branch Manager / Operasional,Tidak,2,2,-
FUND-0613,Cabang Surabaya,Tabungan Reguler,Penarikan / Pencairan,74.45,1.24,4.25,Bukan Special Rate,Tidak Diperlukan (< Batas LPS),Bukan Early Break,Tidak Ada Indikasi,Aktif Normal,Disetujui Branch Manager / Operasional,Tidak,1,1,-
FUND-0614,Cabang Jakarta,Tabungan Bisnis,Penempatan Baru,552.71,1.98,4.25,Bukan Special Rate,Tidak Diperlukan (< Batas LPS),Bukan Early Break,Tidak Ada Indikasi,Aktif Normal,Disetujui Branch Manager / Operasional,Tidak,2,1,-
FUND-0615,Cabang Bandung,Deposito Berjangka,Pembaruan Otomatis (ARO),491.34,4.8,4.25,Sesuai Ketentuan ALCO,LPS Ditandatangani,Bukan Early Break,Tidak Ada Indikasi,Aktif Normal,Disetujui Branch Manager / Operasional,Tidak,1,2,-
FUND-0616,Cabang Surabaya,Deposito Berjangka,Penempatan Baru,11959.86,4.58,4.25,Sesuai Ketentuan ALCO,LPS Ditandatangani,Bukan Early Break,Tidak Ada Indikasi,Aktif Normal,Disetujui Branch Manager / Operasional,Tidak,1,1,-
FUND-0617,Cabang Jakarta,Deposito Berjangka,Penempatan Baru,9863.19,3.27,4.25,Bukan Special Rate,Tidak Diperlukan (< Batas LPS),Bukan Early Break,Tidak Ada Indikasi,Aktif Normal,Disetujui Branch Manager / Operasional,Tidak,2,1,-
FUND-0618,Cabang Medan,Deposito Berjangka,Penempatan Baru,4892.01,5.09,4.25,Sesuai Ketentuan ALCO,LPS Ditandatangani,Bukan Early Break,Tidak Ada Indikasi,Aktif Normal,Disetujui Branch Manager / Operasional,Tidak,2,1,-
FUND-0619,Cabang Surabaya,Deposito Berjangka,Pencairan Sebelum Jatuh Tempo (Early Break),2988.55,4.12,4.25,Bukan Special Rate,Tidak Diperlukan (< Batas LPS),Bebas Penalti Tanpa Otorisasi,Tidak Ada Indikasi,Aktif Normal,Override Teller / Tanpa Otorisasi,Ya (Anomali),4,4,Pencairan Deposito sebelum jatuh tempo (Early Break) tanpa pengenaan penalti dan tanpa otorisasi Branch Manager
FUND-0620,Cabang Jakarta,Giro Korporasi,Penarikan / Pencairan,7748.73,1.23,4.25,Bukan Special Rate,Tidak Diperlukan (< Batas LPS),Bukan Early Break,Tidak Ada Indikasi,Aktif Normal,Disetujui Branch Manager / Operasional,Tidak,2,2,-
FUND-0621,Kantor Pusat,Deposito Berjangka,Penempatan Baru,23022.13,10.43,4.25,Tanpa Persetujuan ALCO,LPS Ditandatangani,Bukan Early Break,Tidak Ada Indikasi,Aktif Normal,Override Teller / Tanpa Otorisasi,Ya (Anomali),5,4,Pemberian suku bunga pendanaan ekstrem (10.43%) di luar kewajaran pasar tanpa persetujuan ALCO (potensi conflict of interest)
FUND-0622,Cabang Jakarta,Deposito Berjangka,Penempatan Baru,7095.26,3.65,4.25,Bukan Special Rate,Tidak Diperlukan (< Batas LPS),Bukan Early Break,Tidak Ada Indikasi,Aktif Normal,Disetujui Branch Manager / Operasional,Tidak,1,1,-
FUND-0623,Kantor Pusat,Giro Korporasi,Setoran Tambahan,925.19,1.72,4.25,Bukan Special Rate,Tidak Diperlukan (< Batas LPS),Bukan Early Break,Tidak Ada Indikasi,Aktif Normal,Disetujui Branch Manager / Operasional,Tidak,1,1,-
FUND-0624,Cabang Jakarta,Tabungan Bisnis,Penarikan / Pencairan,1236.25,2.22,4.25,Bukan Special Rate,Tidak Diperlukan (< Batas LPS),Bukan Early Break,Tidak Ada Indikasi,Aktif Normal,Disetujui Branch Manager / Operasional,Tidak,1,1,-
FUND-0625,Cabang Bali,Deposito On Call,Pembaruan Otomatis (ARO),1655.87,3.35,4.25,Bukan Special Rate,Tidak Diperlukan (< Batas LPS),Bukan Early Break,Tidak Ada Indikasi,Aktif Normal,Disetujui Branch Manager / Operasional,Tidak,2,1,-
FUND-0626,Cabang Jakarta,Deposito On Call,Pembaruan Otomatis (ARO),11555.48,2.66,4.25,Bukan Special Rate,Tidak Diperlukan (< Batas LPS),Bukan Early Break,Tidak Ada Indikasi,Aktif Normal,Disetujui Branch Manager / Operasional,Tidak,1,2,-
FUND-0627,Cabang Bandung,Giro Individu,Setoran Tambahan,2054.05,1.56,4.25,Bukan Special Rate,Tidak Diperlukan (< Batas LPS),Bukan Early Break,Tidak Ada Indikasi,Aktif Normal,Disetujui Branch Manager / Operasional,Tidak,1,2,-
FUND-0628,Kantor Pusat,Giro Korporasi,Penarikan / Pencairan,2173.09,1.3,4.25,Bukan Special Rate,Tidak Diperlukan (< Batas LPS),Bukan Early Break,Tidak Ada Indikasi,Aktif Normal,Disetujui Branch Manager / Operasional,Tidak,1,2,-
FUND-0629,Cabang Surabaya,Deposito Berjangka,Pembaruan Otomatis (ARO),16348.93,3.19,4.25,Bukan Special Rate,Tidak Diperlukan (< Batas LPS),Bukan Early Break,Tidak Ada Indikasi,Aktif Normal,Disetujui Branch Manager / Operasional,Tidak,1,1,-
FUND-0630,Kantor Pusat,Tabungan Reguler,Penempatan Baru,218.76,1.56,4.25,Bukan Special Rate,Tidak Diperlukan (< Batas LPS),Bukan Early Break,Tidak Ada Indikasi,Aktif Normal,Disetujui Branch Manager / Operasional,Tidak,1,1,-
FUND-0631,Cabang Bali,Deposito On Call,Penempatan Baru,11817.62,2.84,4.25,Bukan Special Rate,Tidak Diperlukan (< Batas LPS),Bukan Early Break,Tidak Ada Indikasi,Aktif Normal,Disetujui Branch Manager / Operasional,Tidak,2,1,-
FUND-0632,Kantor Pusat,Tabungan Reguler,Penarikan / Pencairan,18.65,1.25,4.25,Bukan Special Rate,Tidak Diperlukan (< Batas LPS),Bukan Early Break,Tidak Ada Indikasi,Aktif Normal,Disetujui Branch Manager / Operasional,Tidak,1,1,-
FUND-0633,Kantor Pusat,Deposito On Call,Penempatan Baru,5657.25,3.4,4.25,Bukan Special Rate,Tidak Diperlukan (< Batas LPS),Bukan Early Break,Tidak Ada Indikasi,Aktif Normal,Disetujui Branch Manager / Operasional,Tidak,1,1,-
FUND-0634,Cabang Surabaya,Tabungan Bisnis,Penarikan / Pencairan,30276.76,1.75,4.25,Bukan Special Rate,Tidak Diperlukan (< Batas LPS),Bukan Early Break,Tidak Ada Indikasi,Aktif Normal,Override Teller / Tanpa Otorisasi,Ya (Anomali),4,4,Penarikan dana masif sebesar Rp 30276.76 Juta tanpa verifikasi Cash Transaction Report (CTR) dan otorisasi Pejabat
FUND-0635,Kantor Pusat,Tabungan Reguler,Penarikan / Pencairan,182.73,1.99,4.25,Bukan Special Rate,Tidak Diperlukan (< Batas LPS),Bukan Early Break,Tidak Ada Indikasi,Aktif Normal,Disetujui Branch Manager / Operasional,Tidak,1,1,-
FUND-0636,Cabang Bandung,Deposito Berjangka,Pembaruan Otomatis (ARO),3745.68,3.45,4.25,Bukan Special Rate,Tidak Diperlukan (< Batas LPS),Bukan Early Break,Tidak Ada Indikasi,Aktif Normal,Disetujui Branch Manager / Operasional,Tidak,2,2,-
FUND-0637,Cabang Medan,Tabungan Reguler,Penarikan / Pencairan,255.21,1.36,4.25,Bukan Special Rate,Tidak Diperlukan (< Batas LPS),Bukan Early Break,Tidak Ada Indikasi,Aktif Normal,Disetujui Branch Manager / Operasional,Tidak,2,2,-
FUND-0638,Cabang Surabaya,Deposito Berjangka,Penempatan Baru,9587.82,3.71,4.25,Bukan Special Rate,Tidak Diperlukan (< Batas LPS),Bukan Early Break,Tidak Ada Indikasi,Aktif Normal,Disetujui Branch Manager / Operasional,Tidak,2,2,-
FUND-0639,Cabang Surabaya,Tabungan Reguler,Penarikan / Pencairan,11.25,1.84,4.25,Bukan Special Rate,Tidak Diperlukan (< Batas LPS),Bukan Early Break,Tidak Ada Indikasi,Aktif Normal,Disetujui Branch Manager / Operasional,Tidak,2,1,-
FUND-0640,Kantor Pusat,Tabungan Reguler,Penempatan Baru,143.33,1.19,4.25,Bukan Special Rate,Tidak Diperlukan (< Batas LPS),Bukan Early Break,Tidak Ada Indikasi,Aktif Normal,Disetujui Branch Manager / Operasional,Tidak,2,2,-
FUND-0641,Kantor Pusat,Deposito Berjangka,Pembaruan Otomatis (ARO),6450.9,2.77,4.25,Bukan Special Rate,Tidak Diperlukan (< Batas LPS),Bukan Early Break,Tidak Ada Indikasi,Aktif Normal,Disetujui Branch Manager / Operasional,Tidak,1,2,-
FUND-0642,Cabang Medan,Deposito Berjangka,Pembaruan Otomatis (ARO),8320.17,3.47,4.25,Bukan Special Rate,Tidak Diperlukan (< Batas LPS),Bukan Early Break,Tidak Ada Indikasi,Aktif Normal,Disetujui Branch Manager / Operasional,Tidak,2,2,-
FUND-0643,Cabang Surabaya,Deposito On Call,Penempatan Baru,1462.88,3.74,4.25,Bukan Special Rate,Tidak Diperlukan (< Batas LPS),Bukan Early Break,Tidak Ada Indikasi,Aktif Normal,Disetujui Branch Manager / Operasional,Tidak,1,1,-
FUND-0644,Cabang Surabaya,Tabungan Reguler,Penarikan / Pencairan,6293.76,1.54,4.25,Bukan Special Rate,Tidak Diperlukan (< Batas LPS),Bukan Early Break,Tidak Ada Indikasi,Dormant Diaktifkan Tiba-tiba,Override Teller / Tanpa Otorisasi,Ya (Anomali),5,4,Rekening pasif (Dormant) diaktifkan tiba-tiba diikuti penarikan dana masif tanpa otorisasi Pejabat Cabang
FUND-0645,Cabang Bali,Tabungan Bisnis,Setoran Tambahan,1127.36,1.67,4.25,Bukan Special Rate,Tidak Diperlukan (< Batas LPS),Bukan Early Break,Tidak Ada Indikasi,Aktif Normal,Disetujui Branch Manager / Operasional,Tidak,2,1,-
FUND-0646,Cabang Jakarta,Tabungan Bisnis,Penempatan Baru,85.23,2.4,4.25,Bukan Special Rate,Tidak Diperlukan (< Batas LPS),Bukan Early Break,Tidak Ada Indikasi,Aktif Normal,Disetujui Branch Manager / Operasional,Tidak,1,2,-
FUND-0647,Kantor Pusat,Tabungan Bisnis,Penarikan / Pencairan,2344.99,1.46,4.25,Bukan Special Rate,Tidak Diperlukan (< Batas LPS),Bukan Early Break,Tidak Ada Indikasi,Aktif Normal,Disetujui Branch Manager / Operasional,Tidak,1,1,-
FUND-0648,Cabang Surabaya,Tabungan Bisnis,Penarikan / Pencairan,1631.56,1.48,4.25,Bukan Special Rate,Tidak Diperlukan (< Batas LPS),Bukan Early Break,Tidak Ada Indikasi,Aktif Normal,Disetujui Branch Manager / Operasional,Tidak,1,1,-
FUND-0649,Cabang Bali,Tabungan Reguler,Penarikan / Pencairan,314.79,1.41,4.25,Bukan Special Rate,Tidak Diperlukan (< Batas LPS),Bukan Early Break,Tidak Ada Indikasi,Aktif Normal,Disetujui Branch Manager / Operasional,Tidak,2,1,-
FUND-0650,Cabang Jakarta,Tabungan Reguler,Penempatan Baru,325.07,1.83,4.25,Bukan Special Rate,Tidak Diperlukan (< Batas LPS),Bukan Early Break,Tidak Ada Indikasi,Aktif Normal,Disetujui Branch Manager / Operasional,Tidak,2,1,-
FUND-0651,Cabang Jakarta,Deposito Berjangka,Penempatan Baru,12075.67,5.48,4.25,Sesuai Ketentuan ALCO,LPS Ditandatangani,Bukan Early Break,Tidak Ada Indikasi,Aktif Normal,Disetujui Branch Manager / Operasional,Tidak,1,1,-
FUND-0652,Cabang Jakarta,Tabungan Reguler,Penarikan / Pencairan,251.06,1.0,4.25,Bukan Special Rate,Tidak Diperlukan (< Batas LPS),Bukan Early Break,Tidak Ada Indikasi,Aktif Normal,Disetujui Branch Manager / Operasional,Tidak,2,1,-
FUND-0653,Cabang Medan,Tabungan Bisnis,Penempatan Baru,1305.04,1.98,4.25,Bukan Special Rate,Tidak Diperlukan (< Batas LPS),Bukan Early Break,Tidak Ada Indikasi,Aktif Normal,Disetujui Branch Manager / Operasional,Tidak,1,2,-
FUND-0654,Cabang Jakarta,Giro Korporasi,Penempatan Baru,22980.83,11.39,4.25,Tanpa Persetujuan ALCO,LPS Ditandatangani,Bukan Early Break,Tidak Ada Indikasi,Aktif Normal,Override Teller / Tanpa Otorisasi,Ya (Anomali),5,4,Pemberian suku bunga pendanaan ekstrem (11.39%) di luar kewajaran pasar tanpa persetujuan ALCO (potensi conflict of interest)
FUND-0655,Cabang Jakarta,Tabungan Reguler,Penempatan Baru,219.71,1.98,4.25,Bukan Special Rate,Tidak Diperlukan (< Batas LPS),Bukan Early Break,Tidak Ada Indikasi,Aktif Normal,Disetujui Branch Manager / Operasional,Tidak,1,2,-
FUND-0656,Kantor Pusat,Tabungan Bisnis,Penarikan / Pencairan,63.02,2.46,4.25,Bukan Special Rate,Tidak Diperlukan (< Batas LPS),Bukan Early Break,Tidak Ada Indikasi,Aktif Normal,Disetujui Branch Manager / Operasional,Tidak,2,1,-
FUND-0657,Cabang Jakarta,Tabungan Bisnis,Penempatan Baru,1491.1,1.97,4.25,Bukan Special Rate,Tidak Diperlukan (< Batas LPS),Bukan Early Break,Tidak Ada Indikasi,Aktif Normal,Disetujui Branch Manager / Operasional,Tidak,1,1,-
FUND-0658,Kantor Pusat,Tabungan Bisnis,Penarikan / Pencairan,2099.13,2.71,4.25,Bukan Special Rate,Tidak Diperlukan (< Batas LPS),Bukan Early Break,Tidak Ada Indikasi,Aktif Normal,Disetujui Branch Manager / Operasional,Tidak,2,1,-
FUND-0659,Cabang Jakarta,Tabungan Reguler,Penarikan / Pencairan,146.77,1.54,4.25,Bukan Special Rate,Tidak Diperlukan (< Batas LPS),Bukan Early Break,Tidak Ada Indikasi,Aktif Normal,Disetujui Branch Manager / Operasional,Tidak,1,1,-
FUND-0660,Cabang Jakarta,Tabungan Reguler,Penarikan / Pencairan,245.27,1.63,4.25,Bukan Special Rate,Tidak Diperlukan (< Batas LPS),Bukan Early Break,Tidak Ada Indikasi,Aktif Normal,Disetujui Branch Manager / Operasional,Tidak,1,1,-
FUND-0661,Cabang Jakarta,Giro Korporasi,Penempatan Baru,662.15,1.09,4.25,Bukan Special Rate,Tidak Diperlukan (< Batas LPS),Bukan Early Break,Tidak Ada Indikasi,Aktif Normal,Disetujui Branch Manager / Operasional,Tidak,2,1,-
FUND-0662,Cabang Surabaya,Giro Individu,Penempatan Baru,5482.13,1.89,4.25,Bukan Special Rate,Tidak Diperlukan (< Batas LPS),Bukan Early Break,Tidak Ada Indikasi,Aktif Normal,Disetujui Branch Manager / Operasional,Tidak,1,1,-
FUND-0663,Cabang Surabaya,Deposito Berjangka,Penempatan Baru,646.0,4.91,4.25,Sesuai Ketentuan ALCO,LPS Ditandatangani,Bukan Early Break,Tidak Ada Indikasi,Aktif Normal,Disetujui Branch Manager / Operasional,Tidak,1,1,-
FUND-0664,Kantor Pusat,Deposito Berjangka,Penempatan Baru,16975.23,3.53,4.25,Bukan Special Rate,Tidak Diperlukan (< Batas LPS),Bukan Early Break,Tidak Ada Indikasi,Aktif Normal,Disetujui Branch Manager / Operasional,Tidak,2,1,-
FUND-0665,Cabang Jakarta,Tabungan Bisnis,Penarikan / Pencairan,809.58,2.47,4.25,Bukan Special Rate,Tidak Diperlukan (< Batas LPS),Bukan Early Break,Tidak Ada Indikasi,Aktif Normal,Disetujui Branch Manager / Operasional,Tidak,2,1,-
FUND-0666,Cabang Bali,Tabungan Reguler,Setoran Tambahan,171.94,1.87,4.25,Bukan Special Rate,Tidak Diperlukan (< Batas LPS),Bukan Early Break,Tidak Ada Indikasi,Aktif Normal,Disetujui Branch Manager / Operasional,Tidak,2,1,-
FUND-0667,Cabang Medan,Tabungan Reguler,Setoran Tambahan,211.5,1.27,4.25,Bukan Special Rate,Tidak Diperlukan (< Batas LPS),Bukan Early Break,Tidak Ada Indikasi,Aktif Normal,Disetujui Branch Manager / Operasional,Tidak,2,1,-
FUND-0668,Cabang Bali,Tabungan Bisnis,Penarikan / Pencairan,254.58,2.42,4.25,Bukan Special Rate,Tidak Diperlukan (< Batas LPS),Bukan Early Break,Tidak Ada Indikasi,Aktif Normal,Disetujui Branch Manager / Operasional,Tidak,1,1,-
FUND-0669,Cabang Medan,Tabungan Reguler,Penarikan / Pencairan,51.05,0.85,4.25,Bukan Special Rate,Tidak Diperlukan (< Batas LPS),Bukan Early Break,Tidak Ada Indikasi,Aktif Normal,Disetujui Branch Manager / Operasional,Tidak,2,1,-
FUND-0670,Cabang Surabaya,Giro Korporasi,Penarikan / Pencairan,22612.48,1.92,4.25,Bukan Special Rate,Tidak Diperlukan (< Batas LPS),Bukan Early Break,Tidak Ada Indikasi,Aktif Normal,Override Teller / Tanpa Otorisasi,Ya (Anomali),5,4,Penarikan dana masif sebesar Rp 22612.48 Juta tanpa verifikasi Cash Transaction Report (CTR) dan otorisasi Pejabat
FUND-0671,Cabang Jakarta,Tabungan Bisnis,Setoran Tambahan,678.5,2.23,4.25,Bukan Special Rate,Tidak Diperlukan (< Batas LPS),Bukan Early Break,Tidak Ada Indikasi,Aktif Normal,Disetujui Branch Manager / Operasional,Tidak,1,1,-
FUND-0672,Cabang Bandung,Deposito Berjangka,Penarikan / Pencairan,2828.41,3.12,4.25,Bukan Special Rate,Tidak Diperlukan (< Batas LPS),Bukan Early Break,Tidak Ada Indikasi,Aktif Normal,Disetujui Branch Manager / Operasional,Tidak,1,1,-
FUND-0673,Cabang Jakarta,Deposito Berjangka,Penempatan Baru,7474.89,3.36,4.25,Bukan Special Rate,Tidak Diperlukan (< Batas LPS),Bukan Early Break,Tidak Ada Indikasi,Aktif Normal,Disetujui Branch Manager / Operasional,Tidak,1,1,-
FUND-0674,Kantor Pusat,Tabungan Reguler,Setoran Tambahan,137.35,1.28,4.25,Bukan Special Rate,Tidak Diperlukan (< Batas LPS),Bukan Early Break,Tidak Ada Indikasi,Aktif Normal,Disetujui Branch Manager / Operasional,Tidak,2,1,-
FUND-0675,Cabang Jakarta,Tabungan Reguler,Penempatan Baru,289.67,1.36,4.25,Bukan Special Rate,Tidak Diperlukan (< Batas LPS),Bukan Early Break,Tidak Ada Indikasi,Aktif Normal,Disetujui Branch Manager / Operasional,Tidak,1,1,-
FUND-0676,Cabang Bali,Tabungan Reguler,Penempatan Baru,139.35,1.94,4.25,Bukan Special Rate,Tidak Diperlukan (< Batas LPS),Bukan Early Break,Tidak Ada Indikasi,Aktif Normal,Disetujui Branch Manager / Operasional,Tidak,1,2,-
FUND-0677,Cabang Jakarta,Deposito Berjangka,Penempatan Baru,6022.49,3.26,4.25,Bukan Special Rate,Tidak Diperlukan (< Batas LPS),Bukan Early Break,Tidak Ada Indikasi,Aktif Normal,Disetujui Branch Manager / Operasional,Tidak,2,1,-
FUND-0678,Kantor Pusat,Tabungan Bisnis,Setoran Tambahan,309.2,2.01,4.25,Bukan Special Rate,Tidak Diperlukan (< Batas LPS),Bukan Early Break,Tidak Ada Indikasi,Aktif Normal,Disetujui Branch Manager / Operasional,Tidak,2,2,-
FUND-0679,Cabang Jakarta,Tabungan Reguler,Penempatan Baru,202.34,1.76,4.25,Bukan Special Rate,Tidak Diperlukan (< Batas LPS),Bukan Early Break,Tidak Ada Indikasi,Aktif Normal,Disetujui Branch Manager / Operasional,Tidak,2,1,-
FUND-0680,Cabang Medan,Tabungan Reguler,Setoran Tambahan,198.94,1.44,4.25,Bukan Special Rate,Tidak Diperlukan (< Batas LPS),Bukan Early Break,Tidak Ada Indikasi,Aktif Normal,Disetujui Branch Manager / Operasional,Tidak,1,1,-
FUND-0681,Cabang Surabaya,Giro Korporasi,Setoran Tambahan,5942.55,1.11,4.25,Bukan Special Rate,Tidak Diperlukan (< Batas LPS),Bukan Early Break,Tidak Ada Indikasi,Aktif Normal,Disetujui Branch Manager / Operasional,Tidak,1,1,-
FUND-0682,Kantor Pusat,Tabungan Bisnis,Penarikan / Pencairan,1868.52,1.5,4.25,Bukan Special Rate,Tidak Diperlukan (< Batas LPS),Bukan Early Break,Tidak Ada Indikasi,Aktif Normal,Disetujui Branch Manager / Operasional,Tidak,1,2,-
FUND-0683,Cabang Surabaya,Tabungan Bisnis,Penempatan Baru,914.97,2.59,4.25,Bukan Special Rate,Tidak Diperlukan (< Batas LPS),Bukan Early Break,Tidak Ada Indikasi,Aktif Normal,Disetujui Branch Manager / Operasional,Tidak,2,2,-
FUND-0684,Cabang Medan,Deposito On Call,Penempatan Baru,12802.84,2.95,4.25,Bukan Special Rate,Tidak Diperlukan (< Batas LPS),Bukan Early Break,Tidak Ada Indikasi,Aktif Normal,Disetujui Branch Manager / Operasional,Tidak,2,2,-
FUND-0685,Cabang Bandung,Deposito Berjangka,Penempatan Baru,6254.01,3.12,4.25,Bukan Special Rate,Tidak Diperlukan (< Batas LPS),Bukan Early Break,Tidak Ada Indikasi,Aktif Normal,Disetujui Branch Manager / Operasional,Tidak,1,1,-
FUND-0686,Cabang Bali,Tabungan Reguler,Penarikan / Pencairan,46.31,1.75,4.25,Bukan Special Rate,Tidak Diperlukan (< Batas LPS),Bukan Early Break,Tidak Ada Indikasi,Aktif Normal,Disetujui Branch Manager / Operasional,Tidak,1,2,-
FUND-0687,Cabang Bali,Tabungan Reguler,Setoran Tambahan,31.08,1.21,4.25,Bukan Special Rate,Tidak Diperlukan (< Batas LPS),Bukan Early Break,Tidak Ada Indikasi,Aktif Normal,Disetujui Branch Manager / Operasional,Tidak,1,1,-
FUND-0688,Cabang Medan,Giro Korporasi,Penempatan Baru,5424.76,1.06,4.25,Bukan Special Rate,Tidak Diperlukan (< Batas LPS),Bukan Early Break,Tidak Ada Indikasi,Aktif Normal,Disetujui Branch Manager / Operasional,Tidak,1,1,-
FUND-0689,Cabang Surabaya,Deposito Berjangka,Pembaruan Otomatis (ARO),11145.4,2.92,4.25,Bukan Special Rate,Tidak Diperlukan (< Batas LPS),Bukan Early Break,Tidak Ada Indikasi,Aktif Normal,Disetujui Branch Manager / Operasional,Tidak,1,1,-
FUND-0690,Cabang Bali,Deposito Berjangka,Pencairan Sebelum Jatuh Tempo (Early Break),5637.22,4.07,4.25,Bukan Special Rate,Tidak Diperlukan (< Batas LPS),Bebas Penalti Tanpa Otorisasi,Tidak Ada Indikasi,Aktif Normal,Override Teller / Tanpa Otorisasi,Ya (Anomali),4,5,Pencairan Deposito sebelum jatuh tempo (Early Break) tanpa pengenaan penalti dan tanpa otorisasi Branch Manager
FUND-0691,Cabang Medan,Deposito On Call,Pembaruan Otomatis (ARO),10225.55,2.84,4.25,Bukan Special Rate,Tidak Diperlukan (< Batas LPS),Bukan Early Break,Tidak Ada Indikasi,Aktif Normal,Disetujui Branch Manager / Operasional,Tidak,1,2,-
FUND-0692,Cabang Surabaya,Giro Individu,Setoran Tambahan,3243.14,2.03,4.25,Bukan Special Rate,Tidak Diperlukan (< Batas LPS),Bukan Early Break,Tidak Ada Indikasi,Aktif Normal,Disetujui Branch Manager / Operasional,Tidak,1,1,-
FUND-0693,Kantor Pusat,Deposito On Call,Penempatan Baru,7894.78,3.08,4.25,Bukan Special Rate,Tidak Diperlukan (< Batas LPS),Bukan Early Break,Tidak Ada Indikasi,Aktif Normal,Disetujui Branch Manager / Operasional,Tidak,2,2,-
FUND-0694,Cabang Bali,Deposito Berjangka,Pembaruan Otomatis (ARO),1691.02,3.58,4.25,Bukan Special Rate,Tidak Diperlukan (< Batas LPS),Bukan Early Break,Tidak Ada Indikasi,Aktif Normal,Disetujui Branch Manager / Operasional,Tidak,1,1,-
FUND-0695,Kantor Pusat,Tabungan Reguler,Penarikan / Pencairan,320.62,1.2,4.25,Bukan Special Rate,Tidak Diperlukan (< Batas LPS),Bukan Early Break,Tidak Ada Indikasi,Aktif Normal,Disetujui Branch Manager / Operasional,Tidak,1,1,-
FUND-0696,Kantor Pusat,Tabungan Reguler,Penarikan / Pencairan,248.07,1.28,4.25,Bukan Special Rate,Tidak Diperlukan (< Batas LPS),Bukan Early Break,Tidak Ada Indikasi,Aktif Normal,Disetujui Branch Manager / Operasional,Tidak,1,1,-
FUND-0697,Cabang Medan,Deposito Berjangka,Penempatan Baru,3099.47,4.52,4.25,Sesuai Ketentuan ALCO,LPS Ditandatangani,Bukan Early Break,Tidak Ada Indikasi,Aktif Normal,Disetujui Branch Manager / Operasional,Tidak,1,1,-
FUND-0698,Cabang Jakarta,Deposito Berjangka,Penempatan Baru,17223.13,3.84,4.25,Bukan Special Rate,Tidak Diperlukan (< Batas LPS),Bukan Early Break,Tidak Ada Indikasi,Aktif Normal,Disetujui Branch Manager / Operasional,Tidak,1,1,-
FUND-0699,Cabang Surabaya,Tabungan Bisnis,Penarikan / Pencairan,362.57,1.68,4.25,Bukan Special Rate,Tidak Diperlukan (< Batas LPS),Bukan Early Break,Tidak Ada Indikasi,Aktif Normal,Disetujui Branch Manager / Operasional,Tidak,1,1,-
FUND-0700,Kantor Pusat,Giro Korporasi,Penempatan Baru,14575.46,10.21,4.25,Tanpa Persetujuan ALCO,LPS Ditandatangani,Bukan Early Break,Tidak Ada Indikasi,Aktif Normal,Override Teller / Tanpa Otorisasi,Ya (Anomali),5,5,Pemberian suku bunga pendanaan ekstrem (10.21%) di luar kewajaran pasar tanpa persetujuan ALCO (potensi conflict of interest)
FUND-0701,Cabang Jakarta,Deposito Berjangka,Pembaruan Otomatis (ARO),16577.28,4.76,4.25,Sesuai Ketentuan ALCO,LPS Ditandatangani,Bukan Early Break,Tidak Ada Indikasi,Aktif Normal,Disetujui Branch Manager / Operasional,Tidak,1,1,-
FUND-0702,Kantor Pusat,Giro Korporasi,Penempatan Baru,2585.24,1.64,4.25,Bukan Special Rate,Tidak Diperlukan (< Batas LPS),Bukan Early Break,Tidak Ada Indikasi,Aktif Normal,Disetujui Branch Manager / Operasional,Tidak,2,1,-
FUND-0703,Cabang Jakarta,Giro Individu,Penempatan Baru,2904.62,1.6,4.25,Bukan Special Rate,Tidak Diperlukan (< Batas LPS),Bukan Early Break,Tidak Ada Indikasi,Aktif Normal,Disetujui Branch Manager / Operasional,Tidak,1,1,-
FUND-0704,Kantor Pusat,Tabungan Reguler,Penarikan / Pencairan,225.59,0.91,4.25,Bukan Special Rate,Tidak Diperlukan (< Batas LPS),Bukan Early Break,Tidak Ada Indikasi,Aktif Normal,Disetujui Branch Manager / Operasional,Tidak,1,1,-
FUND-0705,Cabang Medan,Tabungan Reguler,Penempatan Baru,26.93,1.14,4.25,Bukan Special Rate,Tidak Diperlukan (< Batas LPS),Bukan Early Break,Tidak Ada Indikasi,Aktif Normal,Disetujui Branch Manager / Operasional,Tidak,1,1,-
FUND-0706,Cabang Jakarta,Giro Korporasi,Setoran Tambahan,2724.31,1.87,4.25,Bukan Special Rate,Tidak Diperlukan (< Batas LPS),Bukan Early Break,Tidak Ada Indikasi,Aktif Normal,Disetujui Branch Manager / Operasional,Tidak,2,1,-
FUND-0707,Cabang Surabaya,Tabungan Reguler,Penarikan / Pencairan,16.86,1.55,4.25,Bukan Special Rate,Tidak Diperlukan (< Batas LPS),Bukan Early Break,Tidak Ada Indikasi,Aktif Normal,Disetujui Branch Manager / Operasional,Tidak,1,1,-
FUND-0708,Cabang Medan,Deposito Berjangka,Penarikan / Pencairan,17855.73,3.07,4.25,Bukan Special Rate,Tidak Diperlukan (< Batas LPS),Bukan Early Break,Tidak Ada Indikasi,Aktif Normal,Disetujui Branch Manager / Operasional,Tidak,2,1,-
FUND-0709,Cabang Surabaya,Deposito On Call,Pembaruan Otomatis (ARO),4427.07,3.05,4.25,Bukan Special Rate,Tidak Diperlukan (< Batas LPS),Bukan Early Break,Tidak Ada Indikasi,Aktif Normal,Disetujui Branch Manager / Operasional,Tidak,1,1,-
FUND-0710,Cabang Bali,Deposito Berjangka,Penempatan Baru,16987.91,3.71,4.25,Bukan Special Rate,Tidak Diperlukan (< Batas LPS),Bukan Early Break,Tidak Ada Indikasi,Aktif Normal,Disetujui Branch Manager / Operasional,Tidak,1,1,-
FUND-0711,Cabang Jakarta,Deposito Berjangka,Penempatan Baru,17647.62,5.08,4.25,Sesuai Ketentuan ALCO,LPS Ditandatangani,Bukan Early Break,Tidak Ada Indikasi,Aktif Normal,Disetujui Branch Manager / Operasional,Tidak,1,2,-
FUND-0712,Kantor Pusat,Deposito Berjangka,Pembaruan Otomatis (ARO),9820.99,3.71,4.25,Bukan Special Rate,Tidak Diperlukan (< Batas LPS),Bukan Early Break,Tidak Ada Indikasi,Aktif Normal,Disetujui Branch Manager / Operasional,Tidak,2,1,-
FUND-0713,Cabang Bandung,Tabungan Reguler,Penarikan / Pencairan,55.87,1.16,4.25,Bukan Special Rate,Tidak Diperlukan (< Batas LPS),Bukan Early Break,Tidak Ada Indikasi,Aktif Normal,Disetujui Branch Manager / Operasional,Tidak,1,1,-
FUND-0714,Cabang Bali,Tabungan Bisnis,Penarikan / Pencairan,1317.32,1.38,4.25,Bukan Special Rate,Tidak Diperlukan (< Batas LPS),Bukan Early Break,Tidak Ada Indikasi,Aktif Normal,Disetujui Branch Manager / Operasional,Tidak,2,1,-
FUND-0715,Cabang Surabaya,Tabungan Reguler,Penarikan / Pencairan,88.5,1.64,4.25,Bukan Special Rate,Tidak Diperlukan (< Batas LPS),Bukan Early Break,Tidak Ada Indikasi,Aktif Normal,Disetujui Branch Manager / Operasional,Tidak,1,1,-
FUND-0716,Cabang Surabaya,Deposito Berjangka,Penarikan / Pencairan,3384.7,4.96,4.25,Sesuai Ketentuan ALCO,LPS Ditandatangani,Bukan Early Break,Tidak Ada Indikasi,Aktif Normal,Disetujui Branch Manager / Operasional,Tidak,1,1,-
FUND-0717,Cabang Jakarta,Giro Korporasi,Penarikan / Pencairan,4443.96,1.06,4.25,Bukan Special Rate,Tidak Diperlukan (< Batas LPS),Bukan Early Break,Tidak Ada Indikasi,Aktif Normal,Disetujui Branch Manager / Operasional,Tidak,1,2,-
FUND-0718,Cabang Bandung,Deposito Berjangka,Penempatan Baru,1997.13,4.2,4.25,Bukan Special Rate,Tidak Diperlukan (< Batas LPS),Bukan Early Break,Potensi Structuring Bilyet Deposito,Aktif Normal,Disetujui Branch Manager / Operasional,Ya (Anomali),4,4,Indikasi Structuring bilyet deposito berulang nominal Rp 1997.13 Juta mendekati batas maksimal penjaminan LPS (Rp 2 Miliar)
FUND-0719,Cabang Bali,Tabungan Reguler,Penarikan / Pencairan,126.32,1.89,4.25,Bukan Special Rate,Tidak Diperlukan (< Batas LPS),Bukan Early Break,Tidak Ada Indikasi,Aktif Normal,Disetujui Branch Manager / Operasional,Tidak,1,2,-
FUND-0720,Cabang Surabaya,Deposito Berjangka,Pembaruan Otomatis (ARO),11239.66,3.48,4.25,Bukan Special Rate,Tidak Diperlukan (< Batas LPS),Bukan Early Break,Tidak Ada Indikasi,Aktif Normal,Disetujui Branch Manager / Operasional,Tidak,1,1,-
FUND-0721,Cabang Medan,Deposito On Call,Penempatan Baru,4448.14,7.05,4.25,Tanpa Persetujuan ALCO,Tanpa Surat Pelepasan (Pelanggaran),Bukan Early Break,Tidak Ada Indikasi,Aktif Normal,Override Teller / Tanpa Otorisasi,Ya (Anomali),5,5,Bunga Deposito (7.05%) melampaui batas LPS (4.25%) tanpa Surat Pelepasan LPS & tanpa persetujuan ALCO
FUND-0722,Cabang Medan,Deposito Berjangka,Penempatan Baru,1997.8,3.89,4.25,Bukan Special Rate,Tidak Diperlukan (< Batas LPS),Bukan Early Break,Potensi Structuring Bilyet Deposito,Aktif Normal,Disetujui Branch Manager / Operasional,Ya (Anomali),4,4,Indikasi Structuring bilyet deposito berulang nominal Rp 1997.8 Juta mendekati batas maksimal penjaminan LPS (Rp 2 Miliar)
FUND-0723,Kantor Pusat,Tabungan Reguler,Setoran Tambahan,62.56,0.81,4.25,Bukan Special Rate,Tidak Diperlukan (< Batas LPS),Bukan Early Break,Tidak Ada Indikasi,Aktif Normal,Disetujui Branch Manager / Operasional,Tidak,2,1,-
FUND-0724,Cabang Jakarta,Deposito Berjangka,Pembaruan Otomatis (ARO),9538.09,3.85,4.25,Bukan Special Rate,Tidak Diperlukan (< Batas LPS),Bukan Early Break,Tidak Ada Indikasi,Aktif Normal,Disetujui Branch Manager / Operasional,Tidak,1,1,-
FUND-0725,Kantor Pusat,Tabungan Reguler,Setoran Tambahan,257.82,1.43,4.25,Bukan Special Rate,Tidak Diperlukan (< Batas LPS),Bukan Early Break,Tidak Ada Indikasi,Aktif Normal,Disetujui Branch Manager / Operasional,Tidak,1,1,-
FUND-0726,Cabang Surabaya,Tabungan Reguler,Setoran Tambahan,292.61,1.3,4.25,Bukan Special Rate,Tidak Diperlukan (< Batas LPS),Bukan Early Break,Tidak Ada Indikasi,Aktif Normal,Disetujui Branch Manager / Operasional,Tidak,1,1,-
FUND-0727,Kantor Pusat,Deposito Berjangka,Penempatan Baru,2943.92,3.96,4.25,Bukan Special Rate,Tidak Diperlukan (< Batas LPS),Bukan Early Break,Tidak Ada Indikasi,Aktif Normal,Disetujui Branch Manager / Operasional,Tidak,1,2,-
FUND-0728,Cabang Bandung,Deposito Berjangka,Penempatan Baru,4573.37,3.62,4.25,Bukan Special Rate,Tidak Diperlukan (< Batas LPS),Bukan Early Break,Tidak Ada Indikasi,Aktif Normal,Disetujui Branch Manager / Operasional,Tidak,1,1,-
FUND-0729,Kantor Pusat,Deposito Berjangka,Penempatan Baru,5345.98,3.62,4.25,Bukan Special Rate,Tidak Diperlukan (< Batas LPS),Bukan Early Break,Tidak Ada Indikasi,Aktif Normal,Disetujui Branch Manager / Operasional,Tidak,1,1,-
FUND-0730,Kantor Pusat,Deposito On Call,Penempatan Baru,14684.2,2.73,4.25,Bukan Special Rate,Tidak Diperlukan (< Batas LPS),Bukan Early Break,Tidak Ada Indikasi,Aktif Normal,Disetujui Branch Manager / Operasional,Tidak,2,1,-
FUND-0731,Cabang Surabaya,Giro Korporasi,Penarikan / Pencairan,33896.27,1.61,4.25,Bukan Special Rate,Tidak Diperlukan (< Batas LPS),Bukan Early Break,Tidak Ada Indikasi,Aktif Normal,Override Teller / Tanpa Otorisasi,Ya (Anomali),4,4,Penarikan dana masif sebesar Rp 33896.27 Juta tanpa verifikasi Cash Transaction Report (CTR) dan otorisasi Pejabat
FUND-0732,Cabang Jakarta,Giro Korporasi,Setoran Tambahan,1770.31,1.33,4.25,Bukan Special Rate,Tidak Diperlukan (< Batas LPS),Bukan Early Break,Tidak Ada Indikasi,Aktif Normal,Disetujui Branch Manager / Operasional,Tidak,1,2,-
FUND-0733,Cabang Surabaya,Tabungan Bisnis,Penarikan / Pencairan,197.35,2.09,4.25,Bukan Special Rate,Tidak Diperlukan (< Batas LPS),Bukan Early Break,Tidak Ada Indikasi,Aktif Normal,Disetujui Branch Manager / Operasional,Tidak,2,1,-
FUND-0734,Cabang Medan,Deposito On Call,Penarikan / Pencairan,1661.67,3.62,4.25,Bukan Special Rate,Tidak Diperlukan (< Batas LPS),Bukan Early Break,Tidak Ada Indikasi,Aktif Normal,Disetujui Branch Manager / Operasional,Tidak,1,2,-
FUND-0735,Cabang Medan,Deposito Berjangka,Pembaruan Otomatis (ARO),3669.21,3.0,4.25,Bukan Special Rate,Tidak Diperlukan (< Batas LPS),Bukan Early Break,Tidak Ada Indikasi,Aktif Normal,Disetujui Branch Manager / Operasional,Tidak,2,1,-
FUND-0736,Cabang Bali,Tabungan Reguler,Penempatan Baru,22.37,0.82,4.25,Bukan Special Rate,Tidak Diperlukan (< Batas LPS),Bukan Early Break,Tidak Ada Indikasi,Aktif Normal,Disetujui Branch Manager / Operasional,Tidak,1,1,-
FUND-0737,Cabang Jakarta,Tabungan Reguler,Penarikan / Pencairan,189.84,0.86,4.25,Bukan Special Rate,Tidak Diperlukan (< Batas LPS),Bukan Early Break,Tidak Ada Indikasi,Aktif Normal,Disetujui Branch Manager / Operasional,Tidak,2,1,-
FUND-0738,Cabang Bandung,Deposito Berjangka,Pembaruan Otomatis (ARO),5152.72,5.23,4.25,Sesuai Ketentuan ALCO,LPS Ditandatangani,Bukan Early Break,Tidak Ada Indikasi,Aktif Normal,Disetujui Branch Manager / Operasional,Tidak,1,1,-
FUND-0739,Cabang Bandung,Deposito Berjangka,Penempatan Baru,6277.91,3.92,4.25,Bukan Special Rate,Tidak Diperlukan (< Batas LPS),Bukan Early Break,Tidak Ada Indikasi,Aktif Normal,Disetujui Branch Manager / Operasional,Tidak,1,2,-
FUND-0740,Cabang Surabaya,Tabungan Bisnis,Penarikan / Pencairan,4677.36,1.84,4.25,Bukan Special Rate,Tidak Diperlukan (< Batas LPS),Bukan Early Break,Tidak Ada Indikasi,Dormant Diaktifkan Tiba-tiba,Override Teller / Tanpa Otorisasi,Ya (Anomali),5,4,Rekening pasif (Dormant) diaktifkan tiba-tiba diikuti penarikan dana masif tanpa otorisasi Pejabat Cabang
FUND-0741,Kantor Pusat,Tabungan Reguler,Penarikan / Pencairan,3346.59,1.47,4.25,Bukan Special Rate,Tidak Diperlukan (< Batas LPS),Bukan Early Break,Tidak Ada Indikasi,Dormant Diaktifkan Tiba-tiba,Override Teller / Tanpa Otorisasi,Ya (Anomali),5,5,Rekening pasif (Dormant) diaktifkan tiba-tiba diikuti penarikan dana masif tanpa otorisasi Pejabat Cabang
FUND-0742,Cabang Bali,Deposito Berjangka,Penempatan Baru,12062.48,3.38,4.25,Bukan Special Rate,Tidak Diperlukan (< Batas LPS),Bukan Early Break,Tidak Ada Indikasi,Aktif Normal,Disetujui Branch Manager / Operasional,Tidak,1,1,-
FUND-0743,Kantor Pusat,Tabungan Reguler,Penarikan / Pencairan,208.14,0.86,4.25,Bukan Special Rate,Tidak Diperlukan (< Batas LPS),Bukan Early Break,Tidak Ada Indikasi,Aktif Normal,Disetujui Branch Manager / Operasional,Tidak,1,1,-
FUND-0744,Cabang Bandung,Deposito Berjangka,Pembaruan Otomatis (ARO),5000.03,4.17,4.25,Bukan Special Rate,Tidak Diperlukan (< Batas LPS),Bukan Early Break,Tidak Ada Indikasi,Aktif Normal,Disetujui Branch Manager / Operasional,Tidak,1,1,-
FUND-0745,Cabang Surabaya,Deposito Berjangka,Penempatan Baru,16121.46,3.93,4.25,Bukan Special Rate,Tidak Diperlukan (< Batas LPS),Bukan Early Break,Tidak Ada Indikasi,Aktif Normal,Disetujui Branch Manager / Operasional,Tidak,1,1,-
FUND-0746,Cabang Jakarta,Tabungan Reguler,Penarikan / Pencairan,158.78,1.8,4.25,Bukan Special Rate,Tidak Diperlukan (< Batas LPS),Bukan Early Break,Tidak Ada Indikasi,Aktif Normal,Disetujui Branch Manager / Operasional,Tidak,1,1,-
FUND-0747,Cabang Surabaya,Tabungan Reguler,Setoran Tambahan,52.07,1.62,4.25,Bukan Special Rate,Tidak Diperlukan (< Batas LPS),Bukan Early Break,Tidak Ada Indikasi,Aktif Normal,Disetujui Branch Manager / Operasional,Tidak,1,1,-
FUND-0748,Cabang Medan,Deposito Berjangka,Pembaruan Otomatis (ARO),153.37,3.3,4.25,Bukan Special Rate,Tidak Diperlukan (< Batas LPS),Bukan Early Break,Tidak Ada Indikasi,Aktif Normal,Disetujui Branch Manager / Operasional,Tidak,1,1,-
FUND-0749,Cabang Surabaya,Giro Korporasi,Penempatan Baru,6481.87,1.87,4.25,Bukan Special Rate,Tidak Diperlukan (< Batas LPS),Bukan Early Break,Tidak Ada Indikasi,Aktif Normal,Disetujui Branch Manager / Operasional,Tidak,1,1,-
FUND-0750,Cabang Bali,Tabungan Reguler,Penempatan Baru,197.47,1.13,4.25,Bukan Special Rate,Tidak Diperlukan (< Batas LPS),Bukan Early Break,Tidak Ada Indikasi,Aktif Normal,Disetujui Branch Manager / Operasional,Tidak,1,1,-
FUND-0751,Cabang Jakarta,Deposito Berjangka,Pembaruan Otomatis (ARO),16732.3,3.61,4.25,Bukan Special Rate,Tidak Diperlukan (< Batas LPS),Bukan Early Break,Tidak Ada Indikasi,Aktif Normal,Disetujui Branch Manager / Operasional,Tidak,1,2,-
FUND-0752,Cabang Surabaya,Tabungan Reguler,Penempatan Baru,262.53,1.87,4.25,Bukan Special Rate,Tidak Diperlukan (< Batas LPS),Bukan Early Break,Tidak Ada Indikasi,Aktif Normal,Disetujui Branch Manager / Operasional,Tidak,2,1,-
FUND-0753,Kantor Pusat,Giro Individu,Setoran Tambahan,5615.48,1.67,4.25,Bukan Special Rate,Tidak Diperlukan (< Batas LPS),Bukan Early Break,Tidak Ada Indikasi,Aktif Normal,Disetujui Branch Manager / Operasional,Tidak,1,2,-
FUND-0754,Cabang Bali,Deposito Berjangka,Pembaruan Otomatis (ARO),1595.78,3.5,4.25,Bukan Special Rate,Tidak Diperlukan (< Batas LPS),Bukan Early Break,Tidak Ada Indikasi,Aktif Normal,Disetujui Branch Manager / Operasional,Tidak,1,1,-
FUND-0755,Cabang Jakarta,Deposito Berjangka,Penempatan Baru,13633.69,3.06,4.25,Bukan Special Rate,Tidak Diperlukan (< Batas LPS),Bukan Early Break,Tidak Ada Indikasi,Aktif Normal,Disetujui Branch Manager / Operasional,Tidak,2,2,-
FUND-0756,Cabang Medan,Deposito Berjangka,Penempatan Baru,766.61,3.62,4.25,Bukan Special Rate,Tidak Diperlukan (< Batas LPS),Bukan Early Break,Tidak Ada Indikasi,Aktif Normal,Disetujui Branch Manager / Operasional,Tidak,1,1,-
FUND-0757,Cabang Surabaya,Deposito On Call,Pembaruan Otomatis (ARO),11338.33,2.55,4.25,Bukan Special Rate,Tidak Diperlukan (< Batas LPS),Bukan Early Break,Tidak Ada Indikasi,Aktif Normal,Disetujui Branch Manager / Operasional,Tidak,1,1,-
FUND-0758,Cabang Bali,Deposito Berjangka,Pembaruan Otomatis (ARO),7403.6,3.14,4.25,Bukan Special Rate,Tidak Diperlukan (< Batas LPS),Bukan Early Break,Tidak Ada Indikasi,Aktif Normal,Disetujui Branch Manager / Operasional,Tidak,1,1,-
FUND-0759,Cabang Jakarta,Giro Korporasi,Penarikan / Pencairan,6391.49,1.74,4.25,Bukan Special Rate,Tidak Diperlukan (< Batas LPS),Bukan Early Break,Tidak Ada Indikasi,Aktif Normal,Disetujui Branch Manager / Operasional,Tidak,2,1,-
FUND-0760,Kantor Pusat,Giro Korporasi,Setoran Tambahan,6910.81,2.01,4.25,Bukan Special Rate,Tidak Diperlukan (< Batas LPS),Bukan Early Break,Tidak Ada Indikasi,Aktif Normal,Disetujui Branch Manager / Operasional,Tidak,1,1,-
FUND-0761,Cabang Bandung,Tabungan Reguler,Setoran Tambahan,195.41,1.45,4.25,Bukan Special Rate,Tidak Diperlukan (< Batas LPS),Bukan Early Break,Tidak Ada Indikasi,Aktif Normal,Disetujui Branch Manager / Operasional,Tidak,2,1,-
FUND-0762,Cabang Jakarta,Deposito Berjangka,Penempatan Baru,5803.62,4.21,4.25,Bukan Special Rate,Tidak Diperlukan (< Batas LPS),Bukan Early Break,Tidak Ada Indikasi,Aktif Normal,Disetujui Branch Manager / Operasional,Tidak,1,2,-
FUND-0763,Cabang Bandung,Deposito On Call,Pembaruan Otomatis (ARO),6241.09,3.45,4.25,Bukan Special Rate,Tidak Diperlukan (< Batas LPS),Bukan Early Break,Tidak Ada Indikasi,Aktif Normal,Disetujui Branch Manager / Operasional,Tidak,1,1,-
FUND-0764,Cabang Jakarta,Deposito Berjangka,Pembaruan Otomatis (ARO),3752.23,4.09,4.25,Bukan Special Rate,Tidak Diperlukan (< Batas LPS),Bukan Early Break,Tidak Ada Indikasi,Aktif Normal,Disetujui Branch Manager / Operasional,Tidak,1,1,-
FUND-0765,Cabang Surabaya,Deposito Berjangka,Penempatan Baru,3672.22,3.89,4.25,Bukan Special Rate,Tidak Diperlukan (< Batas LPS),Bukan Early Break,Tidak Ada Indikasi,Aktif Normal,Disetujui Branch Manager / Operasional,Tidak,1,1,-
FUND-0766,Cabang Medan,Tabungan Reguler,Penempatan Baru,305.41,1.31,4.25,Bukan Special Rate,Tidak Diperlukan (< Batas LPS),Bukan Early Break,Tidak Ada Indikasi,Aktif Normal,Disetujui Branch Manager / Operasional,Tidak,1,1,-
FUND-0767,Cabang Surabaya,Deposito Berjangka,Penarikan / Pencairan,4704.38,4.06,4.25,Bukan Special Rate,Tidak Diperlukan (< Batas LPS),Bukan Early Break,Tidak Ada Indikasi,Aktif Normal,Disetujui Branch Manager / Operasional,Tidak,2,1,-
FUND-0768,Kantor Pusat,Deposito Berjangka,Penempatan Baru,5493.79,5.32,4.25,Sesuai Ketentuan ALCO,LPS Ditandatangani,Bukan Early Break,Tidak Ada Indikasi,Aktif Normal,Disetujui Branch Manager / Operasional,Tidak,1,1,-
FUND-0769,Cabang Jakarta,Tabungan Reguler,Penempatan Baru,163.56,1.13,4.25,Bukan Special Rate,Tidak Diperlukan (< Batas LPS),Bukan Early Break,Tidak Ada Indikasi,Aktif Normal,Disetujui Branch Manager / Operasional,Tidak,2,1,-
FUND-0770,Cabang Bali,Giro Individu,Penarikan / Pencairan,902.94,1.48,4.25,Bukan Special Rate,Tidak Diperlukan (< Batas LPS),Bukan Early Break,Tidak Ada Indikasi,Dormant Diaktifkan Tiba-tiba,Override Teller / Tanpa Otorisasi,Ya (Anomali),5,5,Rekening pasif (Dormant) diaktifkan tiba-tiba diikuti penarikan dana masif tanpa otorisasi Pejabat Cabang
FUND-0771,Kantor Pusat,Tabungan Reguler,Setoran Tambahan,20.52,1.67,4.25,Bukan Special Rate,Tidak Diperlukan (< Batas LPS),Bukan Early Break,Tidak Ada Indikasi,Aktif Normal,Disetujui Branch Manager / Operasional,Tidak,1,1,-
FUND-0772,Kantor Pusat,Deposito Berjangka,Penempatan Baru,8523.6,2.85,4.25,Bukan Special Rate,Tidak Diperlukan (< Batas LPS),Bukan Early Break,Tidak Ada Indikasi,Aktif Normal,Disetujui Branch Manager / Operasional,Tidak,2,1,-
FUND-0773,Cabang Jakarta,Giro Korporasi,Setoran Tambahan,5704.17,1.13,4.25,Bukan Special Rate,Tidak Diperlukan (< Batas LPS),Bukan Early Break,Tidak Ada Indikasi,Aktif Normal,Disetujui Branch Manager / Operasional,Tidak,2,1,-
FUND-0774,Cabang Surabaya,Deposito Berjangka,Pencairan Sebelum Jatuh Tempo (Early Break),5174.73,3.83,4.25,Bukan Special Rate,Tidak Diperlukan (< Batas LPS),Bebas Penalti Tanpa Otorisasi,Tidak Ada Indikasi,Aktif Normal,Override Teller / Tanpa Otorisasi,Ya (Anomali),4,5,Pencairan Deposito sebelum jatuh tempo (Early Break) tanpa pengenaan penalti dan tanpa otorisasi Branch Manager
FUND-0775,Cabang Jakarta,Tabungan Reguler,Penempatan Baru,204.86,1.86,4.25,Bukan Special Rate,Tidak Diperlukan (< Batas LPS),Bukan Early Break,Tidak Ada Indikasi,Aktif Normal,Disetujui Branch Manager / Operasional,Tidak,1,1,-
FUND-0776,Cabang Bandung,Tabungan Bisnis,Penarikan / Pencairan,2265.68,2.48,4.25,Bukan Special Rate,Tidak Diperlukan (< Batas LPS),Bukan Early Break,Tidak Ada Indikasi,Aktif Normal,Disetujui Branch Manager / Operasional,Tidak,2,1,-
FUND-0777,Cabang Medan,Giro Korporasi,Penempatan Baru,7623.86,1.41,4.25,Bukan Special Rate,Tidak Diperlukan (< Batas LPS),Bukan Early Break,Tidak Ada Indikasi,Aktif Normal,Disetujui Branch Manager / Operasional,Tidak,1,2,-
FUND-0778,Cabang Bandung,Deposito Berjangka,Pembaruan Otomatis (ARO),1971.17,4.12,4.25,Bukan Special Rate,Tidak Diperlukan (< Batas LPS),Bukan Early Break,Tidak Ada Indikasi,Aktif Normal,Disetujui Branch Manager / Operasional,Tidak,1,1,-
FUND-0779,Kantor Pusat,Tabungan Bisnis,Setoran Tambahan,2367.15,1.55,4.25,Bukan Special Rate,Tidak Diperlukan (< Batas LPS),Bukan Early Break,Tidak Ada Indikasi,Aktif Normal,Disetujui Branch Manager / Operasional,Tidak,2,1,-
FUND-0780,Cabang Medan,Giro Korporasi,Setoran Tambahan,849.31,1.68,4.25,Bukan Special Rate,Tidak Diperlukan (< Batas LPS),Bukan Early Break,Tidak Ada Indikasi,Aktif Normal,Disetujui Branch Manager / Operasional,Tidak,2,2,-
FUND-0781,Kantor Pusat,Giro Korporasi,Penarikan / Pencairan,7166.96,2.0,4.25,Bukan Special Rate,Tidak Diperlukan (< Batas LPS),Bukan Early Break,Tidak Ada Indikasi,Aktif Normal,Disetujui Branch Manager / Operasional,Tidak,1,1,-
FUND-0782,Cabang Bali,Tabungan Reguler,Penarikan / Pencairan,28.14,1.69,4.25,Bukan Special Rate,Tidak Diperlukan (< Batas LPS),Bukan Early Break,Tidak Ada Indikasi,Aktif Normal,Disetujui Branch Manager / Operasional,Tidak,1,2,-
FUND-0783,Cabang Bandung,Tabungan Bisnis,Penarikan / Pencairan,2357.15,1.5,4.25,Bukan Special Rate,Tidak Diperlukan (< Batas LPS),Bukan Early Break,Tidak Ada Indikasi,Aktif Normal,Disetujui Branch Manager / Operasional,Tidak,1,1,-
FUND-0784,Cabang Jakarta,Deposito On Call,Penempatan Baru,4987.31,3.72,4.25,Bukan Special Rate,Tidak Diperlukan (< Batas LPS),Bukan Early Break,Tidak Ada Indikasi,Aktif Normal,Disetujui Branch Manager / Operasional,Tidak,1,1,-
FUND-0785,Cabang Jakarta,Giro Korporasi,Penempatan Baru,4463.47,1.06,4.25,Bukan Special Rate,Tidak Diperlukan (< Batas LPS),Bukan Early Break,Tidak Ada Indikasi,Aktif Normal,Disetujui Branch Manager / Operasional,Tidak,1,1,-
FUND-0786,Cabang Jakarta,Deposito On Call,Pembaruan Otomatis (ARO),11409.43,3.49,4.25,Bukan Special Rate,Tidak Diperlukan (< Batas LPS),Bukan Early Break,Tidak Ada Indikasi,Aktif Normal,Disetujui Branch Manager / Operasional,Tidak,2,1,-
FUND-0787,Kantor Pusat,Deposito Berjangka,Pembaruan Otomatis (ARO),11570.66,3.48,4.25,Bukan Special Rate,Tidak Diperlukan (< Batas LPS),Bukan Early Break,Tidak Ada Indikasi,Aktif Normal,Disetujui Branch Manager / Operasional,Tidak,1,1,-
FUND-0788,Cabang Jakarta,Tabungan Reguler,Penempatan Baru,267.93,1.92,4.25,Bukan Special Rate,Tidak Diperlukan (< Batas LPS),Bukan Early Break,Tidak Ada Indikasi,Aktif Normal,Disetujui Branch Manager / Operasional,Tidak,2,1,-
FUND-0789,Cabang Jakarta,Tabungan Reguler,Setoran Tambahan,20.06,1.05,4.25,Bukan Special Rate,Tidak Diperlukan (< Batas LPS),Bukan Early Break,Tidak Ada Indikasi,Aktif Normal,Disetujui Branch Manager / Operasional,Tidak,2,1,-
FUND-0790,Kantor Pusat,Deposito Berjangka,Penarikan / Pencairan,3462.81,3.57,4.25,Bukan Special Rate,Tidak Diperlukan (< Batas LPS),Bukan Early Break,Tidak Ada Indikasi,Aktif Normal,Disetujui Branch Manager / Operasional,Tidak,1,2,-
FUND-0791,Cabang Jakarta,Giro Korporasi,Penarikan / Pencairan,1022.31,1.16,4.25,Bukan Special Rate,Tidak Diperlukan (< Batas LPS),Bukan Early Break,Tidak Ada Indikasi,Aktif Normal,Disetujui Branch Manager / Operasional,Tidak,1,2,-
FUND-0792,Kantor Pusat,Tabungan Reguler,Setoran Tambahan,169.6,1.99,4.25,Bukan Special Rate,Tidak Diperlukan (< Batas LPS),Bukan Early Break,Tidak Ada Indikasi,Aktif Normal,Disetujui Branch Manager / Operasional,Tidak,1,1,-
FUND-0793,Cabang Medan,Deposito Berjangka,Penarikan / Pencairan,2338.42,3.95,4.25,Bukan Special Rate,Tidak Diperlukan (< Batas LPS),Bukan Early Break,Tidak Ada Indikasi,Aktif Normal,Disetujui Branch Manager / Operasional,Tidak,1,1,-
FUND-0794,Cabang Bandung,Deposito Berjangka,Penarikan / Pencairan,3081.01,5.35,4.25,Sesuai Ketentuan ALCO,LPS Ditandatangani,Bukan Early Break,Tidak Ada Indikasi,Aktif Normal,Disetujui Branch Manager / Operasional,Tidak,1,2,-
FUND-0795,Kantor Pusat,Tabungan Reguler,Setoran Tambahan,184.07,1.6,4.25,Bukan Special Rate,Tidak Diperlukan (< Batas LPS),Bukan Early Break,Tidak Ada Indikasi,Aktif Normal,Disetujui Branch Manager / Operasional,Tidak,1,2,-
FUND-0796,Kantor Pusat,Tabungan Reguler,Penarikan / Pencairan,349.43,1.92,4.25,Bukan Special Rate,Tidak Diperlukan (< Batas LPS),Bukan Early Break,Tidak Ada Indikasi,Aktif Normal,Disetujui Branch Manager / Operasional,Tidak,1,1,-
FUND-0797,Kantor Pusat,Deposito Berjangka,Penempatan Baru,5801.2,3.92,4.25,Bukan Special Rate,Tidak Diperlukan (< Batas LPS),Bukan Early Break,Tidak Ada Indikasi,Aktif Normal,Disetujui Branch Manager / Operasional,Tidak,1,1,-
FUND-0798,Kantor Pusat,Deposito Berjangka,Penarikan / Pencairan,12680.66,2.9,4.25,Bukan Special Rate,Tidak Diperlukan (< Batas LPS),Bukan Early Break,Tidak Ada Indikasi,Aktif Normal,Disetujui Branch Manager / Operasional,Tidak,1,1,-
FUND-0799,Cabang Medan,Tabungan Reguler,Penempatan Baru,173.23,0.85,4.25,Bukan Special Rate,Tidak Diperlukan (< Batas LPS),Bukan Early Break,Tidak Ada Indikasi,Aktif Normal,Disetujui Branch Manager / Operasional,Tidak,1,1,-
FUND-0800,Kantor Pusat,Giro Korporasi,Penarikan / Pencairan,4984.45,1.98,4.25,Bukan Special Rate,Tidak Diperlukan (< Batas LPS),Bukan Early Break,Tidak Ada Indikasi,Aktif Normal,Disetujui Branch Manager / Operasional,Tidak,2,2,-
FUND-0801,Cabang Bali,Giro Individu,Penempatan Baru,7619.31,1.8,4.25,Bukan Special Rate,Tidak Diperlukan (< Batas LPS),Bukan Early Break,Tidak Ada Indikasi,Aktif Normal,Disetujui Branch Manager / Operasional,Tidak,2,1,-
FUND-0802,Cabang Surabaya,Giro Korporasi,Penarikan / Pencairan,1023.49,2.17,4.25,Bukan Special Rate,Tidak Diperlukan (< Batas LPS),Bukan Early Break,Tidak Ada Indikasi,Aktif Normal,Disetujui Branch Manager / Operasional,Tidak,1,1,-
FUND-0803,Kantor Pusat,Tabungan Reguler,Penempatan Baru,27.44,1.94,4.25,Bukan Special Rate,Tidak Diperlukan (< Batas LPS),Bukan Early Break,Tidak Ada Indikasi,Aktif Normal,Disetujui Branch Manager / Operasional,Tidak,2,2,-
FUND-0804,Kantor Pusat,Deposito On Call,Pembaruan Otomatis (ARO),9025.88,3.03,4.25,Bukan Special Rate,Tidak Diperlukan (< Batas LPS),Bukan Early Break,Tidak Ada Indikasi,Aktif Normal,Disetujui Branch Manager / Operasional,Tidak,1,1,-
FUND-0805,Cabang Medan,Tabungan Bisnis,Penarikan / Pencairan,2057.6,2.61,4.25,Bukan Special Rate,Tidak Diperlukan (< Batas LPS),Bukan Early Break,Tidak Ada Indikasi,Aktif Normal,Disetujui Branch Manager / Operasional,Tidak,1,1,-
FUND-0806,Cabang Medan,Deposito Berjangka,Penempatan Baru,12556.43,4.07,4.25,Bukan Special Rate,Tidak Diperlukan (< Batas LPS),Bukan Early Break,Tidak Ada Indikasi,Aktif Normal,Disetujui Branch Manager / Operasional,Tidak,2,2,-
FUND-0807,Cabang Medan,Tabungan Reguler,Penarikan / Pencairan,147.35,1.62,4.25,Bukan Special Rate,Tidak Diperlukan (< Batas LPS),Bukan Early Break,Tidak Ada Indikasi,Aktif Normal,Disetujui Branch Manager / Operasional,Tidak,1,1,-
FUND-0808,Cabang Bali,Deposito Berjangka,Penempatan Baru,1969.74,3.87,4.25,Bukan Special Rate,Tidak Diperlukan (< Batas LPS),Bukan Early Break,Potensi Structuring Bilyet Deposito,Aktif Normal,Disetujui Branch Manager / Operasional,Ya (Anomali),5,4,Indikasi Structuring bilyet deposito berulang nominal Rp 1969.74 Juta mendekati batas maksimal penjaminan LPS (Rp 2 Miliar)
FUND-0809,Kantor Pusat,Deposito On Call,Penempatan Baru,3683.53,3.7,4.25,Bukan Special Rate,Tidak Diperlukan (< Batas LPS),Bukan Early Break,Tidak Ada Indikasi,Aktif Normal,Disetujui Branch Manager / Operasional,Tidak,1,1,-
FUND-0810,Kantor Pusat,Giro Individu,Penarikan / Pencairan,2167.2,1.08,4.25,Bukan Special Rate,Tidak Diperlukan (< Batas LPS),Bukan Early Break,Tidak Ada Indikasi,Aktif Normal,Disetujui Branch Manager / Operasional,Tidak,1,1,-
FUND-0811,Kantor Pusat,Giro Individu,Setoran Tambahan,2897.11,1.82,4.25,Bukan Special Rate,Tidak Diperlukan (< Batas LPS),Bukan Early Break,Tidak Ada Indikasi,Aktif Normal,Disetujui Branch Manager / Operasional,Tidak,1,1,-
FUND-0812,Cabang Bandung,Deposito Berjangka,Penempatan Baru,15167.38,2.86,4.25,Bukan Special Rate,Tidak Diperlukan (< Batas LPS),Bukan Early Break,Tidak Ada Indikasi,Aktif Normal,Disetujui Branch Manager / Operasional,Tidak,2,1,-
FUND-0813,Cabang Jakarta,Tabungan Reguler,Penempatan Baru,326.84,1.9,4.25,Bukan Special Rate,Tidak Diperlukan (< Batas LPS),Bukan Early Break,Tidak Ada Indikasi,Aktif Normal,Disetujui Branch Manager / Operasional,Tidak,1,1,-
FUND-0814,Cabang Bali,Tabungan Bisnis,Penempatan Baru,2082.02,1.67,4.25,Bukan Special Rate,Tidak Diperlukan (< Batas LPS),Bukan Early Break,Tidak Ada Indikasi,Aktif Normal,Disetujui Branch Manager / Operasional,Tidak,2,1,-
FUND-0815,Cabang Bali,Tabungan Reguler,Setoran Tambahan,208.11,1.22,4.25,Bukan Special Rate,Tidak Diperlukan (< Batas LPS),Bukan Early Break,Tidak Ada Indikasi,Aktif Normal,Disetujui Branch Manager / Operasional,Tidak,1,1,-
FUND-0816,Cabang Jakarta,Deposito Berjangka,Penempatan Baru,11632.02,3.99,4.25,Bukan Special Rate,Tidak Diperlukan (< Batas LPS),Bukan Early Break,Tidak Ada Indikasi,Aktif Normal,Disetujui Branch Manager / Operasional,Tidak,1,1,-
FUND-0817,Cabang Surabaya,Deposito Berjangka,Penempatan Baru,6545.26,2.82,4.25,Bukan Special Rate,Tidak Diperlukan (< Batas LPS),Bukan Early Break,Tidak Ada Indikasi,Aktif Normal,Disetujui Branch Manager / Operasional,Tidak,1,1,-
FUND-0818,Cabang Bali,Deposito Berjangka,Penarikan / Pencairan,11711.16,3.52,4.25,Bukan Special Rate,Tidak Diperlukan (< Batas LPS),Bukan Early Break,Tidak Ada Indikasi,Aktif Normal,Disetujui Branch Manager / Operasional,Tidak,1,1,-
FUND-0819,Cabang Medan,Giro Korporasi,Penempatan Baru,2149.45,1.47,4.25,Bukan Special Rate,Tidak Diperlukan (< Batas LPS),Bukan Early Break,Tidak Ada Indikasi,Aktif Normal,Disetujui Branch Manager / Operasional,Tidak,1,1,-
FUND-0820,Cabang Surabaya,Deposito Berjangka,Penempatan Baru,1983.37,3.82,4.25,Bukan Special Rate,Tidak Diperlukan (< Batas LPS),Bukan Early Break,Potensi Structuring Bilyet Deposito,Aktif Normal,Disetujui Branch Manager / Operasional,Ya (Anomali),5,4,Indikasi Structuring bilyet deposito berulang nominal Rp 1983.37 Juta mendekati batas maksimal penjaminan LPS (Rp 2 Miliar)
FUND-0821,Cabang Surabaya,Deposito Berjangka,Penempatan Baru,5157.52,3.68,4.25,Bukan Special Rate,Tidak Diperlukan (< Batas LPS),Bukan Early Break,Tidak Ada Indikasi,Aktif Normal,Disetujui Branch Manager / Operasional,Tidak,2,1,-
FUND-0822,Cabang Jakarta,Deposito Berjangka,Penempatan Baru,1835.93,4.2,4.25,Bukan Special Rate,Tidak Diperlukan (< Batas LPS),Bukan Early Break,Tidak Ada Indikasi,Aktif Normal,Disetujui Branch Manager / Operasional,Tidak,2,2,-
FUND-0823,Cabang Bali,Giro Korporasi,Penarikan / Pencairan,6485.32,1.09,4.25,Bukan Special Rate,Tidak Diperlukan (< Batas LPS),Bukan Early Break,Tidak Ada Indikasi,Aktif Normal,Disetujui Branch Manager / Operasional,Tidak,1,1,-
FUND-0824,Cabang Surabaya,Giro Individu,Penarikan / Pencairan,7693.41,2.13,4.25,Bukan Special Rate,Tidak Diperlukan (< Batas LPS),Bukan Early Break,Tidak Ada Indikasi,Aktif Normal,Disetujui Branch Manager / Operasional,Tidak,1,1,-
FUND-0825,Kantor Pusat,Tabungan Reguler,Penempatan Baru,101.26,1.26,4.25,Bukan Special Rate,Tidak Diperlukan (< Batas LPS),Bukan Early Break,Tidak Ada Indikasi,Aktif Normal,Disetujui Branch Manager / Operasional,Tidak,2,1,-
FUND-0826,Cabang Medan,Tabungan Reguler,Setoran Tambahan,54.64,0.76,4.25,Bukan Special Rate,Tidak Diperlukan (< Batas LPS),Bukan Early Break,Tidak Ada Indikasi,Aktif Normal,Disetujui Branch Manager / Operasional,Tidak,1,1,-
FUND-0827,Cabang Jakarta,Tabungan Reguler,Penempatan Baru,225.96,1.97,4.25,Bukan Special Rate,Tidak Diperlukan (< Batas LPS),Bukan Early Break,Tidak Ada Indikasi,Aktif Normal,Disetujui Branch Manager / Operasional,Tidak,1,1,-
FUND-0828,Cabang Bandung,Deposito Berjangka,Penempatan Baru,1992.86,3.97,4.25,Bukan Special Rate,Tidak Diperlukan (< Batas LPS),Bukan Early Break,Potensi Structuring Bilyet Deposito,Aktif Normal,Disetujui Branch Manager / Operasional,Ya (Anomali),4,4,Indikasi Structuring bilyet deposito berulang nominal Rp 1992.86 Juta mendekati batas maksimal penjaminan LPS (Rp 2 Miliar)
FUND-0829,Cabang Bandung,Deposito Berjangka,Penempatan Baru,9733.87,3.23,4.25,Bukan Special Rate,Tidak Diperlukan (< Batas LPS),Bukan Early Break,Tidak Ada Indikasi,Aktif Normal,Disetujui Branch Manager / Operasional,Tidak,1,2,-
FUND-0830,Cabang Surabaya,Giro Individu,Setoran Tambahan,3594.12,1.88,4.25,Bukan Special Rate,Tidak Diperlukan (< Batas LPS),Bukan Early Break,Tidak Ada Indikasi,Aktif Normal,Disetujui Branch Manager / Operasional,Tidak,1,1,-
FUND-0831,Cabang Jakarta,Deposito Berjangka,Penempatan Baru,1273.95,3.58,4.25,Bukan Special Rate,Tidak Diperlukan (< Batas LPS),Bukan Early Break,Tidak Ada Indikasi,Aktif Normal,Disetujui Branch Manager / Operasional,Tidak,1,1,-
FUND-0832,Cabang Jakarta,Deposito Berjangka,Penempatan Baru,13141.74,3.09,4.25,Bukan Special Rate,Tidak Diperlukan (< Batas LPS),Bukan Early Break,Tidak Ada Indikasi,Aktif Normal,Disetujui Branch Manager / Operasional,Tidak,1,1,-
FUND-0833,Cabang Bali,Tabungan Bisnis,Penarikan / Pencairan,2109.3,1.24,4.25,Bukan Special Rate,Tidak Diperlukan (< Batas LPS),Bukan Early Break,Tidak Ada Indikasi,Dormant Diaktifkan Tiba-tiba,Override Teller / Tanpa Otorisasi,Ya (Anomali),5,5,Rekening pasif (Dormant) diaktifkan tiba-tiba diikuti penarikan dana masif tanpa otorisasi Pejabat Cabang
FUND-0834,Cabang Jakarta,Giro Korporasi,Penarikan / Pencairan,668.06,2.14,4.25,Bukan Special Rate,Tidak Diperlukan (< Batas LPS),Bukan Early Break,Tidak Ada Indikasi,Aktif Normal,Disetujui Branch Manager / Operasional,Tidak,2,1,-
FUND-0835,Cabang Jakarta,Deposito Berjangka,Pembaruan Otomatis (ARO),12374.29,4.89,4.25,Sesuai Ketentuan ALCO,LPS Ditandatangani,Bukan Early Break,Tidak Ada Indikasi,Aktif Normal,Disetujui Branch Manager / Operasional,Tidak,1,1,-
FUND-0836,Cabang Bali,Giro Individu,Penempatan Baru,4028.26,1.38,4.25,Bukan Special Rate,Tidak Diperlukan (< Batas LPS),Bukan Early Break,Tidak Ada Indikasi,Aktif Normal,Disetujui Branch Manager / Operasional,Tidak,1,1,-
FUND-0837,Cabang Medan,Deposito Berjangka,Pembaruan Otomatis (ARO),15263.48,3.4,4.25,Bukan Special Rate,Tidak Diperlukan (< Batas LPS),Bukan Early Break,Tidak Ada Indikasi,Aktif Normal,Disetujui Branch Manager / Operasional,Tidak,1,1,-
FUND-0838,Cabang Surabaya,Giro Individu,Penarikan / Pencairan,4603.48,1.12,4.25,Bukan Special Rate,Tidak Diperlukan (< Batas LPS),Bukan Early Break,Tidak Ada Indikasi,Aktif Normal,Disetujui Branch Manager / Operasional,Tidak,1,2,-
FUND-0839,Cabang Bandung,Giro Korporasi,Penempatan Baru,6946.11,1.74,4.25,Bukan Special Rate,Tidak Diperlukan (< Batas LPS),Bukan Early Break,Tidak Ada Indikasi,Aktif Normal,Disetujui Branch Manager / Operasional,Tidak,1,1,-
FUND-0840,Cabang Surabaya,Giro Individu,Penarikan / Pencairan,622.7,1.02,4.25,Bukan Special Rate,Tidak Diperlukan (< Batas LPS),Bukan Early Break,Tidak Ada Indikasi,Aktif Normal,Disetujui Branch Manager / Operasional,Tidak,2,1,-
FUND-0841,Cabang Jakarta,Giro Korporasi,Setoran Tambahan,3287.81,1.42,4.25,Bukan Special Rate,Tidak Diperlukan (< Batas LPS),Bukan Early Break,Tidak Ada Indikasi,Aktif Normal,Disetujui Branch Manager / Operasional,Tidak,1,1,-
FUND-0842,Cabang Jakarta,Deposito Berjangka,Penempatan Baru,5601.47,9.84,4.25,Tanpa Persetujuan ALCO,LPS Ditandatangani,Bukan Early Break,Tidak Ada Indikasi,Aktif Normal,Override Teller / Tanpa Otorisasi,Ya (Anomali),5,5,Pemberian suku bunga pendanaan ekstrem (9.84%) di luar kewajaran pasar tanpa persetujuan ALCO (potensi conflict of interest)
FUND-0843,Cabang Bali,Tabungan Reguler,Penarikan / Pencairan,61.25,1.73,4.25,Bukan Special Rate,Tidak Diperlukan (< Batas LPS),Bukan Early Break,Tidak Ada Indikasi,Aktif Normal,Disetujui Branch Manager / Operasional,Tidak,2,1,-
FUND-0844,Kantor Pusat,Deposito Berjangka,Penempatan Baru,10225.11,3.75,4.25,Bukan Special Rate,Tidak Diperlukan (< Batas LPS),Bukan Early Break,Tidak Ada Indikasi,Aktif Normal,Disetujui Branch Manager / Operasional,Tidak,2,1,-
FUND-0845,Cabang Jakarta,Tabungan Bisnis,Penempatan Baru,2476.31,1.29,4.25,Bukan Special Rate,Tidak Diperlukan (< Batas LPS),Bukan Early Break,Tidak Ada Indikasi,Aktif Normal,Disetujui Branch Manager / Operasional,Tidak,1,1,-
FUND-0846,Cabang Jakarta,Deposito On Call,Penarikan / Pencairan,9350.45,3.54,4.25,Bukan Special Rate,Tidak Diperlukan (< Batas LPS),Bukan Early Break,Tidak Ada Indikasi,Aktif Normal,Disetujui Branch Manager / Operasional,Tidak,2,1,-
FUND-0847,Cabang Bandung,Deposito Berjangka,Penempatan Baru,1957.87,4.12,4.25,Bukan Special Rate,Tidak Diperlukan (< Batas LPS),Bukan Early Break,Potensi Structuring Bilyet Deposito,Aktif Normal,Disetujui Branch Manager / Operasional,Ya (Anomali),4,4,Indikasi Structuring bilyet deposito berulang nominal Rp 1957.87 Juta mendekati batas maksimal penjaminan LPS (Rp 2 Miliar)
FUND-0848,Cabang Medan,Deposito On Call,Penarikan / Pencairan,8542.0,3.63,4.25,Bukan Special Rate,Tidak Diperlukan (< Batas LPS),Bukan Early Break,Tidak Ada Indikasi,Aktif Normal,Disetujui Branch Manager / Operasional,Tidak,2,1,-
FUND-0849,Cabang Bandung,Tabungan Reguler,Penarikan / Pencairan,279.55,1.86,4.25,Bukan Special Rate,Tidak Diperlukan (< Batas LPS),Bukan Early Break,Tidak Ada Indikasi,Aktif Normal,Disetujui Branch Manager / Operasional,Tidak,1,1,-
FUND-0850,Kantor Pusat,Tabungan Reguler,Penarikan / Pencairan,247.35,1.45,4.25,Bukan Special Rate,Tidak Diperlukan (< Batas LPS),Bukan Early Break,Tidak Ada Indikasi,Aktif Normal,Disetujui Branch Manager / Operasional,Tidak,1,1,-
FUND-0851,Cabang Medan,Tabungan Reguler,Penarikan / Pencairan,27.99,1.4,4.25,Bukan Special Rate,Tidak Diperlukan (< Batas LPS),Bukan Early Break,Tidak Ada Indikasi,Aktif Normal,Disetujui Branch Manager / Operasional,Tidak,1,1,-
FUND-0852,Kantor Pusat,Giro Individu,Penarikan / Pencairan,5887.64,1.86,4.25,Bukan Special Rate,Tidak Diperlukan (< Batas LPS),Bukan Early Break,Tidak Ada Indikasi,Aktif Normal,Disetujui Branch Manager / Operasional,Tidak,1,1,-
FUND-0853,Cabang Bandung,Deposito On Call,Pembaruan Otomatis (ARO),7843.62,9.24,4.25,Tanpa Persetujuan ALCO,Tanpa Surat Pelepasan (Pelanggaran),Bukan Early Break,Tidak Ada Indikasi,Aktif Normal,Override Teller / Tanpa Otorisasi,Ya (Anomali),5,4,Bunga Deposito (9.24%) melampaui batas LPS (4.25%) tanpa Surat Pelepasan LPS & tanpa persetujuan ALCO
FUND-0854,Cabang Medan,Giro Korporasi,Penarikan / Pencairan,40487.98,1.44,4.25,Bukan Special Rate,Tidak Diperlukan (< Batas LPS),Bukan Early Break,Tidak Ada Indikasi,Aktif Normal,Override Teller / Tanpa Otorisasi,Ya (Anomali),5,4,Penarikan dana masif sebesar Rp 40487.98 Juta tanpa verifikasi Cash Transaction Report (CTR) dan otorisasi Pejabat
FUND-0855,Cabang Medan,Giro Individu,Penempatan Baru,5565.04,1.84,4.25,Bukan Special Rate,Tidak Diperlukan (< Batas LPS),Bukan Early Break,Tidak Ada Indikasi,Aktif Normal,Disetujui Branch Manager / Operasional,Tidak,2,2,-
FUND-0856,Cabang Surabaya,Giro Korporasi,Penempatan Baru,29402.31,10.68,4.25,Tanpa Persetujuan ALCO,LPS Ditandatangani,Bukan Early Break,Tidak Ada Indikasi,Aktif Normal,Override Teller / Tanpa Otorisasi,Ya (Anomali),5,5,Pemberian suku bunga pendanaan ekstrem (10.68%) di luar kewajaran pasar tanpa persetujuan ALCO (potensi conflict of interest)
FUND-0857,Cabang Jakarta,Tabungan Reguler,Setoran Tambahan,346.36,1.86,4.25,Bukan Special Rate,Tidak Diperlukan (< Batas LPS),Bukan Early Break,Tidak Ada Indikasi,Aktif Normal,Disetujui Branch Manager / Operasional,Tidak,1,1,-
FUND-0858,Kantor Pusat,Tabungan Reguler,Penarikan / Pencairan,94.62,1.65,4.25,Bukan Special Rate,Tidak Diperlukan (< Batas LPS),Bukan Early Break,Tidak Ada Indikasi,Aktif Normal,Disetujui Branch Manager / Operasional,Tidak,1,1,-
FUND-0859,Cabang Bandung,Deposito On Call,Penarikan / Pencairan,11017.89,2.64,4.25,Bukan Special Rate,Tidak Diperlukan (< Batas LPS),Bukan Early Break,Tidak Ada Indikasi,Aktif Normal,Disetujui Branch Manager / Operasional,Tidak,1,2,-
FUND-0860,Kantor Pusat,Deposito Berjangka,Penempatan Baru,17062.65,5.42,4.25,Sesuai Ketentuan ALCO,LPS Ditandatangani,Bukan Early Break,Tidak Ada Indikasi,Aktif Normal,Disetujui Branch Manager / Operasional,Tidak,1,2,-
FUND-0861,Cabang Surabaya,Deposito Berjangka,Pembaruan Otomatis (ARO),12976.0,5.0,4.25,Sesuai Ketentuan ALCO,LPS Ditandatangani,Bukan Early Break,Tidak Ada Indikasi,Aktif Normal,Disetujui Branch Manager / Operasional,Tidak,1,1,-
FUND-0862,Cabang Bandung,Giro Individu,Penempatan Baru,4234.3,1.36,4.25,Bukan Special Rate,Tidak Diperlukan (< Batas LPS),Bukan Early Break,Tidak Ada Indikasi,Aktif Normal,Disetujui Branch Manager / Operasional,Tidak,2,1,-
FUND-0863,Cabang Jakarta,Tabungan Reguler,Penempatan Baru,341.91,1.56,4.25,Bukan Special Rate,Tidak Diperlukan (< Batas LPS),Bukan Early Break,Tidak Ada Indikasi,Aktif Normal,Disetujui Branch Manager / Operasional,Tidak,2,1,-
FUND-0864,Kantor Pusat,Deposito Berjangka,Pencairan Sebelum Jatuh Tempo (Early Break),8563.66,3.52,4.25,Bukan Special Rate,Tidak Diperlukan (< Batas LPS),Bebas Penalti Tanpa Otorisasi,Tidak Ada Indikasi,Aktif Normal,Override Teller / Tanpa Otorisasi,Ya (Anomali),4,4,Pencairan Deposito sebelum jatuh tempo (Early Break) tanpa pengenaan penalti dan tanpa otorisasi Branch Manager
FUND-0865,Cabang Surabaya,Tabungan Reguler,Penempatan Baru,78.05,0.8,4.25,Bukan Special Rate,Tidak Diperlukan (< Batas LPS),Bukan Early Break,Tidak Ada Indikasi,Aktif Normal,Disetujui Branch Manager / Operasional,Tidak,1,1,-
FUND-0866,Kantor Pusat,Deposito Berjangka,Pembaruan Otomatis (ARO),11331.65,3.86,4.25,Bukan Special Rate,Tidak Diperlukan (< Batas LPS),Bukan Early Break,Tidak Ada Indikasi,Aktif Normal,Disetujui Branch Manager / Operasional,Tidak,1,1,-
FUND-0867,Cabang Bali,Tabungan Reguler,Penarikan / Pencairan,34.34,1.44,4.25,Bukan Special Rate,Tidak Diperlukan (< Batas LPS),Bukan Early Break,Tidak Ada Indikasi,Aktif Normal,Disetujui Branch Manager / Operasional,Tidak,1,1,-
FUND-0868,Cabang Surabaya,Giro Korporasi,Penarikan / Pencairan,44105.9,1.14,4.25,Bukan Special Rate,Tidak Diperlukan (< Batas LPS),Bukan Early Break,Tidak Ada Indikasi,Aktif Normal,Override Teller / Tanpa Otorisasi,Ya (Anomali),4,4,Penarikan dana masif sebesar Rp 44105.9 Juta tanpa verifikasi Cash Transaction Report (CTR) dan otorisasi Pejabat
FUND-0869,Cabang Surabaya,Deposito On Call,Penarikan / Pencairan,3955.2,2.78,4.25,Bukan Special Rate,Tidak Diperlukan (< Batas LPS),Bukan Early Break,Tidak Ada Indikasi,Aktif Normal,Disetujui Branch Manager / Operasional,Tidak,1,1,-
FUND-0870,Cabang Jakarta,Deposito Berjangka,Penempatan Baru,14696.41,2.88,4.25,Bukan Special Rate,Tidak Diperlukan (< Batas LPS),Bukan Early Break,Tidak Ada Indikasi,Aktif Normal,Disetujui Branch Manager / Operasional,Tidak,1,2,-
FUND-0871,Kantor Pusat,Tabungan Reguler,Setoran Tambahan,301.95,0.76,4.25,Bukan Special Rate,Tidak Diperlukan (< Batas LPS),Bukan Early Break,Tidak Ada Indikasi,Aktif Normal,Disetujui Branch Manager / Operasional,Tidak,1,1,-
FUND-0872,Cabang Jakarta,Tabungan Reguler,Penarikan / Pencairan,93.97,0.92,4.25,Bukan Special Rate,Tidak Diperlukan (< Batas LPS),Bukan Early Break,Tidak Ada Indikasi,Aktif Normal,Disetujui Branch Manager / Operasional,Tidak,2,2,-
FUND-0873,Cabang Bandung,Tabungan Bisnis,Penarikan / Pencairan,1504.47,1.27,4.25,Bukan Special Rate,Tidak Diperlukan (< Batas LPS),Bukan Early Break,Tidak Ada Indikasi,Aktif Normal,Disetujui Branch Manager / Operasional,Tidak,1,2,-
FUND-0874,Cabang Jakarta,Giro Korporasi,Penarikan / Pencairan,6233.93,1.82,4.25,Bukan Special Rate,Tidak Diperlukan (< Batas LPS),Bukan Early Break,Tidak Ada Indikasi,Aktif Normal,Disetujui Branch Manager / Operasional,Tidak,1,1,-
FUND-0875,Kantor Pusat,Deposito Berjangka,Penempatan Baru,11598.49,2.83,4.25,Bukan Special Rate,Tidak Diperlukan (< Batas LPS),Bukan Early Break,Tidak Ada Indikasi,Aktif Normal,Disetujui Branch Manager / Operasional,Tidak,1,2,-
FUND-0876,Cabang Bali,Tabungan Bisnis,Penarikan / Pencairan,40732.05,1.58,4.25,Bukan Special Rate,Tidak Diperlukan (< Batas LPS),Bukan Early Break,Tidak Ada Indikasi,Aktif Normal,Override Teller / Tanpa Otorisasi,Ya (Anomali),5,4,Penarikan dana masif sebesar Rp 40732.05 Juta tanpa verifikasi Cash Transaction Report (CTR) dan otorisasi Pejabat
FUND-0877,Kantor Pusat,Giro Individu,Penarikan / Pencairan,1964.8,1.09,4.25,Bukan Special Rate,Tidak Diperlukan (< Batas LPS),Bukan Early Break,Tidak Ada Indikasi,Aktif Normal,Disetujui Branch Manager / Operasional,Tidak,1,1,-
FUND-0878,Kantor Pusat,Tabungan Bisnis,Penempatan Baru,2404.62,1.47,4.25,Bukan Special Rate,Tidak Diperlukan (< Batas LPS),Bukan Early Break,Tidak Ada Indikasi,Aktif Normal,Disetujui Branch Manager / Operasional,Tidak,1,1,-
FUND-0879,Kantor Pusat,Tabungan Bisnis,Penarikan / Pencairan,37525.99,1.2,4.25,Bukan Special Rate,Tidak Diperlukan (< Batas LPS),Bukan Early Break,Tidak Ada Indikasi,Aktif Normal,Override Teller / Tanpa Otorisasi,Ya (Anomali),4,4,Penarikan dana masif sebesar Rp 37525.99 Juta tanpa verifikasi Cash Transaction Report (CTR) dan otorisasi Pejabat
FUND-0880,Kantor Pusat,Tabungan Bisnis,Penempatan Baru,246.16,1.96,4.25,Bukan Special Rate,Tidak Diperlukan (< Batas LPS),Bukan Early Break,Tidak Ada Indikasi,Aktif Normal,Disetujui Branch Manager / Operasional,Tidak,1,1,-
FUND-0881,Kantor Pusat,Deposito Berjangka,Penempatan Baru,14094.54,3.11,4.25,Bukan Special Rate,Tidak Diperlukan (< Batas LPS),Bukan Early Break,Tidak Ada Indikasi,Aktif Normal,Disetujui Branch Manager / Operasional,Tidak,2,2,-
FUND-0882,Cabang Jakarta,Tabungan Reguler,Penarikan / Pencairan,257.4,0.85,4.25,Bukan Special Rate,Tidak Diperlukan (< Batas LPS),Bukan Early Break,Tidak Ada Indikasi,Aktif Normal,Disetujui Branch Manager / Operasional,Tidak,1,1,-
FUND-0883,Cabang Bandung,Tabungan Reguler,Penempatan Baru,159.23,1.33,4.25,Bukan Special Rate,Tidak Diperlukan (< Batas LPS),Bukan Early Break,Tidak Ada Indikasi,Aktif Normal,Disetujui Branch Manager / Operasional,Tidak,2,1,-
FUND-0884,Kantor Pusat,Tabungan Bisnis,Penempatan Baru,584.61,2.56,4.25,Bukan Special Rate,Tidak Diperlukan (< Batas LPS),Bukan Early Break,Tidak Ada Indikasi,Aktif Normal,Disetujui Branch Manager / Operasional,Tidak,1,1,-
FUND-0885,Cabang Medan,Tabungan Bisnis,Penempatan Baru,1895.9,2.4,4.25,Bukan Special Rate,Tidak Diperlukan (< Batas LPS),Bukan Early Break,Tidak Ada Indikasi,Aktif Normal,Disetujui Branch Manager / Operasional,Tidak,1,2,-
FUND-0886,Cabang Bandung,Tabungan Reguler,Setoran Tambahan,322.36,0.82,4.25,Bukan Special Rate,Tidak Diperlukan (< Batas LPS),Bukan Early Break,Tidak Ada Indikasi,Aktif Normal,Disetujui Branch Manager / Operasional,Tidak,2,1,-
FUND-0887,Cabang Surabaya,Deposito Berjangka,Penempatan Baru,14052.51,3.09,4.25,Bukan Special Rate,Tidak Diperlukan (< Batas LPS),Bukan Early Break,Tidak Ada Indikasi,Aktif Normal,Disetujui Branch Manager / Operasional,Tidak,2,1,-
FUND-0888,Cabang Surabaya,Deposito Berjangka,Penempatan Baru,4335.59,3.37,4.25,Bukan Special Rate,Tidak Diperlukan (< Batas LPS),Bukan Early Break,Tidak Ada Indikasi,Aktif Normal,Disetujui Branch Manager / Operasional,Tidak,2,1,-
FUND-0889,Kantor Pusat,Deposito Berjangka,Pencairan Sebelum Jatuh Tempo (Early Break),6961.86,3.61,4.25,Bukan Special Rate,Tidak Diperlukan (< Batas LPS),Bebas Penalti Tanpa Otorisasi,Tidak Ada Indikasi,Aktif Normal,Override Teller / Tanpa Otorisasi,Ya (Anomali),4,4,Pencairan Deposito sebelum jatuh tempo (Early Break) tanpa pengenaan penalti dan tanpa otorisasi Branch Manager
FUND-0890,Cabang Bali,Giro Korporasi,Penarikan / Pencairan,5290.54,2.12,4.25,Bukan Special Rate,Tidak Diperlukan (< Batas LPS),Bukan Early Break,Tidak Ada Indikasi,Aktif Normal,Disetujui Branch Manager / Operasional,Tidak,1,1,-
FUND-0891,Kantor Pusat,Deposito Berjangka,Pembaruan Otomatis (ARO),17536.79,2.79,4.25,Bukan Special Rate,Tidak Diperlukan (< Batas LPS),Bukan Early Break,Tidak Ada Indikasi,Aktif Normal,Disetujui Branch Manager / Operasional,Tidak,2,2,-
FUND-0892,Cabang Surabaya,Tabungan Reguler,Penempatan Baru,127.81,1.7,4.25,Bukan Special Rate,Tidak Diperlukan (< Batas LPS),Bukan Early Break,Tidak Ada Indikasi,Aktif Normal,Disetujui Branch Manager / Operasional,Tidak,1,1,-
FUND-0893,Cabang Surabaya,Tabungan Bisnis,Setoran Tambahan,2016.89,2.69,4.25,Bukan Special Rate,Tidak Diperlukan (< Batas LPS),Bukan Early Break,Tidak Ada Indikasi,Aktif Normal,Disetujui Branch Manager / Operasional,Tidak,1,1,-
FUND-0894,Cabang Bandung,Giro Korporasi,Setoran Tambahan,5696.07,2.05,4.25,Bukan Special Rate,Tidak Diperlukan (< Batas LPS),Bukan Early Break,Tidak Ada Indikasi,Aktif Normal,Disetujui Branch Manager / Operasional,Tidak,1,1,-
FUND-0895,Cabang Jakarta,Deposito Berjangka,Pembaruan Otomatis (ARO),9286.55,3.23,4.25,Bukan Special Rate,Tidak Diperlukan (< Batas LPS),Bukan Early Break,Tidak Ada Indikasi,Aktif Normal,Disetujui Branch Manager / Operasional,Tidak,1,1,-
FUND-0896,Cabang Surabaya,Tabungan Bisnis,Penarikan / Pencairan,337.41,1.44,4.25,Bukan Special Rate,Tidak Diperlukan (< Batas LPS),Bukan Early Break,Tidak Ada Indikasi,Aktif Normal,Disetujui Branch Manager / Operasional,Tidak,1,1,-
FUND-0897,Cabang Medan,Deposito Berjangka,Penarikan / Pencairan,9731.19,4.09,4.25,Bukan Special Rate,Tidak Diperlukan (< Batas LPS),Bukan Early Break,Tidak Ada Indikasi,Aktif Normal,Disetujui Branch Manager / Operasional,Tidak,1,1,-
FUND-0898,Kantor Pusat,Giro Individu,Penarikan / Pencairan,4061.99,1.31,4.25,Bukan Special Rate,Tidak Diperlukan (< Batas LPS),Bukan Early Break,Tidak Ada Indikasi,Aktif Normal,Disetujui Branch Manager / Operasional,Tidak,1,1,-
FUND-0899,Cabang Surabaya,Tabungan Reguler,Setoran Tambahan,232.25,0.95,4.25,Bukan Special Rate,Tidak Diperlukan (< Batas LPS),Bukan Early Break,Tidak Ada Indikasi,Aktif Normal,Disetujui Branch Manager / Operasional,Tidak,1,1,-
FUND-0900,Cabang Jakarta,Giro Korporasi,Penarikan / Pencairan,2064.84,1.77,4.25,Bukan Special Rate,Tidak Diperlukan (< Batas LPS),Bukan Early Break,Tidak Ada Indikasi,Aktif Normal,Disetujui Branch Manager / Operasional,Tidak,2,1,-
FUND-0901,Cabang Medan,Deposito Berjangka,Penempatan Baru,13556.81,5.04,4.25,Sesuai Ketentuan ALCO,LPS Ditandatangani,Bukan Early Break,Tidak Ada Indikasi,Aktif Normal,Disetujui Branch Manager / Operasional,Tidak,1,1,-
FUND-0902,Cabang Medan,Deposito Berjangka,Pembaruan Otomatis (ARO),9589.62,3.49,4.25,Bukan Special Rate,Tidak Diperlukan (< Batas LPS),Bukan Early Break,Tidak Ada Indikasi,Aktif Normal,Disetujui Branch Manager / Operasional,Tidak,1,1,-
FUND-0903,Cabang Bali,Tabungan Bisnis,Setoran Tambahan,586.69,1.91,4.25,Bukan Special Rate,Tidak Diperlukan (< Batas LPS),Bukan Early Break,Tidak Ada Indikasi,Aktif Normal,Disetujui Branch Manager / Operasional,Tidak,1,2,-
FUND-0904,Cabang Surabaya,Deposito On Call,Penempatan Baru,3104.94,3.22,4.25,Bukan Special Rate,Tidak Diperlukan (< Batas LPS),Bukan Early Break,Tidak Ada Indikasi,Aktif Normal,Disetujui Branch Manager / Operasional,Tidak,2,1,-
FUND-0905,Kantor Pusat,Tabungan Bisnis,Penarikan / Pencairan,868.41,1.41,4.25,Bukan Special Rate,Tidak Diperlukan (< Batas LPS),Bukan Early Break,Tidak Ada Indikasi,Aktif Normal,Disetujui Branch Manager / Operasional,Tidak,1,2,-
FUND-0906,Cabang Jakarta,Tabungan Reguler,Penarikan / Pencairan,198.16,1.36,4.25,Bukan Special Rate,Tidak Diperlukan (< Batas LPS),Bukan Early Break,Tidak Ada Indikasi,Aktif Normal,Disetujui Branch Manager / Operasional,Tidak,1,1,-
FUND-0907,Cabang Bali,Deposito Berjangka,Penarikan / Pencairan,11226.22,3.45,4.25,Bukan Special Rate,Tidak Diperlukan (< Batas LPS),Bukan Early Break,Tidak Ada Indikasi,Aktif Normal,Disetujui Branch Manager / Operasional,Tidak,2,1,-
FUND-0908,Cabang Medan,Deposito Berjangka,Penempatan Baru,1971.76,4.15,4.25,Bukan Special Rate,Tidak Diperlukan (< Batas LPS),Bukan Early Break,Potensi Structuring Bilyet Deposito,Aktif Normal,Disetujui Branch Manager / Operasional,Ya (Anomali),5,4,Indikasi Structuring bilyet deposito berulang nominal Rp 1971.76 Juta mendekati batas maksimal penjaminan LPS (Rp 2 Miliar)
FUND-0909,Kantor Pusat,Tabungan Reguler,Setoran Tambahan,163.44,0.81,4.25,Bukan Special Rate,Tidak Diperlukan (< Batas LPS),Bukan Early Break,Tidak Ada Indikasi,Aktif Normal,Disetujui Branch Manager / Operasional,Tidak,2,1,-
FUND-0910,Cabang Jakarta,Tabungan Reguler,Penarikan / Pencairan,256.37,1.19,4.25,Bukan Special Rate,Tidak Diperlukan (< Batas LPS),Bukan Early Break,Tidak Ada Indikasi,Aktif Normal,Disetujui Branch Manager / Operasional,Tidak,1,1,-
FUND-0911,Cabang Surabaya,Tabungan Reguler,Penarikan / Pencairan,54.79,0.87,4.25,Bukan Special Rate,Tidak Diperlukan (< Batas LPS),Bukan Early Break,Tidak Ada Indikasi,Aktif Normal,Disetujui Branch Manager / Operasional,Tidak,1,2,-
FUND-0912,Kantor Pusat,Tabungan Reguler,Penempatan Baru,300.29,1.29,4.25,Bukan Special Rate,Tidak Diperlukan (< Batas LPS),Bukan Early Break,Tidak Ada Indikasi,Aktif Normal,Disetujui Branch Manager / Operasional,Tidak,1,1,-
FUND-0913,Cabang Surabaya,Giro Korporasi,Penarikan / Pencairan,5026.33,1.11,4.25,Bukan Special Rate,Tidak Diperlukan (< Batas LPS),Bukan Early Break,Tidak Ada Indikasi,Aktif Normal,Disetujui Branch Manager / Operasional,Tidak,2,1,-
FUND-0914,Kantor Pusat,Deposito Berjangka,Penarikan / Pencairan,16212.5,3.26,4.25,Bukan Special Rate,Tidak Diperlukan (< Batas LPS),Bukan Early Break,Tidak Ada Indikasi,Aktif Normal,Disetujui Branch Manager / Operasional,Tidak,1,1,-
FUND-0915,Cabang Bali,Giro Korporasi,Penarikan / Pencairan,3752.13,1.51,4.25,Bukan Special Rate,Tidak Diperlukan (< Batas LPS),Bukan Early Break,Tidak Ada Indikasi,Aktif Normal,Disetujui Branch Manager / Operasional,Tidak,1,1,-
FUND-0916,Cabang Jakarta,Giro Korporasi,Penarikan / Pencairan,39981.7,1.69,4.25,Bukan Special Rate,Tidak Diperlukan (< Batas LPS),Bukan Early Break,Tidak Ada Indikasi,Aktif Normal,Override Teller / Tanpa Otorisasi,Ya (Anomali),5,4,Penarikan dana masif sebesar Rp 39981.7 Juta tanpa verifikasi Cash Transaction Report (CTR) dan otorisasi Pejabat
FUND-0917,Cabang Jakarta,Giro Korporasi,Setoran Tambahan,2681.27,1.44,4.25,Bukan Special Rate,Tidak Diperlukan (< Batas LPS),Bukan Early Break,Tidak Ada Indikasi,Aktif Normal,Disetujui Branch Manager / Operasional,Tidak,1,2,-
FUND-0918,Kantor Pusat,Giro Korporasi,Penarikan / Pencairan,18666.08,1.3,4.25,Bukan Special Rate,Tidak Diperlukan (< Batas LPS),Bukan Early Break,Tidak Ada Indikasi,Aktif Normal,Override Teller / Tanpa Otorisasi,Ya (Anomali),5,4,Penarikan dana masif sebesar Rp 18666.08 Juta tanpa verifikasi Cash Transaction Report (CTR) dan otorisasi Pejabat
FUND-0919,Cabang Jakarta,Giro Korporasi,Setoran Tambahan,1774.75,1.82,4.25,Bukan Special Rate,Tidak Diperlukan (< Batas LPS),Bukan Early Break,Tidak Ada Indikasi,Aktif Normal,Disetujui Branch Manager / Operasional,Tidak,1,2,-
FUND-0920,Kantor Pusat,Giro Korporasi,Penarikan / Pencairan,7036.0,2.09,4.25,Bukan Special Rate,Tidak Diperlukan (< Batas LPS),Bukan Early Break,Tidak Ada Indikasi,Aktif Normal,Disetujui Branch Manager / Operasional,Tidak,2,2,-
FUND-0921,Cabang Jakarta,Giro Korporasi,Setoran Tambahan,6949.87,2.14,4.25,Bukan Special Rate,Tidak Diperlukan (< Batas LPS),Bukan Early Break,Tidak Ada Indikasi,Aktif Normal,Disetujui Branch Manager / Operasional,Tidak,1,1,-
FUND-0922,Kantor Pusat,Deposito Berjangka,Penempatan Baru,1661.18,2.76,4.25,Bukan Special Rate,Tidak Diperlukan (< Batas LPS),Bukan Early Break,Tidak Ada Indikasi,Aktif Normal,Disetujui Branch Manager / Operasional,Tidak,1,1,-
FUND-0923,Kantor Pusat,Tabungan Bisnis,Penarikan / Pencairan,2291.99,1.48,4.25,Bukan Special Rate,Tidak Diperlukan (< Batas LPS),Bukan Early Break,Tidak Ada Indikasi,Aktif Normal,Disetujui Branch Manager / Operasional,Tidak,2,1,-
FUND-0924,Cabang Surabaya,Deposito On Call,Pembaruan Otomatis (ARO),541.21,9.53,4.25,Tanpa Persetujuan ALCO,Tanpa Surat Pelepasan (Pelanggaran),Bukan Early Break,Tidak Ada Indikasi,Aktif Normal,Override Teller / Tanpa Otorisasi,Ya (Anomali),5,4,Bunga Deposito (9.53%) melampaui batas LPS (4.25%) tanpa Surat Pelepasan LPS & tanpa persetujuan ALCO
FUND-0925,Cabang Jakarta,Tabungan Bisnis,Penarikan / Pencairan,191.72,2.69,4.25,Bukan Special Rate,Tidak Diperlukan (< Batas LPS),Bukan Early Break,Tidak Ada Indikasi,Aktif Normal,Disetujui Branch Manager / Operasional,Tidak,2,2,-
FUND-0926,Kantor Pusat,Giro Korporasi,Penarikan / Pencairan,4550.82,1.78,4.25,Bukan Special Rate,Tidak Diperlukan (< Batas LPS),Bukan Early Break,Tidak Ada Indikasi,Aktif Normal,Disetujui Branch Manager / Operasional,Tidak,2,1,-
FUND-0927,Kantor Pusat,Tabungan Reguler,Penarikan / Pencairan,19.17,1.18,4.25,Bukan Special Rate,Tidak Diperlukan (< Batas LPS),Bukan Early Break,Tidak Ada Indikasi,Aktif Normal,Disetujui Branch Manager / Operasional,Tidak,1,1,-
FUND-0928,Cabang Jakarta,Deposito Berjangka,Pencairan Sebelum Jatuh Tempo (Early Break),13617.41,3.69,4.25,Bukan Special Rate,Tidak Diperlukan (< Batas LPS),Bebas Penalti Tanpa Otorisasi,Tidak Ada Indikasi,Aktif Normal,Override Teller / Tanpa Otorisasi,Ya (Anomali),4,4,Pencairan Deposito sebelum jatuh tempo (Early Break) tanpa pengenaan penalti dan tanpa otorisasi Branch Manager
FUND-0929,Cabang Jakarta,Deposito Berjangka,Pembaruan Otomatis (ARO),2227.39,3.55,4.25,Bukan Special Rate,Tidak Diperlukan (< Batas LPS),Bukan Early Break,Tidak Ada Indikasi,Aktif Normal,Disetujui Branch Manager / Operasional,Tidak,1,1,-
FUND-0930,Kantor Pusat,Tabungan Bisnis,Penempatan Baru,109.57,2.22,4.25,Bukan Special Rate,Tidak Diperlukan (< Batas LPS),Bukan Early Break,Tidak Ada Indikasi,Aktif Normal,Disetujui Branch Manager / Operasional,Tidak,1,2,-
FUND-0931,Cabang Bali,Tabungan Reguler,Penarikan / Pencairan,117.27,0.87,4.25,Bukan Special Rate,Tidak Diperlukan (< Batas LPS),Bukan Early Break,Tidak Ada Indikasi,Aktif Normal,Disetujui Branch Manager / Operasional,Tidak,2,1,-
FUND-0932,Kantor Pusat,Deposito Berjangka,Pencairan Sebelum Jatuh Tempo (Early Break),17497.64,3.72,4.25,Bukan Special Rate,Tidak Diperlukan (< Batas LPS),Bebas Penalti Tanpa Otorisasi,Tidak Ada Indikasi,Aktif Normal,Override Teller / Tanpa Otorisasi,Ya (Anomali),4,4,Pencairan Deposito sebelum jatuh tempo (Early Break) tanpa pengenaan penalti dan tanpa otorisasi Branch Manager
FUND-0933,Kantor Pusat,Tabungan Reguler,Setoran Tambahan,114.07,1.38,4.25,Bukan Special Rate,Tidak Diperlukan (< Batas LPS),Bukan Early Break,Tidak Ada Indikasi,Aktif Normal,Disetujui Branch Manager / Operasional,Tidak,1,1,-
FUND-0934,Kantor Pusat,Tabungan Reguler,Penarikan / Pencairan,2368.85,1.08,4.25,Bukan Special Rate,Tidak Diperlukan (< Batas LPS),Bukan Early Break,Tidak Ada Indikasi,Dormant Diaktifkan Tiba-tiba,Override Teller / Tanpa Otorisasi,Ya (Anomali),5,5,Rekening pasif (Dormant) diaktifkan tiba-tiba diikuti penarikan dana masif tanpa otorisasi Pejabat Cabang
FUND-0935,Cabang Surabaya,Giro Korporasi,Penarikan / Pencairan,25819.99,1.85,4.25,Bukan Special Rate,Tidak Diperlukan (< Batas LPS),Bukan Early Break,Tidak Ada Indikasi,Aktif Normal,Override Teller / Tanpa Otorisasi,Ya (Anomali),5,4,Penarikan dana masif sebesar Rp 25819.99 Juta tanpa verifikasi Cash Transaction Report (CTR) dan otorisasi Pejabat
FUND-0936,Cabang Surabaya,Tabungan Bisnis,Penarikan / Pencairan,3122.08,1.18,4.25,Bukan Special Rate,Tidak Diperlukan (< Batas LPS),Bukan Early Break,Tidak Ada Indikasi,Dormant Diaktifkan Tiba-tiba,Override Teller / Tanpa Otorisasi,Ya (Anomali),5,4,Rekening pasif (Dormant) diaktifkan tiba-tiba diikuti penarikan dana masif tanpa otorisasi Pejabat Cabang
FUND-0937,Kantor Pusat,Deposito Berjangka,Pembaruan Otomatis (ARO),2053.09,3.17,4.25,Bukan Special Rate,Tidak Diperlukan (< Batas LPS),Bukan Early Break,Tidak Ada Indikasi,Aktif Normal,Disetujui Branch Manager / Operasional,Tidak,1,1,-
FUND-0938,Cabang Bandung,Deposito On Call,Penarikan / Pencairan,4773.17,3.21,4.25,Bukan Special Rate,Tidak Diperlukan (< Batas LPS),Bukan Early Break,Tidak Ada Indikasi,Aktif Normal,Disetujui Branch Manager / Operasional,Tidak,2,1,-
FUND-0939,Cabang Surabaya,Tabungan Bisnis,Penempatan Baru,2367.15,1.45,4.25,Bukan Special Rate,Tidak Diperlukan (< Batas LPS),Bukan Early Break,Tidak Ada Indikasi,Aktif Normal,Disetujui Branch Manager / Operasional,Tidak,2,1,-
FUND-0940,Kantor Pusat,Deposito Berjangka,Penempatan Baru,1964.66,3.83,4.25,Bukan Special Rate,Tidak Diperlukan (< Batas LPS),Bukan Early Break,Potensi Structuring Bilyet Deposito,Aktif Normal,Disetujui Branch Manager / Operasional,Ya (Anomali),4,4,Indikasi Structuring bilyet deposito berulang nominal Rp 1964.66 Juta mendekati batas maksimal penjaminan LPS (Rp 2 Miliar)
FUND-0941,Cabang Surabaya,Giro Individu,Penarikan / Pencairan,4396.89,1.95,4.25,Bukan Special Rate,Tidak Diperlukan (< Batas LPS),Bukan Early Break,Tidak Ada Indikasi,Dormant Diaktifkan Tiba-tiba,Override Teller / Tanpa Otorisasi,Ya (Anomali),5,5,Rekening pasif (Dormant) diaktifkan tiba-tiba diikuti penarikan dana masif tanpa otorisasi Pejabat Cabang
FUND-0942,Cabang Jakarta,Tabungan Reguler,Penempatan Baru,150.83,1.65,4.25,Bukan Special Rate,Tidak Diperlukan (< Batas LPS),Bukan Early Break,Tidak Ada Indikasi,Aktif Normal,Disetujui Branch Manager / Operasional,Tidak,1,1,-
FUND-0943,Cabang Surabaya,Deposito On Call,Penarikan / Pencairan,803.54,2.89,4.25,Bukan Special Rate,Tidak Diperlukan (< Batas LPS),Bukan Early Break,Tidak Ada Indikasi,Aktif Normal,Disetujui Branch Manager / Operasional,Tidak,1,2,-
FUND-0944,Kantor Pusat,Deposito Berjangka,Pembaruan Otomatis (ARO),17662.29,3.14,4.25,Bukan Special Rate,Tidak Diperlukan (< Batas LPS),Bukan Early Break,Tidak Ada Indikasi,Aktif Normal,Disetujui Branch Manager / Operasional,Tidak,1,1,-
FUND-0945,Cabang Jakarta,Deposito Berjangka,Penempatan Baru,66.93,5.72,4.25,Sesuai Ketentuan ALCO,LPS Ditandatangani,Bukan Early Break,Tidak Ada Indikasi,Aktif Normal,Disetujui Branch Manager / Operasional,Tidak,1,1,-
FUND-0946,Kantor Pusat,Giro Korporasi,Penarikan / Pencairan,19881.67,1.82,4.25,Bukan Special Rate,Tidak Diperlukan (< Batas LPS),Bukan Early Break,Tidak Ada Indikasi,Aktif Normal,Override Teller / Tanpa Otorisasi,Ya (Anomali),4,4,Penarikan dana masif sebesar Rp 19881.67 Juta tanpa verifikasi Cash Transaction Report (CTR) dan otorisasi Pejabat
FUND-0947,Kantor Pusat,Giro Individu,Penarikan / Pencairan,635.91,1.38,4.25,Bukan Special Rate,Tidak Diperlukan (< Batas LPS),Bukan Early Break,Tidak Ada Indikasi,Aktif Normal,Disetujui Branch Manager / Operasional,Tidak,2,1,-
FUND-0948,Cabang Jakarta,Tabungan Bisnis,Penempatan Baru,1389.94,2.07,4.25,Bukan Special Rate,Tidak Diperlukan (< Batas LPS),Bukan Early Break,Tidak Ada Indikasi,Aktif Normal,Disetujui Branch Manager / Operasional,Tidak,1,1,-
FUND-0949,Cabang Jakarta,Deposito Berjangka,Pencairan Sebelum Jatuh Tempo (Early Break),3803.3,4.63,4.25,Sesuai Ketentuan ALCO,LPS Ditandatangani,Penalti Dikenakan Sesuai Ketentuan,Tidak Ada Indikasi,Aktif Normal,Disetujui Branch Manager / Operasional,Tidak,2,1,-
FUND-0950,Kantor Pusat,Giro Korporasi,Penarikan / Pencairan,5102.82,1.12,4.25,Bukan Special Rate,Tidak Diperlukan (< Batas LPS),Bukan Early Break,Tidak Ada Indikasi,Aktif Normal,Disetujui Branch Manager / Operasional,Tidak,1,1,-
FUND-0951,Cabang Bandung,Tabungan Reguler,Setoran Tambahan,165.52,0.82,4.25,Bukan Special Rate,Tidak Diperlukan (< Batas LPS),Bukan Early Break,Tidak Ada Indikasi,Aktif Normal,Disetujui Branch Manager / Operasional,Tidak,1,1,-
FUND-0952,Cabang Jakarta,Tabungan Reguler,Penarikan / Pencairan,7.93,1.7,4.25,Bukan Special Rate,Tidak Diperlukan (< Batas LPS),Bukan Early Break,Tidak Ada Indikasi,Aktif Normal,Disetujui Branch Manager / Operasional,Tidak,2,1,-
FUND-0953,Cabang Medan,Deposito On Call,Pembaruan Otomatis (ARO),733.81,2.97,4.25,Bukan Special Rate,Tidak Diperlukan (< Batas LPS),Bukan Early Break,Tidak Ada Indikasi,Aktif Normal,Disetujui Branch Manager / Operasional,Tidak,1,1,-
FUND-0954,Cabang Medan,Deposito On Call,Penempatan Baru,8049.5,8.91,4.25,Tanpa Persetujuan ALCO,Tanpa Surat Pelepasan (Pelanggaran),Bukan Early Break,Tidak Ada Indikasi,Aktif Normal,Override Teller / Tanpa Otorisasi,Ya (Anomali),5,5,Bunga Deposito (8.91%) melampaui batas LPS (4.25%) tanpa Surat Pelepasan LPS & tanpa persetujuan ALCO
FUND-0955,Kantor Pusat,Tabungan Reguler,Penarikan / Pencairan,205.13,0.86,4.25,Bukan Special Rate,Tidak Diperlukan (< Batas LPS),Bukan Early Break,Tidak Ada Indikasi,Aktif Normal,Disetujui Branch Manager / Operasional,Tidak,2,1,-
FUND-0956,Kantor Pusat,Giro Individu,Setoran Tambahan,2235.75,2.03,4.25,Bukan Special Rate,Tidak Diperlukan (< Batas LPS),Bukan Early Break,Tidak Ada Indikasi,Aktif Normal,Disetujui Branch Manager / Operasional,Tidak,1,1,-
FUND-0957,Kantor Pusat,Deposito Berjangka,Pembaruan Otomatis (ARO),3445.04,3.07,4.25,Bukan Special Rate,Tidak Diperlukan (< Batas LPS),Bukan Early Break,Tidak Ada Indikasi,Aktif Normal,Disetujui Branch Manager / Operasional,Tidak,2,2,-
FUND-0958,Cabang Jakarta,Deposito On Call,Penempatan Baru,6920.57,2.83,4.25,Bukan Special Rate,Tidak Diperlukan (< Batas LPS),Bukan Early Break,Tidak Ada Indikasi,Aktif Normal,Disetujui Branch Manager / Operasional,Tidak,1,2,-
FUND-0959,Kantor Pusat,Giro Individu,Setoran Tambahan,4198.82,1.74,4.25,Bukan Special Rate,Tidak Diperlukan (< Batas LPS),Bukan Early Break,Tidak Ada Indikasi,Aktif Normal,Disetujui Branch Manager / Operasional,Tidak,1,1,-
FUND-0960,Cabang Medan,Tabungan Bisnis,Penarikan / Pencairan,138.59,1.7,4.25,Bukan Special Rate,Tidak Diperlukan (< Batas LPS),Bukan Early Break,Tidak Ada Indikasi,Aktif Normal,Disetujui Branch Manager / Operasional,Tidak,1,1,-
FUND-0961,Kantor Pusat,Tabungan Reguler,Penempatan Baru,327.23,0.98,4.25,Bukan Special Rate,Tidak Diperlukan (< Batas LPS),Bukan Early Break,Tidak Ada Indikasi,Aktif Normal,Disetujui Branch Manager / Operasional,Tidak,1,1,-
FUND-0962,Cabang Bali,Tabungan Reguler,Penempatan Baru,135.65,1.8,4.25,Bukan Special Rate,Tidak Diperlukan (< Batas LPS),Bukan Early Break,Tidak Ada Indikasi,Aktif Normal,Disetujui Branch Manager / Operasional,Tidak,1,1,-
FUND-0963,Kantor Pusat,Tabungan Bisnis,Penarikan / Pencairan,1356.98,2.59,4.25,Bukan Special Rate,Tidak Diperlukan (< Batas LPS),Bukan Early Break,Tidak Ada Indikasi,Aktif Normal,Disetujui Branch Manager / Operasional,Tidak,2,1,-
FUND-0964,Cabang Jakarta,Tabungan Reguler,Setoran Tambahan,331.62,0.88,4.25,Bukan Special Rate,Tidak Diperlukan (< Batas LPS),Bukan Early Break,Tidak Ada Indikasi,Aktif Normal,Disetujui Branch Manager / Operasional,Tidak,1,2,-
FUND-0965,Kantor Pusat,Deposito Berjangka,Pencairan Sebelum Jatuh Tempo (Early Break),5386.37,5.19,4.25,Sesuai Ketentuan ALCO,LPS Ditandatangani,Penalti Dikenakan Sesuai Ketentuan,Tidak Ada Indikasi,Aktif Normal,Disetujui Branch Manager / Operasional,Tidak,1,1,-
FUND-0966,Kantor Pusat,Giro Korporasi,Penarikan / Pencairan,5431.66,1.3,4.25,Bukan Special Rate,Tidak Diperlukan (< Batas LPS),Bukan Early Break,Tidak Ada Indikasi,Aktif Normal,Disetujui Branch Manager / Operasional,Tidak,2,2,-
FUND-0967,Kantor Pusat,Deposito Berjangka,Pembaruan Otomatis (ARO),10734.37,3.62,4.25,Bukan Special Rate,Tidak Diperlukan (< Batas LPS),Bukan Early Break,Tidak Ada Indikasi,Aktif Normal,Disetujui Branch Manager / Operasional,Tidak,1,2,-
FUND-0968,Cabang Surabaya,Deposito Berjangka,Penempatan Baru,1833.78,7.56,4.25,Tanpa Persetujuan ALCO,Tanpa Surat Pelepasan (Pelanggaran),Bukan Early Break,Tidak Ada Indikasi,Aktif Normal,Override Teller / Tanpa Otorisasi,Ya (Anomali),5,5,Bunga Deposito (7.56%) melampaui batas LPS (4.25%) tanpa Surat Pelepasan LPS & tanpa persetujuan ALCO
FUND-0969,Cabang Jakarta,Deposito Berjangka,Pencairan Sebelum Jatuh Tempo (Early Break),14540.35,3.09,4.25,Bukan Special Rate,Tidak Diperlukan (< Batas LPS),Penalti Dikenakan Sesuai Ketentuan,Tidak Ada Indikasi,Aktif Normal,Disetujui Branch Manager / Operasional,Tidak,2,1,-
FUND-0970,Cabang Jakarta,Tabungan Bisnis,Penempatan Baru,2382.55,2.36,4.25,Bukan Special Rate,Tidak Diperlukan (< Batas LPS),Bukan Early Break,Tidak Ada Indikasi,Aktif Normal,Disetujui Branch Manager / Operasional,Tidak,1,2,-
FUND-0971,Cabang Bali,Deposito On Call,Penempatan Baru,9837.99,3.01,4.25,Bukan Special Rate,Tidak Diperlukan (< Batas LPS),Bukan Early Break,Tidak Ada Indikasi,Aktif Normal,Disetujui Branch Manager / Operasional,Tidak,1,1,-
FUND-0972,Cabang Jakarta,Deposito Berjangka,Pembaruan Otomatis (ARO),14532.68,3.37,4.25,Bukan Special Rate,Tidak Diperlukan (< Batas LPS),Bukan Early Break,Tidak Ada Indikasi,Aktif Normal,Disetujui Branch Manager / Operasional,Tidak,1,2,-
FUND-0973,Cabang Bali,Deposito Berjangka,Penempatan Baru,13660.38,2.98,4.25,Bukan Special Rate,Tidak Diperlukan (< Batas LPS),Bukan Early Break,Tidak Ada Indikasi,Aktif Normal,Disetujui Branch Manager / Operasional,Tidak,2,1,-
FUND-0974,Kantor Pusat,Deposito Berjangka,Pembaruan Otomatis (ARO),5373.25,3.89,4.25,Bukan Special Rate,Tidak Diperlukan (< Batas LPS),Bukan Early Break,Tidak Ada Indikasi,Aktif Normal,Disetujui Branch Manager / Operasional,Tidak,1,1,-
FUND-0975,Cabang Medan,Deposito Berjangka,Penempatan Baru,1978.34,3.8,4.25,Bukan Special Rate,Tidak Diperlukan (< Batas LPS),Bukan Early Break,Potensi Structuring Bilyet Deposito,Aktif Normal,Disetujui Branch Manager / Operasional,Ya (Anomali),4,4,Indikasi Structuring bilyet deposito berulang nominal Rp 1978.34 Juta mendekati batas maksimal penjaminan LPS (Rp 2 Miliar)
FUND-0976,Cabang Bandung,Giro Korporasi,Penarikan / Pencairan,7648.64,1.02,4.25,Bukan Special Rate,Tidak Diperlukan (< Batas LPS),Bukan Early Break,Tidak Ada Indikasi,Aktif Normal,Disetujui Branch Manager / Operasional,Tidak,1,1,-
FUND-0977,Kantor Pusat,Deposito Berjangka,Penempatan Baru,1982.3,4.17,4.25,Bukan Special Rate,Tidak Diperlukan (< Batas LPS),Bukan Early Break,Potensi Structuring Bilyet Deposito,Aktif Normal,Disetujui Branch Manager / Operasional,Ya (Anomali),4,4,Indikasi Structuring bilyet deposito berulang nominal Rp 1982.3 Juta mendekati batas maksimal penjaminan LPS (Rp 2 Miliar)
FUND-0978,Cabang Bali,Giro Korporasi,Setoran Tambahan,7116.71,1.25,4.25,Bukan Special Rate,Tidak Diperlukan (< Batas LPS),Bukan Early Break,Tidak Ada Indikasi,Aktif Normal,Disetujui Branch Manager / Operasional,Tidak,1,1,-
FUND-0979,Cabang Medan,Deposito On Call,Pembaruan Otomatis (ARO),6452.58,7.25,4.25,Tanpa Persetujuan ALCO,Tanpa Surat Pelepasan (Pelanggaran),Bukan Early Break,Tidak Ada Indikasi,Aktif Normal,Override Teller / Tanpa Otorisasi,Ya (Anomali),5,4,Bunga Deposito (7.25%) melampaui batas LPS (4.25%) tanpa Surat Pelepasan LPS & tanpa persetujuan ALCO
FUND-0980,Cabang Surabaya,Deposito On Call,Penempatan Baru,5829.25,2.59,4.25,Bukan Special Rate,Tidak Diperlukan (< Batas LPS),Bukan Early Break,Tidak Ada Indikasi,Aktif Normal,Disetujui Branch Manager / Operasional,Tidak,1,1,-
FUND-0981,Kantor Pusat,Deposito On Call,Penempatan Baru,4434.56,3.54,4.25,Bukan Special Rate,Tidak Diperlukan (< Batas LPS),Bukan Early Break,Tidak Ada Indikasi,Aktif Normal,Disetujui Branch Manager / Operasional,Tidak,1,1,-
FUND-0982,Kantor Pusat,Deposito On Call,Pembaruan Otomatis (ARO),2831.02,3.52,4.25,Bukan Special Rate,Tidak Diperlukan (< Batas LPS),Bukan Early Break,Tidak Ada Indikasi,Aktif Normal,Disetujui Branch Manager / Operasional,Tidak,2,1,-
FUND-0983,Kantor Pusat,Tabungan Reguler,Setoran Tambahan,260.57,1.62,4.25,Bukan Special Rate,Tidak Diperlukan (< Batas LPS),Bukan Early Break,Tidak Ada Indikasi,Aktif Normal,Disetujui Branch Manager / Operasional,Tidak,2,1,-
FUND-0984,Cabang Medan,Tabungan Reguler,Setoran Tambahan,197.88,1.15,4.25,Bukan Special Rate,Tidak Diperlukan (< Batas LPS),Bukan Early Break,Tidak Ada Indikasi,Aktif Normal,Disetujui Branch Manager / Operasional,Tidak,1,1,-
FUND-0985,Kantor Pusat,Tabungan Reguler,Setoran Tambahan,300.85,0.87,4.25,Bukan Special Rate,Tidak Diperlukan (< Batas LPS),Bukan Early Break,Tidak Ada Indikasi,Aktif Normal,Disetujui Branch Manager / Operasional,Tidak,2,1,-
FUND-0986,Cabang Surabaya,Giro Individu,Penempatan Baru,1059.86,1.25,4.25,Bukan Special Rate,Tidak Diperlukan (< Batas LPS),Bukan Early Break,Tidak Ada Indikasi,Aktif Normal,Disetujui Branch Manager / Operasional,Tidak,2,1,-
FUND-0987,Cabang Jakarta,Giro Korporasi,Penempatan Baru,7295.08,1.94,4.25,Bukan Special Rate,Tidak Diperlukan (< Batas LPS),Bukan Early Break,Tidak Ada Indikasi,Aktif Normal,Disetujui Branch Manager / Operasional,Tidak,2,1,-
FUND-0988,Kantor Pusat,Tabungan Bisnis,Setoran Tambahan,638.37,1.74,4.25,Bukan Special Rate,Tidak Diperlukan (< Batas LPS),Bukan Early Break,Tidak Ada Indikasi,Aktif Normal,Disetujui Branch Manager / Operasional,Tidak,1,1,-
FUND-0989,Cabang Surabaya,Deposito On Call,Penempatan Baru,11029.75,9.24,4.25,Tanpa Persetujuan ALCO,Tanpa Surat Pelepasan (Pelanggaran),Bukan Early Break,Tidak Ada Indikasi,Aktif Normal,Override Teller / Tanpa Otorisasi,Ya (Anomali),5,4,Bunga Deposito (9.24%) melampaui batas LPS (4.25%) tanpa Surat Pelepasan LPS & tanpa persetujuan ALCO
FUND-0990,Cabang Surabaya,Deposito Berjangka,Penempatan Baru,13024.96,5.18,4.25,Sesuai Ketentuan ALCO,LPS Ditandatangani,Bukan Early Break,Tidak Ada Indikasi,Aktif Normal,Disetujui Branch Manager / Operasional,Tidak,1,2,-
FUND-0991,Cabang Surabaya,Giro Korporasi,Setoran Tambahan,4703.44,2.02,4.25,Bukan Special Rate,Tidak Diperlukan (< Batas LPS),Bukan Early Break,Tidak Ada Indikasi,Aktif Normal,Disetujui Branch Manager / Operasional,Tidak,1,1,-
FUND-0992,Cabang Jakarta,Giro Korporasi,Penempatan Baru,1925.54,2.12,4.25,Bukan Special Rate,Tidak Diperlukan (< Batas LPS),Bukan Early Break,Tidak Ada Indikasi,Aktif Normal,Disetujui Branch Manager / Operasional,Tidak,1,1,-
FUND-0993,Kantor Pusat,Deposito Berjangka,Pembaruan Otomatis (ARO),13718.76,8.62,4.25,Tanpa Persetujuan ALCO,Tanpa Surat Pelepasan (Pelanggaran),Bukan Early Break,Tidak Ada Indikasi,Aktif Normal,Override Teller / Tanpa Otorisasi,Ya (Anomali),5,5,Bunga Deposito (8.62%) melampaui batas LPS (4.25%) tanpa Surat Pelepasan LPS & tanpa persetujuan ALCO
FUND-0994,Cabang Surabaya,Tabungan Reguler,Penempatan Baru,34.2,0.9,4.25,Bukan Special Rate,Tidak Diperlukan (< Batas LPS),Bukan Early Break,Tidak Ada Indikasi,Aktif Normal,Disetujui Branch Manager / Operasional,Tidak,1,1,-
FUND-0995,Cabang Surabaya,Deposito Berjangka,Pencairan Sebelum Jatuh Tempo (Early Break),7389.94,3.68,4.25,Bukan Special Rate,Tidak Diperlukan (< Batas LPS),Bebas Penalti Tanpa Otorisasi,Tidak Ada Indikasi,Aktif Normal,Override Teller / Tanpa Otorisasi,Ya (Anomali),4,4,Pencairan Deposito sebelum jatuh tempo (Early Break) tanpa pengenaan penalti dan tanpa otorisasi Branch Manager
FUND-0996,Cabang Jakarta,Deposito Berjangka,Penempatan Baru,15785.88,3.3,4.25,Bukan Special Rate,Tidak Diperlukan (< Batas LPS),Bukan Early Break,Tidak Ada Indikasi,Aktif Normal,Disetujui Branch Manager / Operasional,Tidak,1,1,-
FUND-0997,Cabang Bandung,Deposito On Call,Penempatan Baru,2801.68,3.69,4.25,Bukan Special Rate,Tidak Diperlukan (< Batas LPS),Bukan Early Break,Tidak Ada Indikasi,Aktif Normal,Disetujui Branch Manager / Operasional,Tidak,2,2,-
FUND-0998,Cabang Medan,Tabungan Reguler,Setoran Tambahan,223.78,0.91,4.25,Bukan Special Rate,Tidak Diperlukan (< Batas LPS),Bukan Early Break,Tidak Ada Indikasi,Aktif Normal,Disetujui Branch Manager / Operasional,Tidak,1,1,-
FUND-0999,Cabang Jakarta,Deposito Berjangka,Penempatan Baru,876.94,3.26,4.25,Bukan Special Rate,Tidak Diperlukan (< Batas LPS),Bukan Early Break,Tidak Ada Indikasi,Aktif Normal,Disetujui Branch Manager / Operasional,Tidak,1,1,-
FUND-1000,Cabang Bandung,Deposito Berjangka,Penempatan Baru,12353.72,2.83,4.25,Bukan Special Rate,Tidak Diperlukan (< Batas LPS),Bukan Early Break,Tidak Ada Indikasi,Aktif Normal,Disetujui Branch Manager / Operasional,Tidak,1,2,-
FUND-1001,Kantor Pusat,Deposito Berjangka,Pembaruan Otomatis (ARO),6334.75,5.71,4.25,Sesuai Ketentuan ALCO,LPS Ditandatangani,Bukan Early Break,Tidak Ada Indikasi,Aktif Normal,Disetujui Branch Manager / Operasional,Tidak,2,2,-
FUND-1002,Kantor Pusat,Deposito On Call,Penarikan / Pencairan,9422.54,3.01,4.25,Bukan Special Rate,Tidak Diperlukan (< Batas LPS),Bukan Early Break,Tidak Ada Indikasi,Aktif Normal,Disetujui Branch Manager / Operasional,Tidak,2,1,-
FUND-1003,Cabang Bali,Tabungan Reguler,Setoran Tambahan,251.71,1.49,4.25,Bukan Special Rate,Tidak Diperlukan (< Batas LPS),Bukan Early Break,Tidak Ada Indikasi,Aktif Normal,Disetujui Branch Manager / Operasional,Tidak,1,1,-
FUND-1004,Cabang Jakarta,Deposito Berjangka,Penarikan / Pencairan,6551.16,3.46,4.25,Bukan Special Rate,Tidak Diperlukan (< Batas LPS),Bukan Early Break,Tidak Ada Indikasi,Aktif Normal,Disetujui Branch Manager / Operasional,Tidak,1,1,-
FUND-1005,Cabang Surabaya,Tabungan Reguler,Penarikan / Pencairan,328.51,1.89,4.25,Bukan Special Rate,Tidak Diperlukan (< Batas LPS),Bukan Early Break,Tidak Ada Indikasi,Aktif Normal,Disetujui Branch Manager / Operasional,Tidak,2,1,-
FUND-1006,Cabang Bali,Deposito Berjangka,Penempatan Baru,6414.14,3.13,4.25,Bukan Special Rate,Tidak Diperlukan (< Batas LPS),Bukan Early Break,Tidak Ada Indikasi,Aktif Normal,Disetujui Branch Manager / Operasional,Tidak,2,1,-
FUND-1007,Cabang Jakarta,Tabungan Bisnis,Penarikan / Pencairan,391.17,1.27,4.25,Bukan Special Rate,Tidak Diperlukan (< Batas LPS),Bukan Early Break,Tidak Ada Indikasi,Aktif Normal,Disetujui Branch Manager / Operasional,Tidak,1,2,-
FUND-1008,Cabang Surabaya,Tabungan Bisnis,Penarikan / Pencairan,5318.41,1.63,4.25,Bukan Special Rate,Tidak Diperlukan (< Batas LPS),Bukan Early Break,Tidak Ada Indikasi,Dormant Diaktifkan Tiba-tiba,Override Teller / Tanpa Otorisasi,Ya (Anomali),5,4,Rekening pasif (Dormant) diaktifkan tiba-tiba diikuti penarikan dana masif tanpa otorisasi Pejabat Cabang
FUND-1009,Cabang Jakarta,Giro Korporasi,Penempatan Baru,21741.77,9.85,4.25,Tanpa Persetujuan ALCO,LPS Ditandatangani,Bukan Early Break,Tidak Ada Indikasi,Aktif Normal,Override Teller / Tanpa Otorisasi,Ya (Anomali),5,4,Pemberian suku bunga pendanaan ekstrem (9.85%) di luar kewajaran pasar tanpa persetujuan ALCO (potensi conflict of interest)
FUND-1010,Cabang Jakarta,Deposito Berjangka,Pembaruan Otomatis (ARO),14877.86,3.99,4.25,Bukan Special Rate,Tidak Diperlukan (< Batas LPS),Bukan Early Break,Tidak Ada Indikasi,Aktif Normal,Disetujui Branch Manager / Operasional,Tidak,1,1,-
FUND-1011,Kantor Pusat,Giro Individu,Penarikan / Pencairan,5087.87,1.34,4.25,Bukan Special Rate,Tidak Diperlukan (< Batas LPS),Bukan Early Break,Tidak Ada Indikasi,Aktif Normal,Disetujui Branch Manager / Operasional,Tidak,1,2,-
FUND-1012,Kantor Pusat,Deposito Berjangka,Penarikan / Pencairan,3525.55,3.42,4.25,Bukan Special Rate,Tidak Diperlukan (< Batas LPS),Bukan Early Break,Tidak Ada Indikasi,Aktif Normal,Disetujui Branch Manager / Operasional,Tidak,1,1,-
FUND-1013,Cabang Jakarta,Deposito On Call,Penempatan Baru,7277.12,2.86,4.25,Bukan Special Rate,Tidak Diperlukan (< Batas LPS),Bukan Early Break,Tidak Ada Indikasi,Aktif Normal,Disetujui Branch Manager / Operasional,Tidak,2,1,-
FUND-1014,Cabang Jakarta,Tabungan Reguler,Penarikan / Pencairan,203.13,1.58,4.25,Bukan Special Rate,Tidak Diperlukan (< Batas LPS),Bukan Early Break,Tidak Ada Indikasi,Aktif Normal,Disetujui Branch Manager / Operasional,Tidak,2,2,-
FUND-1015,Cabang Jakarta,Deposito Berjangka,Pembaruan Otomatis (ARO),3144.34,3.67,4.25,Bukan Special Rate,Tidak Diperlukan (< Batas LPS),Bukan Early Break,Tidak Ada Indikasi,Aktif Normal,Disetujui Branch Manager / Operasional,Tidak,1,2,-
FUND-1016,Cabang Bali,Tabungan Reguler,Penarikan / Pencairan,341.93,1.22,4.25,Bukan Special Rate,Tidak Diperlukan (< Batas LPS),Bukan Early Break,Tidak Ada Indikasi,Aktif Normal,Disetujui Branch Manager / Operasional,Tidak,2,1,-
FUND-1017,Cabang Medan,Deposito Berjangka,Penempatan Baru,1977.91,4.02,4.25,Bukan Special Rate,Tidak Diperlukan (< Batas LPS),Bukan Early Break,Potensi Structuring Bilyet Deposito,Aktif Normal,Disetujui Branch Manager / Operasional,Ya (Anomali),4,4,Indikasi Structuring bilyet deposito berulang nominal Rp 1977.91 Juta mendekati batas maksimal penjaminan LPS (Rp 2 Miliar)
FUND-1018,Cabang Bali,Tabungan Reguler,Penarikan / Pencairan,239.48,1.02,4.25,Bukan Special Rate,Tidak Diperlukan (< Batas LPS),Bukan Early Break,Tidak Ada Indikasi,Aktif Normal,Disetujui Branch Manager / Operasional,Tidak,2,2,-
FUND-1019,Kantor Pusat,Deposito On Call,Penempatan Baru,4796.47,2.79,4.25,Bukan Special Rate,Tidak Diperlukan (< Batas LPS),Bukan Early Break,Tidak Ada Indikasi,Aktif Normal,Disetujui Branch Manager / Operasional,Tidak,1,1,-
FUND-1020,Cabang Bandung,Deposito Berjangka,Pembaruan Otomatis (ARO),14744.66,7.14,4.25,Tanpa Persetujuan ALCO,Tanpa Surat Pelepasan (Pelanggaran),Bukan Early Break,Tidak Ada Indikasi,Aktif Normal,Override Teller / Tanpa Otorisasi,Ya (Anomali),5,4,Bunga Deposito (7.14%) melampaui batas LPS (4.25%) tanpa Surat Pelepasan LPS & tanpa persetujuan ALCO
FUND-1021,Cabang Surabaya,Tabungan Bisnis,Setoran Tambahan,1017.28,2.22,4.25,Bukan Special Rate,Tidak Diperlukan (< Batas LPS),Bukan Early Break,Tidak Ada Indikasi,Aktif Normal,Disetujui Branch Manager / Operasional,Tidak,1,2,-
FUND-1022,Cabang Surabaya,Tabungan Reguler,Setoran Tambahan,11.6,1.35,4.25,Bukan Special Rate,Tidak Diperlukan (< Batas LPS),Bukan Early Break,Tidak Ada Indikasi,Aktif Normal,Disetujui Branch Manager / Operasional,Tidak,1,1,-
FUND-1023,Cabang Bandung,Deposito Berjangka,Pembaruan Otomatis (ARO),12782.31,3.92,4.25,Bukan Special Rate,Tidak Diperlukan (< Batas LPS),Bukan Early Break,Tidak Ada Indikasi,Aktif Normal,Disetujui Branch Manager / Operasional,Tidak,1,2,-
FUND-1024,Kantor Pusat,Tabungan Bisnis,Penarikan / Pencairan,370.66,1.6,4.25,Bukan Special Rate,Tidak Diperlukan (< Batas LPS),Bukan Early Break,Tidak Ada Indikasi,Aktif Normal,Disetujui Branch Manager / Operasional,Tidak,2,2,-
FUND-1025,Kantor Pusat,Deposito Berjangka,Pembaruan Otomatis (ARO),16830.06,4.01,4.25,Bukan Special Rate,Tidak Diperlukan (< Batas LPS),Bukan Early Break,Tidak Ada Indikasi,Aktif Normal,Disetujui Branch Manager / Operasional,Tidak,1,1,-
FUND-1026,Cabang Surabaya,Giro Korporasi,Penempatan Baru,19837.33,8.98,4.25,Tanpa Persetujuan ALCO,LPS Ditandatangani,Bukan Early Break,Tidak Ada Indikasi,Aktif Normal,Override Teller / Tanpa Otorisasi,Ya (Anomali),5,5,Pemberian suku bunga pendanaan ekstrem (8.98%) di luar kewajaran pasar tanpa persetujuan ALCO (potensi conflict of interest)
FUND-1027,Cabang Jakarta,Deposito On Call,Pembaruan Otomatis (ARO),2818.26,3.36,4.25,Bukan Special Rate,Tidak Diperlukan (< Batas LPS),Bukan Early Break,Tidak Ada Indikasi,Aktif Normal,Disetujui Branch Manager / Operasional,Tidak,1,1,-
FUND-1028,Cabang Bandung,Deposito On Call,Penempatan Baru,951.66,2.82,4.25,Bukan Special Rate,Tidak Diperlukan (< Batas LPS),Bukan Early Break,Tidak Ada Indikasi,Aktif Normal,Disetujui Branch Manager / Operasional,Tidak,1,2,-
FUND-1029,Cabang Jakarta,Deposito Berjangka,Pembaruan Otomatis (ARO),16426.92,3.68,4.25,Bukan Special Rate,Tidak Diperlukan (< Batas LPS),Bukan Early Break,Tidak Ada Indikasi,Aktif Normal,Disetujui Branch Manager / Operasional,Tidak,1,1,-
FUND-1030,Cabang Bandung,Tabungan Reguler,Penarikan / Pencairan,292.25,1.76,4.25,Bukan Special Rate,Tidak Diperlukan (< Batas LPS),Bukan Early Break,Tidak Ada Indikasi,Aktif Normal,Disetujui Branch Manager / Operasional,Tidak,2,1,-
FUND-1031,Cabang Surabaya,Deposito Berjangka,Penempatan Baru,15668.27,5.57,4.25,Sesuai Ketentuan ALCO,LPS Ditandatangani,Bukan Early Break,Tidak Ada Indikasi,Aktif Normal,Disetujui Branch Manager / Operasional,Tidak,1,2,-
FUND-1032,Cabang Surabaya,Deposito Berjangka,Penempatan Baru,8881.43,3.02,4.25,Bukan Special Rate,Tidak Diperlukan (< Batas LPS),Bukan Early Break,Tidak Ada Indikasi,Aktif Normal,Disetujui Branch Manager / Operasional,Tidak,1,1,-
FUND-1033,Cabang Jakarta,Tabungan Bisnis,Penempatan Baru,1216.34,2.74,4.25,Bukan Special Rate,Tidak Diperlukan (< Batas LPS),Bukan Early Break,Tidak Ada Indikasi,Aktif Normal,Disetujui Branch Manager / Operasional,Tidak,2,1,-
FUND-1034,Kantor Pusat,Tabungan Bisnis,Setoran Tambahan,280.06,2.26,4.25,Bukan Special Rate,Tidak Diperlukan (< Batas LPS),Bukan Early Break,Tidak Ada Indikasi,Aktif Normal,Disetujui Branch Manager / Operasional,Tidak,1,2,-
FUND-1035,Cabang Bali,Deposito Berjangka,Penarikan / Pencairan,1043.71,2.86,4.25,Bukan Special Rate,Tidak Diperlukan (< Batas LPS),Bukan Early Break,Tidak Ada Indikasi,Aktif Normal,Disetujui Branch Manager / Operasional,Tidak,2,2,-
FUND-1036,Cabang Jakarta,Giro Individu,Penarikan / Pencairan,2861.1,1.14,4.25,Bukan Special Rate,Tidak Diperlukan (< Batas LPS),Bukan Early Break,Tidak Ada Indikasi,Aktif Normal,Disetujui Branch Manager / Operasional,Tidak,1,1,-
FUND-1037,Cabang Bandung,Giro Korporasi,Penempatan Baru,5878.82,1.23,4.25,Bukan Special Rate,Tidak Diperlukan (< Batas LPS),Bukan Early Break,Tidak Ada Indikasi,Aktif Normal,Disetujui Branch Manager / Operasional,Tidak,2,2,-
FUND-1038,Cabang Jakarta,Giro Korporasi,Penempatan Baru,14645.89,11.07,4.25,Tanpa Persetujuan ALCO,LPS Ditandatangani,Bukan Early Break,Tidak Ada Indikasi,Aktif Normal,Override Teller / Tanpa Otorisasi,Ya (Anomali),5,5,Pemberian suku bunga pendanaan ekstrem (11.07%) di luar kewajaran pasar tanpa persetujuan ALCO (potensi conflict of interest)
FUND-1039,Cabang Medan,Tabungan Reguler,Penempatan Baru,117.23,1.64,4.25,Bukan Special Rate,Tidak Diperlukan (< Batas LPS),Bukan Early Break,Tidak Ada Indikasi,Aktif Normal,Disetujui Branch Manager / Operasional,Tidak,2,1,-
FUND-1040,Cabang Bandung,Giro Korporasi,Setoran Tambahan,3237.75,1.84,4.25,Bukan Special Rate,Tidak Diperlukan (< Batas LPS),Bukan Early Break,Tidak Ada Indikasi,Aktif Normal,Disetujui Branch Manager / Operasional,Tidak,1,1,-
FUND-1041,Cabang Jakarta,Deposito On Call,Pembaruan Otomatis (ARO),12213.77,3.45,4.25,Bukan Special Rate,Tidak Diperlukan (< Batas LPS),Bukan Early Break,Tidak Ada Indikasi,Aktif Normal,Disetujui Branch Manager / Operasional,Tidak,2,1,-
FUND-1042,Cabang Bandung,Tabungan Bisnis,Setoran Tambahan,699.37,2.26,4.25,Bukan Special Rate,Tidak Diperlukan (< Batas LPS),Bukan Early Break,Tidak Ada Indikasi,Aktif Normal,Disetujui Branch Manager / Operasional,Tidak,1,1,-
FUND-1043,Cabang Surabaya,Tabungan Bisnis,Penempatan Baru,257.74,2.32,4.25,Bukan Special Rate,Tidak Diperlukan (< Batas LPS),Bukan Early Break,Tidak Ada Indikasi,Aktif Normal,Disetujui Branch Manager / Operasional,Tidak,1,1,-
FUND-1044,Cabang Bandung,Deposito Berjangka,Pencairan Sebelum Jatuh Tempo (Early Break),13201.98,3.68,4.25,Bukan Special Rate,Tidak Diperlukan (< Batas LPS),Bebas Penalti Tanpa Otorisasi,Tidak Ada Indikasi,Aktif Normal,Override Teller / Tanpa Otorisasi,Ya (Anomali),4,4,Pencairan Deposito sebelum jatuh tempo (Early Break) tanpa pengenaan penalti dan tanpa otorisasi Branch Manager
FUND-1045,Cabang Bali,Giro Individu,Setoran Tambahan,4219.53,2.22,4.25,Bukan Special Rate,Tidak Diperlukan (< Batas LPS),Bukan Early Break,Tidak Ada Indikasi,Aktif Normal,Disetujui Branch Manager / Operasional,Tidak,2,1,-
FUND-1046,Kantor Pusat,Tabungan Reguler,Penarikan / Pencairan,218.76,1.58,4.25,Bukan Special Rate,Tidak Diperlukan (< Batas LPS),Bukan Early Break,Tidak Ada Indikasi,Aktif Normal,Disetujui Branch Manager / Operasional,Tidak,2,1,-
FUND-1047,Cabang Jakarta,Deposito Berjangka,Penempatan Baru,16100.73,3.24,4.25,Bukan Special Rate,Tidak Diperlukan (< Batas LPS),Bukan Early Break,Tidak Ada Indikasi,Aktif Normal,Disetujui Branch Manager / Operasional,Tidak,1,1,-
FUND-1048,Cabang Jakarta,Deposito On Call,Penempatan Baru,8047.89,3.05,4.25,Bukan Special Rate,Tidak Diperlukan (< Batas LPS),Bukan Early Break,Tidak Ada Indikasi,Aktif Normal,Disetujui Branch Manager / Operasional,Tidak,2,1,-
FUND-1049,Cabang Medan,Tabungan Reguler,Penarikan / Pencairan,12.1,1.96,4.25,Bukan Special Rate,Tidak Diperlukan (< Batas LPS),Bukan Early Break,Tidak Ada Indikasi,Aktif Normal,Disetujui Branch Manager / Operasional,Tidak,2,1,-
FUND-1050,Cabang Jakarta,Giro Korporasi,Penempatan Baru,2734.64,1.5,4.25,Bukan Special Rate,Tidak Diperlukan (< Batas LPS),Bukan Early Break,Tidak Ada Indikasi,Aktif Normal,Disetujui Branch Manager / Operasional,Tidak,1,2,-
FUND-1051,Cabang Surabaya,Tabungan Bisnis,Penempatan Baru,1595.39,1.93,4.25,Bukan Special Rate,Tidak Diperlukan (< Batas LPS),Bukan Early Break,Tidak Ada Indikasi,Aktif Normal,Disetujui Branch Manager / Operasional,Tidak,1,2,-
FUND-1052,Cabang Bandung,Tabungan Bisnis,Setoran Tambahan,1351.78,1.85,4.25,Bukan Special Rate,Tidak Diperlukan (< Batas LPS),Bukan Early Break,Tidak Ada Indikasi,Aktif Normal,Disetujui Branch Manager / Operasional,Tidak,2,1,-
FUND-1053,Cabang Bali,Deposito On Call,Pembaruan Otomatis (ARO),13248.46,6.54,4.25,Tanpa Persetujuan ALCO,Tanpa Surat Pelepasan (Pelanggaran),Bukan Early Break,Tidak Ada Indikasi,Aktif Normal,Override Teller / Tanpa Otorisasi,Ya (Anomali),5,5,Bunga Deposito (6.54%) melampaui batas LPS (4.25%) tanpa Surat Pelepasan LPS & tanpa persetujuan ALCO
FUND-1054,Cabang Bandung,Tabungan Reguler,Penempatan Baru,33.83,0.77,4.25,Bukan Special Rate,Tidak Diperlukan (< Batas LPS),Bukan Early Break,Tidak Ada Indikasi,Aktif Normal,Disetujui Branch Manager / Operasional,Tidak,1,2,-
FUND-1055,Cabang Jakarta,Tabungan Bisnis,Penempatan Baru,1587.79,1.54,4.25,Bukan Special Rate,Tidak Diperlukan (< Batas LPS),Bukan Early Break,Tidak Ada Indikasi,Aktif Normal,Disetujui Branch Manager / Operasional,Tidak,1,2,-
FUND-1056,Cabang Surabaya,Deposito Berjangka,Penempatan Baru,18706.42,10.31,4.25,Tanpa Persetujuan ALCO,LPS Ditandatangani,Bukan Early Break,Tidak Ada Indikasi,Aktif Normal,Override Teller / Tanpa Otorisasi,Ya (Anomali),5,5,Pemberian suku bunga pendanaan ekstrem (10.31%) di luar kewajaran pasar tanpa persetujuan ALCO (potensi conflict of interest)
FUND-1057,Kantor Pusat,Deposito On Call,Pembaruan Otomatis (ARO),13176.23,3.12,4.25,Bukan Special Rate,Tidak Diperlukan (< Batas LPS),Bukan Early Break,Tidak Ada Indikasi,Aktif Normal,Disetujui Branch Manager / Operasional,Tidak,2,2,-
FUND-1058,Cabang Bandung,Deposito Berjangka,Penempatan Baru,17898.23,2.83,4.25,Bukan Special Rate,Tidak Diperlukan (< Batas LPS),Bukan Early Break,Tidak Ada Indikasi,Aktif Normal,Disetujui Branch Manager / Operasional,Tidak,1,1,-
FUND-1059,Cabang Bali,Deposito Berjangka,Pembaruan Otomatis (ARO),13306.9,4.89,4.25,Sesuai Ketentuan ALCO,LPS Ditandatangani,Bukan Early Break,Tidak Ada Indikasi,Aktif Normal,Disetujui Branch Manager / Operasional,Tidak,1,1,-
FUND-1060,Cabang Medan,Tabungan Reguler,Penarikan / Pencairan,321.81,1.26,4.25,Bukan Special Rate,Tidak Diperlukan (< Batas LPS),Bukan Early Break,Tidak Ada Indikasi,Aktif Normal,Disetujui Branch Manager / Operasional,Tidak,1,1,-
FUND-1061,Cabang Bandung,Tabungan Reguler,Penempatan Baru,179.04,1.14,4.25,Bukan Special Rate,Tidak Diperlukan (< Batas LPS),Bukan Early Break,Tidak Ada Indikasi,Aktif Normal,Disetujui Branch Manager / Operasional,Tidak,1,1,-
FUND-1062,Cabang Bandung,Deposito On Call,Pembaruan Otomatis (ARO),9863.01,3.14,4.25,Bukan Special Rate,Tidak Diperlukan (< Batas LPS),Bukan Early Break,Tidak Ada Indikasi,Aktif Normal,Disetujui Branch Manager / Operasional,Tidak,1,1,-
FUND-1063,Kantor Pusat,Giro Individu,Penarikan / Pencairan,4915.27,1.94,4.25,Bukan Special Rate,Tidak Diperlukan (< Batas LPS),Bukan Early Break,Tidak Ada Indikasi,Dormant Diaktifkan Tiba-tiba,Override Teller / Tanpa Otorisasi,Ya (Anomali),5,4,Rekening pasif (Dormant) diaktifkan tiba-tiba diikuti penarikan dana masif tanpa otorisasi Pejabat Cabang
FUND-1064,Cabang Surabaya,Giro Korporasi,Penempatan Baru,27102.12,11.45,4.25,Tanpa Persetujuan ALCO,LPS Ditandatangani,Bukan Early Break,Tidak Ada Indikasi,Aktif Normal,Override Teller / Tanpa Otorisasi,Ya (Anomali),5,4,Pemberian suku bunga pendanaan ekstrem (11.45%) di luar kewajaran pasar tanpa persetujuan ALCO (potensi conflict of interest)
FUND-1065,Cabang Bandung,Deposito Berjangka,Penempatan Baru,11489.57,4.86,4.25,Sesuai Ketentuan ALCO,LPS Ditandatangani,Bukan Early Break,Tidak Ada Indikasi,Aktif Normal,Disetujui Branch Manager / Operasional,Tidak,1,2,-
FUND-1066,Cabang Bali,Deposito On Call,Penempatan Baru,3461.51,3.02,4.25,Bukan Special Rate,Tidak Diperlukan (< Batas LPS),Bukan Early Break,Tidak Ada Indikasi,Aktif Normal,Disetujui Branch Manager / Operasional,Tidak,1,1,-
FUND-1067,Kantor Pusat,Giro Korporasi,Penarikan / Pencairan,2074.22,1.08,4.25,Bukan Special Rate,Tidak Diperlukan (< Batas LPS),Bukan Early Break,Tidak Ada Indikasi,Aktif Normal,Disetujui Branch Manager / Operasional,Tidak,1,1,-
FUND-1068,Cabang Medan,Deposito Berjangka,Penempatan Baru,17625.77,4.02,4.25,Bukan Special Rate,Tidak Diperlukan (< Batas LPS),Bukan Early Break,Tidak Ada Indikasi,Aktif Normal,Disetujui Branch Manager / Operasional,Tidak,1,1,-
FUND-1069,Cabang Medan,Tabungan Reguler,Penempatan Baru,256.2,1.5,4.25,Bukan Special Rate,Tidak Diperlukan (< Batas LPS),Bukan Early Break,Tidak Ada Indikasi,Aktif Normal,Disetujui Branch Manager / Operasional,Tidak,2,2,-
FUND-1070,Cabang Jakarta,Tabungan Bisnis,Penempatan Baru,804.04,2.17,4.25,Bukan Special Rate,Tidak Diperlukan (< Batas LPS),Bukan Early Break,Tidak Ada Indikasi,Aktif Normal,Disetujui Branch Manager / Operasional,Tidak,2,2,-
FUND-1071,Cabang Jakarta,Tabungan Reguler,Setoran Tambahan,81.33,1.23,4.25,Bukan Special Rate,Tidak Diperlukan (< Batas LPS),Bukan Early Break,Tidak Ada Indikasi,Aktif Normal,Disetujui Branch Manager / Operasional,Tidak,2,2,-
FUND-1072,Cabang Bandung,Giro Korporasi,Penarikan / Pencairan,18931.71,1.55,4.25,Bukan Special Rate,Tidak Diperlukan (< Batas LPS),Bukan Early Break,Tidak Ada Indikasi,Aktif Normal,Override Teller / Tanpa Otorisasi,Ya (Anomali),5,4,Penarikan dana masif sebesar Rp 18931.71 Juta tanpa verifikasi Cash Transaction Report (CTR) dan otorisasi Pejabat
FUND-1073,Kantor Pusat,Deposito Berjangka,Pembaruan Otomatis (ARO),10863.97,3.1,4.25,Bukan Special Rate,Tidak Diperlukan (< Batas LPS),Bukan Early Break,Tidak Ada Indikasi,Aktif Normal,Disetujui Branch Manager / Operasional,Tidak,1,2,-
FUND-1074,Cabang Jakarta,Giro Korporasi,Penempatan Baru,3625.98,1.91,4.25,Bukan Special Rate,Tidak Diperlukan (< Batas LPS),Bukan Early Break,Tidak Ada Indikasi,Aktif Normal,Disetujui Branch Manager / Operasional,Tidak,1,2,-
FUND-1075,Cabang Bandung,Deposito Berjangka,Pencairan Sebelum Jatuh Tempo (Early Break),10352.11,4.16,4.25,Bukan Special Rate,Tidak Diperlukan (< Batas LPS),Bebas Penalti Tanpa Otorisasi,Tidak Ada Indikasi,Aktif Normal,Override Teller / Tanpa Otorisasi,Ya (Anomali),4,4,Pencairan Deposito sebelum jatuh tempo (Early Break) tanpa pengenaan penalti dan tanpa otorisasi Branch Manager
FUND-1076,Cabang Jakarta,Deposito Berjangka,Penempatan Baru,4653.51,3.76,4.25,Bukan Special Rate,Tidak Diperlukan (< Batas LPS),Bukan Early Break,Tidak Ada Indikasi,Aktif Normal,Disetujui Branch Manager / Operasional,Tidak,1,1,-
FUND-1077,Cabang Jakarta,Tabungan Reguler,Penempatan Baru,170.99,1.42,4.25,Bukan Special Rate,Tidak Diperlukan (< Batas LPS),Bukan Early Break,Tidak Ada Indikasi,Aktif Normal,Disetujui Branch Manager / Operasional,Tidak,1,1,-
FUND-1078,Cabang Surabaya,Tabungan Reguler,Penempatan Baru,93.7,1.35,4.25,Bukan Special Rate,Tidak Diperlukan (< Batas LPS),Bukan Early Break,Tidak Ada Indikasi,Aktif Normal,Disetujui Branch Manager / Operasional,Tidak,1,2,-
FUND-1079,Cabang Surabaya,Deposito On Call,Penarikan / Pencairan,6395.56,2.68,4.25,Bukan Special Rate,Tidak Diperlukan (< Batas LPS),Bukan Early Break,Tidak Ada Indikasi,Aktif Normal,Disetujui Branch Manager / Operasional,Tidak,2,1,-
FUND-1080,Cabang Bandung,Deposito Berjangka,Pembaruan Otomatis (ARO),13325.48,4.01,4.25,Bukan Special Rate,Tidak Diperlukan (< Batas LPS),Bukan Early Break,Tidak Ada Indikasi,Aktif Normal,Disetujui Branch Manager / Operasional,Tidak,1,2,-
FUND-1081,Cabang Bandung,Tabungan Reguler,Penarikan / Pencairan,15.11,1.52,4.25,Bukan Special Rate,Tidak Diperlukan (< Batas LPS),Bukan Early Break,Tidak Ada Indikasi,Aktif Normal,Disetujui Branch Manager / Operasional,Tidak,1,1,-
FUND-1082,Kantor Pusat,Deposito Berjangka,Penempatan Baru,14276.09,2.85,4.25,Bukan Special Rate,Tidak Diperlukan (< Batas LPS),Bukan Early Break,Tidak Ada Indikasi,Aktif Normal,Disetujui Branch Manager / Operasional,Tidak,2,1,-
FUND-1083,Cabang Surabaya,Tabungan Bisnis,Penarikan / Pencairan,1840.16,2.03,4.25,Bukan Special Rate,Tidak Diperlukan (< Batas LPS),Bukan Early Break,Tidak Ada Indikasi,Aktif Normal,Disetujui Branch Manager / Operasional,Tidak,1,1,-
FUND-1084,Kantor Pusat,Deposito On Call,Penempatan Baru,6282.93,3.23,4.25,Bukan Special Rate,Tidak Diperlukan (< Batas LPS),Bukan Early Break,Tidak Ada Indikasi,Aktif Normal,Disetujui Branch Manager / Operasional,Tidak,1,1,-
FUND-1085,Kantor Pusat,Giro Korporasi,Penempatan Baru,7608.63,1.73,4.25,Bukan Special Rate,Tidak Diperlukan (< Batas LPS),Bukan Early Break,Tidak Ada Indikasi,Aktif Normal,Disetujui Branch Manager / Operasional,Tidak,1,1,-
FUND-1086,Kantor Pusat,Deposito Berjangka,Pembaruan Otomatis (ARO),16721.3,4.01,4.25,Bukan Special Rate,Tidak Diperlukan (< Batas LPS),Bukan Early Break,Tidak Ada Indikasi,Aktif Normal,Disetujui Branch Manager / Operasional,Tidak,1,1,-
FUND-1087,Kantor Pusat,Tabungan Reguler,Setoran Tambahan,234.08,1.17,4.25,Bukan Special Rate,Tidak Diperlukan (< Batas LPS),Bukan Early Break,Tidak Ada Indikasi,Aktif Normal,Disetujui Branch Manager / Operasional,Tidak,2,2,-
FUND-1088,Kantor Pusat,Giro Korporasi,Penarikan / Pencairan,2331.53,1.53,4.25,Bukan Special Rate,Tidak Diperlukan (< Batas LPS),Bukan Early Break,Tidak Ada Indikasi,Aktif Normal,Disetujui Branch Manager / Operasional,Tidak,1,1,-
FUND-1089,Cabang Jakarta,Deposito Berjangka,Pembaruan Otomatis (ARO),14791.61,3.38,4.25,Bukan Special Rate,Tidak Diperlukan (< Batas LPS),Bukan Early Break,Tidak Ada Indikasi,Aktif Normal,Disetujui Branch Manager / Operasional,Tidak,2,2,-
FUND-1090,Cabang Jakarta,Tabungan Bisnis,Penarikan / Pencairan,6411.32,1.3,4.25,Bukan Special Rate,Tidak Diperlukan (< Batas LPS),Bukan Early Break,Tidak Ada Indikasi,Dormant Diaktifkan Tiba-tiba,Override Teller / Tanpa Otorisasi,Ya (Anomali),5,5,Rekening pasif (Dormant) diaktifkan tiba-tiba diikuti penarikan dana masif tanpa otorisasi Pejabat Cabang
FUND-1091,Kantor Pusat,Tabungan Reguler,Setoran Tambahan,103.41,1.05,4.25,Bukan Special Rate,Tidak Diperlukan (< Batas LPS),Bukan Early Break,Tidak Ada Indikasi,Aktif Normal,Disetujui Branch Manager / Operasional,Tidak,2,1,-
FUND-1092,Cabang Surabaya,Deposito Berjangka,Pencairan Sebelum Jatuh Tempo (Early Break),4537.01,5.28,4.25,Sesuai Ketentuan ALCO,LPS Ditandatangani,Penalti Dikenakan Sesuai Ketentuan,Tidak Ada Indikasi,Aktif Normal,Disetujui Branch Manager / Operasional,Tidak,1,1,-
FUND-1093,Cabang Surabaya,Deposito Berjangka,Pembaruan Otomatis (ARO),9984.82,3.07,4.25,Bukan Special Rate,Tidak Diperlukan (< Batas LPS),Bukan Early Break,Tidak Ada Indikasi,Aktif Normal,Disetujui Branch Manager / Operasional,Tidak,2,1,-
FUND-1094,Cabang Surabaya,Tabungan Reguler,Penempatan Baru,344.59,1.23,4.25,Bukan Special Rate,Tidak Diperlukan (< Batas LPS),Bukan Early Break,Tidak Ada Indikasi,Aktif Normal,Disetujui Branch Manager / Operasional,Tidak,1,1,-
FUND-1095,Cabang Surabaya,Giro Individu,Setoran Tambahan,4120.78,1.57,4.25,Bukan Special Rate,Tidak Diperlukan (< Batas LPS),Bukan Early Break,Tidak Ada Indikasi,Aktif Normal,Disetujui Branch Manager / Operasional,Tidak,1,2,-
FUND-1096,Cabang Jakarta,Giro Korporasi,Penarikan / Pencairan,3209.72,1.59,4.25,Bukan Special Rate,Tidak Diperlukan (< Batas LPS),Bukan Early Break,Tidak Ada Indikasi,Aktif Normal,Disetujui Branch Manager / Operasional,Tidak,2,1,-
FUND-1097,Kantor Pusat,Tabungan Bisnis,Setoran Tambahan,494.02,1.35,4.25,Bukan Special Rate,Tidak Diperlukan (< Batas LPS),Bukan Early Break,Tidak Ada Indikasi,Aktif Normal,Disetujui Branch Manager / Operasional,Tidak,2,1,-
FUND-1098,Cabang Jakarta,Tabungan Bisnis,Penarikan / Pencairan,1256.3,1.54,4.25,Bukan Special Rate,Tidak Diperlukan (< Batas LPS),Bukan Early Break,Tidak Ada Indikasi,Aktif Normal,Disetujui Branch Manager / Operasional,Tidak,1,1,-
FUND-1099,Cabang Jakarta,Deposito On Call,Pencairan Sebelum Jatuh Tempo (Early Break),12919.79,3.38,4.25,Bukan Special Rate,Tidak Diperlukan (< Batas LPS),Penalti Dikenakan Sesuai Ketentuan,Tidak Ada Indikasi,Aktif Normal,Disetujui Branch Manager / Operasional,Tidak,2,1,-
FUND-1100,Kantor Pusat,Deposito Berjangka,Pembaruan Otomatis (ARO),7915.31,2.99,4.25,Bukan Special Rate,Tidak Diperlukan (< Batas LPS),Bukan Early Break,Tidak Ada Indikasi,Aktif Normal,Disetujui Branch Manager / Operasional,Tidak,1,1,-
FUND-1101,Cabang Bandung,Tabungan Bisnis,Penarikan / Pencairan,25416.18,1.75,4.25,Bukan Special Rate,Tidak Diperlukan (< Batas LPS),Bukan Early Break,Tidak Ada Indikasi,Aktif Normal,Override Teller / Tanpa Otorisasi,Ya (Anomali),4,4,Penarikan dana masif sebesar Rp 25416.18 Juta tanpa verifikasi Cash Transaction Report (CTR) dan otorisasi Pejabat
FUND-1102,Cabang Surabaya,Deposito Berjangka,Penempatan Baru,1978.46,4.22,4.25,Bukan Special Rate,Tidak Diperlukan (< Batas LPS),Bukan Early Break,Potensi Structuring Bilyet Deposito,Aktif Normal,Disetujui Branch Manager / Operasional,Ya (Anomali),5,4,Indikasi Structuring bilyet deposito berulang nominal Rp 1978.46 Juta mendekati batas maksimal penjaminan LPS (Rp 2 Miliar)
FUND-1103,Kantor Pusat,Tabungan Reguler,Penempatan Baru,43.14,1.02,4.25,Bukan Special Rate,Tidak Diperlukan (< Batas LPS),Bukan Early Break,Tidak Ada Indikasi,Aktif Normal,Disetujui Branch Manager / Operasional,Tidak,1,1,-
FUND-1104,Cabang Medan,Deposito Berjangka,Pembaruan Otomatis (ARO),16330.39,4.2,4.25,Bukan Special Rate,Tidak Diperlukan (< Batas LPS),Bukan Early Break,Tidak Ada Indikasi,Aktif Normal,Disetujui Branch Manager / Operasional,Tidak,1,2,-
FUND-1105,Cabang Bandung,Deposito On Call,Pembaruan Otomatis (ARO),2045.6,3.32,4.25,Bukan Special Rate,Tidak Diperlukan (< Batas LPS),Bukan Early Break,Tidak Ada Indikasi,Aktif Normal,Disetujui Branch Manager / Operasional,Tidak,2,1,-
FUND-1106,Cabang Surabaya,Deposito Berjangka,Pembaruan Otomatis (ARO),10763.33,3.91,4.25,Bukan Special Rate,Tidak Diperlukan (< Batas LPS),Bukan Early Break,Tidak Ada Indikasi,Aktif Normal,Disetujui Branch Manager / Operasional,Tidak,1,1,-
FUND-1107,Cabang Medan,Giro Individu,Penarikan / Pencairan,5832.17,1.53,4.25,Bukan Special Rate,Tidak Diperlukan (< Batas LPS),Bukan Early Break,Tidak Ada Indikasi,Dormant Diaktifkan Tiba-tiba,Override Teller / Tanpa Otorisasi,Ya (Anomali),5,5,Rekening pasif (Dormant) diaktifkan tiba-tiba diikuti penarikan dana masif tanpa otorisasi Pejabat Cabang
FUND-1108,Kantor Pusat,Deposito Berjangka,Penarikan / Pencairan,6515.42,5.08,4.25,Sesuai Ketentuan ALCO,LPS Ditandatangani,Bukan Early Break,Tidak Ada Indikasi,Aktif Normal,Disetujui Branch Manager / Operasional,Tidak,2,1,-
FUND-1109,Kantor Pusat,Deposito Berjangka,Penarikan / Pencairan,3832.18,3.17,4.25,Bukan Special Rate,Tidak Diperlukan (< Batas LPS),Bukan Early Break,Tidak Ada Indikasi,Aktif Normal,Disetujui Branch Manager / Operasional,Tidak,1,1,-
FUND-1110,Cabang Jakarta,Deposito Berjangka,Penempatan Baru,3164.77,3.27,4.25,Bukan Special Rate,Tidak Diperlukan (< Batas LPS),Bukan Early Break,Tidak Ada Indikasi,Aktif Normal,Disetujui Branch Manager / Operasional,Tidak,2,1,-
FUND-1111,Cabang Medan,Tabungan Bisnis,Penempatan Baru,410.89,1.26,4.25,Bukan Special Rate,Tidak Diperlukan (< Batas LPS),Bukan Early Break,Tidak Ada Indikasi,Aktif Normal,Disetujui Branch Manager / Operasional,Tidak,1,1,-
FUND-1112,Cabang Surabaya,Tabungan Bisnis,Penarikan / Pencairan,2291.97,2.05,4.25,Bukan Special Rate,Tidak Diperlukan (< Batas LPS),Bukan Early Break,Tidak Ada Indikasi,Aktif Normal,Disetujui Branch Manager / Operasional,Tidak,1,1,-
FUND-1113,Cabang Jakarta,Deposito Berjangka,Pembaruan Otomatis (ARO),4870.18,3.74,4.25,Bukan Special Rate,Tidak Diperlukan (< Batas LPS),Bukan Early Break,Tidak Ada Indikasi,Aktif Normal,Disetujui Branch Manager / Operasional,Tidak,2,1,-
FUND-1114,Kantor Pusat,Deposito Berjangka,Penarikan / Pencairan,1877.38,3.08,4.25,Bukan Special Rate,Tidak Diperlukan (< Batas LPS),Bukan Early Break,Tidak Ada Indikasi,Aktif Normal,Disetujui Branch Manager / Operasional,Tidak,1,1,-
FUND-1115,Kantor Pusat,Giro Individu,Penempatan Baru,6533.66,1.35,4.25,Bukan Special Rate,Tidak Diperlukan (< Batas LPS),Bukan Early Break,Tidak Ada Indikasi,Aktif Normal,Disetujui Branch Manager / Operasional,Tidak,1,1,-
FUND-1116,Cabang Medan,Deposito Berjangka,Penempatan Baru,1978.16,4.06,4.25,Bukan Special Rate,Tidak Diperlukan (< Batas LPS),Bukan Early Break,Potensi Structuring Bilyet Deposito,Aktif Normal,Disetujui Branch Manager / Operasional,Ya (Anomali),5,4,Indikasi Structuring bilyet deposito berulang nominal Rp 1978.16 Juta mendekati batas maksimal penjaminan LPS (Rp 2 Miliar)
FUND-1117,Cabang Bali,Tabungan Reguler,Penempatan Baru,181.78,1.19,4.25,Bukan Special Rate,Tidak Diperlukan (< Batas LPS),Bukan Early Break,Tidak Ada Indikasi,Aktif Normal,Disetujui Branch Manager / Operasional,Tidak,1,1,-
FUND-1118,Kantor Pusat,Deposito Berjangka,Pembaruan Otomatis (ARO),5369.62,3.98,4.25,Bukan Special Rate,Tidak Diperlukan (< Batas LPS),Bukan Early Break,Tidak Ada Indikasi,Aktif Normal,Disetujui Branch Manager / Operasional,Tidak,2,1,-
FUND-1119,Kantor Pusat,Giro Individu,Penempatan Baru,7762.04,1.05,4.25,Bukan Special Rate,Tidak Diperlukan (< Batas LPS),Bukan Early Break,Tidak Ada Indikasi,Aktif Normal,Disetujui Branch Manager / Operasional,Tidak,2,1,-
FUND-1120,Cabang Surabaya,Deposito On Call,Pembaruan Otomatis (ARO),13659.71,2.81,4.25,Bukan Special Rate,Tidak Diperlukan (< Batas LPS),Bukan Early Break,Tidak Ada Indikasi,Aktif Normal,Disetujui Branch Manager / Operasional,Tidak,1,2,-
FUND-1121,Cabang Medan,Giro Korporasi,Penempatan Baru,5912.18,8.79,4.25,Tanpa Persetujuan ALCO,LPS Ditandatangani,Bukan Early Break,Tidak Ada Indikasi,Aktif Normal,Override Teller / Tanpa Otorisasi,Ya (Anomali),5,5,Pemberian suku bunga pendanaan ekstrem (8.79%) di luar kewajaran pasar tanpa persetujuan ALCO (potensi conflict of interest)
FUND-1122,Kantor Pusat,Tabungan Reguler,Penarikan / Pencairan,173.92,1.56,4.25,Bukan Special Rate,Tidak Diperlukan (< Batas LPS),Bukan Early Break,Tidak Ada Indikasi,Aktif Normal,Disetujui Branch Manager / Operasional,Tidak,1,1,-
FUND-1123,Kantor Pusat,Giro Individu,Penarikan / Pencairan,2010.96,1.63,4.25,Bukan Special Rate,Tidak Diperlukan (< Batas LPS),Bukan Early Break,Tidak Ada Indikasi,Aktif Normal,Disetujui Branch Manager / Operasional,Tidak,1,1,-
FUND-1124,Kantor Pusat,Tabungan Bisnis,Setoran Tambahan,490.22,1.61,4.25,Bukan Special Rate,Tidak Diperlukan (< Batas LPS),Bukan Early Break,Tidak Ada Indikasi,Aktif Normal,Disetujui Branch Manager / Operasional,Tidak,2,1,-
FUND-1125,Cabang Jakarta,Giro Individu,Penarikan / Pencairan,2562.06,1.66,4.25,Bukan Special Rate,Tidak Diperlukan (< Batas LPS),Bukan Early Break,Tidak Ada Indikasi,Aktif Normal,Disetujui Branch Manager / Operasional,Tidak,1,2,-
FUND-1126,Kantor Pusat,Deposito Berjangka,Penempatan Baru,11573.39,3.57,4.25,Bukan Special Rate,Tidak Diperlukan (< Batas LPS),Bukan Early Break,Tidak Ada Indikasi,Aktif Normal,Disetujui Branch Manager / Operasional,Tidak,1,1,-
FUND-1127,Cabang Bali,Tabungan Reguler,Setoran Tambahan,51.83,1.97,4.25,Bukan Special Rate,Tidak Diperlukan (< Batas LPS),Bukan Early Break,Tidak Ada Indikasi,Aktif Normal,Disetujui Branch Manager / Operasional,Tidak,2,1,-
FUND-1128,Cabang Medan,Giro Korporasi,Penempatan Baru,27864.81,9.19,4.25,Tanpa Persetujuan ALCO,LPS Ditandatangani,Bukan Early Break,Tidak Ada Indikasi,Aktif Normal,Override Teller / Tanpa Otorisasi,Ya (Anomali),5,5,Pemberian suku bunga pendanaan ekstrem (9.19%) di luar kewajaran pasar tanpa persetujuan ALCO (potensi conflict of interest)
FUND-1129,Kantor Pusat,Giro Individu,Setoran Tambahan,2219.47,1.74,4.25,Bukan Special Rate,Tidak Diperlukan (< Batas LPS),Bukan Early Break,Tidak Ada Indikasi,Aktif Normal,Disetujui Branch Manager / Operasional,Tidak,2,2,-
FUND-1130,Kantor Pusat,Tabungan Reguler,Penarikan / Pencairan,173.67,1.25,4.25,Bukan Special Rate,Tidak Diperlukan (< Batas LPS),Bukan Early Break,Tidak Ada Indikasi,Aktif Normal,Disetujui Branch Manager / Operasional,Tidak,2,2,-
FUND-1131,Cabang Jakarta,Giro Korporasi,Penempatan Baru,1622.14,1.16,4.25,Bukan Special Rate,Tidak Diperlukan (< Batas LPS),Bukan Early Break,Tidak Ada Indikasi,Aktif Normal,Disetujui Branch Manager / Operasional,Tidak,1,2,-
FUND-1132,Cabang Jakarta,Giro Korporasi,Penempatan Baru,1472.72,1.89,4.25,Bukan Special Rate,Tidak Diperlukan (< Batas LPS),Bukan Early Break,Tidak Ada Indikasi,Aktif Normal,Disetujui Branch Manager / Operasional,Tidak,2,1,-
FUND-1133,Cabang Jakarta,Deposito Berjangka,Penempatan Baru,11964.03,3.18,4.25,Bukan Special Rate,Tidak Diperlukan (< Batas LPS),Bukan Early Break,Tidak Ada Indikasi,Aktif Normal,Disetujui Branch Manager / Operasional,Tidak,1,1,-
FUND-1134,Kantor Pusat,Tabungan Bisnis,Penarikan / Pencairan,1965.8,2.38,4.25,Bukan Special Rate,Tidak Diperlukan (< Batas LPS),Bukan Early Break,Tidak Ada Indikasi,Aktif Normal,Disetujui Branch Manager / Operasional,Tidak,2,1,-
FUND-1135,Cabang Bali,Giro Korporasi,Setoran Tambahan,1687.2,2.01,4.25,Bukan Special Rate,Tidak Diperlukan (< Batas LPS),Bukan Early Break,Tidak Ada Indikasi,Aktif Normal,Disetujui Branch Manager / Operasional,Tidak,2,1,-
FUND-1136,Cabang Surabaya,Tabungan Bisnis,Penempatan Baru,1054.27,2.51,4.25,Bukan Special Rate,Tidak Diperlukan (< Batas LPS),Bukan Early Break,Tidak Ada Indikasi,Aktif Normal,Disetujui Branch Manager / Operasional,Tidak,1,1,-
FUND-1137,Cabang Jakarta,Giro Korporasi,Penempatan Baru,847.0,1.95,4.25,Bukan Special Rate,Tidak Diperlukan (< Batas LPS),Bukan Early Break,Tidak Ada Indikasi,Aktif Normal,Disetujui Branch Manager / Operasional,Tidak,1,1,-
FUND-1138,Cabang Bali,Tabungan Reguler,Setoran Tambahan,274.92,1.46,4.25,Bukan Special Rate,Tidak Diperlukan (< Batas LPS),Bukan Early Break,Tidak Ada Indikasi,Aktif Normal,Disetujui Branch Manager / Operasional,Tidak,2,2,-
FUND-1139,Cabang Bandung,Deposito Berjangka,Pembaruan Otomatis (ARO),9765.74,3.26,4.25,Bukan Special Rate,Tidak Diperlukan (< Batas LPS),Bukan Early Break,Tidak Ada Indikasi,Aktif Normal,Disetujui Branch Manager / Operasional,Tidak,1,2,-
FUND-1140,Cabang Medan,Giro Individu,Penempatan Baru,1375.44,2.2,4.25,Bukan Special Rate,Tidak Diperlukan (< Batas LPS),Bukan Early Break,Tidak Ada Indikasi,Aktif Normal,Disetujui Branch Manager / Operasional,Tidak,1,1,-
FUND-1141,Cabang Jakarta,Giro Korporasi,Setoran Tambahan,7880.38,1.94,4.25,Bukan Special Rate,Tidak Diperlukan (< Batas LPS),Bukan Early Break,Tidak Ada Indikasi,Aktif Normal,Disetujui Branch Manager / Operasional,Tidak,1,1,-
FUND-1142,Kantor Pusat,Tabungan Reguler,Setoran Tambahan,145.21,1.85,4.25,Bukan Special Rate,Tidak Diperlukan (< Batas LPS),Bukan Early Break,Tidak Ada Indikasi,Aktif Normal,Disetujui Branch Manager / Operasional,Tidak,1,2,-
FUND-1143,Kantor Pusat,Tabungan Bisnis,Penarikan / Pencairan,2102.03,1.27,4.25,Bukan Special Rate,Tidak Diperlukan (< Batas LPS),Bukan Early Break,Tidak Ada Indikasi,Dormant Diaktifkan Tiba-tiba,Override Teller / Tanpa Otorisasi,Ya (Anomali),5,5,Rekening pasif (Dormant) diaktifkan tiba-tiba diikuti penarikan dana masif tanpa otorisasi Pejabat Cabang
FUND-1144,Cabang Jakarta,Deposito Berjangka,Penempatan Baru,3961.15,3.7,4.25,Bukan Special Rate,Tidak Diperlukan (< Batas LPS),Bukan Early Break,Tidak Ada Indikasi,Aktif Normal,Disetujui Branch Manager / Operasional,Tidak,1,1,-
FUND-1145,Cabang Jakarta,Deposito On Call,Penempatan Baru,12630.99,3.31,4.25,Bukan Special Rate,Tidak Diperlukan (< Batas LPS),Bukan Early Break,Tidak Ada Indikasi,Aktif Normal,Disetujui Branch Manager / Operasional,Tidak,1,1,-
FUND-1146,Cabang Jakarta,Tabungan Reguler,Setoran Tambahan,32.03,0.84,4.25,Bukan Special Rate,Tidak Diperlukan (< Batas LPS),Bukan Early Break,Tidak Ada Indikasi,Aktif Normal,Disetujui Branch Manager / Operasional,Tidak,2,1,-
FUND-1147,Cabang Surabaya,Deposito Berjangka,Penempatan Baru,1995.36,3.99,4.25,Bukan Special Rate,Tidak Diperlukan (< Batas LPS),Bukan Early Break,Potensi Structuring Bilyet Deposito,Aktif Normal,Disetujui Branch Manager / Operasional,Ya (Anomali),4,4,Indikasi Structuring bilyet deposito berulang nominal Rp 1995.36 Juta mendekati batas maksimal penjaminan LPS (Rp 2 Miliar)
FUND-1148,Cabang Bandung,Tabungan Reguler,Penarikan / Pencairan,136.03,1.83,4.25,Bukan Special Rate,Tidak Diperlukan (< Batas LPS),Bukan Early Break,Tidak Ada Indikasi,Aktif Normal,Disetujui Branch Manager / Operasional,Tidak,1,1,-
FUND-1149,Cabang Bali,Giro Korporasi,Penempatan Baru,3142.27,2.06,4.25,Bukan Special Rate,Tidak Diperlukan (< Batas LPS),Bukan Early Break,Tidak Ada Indikasi,Aktif Normal,Disetujui Branch Manager / Operasional,Tidak,1,1,-
FUND-1150,Kantor Pusat,Tabungan Reguler,Penempatan Baru,250.72,0.97,4.25,Bukan Special Rate,Tidak Diperlukan (< Batas LPS),Bukan Early Break,Tidak Ada Indikasi,Aktif Normal,Disetujui Branch Manager / Operasional,Tidak,1,1,-
FUND-1151,Cabang Jakarta,Deposito Berjangka,Pencairan Sebelum Jatuh Tempo (Early Break),234.61,3.81,4.25,Bukan Special Rate,Tidak Diperlukan (< Batas LPS),Penalti Dikenakan Sesuai Ketentuan,Tidak Ada Indikasi,Aktif Normal,Disetujui Branch Manager / Operasional,Tidak,1,2,-
FUND-1152,Cabang Medan,Tabungan Reguler,Penarikan / Pencairan,3979.52,1.38,4.25,Bukan Special Rate,Tidak Diperlukan (< Batas LPS),Bukan Early Break,Tidak Ada Indikasi,Dormant Diaktifkan Tiba-tiba,Override Teller / Tanpa Otorisasi,Ya (Anomali),5,5,Rekening pasif (Dormant) diaktifkan tiba-tiba diikuti penarikan dana masif tanpa otorisasi Pejabat Cabang
FUND-1153,Kantor Pusat,Deposito Berjangka,Penempatan Baru,5167.46,4.1,4.25,Bukan Special Rate,Tidak Diperlukan (< Batas LPS),Bukan Early Break,Tidak Ada Indikasi,Aktif Normal,Disetujui Branch Manager / Operasional,Tidak,1,1,-
FUND-1154,Kantor Pusat,Deposito On Call,Pembaruan Otomatis (ARO),8621.68,2.98,4.25,Bukan Special Rate,Tidak Diperlukan (< Batas LPS),Bukan Early Break,Tidak Ada Indikasi,Aktif Normal,Disetujui Branch Manager / Operasional,Tidak,1,1,-
FUND-1155,Cabang Surabaya,Tabungan Bisnis,Setoran Tambahan,1990.87,2.26,4.25,Bukan Special Rate,Tidak Diperlukan (< Batas LPS),Bukan Early Break,Tidak Ada Indikasi,Aktif Normal,Disetujui Branch Manager / Operasional,Tidak,1,2,-
FUND-1156,Cabang Bali,Deposito Berjangka,Penempatan Baru,13673.63,4.12,4.25,Bukan Special Rate,Tidak Diperlukan (< Batas LPS),Bukan Early Break,Tidak Ada Indikasi,Aktif Normal,Disetujui Branch Manager / Operasional,Tidak,1,1,-
FUND-1157,Cabang Bali,Tabungan Reguler,Penempatan Baru,194.05,1.32,4.25,Bukan Special Rate,Tidak Diperlukan (< Batas LPS),Bukan Early Break,Tidak Ada Indikasi,Aktif Normal,Disetujui Branch Manager / Operasional,Tidak,2,1,-
FUND-1158,Cabang Bandung,Tabungan Reguler,Penarikan / Pencairan,152.5,0.78,4.25,Bukan Special Rate,Tidak Diperlukan (< Batas LPS),Bukan Early Break,Tidak Ada Indikasi,Aktif Normal,Disetujui Branch Manager / Operasional,Tidak,1,1,-
FUND-1159,Cabang Surabaya,Deposito Berjangka,Penempatan Baru,3982.29,4.5,4.25,Sesuai Ketentuan ALCO,LPS Ditandatangani,Bukan Early Break,Tidak Ada Indikasi,Aktif Normal,Disetujui Branch Manager / Operasional,Tidak,1,2,-
FUND-1160,Kantor Pusat,Deposito Berjangka,Penempatan Baru,3375.72,3.72,4.25,Bukan Special Rate,Tidak Diperlukan (< Batas LPS),Bukan Early Break,Tidak Ada Indikasi,Aktif Normal,Disetujui Branch Manager / Operasional,Tidak,1,2,-
FUND-1161,Cabang Surabaya,Deposito Berjangka,Penempatan Baru,15272.36,2.89,4.25,Bukan Special Rate,Tidak Diperlukan (< Batas LPS),Bukan Early Break,Tidak Ada Indikasi,Aktif Normal,Disetujui Branch Manager / Operasional,Tidak,1,1,-
FUND-1162,Cabang Bandung,Tabungan Bisnis,Penempatan Baru,251.83,2.27,4.25,Bukan Special Rate,Tidak Diperlukan (< Batas LPS),Bukan Early Break,Tidak Ada Indikasi,Aktif Normal,Disetujui Branch Manager / Operasional,Tidak,1,1,-
FUND-1163,Cabang Surabaya,Tabungan Reguler,Penempatan Baru,26.7,0.98,4.25,Bukan Special Rate,Tidak Diperlukan (< Batas LPS),Bukan Early Break,Tidak Ada Indikasi,Aktif Normal,Disetujui Branch Manager / Operasional,Tidak,1,1,-
FUND-1164,Cabang Surabaya,Tabungan Reguler,Penempatan Baru,101.13,1.89,4.25,Bukan Special Rate,Tidak Diperlukan (< Batas LPS),Bukan Early Break,Tidak Ada Indikasi,Aktif Normal,Disetujui Branch Manager / Operasional,Tidak,1,1,-
FUND-1165,Cabang Bali,Giro Korporasi,Penarikan / Pencairan,1425.74,1.15,4.25,Bukan Special Rate,Tidak Diperlukan (< Batas LPS),Bukan Early Break,Tidak Ada Indikasi,Aktif Normal,Disetujui Branch Manager / Operasional,Tidak,1,1,-
FUND-1166,Cabang Bandung,Giro Korporasi,Penempatan Baru,17708.19,8.9,4.25,Tanpa Persetujuan ALCO,LPS Ditandatangani,Bukan Early Break,Tidak Ada Indikasi,Aktif Normal,Override Teller / Tanpa Otorisasi,Ya (Anomali),5,4,Pemberian suku bunga pendanaan ekstrem (8.9%) di luar kewajaran pasar tanpa persetujuan ALCO (potensi conflict of interest)
FUND-1167,Cabang Bandung,Deposito Berjangka,Pembaruan Otomatis (ARO),429.64,3.91,4.25,Bukan Special Rate,Tidak Diperlukan (< Batas LPS),Bukan Early Break,Tidak Ada Indikasi,Aktif Normal,Disetujui Branch Manager / Operasional,Tidak,1,1,-
FUND-1168,Kantor Pusat,Giro Korporasi,Penarikan / Pencairan,4554.96,1.63,4.25,Bukan Special Rate,Tidak Diperlukan (< Batas LPS),Bukan Early Break,Tidak Ada Indikasi,Aktif Normal,Disetujui Branch Manager / Operasional,Tidak,1,1,-
FUND-1169,Cabang Surabaya,Deposito Berjangka,Penempatan Baru,1982.54,4.04,4.25,Bukan Special Rate,Tidak Diperlukan (< Batas LPS),Bukan Early Break,Potensi Structuring Bilyet Deposito,Aktif Normal,Disetujui Branch Manager / Operasional,Ya (Anomali),4,4,Indikasi Structuring bilyet deposito berulang nominal Rp 1982.54 Juta mendekati batas maksimal penjaminan LPS (Rp 2 Miliar)
FUND-1170,Cabang Medan,Tabungan Bisnis,Penarikan / Pencairan,2385.14,2.33,4.25,Bukan Special Rate,Tidak Diperlukan (< Batas LPS),Bukan Early Break,Tidak Ada Indikasi,Aktif Normal,Disetujui Branch Manager / Operasional,Tidak,2,1,-
FUND-1171,Cabang Medan,Tabungan Bisnis,Penarikan / Pencairan,973.19,2.05,4.25,Bukan Special Rate,Tidak Diperlukan (< Batas LPS),Bukan Early Break,Tidak Ada Indikasi,Aktif Normal,Disetujui Branch Manager / Operasional,Tidak,1,1,-
FUND-1172,Cabang Surabaya,Deposito Berjangka,Penempatan Baru,17450.95,3.74,4.25,Bukan Special Rate,Tidak Diperlukan (< Batas LPS),Bukan Early Break,Tidak Ada Indikasi,Aktif Normal,Disetujui Branch Manager / Operasional,Tidak,1,2,-
FUND-1173,Cabang Bali,Deposito Berjangka,Pembaruan Otomatis (ARO),12099.91,3.48,4.25,Bukan Special Rate,Tidak Diperlukan (< Batas LPS),Bukan Early Break,Tidak Ada Indikasi,Aktif Normal,Disetujui Branch Manager / Operasional,Tidak,2,2,-
FUND-1174,Cabang Jakarta,Deposito On Call,Penarikan / Pencairan,1315.25,3.11,4.25,Bukan Special Rate,Tidak Diperlukan (< Batas LPS),Bukan Early Break,Tidak Ada Indikasi,Aktif Normal,Disetujui Branch Manager / Operasional,Tidak,2,1,-
FUND-1175,Cabang Bali,Deposito Berjangka,Penempatan Baru,16718.92,4.48,4.25,Sesuai Ketentuan ALCO,LPS Ditandatangani,Bukan Early Break,Tidak Ada Indikasi,Aktif Normal,Disetujui Branch Manager / Operasional,Tidak,1,1,-
FUND-1176,Cabang Bali,Giro Korporasi,Penempatan Baru,6606.71,9.2,4.25,Tanpa Persetujuan ALCO,LPS Ditandatangani,Bukan Early Break,Tidak Ada Indikasi,Aktif Normal,Override Teller / Tanpa Otorisasi,Ya (Anomali),5,4,Pemberian suku bunga pendanaan ekstrem (9.2%) di luar kewajaran pasar tanpa persetujuan ALCO (potensi conflict of interest)
FUND-1177,Cabang Bandung,Tabungan Reguler,Penempatan Baru,58.89,1.54,4.25,Bukan Special Rate,Tidak Diperlukan (< Batas LPS),Bukan Early Break,Tidak Ada Indikasi,Aktif Normal,Disetujui Branch Manager / Operasional,Tidak,1,1,-
FUND-1178,Kantor Pusat,Deposito On Call,Pembaruan Otomatis (ARO),5575.1,3.66,4.25,Bukan Special Rate,Tidak Diperlukan (< Batas LPS),Bukan Early Break,Tidak Ada Indikasi,Aktif Normal,Disetujui Branch Manager / Operasional,Tidak,1,1,-
FUND-1179,Cabang Jakarta,Deposito Berjangka,Pembaruan Otomatis (ARO),226.4,3.24,4.25,Bukan Special Rate,Tidak Diperlukan (< Batas LPS),Bukan Early Break,Tidak Ada Indikasi,Aktif Normal,Disetujui Branch Manager / Operasional,Tidak,1,2,-
FUND-1180,Kantor Pusat,Deposito On Call,Penarikan / Pencairan,3756.93,2.97,4.25,Bukan Special Rate,Tidak Diperlukan (< Batas LPS),Bukan Early Break,Tidak Ada Indikasi,Aktif Normal,Disetujui Branch Manager / Operasional,Tidak,1,1,-
FUND-1181,Cabang Jakarta,Giro Individu,Penempatan Baru,5409.87,1.95,4.25,Bukan Special Rate,Tidak Diperlukan (< Batas LPS),Bukan Early Break,Tidak Ada Indikasi,Aktif Normal,Disetujui Branch Manager / Operasional,Tidak,1,1,-
FUND-1182,Kantor Pusat,Tabungan Reguler,Setoran Tambahan,179.94,0.98,4.25,Bukan Special Rate,Tidak Diperlukan (< Batas LPS),Bukan Early Break,Tidak Ada Indikasi,Aktif Normal,Disetujui Branch Manager / Operasional,Tidak,1,1,-
FUND-1183,Kantor Pusat,Deposito Berjangka,Penarikan / Pencairan,2549.45,3.37,4.25,Bukan Special Rate,Tidak Diperlukan (< Batas LPS),Bukan Early Break,Tidak Ada Indikasi,Aktif Normal,Disetujui Branch Manager / Operasional,Tidak,1,2,-
FUND-1184,Cabang Jakarta,Deposito Berjangka,Penempatan Baru,17046.91,3.11,4.25,Bukan Special Rate,Tidak Diperlukan (< Batas LPS),Bukan Early Break,Tidak Ada Indikasi,Aktif Normal,Disetujui Branch Manager / Operasional,Tidak,1,2,-
FUND-1185,Cabang Jakarta,Tabungan Bisnis,Penempatan Baru,1619.51,2.25,4.25,Bukan Special Rate,Tidak Diperlukan (< Batas LPS),Bukan Early Break,Tidak Ada Indikasi,Aktif Normal,Disetujui Branch Manager / Operasional,Tidak,1,1,-
FUND-1186,Cabang Bali,Deposito On Call,Pencairan Sebelum Jatuh Tempo (Early Break),8229.3,3.29,4.25,Bukan Special Rate,Tidak Diperlukan (< Batas LPS),Penalti Dikenakan Sesuai Ketentuan,Tidak Ada Indikasi,Aktif Normal,Disetujui Branch Manager / Operasional,Tidak,1,1,-
FUND-1187,Cabang Jakarta,Giro Korporasi,Setoran Tambahan,4630.88,2.2,4.25,Bukan Special Rate,Tidak Diperlukan (< Batas LPS),Bukan Early Break,Tidak Ada Indikasi,Aktif Normal,Disetujui Branch Manager / Operasional,Tidak,1,1,-
FUND-1188,Cabang Surabaya,Deposito Berjangka,Penempatan Baru,3357.26,5.17,4.25,Sesuai Ketentuan ALCO,LPS Ditandatangani,Bukan Early Break,Tidak Ada Indikasi,Aktif Normal,Disetujui Branch Manager / Operasional,Tidak,2,1,-
FUND-1189,Cabang Medan,Tabungan Reguler,Penarikan / Pencairan,234.44,0.97,4.25,Bukan Special Rate,Tidak Diperlukan (< Batas LPS),Bukan Early Break,Tidak Ada Indikasi,Aktif Normal,Disetujui Branch Manager / Operasional,Tidak,2,1,-
FUND-1190,Kantor Pusat,Deposito Berjangka,Pembaruan Otomatis (ARO),14905.6,4.08,4.25,Bukan Special Rate,Tidak Diperlukan (< Batas LPS),Bukan Early Break,Tidak Ada Indikasi,Aktif Normal,Disetujui Branch Manager / Operasional,Tidak,1,1,-
FUND-1191,Cabang Medan,Tabungan Bisnis,Penarikan / Pencairan,986.96,1.42,4.25,Bukan Special Rate,Tidak Diperlukan (< Batas LPS),Bukan Early Break,Tidak Ada Indikasi,Dormant Diaktifkan Tiba-tiba,Override Teller / Tanpa Otorisasi,Ya (Anomali),5,5,Rekening pasif (Dormant) diaktifkan tiba-tiba diikuti penarikan dana masif tanpa otorisasi Pejabat Cabang
FUND-1192,Cabang Jakarta,Deposito On Call,Penempatan Baru,5170.15,2.76,4.25,Bukan Special Rate,Tidak Diperlukan (< Batas LPS),Bukan Early Break,Tidak Ada Indikasi,Aktif Normal,Disetujui Branch Manager / Operasional,Tidak,1,1,-
FUND-1193,Cabang Bandung,Tabungan Reguler,Penarikan / Pencairan,80.17,1.99,4.25,Bukan Special Rate,Tidak Diperlukan (< Batas LPS),Bukan Early Break,Tidak Ada Indikasi,Aktif Normal,Disetujui Branch Manager / Operasional,Tidak,1,1,-
FUND-1194,Kantor Pusat,Deposito Berjangka,Pencairan Sebelum Jatuh Tempo (Early Break),5913.17,3.96,4.25,Bukan Special Rate,Tidak Diperlukan (< Batas LPS),Penalti Dikenakan Sesuai Ketentuan,Tidak Ada Indikasi,Aktif Normal,Disetujui Branch Manager / Operasional,Tidak,2,2,-
FUND-1195,Kantor Pusat,Tabungan Bisnis,Penempatan Baru,1649.23,1.61,4.25,Bukan Special Rate,Tidak Diperlukan (< Batas LPS),Bukan Early Break,Tidak Ada Indikasi,Aktif Normal,Disetujui Branch Manager / Operasional,Tidak,1,1,-
FUND-1196,Cabang Bandung,Tabungan Reguler,Penarikan / Pencairan,117.33,1.98,4.25,Bukan Special Rate,Tidak Diperlukan (< Batas LPS),Bukan Early Break,Tidak Ada Indikasi,Aktif Normal,Disetujui Branch Manager / Operasional,Tidak,1,1,-
FUND-1197,Cabang Jakarta,Giro Korporasi,Penarikan / Pencairan,25502.47,1.84,4.25,Bukan Special Rate,Tidak Diperlukan (< Batas LPS),Bukan Early Break,Tidak Ada Indikasi,Aktif Normal,Override Teller / Tanpa Otorisasi,Ya (Anomali),5,4,Penarikan dana masif sebesar Rp 25502.47 Juta tanpa verifikasi Cash Transaction Report (CTR) dan otorisasi Pejabat
FUND-1198,Kantor Pusat,Giro Korporasi,Penempatan Baru,9648.47,9.13,4.25,Tanpa Persetujuan ALCO,LPS Ditandatangani,Bukan Early Break,Tidak Ada Indikasi,Aktif Normal,Override Teller / Tanpa Otorisasi,Ya (Anomali),5,5,Pemberian suku bunga pendanaan ekstrem (9.13%) di luar kewajaran pasar tanpa persetujuan ALCO (potensi conflict of interest)
FUND-1199,Cabang Medan,Deposito On Call,Penempatan Baru,11006.09,2.89,4.25,Bukan Special Rate,Tidak Diperlukan (< Batas LPS),Bukan Early Break,Tidak Ada Indikasi,Aktif Normal,Disetujui Branch Manager / Operasional,Tidak,2,1,-
FUND-1200,Cabang Jakarta,Deposito Berjangka,Penempatan Baru,12168.53,8.5,4.25,Tanpa Persetujuan ALCO,Tanpa Surat Pelepasan (Pelanggaran),Bukan Early Break,Tidak Ada Indikasi,Aktif Normal,Override Teller / Tanpa Otorisasi,Ya (Anomali),5,5,Bunga Deposito (8.5%) melampaui batas LPS (4.25%) tanpa Surat Pelepasan LPS & tanpa persetujuan ALCO
