ID Log,Entitas,Peran User,Sistem,Jam Akses (0-23),Hari Akses (1-7),Jumlah Gagal Login,Tipe Akses,Status MFA,Lokasi Akses,Volume Ekspor Data (MB),Status Tiket CR,TARGET: is_anomaly,TARGET: Impact (1-5),TARGET: Likelihood (1-5),Alasan Anomali
IT-0001,Finance Dept,Ex-Employee,Core Banking,8,5,0,Read,Bypassed,Corporate VPN,183.6,Tanpa Tiket CR,Ya (Anomali),5,5,Akses Tidak Sah Menggunakan Akun Mantan Pegawai (Ex-Employee)
IT-0002,Head Office,Database Administrator,Database Server,12,5,0,Write,Valid,Internal Secure LAN,20.5,Ada Tiket CR,Tidak,2,1,-
IT-0003,IT Dept,IT Support,Core Banking,11,2,0,Read,Valid,Internal Secure LAN,3.3,Tanpa Tiket CR,Tidak,1,1,-
IT-0004,IT Dept,IT Support,Email Server,17,4,0,Read,Valid,Internal Secure LAN,9.2,Tanpa Tiket CR,Tidak,1,1,-
IT-0005,IT Dept,IT Support,Email Server,18,4,0,Write,Valid,Internal Secure LAN,2.1,Tanpa Tiket CR,Tidak,1,1,-
IT-0006,IT Dept,IT Support,Core Banking,17,1,0,Read,Valid,Internal Secure LAN,8.9,Tanpa Tiket CR,Tidak,2,1,-
IT-0007,Head Office,System Admin,Payment Gateway / SWIFT,8,4,0,Write,Valid,Internal Secure LAN,13.9,Tanpa Tiket CR,Tidak,1,2,-
IT-0008,Head Office,Database Administrator,Database Server,10,4,0,Admin,Valid,Internal Secure LAN,9.5,Ada Tiket CR,Tidak,1,2,-
IT-0009,Jakarta Branch,Core Banking Operator,Core Banking,14,2,0,Write,Valid,Corporate VPN,7.8,Ada Tiket CR,Tidak,1,2,-
IT-0010,Jakarta Branch,Senior Auditor,Database Server,8,5,1,Read,Valid,Internal Secure LAN,2.5,Tanpa Tiket CR,Tidak,2,1,-
IT-0011,Head Office,Database Administrator,Database Server,13,5,0,Read,Valid,Internal Secure LAN,1.6,Tanpa Tiket CR,Tidak,2,2,-
IT-0012,IT Dept,IT Support,Email Server,18,3,0,Write,Valid,Internal Secure LAN,17.6,Tanpa Tiket CR,Tidak,1,1,-
IT-0013,Jakarta Branch,Core Banking Operator,Core Banking,9,3,0,Read,Valid,Internal Secure LAN,6.6,Tanpa Tiket CR,Tidak,1,2,-
IT-0014,Surabaya Branch,Senior Auditor,Payment Gateway / SWIFT,12,1,0,Read,Valid,Internal Secure LAN,1.2,Tanpa Tiket CR,Tidak,2,1,-
IT-0015,Head Office,Core Banking Operator,Core Banking,13,7,0,Read,Valid,Internal Secure LAN,10.0,Tanpa Tiket CR,Tidak,2,1,-
IT-0016,Surabaya Branch,Core Banking Operator,Core Banking,15,1,0,Read,Valid,Internal Secure LAN,31.5,Tanpa Tiket CR,Tidak,1,1,-
IT-0017,IT Dept,IT Support,Email Server,10,2,0,Read,Valid,Internal Secure LAN,13.3,Tanpa Tiket CR,Tidak,2,2,-
IT-0018,IT Dept,Database Administrator,Database Server,17,3,0,Write,Valid,Internal Secure LAN,5.0,Ada Tiket CR,Tidak,1,1,-
IT-0019,IT Dept,IT Support,Core Banking,9,5,0,Write,Valid,Internal Secure LAN,20.7,Ada Tiket CR,Tidak,2,1,-
IT-0020,Surabaya Branch,Core Banking Operator,Email Server,11,1,0,Read,Valid,Internal Secure LAN,6.8,Tanpa Tiket CR,Tidak,1,1,-
IT-0021,Operations Dept,Staff Finance,Core Banking,16,4,0,Read,Valid,Internal Secure LAN,17.7,Tanpa Tiket CR,Tidak,2,2,-
IT-0022,IT Dept,Database Administrator,Database Server,9,2,0,Read,Valid,Internal Secure LAN,22.6,Tanpa Tiket CR,Tidak,1,1,-
IT-0023,Head Office,Staff Finance,Email Server,16,3,5,Write,Failed,Corporate VPN,0.8,Tanpa Tiket CR,Ya (Anomali),5,5,Indikasi Serangan Brute Force (Gagal Login 5x)
IT-0024,Bandung Branch,Staff Finance,Core Banking,10,5,0,Write,Valid,Internal Secure LAN,2.2,Ada Tiket CR,Tidak,1,1,-
IT-0025,Head Office,Senior Auditor,Email Server,14,4,0,Read,Valid,Corporate VPN,4.0,Tanpa Tiket CR,Tidak,2,1,-
IT-0026,Bandung Branch,Staff Finance,Database Server,14,3,19,Write,Bypassed,Corporate VPN,0.7,Tanpa Tiket CR,Ya (Anomali),5,5,Indikasi Serangan Brute Force (Gagal Login 19x)
IT-0027,Jakarta Branch,Core Banking Operator,Email Server,14,2,1,Read,Valid,Internal Secure LAN,18.2,Tanpa Tiket CR,Tidak,2,1,-
IT-0028,Surabaya Branch,Staff Finance,Core Banking,9,4,0,Read,Valid,Internal Secure LAN,7.4,Tanpa Tiket CR,Tidak,2,2,-
IT-0029,Jakarta Branch,Staff Finance,Core Banking,20,4,0,Read,Valid,Internal Secure LAN,7.1,Tanpa Tiket CR,Tidak,1,1,-
IT-0030,Head Office,Core Banking Operator,Core Banking,14,2,0,Write,Valid,Internal Secure LAN,1.2,Ada Tiket CR,Tidak,2,1,-
IT-0031,Head Office,Senior Auditor,Core Banking,12,5,0,Read,Valid,Corporate VPN,0.9,Tanpa Tiket CR,Tidak,2,1,-
IT-0032,Surabaya Branch,Senior Auditor,Core Banking,12,4,0,Read,Valid,Internal Secure LAN,15.4,Tanpa Tiket CR,Tidak,1,1,-
IT-0033,Head Office,Core Banking Operator,Core Banking,13,4,0,Read,Valid,Internal Secure LAN,2.0,Tanpa Tiket CR,Tidak,2,1,-
IT-0034,Head Office,Senior Auditor,Core Banking,10,5,0,Read,Valid,Internal Secure LAN,10.4,Tanpa Tiket CR,Tidak,1,1,-
IT-0035,Surabaya Branch,Core Banking Operator,Core Banking,18,4,0,Admin,Bypassed,Untrusted Public IP,2.5,Tanpa Tiket CR,Ya (Anomali),5,5,Bypass Autentikasi MFA Tidak Sah Melalui Jaringan Publik Tak Dikenal
IT-0036,Bandung Branch,System Admin,Payment Gateway / SWIFT,12,5,1,Admin,Bypassed,Untrusted Public IP,9.1,Tanpa Tiket CR,Ya (Anomali),5,5,Bypass Autentikasi MFA Tidak Sah Melalui Jaringan Publik Tak Dikenal
IT-0037,Head Office,Database Administrator,Database Server,18,3,0,Write,Valid,Internal Secure LAN,24.0,Ada Tiket CR,Tidak,2,2,-
IT-0038,Finance Dept,Core Banking Operator,Core Banking,8,1,0,Read,Valid,Internal Secure LAN,13.4,Tanpa Tiket CR,Tidak,2,1,-
IT-0039,Head Office,Core Banking Operator,Email Server,18,5,0,Write,Valid,Internal Secure LAN,16.1,Tanpa Tiket CR,Tidak,1,1,-
IT-0040,IT Dept,IT Support,Email Server,10,3,0,Read,Valid,Corporate VPN,4.4,Tanpa Tiket CR,Tidak,2,1,-
IT-0041,Bandung Branch,Core Banking Operator,Core Banking,18,1,0,Write,Valid,Internal Secure LAN,16.9,Ada Tiket CR,Tidak,1,1,-
IT-0042,Bandung Branch,Staff Finance,Core Banking,7,2,0,Read,Valid,Internal Secure LAN,39.1,Tanpa Tiket CR,Tidak,1,1,-
IT-0043,Bandung Branch,Core Banking Operator,Core Banking,10,4,0,Write,Valid,Internal Secure LAN,26.8,Ada Tiket CR,Tidak,2,1,-
IT-0044,Finance Dept,Staff Finance,Core Banking,13,1,0,Read,Valid,Corporate VPN,28.1,Tanpa Tiket CR,Tidak,1,1,-
IT-0045,Head Office,Staff Finance,Email Server,21,3,0,Read,Valid,Corporate VPN,15.0,Tanpa Tiket CR,Tidak,2,1,-
IT-0046,Jakarta Branch,Staff Finance,Email Server,20,3,0,Read,Valid,Internal Secure LAN,6.1,Tanpa Tiket CR,Tidak,1,1,-
IT-0047,Bandung Branch,Staff Finance,Email Server,9,2,0,Read,Valid,Internal Secure LAN,13.3,Tanpa Tiket CR,Tidak,1,1,-
IT-0048,IT Dept,IT Support,Core Banking,17,4,0,Read,Valid,Internal Secure LAN,3.1,Tanpa Tiket CR,Tidak,2,1,-
IT-0049,Operations Dept,Core Banking Operator,Core Banking,12,2,0,Write,Valid,Internal Secure LAN,6.8,Ada Tiket CR,Tidak,2,2,-
IT-0050,Head Office,Core Banking Operator,Email Server,12,5,0,Read,Valid,Internal Secure LAN,11.0,Tanpa Tiket CR,Tidak,1,1,-
IT-0051,Head Office,Database Administrator,Database Server,17,5,1,Write,Valid,Internal Secure LAN,0.6,Ada Tiket CR,Tidak,1,2,-
IT-0052,Head Office,Staff Finance,Core Banking,13,4,0,Read,Valid,Internal Secure LAN,2.8,Tanpa Tiket CR,Tidak,1,1,-
IT-0053,Head Office,System Admin,Email Server,12,4,0,Write,Valid,Corporate VPN,6.1,Tanpa Tiket CR,Tidak,2,1,-
IT-0054,Head Office,System Admin,Payment Gateway / SWIFT,16,4,0,Admin,Valid,Corporate VPN,2.6,Tanpa Tiket CR,Tidak,1,1,-
IT-0055,Finance Dept,Staff Finance,Core Banking,9,1,0,Read,Valid,Internal Secure LAN,0.5,Tanpa Tiket CR,Tidak,1,2,-
IT-0056,IT Dept,Database Administrator,Database Server,18,5,0,Write,Valid,Internal Secure LAN,2.6,Ada Tiket CR,Tidak,1,2,-
IT-0057,Surabaya Branch,Core Banking Operator,Core Banking,8,2,0,Read,Valid,Corporate VPN,10.8,Tanpa Tiket CR,Tidak,1,2,-
IT-0058,IT Dept,IT Support,Core Banking,9,2,0,Read,Valid,Internal Secure LAN,6.1,Tanpa Tiket CR,Tidak,2,2,-
IT-0059,Head Office,Core Banking Operator,Core Banking,15,2,0,Read,Valid,Internal Secure LAN,3.2,Tanpa Tiket CR,Tidak,2,1,-
IT-0060,IT Dept,Database Administrator,Database Server,9,3,0,Write,Valid,Internal Secure LAN,20.3,Ada Tiket CR,Tidak,1,1,-
IT-0061,Jakarta Branch,Staff Finance,Email Server,16,1,0,Read,Valid,Internal Secure LAN,7.8,Tanpa Tiket CR,Tidak,2,1,-
IT-0062,Head Office,Database Administrator,Database Server,18,2,0,Write,Valid,Internal Secure LAN,56.0,Ada Tiket CR,Tidak,1,1,-
IT-0063,Operations Dept,Staff Finance,Core Banking,8,1,0,Read,Valid,Corporate VPN,38.5,Tanpa Tiket CR,Tidak,1,1,-
IT-0064,Jakarta Branch,Core Banking Operator,Core Banking,18,2,0,Write,Valid,Internal Secure LAN,8.6,Ada Tiket CR,Tidak,2,1,-
IT-0065,Surabaya Branch,Core Banking Operator,Core Banking,21,7,0,Read,Valid,Internal Secure LAN,13.5,Tanpa Tiket CR,Tidak,2,2,-
IT-0066,Head Office,Staff Finance,Core Banking,14,2,0,Read,Valid,Internal Secure LAN,8.8,Tanpa Tiket CR,Tidak,2,2,-
IT-0067,IT Dept,System Admin,Payment Gateway / SWIFT,14,3,0,Write,Valid,Internal Secure LAN,19.0,Tanpa Tiket CR,Tidak,2,2,-
IT-0068,Jakarta Branch,System Admin,Email Server,13,2,12,Read,Failed,Untrusted Public IP,7.0,Tanpa Tiket CR,Ya (Anomali),4,5,Indikasi Serangan Brute Force (Gagal Login 12x)
IT-0069,Operations Dept,Core Banking Operator,Email Server,14,4,0,Read,Valid,Internal Secure LAN,2.0,Tanpa Tiket CR,Tidak,1,1,-
IT-0070,Operations Dept,Staff Finance,Email Server,19,4,0,Write,Valid,Internal Secure LAN,16.8,Tanpa Tiket CR,Tidak,2,1,-
IT-0071,IT Dept,IT Support,Core Banking,16,4,0,Read,Valid,Internal Secure LAN,45.1,Tanpa Tiket CR,Tidak,2,2,-
IT-0072,Surabaya Branch,Core Banking Operator,Core Banking,20,1,0,Write,Valid,Internal Secure LAN,32.3,Ada Tiket CR,Tidak,1,1,-
IT-0073,Operations Dept,System Admin,Database Server,15,4,23,Admin,Failed,Corporate VPN,12.7,Tanpa Tiket CR,Ya (Anomali),5,5,Indikasi Serangan Brute Force (Gagal Login 23x)
IT-0074,IT Dept,Database Administrator,Database Server,16,4,0,Read,Valid,Internal Secure LAN,1.7,Tanpa Tiket CR,Tidak,2,1,-
IT-0075,IT Dept,Database Administrator,Database Server,13,1,0,Admin,Valid,Internal Secure LAN,10.2,Ada Tiket CR,Tidak,1,1,-
IT-0076,IT Dept,IT Support,Email Server,8,3,0,Read,Valid,Internal Secure LAN,0.5,Tanpa Tiket CR,Tidak,2,1,-
IT-0077,Surabaya Branch,Core Banking Operator,Core Banking,18,3,0,Read,Valid,Internal Secure LAN,1.6,Tanpa Tiket CR,Tidak,1,1,-
IT-0078,IT Dept,IT Support,Core Banking,9,3,0,Read,Valid,Internal Secure LAN,7.9,Tanpa Tiket CR,Tidak,2,2,-
IT-0079,IT Dept,IT Support,Core Banking,13,2,0,Write,Valid,Internal Secure LAN,4.8,Ada Tiket CR,Tidak,2,2,-
IT-0080,IT Dept,IT Support,Email Server,9,3,0,Write,Valid,Internal Secure LAN,13.5,Tanpa Tiket CR,Tidak,1,1,-
IT-0081,Head Office,Database Administrator,Database Server,13,7,0,Write,Valid,Internal Secure LAN,0.6,Ada Tiket CR,Tidak,1,1,-
IT-0082,Head Office,Staff Finance,Core Banking,10,3,0,Write,Valid,Internal Secure LAN,10.6,Ada Tiket CR,Tidak,2,1,-
IT-0083,IT Dept,IT Support,Core Banking,18,4,0,Write,Valid,Internal Secure LAN,4.9,Ada Tiket CR,Tidak,2,2,-
IT-0084,Head Office,Database Administrator,Database Server,18,4,0,Write,Valid,Internal Secure LAN,14.7,Ada Tiket CR,Tidak,1,1,-
IT-0085,IT Dept,System Admin,Payment Gateway / SWIFT,1,6,2,Admin,Valid,Untrusted Public IP,21.1,Tanpa Tiket CR,Ya (Anomali),5,4,Akses Admin Sistem Kritis Dini Hari Akhir Pekan (Jam 1) dari IP Publik
IT-0086,Bandung Branch,Core Banking Operator,Core Banking,8,1,0,Read,Valid,Internal Secure LAN,21.9,Tanpa Tiket CR,Tidak,1,2,-
IT-0087,Operations Dept,Database Administrator,Database Server,21,7,0,Write,Valid,Untrusted Public IP,3930.6,Tanpa Tiket CR,Ya (Anomali),5,4,Indikasi Eksfiltrasi Data Volume Ekspor Sangat Besar (3930.6 MB)
IT-0088,Finance Dept,Core Banking Operator,Core Banking,16,2,0,Read,Valid,Internal Secure LAN,9.7,Tanpa Tiket CR,Tidak,1,2,-
IT-0089,Head Office,System Admin,Payment Gateway / SWIFT,14,5,0,Write,Valid,Corporate VPN,4.7,Tanpa Tiket CR,Tidak,1,2,-
IT-0090,Surabaya Branch,Senior Auditor,Email Server,13,5,0,Read,Valid,Internal Secure LAN,20.4,Tanpa Tiket CR,Tidak,1,1,-
IT-0091,Head Office,System Admin,Email Server,18,5,0,Read,Valid,Internal Secure LAN,0.7,Tanpa Tiket CR,Tidak,2,1,-
IT-0092,Jakarta Branch,Core Banking Operator,Core Banking,12,2,0,Write,Valid,Internal Secure LAN,2.5,Ada Tiket CR,Tidak,2,2,-
IT-0093,Finance Dept,System Admin,Core Banking,21,4,20,Read,Bypassed,Corporate VPN,4.8,Tanpa Tiket CR,Ya (Anomali),5,5,Indikasi Serangan Brute Force (Gagal Login 20x)
IT-0094,Operations Dept,Core Banking Operator,Core Banking,10,3,0,Read,Valid,Corporate VPN,25.5,Tanpa Tiket CR,Tidak,1,1,-
IT-0095,Jakarta Branch,Senior Auditor,Core Banking,11,1,0,Read,Valid,Corporate VPN,13.6,Tanpa Tiket CR,Tidak,1,2,-
IT-0096,Finance Dept,Core Banking Operator,Core Banking,18,4,0,Read,Valid,Internal Secure LAN,6.0,Tanpa Tiket CR,Tidak,1,2,-
IT-0097,Head Office,Database Administrator,Database Server,17,2,0,Read,Valid,Corporate VPN,3.4,Tanpa Tiket CR,Tidak,1,1,-
IT-0098,IT Dept,IT Support,Core Banking,17,4,2,Read,Valid,Internal Secure LAN,18.4,Tanpa Tiket CR,Tidak,1,1,-
IT-0099,Bandung Branch,Staff Finance,Core Banking,9,3,0,Read,Valid,Internal Secure LAN,35.9,Tanpa Tiket CR,Tidak,2,2,-
IT-0100,Surabaya Branch,Core Banking Operator,Core Banking,10,2,0,Read,Valid,Internal Secure LAN,7.7,Tanpa Tiket CR,Tidak,1,2,-
IT-0101,IT Dept,Database Administrator,Database Server,16,5,0,Read,Valid,Internal Secure LAN,13.3,Tanpa Tiket CR,Tidak,1,2,-
IT-0102,Operations Dept,Core Banking Operator,Core Banking,12,2,0,Write,Valid,Internal Secure LAN,25.8,Ada Tiket CR,Tidak,1,1,-
IT-0103,Bandung Branch,Staff Finance,Email Server,14,4,0,Read,Valid,Internal Secure LAN,13.4,Tanpa Tiket CR,Tidak,1,2,-
IT-0104,Operations Dept,Core Banking Operator,Core Banking,17,7,1,Read,Valid,Internal Secure LAN,12.7,Tanpa Tiket CR,Tidak,2,1,-
IT-0105,Operations Dept,Core Banking Operator,Database Server,11,1,0,Write,Valid,Internal Secure LAN,11.5,Tanpa Tiket CR,Ya (Anomali),5,3,Pelanggaran SoD: Modifikasi Database Server Tanpa Tiket Perubahan (CR)
IT-0106,Operations Dept,Core Banking Operator,Core Banking,17,3,0,Read,Valid,Corporate VPN,31.7,Tanpa Tiket CR,Tidak,1,1,-
IT-0107,Jakarta Branch,Staff Finance,Core Banking,11,1,0,Read,Valid,Internal Secure LAN,5.1,Tanpa Tiket CR,Tidak,1,1,-
IT-0108,IT Dept,Database Administrator,Database Server,11,5,0,Write,Valid,Internal Secure LAN,24.2,Ada Tiket CR,Tidak,2,1,-
IT-0109,Surabaya Branch,Staff Finance,Core Banking,13,1,0,Read,Valid,Internal Secure LAN,4.1,Tanpa Tiket CR,Tidak,2,2,-
IT-0110,Operations Dept,Staff Finance,Core Banking,19,5,0,Read,Valid,Untrusted Public IP,4259.1,Tanpa Tiket CR,Ya (Anomali),5,4,Indikasi Eksfiltrasi Data Volume Ekspor Sangat Besar (4259.1 MB)
IT-0111,Head Office,System Admin,Email Server,15,4,0,Read,Valid,Internal Secure LAN,0.5,Tanpa Tiket CR,Tidak,1,2,-
IT-0112,IT Dept,Staff Finance,Core Banking,22,7,17,Write,Bypassed,Corporate VPN,5.4,Tanpa Tiket CR,Ya (Anomali),4,5,Indikasi Serangan Brute Force (Gagal Login 17x)
IT-0113,IT Dept,Database Administrator,Database Server,10,1,0,Write,Valid,Internal Secure LAN,5.1,Ada Tiket CR,Tidak,2,1,-
IT-0114,IT Dept,System Admin,Payment Gateway / SWIFT,0,1,0,Write,Bypassed,Untrusted Public IP,12.9,Tanpa Tiket CR,Ya (Anomali),5,5,Bypass Autentikasi MFA Tidak Sah Melalui Jaringan Publik Tak Dikenal
IT-0115,Bandung Branch,Core Banking Operator,Email Server,16,4,0,Read,Valid,Internal Secure LAN,12.8,Tanpa Tiket CR,Tidak,1,2,-
IT-0116,Jakarta Branch,Senior Auditor,Database Server,12,3,0,Read,Valid,Internal Secure LAN,1.4,Tanpa Tiket CR,Tidak,1,2,-
IT-0117,Head Office,Database Administrator,Database Server,18,5,1,Read,Valid,Internal Secure LAN,2.0,Tanpa Tiket CR,Tidak,2,1,-
IT-0118,IT Dept,IT Support,Core Banking,8,5,0,Read,Valid,Internal Secure LAN,17.9,Tanpa Tiket CR,Tidak,1,1,-
IT-0119,Head Office,System Admin,Email Server,16,3,0,Admin,Valid,Corporate VPN,19.8,Tanpa Tiket CR,Tidak,2,1,-
IT-0120,Surabaya Branch,Senior Auditor,Database Server,15,1,0,Read,Valid,Internal Secure LAN,4.4,Tanpa Tiket CR,Tidak,1,1,-
IT-0121,Bandung Branch,System Admin,Payment Gateway / SWIFT,9,1,0,Admin,Bypassed,Untrusted Public IP,18.3,Tanpa Tiket CR,Ya (Anomali),5,5,Bypass Autentikasi MFA Tidak Sah Melalui Jaringan Publik Tak Dikenal
IT-0122,Jakarta Branch,Core Banking Operator,Core Banking,11,2,1,Read,Valid,Corporate VPN,27.5,Tanpa Tiket CR,Tidak,2,1,-
IT-0123,IT Dept,System Admin,Payment Gateway / SWIFT,13,2,1,Admin,Bypassed,Untrusted Public IP,55.9,Tanpa Tiket CR,Ya (Anomali),5,5,Bypass Autentikasi MFA Tidak Sah Melalui Jaringan Publik Tak Dikenal
IT-0124,Surabaya Branch,Senior Auditor,Payment Gateway / SWIFT,17,3,0,Read,Valid,Internal Secure LAN,40.0,Tanpa Tiket CR,Tidak,1,1,-
IT-0125,IT Dept,IT Support,Core Banking,13,2,0,Read,Valid,Internal Secure LAN,14.8,Tanpa Tiket CR,Tidak,2,1,-
IT-0126,Operations Dept,Staff Finance,Core Banking,9,3,0,Write,Valid,Corporate VPN,6.0,Ada Tiket CR,Tidak,1,1,-
IT-0127,Jakarta Branch,Core Banking Operator,Email Server,15,3,0,Write,Valid,Internal Secure LAN,1.8,Tanpa Tiket CR,Tidak,2,1,-
IT-0128,Surabaya Branch,Core Banking Operator,Core Banking,10,1,1,Read,Valid,Corporate VPN,2.6,Tanpa Tiket CR,Tidak,1,1,-
IT-0129,Surabaya Branch,Senior Auditor,Database Server,16,1,0,Read,Valid,Corporate VPN,7.0,Tanpa Tiket CR,Tidak,2,1,-
IT-0130,Operations Dept,Staff Finance,Core Banking,8,3,14,Write,Failed,Untrusted Public IP,11.6,Tanpa Tiket CR,Ya (Anomali),5,5,Indikasi Serangan Brute Force (Gagal Login 14x)
IT-0131,Head Office,Core Banking Operator,Core Banking,13,2,0,Write,Valid,Internal Secure LAN,10.1,Ada Tiket CR,Tidak,1,1,-
IT-0132,Jakarta Branch,Staff Finance,Email Server,10,7,0,Read,Valid,Internal Secure LAN,20.2,Tanpa Tiket CR,Tidak,1,2,-
IT-0133,Head Office,Database Administrator,Database Server,16,4,0,Write,Valid,Internal Secure LAN,0.5,Ada Tiket CR,Tidak,1,1,-
IT-0134,Operations Dept,Core Banking Operator,Email Server,13,2,0,Read,Valid,Internal Secure LAN,0.8,Tanpa Tiket CR,Tidak,2,2,-
IT-0135,Surabaya Branch,Staff Finance,Core Banking,15,4,1,Read,Valid,Internal Secure LAN,13.3,Tanpa Tiket CR,Tidak,2,1,-
IT-0136,Head Office,Core Banking Operator,Core Banking,8,1,0,Read,Valid,Internal Secure LAN,23.1,Tanpa Tiket CR,Tidak,1,1,-
IT-0137,Jakarta Branch,System Admin,Email Server,16,7,17,Write,Failed,Untrusted Public IP,1.7,Tanpa Tiket CR,Ya (Anomali),5,5,Indikasi Serangan Brute Force (Gagal Login 17x)
IT-0138,Surabaya Branch,Senior Auditor,Payment Gateway / SWIFT,15,4,0,Read,Valid,Internal Secure LAN,6.6,Tanpa Tiket CR,Tidak,1,1,-
IT-0139,Jakarta Branch,Core Banking Operator,Core Banking,17,3,0,Read,Valid,Internal Secure LAN,8.9,Tanpa Tiket CR,Tidak,1,1,-
IT-0140,IT Dept,IT Support,Email Server,10,3,0,Write,Valid,Internal Secure LAN,0.8,Tanpa Tiket CR,Tidak,1,2,-
IT-0141,IT Dept,Database Administrator,Database Server,15,2,1,Read,Valid,Internal Secure LAN,11.1,Tanpa Tiket CR,Tidak,2,1,-
IT-0142,Head Office,Database Administrator,Database Server,14,3,0,Write,Valid,Internal Secure LAN,17.1,Ada Tiket CR,Tidak,2,1,-
IT-0143,Head Office,Staff Finance,Email Server,12,2,0,Write,Valid,Internal Secure LAN,8.5,Tanpa Tiket CR,Tidak,1,1,-
IT-0144,Jakarta Branch,Senior Auditor,Core Banking,21,3,2,Read,Valid,Internal Secure LAN,17.7,Tanpa Tiket CR,Tidak,1,2,-
IT-0145,Head Office,Staff Finance,Core Banking,9,1,0,Read,Valid,Internal Secure LAN,34.7,Tanpa Tiket CR,Tidak,2,2,-
IT-0146,Bandung Branch,Staff Finance,Core Banking,10,1,2,Read,Valid,Internal Secure LAN,0.5,Tanpa Tiket CR,Tidak,1,2,-
IT-0147,Head Office,Core Banking Operator,Core Banking,14,5,0,Read,Valid,Internal Secure LAN,5.3,Tanpa Tiket CR,Tidak,1,2,-
IT-0148,Bandung Branch,Core Banking Operator,Core Banking,16,4,0,Write,Valid,Internal Secure LAN,21.4,Ada Tiket CR,Tidak,1,1,-
IT-0149,Finance Dept,Staff Finance,Core Banking,8,3,0,Read,Valid,Corporate VPN,17.2,Tanpa Tiket CR,Tidak,1,1,-
IT-0150,Operations Dept,Core Banking Operator,Core Banking,14,2,0,Write,Valid,Corporate VPN,10.2,Ada Tiket CR,Tidak,2,1,-
IT-0151,IT Dept,IT Support,Email Server,7,2,0,Read,Valid,Internal Secure LAN,7.1,Tanpa Tiket CR,Tidak,2,1,-
IT-0152,Head Office,System Admin,Email Server,11,2,0,Write,Valid,Internal Secure LAN,25.4,Tanpa Tiket CR,Tidak,1,1,-
IT-0153,Bandung Branch,Core Banking Operator,Email Server,17,1,0,Read,Valid,Internal Secure LAN,17.1,Tanpa Tiket CR,Tidak,1,2,-
IT-0154,Head Office,Core Banking Operator,Core Banking,15,5,1,Read,Valid,Corporate VPN,3.5,Tanpa Tiket CR,Tidak,1,2,-
IT-0155,IT Dept,Database Administrator,Database Server,17,3,0,Read,Valid,Internal Secure LAN,18.9,Tanpa Tiket CR,Tidak,1,1,-
IT-0156,Jakarta Branch,Staff Finance,Core Banking,8,4,0,Read,Valid,Internal Secure LAN,9.9,Tanpa Tiket CR,Tidak,1,2,-
IT-0157,IT Dept,IT Support,Core Banking,15,2,0,Read,Valid,Internal Secure LAN,2.6,Tanpa Tiket CR,Tidak,1,2,-
IT-0158,IT Dept,IT Support,Email Server,11,3,0,Read,Valid,Internal Secure LAN,1.9,Tanpa Tiket CR,Tidak,2,2,-
IT-0159,Surabaya Branch,Staff Finance,Core Banking,15,5,0,Write,Valid,Internal Secure LAN,13.9,Ada Tiket CR,Tidak,1,1,-
IT-0160,Finance Dept,Core Banking Operator,Core Banking,14,5,0,Write,Valid,Internal Secure LAN,1.8,Ada Tiket CR,Tidak,1,1,-
IT-0161,Head Office,Senior Auditor,Payment Gateway / SWIFT,12,2,0,Read,Valid,Internal Secure LAN,9.8,Tanpa Tiket CR,Tidak,1,2,-
IT-0162,IT Dept,IT Support,Email Server,19,3,0,Read,Valid,Internal Secure LAN,7.1,Tanpa Tiket CR,Tidak,1,1,-
IT-0163,Operations Dept,Staff Finance,Core Banking,16,4,0,Read,Valid,Internal Secure LAN,10.9,Tanpa Tiket CR,Tidak,2,1,-
IT-0164,Head Office,Core Banking Operator,Email Server,17,2,0,Read,Valid,Internal Secure LAN,4.2,Tanpa Tiket CR,Tidak,2,1,-
IT-0165,Head Office,Staff Finance,Core Banking,20,1,0,Read,Valid,Internal Secure LAN,6.4,Tanpa Tiket CR,Tidak,1,2,-
IT-0166,Bandung Branch,Core Banking Operator,Core Banking,16,3,0,Read,Valid,Internal Secure LAN,3.0,Tanpa Tiket CR,Tidak,2,2,-
IT-0167,IT Dept,Database Administrator,Database Server,18,1,0,Write,Valid,Internal Secure LAN,5.2,Ada Tiket CR,Tidak,2,2,-
IT-0168,Head Office,Database Administrator,Database Server,10,4,0,Read,Valid,Internal Secure LAN,9.2,Tanpa Tiket CR,Tidak,1,2,-
IT-0169,Jakarta Branch,Ex-Employee,Database Server,19,1,1,Read,Bypassed,Corporate VPN,414.5,Tanpa Tiket CR,Ya (Anomali),5,5,Akses Tidak Sah Menggunakan Akun Mantan Pegawai (Ex-Employee)
IT-0170,Head Office,System Admin,Email Server,14,2,1,Admin,Valid,Corporate VPN,25.2,Tanpa Tiket CR,Tidak,2,1,-
IT-0171,Surabaya Branch,Core Banking Operator,Core Banking,10,5,0,Read,Valid,Internal Secure LAN,41.9,Tanpa Tiket CR,Tidak,2,1,-
IT-0172,Surabaya Branch,Staff Finance,Core Banking,13,2,0,Read,Valid,Internal Secure LAN,16.9,Tanpa Tiket CR,Tidak,2,1,-
IT-0173,Head Office,Database Administrator,Database Server,14,1,0,Write,Valid,Internal Secure LAN,10.2,Ada Tiket CR,Tidak,1,1,-
IT-0174,Bandung Branch,Staff Finance,Core Banking,15,2,0,Write,Valid,Internal Secure LAN,25.0,Ada Tiket CR,Tidak,1,2,-
IT-0175,Bandung Branch,Staff Finance,Core Banking,10,6,0,Write,Valid,Internal Secure LAN,21.1,Ada Tiket CR,Tidak,2,1,-
IT-0176,Surabaya Branch,Senior Auditor,Email Server,15,2,0,Read,Valid,Internal Secure LAN,17.6,Tanpa Tiket CR,Tidak,2,1,-
IT-0177,Finance Dept,Staff Finance,Database Server,17,5,0,Admin,Valid,Internal Secure LAN,25.3,Tanpa Tiket CR,Ya (Anomali),4,4,Pelanggaran SoD: Modifikasi Database Server Tanpa Tiket Perubahan (CR)
IT-0178,Jakarta Branch,Core Banking Operator,Email Server,14,5,0,Read,Valid,Internal Secure LAN,6.4,Tanpa Tiket CR,Tidak,2,1,-
IT-0179,Operations Dept,Staff Finance,Database Server,13,4,0,Write,Valid,Internal Secure LAN,0.1,Tanpa Tiket CR,Ya (Anomali),4,4,Pelanggaran SoD: Modifikasi Database Server Tanpa Tiket Perubahan (CR)
IT-0180,Head Office,Senior Auditor,Payment Gateway / SWIFT,18,2,0,Read,Valid,Internal Secure LAN,6.3,Tanpa Tiket CR,Tidak,2,1,-
IT-0181,Surabaya Branch,Senior Auditor,Database Server,15,5,1,Read,Valid,Internal Secure LAN,13.2,Tanpa Tiket CR,Tidak,1,2,-
IT-0182,Surabaya Branch,Senior Auditor,Database Server,17,4,0,Read,Valid,Internal Secure LAN,25.0,Tanpa Tiket CR,Tidak,2,2,-
IT-0183,Jakarta Branch,Core Banking Operator,Email Server,12,4,1,Read,Valid,Internal Secure LAN,11.9,Tanpa Tiket CR,Tidak,2,1,-
IT-0184,Surabaya Branch,Senior Auditor,Core Banking,8,1,0,Read,Valid,Internal Secure LAN,6.8,Tanpa Tiket CR,Tidak,1,1,-
IT-0185,Head Office,Core Banking Operator,Email Server,16,4,0,Write,Valid,Internal Secure LAN,14.1,Tanpa Tiket CR,Tidak,1,2,-
IT-0186,Head Office,Senior Auditor,Database Server,12,5,0,Read,Valid,Internal Secure LAN,2.6,Tanpa Tiket CR,Tidak,2,1,-
IT-0187,Jakarta Branch,Core Banking Operator,Core Banking,10,1,0,Read,Valid,Internal Secure LAN,52.9,Tanpa Tiket CR,Tidak,1,1,-
IT-0188,Head Office,Senior Auditor,Payment Gateway / SWIFT,16,1,1,Read,Valid,Internal Secure LAN,6.4,Tanpa Tiket CR,Tidak,2,1,-
IT-0189,Operations Dept,Core Banking Operator,Core Banking,11,7,0,Read,Valid,Internal Secure LAN,3.4,Tanpa Tiket CR,Tidak,2,1,-
IT-0190,Head Office,Core Banking Operator,Email Server,15,5,0,Write,Valid,Internal Secure LAN,5.1,Tanpa Tiket CR,Tidak,1,1,-
IT-0191,Surabaya Branch,Core Banking Operator,Email Server,14,1,0,Write,Valid,Internal Secure LAN,0.5,Tanpa Tiket CR,Tidak,1,2,-
IT-0192,Surabaya Branch,Staff Finance,Email Server,16,4,0,Read,Valid,Corporate VPN,11.4,Tanpa Tiket CR,Tidak,1,1,-
IT-0193,Surabaya Branch,Core Banking Operator,Core Banking,16,2,0,Write,Valid,Corporate VPN,4.8,Ada Tiket CR,Tidak,2,1,-
IT-0194,Head Office,Database Administrator,Database Server,17,2,1,Read,Valid,Internal Secure LAN,10.7,Tanpa Tiket CR,Tidak,1,1,-
IT-0195,Jakarta Branch,Core Banking Operator,Core Banking,15,3,0,Read,Valid,Internal Secure LAN,28.4,Tanpa Tiket CR,Tidak,2,1,-
IT-0196,IT Dept,Database Administrator,Database Server,8,1,0,Write,Valid,Corporate VPN,4.2,Ada Tiket CR,Tidak,2,2,-
IT-0197,Head Office,Staff Finance,Core Banking,16,3,0,Read,Valid,Internal Secure LAN,8.9,Tanpa Tiket CR,Tidak,2,1,-
IT-0198,IT Dept,IT Support,Core Banking,14,1,0,Write,Valid,Internal Secure LAN,0.8,Ada Tiket CR,Tidak,2,1,-
IT-0199,Jakarta Branch,Staff Finance,Core Banking,14,2,0,Read,Valid,Internal Secure LAN,9.1,Tanpa Tiket CR,Tidak,2,1,-
IT-0200,Head Office,Database Administrator,Database Server,11,5,0,Admin,Valid,Internal Secure LAN,8.3,Ada Tiket CR,Tidak,1,1,-
IT-0201,Head Office,Database Administrator,Database Server,13,2,0,Read,Valid,Internal Secure LAN,8.0,Tanpa Tiket CR,Tidak,1,1,-
IT-0202,Head Office,Staff Finance,Core Banking,16,5,0,Write,Valid,Corporate VPN,1.5,Ada Tiket CR,Tidak,2,2,-
IT-0203,Head Office,Core Banking Operator,Email Server,17,1,0,Read,Valid,Internal Secure LAN,10.6,Tanpa Tiket CR,Tidak,1,2,-
IT-0204,IT Dept,System Admin,Email Server,13,3,17,Write,Bypassed,Untrusted Public IP,2.9,Tanpa Tiket CR,Ya (Anomali),4,5,Indikasi Serangan Brute Force (Gagal Login 17x)
IT-0205,Head Office,Database Administrator,Database Server,9,2,0,Read,Valid,Internal Secure LAN,13.3,Tanpa Tiket CR,Tidak,2,1,-
IT-0206,Head Office,Staff Finance,Core Banking,16,5,0,Write,Valid,Internal Secure LAN,61.7,Ada Tiket CR,Tidak,2,1,-
IT-0207,Head Office,System Admin,Core Banking,10,5,0,Read,Valid,Internal Secure LAN,1.5,Tanpa Tiket CR,Tidak,2,1,-
IT-0208,IT Dept,IT Support,Email Server,16,5,2,Read,Valid,Internal Secure LAN,0.5,Tanpa Tiket CR,Tidak,1,1,-
IT-0209,Bandung Branch,Core Banking Operator,Email Server,8,4,0,Read,Valid,Corporate VPN,18.9,Tanpa Tiket CR,Tidak,1,1,-
IT-0210,Operations Dept,Core Banking Operator,Core Banking,11,2,0,Read,Valid,Internal Secure LAN,14.0,Tanpa Tiket CR,Tidak,1,1,-
IT-0211,Surabaya Branch,Senior Auditor,Core Banking,12,4,0,Read,Valid,Internal Secure LAN,9.9,Tanpa Tiket CR,Tidak,1,1,-
IT-0212,Jakarta Branch,Staff Finance,Core Banking,13,5,1,Read,Valid,Internal Secure LAN,22.6,Tanpa Tiket CR,Tidak,2,1,-
IT-0213,IT Dept,IT Support,Core Banking,17,5,0,Read,Valid,Internal Secure LAN,5.0,Tanpa Tiket CR,Tidak,1,1,-
IT-0214,Surabaya Branch,Core Banking Operator,Core Banking,15,1,0,Read,Valid,Internal Secure LAN,6.1,Tanpa Tiket CR,Tidak,1,1,-
IT-0215,Head Office,Senior Auditor,Payment Gateway / SWIFT,16,3,0,Read,Valid,Corporate VPN,21.2,Tanpa Tiket CR,Tidak,1,1,-
IT-0216,Surabaya Branch,Staff Finance,Core Banking,10,4,0,Write,Valid,Internal Secure LAN,33.1,Ada Tiket CR,Tidak,2,2,-
IT-0217,Head Office,Database Administrator,Database Server,8,3,0,Read,Valid,Internal Secure LAN,45.2,Tanpa Tiket CR,Tidak,2,1,-
IT-0218,IT Dept,IT Support,Email Server,10,4,0,Read,Valid,Internal Secure LAN,29.9,Tanpa Tiket CR,Tidak,1,2,-
IT-0219,Surabaya Branch,Staff Finance,Email Server,9,4,0,Read,Valid,Internal Secure LAN,6.3,Tanpa Tiket CR,Tidak,2,1,-
IT-0220,Head Office,Core Banking Operator,Email Server,10,5,0,Read,Valid,Corporate VPN,3.2,Tanpa Tiket CR,Tidak,2,2,-
IT-0221,Head Office,System Admin,Database Server,17,2,0,Read,Valid,Internal Secure LAN,37.0,Tanpa Tiket CR,Tidak,1,1,-
IT-0222,Head Office,System Admin,Core Banking,17,4,0,Read,Valid,Internal Secure LAN,15.2,Tanpa Tiket CR,Tidak,1,2,-
IT-0223,Jakarta Branch,Core Banking Operator,Core Banking,13,1,0,Write,Valid,Internal Secure LAN,9.4,Ada Tiket CR,Tidak,2,1,-
IT-0224,IT Dept,IT Support,Core Banking,12,2,0,Write,Valid,Internal Secure LAN,20.8,Ada Tiket CR,Tidak,2,2,-
IT-0225,Head Office,System Admin,Core Banking,17,5,0,Write,Valid,Internal Secure LAN,10.6,Ada Tiket CR,Tidak,2,1,-
IT-0226,Surabaya Branch,Core Banking Operator,Email Server,17,2,0,Read,Valid,Internal Secure LAN,19.9,Tanpa Tiket CR,Tidak,1,1,-
IT-0227,Finance Dept,Core Banking Operator,Database Server,22,1,1,Read,Valid,Corporate VPN,1640.1,Tanpa Tiket CR,Ya (Anomali),5,5,Indikasi Eksfiltrasi Data Volume Ekspor Sangat Besar (1640.1 MB)
IT-0228,IT Dept,IT Support,Core Banking,13,4,1,Read,Valid,Corporate VPN,4.8,Tanpa Tiket CR,Tidak,1,2,-
IT-0229,Head Office,Database Administrator,Database Server,10,2,0,Write,Valid,Internal Secure LAN,2.5,Ada Tiket CR,Tidak,2,1,-
IT-0230,Head Office,Staff Finance,Core Banking,15,7,2,Read,Valid,Internal Secure LAN,2.6,Tanpa Tiket CR,Tidak,2,2,-
IT-0231,IT Dept,Database Administrator,Database Server,19,5,0,Read,Valid,Internal Secure LAN,10.4,Tanpa Tiket CR,Tidak,1,2,-
IT-0232,Surabaya Branch,Senior Auditor,Core Banking,9,4,0,Read,Valid,Corporate VPN,12.6,Tanpa Tiket CR,Tidak,1,2,-
IT-0233,Operations Dept,IT Support,Payment Gateway / SWIFT,23,7,2,Admin,Valid,Untrusted Public IP,55.9,Tanpa Tiket CR,Ya (Anomali),5,5,Akses Admin Sistem Kritis Dini Hari Akhir Pekan (Jam 23) dari IP Publik
IT-0234,Head Office,Database Administrator,Database Server,17,3,0,Read,Valid,Internal Secure LAN,26.0,Tanpa Tiket CR,Tidak,1,2,-
IT-0235,Head Office,Database Administrator,Database Server,11,2,1,Read,Valid,Internal Secure LAN,20.3,Tanpa Tiket CR,Tidak,2,1,-
IT-0236,Operations Dept,Staff Finance,Database Server,20,6,0,Write,Valid,Corporate VPN,1399.0,Tanpa Tiket CR,Ya (Anomali),5,4,Indikasi Eksfiltrasi Data Volume Ekspor Sangat Besar (1399.0 MB)
IT-0237,IT Dept,System Admin,Core Banking,11,3,0,Admin,Valid,Internal Secure LAN,8.5,Ada Tiket CR,Tidak,1,2,-
IT-0238,Surabaya Branch,Core Banking Operator,Core Banking,11,3,0,Write,Valid,Internal Secure LAN,9.3,Ada Tiket CR,Tidak,1,1,-
IT-0239,Operations Dept,Staff Finance,Core Banking,16,4,0,Read,Valid,Internal Secure LAN,32.5,Tanpa Tiket CR,Tidak,2,2,-
IT-0240,Operations Dept,Staff Finance,Core Banking,19,7,0,Write,Valid,Internal Secure LAN,11.0,Ada Tiket CR,Tidak,1,2,-
IT-0241,Head Office,Database Administrator,Database Server,15,2,0,Read,Valid,Internal Secure LAN,23.1,Tanpa Tiket CR,Tidak,1,1,-
IT-0242,Jakarta Branch,Staff Finance,Core Banking,16,1,0,Read,Valid,Corporate VPN,46.6,Tanpa Tiket CR,Tidak,2,1,-
IT-0243,Head Office,Database Administrator,Database Server,12,4,0,Write,Valid,Internal Secure LAN,28.1,Ada Tiket CR,Tidak,2,2,-
IT-0244,Operations Dept,Core Banking Operator,Core Banking,7,6,0,Read,Valid,Corporate VPN,11.8,Tanpa Tiket CR,Tidak,2,1,-
IT-0245,IT Dept,IT Support,Core Banking,17,3,0,Read,Valid,Internal Secure LAN,6.6,Tanpa Tiket CR,Tidak,1,1,-
IT-0246,IT Dept,IT Support,Core Banking,11,4,0,Read,Valid,Internal Secure LAN,6.3,Tanpa Tiket CR,Tidak,1,1,-
IT-0247,Jakarta Branch,Senior Auditor,Email Server,13,2,0,Read,Valid,Internal Secure LAN,7.9,Tanpa Tiket CR,Tidak,2,1,-
IT-0248,Jakarta Branch,Core Banking Operator,Core Banking,14,1,0,Read,Valid,Internal Secure LAN,1.2,Tanpa Tiket CR,Tidak,1,1,-
IT-0249,Finance Dept,Core Banking Operator,Core Banking,10,3,0,Read,Valid,Corporate VPN,4.5,Tanpa Tiket CR,Tidak,2,1,-
IT-0250,Head Office,Staff Finance,Email Server,11,4,0,Read,Valid,Corporate VPN,4.1,Tanpa Tiket CR,Tidak,2,1,-
IT-0251,Surabaya Branch,Core Banking Operator,Core Banking,9,2,0,Read,Valid,Internal Secure LAN,5.3,Tanpa Tiket CR,Tidak,2,1,-
IT-0252,Bandung Branch,Staff Finance,Core Banking,8,2,0,Read,Valid,Internal Secure LAN,1.3,Tanpa Tiket CR,Tidak,1,1,-
IT-0253,IT Dept,Database Administrator,Database Server,16,3,0,Read,Valid,Internal Secure LAN,25.3,Tanpa Tiket CR,Tidak,1,2,-
IT-0254,Head Office,Staff Finance,Email Server,18,4,1,Read,Valid,Internal Secure LAN,21.0,Tanpa Tiket CR,Tidak,1,1,-
IT-0255,IT Dept,System Admin,Payment Gateway / SWIFT,18,7,1,Admin,Bypassed,Untrusted Public IP,2.8,Tanpa Tiket CR,Ya (Anomali),5,5,Bypass Autentikasi MFA Tidak Sah Melalui Jaringan Publik Tak Dikenal
IT-0256,Operations Dept,Ex-Employee,Core Banking,20,5,2,Write,Valid,Untrusted Public IP,244.2,Tanpa Tiket CR,Ya (Anomali),5,5,Akses Tidak Sah Menggunakan Akun Mantan Pegawai (Ex-Employee)
IT-0257,Finance Dept,Database Administrator,Database Server,0,6,1,Read,Valid,Untrusted Public IP,1344.6,Tanpa Tiket CR,Ya (Anomali),5,4,Indikasi Eksfiltrasi Data Volume Ekspor Sangat Besar (1344.6 MB)
IT-0258,Bandung Branch,Staff Finance,Core Banking,10,2,0,Read,Valid,Internal Secure LAN,12.3,Tanpa Tiket CR,Tidak,1,1,-
IT-0259,Finance Dept,Core Banking Operator,Core Banking,11,2,1,Write,Valid,Internal Secure LAN,14.3,Ada Tiket CR,Tidak,2,1,-
IT-0260,Surabaya Branch,Senior Auditor,Email Server,12,1,0,Read,Valid,Internal Secure LAN,32.2,Tanpa Tiket CR,Tidak,1,1,-
IT-0261,Jakarta Branch,Senior Auditor,Email Server,21,2,0,Read,Valid,Internal Secure LAN,3.3,Tanpa Tiket CR,Tidak,1,1,-
IT-0262,Surabaya Branch,Senior Auditor,Email Server,10,4,0,Read,Valid,Corporate VPN,5.9,Tanpa Tiket CR,Tidak,1,1,-
IT-0263,Finance Dept,Core Banking Operator,Core Banking,11,2,0,Write,Valid,Internal Secure LAN,1.7,Ada Tiket CR,Tidak,2,1,-
IT-0264,Finance Dept,Ex-Employee,Database Server,14,6,1,Write,Bypassed,Untrusted Public IP,238.2,Tanpa Tiket CR,Ya (Anomali),5,4,Akses Tidak Sah Menggunakan Akun Mantan Pegawai (Ex-Employee)
IT-0265,Head Office,Senior Auditor,Payment Gateway / SWIFT,12,4,0,Read,Valid,Internal Secure LAN,0.8,Tanpa Tiket CR,Tidak,1,1,-
IT-0266,IT Dept,IT Support,Core Banking,12,2,1,Write,Valid,Internal Secure LAN,6.0,Ada Tiket CR,Tidak,1,2,-
IT-0267,Finance Dept,Ex-Employee,Core Banking,16,3,1,Read,Bypassed,Corporate VPN,103.5,Tanpa Tiket CR,Ya (Anomali),5,5,Akses Tidak Sah Menggunakan Akun Mantan Pegawai (Ex-Employee)
IT-0268,Operations Dept,Staff Finance,Core Banking,7,2,15,Write,Failed,Untrusted Public IP,0.8,Tanpa Tiket CR,Ya (Anomali),4,5,Indikasi Serangan Brute Force (Gagal Login 15x)
IT-0269,Head Office,Core Banking Operator,Core Banking,15,4,0,Write,Valid,Internal Secure LAN,13.3,Ada Tiket CR,Tidak,1,2,-
IT-0270,IT Dept,Database Administrator,Database Server,9,4,0,Write,Valid,Internal Secure LAN,42.7,Ada Tiket CR,Tidak,1,1,-
IT-0271,Head Office,Database Administrator,Database Server,9,5,0,Write,Valid,Internal Secure LAN,27.7,Ada Tiket CR,Tidak,1,2,-
IT-0272,Jakarta Branch,Core Banking Operator,Core Banking,17,3,17,Write,Failed,Corporate VPN,0.0,Tanpa Tiket CR,Ya (Anomali),4,5,Indikasi Serangan Brute Force (Gagal Login 17x)
IT-0273,IT Dept,Database Administrator,Database Server,10,1,0,Write,Valid,Internal Secure LAN,3.7,Ada Tiket CR,Tidak,1,2,-
IT-0274,IT Dept,Database Administrator,Database Server,12,5,0,Admin,Valid,Internal Secure LAN,24.8,Ada Tiket CR,Tidak,1,2,-
IT-0275,IT Dept,System Admin,Payment Gateway / SWIFT,17,1,0,Admin,Valid,Corporate VPN,18.2,Tanpa Tiket CR,Tidak,1,2,-
IT-0276,Jakarta Branch,Core Banking Operator,Core Banking,9,3,0,Read,Valid,Internal Secure LAN,0.8,Tanpa Tiket CR,Tidak,2,1,-
IT-0277,Operations Dept,Staff Finance,Core Banking,0,4,1,Read,Valid,Corporate VPN,915.6,Tanpa Tiket CR,Ya (Anomali),5,4,Indikasi Eksfiltrasi Data Volume Ekspor Sangat Besar (915.6 MB)
IT-0278,IT Dept,IT Support,Email Server,10,5,0,Read,Valid,Internal Secure LAN,2.1,Tanpa Tiket CR,Tidak,2,1,-
IT-0279,Jakarta Branch,Staff Finance,Email Server,16,3,0,Read,Valid,Internal Secure LAN,35.0,Tanpa Tiket CR,Tidak,2,1,-
IT-0280,Head Office,System Admin,Payment Gateway / SWIFT,17,2,0,Read,Valid,Internal Secure LAN,24.8,Tanpa Tiket CR,Tidak,1,2,-
IT-0281,Head Office,Core Banking Operator,Core Banking,21,5,0,Read,Valid,Internal Secure LAN,4.8,Tanpa Tiket CR,Tidak,1,1,-
IT-0282,Head Office,Core Banking Operator,Email Server,14,1,1,Read,Valid,Internal Secure LAN,1.1,Tanpa Tiket CR,Tidak,2,1,-
IT-0283,Operations Dept,Core Banking Operator,Email Server,11,3,0,Read,Valid,Internal Secure LAN,10.1,Tanpa Tiket CR,Tidak,2,2,-
IT-0284,Jakarta Branch,Senior Auditor,Email Server,9,3,0,Read,Valid,Internal Secure LAN,21.9,Tanpa Tiket CR,Tidak,2,1,-
IT-0285,Jakarta Branch,Core Banking Operator,Core Banking,9,5,1,Read,Valid,Corporate VPN,1.1,Tanpa Tiket CR,Tidak,2,1,-
IT-0286,Head Office,Staff Finance,Core Banking,15,5,0,Read,Valid,Internal Secure LAN,12.2,Tanpa Tiket CR,Tidak,2,1,-
IT-0287,IT Dept,System Admin,Payment Gateway / SWIFT,10,2,0,Write,Valid,Internal Secure LAN,10.1,Tanpa Tiket CR,Tidak,1,1,-
IT-0288,IT Dept,Database Administrator,Database Server,19,4,0,Admin,Valid,Internal Secure LAN,15.5,Ada Tiket CR,Tidak,1,1,-
IT-0289,Jakarta Branch,Core Banking Operator,Core Banking,8,5,0,Read,Valid,Internal Secure LAN,15.5,Tanpa Tiket CR,Tidak,2,1,-
IT-0290,Operations Dept,Core Banking Operator,Email Server,11,3,0,Write,Valid,Internal Secure LAN,1.5,Tanpa Tiket CR,Tidak,1,1,-
IT-0291,IT Dept,IT Support,Email Server,18,5,0,Read,Valid,Corporate VPN,18.1,Tanpa Tiket CR,Tidak,2,1,-
IT-0292,Operations Dept,Core Banking Operator,Database Server,13,3,0,Admin,Valid,Internal Secure LAN,10.5,Tanpa Tiket CR,Ya (Anomali),5,3,Pelanggaran SoD: Modifikasi Database Server Tanpa Tiket Perubahan (CR)
IT-0293,IT Dept,System Admin,Database Server,15,3,0,Admin,Valid,Internal Secure LAN,18.8,Ada Tiket CR,Tidak,2,2,-
IT-0294,IT Dept,IT Support,Email Server,15,2,0,Read,Valid,Internal Secure LAN,7.1,Tanpa Tiket CR,Tidak,2,1,-
IT-0295,Finance Dept,Staff Finance,Database Server,10,1,0,Write,Valid,Internal Secure LAN,0.7,Tanpa Tiket CR,Ya (Anomali),5,4,Pelanggaran SoD: Modifikasi Database Server Tanpa Tiket Perubahan (CR)
IT-0296,IT Dept,IT Support,Email Server,21,1,0,Read,Valid,Corporate VPN,2.3,Tanpa Tiket CR,Tidak,2,1,-
IT-0297,Operations Dept,Staff Finance,Core Banking,10,3,1,Read,Valid,Internal Secure LAN,4.0,Tanpa Tiket CR,Tidak,2,1,-
IT-0298,Surabaya Branch,Senior Auditor,Payment Gateway / SWIFT,16,2,0,Read,Valid,Internal Secure LAN,6.3,Tanpa Tiket CR,Tidak,1,1,-
IT-0299,IT Dept,Database Administrator,Database Server,18,1,0,Write,Valid,Internal Secure LAN,2.3,Ada Tiket CR,Tidak,1,1,-
IT-0300,IT Dept,IT Support,Email Server,16,1,0,Read,Valid,Corporate VPN,2.8,Tanpa Tiket CR,Tidak,2,1,-
IT-0301,IT Dept,IT Support,Core Banking,13,3,0,Read,Valid,Internal Secure LAN,2.7,Tanpa Tiket CR,Tidak,2,2,-
IT-0302,Head Office,Database Administrator,Database Server,16,3,1,Read,Valid,Corporate VPN,1.3,Tanpa Tiket CR,Tidak,1,1,-
IT-0303,Surabaya Branch,Core Banking Operator,Email Server,14,4,0,Read,Valid,Internal Secure LAN,2.1,Tanpa Tiket CR,Tidak,1,1,-
IT-0304,Head Office,Senior Auditor,Payment Gateway / SWIFT,17,1,0,Read,Valid,Internal Secure LAN,2.9,Tanpa Tiket CR,Tidak,2,1,-
IT-0305,Jakarta Branch,Core Banking Operator,Core Banking,8,2,0,Write,Valid,Corporate VPN,33.0,Ada Tiket CR,Tidak,1,2,-
IT-0306,Head Office,System Admin,Core Banking,16,3,0,Read,Valid,Internal Secure LAN,2.8,Tanpa Tiket CR,Tidak,1,2,-
IT-0307,Surabaya Branch,Senior Auditor,Core Banking,11,1,0,Read,Valid,Internal Secure LAN,3.9,Tanpa Tiket CR,Tidak,1,1,-
IT-0308,IT Dept,Database Administrator,Database Server,13,5,0,Read,Valid,Internal Secure LAN,2.9,Tanpa Tiket CR,Tidak,1,1,-
IT-0309,Head Office,Staff Finance,Email Server,8,5,0,Read,Valid,Internal Secure LAN,9.6,Tanpa Tiket CR,Tidak,1,1,-
IT-0310,Surabaya Branch,Core Banking Operator,Email Server,14,3,0,Read,Valid,Internal Secure LAN,1.8,Tanpa Tiket CR,Tidak,2,1,-
IT-0311,Head Office,Core Banking Operator,Core Banking,13,4,7,Admin,Failed,Untrusted Public IP,2.0,Tanpa Tiket CR,Ya (Anomali),4,5,Indikasi Serangan Brute Force (Gagal Login 7x)
IT-0312,IT Dept,IT Support,Email Server,13,4,0,Read,Valid,Internal Secure LAN,1.1,Tanpa Tiket CR,Tidak,2,1,-
IT-0313,Finance Dept,Core Banking Operator,Email Server,13,2,0,Read,Valid,Internal Secure LAN,1.6,Tanpa Tiket CR,Tidak,1,1,-
IT-0314,Bandung Branch,Core Banking Operator,Core Banking,8,5,0,Write,Valid,Internal Secure LAN,0.5,Ada Tiket CR,Tidak,1,1,-
IT-0315,Head Office,Core Banking Operator,Core Banking,15,2,0,Read,Valid,Internal Secure LAN,0.5,Tanpa Tiket CR,Tidak,1,1,-
IT-0316,Finance Dept,Core Banking Operator,Email Server,10,4,0,Read,Valid,Internal Secure LAN,12.5,Tanpa Tiket CR,Tidak,2,1,-
IT-0317,Jakarta Branch,Core Banking Operator,Email Server,8,5,0,Write,Valid,Corporate VPN,5.7,Tanpa Tiket CR,Tidak,2,1,-
IT-0318,Jakarta Branch,Core Banking Operator,Core Banking,11,2,0,Read,Valid,Internal Secure LAN,16.5,Tanpa Tiket CR,Tidak,2,1,-
IT-0319,Jakarta Branch,System Admin,Email Server,8,3,6,Admin,Failed,Untrusted Public IP,2.0,Tanpa Tiket CR,Ya (Anomali),4,5,Indikasi Serangan Brute Force (Gagal Login 6x)
IT-0320,Head Office,System Admin,Core Banking,16,6,24,Write,Failed,Untrusted Public IP,25.8,Tanpa Tiket CR,Ya (Anomali),4,5,Indikasi Serangan Brute Force (Gagal Login 24x)
IT-0321,Head Office,Database Administrator,Database Server,8,4,1,Write,Valid,Internal Secure LAN,8.5,Ada Tiket CR,Tidak,1,1,-
IT-0322,Surabaya Branch,Core Banking Operator,Email Server,12,3,0,Read,Valid,Internal Secure LAN,24.6,Tanpa Tiket CR,Tidak,1,1,-
IT-0323,Surabaya Branch,Senior Auditor,Email Server,14,1,0,Read,Valid,Corporate VPN,17.1,Tanpa Tiket CR,Tidak,2,1,-
IT-0324,IT Dept,IT Support,Core Banking,15,1,0,Write,Valid,Internal Secure LAN,10.8,Ada Tiket CR,Tidak,1,1,-
IT-0325,Bandung Branch,Staff Finance,Core Banking,15,2,17,Admin,Bypassed,Corporate VPN,5.7,Tanpa Tiket CR,Ya (Anomali),4,5,Indikasi Serangan Brute Force (Gagal Login 17x)
IT-0326,Head Office,System Admin,Core Banking,16,1,0,Write,Valid,Internal Secure LAN,7.6,Ada Tiket CR,Tidak,1,1,-
IT-0327,Head Office,Core Banking Operator,Core Banking,0,5,1,Write,Bypassed,Untrusted Public IP,7.1,Tanpa Tiket CR,Ya (Anomali),5,5,Bypass Autentikasi MFA Tidak Sah Melalui Jaringan Publik Tak Dikenal
IT-0328,IT Dept,IT Support,Email Server,17,1,0,Write,Valid,Internal Secure LAN,3.6,Tanpa Tiket CR,Tidak,2,1,-
IT-0329,IT Dept,Database Administrator,Database Server,17,4,0,Read,Valid,Corporate VPN,27.6,Tanpa Tiket CR,Tidak,2,1,-
IT-0330,Head Office,System Admin,Core Banking,14,3,0,Write,Valid,Internal Secure LAN,9.4,Ada Tiket CR,Tidak,1,2,-
IT-0331,Bandung Branch,Staff Finance,Core Banking,13,2,0,Read,Valid,Internal Secure LAN,0.8,Tanpa Tiket CR,Tidak,1,2,-
IT-0332,Operations Dept,Core Banking Operator,Email Server,15,5,0,Read,Valid,Internal Secure LAN,1.0,Tanpa Tiket CR,Tidak,1,1,-
IT-0333,Head Office,Core Banking Operator,Core Banking,12,4,0,Read,Valid,Internal Secure LAN,17.8,Tanpa Tiket CR,Tidak,1,2,-
IT-0334,Surabaya Branch,System Admin,Payment Gateway / SWIFT,1,1,0,Admin,Bypassed,Untrusted Public IP,14.8,Tanpa Tiket CR,Ya (Anomali),5,5,Bypass Autentikasi MFA Tidak Sah Melalui Jaringan Publik Tak Dikenal
IT-0335,Bandung Branch,Staff Finance,Core Banking,9,4,0,Read,Valid,Internal Secure LAN,1.9,Tanpa Tiket CR,Tidak,2,2,-
IT-0336,Finance Dept,Staff Finance,Email Server,21,6,0,Read,Valid,Internal Secure LAN,36.1,Tanpa Tiket CR,Tidak,1,1,-
IT-0337,IT Dept,IT Support,Core Banking,12,5,0,Read,Valid,Internal Secure LAN,3.3,Tanpa Tiket CR,Tidak,1,2,-
IT-0338,Jakarta Branch,Senior Auditor,Database Server,12,1,0,Read,Valid,Internal Secure LAN,0.7,Tanpa Tiket CR,Tidak,2,2,-
IT-0339,Surabaya Branch,Core Banking Operator,Core Banking,8,5,0,Write,Valid,Corporate VPN,26.8,Ada Tiket CR,Tidak,2,2,-
IT-0340,Finance Dept,Staff Finance,Core Banking,17,5,1,Write,Valid,Internal Secure LAN,8.2,Ada Tiket CR,Tidak,2,2,-
IT-0341,Bandung Branch,Core Banking Operator,Core Banking,21,5,1,Write,Bypassed,Untrusted Public IP,6.0,Tanpa Tiket CR,Ya (Anomali),5,5,Bypass Autentikasi MFA Tidak Sah Melalui Jaringan Publik Tak Dikenal
IT-0342,IT Dept,IT Support,Email Server,14,2,0,Read,Valid,Internal Secure LAN,4.4,Tanpa Tiket CR,Tidak,2,2,-
IT-0343,Finance Dept,Database Administrator,Database Server,23,7,0,Write,Valid,Untrusted Public IP,2095.1,Tanpa Tiket CR,Ya (Anomali),5,4,Indikasi Eksfiltrasi Data Volume Ekspor Sangat Besar (2095.1 MB)
IT-0344,IT Dept,IT Support,Email Server,12,4,0,Read,Valid,Internal Secure LAN,3.9,Tanpa Tiket CR,Tidak,2,1,-
IT-0345,Operations Dept,Staff Finance,Email Server,13,2,0,Read,Valid,Internal Secure LAN,6.7,Tanpa Tiket CR,Tidak,2,1,-
IT-0346,Surabaya Branch,Core Banking Operator,Core Banking,18,4,0,Read,Valid,Corporate VPN,15.8,Tanpa Tiket CR,Tidak,1,2,-
IT-0347,Operations Dept,Staff Finance,Core Banking,10,1,0,Read,Valid,Internal Secure LAN,24.5,Tanpa Tiket CR,Tidak,1,1,-
IT-0348,IT Dept,Database Administrator,Database Server,17,1,0,Read,Valid,Corporate VPN,1.0,Tanpa Tiket CR,Tidak,2,1,-
IT-0349,Head Office,System Admin,Database Server,9,4,0,Read,Valid,Internal Secure LAN,18.6,Tanpa Tiket CR,Tidak,1,1,-
IT-0350,Jakarta Branch,Senior Auditor,Email Server,12,3,0,Read,Valid,Internal Secure LAN,17.2,Tanpa Tiket CR,Tidak,2,1,-
IT-0351,Head Office,Staff Finance,Core Banking,11,3,0,Write,Valid,Internal Secure LAN,9.6,Ada Tiket CR,Tidak,1,1,-
IT-0352,Head Office,Database Administrator,Database Server,11,5,1,Admin,Valid,Internal Secure LAN,4.7,Ada Tiket CR,Tidak,1,1,-
IT-0353,IT Dept,IT Support,Core Banking,15,4,0,Read,Valid,Internal Secure LAN,6.5,Tanpa Tiket CR,Tidak,2,1,-
IT-0354,Finance Dept,Staff Finance,Email Server,16,3,0,Read,Valid,Internal Secure LAN,10.9,Tanpa Tiket CR,Tidak,1,2,-
IT-0355,IT Dept,Staff Finance,Core Banking,1,6,1,Read,Valid,Untrusted Public IP,4137.5,Tanpa Tiket CR,Ya (Anomali),5,5,Indikasi Eksfiltrasi Data Volume Ekspor Sangat Besar (4137.5 MB)
IT-0356,Head Office,Database Administrator,Database Server,16,1,0,Write,Valid,Internal Secure LAN,6.7,Ada Tiket CR,Tidak,1,1,-
IT-0357,Jakarta Branch,Core Banking Operator,Core Banking,17,1,0,Read,Valid,Internal Secure LAN,14.5,Tanpa Tiket CR,Tidak,2,2,-
IT-0358,Head Office,System Admin,Email Server,8,5,0,Admin,Valid,Internal Secure LAN,12.7,Tanpa Tiket CR,Tidak,1,1,-
IT-0359,Operations Dept,Core Banking Operator,Email Server,18,3,0,Read,Valid,Internal Secure LAN,7.9,Tanpa Tiket CR,Tidak,1,1,-
IT-0360,Finance Dept,Staff Finance,Core Banking,16,2,0,Read,Valid,Internal Secure LAN,5.2,Tanpa Tiket CR,Tidak,2,1,-
IT-0361,Surabaya Branch,Senior Auditor,Email Server,9,5,1,Read,Valid,Internal Secure LAN,16.0,Tanpa Tiket CR,Tidak,1,1,-
IT-0362,Bandung Branch,Core Banking Operator,Email Server,13,3,0,Read,Valid,Internal Secure LAN,52.8,Tanpa Tiket CR,Tidak,1,2,-
IT-0363,Head Office,System Admin,Email Server,22,3,21,Admin,Bypassed,Corporate VPN,0.8,Tanpa Tiket CR,Ya (Anomali),4,5,Indikasi Serangan Brute Force (Gagal Login 21x)
IT-0364,Jakarta Branch,Core Banking Operator,Core Banking,10,5,0,Read,Valid,Corporate VPN,4.4,Tanpa Tiket CR,Tidak,1,1,-
IT-0365,Bandung Branch,Core Banking Operator,Email Server,9,1,0,Read,Valid,Internal Secure LAN,5.1,Tanpa Tiket CR,Tidak,2,1,-
IT-0366,Head Office,Core Banking Operator,Core Banking,11,4,0,Write,Valid,Internal Secure LAN,0.5,Ada Tiket CR,Tidak,1,1,-
IT-0367,Operations Dept,Core Banking Operator,Core Banking,21,4,0,Read,Valid,Internal Secure LAN,5.6,Tanpa Tiket CR,Tidak,2,1,-
IT-0368,IT Dept,Database Administrator,Database Server,14,3,0,Write,Valid,Internal Secure LAN,0.9,Ada Tiket CR,Tidak,2,1,-
IT-0369,Jakarta Branch,Staff Finance,Core Banking,15,7,0,Read,Valid,Internal Secure LAN,5.5,Tanpa Tiket CR,Tidak,2,1,-
IT-0370,IT Dept,IT Support,Email Server,16,4,1,Read,Valid,Internal Secure LAN,0.5,Tanpa Tiket CR,Tidak,1,1,-
IT-0371,Head Office,Core Banking Operator,Core Banking,8,2,0,Write,Valid,Internal Secure LAN,30.7,Ada Tiket CR,Tidak,2,1,-
IT-0372,IT Dept,Database Administrator,Database Server,17,3,0,Write,Valid,Internal Secure LAN,0.5,Ada Tiket CR,Tidak,2,1,-
IT-0373,IT Dept,IT Support,Core Banking,8,5,0,Read,Valid,Internal Secure LAN,3.1,Tanpa Tiket CR,Tidak,2,2,-
IT-0374,Bandung Branch,Core Banking Operator,Core Banking,17,1,0,Write,Valid,Internal Secure LAN,5.5,Ada Tiket CR,Tidak,1,1,-
IT-0375,Surabaya Branch,Staff Finance,Core Banking,18,2,0,Read,Valid,Internal Secure LAN,25.9,Tanpa Tiket CR,Tidak,1,2,-
IT-0376,Bandung Branch,Staff Finance,Core Banking,10,1,0,Read,Valid,Corporate VPN,0.5,Tanpa Tiket CR,Tidak,2,1,-
IT-0377,IT Dept,Database Administrator,Database Server,15,5,0,Read,Valid,Internal Secure LAN,3.4,Tanpa Tiket CR,Tidak,2,2,-
IT-0378,Head Office,Core Banking Operator,Email Server,16,1,0,Read,Valid,Internal Secure LAN,7.4,Tanpa Tiket CR,Tidak,1,1,-
IT-0379,Head Office,Staff Finance,Core Banking,12,3,0,Read,Valid,Internal Secure LAN,31.1,Tanpa Tiket CR,Tidak,2,1,-
IT-0380,Finance Dept,Staff Finance,Core Banking,18,4,1,Read,Valid,Corporate VPN,6.9,Tanpa Tiket CR,Tidak,2,1,-
IT-0381,Bandung Branch,Core Banking Operator,Email Server,8,1,0,Read,Valid,Internal Secure LAN,0.5,Tanpa Tiket CR,Tidak,2,1,-
IT-0382,IT Dept,Database Administrator,Database Server,15,3,0,Read,Valid,Corporate VPN,18.9,Tanpa Tiket CR,Tidak,1,2,-
IT-0383,Jakarta Branch,Core Banking Operator,Core Banking,9,2,0,Write,Valid,Internal Secure LAN,7.2,Ada Tiket CR,Tidak,1,1,-
IT-0384,Jakarta Branch,Core Banking Operator,Core Banking,15,4,0,Read,Valid,Corporate VPN,1.9,Tanpa Tiket CR,Tidak,2,1,-
IT-0385,IT Dept,IT Support,Core Banking,11,4,0,Read,Valid,Corporate VPN,3.8,Tanpa Tiket CR,Tidak,2,2,-
IT-0386,Operations Dept,Database Administrator,Database Server,23,2,1,Read,Valid,Untrusted Public IP,4328.2,Tanpa Tiket CR,Ya (Anomali),5,5,Indikasi Eksfiltrasi Data Volume Ekspor Sangat Besar (4328.2 MB)
IT-0387,Finance Dept,Staff Finance,Core Banking,9,3,0,Read,Valid,Internal Secure LAN,19.8,Tanpa Tiket CR,Tidak,1,1,-
IT-0388,Jakarta Branch,System Admin,Payment Gateway / SWIFT,0,7,2,Admin,Valid,Untrusted Public IP,33.8,Tanpa Tiket CR,Ya (Anomali),5,4,Akses Admin Sistem Kritis Dini Hari Akhir Pekan (Jam 0) dari IP Publik
IT-0389,Jakarta Branch,Core Banking Operator,Core Banking,18,6,0,Write,Valid,Internal Secure LAN,23.4,Ada Tiket CR,Tidak,2,1,-
IT-0390,Operations Dept,Core Banking Operator,Core Banking,16,4,0,Read,Valid,Internal Secure LAN,5.0,Tanpa Tiket CR,Tidak,1,1,-
IT-0391,Head Office,Senior Auditor,Email Server,10,1,0,Read,Valid,Internal Secure LAN,21.1,Tanpa Tiket CR,Tidak,1,1,-
IT-0392,Head Office,Senior Auditor,Core Banking,13,3,0,Read,Valid,Internal Secure LAN,4.9,Tanpa Tiket CR,Tidak,1,1,-
IT-0393,Finance Dept,Core Banking Operator,Email Server,21,6,0,Read,Valid,Internal Secure LAN,10.1,Tanpa Tiket CR,Tidak,1,2,-
IT-0394,IT Dept,System Admin,Email Server,17,3,0,Read,Valid,Internal Secure LAN,30.4,Tanpa Tiket CR,Tidak,1,2,-
IT-0395,Jakarta Branch,Senior Auditor,Email Server,14,1,0,Read,Valid,Internal Secure LAN,17.0,Tanpa Tiket CR,Tidak,1,1,-
IT-0396,Finance Dept,Core Banking Operator,Database Server,14,4,0,Write,Valid,Internal Secure LAN,2.7,Tanpa Tiket CR,Ya (Anomali),5,3,Pelanggaran SoD: Modifikasi Database Server Tanpa Tiket Perubahan (CR)
IT-0397,IT Dept,IT Support,Core Banking,9,2,0,Read,Valid,Corporate VPN,1.0,Tanpa Tiket CR,Tidak,1,1,-
IT-0398,Bandung Branch,Staff Finance,Core Banking,15,5,0,Read,Valid,Internal Secure LAN,31.3,Tanpa Tiket CR,Tidak,2,2,-
IT-0399,IT Dept,System Admin,Database Server,10,2,0,Write,Valid,Internal Secure LAN,3.1,Ada Tiket CR,Tidak,1,2,-
IT-0400,Jakarta Branch,Core Banking Operator,Core Banking,12,4,0,Read,Valid,Internal Secure LAN,3.8,Tanpa Tiket CR,Tidak,1,2,-
IT-0401,Operations Dept,Core Banking Operator,Core Banking,16,5,0,Read,Valid,Internal Secure LAN,2.6,Tanpa Tiket CR,Tidak,1,2,-
IT-0402,IT Dept,IT Support,Core Banking,16,3,0,Read,Valid,Internal Secure LAN,13.1,Tanpa Tiket CR,Tidak,1,1,-
IT-0403,Finance Dept,Staff Finance,Database Server,9,4,0,Admin,Valid,Internal Secure LAN,5.0,Tanpa Tiket CR,Ya (Anomali),4,3,Pelanggaran SoD: Modifikasi Database Server Tanpa Tiket Perubahan (CR)
IT-0404,IT Dept,IT Support,Email Server,18,5,0,Read,Valid,Internal Secure LAN,21.4,Tanpa Tiket CR,Tidak,1,1,-
IT-0405,IT Dept,System Admin,Database Server,16,1,0,Read,Valid,Corporate VPN,8.3,Tanpa Tiket CR,Tidak,2,1,-
IT-0406,Head Office,Core Banking Operator,Email Server,11,4,0,Read,Valid,Internal Secure LAN,36.0,Tanpa Tiket CR,Tidak,1,1,-
IT-0407,IT Dept,Staff Finance,Database Server,2,5,1,Write,Valid,Corporate VPN,1061.3,Tanpa Tiket CR,Ya (Anomali),5,4,Indikasi Eksfiltrasi Data Volume Ekspor Sangat Besar (1061.3 MB)
IT-0408,Finance Dept,Staff Finance,Email Server,14,4,0,Write,Valid,Internal Secure LAN,19.7,Tanpa Tiket CR,Tidak,1,2,-
IT-0409,Surabaya Branch,Core Banking Operator,Core Banking,8,5,0,Read,Valid,Internal Secure LAN,34.0,Tanpa Tiket CR,Tidak,2,1,-
IT-0410,Operations Dept,Staff Finance,Core Banking,14,5,0,Read,Valid,Internal Secure LAN,14.0,Tanpa Tiket CR,Tidak,2,1,-
IT-0411,IT Dept,Database Administrator,Database Server,16,3,0,Read,Valid,Internal Secure LAN,7.9,Tanpa Tiket CR,Tidak,1,1,-
IT-0412,Operations Dept,Staff Finance,Core Banking,16,3,1,Write,Valid,Internal Secure LAN,3.1,Ada Tiket CR,Tidak,1,2,-
IT-0413,Head Office,Staff Finance,Core Banking,14,3,0,Read,Valid,Internal Secure LAN,9.0,Tanpa Tiket CR,Tidak,1,2,-
IT-0414,Head Office,Staff Finance,Email Server,13,5,0,Read,Valid,Internal Secure LAN,3.8,Tanpa Tiket CR,Tidak,1,1,-
IT-0415,IT Dept,Database Administrator,Database Server,8,2,0,Read,Valid,Internal Secure LAN,8.3,Tanpa Tiket CR,Tidak,2,1,-
IT-0416,Jakarta Branch,Senior Auditor,Database Server,8,3,0,Read,Valid,Corporate VPN,21.1,Tanpa Tiket CR,Tidak,2,1,-
IT-0417,Finance Dept,Core Banking Operator,Database Server,23,4,1,Write,Valid,Corporate VPN,4321.2,Tanpa Tiket CR,Ya (Anomali),5,5,Indikasi Eksfiltrasi Data Volume Ekspor Sangat Besar (4321.2 MB)
IT-0418,Operations Dept,Staff Finance,Core Banking,11,3,0,Read,Valid,Internal Secure LAN,3.4,Tanpa Tiket CR,Tidak,2,1,-
IT-0419,Bandung Branch,Staff Finance,Core Banking,17,3,0,Write,Valid,Internal Secure LAN,27.6,Ada Tiket CR,Tidak,1,1,-
IT-0420,Bandung Branch,Staff Finance,Core Banking,8,4,0,Write,Valid,Internal Secure LAN,6.2,Ada Tiket CR,Tidak,1,2,-
IT-0421,Surabaya Branch,Staff Finance,Core Banking,8,5,0,Read,Valid,Corporate VPN,4.3,Tanpa Tiket CR,Tidak,2,1,-
IT-0422,Bandung Branch,Staff Finance,Email Server,15,1,0,Read,Valid,Corporate VPN,0.7,Tanpa Tiket CR,Tidak,2,1,-
IT-0423,Surabaya Branch,Senior Auditor,Payment Gateway / SWIFT,18,5,0,Read,Valid,Internal Secure LAN,9.1,Tanpa Tiket CR,Tidak,2,1,-
IT-0424,Jakarta Branch,Core Banking Operator,Core Banking,15,3,0,Read,Valid,Internal Secure LAN,0.5,Tanpa Tiket CR,Tidak,1,2,-
IT-0425,Jakarta Branch,Senior Auditor,Database Server,17,3,0,Read,Valid,Internal Secure LAN,46.6,Tanpa Tiket CR,Tidak,1,1,-
IT-0426,Operations Dept,Staff Finance,Database Server,14,3,0,Write,Valid,Internal Secure LAN,1.7,Tanpa Tiket CR,Ya (Anomali),4,4,Pelanggaran SoD: Modifikasi Database Server Tanpa Tiket Perubahan (CR)
IT-0427,Jakarta Branch,Core Banking Operator,Core Banking,15,1,0,Read,Valid,Internal Secure LAN,2.1,Tanpa Tiket CR,Tidak,2,1,-
IT-0428,Bandung Branch,Core Banking Operator,Core Banking,12,3,0,Read,Valid,Internal Secure LAN,1.3,Tanpa Tiket CR,Tidak,1,1,-
IT-0429,Operations Dept,Staff Finance,Core Banking,15,1,0,Read,Valid,Corporate VPN,4.5,Tanpa Tiket CR,Tidak,1,1,-
IT-0430,Head Office,System Admin,Core Banking,18,2,0,Read,Valid,Internal Secure LAN,4.4,Tanpa Tiket CR,Tidak,2,2,-
IT-0431,Finance Dept,Staff Finance,Email Server,15,2,0,Read,Valid,Corporate VPN,4.4,Tanpa Tiket CR,Tidak,2,1,-
IT-0432,Head Office,Core Banking Operator,Email Server,18,3,0,Read,Valid,Internal Secure LAN,5.6,Tanpa Tiket CR,Tidak,1,1,-
IT-0433,Operations Dept,Staff Finance,Core Banking,11,2,0,Write,Valid,Internal Secure LAN,9.4,Ada Tiket CR,Tidak,1,2,-
IT-0434,Operations Dept,Ex-Employee,Database Server,20,1,1,Read,Valid,Corporate VPN,55.8,Tanpa Tiket CR,Ya (Anomali),5,4,Akses Tidak Sah Menggunakan Akun Mantan Pegawai (Ex-Employee)
IT-0435,Head Office,Staff Finance,Email Server,17,4,0,Write,Valid,Internal Secure LAN,12.0,Tanpa Tiket CR,Tidak,2,2,-
IT-0436,IT Dept,Database Administrator,Database Server,13,5,0,Write,Valid,Corporate VPN,1.7,Ada Tiket CR,Tidak,1,2,-
IT-0437,IT Dept,Database Administrator,Database Server,21,6,0,Read,Valid,Internal Secure LAN,6.0,Tanpa Tiket CR,Tidak,1,1,-
IT-0438,Surabaya Branch,Senior Auditor,Core Banking,14,2,0,Read,Valid,Internal Secure LAN,6.9,Tanpa Tiket CR,Tidak,2,2,-
IT-0439,Head Office,Database Administrator,Database Server,8,5,0,Read,Valid,Corporate VPN,10.6,Tanpa Tiket CR,Tidak,2,1,-
IT-0440,Head Office,Staff Finance,Core Banking,20,7,0,Read,Valid,Corporate VPN,0.8,Tanpa Tiket CR,Tidak,1,2,-
IT-0441,IT Dept,IT Support,Email Server,17,5,0,Read,Valid,Internal Secure LAN,0.5,Tanpa Tiket CR,Tidak,2,1,-
IT-0442,Bandung Branch,Staff Finance,Core Banking,16,2,0,Read,Valid,Corporate VPN,5.2,Tanpa Tiket CR,Tidak,2,1,-
IT-0443,IT Dept,Database Administrator,Database Server,18,2,0,Read,Valid,Corporate VPN,0.5,Tanpa Tiket CR,Tidak,2,2,-
IT-0444,IT Dept,Database Administrator,Database Server,12,3,0,Read,Valid,Internal Secure LAN,1.6,Tanpa Tiket CR,Tidak,2,2,-
IT-0445,Operations Dept,Database Administrator,Core Banking,21,4,0,Read,Valid,Corporate VPN,2545.0,Tanpa Tiket CR,Ya (Anomali),5,5,Indikasi Eksfiltrasi Data Volume Ekspor Sangat Besar (2545.0 MB)
IT-0446,Finance Dept,Staff Finance,Core Banking,12,1,0,Write,Valid,Internal Secure LAN,25.1,Ada Tiket CR,Tidak,2,1,-
IT-0447,IT Dept,IT Support,Email Server,11,2,0,Read,Valid,Internal Secure LAN,2.2,Tanpa Tiket CR,Tidak,1,2,-
IT-0448,IT Dept,IT Support,Core Banking,10,5,0,Read,Valid,Internal Secure LAN,30.6,Tanpa Tiket CR,Tidak,1,1,-
IT-0449,IT Dept,IT Support,Email Server,9,3,0,Read,Valid,Internal Secure LAN,3.5,Tanpa Tiket CR,Tidak,1,1,-
IT-0450,Jakarta Branch,Core Banking Operator,Email Server,21,3,0,Write,Valid,Internal Secure LAN,4.2,Tanpa Tiket CR,Tidak,1,2,-
IT-0451,Jakarta Branch,Core Banking Operator,Email Server,7,5,0,Read,Valid,Internal Secure LAN,3.5,Tanpa Tiket CR,Tidak,1,1,-
IT-0452,Head Office,System Admin,Payment Gateway / SWIFT,15,4,0,Read,Valid,Internal Secure LAN,15.0,Tanpa Tiket CR,Tidak,2,1,-
IT-0453,Jakarta Branch,Senior Auditor,Email Server,17,1,0,Read,Valid,Internal Secure LAN,1.7,Tanpa Tiket CR,Tidak,2,1,-
IT-0454,Head Office,Database Administrator,Database Server,13,4,0,Write,Valid,Internal Secure LAN,13.5,Ada Tiket CR,Tidak,1,2,-
IT-0455,IT Dept,Database Administrator,Database Server,10,1,0,Write,Valid,Internal Secure LAN,5.8,Ada Tiket CR,Tidak,1,2,-
IT-0456,Surabaya Branch,Senior Auditor,Payment Gateway / SWIFT,14,7,0,Read,Valid,Internal Secure LAN,6.8,Tanpa Tiket CR,Tidak,1,1,-
IT-0457,IT Dept,IT Support,Email Server,13,5,0,Read,Valid,Internal Secure LAN,0.5,Tanpa Tiket CR,Tidak,1,1,-
IT-0458,Jakarta Branch,Core Banking Operator,Core Banking,10,4,0,Read,Valid,Corporate VPN,22.4,Tanpa Tiket CR,Tidak,2,1,-
IT-0459,IT Dept,IT Support,Core Banking,10,1,0,Read,Valid,Internal Secure LAN,37.0,Tanpa Tiket CR,Tidak,1,1,-
IT-0460,Finance Dept,Core Banking Operator,Email Server,12,2,0,Read,Valid,Corporate VPN,2.4,Tanpa Tiket CR,Tidak,1,1,-
IT-0461,Surabaya Branch,Senior Auditor,Email Server,18,2,0,Read,Valid,Corporate VPN,21.2,Tanpa Tiket CR,Tidak,2,1,-
IT-0462,Surabaya Branch,Core Banking Operator,Core Banking,17,5,0,Read,Valid,Corporate VPN,8.4,Tanpa Tiket CR,Tidak,1,1,-
IT-0463,Surabaya Branch,Staff Finance,Core Banking,14,5,0,Read,Valid,Internal Secure LAN,19.7,Tanpa Tiket CR,Tidak,1,2,-
IT-0464,Jakarta Branch,Staff Finance,Core Banking,16,4,0,Read,Valid,Internal Secure LAN,18.1,Tanpa Tiket CR,Tidak,1,1,-
IT-0465,Surabaya Branch,Senior Auditor,Payment Gateway / SWIFT,13,1,0,Read,Valid,Internal Secure LAN,2.7,Tanpa Tiket CR,Tidak,2,2,-
IT-0466,IT Dept,IT Support,Email Server,18,6,0,Read,Valid,Internal Secure LAN,4.1,Tanpa Tiket CR,Tidak,1,1,-
IT-0467,Surabaya Branch,Senior Auditor,Database Server,9,1,0,Read,Valid,Internal Secure LAN,29.3,Tanpa Tiket CR,Tidak,2,1,-
IT-0468,Head Office,Database Administrator,Database Server,10,2,0,Read,Valid,Internal Secure LAN,5.8,Tanpa Tiket CR,Tidak,2,1,-
IT-0469,Finance Dept,System Admin,Database Server,20,7,13,Read,Failed,Untrusted Public IP,0.6,Tanpa Tiket CR,Ya (Anomali),5,5,Indikasi Serangan Brute Force (Gagal Login 13x)
IT-0470,Jakarta Branch,Core Banking Operator,Core Banking,8,1,0,Read,Valid,Internal Secure LAN,8.5,Tanpa Tiket CR,Tidak,1,1,-
IT-0471,Jakarta Branch,Senior Auditor,Email Server,16,3,0,Read,Valid,Internal Secure LAN,10.6,Tanpa Tiket CR,Tidak,1,1,-
IT-0472,Bandung Branch,Staff Finance,Core Banking,10,4,0,Read,Valid,Corporate VPN,6.2,Tanpa Tiket CR,Tidak,1,1,-
IT-0473,Bandung Branch,Core Banking Operator,Email Server,16,3,0,Write,Valid,Internal Secure LAN,11.0,Tanpa Tiket CR,Tidak,2,1,-
IT-0474,Finance Dept,Database Administrator,Core Banking,3,5,0,Write,Valid,Untrusted Public IP,932.8,Tanpa Tiket CR,Ya (Anomali),5,5,Indikasi Eksfiltrasi Data Volume Ekspor Sangat Besar (932.8 MB)
IT-0475,Jakarta Branch,Senior Auditor,Payment Gateway / SWIFT,17,5,0,Read,Valid,Internal Secure LAN,13.2,Tanpa Tiket CR,Tidak,1,1,-
IT-0476,Jakarta Branch,Staff Finance,Email Server,11,3,0,Write,Valid,Internal Secure LAN,29.9,Tanpa Tiket CR,Tidak,1,1,-
IT-0477,IT Dept,IT Support,Core Banking,18,4,0,Read,Valid,Internal Secure LAN,14.9,Tanpa Tiket CR,Tidak,1,1,-
IT-0478,Head Office,System Admin,Core Banking,11,3,0,Read,Valid,Internal Secure LAN,7.9,Tanpa Tiket CR,Tidak,1,1,-
IT-0479,Operations Dept,Staff Finance,Core Banking,11,3,2,Read,Valid,Internal Secure LAN,11.5,Tanpa Tiket CR,Tidak,2,1,-
IT-0480,Head Office,Database Administrator,Database Server,10,1,0,Read,Valid,Internal Secure LAN,4.6,Tanpa Tiket CR,Tidak,2,1,-
IT-0481,Operations Dept,Staff Finance,Email Server,16,3,1,Read,Valid,Internal Secure LAN,3.7,Tanpa Tiket CR,Tidak,2,2,-
IT-0482,Operations Dept,Core Banking Operator,Core Banking,12,2,0,Write,Valid,Internal Secure LAN,5.2,Ada Tiket CR,Tidak,1,2,-
IT-0483,IT Dept,IT Support,Email Server,13,2,0,Read,Valid,Corporate VPN,7.3,Tanpa Tiket CR,Tidak,1,1,-
IT-0484,Head Office,Database Administrator,Database Server,17,5,1,Write,Valid,Internal Secure LAN,18.5,Ada Tiket CR,Tidak,1,1,-
IT-0485,IT Dept,System Admin,Database Server,17,1,0,Read,Valid,Internal Secure LAN,9.3,Tanpa Tiket CR,Tidak,2,1,-
IT-0486,Head Office,System Admin,Database Server,2,3,15,Write,Bypassed,Untrusted Public IP,0.8,Tanpa Tiket CR,Ya (Anomali),4,5,Indikasi Serangan Brute Force (Gagal Login 15x)
IT-0487,Head Office,System Admin,Payment Gateway / SWIFT,17,4,0,Admin,Valid,Internal Secure LAN,0.5,Tanpa Tiket CR,Tidak,1,1,-
IT-0488,Jakarta Branch,Senior Auditor,Payment Gateway / SWIFT,8,4,1,Read,Valid,Internal Secure LAN,12.2,Tanpa Tiket CR,Tidak,1,2,-
IT-0489,IT Dept,System Admin,Database Server,14,2,0,Admin,Valid,Internal Secure LAN,4.9,Ada Tiket CR,Tidak,2,1,-
IT-0490,Surabaya Branch,Core Banking Operator,Core Banking,19,6,0,Read,Valid,Corporate VPN,5.4,Tanpa Tiket CR,Tidak,2,1,-
IT-0491,Head Office,Database Administrator,Database Server,15,5,0,Admin,Valid,Internal Secure LAN,3.5,Ada Tiket CR,Tidak,1,1,-
IT-0492,Jakarta Branch,Core Banking Operator,Email Server,17,1,0,Write,Valid,Internal Secure LAN,2.5,Tanpa Tiket CR,Tidak,2,1,-
IT-0493,Operations Dept,Staff Finance,Email Server,18,5,0,Write,Valid,Internal Secure LAN,3.5,Tanpa Tiket CR,Tidak,1,1,-
IT-0494,Head Office,Database Administrator,Database Server,8,5,0,Write,Valid,Internal Secure LAN,19.4,Ada Tiket CR,Tidak,2,1,-
IT-0495,Bandung Branch,Core Banking Operator,Core Banking,8,5,0,Read,Valid,Internal Secure LAN,10.2,Tanpa Tiket CR,Tidak,2,1,-
IT-0496,Head Office,Database Administrator,Database Server,17,1,0,Write,Valid,Internal Secure LAN,20.6,Ada Tiket CR,Tidak,2,2,-
IT-0497,Jakarta Branch,Senior Auditor,Payment Gateway / SWIFT,16,1,0,Read,Valid,Internal Secure LAN,37.8,Tanpa Tiket CR,Tidak,1,1,-
IT-0498,Bandung Branch,Staff Finance,Core Banking,12,1,1,Read,Valid,Internal Secure LAN,5.8,Tanpa Tiket CR,Tidak,1,1,-
IT-0499,Surabaya Branch,Senior Auditor,Core Banking,16,2,0,Read,Valid,Internal Secure LAN,13.7,Tanpa Tiket CR,Tidak,1,2,-
IT-0500,Head Office,Database Administrator,Database Server,11,4,0,Write,Valid,Corporate VPN,2.7,Ada Tiket CR,Tidak,2,1,-
IT-0501,IT Dept,IT Support,Email Server,18,4,1,Write,Valid,Internal Secure LAN,11.2,Tanpa Tiket CR,Tidak,1,1,-
IT-0502,Bandung Branch,Core Banking Operator,Email Server,13,4,1,Write,Valid,Corporate VPN,11.0,Tanpa Tiket CR,Tidak,2,1,-
IT-0503,Finance Dept,Staff Finance,Core Banking,12,4,0,Write,Valid,Internal Secure LAN,2.1,Ada Tiket CR,Tidak,2,1,-
IT-0504,Surabaya Branch,Core Banking Operator,Core Banking,15,2,0,Read,Valid,Internal Secure LAN,15.4,Tanpa Tiket CR,Tidak,1,2,-
IT-0505,IT Dept,System Admin,Core Banking,16,5,0,Admin,Valid,Internal Secure LAN,16.4,Ada Tiket CR,Tidak,1,1,-
IT-0506,Head Office,Database Administrator,Database Server,14,1,0,Read,Valid,Internal Secure LAN,13.6,Tanpa Tiket CR,Tidak,1,1,-
IT-0507,Bandung Branch,Core Banking Operator,Core Banking,8,3,1,Read,Valid,Internal Secure LAN,6.7,Tanpa Tiket CR,Tidak,2,1,-
IT-0508,Bandung Branch,Core Banking Operator,Core Banking,18,5,0,Read,Valid,Internal Secure LAN,33.0,Tanpa Tiket CR,Tidak,2,2,-
IT-0509,Jakarta Branch,Core Banking Operator,Email Server,10,2,0,Read,Valid,Internal Secure LAN,2.9,Tanpa Tiket CR,Tidak,1,2,-
IT-0510,Head Office,Database Administrator,Database Server,8,1,0,Read,Valid,Internal Secure LAN,10.4,Tanpa Tiket CR,Tidak,2,2,-
IT-0511,IT Dept,IT Support,Email Server,14,5,0,Read,Valid,Internal Secure LAN,4.1,Tanpa Tiket CR,Tidak,1,2,-
IT-0512,Surabaya Branch,Core Banking Operator,Core Banking,17,4,0,Read,Valid,Internal Secure LAN,1.6,Tanpa Tiket CR,Tidak,1,1,-
IT-0513,Operations Dept,Staff Finance,Core Banking,12,3,0,Read,Valid,Internal Secure LAN,6.8,Tanpa Tiket CR,Tidak,1,1,-
IT-0514,Operations Dept,Core Banking Operator,Core Banking,15,3,0,Read,Valid,Internal Secure LAN,3.3,Tanpa Tiket CR,Tidak,2,1,-
IT-0515,Surabaya Branch,Core Banking Operator,Core Banking,10,1,0,Read,Valid,Internal Secure LAN,37.8,Tanpa Tiket CR,Tidak,1,1,-
IT-0516,Bandung Branch,Core Banking Operator,Core Banking,15,5,0,Read,Valid,Internal Secure LAN,15.0,Tanpa Tiket CR,Tidak,1,2,-
IT-0517,IT Dept,Database Administrator,Database Server,14,1,0,Read,Valid,Internal Secure LAN,2.1,Tanpa Tiket CR,Tidak,2,1,-
IT-0518,Operations Dept,Core Banking Operator,Database Server,0,6,1,Read,Valid,Corporate VPN,835.5,Tanpa Tiket CR,Ya (Anomali),5,5,Indikasi Eksfiltrasi Data Volume Ekspor Sangat Besar (835.5 MB)
IT-0519,Head Office,Database Administrator,Database Server,12,5,2,Admin,Valid,Internal Secure LAN,5.1,Ada Tiket CR,Tidak,1,1,-
IT-0520,Finance Dept,Core Banking Operator,Database Server,13,3,0,Admin,Valid,Internal Secure LAN,3.2,Tanpa Tiket CR,Ya (Anomali),5,3,Pelanggaran SoD: Modifikasi Database Server Tanpa Tiket Perubahan (CR)
IT-0521,Head Office,Staff Finance,Core Banking,8,1,0,Read,Valid,Corporate VPN,11.3,Tanpa Tiket CR,Tidak,2,1,-
IT-0522,Finance Dept,Core Banking Operator,Core Banking,14,1,0,Read,Valid,Internal Secure LAN,9.4,Tanpa Tiket CR,Tidak,1,1,-
IT-0523,Surabaya Branch,Senior Auditor,Email Server,17,1,0,Read,Valid,Internal Secure LAN,12.1,Tanpa Tiket CR,Tidak,2,1,-
IT-0524,Surabaya Branch,Senior Auditor,Core Banking,18,5,0,Read,Valid,Corporate VPN,9.6,Tanpa Tiket CR,Tidak,1,1,-
IT-0525,Jakarta Branch,Senior Auditor,Database Server,17,4,0,Read,Valid,Internal Secure LAN,1.8,Tanpa Tiket CR,Tidak,1,2,-
IT-0526,Bandung Branch,System Admin,Database Server,20,5,6,Admin,Bypassed,Corporate VPN,8.2,Tanpa Tiket CR,Ya (Anomali),5,5,Indikasi Serangan Brute Force (Gagal Login 6x)
IT-0527,Operations Dept,Core Banking Operator,Core Banking,9,1,0,Read,Valid,Internal Secure LAN,8.2,Tanpa Tiket CR,Tidak,2,1,-
IT-0528,Jakarta Branch,Staff Finance,Core Banking,20,6,0,Read,Valid,Internal Secure LAN,2.1,Tanpa Tiket CR,Tidak,1,1,-
IT-0529,Operations Dept,Staff Finance,Email Server,12,5,0,Write,Valid,Internal Secure LAN,18.2,Tanpa Tiket CR,Tidak,2,1,-
IT-0530,Head Office,Staff Finance,Email Server,15,5,0,Read,Valid,Internal Secure LAN,2.5,Tanpa Tiket CR,Tidak,2,1,-
IT-0531,Finance Dept,Core Banking Operator,Email Server,12,4,0,Read,Valid,Corporate VPN,10.8,Tanpa Tiket CR,Tidak,2,1,-
IT-0532,Jakarta Branch,Senior Auditor,Core Banking,14,4,0,Read,Valid,Internal Secure LAN,2.6,Tanpa Tiket CR,Tidak,2,1,-
IT-0533,Surabaya Branch,Senior Auditor,Core Banking,13,5,0,Read,Valid,Internal Secure LAN,39.2,Tanpa Tiket CR,Tidak,1,1,-
IT-0534,Head Office,Database Administrator,Database Server,10,5,0,Write,Valid,Internal Secure LAN,3.1,Ada Tiket CR,Tidak,1,1,-
IT-0535,Head Office,Senior Auditor,Database Server,16,2,1,Read,Valid,Internal Secure LAN,5.1,Tanpa Tiket CR,Tidak,2,2,-
IT-0536,Head Office,Database Administrator,Database Server,12,2,0,Read,Valid,Internal Secure LAN,8.5,Tanpa Tiket CR,Tidak,2,2,-
IT-0537,IT Dept,IT Support,Email Server,15,3,0,Read,Valid,Internal Secure LAN,5.9,Tanpa Tiket CR,Tidak,1,2,-
IT-0538,Operations Dept,Database Administrator,Core Banking,0,3,0,Write,Valid,Corporate VPN,4442.7,Tanpa Tiket CR,Ya (Anomali),5,5,Indikasi Eksfiltrasi Data Volume Ekspor Sangat Besar (4442.7 MB)
IT-0539,Finance Dept,Core Banking Operator,Core Banking,16,5,0,Write,Valid,Internal Secure LAN,21.4,Ada Tiket CR,Tidak,2,1,-
IT-0540,Operations Dept,Staff Finance,Email Server,8,2,0,Write,Valid,Internal Secure LAN,16.1,Tanpa Tiket CR,Tidak,1,2,-
IT-0541,Surabaya Branch,Staff Finance,Core Banking,10,2,0,Read,Valid,Internal Secure LAN,5.3,Tanpa Tiket CR,Tidak,2,1,-
IT-0542,IT Dept,IT Support,Core Banking,15,4,0,Read,Valid,Internal Secure LAN,5.9,Tanpa Tiket CR,Tidak,1,2,-
IT-0543,IT Dept,IT Support,Email Server,15,4,0,Read,Valid,Corporate VPN,4.9,Tanpa Tiket CR,Tidak,1,2,-
IT-0544,IT Dept,Database Administrator,Database Server,11,5,0,Read,Valid,Corporate VPN,9.5,Tanpa Tiket CR,Tidak,1,1,-
IT-0545,Surabaya Branch,Core Banking Operator,Core Banking,8,2,0,Read,Valid,Internal Secure LAN,9.6,Tanpa Tiket CR,Tidak,2,1,-
IT-0546,Finance Dept,Staff Finance,Email Server,16,5,0,Read,Valid,Internal Secure LAN,0.5,Tanpa Tiket CR,Tidak,2,1,-
IT-0547,Finance Dept,Core Banking Operator,Email Server,15,3,0,Read,Valid,Corporate VPN,6.0,Tanpa Tiket CR,Tidak,2,1,-
IT-0548,IT Dept,System Admin,Database Server,17,5,0,Admin,Valid,Internal Secure LAN,3.3,Ada Tiket CR,Tidak,2,1,-
IT-0549,Head Office,System Admin,Email Server,8,5,0,Admin,Valid,Internal Secure LAN,5.9,Tanpa Tiket CR,Tidak,2,2,-
IT-0550,Surabaya Branch,Senior Auditor,Core Banking,21,4,0,Read,Valid,Internal Secure LAN,31.7,Tanpa Tiket CR,Tidak,1,1,-
IT-0551,Operations Dept,Staff Finance,Core Banking,21,4,0,Read,Valid,Internal Secure LAN,8.4,Tanpa Tiket CR,Tidak,1,1,-
IT-0552,IT Dept,IT Support,Core Banking,11,5,0,Write,Valid,Internal Secure LAN,1.5,Ada Tiket CR,Tidak,1,1,-
IT-0553,Jakarta Branch,Core Banking Operator,Core Banking,17,5,0,Write,Valid,Internal Secure LAN,7.7,Ada Tiket CR,Tidak,2,1,-
IT-0554,Jakarta Branch,Staff Finance,Email Server,16,3,0,Read,Valid,Internal Secure LAN,39.3,Tanpa Tiket CR,Tidak,2,1,-
IT-0555,Head Office,Staff Finance,Email Server,17,3,0,Write,Valid,Internal Secure LAN,0.5,Tanpa Tiket CR,Tidak,1,1,-
IT-0556,Bandung Branch,Staff Finance,Email Server,15,2,0,Read,Valid,Internal Secure LAN,1.0,Tanpa Tiket CR,Tidak,1,2,-
IT-0557,Finance Dept,Staff Finance,Core Banking,12,3,0,Read,Valid,Internal Secure LAN,11.1,Tanpa Tiket CR,Tidak,2,1,-
IT-0558,Operations Dept,Staff Finance,Core Banking,21,2,0,Read,Valid,Corporate VPN,12.6,Tanpa Tiket CR,Tidak,2,1,-
IT-0559,IT Dept,IT Support,Core Banking,8,4,0,Write,Valid,Corporate VPN,69.1,Ada Tiket CR,Tidak,1,1,-
IT-0560,IT Dept,Database Administrator,Database Server,14,2,0,Admin,Valid,Corporate VPN,13.3,Ada Tiket CR,Tidak,2,2,-
IT-0561,Head Office,Database Administrator,Database Server,14,4,0,Read,Valid,Corporate VPN,19.3,Tanpa Tiket CR,Tidak,1,2,-
IT-0562,Surabaya Branch,Senior Auditor,Database Server,11,1,2,Read,Valid,Internal Secure LAN,22.3,Tanpa Tiket CR,Tidak,2,1,-
IT-0563,Bandung Branch,Staff Finance,Email Server,8,3,0,Read,Valid,Corporate VPN,14.5,Tanpa Tiket CR,Tidak,1,2,-
IT-0564,Jakarta Branch,Core Banking Operator,Core Banking,17,7,0,Read,Valid,Internal Secure LAN,18.1,Tanpa Tiket CR,Tidak,2,1,-
IT-0565,Head Office,Core Banking Operator,Email Server,12,4,0,Read,Valid,Internal Secure LAN,0.6,Tanpa Tiket CR,Tidak,1,2,-
IT-0566,Operations Dept,Core Banking Operator,Core Banking,11,5,0,Read,Valid,Internal Secure LAN,5.7,Tanpa Tiket CR,Tidak,2,1,-
IT-0567,IT Dept,IT Support,Core Banking,8,3,0,Read,Valid,Internal Secure LAN,1.0,Tanpa Tiket CR,Tidak,1,2,-
IT-0568,IT Dept,System Admin,Payment Gateway / SWIFT,12,2,0,Admin,Valid,Internal Secure LAN,2.8,Tanpa Tiket CR,Tidak,2,2,-
IT-0569,Jakarta Branch,Core Banking Operator,Core Banking,8,4,1,Write,Valid,Internal Secure LAN,0.5,Ada Tiket CR,Tidak,2,1,-
IT-0570,Jakarta Branch,System Admin,Payment Gateway / SWIFT,4,7,1,Admin,Bypassed,Untrusted Public IP,22.6,Tanpa Tiket CR,Ya (Anomali),5,5,Akses Admin Sistem Kritis Dini Hari Akhir Pekan (Jam 4) dari IP Publik
IT-0571,Bandung Branch,Staff Finance,Email Server,15,1,0,Read,Valid,Internal Secure LAN,2.0,Tanpa Tiket CR,Tidak,1,1,-
IT-0572,Head Office,Staff Finance,Core Banking,11,5,0,Read,Valid,Internal Secure LAN,27.9,Tanpa Tiket CR,Tidak,2,1,-
IT-0573,Finance Dept,Staff Finance,Core Banking,21,5,1,Read,Valid,Untrusted Public IP,3959.3,Tanpa Tiket CR,Ya (Anomali),5,5,Indikasi Eksfiltrasi Data Volume Ekspor Sangat Besar (3959.3 MB)
IT-0574,IT Dept,System Admin,Payment Gateway / SWIFT,9,4,0,Admin,Bypassed,Untrusted Public IP,20.2,Tanpa Tiket CR,Ya (Anomali),5,5,Bypass Autentikasi MFA Tidak Sah Melalui Jaringan Publik Tak Dikenal
IT-0575,Bandung Branch,Core Banking Operator,Core Banking,17,3,0,Read,Valid,Internal Secure LAN,40.6,Tanpa Tiket CR,Tidak,1,2,-
IT-0576,Surabaya Branch,Senior Auditor,Email Server,17,5,2,Read,Valid,Internal Secure LAN,1.5,Tanpa Tiket CR,Tidak,1,1,-
IT-0577,Bandung Branch,Core Banking Operator,Email Server,17,5,0,Write,Valid,Internal Secure LAN,4.2,Tanpa Tiket CR,Tidak,1,1,-
IT-0578,Operations Dept,Ex-Employee,Database Server,11,6,1,Write,Bypassed,Corporate VPN,225.3,Tanpa Tiket CR,Ya (Anomali),5,5,Akses Tidak Sah Menggunakan Akun Mantan Pegawai (Ex-Employee)
IT-0579,Surabaya Branch,Senior Auditor,Email Server,15,3,0,Read,Valid,Internal Secure LAN,23.0,Tanpa Tiket CR,Tidak,2,1,-
IT-0580,Bandung Branch,Core Banking Operator,Core Banking,18,4,0,Write,Valid,Corporate VPN,10.7,Ada Tiket CR,Tidak,1,2,-
IT-0581,Head Office,System Admin,Core Banking,14,1,0,Read,Valid,Internal Secure LAN,2.9,Tanpa Tiket CR,Tidak,2,2,-
IT-0582,Surabaya Branch,Core Banking Operator,Core Banking,13,1,0,Read,Valid,Internal Secure LAN,8.5,Tanpa Tiket CR,Tidak,2,1,-
IT-0583,Finance Dept,Staff Finance,Email Server,15,5,1,Read,Valid,Internal Secure LAN,6.3,Tanpa Tiket CR,Tidak,1,1,-
IT-0584,IT Dept,IT Support,Email Server,16,4,0,Write,Valid,Internal Secure LAN,0.8,Tanpa Tiket CR,Tidak,1,1,-
IT-0585,Finance Dept,Core Banking Operator,Core Banking,18,3,0,Write,Valid,Corporate VPN,2.9,Ada Tiket CR,Tidak,1,1,-
IT-0586,Head Office,Database Administrator,Database Server,10,1,0,Read,Valid,Corporate VPN,12.1,Tanpa Tiket CR,Tidak,1,1,-
IT-0587,Surabaya Branch,Staff Finance,Core Banking,8,3,0,Read,Valid,Internal Secure LAN,4.2,Tanpa Tiket CR,Tidak,1,2,-
IT-0588,IT Dept,IT Support,Email Server,11,4,0,Read,Valid,Internal Secure LAN,7.3,Tanpa Tiket CR,Tidak,2,1,-
IT-0589,Finance Dept,Core Banking Operator,Database Server,12,5,0,Admin,Valid,Internal Secure LAN,9.1,Tanpa Tiket CR,Ya (Anomali),4,3,Pelanggaran SoD: Modifikasi Database Server Tanpa Tiket Perubahan (CR)
IT-0590,Jakarta Branch,Core Banking Operator,Core Banking,15,5,0,Read,Valid,Internal Secure LAN,1.1,Tanpa Tiket CR,Tidak,2,1,-
IT-0591,IT Dept,Database Administrator,Database Server,12,5,0,Write,Valid,Internal Secure LAN,15.7,Ada Tiket CR,Tidak,1,1,-
IT-0592,Finance Dept,Core Banking Operator,Database Server,11,5,0,Write,Valid,Internal Secure LAN,15.4,Tanpa Tiket CR,Ya (Anomali),5,3,Pelanggaran SoD: Modifikasi Database Server Tanpa Tiket Perubahan (CR)
IT-0593,IT Dept,Database Administrator,Database Server,12,1,0,Read,Valid,Internal Secure LAN,19.5,Tanpa Tiket CR,Tidak,2,2,-
IT-0594,IT Dept,IT Support,Email Server,15,3,0,Read,Valid,Internal Secure LAN,30.5,Tanpa Tiket CR,Tidak,1,1,-
IT-0595,Head Office,Core Banking Operator,Email Server,10,4,0,Read,Valid,Corporate VPN,8.5,Tanpa Tiket CR,Tidak,1,2,-
IT-0596,Finance Dept,Core Banking Operator,Core Banking,12,4,1,Read,Valid,Internal Secure LAN,0.5,Tanpa Tiket CR,Tidak,1,1,-
IT-0597,IT Dept,IT Support,Email Server,13,1,0,Read,Valid,Internal Secure LAN,15.2,Tanpa Tiket CR,Tidak,1,1,-
IT-0598,IT Dept,IT Support,Email Server,9,3,0,Read,Valid,Internal Secure LAN,13.9,Tanpa Tiket CR,Tidak,2,2,-
IT-0599,Jakarta Branch,Staff Finance,Core Banking,16,3,0,Read,Valid,Internal Secure LAN,19.1,Tanpa Tiket CR,Tidak,2,1,-
IT-0600,Head Office,Database Administrator,Database Server,12,4,0,Read,Valid,Internal Secure LAN,0.5,Tanpa Tiket CR,Tidak,1,2,-
IT-0601,Head Office,System Admin,Payment Gateway / SWIFT,12,1,0,Read,Valid,Internal Secure LAN,7.9,Tanpa Tiket CR,Tidak,2,1,-
IT-0602,IT Dept,IT Support,Core Banking,10,2,0,Read,Valid,Internal Secure LAN,64.8,Tanpa Tiket CR,Tidak,2,1,-
IT-0603,Bandung Branch,Core Banking Operator,Core Banking,18,1,0,Read,Valid,Corporate VPN,17.9,Tanpa Tiket CR,Tidak,1,1,-
IT-0604,Jakarta Branch,Senior Auditor,Payment Gateway / SWIFT,16,2,0,Read,Valid,Internal Secure LAN,3.1,Tanpa Tiket CR,Tidak,1,2,-
IT-0605,IT Dept,IT Support,Email Server,15,4,0,Write,Valid,Corporate VPN,3.4,Tanpa Tiket CR,Tidak,2,1,-
IT-0606,Head Office,Senior Auditor,Core Banking,9,3,0,Read,Valid,Corporate VPN,3.5,Tanpa Tiket CR,Tidak,2,1,-
IT-0607,Operations Dept,Ex-Employee,Database Server,20,5,0,Write,Valid,Untrusted Public IP,121.4,Tanpa Tiket CR,Ya (Anomali),5,4,Akses Tidak Sah Menggunakan Akun Mantan Pegawai (Ex-Employee)
IT-0608,Jakarta Branch,Core Banking Operator,Core Banking,8,5,0,Write,Valid,Internal Secure LAN,26.7,Ada Tiket CR,Tidak,1,1,-
IT-0609,IT Dept,Database Administrator,Core Banking,1,5,0,Read,Valid,Corporate VPN,2825.8,Tanpa Tiket CR,Ya (Anomali),5,4,Indikasi Eksfiltrasi Data Volume Ekspor Sangat Besar (2825.8 MB)
IT-0610,Operations Dept,Core Banking Operator,Email Server,12,5,0,Read,Valid,Internal Secure LAN,8.2,Tanpa Tiket CR,Tidak,1,1,-
IT-0611,Jakarta Branch,Senior Auditor,Payment Gateway / SWIFT,18,4,0,Read,Valid,Internal Secure LAN,30.3,Tanpa Tiket CR,Tidak,1,1,-
IT-0612,Surabaya Branch,Core Banking Operator,Database Server,10,5,22,Write,Failed,Corporate VPN,4.4,Tanpa Tiket CR,Ya (Anomali),5,5,Indikasi Serangan Brute Force (Gagal Login 22x)
IT-0613,IT Dept,IT Support,Core Banking,8,3,0,Write,Valid,Internal Secure LAN,26.4,Ada Tiket CR,Tidak,2,2,-
IT-0614,Operations Dept,Staff Finance,Email Server,6,7,5,Write,Bypassed,Untrusted Public IP,2.8,Tanpa Tiket CR,Ya (Anomali),5,5,Indikasi Serangan Brute Force (Gagal Login 5x)
IT-0615,IT Dept,IT Support,Email Server,8,5,1,Read,Valid,Internal Secure LAN,26.5,Tanpa Tiket CR,Tidak,1,1,-
IT-0616,Operations Dept,Core Banking Operator,Email Server,17,5,0,Read,Valid,Corporate VPN,9.4,Tanpa Tiket CR,Tidak,2,1,-
IT-0617,Jakarta Branch,Core Banking Operator,Email Server,10,5,0,Read,Valid,Internal Secure LAN,14.7,Tanpa Tiket CR,Tidak,2,1,-
IT-0618,Head Office,System Admin,Email Server,17,3,0,Read,Valid,Internal Secure LAN,1.7,Tanpa Tiket CR,Tidak,1,2,-
IT-0619,Operations Dept,Database Administrator,Core Banking,19,7,1,Write,Valid,Untrusted Public IP,2071.0,Tanpa Tiket CR,Ya (Anomali),5,5,Indikasi Eksfiltrasi Data Volume Ekspor Sangat Besar (2071.0 MB)
IT-0620,Jakarta Branch,Staff Finance,Core Banking,13,4,1,Read,Valid,Internal Secure LAN,2.4,Tanpa Tiket CR,Tidak,2,2,-
IT-0621,IT Dept,IT Support,Email Server,21,3,0,Write,Valid,Internal Secure LAN,1.5,Tanpa Tiket CR,Tidak,1,2,-
IT-0622,Finance Dept,System Admin,Core Banking,3,6,1,Write,Bypassed,Untrusted Public IP,11.0,Tanpa Tiket CR,Ya (Anomali),5,5,Bypass Autentikasi MFA Tidak Sah Melalui Jaringan Publik Tak Dikenal
IT-0623,Head Office,Core Banking Operator,Email Server,15,5,0,Read,Valid,Internal Secure LAN,10.8,Tanpa Tiket CR,Tidak,2,2,-
IT-0624,Head Office,System Admin,Email Server,11,3,0,Read,Valid,Internal Secure LAN,40.0,Tanpa Tiket CR,Tidak,2,2,-
IT-0625,Jakarta Branch,Senior Auditor,Email Server,18,1,0,Read,Valid,Internal Secure LAN,1.7,Tanpa Tiket CR,Tidak,1,1,-
IT-0626,Bandung Branch,Core Banking Operator,Core Banking,12,5,0,Read,Valid,Internal Secure LAN,26.1,Tanpa Tiket CR,Tidak,1,2,-
IT-0627,Head Office,Database Administrator,Database Server,14,6,0,Admin,Valid,Internal Secure LAN,26.4,Ada Tiket CR,Tidak,1,2,-
IT-0628,IT Dept,Database Administrator,Database Server,9,4,1,Write,Valid,Internal Secure LAN,3.6,Ada Tiket CR,Tidak,1,2,-
IT-0629,Jakarta Branch,Senior Auditor,Email Server,16,5,0,Read,Valid,Internal Secure LAN,13.3,Tanpa Tiket CR,Tidak,2,1,-
IT-0630,Surabaya Branch,Core Banking Operator,Email Server,10,1,0,Read,Valid,Corporate VPN,27.8,Tanpa Tiket CR,Tidak,2,1,-
IT-0631,Surabaya Branch,Core Banking Operator,Core Banking,18,4,0,Read,Valid,Internal Secure LAN,16.8,Tanpa Tiket CR,Tidak,1,1,-
IT-0632,IT Dept,IT Support,Core Banking,17,3,2,Read,Valid,Internal Secure LAN,47.4,Tanpa Tiket CR,Tidak,1,2,-
IT-0633,IT Dept,System Admin,Core Banking,11,1,0,Admin,Valid,Internal Secure LAN,9.7,Ada Tiket CR,Tidak,2,1,-
IT-0634,Operations Dept,Core Banking Operator,Email Server,15,4,0,Read,Valid,Internal Secure LAN,10.3,Tanpa Tiket CR,Tidak,2,2,-
IT-0635,Head Office,Core Banking Operator,Core Banking,13,5,0,Write,Valid,Corporate VPN,5.0,Ada Tiket CR,Tidak,1,2,-
IT-0636,Surabaya Branch,Staff Finance,Core Banking,7,3,0,Read,Valid,Internal Secure LAN,18.0,Tanpa Tiket CR,Tidak,1,1,-
IT-0637,Head Office,Staff Finance,Core Banking,10,3,0,Write,Valid,Internal Secure LAN,1.4,Ada Tiket CR,Tidak,2,2,-
IT-0638,Head Office,System Admin,Payment Gateway / SWIFT,14,1,1,Write,Bypassed,Untrusted Public IP,9.9,Tanpa Tiket CR,Ya (Anomali),5,5,Bypass Autentikasi MFA Tidak Sah Melalui Jaringan Publik Tak Dikenal
IT-0639,Jakarta Branch,Core Banking Operator,Core Banking,10,5,0,Read,Valid,Internal Secure LAN,7.7,Tanpa Tiket CR,Tidak,1,2,-
IT-0640,Operations Dept,Ex-Employee,Database Server,17,1,0,Write,Bypassed,Untrusted Public IP,248.7,Tanpa Tiket CR,Ya (Anomali),5,5,Akses Tidak Sah Menggunakan Akun Mantan Pegawai (Ex-Employee)
IT-0641,Jakarta Branch,Senior Auditor,Core Banking,10,1,0,Read,Valid,Internal Secure LAN,8.5,Tanpa Tiket CR,Tidak,1,2,-
IT-0642,Surabaya Branch,Core Banking Operator,Email Server,10,4,0,Read,Valid,Internal Secure LAN,19.0,Tanpa Tiket CR,Tidak,2,1,-
IT-0643,Surabaya Branch,Staff Finance,Core Banking,18,4,0,Read,Valid,Internal Secure LAN,0.5,Tanpa Tiket CR,Tidak,1,1,-
IT-0644,Jakarta Branch,Senior Auditor,Payment Gateway / SWIFT,14,1,0,Read,Valid,Internal Secure LAN,6.0,Tanpa Tiket CR,Tidak,1,2,-
IT-0645,Operations Dept,Core Banking Operator,Email Server,10,3,0,Read,Valid,Corporate VPN,9.0,Tanpa Tiket CR,Tidak,2,2,-
IT-0646,Finance Dept,Staff Finance,Core Banking,17,4,1,Read,Valid,Internal Secure LAN,12.1,Tanpa Tiket CR,Tidak,1,2,-
IT-0647,IT Dept,IT Support,Core Banking,14,2,0,Read,Valid,Internal Secure LAN,9.7,Tanpa Tiket CR,Tidak,1,2,-
IT-0648,Head Office,Senior Auditor,Core Banking,9,1,0,Read,Valid,Corporate VPN,8.2,Tanpa Tiket CR,Tidak,1,1,-
IT-0649,Operations Dept,Core Banking Operator,Core Banking,8,1,0,Read,Valid,Internal Secure LAN,7.7,Tanpa Tiket CR,Tidak,2,1,-
IT-0650,Bandung Branch,Staff Finance,Core Banking,17,2,1,Read,Valid,Internal Secure LAN,5.6,Tanpa Tiket CR,Tidak,1,1,-
IT-0651,Operations Dept,Core Banking Operator,Core Banking,16,4,0,Read,Valid,Internal Secure LAN,27.9,Tanpa Tiket CR,Tidak,1,1,-
IT-0652,Operations Dept,Ex-Employee,Payment Gateway / SWIFT,17,5,2,Read,Valid,Corporate VPN,255.1,Tanpa Tiket CR,Ya (Anomali),5,4,Akses Tidak Sah Menggunakan Akun Mantan Pegawai (Ex-Employee)
IT-0653,IT Dept,System Admin,Core Banking,16,6,1,Admin,Bypassed,Untrusted Public IP,35.3,Tanpa Tiket CR,Ya (Anomali),5,5,Bypass Autentikasi MFA Tidak Sah Melalui Jaringan Publik Tak Dikenal
IT-0654,IT Dept,IT Support,Core Banking,13,1,0,Read,Valid,Corporate VPN,17.9,Tanpa Tiket CR,Tidak,1,2,-
IT-0655,Finance Dept,Core Banking Operator,Core Banking,18,5,0,Read,Valid,Internal Secure LAN,2.2,Tanpa Tiket CR,Tidak,1,1,-
IT-0656,Jakarta Branch,Core Banking Operator,Core Banking,18,5,0,Read,Valid,Internal Secure LAN,1.7,Tanpa Tiket CR,Tidak,2,1,-
IT-0657,Finance Dept,Core Banking Operator,Database Server,11,1,0,Admin,Valid,Internal Secure LAN,0.7,Tanpa Tiket CR,Ya (Anomali),4,4,Pelanggaran SoD: Modifikasi Database Server Tanpa Tiket Perubahan (CR)
IT-0658,Head Office,Staff Finance,Core Banking,11,4,0,Read,Valid,Internal Secure LAN,17.9,Tanpa Tiket CR,Tidak,1,1,-
IT-0659,IT Dept,IT Support,Core Banking,16,2,2,Read,Valid,Corporate VPN,19.2,Tanpa Tiket CR,Tidak,1,1,-
IT-0660,Jakarta Branch,Core Banking Operator,Core Banking,11,4,1,Read,Valid,Internal Secure LAN,30.7,Tanpa Tiket CR,Tidak,2,1,-
IT-0661,Operations Dept,Staff Finance,Core Banking,13,1,0,Write,Valid,Internal Secure LAN,0.5,Ada Tiket CR,Tidak,2,1,-
IT-0662,IT Dept,IT Support,Email Server,15,2,1,Read,Valid,Internal Secure LAN,3.7,Tanpa Tiket CR,Tidak,2,1,-
IT-0663,IT Dept,System Admin,Core Banking,16,3,0,Write,Valid,Internal Secure LAN,0.5,Ada Tiket CR,Tidak,2,2,-
IT-0664,Bandung Branch,Staff Finance,Core Banking,11,5,0,Write,Valid,Corporate VPN,29.0,Ada Tiket CR,Tidak,2,1,-
IT-0665,Head Office,System Admin,Database Server,16,4,0,Read,Valid,Internal Secure LAN,9.5,Tanpa Tiket CR,Tidak,2,1,-
IT-0666,Head Office,Database Administrator,Database Server,14,5,0,Admin,Valid,Internal Secure LAN,8.5,Ada Tiket CR,Tidak,1,1,-
IT-0667,Operations Dept,Core Banking Operator,Core Banking,14,2,0,Read,Valid,Internal Secure LAN,6.1,Tanpa Tiket CR,Tidak,1,1,-
IT-0668,IT Dept,Database Administrator,Database Server,17,5,1,Read,Valid,Corporate VPN,26.8,Tanpa Tiket CR,Tidak,1,2,-
IT-0669,Operations Dept,Ex-Employee,Database Server,15,6,1,Read,Bypassed,Untrusted Public IP,347.0,Tanpa Tiket CR,Ya (Anomali),5,4,Akses Tidak Sah Menggunakan Akun Mantan Pegawai (Ex-Employee)
IT-0670,IT Dept,System Admin,Payment Gateway / SWIFT,15,4,0,Read,Valid,Internal Secure LAN,0.5,Tanpa Tiket CR,Tidak,2,1,-
IT-0671,IT Dept,IT Support,Email Server,17,5,0,Read,Valid,Corporate VPN,8.8,Tanpa Tiket CR,Tidak,1,2,-
IT-0672,Head Office,System Admin,Email Server,17,6,0,Write,Valid,Internal Secure LAN,7.6,Tanpa Tiket CR,Tidak,2,1,-
IT-0673,Bandung Branch,Staff Finance,Core Banking,12,5,0,Read,Valid,Internal Secure LAN,6.1,Tanpa Tiket CR,Tidak,1,1,-
IT-0674,Surabaya Branch,Staff Finance,Core Banking,15,3,0,Read,Valid,Internal Secure LAN,10.8,Tanpa Tiket CR,Tidak,2,1,-
IT-0675,IT Dept,Database Administrator,Database Server,10,1,0,Read,Valid,Internal Secure LAN,17.8,Tanpa Tiket CR,Tidak,1,1,-
IT-0676,Finance Dept,Staff Finance,Core Banking,12,4,0,Read,Valid,Internal Secure LAN,36.5,Tanpa Tiket CR,Tidak,1,2,-
IT-0677,Head Office,Database Administrator,Database Server,9,2,0,Write,Valid,Internal Secure LAN,2.2,Ada Tiket CR,Tidak,1,2,-
IT-0678,IT Dept,System Admin,Database Server,14,5,0,Read,Valid,Internal Secure LAN,4.9,Tanpa Tiket CR,Tidak,1,1,-
IT-0679,IT Dept,IT Support,Email Server,10,4,0,Read,Valid,Internal Secure LAN,14.0,Tanpa Tiket CR,Tidak,1,2,-
IT-0680,Head Office,Senior Auditor,Email Server,9,5,1,Read,Valid,Internal Secure LAN,14.8,Tanpa Tiket CR,Tidak,1,1,-
IT-0681,Finance Dept,Core Banking Operator,Core Banking,15,1,0,Read,Valid,Internal Secure LAN,8.1,Tanpa Tiket CR,Tidak,2,1,-
IT-0682,Surabaya Branch,Core Banking Operator,Core Banking,16,4,0,Read,Valid,Internal Secure LAN,7.7,Tanpa Tiket CR,Tidak,1,1,-
IT-0683,Surabaya Branch,Senior Auditor,Database Server,11,2,0,Read,Valid,Internal Secure LAN,35.3,Tanpa Tiket CR,Tidak,1,2,-
IT-0684,Head Office,System Admin,Payment Gateway / SWIFT,13,1,0,Read,Valid,Internal Secure LAN,15.8,Tanpa Tiket CR,Tidak,1,1,-
IT-0685,IT Dept,System Admin,Database Server,13,4,0,Write,Valid,Internal Secure LAN,15.1,Ada Tiket CR,Tidak,2,1,-
IT-0686,Surabaya Branch,Senior Auditor,Database Server,10,4,0,Read,Valid,Corporate VPN,2.7,Tanpa Tiket CR,Tidak,2,1,-
IT-0687,Finance Dept,Core Banking Operator,Core Banking,21,6,1,Write,Valid,Corporate VPN,4001.0,Tanpa Tiket CR,Ya (Anomali),5,4,Indikasi Eksfiltrasi Data Volume Ekspor Sangat Besar (4001.0 MB)
IT-0688,IT Dept,IT Support,Core Banking,11,5,0,Read,Valid,Corporate VPN,16.1,Tanpa Tiket CR,Tidak,2,1,-
IT-0689,Bandung Branch,System Admin,Payment Gateway / SWIFT,12,2,0,Admin,Bypassed,Untrusted Public IP,2.2,Tanpa Tiket CR,Ya (Anomali),5,5,Bypass Autentikasi MFA Tidak Sah Melalui Jaringan Publik Tak Dikenal
IT-0690,Finance Dept,Staff Finance,Database Server,9,2,0,Write,Valid,Internal Secure LAN,5.7,Tanpa Tiket CR,Ya (Anomali),5,3,Pelanggaran SoD: Modifikasi Database Server Tanpa Tiket Perubahan (CR)
IT-0691,Head Office,Core Banking Operator,Core Banking,10,4,0,Read,Valid,Internal Secure LAN,1.6,Tanpa Tiket CR,Tidak,1,1,-
IT-0692,Head Office,Database Administrator,Database Server,8,5,1,Admin,Valid,Internal Secure LAN,10.2,Ada Tiket CR,Tidak,1,1,-
IT-0693,Finance Dept,Core Banking Operator,Email Server,8,2,0,Write,Valid,Internal Secure LAN,9.9,Tanpa Tiket CR,Tidak,1,1,-
IT-0694,Head Office,Core Banking Operator,Core Banking,10,5,0,Read,Valid,Internal Secure LAN,2.3,Tanpa Tiket CR,Tidak,1,1,-
IT-0695,IT Dept,IT Support,Email Server,9,4,0,Read,Valid,Internal Secure LAN,3.4,Tanpa Tiket CR,Tidak,1,1,-
IT-0696,Operations Dept,Core Banking Operator,Core Banking,18,1,0,Read,Valid,Internal Secure LAN,8.3,Tanpa Tiket CR,Tidak,2,1,-
IT-0697,IT Dept,Database Administrator,Database Server,15,5,0,Read,Valid,Internal Secure LAN,49.8,Tanpa Tiket CR,Tidak,2,2,-
IT-0698,Head Office,Database Administrator,Database Server,9,4,2,Write,Valid,Internal Secure LAN,19.3,Ada Tiket CR,Tidak,1,1,-
IT-0699,IT Dept,System Admin,Database Server,20,1,0,Write,Valid,Internal Secure LAN,6.5,Ada Tiket CR,Tidak,2,2,-
IT-0700,Bandung Branch,Core Banking Operator,Core Banking,14,1,1,Read,Valid,Internal Secure LAN,26.2,Tanpa Tiket CR,Tidak,1,1,-
IT-0701,IT Dept,IT Support,Core Banking,14,3,0,Write,Valid,Internal Secure LAN,11.8,Ada Tiket CR,Tidak,1,1,-
IT-0702,Finance Dept,Core Banking Operator,Core Banking,13,5,0,Write,Valid,Internal Secure LAN,0.5,Ada Tiket CR,Tidak,1,1,-
IT-0703,Bandung Branch,Core Banking Operator,Core Banking,11,2,0,Read,Valid,Internal Secure LAN,7.7,Tanpa Tiket CR,Tidak,2,1,-
IT-0704,IT Dept,IT Support,Core Banking,12,3,0,Write,Valid,Internal Secure LAN,17.1,Ada Tiket CR,Tidak,2,2,-
IT-0705,IT Dept,IT Support,Email Server,16,5,0,Read,Valid,Internal Secure LAN,28.8,Tanpa Tiket CR,Tidak,2,1,-
IT-0706,IT Dept,IT Support,Core Banking,8,5,0,Read,Valid,Corporate VPN,7.2,Tanpa Tiket CR,Tidak,1,2,-
IT-0707,IT Dept,IT Support,Email Server,15,1,0,Read,Valid,Internal Secure LAN,16.4,Tanpa Tiket CR,Tidak,1,1,-
IT-0708,Head Office,Database Administrator,Database Server,10,3,0,Write,Valid,Internal Secure LAN,36.5,Ada Tiket CR,Tidak,2,1,-
IT-0709,Bandung Branch,Staff Finance,Core Banking,12,4,0,Write,Valid,Internal Secure LAN,6.8,Ada Tiket CR,Tidak,2,1,-
IT-0710,Jakarta Branch,Core Banking Operator,Core Banking,21,7,0,Read,Valid,Internal Secure LAN,18.8,Tanpa Tiket CR,Tidak,2,1,-
IT-0711,Head Office,Database Administrator,Database Server,17,3,0,Admin,Valid,Internal Secure LAN,6.1,Ada Tiket CR,Tidak,2,2,-
IT-0712,Jakarta Branch,Core Banking Operator,Email Server,10,4,0,Write,Valid,Corporate VPN,9.8,Tanpa Tiket CR,Tidak,2,1,-
IT-0713,Head Office,Core Banking Operator,Email Server,12,4,0,Read,Valid,Internal Secure LAN,4.7,Tanpa Tiket CR,Tidak,2,2,-
IT-0714,IT Dept,Staff Finance,Database Server,6,5,15,Admin,Bypassed,Untrusted Public IP,6.2,Tanpa Tiket CR,Ya (Anomali),4,5,Indikasi Serangan Brute Force (Gagal Login 15x)
IT-0715,Surabaya Branch,Staff Finance,Core Banking,9,5,0,Read,Valid,Internal Secure LAN,0.5,Tanpa Tiket CR,Tidak,2,1,-
IT-0716,Finance Dept,Core Banking Operator,Core Banking,20,1,0,Read,Valid,Internal Secure LAN,30.7,Tanpa Tiket CR,Tidak,1,2,-
IT-0717,Operations Dept,Staff Finance,Core Banking,12,3,0,Read,Valid,Internal Secure LAN,36.0,Tanpa Tiket CR,Tidak,1,1,-
IT-0718,Head Office,Database Administrator,Database Server,9,3,0,Write,Valid,Internal Secure LAN,1.4,Ada Tiket CR,Tidak,2,2,-
IT-0719,Surabaya Branch,Senior Auditor,Database Server,11,1,0,Read,Valid,Internal Secure LAN,8.2,Tanpa Tiket CR,Tidak,1,1,-
IT-0720,Bandung Branch,Core Banking Operator,Email Server,16,4,0,Read,Valid,Internal Secure LAN,41.2,Tanpa Tiket CR,Tidak,1,2,-
IT-0721,Finance Dept,Core Banking Operator,Database Server,23,4,1,Read,Valid,Untrusted Public IP,1724.7,Tanpa Tiket CR,Ya (Anomali),5,4,Indikasi Eksfiltrasi Data Volume Ekspor Sangat Besar (1724.7 MB)
IT-0722,IT Dept,Database Administrator,Database Server,9,4,0,Read,Valid,Internal Secure LAN,3.2,Tanpa Tiket CR,Tidak,2,1,-
IT-0723,IT Dept,IT Support,Email Server,18,5,0,Read,Valid,Internal Secure LAN,8.4,Tanpa Tiket CR,Tidak,2,1,-
IT-0724,IT Dept,Database Administrator,Database Server,12,1,0,Write,Valid,Internal Secure LAN,9.6,Ada Tiket CR,Tidak,1,1,-
IT-0725,Finance Dept,Core Banking Operator,Core Banking,13,5,0,Read,Valid,Internal Secure LAN,49.4,Tanpa Tiket CR,Tidak,1,1,-
IT-0726,Head Office,Staff Finance,Core Banking,9,4,0,Read,Valid,Internal Secure LAN,10.4,Tanpa Tiket CR,Tidak,2,2,-
IT-0727,Jakarta Branch,Core Banking Operator,Core Banking,10,4,0,Write,Valid,Corporate VPN,1.0,Ada Tiket CR,Tidak,2,1,-
IT-0728,Operations Dept,Core Banking Operator,Core Banking,18,2,0,Read,Valid,Internal Secure LAN,25.1,Tanpa Tiket CR,Tidak,1,1,-
IT-0729,Operations Dept,Core Banking Operator,Core Banking,18,6,0,Read,Valid,Internal Secure LAN,2.3,Tanpa Tiket CR,Tidak,1,1,-
IT-0730,Finance Dept,Core Banking Operator,Core Banking,17,2,0,Read,Valid,Internal Secure LAN,19.6,Tanpa Tiket CR,Tidak,2,2,-
IT-0731,Operations Dept,Core Banking Operator,Core Banking,11,1,0,Read,Valid,Internal Secure LAN,1.9,Tanpa Tiket CR,Tidak,1,1,-
IT-0732,Jakarta Branch,Senior Auditor,Core Banking,15,5,0,Read,Valid,Corporate VPN,2.3,Tanpa Tiket CR,Tidak,1,2,-
IT-0733,Head Office,Core Banking Operator,Email Server,14,5,0,Read,Valid,Internal Secure LAN,8.8,Tanpa Tiket CR,Tidak,1,1,-
IT-0734,Jakarta Branch,System Admin,Database Server,21,6,14,Admin,Bypassed,Untrusted Public IP,2.9,Tanpa Tiket CR,Ya (Anomali),5,5,Indikasi Serangan Brute Force (Gagal Login 14x)
IT-0735,Finance Dept,Staff Finance,Core Banking,13,2,0,Write,Valid,Internal Secure LAN,2.0,Ada Tiket CR,Tidak,1,1,-
IT-0736,Head Office,Core Banking Operator,Core Banking,10,5,0,Read,Valid,Corporate VPN,41.6,Tanpa Tiket CR,Tidak,2,1,-
IT-0737,Jakarta Branch,Senior Auditor,Payment Gateway / SWIFT,13,3,0,Read,Valid,Internal Secure LAN,4.9,Tanpa Tiket CR,Tidak,1,2,-
IT-0738,IT Dept,System Admin,Payment Gateway / SWIFT,19,5,0,Admin,Bypassed,Untrusted Public IP,10.6,Tanpa Tiket CR,Ya (Anomali),5,5,Bypass Autentikasi MFA Tidak Sah Melalui Jaringan Publik Tak Dikenal
IT-0739,Operations Dept,Core Banking Operator,Core Banking,15,3,0,Read,Valid,Internal Secure LAN,17.0,Tanpa Tiket CR,Tidak,1,1,-
IT-0740,Finance Dept,Staff Finance,Email Server,16,1,0,Read,Valid,Corporate VPN,13.1,Tanpa Tiket CR,Tidak,1,1,-
IT-0741,Surabaya Branch,Senior Auditor,Payment Gateway / SWIFT,11,5,2,Read,Valid,Internal Secure LAN,17.3,Tanpa Tiket CR,Tidak,1,1,-
IT-0742,Finance Dept,Staff Finance,Email Server,15,2,0,Read,Valid,Corporate VPN,40.4,Tanpa Tiket CR,Tidak,1,1,-
IT-0743,Head Office,System Admin,Email Server,18,2,0,Read,Valid,Internal Secure LAN,9.4,Tanpa Tiket CR,Tidak,1,1,-
IT-0744,Jakarta Branch,Core Banking Operator,Email Server,10,5,0,Read,Valid,Corporate VPN,14.2,Tanpa Tiket CR,Tidak,2,1,-
IT-0745,IT Dept,IT Support,Email Server,8,1,1,Read,Valid,Internal Secure LAN,2.7,Tanpa Tiket CR,Tidak,1,1,-
IT-0746,Finance Dept,Staff Finance,Core Banking,9,1,0,Write,Valid,Internal Secure LAN,10.8,Ada Tiket CR,Tidak,1,1,-
IT-0747,IT Dept,IT Support,Email Server,15,3,0,Read,Valid,Internal Secure LAN,9.9,Tanpa Tiket CR,Tidak,1,2,-
IT-0748,Operations Dept,Ex-Employee,Payment Gateway / SWIFT,14,7,1,Read,Valid,Untrusted Public IP,432.8,Tanpa Tiket CR,Ya (Anomali),5,4,Akses Tidak Sah Menggunakan Akun Mantan Pegawai (Ex-Employee)
IT-0749,Jakarta Branch,Ex-Employee,Database Server,16,1,1,Read,Bypassed,Untrusted Public IP,490.5,Tanpa Tiket CR,Ya (Anomali),5,5,Akses Tidak Sah Menggunakan Akun Mantan Pegawai (Ex-Employee)
IT-0750,Finance Dept,Staff Finance,Core Banking,17,4,0,Read,Valid,Corporate VPN,0.8,Tanpa Tiket CR,Tidak,2,1,-
IT-0751,Head Office,Senior Auditor,Email Server,9,3,0,Read,Valid,Internal Secure LAN,0.5,Tanpa Tiket CR,Tidak,1,1,-
IT-0752,Jakarta Branch,Senior Auditor,Payment Gateway / SWIFT,13,1,0,Read,Valid,Internal Secure LAN,8.9,Tanpa Tiket CR,Tidak,2,1,-
IT-0753,IT Dept,System Admin,Database Server,15,3,0,Write,Valid,Internal Secure LAN,16.2,Ada Tiket CR,Tidak,1,2,-
IT-0754,IT Dept,Database Administrator,Database Server,14,1,0,Read,Valid,Internal Secure LAN,2.4,Tanpa Tiket CR,Tidak,2,1,-
IT-0755,Head Office,Senior Auditor,Payment Gateway / SWIFT,17,1,0,Read,Valid,Internal Secure LAN,23.6,Tanpa Tiket CR,Tidak,1,1,-
IT-0756,Head Office,Senior Auditor,Core Banking,16,5,0,Read,Valid,Internal Secure LAN,5.3,Tanpa Tiket CR,Tidak,1,1,-
IT-0757,Operations Dept,Staff Finance,Core Banking,8,3,0,Read,Valid,Internal Secure LAN,15.9,Tanpa Tiket CR,Tidak,1,1,-
IT-0758,IT Dept,Database Administrator,Database Server,13,4,0,Write,Valid,Internal Secure LAN,2.7,Ada Tiket CR,Tidak,1,1,-
IT-0759,Head Office,System Admin,Core Banking,18,5,0,Admin,Bypassed,Untrusted Public IP,2.3,Tanpa Tiket CR,Ya (Anomali),5,5,Bypass Autentikasi MFA Tidak Sah Melalui Jaringan Publik Tak Dikenal
IT-0760,IT Dept,Database Administrator,Database Server,9,5,0,Admin,Valid,Internal Secure LAN,10.2,Ada Tiket CR,Tidak,2,1,-
IT-0761,IT Dept,IT Support,Email Server,10,1,0,Write,Valid,Internal Secure LAN,17.4,Tanpa Tiket CR,Tidak,2,1,-
IT-0762,Jakarta Branch,Core Banking Operator,Email Server,10,1,0,Read,Valid,Internal Secure LAN,2.1,Tanpa Tiket CR,Tidak,1,1,-
IT-0763,IT Dept,System Admin,Database Server,13,2,0,Read,Valid,Corporate VPN,3.3,Tanpa Tiket CR,Tidak,2,2,-
IT-0764,IT Dept,IT Support,Email Server,16,5,0,Read,Valid,Corporate VPN,14.7,Tanpa Tiket CR,Tidak,2,1,-
IT-0765,IT Dept,IT Support,Core Banking,18,2,0,Read,Valid,Internal Secure LAN,2.9,Tanpa Tiket CR,Tidak,1,2,-
IT-0766,IT Dept,System Admin,Core Banking,7,5,10,Read,Failed,Corporate VPN,11.0,Tanpa Tiket CR,Ya (Anomali),4,5,Indikasi Serangan Brute Force (Gagal Login 10x)
IT-0767,Surabaya Branch,Senior Auditor,Email Server,15,3,0,Read,Valid,Internal Secure LAN,23.3,Tanpa Tiket CR,Tidak,2,1,-
IT-0768,Surabaya Branch,Staff Finance,Core Banking,18,3,0,Read,Valid,Internal Secure LAN,7.5,Tanpa Tiket CR,Tidak,1,1,-
IT-0769,Jakarta Branch,Core Banking Operator,Email Server,12,4,0,Write,Valid,Internal Secure LAN,17.7,Tanpa Tiket CR,Tidak,1,1,-
IT-0770,Finance Dept,Core Banking Operator,Core Banking,8,5,0,Read,Valid,Internal Secure LAN,7.6,Tanpa Tiket CR,Tidak,1,1,-
IT-0771,IT Dept,System Admin,Database Server,16,2,0,Read,Valid,Internal Secure LAN,0.7,Tanpa Tiket CR,Tidak,1,2,-
IT-0772,Jakarta Branch,Core Banking Operator,Core Banking,15,5,0,Write,Valid,Corporate VPN,23.8,Ada Tiket CR,Tidak,1,2,-
IT-0773,Operations Dept,Core Banking Operator,Core Banking,17,1,0,Write,Valid,Internal Secure LAN,5.6,Ada Tiket CR,Tidak,1,1,-
IT-0774,IT Dept,Core Banking Operator,Core Banking,20,1,0,Write,Valid,Untrusted Public IP,1253.7,Tanpa Tiket CR,Ya (Anomali),5,5,Indikasi Eksfiltrasi Data Volume Ekspor Sangat Besar (1253.7 MB)
IT-0775,Head Office,Database Administrator,Database Server,11,2,0,Write,Valid,Internal Secure LAN,25.1,Ada Tiket CR,Tidak,1,1,-
IT-0776,Head Office,Staff Finance,Email Server,11,2,0,Read,Valid,Internal Secure LAN,17.8,Tanpa Tiket CR,Tidak,1,2,-
IT-0777,Finance Dept,Core Banking Operator,Core Banking,9,5,0,Read,Valid,Internal Secure LAN,17.7,Tanpa Tiket CR,Tidak,1,2,-
IT-0778,Finance Dept,Staff Finance,Database Server,16,5,0,Write,Valid,Internal Secure LAN,8.8,Tanpa Tiket CR,Ya (Anomali),5,4,Pelanggaran SoD: Modifikasi Database Server Tanpa Tiket Perubahan (CR)
IT-0779,Surabaya Branch,Senior Auditor,Payment Gateway / SWIFT,16,5,0,Read,Valid,Internal Secure LAN,25.6,Tanpa Tiket CR,Tidak,2,1,-
IT-0780,IT Dept,IT Support,Core Banking,14,2,0,Read,Valid,Internal Secure LAN,22.0,Tanpa Tiket CR,Tidak,2,1,-
IT-0781,IT Dept,IT Support,Core Banking,8,4,0,Read,Valid,Internal Secure LAN,7.8,Tanpa Tiket CR,Tidak,2,1,-
IT-0782,IT Dept,IT Support,Core Banking,15,2,0,Read,Valid,Internal Secure LAN,1.3,Tanpa Tiket CR,Tidak,1,2,-
IT-0783,Surabaya Branch,Senior Auditor,Database Server,9,2,1,Read,Valid,Internal Secure LAN,18.5,Tanpa Tiket CR,Tidak,2,1,-
IT-0784,Head Office,System Admin,Database Server,15,4,0,Read,Valid,Corporate VPN,29.2,Tanpa Tiket CR,Tidak,2,2,-
IT-0785,Operations Dept,Staff Finance,Database Server,12,5,0,Write,Valid,Internal Secure LAN,27.2,Tanpa Tiket CR,Ya (Anomali),4,4,Pelanggaran SoD: Modifikasi Database Server Tanpa Tiket Perubahan (CR)
IT-0786,IT Dept,System Admin,Database Server,17,3,0,Write,Valid,Internal Secure LAN,0.5,Ada Tiket CR,Tidak,2,1,-
IT-0787,Head Office,Database Administrator,Database Server,17,2,0,Read,Valid,Internal Secure LAN,32.6,Tanpa Tiket CR,Tidak,2,2,-
IT-0788,Surabaya Branch,Senior Auditor,Database Server,16,2,0,Read,Valid,Internal Secure LAN,7.6,Tanpa Tiket CR,Tidak,1,1,-
IT-0789,Finance Dept,Staff Finance,Email Server,8,3,0,Read,Valid,Internal Secure LAN,11.4,Tanpa Tiket CR,Tidak,2,1,-
IT-0790,Surabaya Branch,Senior Auditor,Payment Gateway / SWIFT,21,1,0,Read,Valid,Internal Secure LAN,7.6,Tanpa Tiket CR,Tidak,1,1,-
IT-0791,Finance Dept,Ex-Employee,Database Server,12,1,1,Read,Bypassed,Untrusted Public IP,112.2,Tanpa Tiket CR,Ya (Anomali),5,5,Akses Tidak Sah Menggunakan Akun Mantan Pegawai (Ex-Employee)
IT-0792,IT Dept,IT Support,Core Banking,13,7,0,Read,Valid,Internal Secure LAN,19.4,Tanpa Tiket CR,Tidak,1,1,-
IT-0793,Operations Dept,Staff Finance,Core Banking,0,1,1,Write,Valid,Corporate VPN,2688.7,Tanpa Tiket CR,Ya (Anomali),5,5,Indikasi Eksfiltrasi Data Volume Ekspor Sangat Besar (2688.7 MB)
IT-0794,Operations Dept,Core Banking Operator,Core Banking,12,4,0,Write,Valid,Internal Secure LAN,4.1,Ada Tiket CR,Tidak,2,2,-
IT-0795,IT Dept,Database Administrator,Database Server,8,2,0,Write,Valid,Internal Secure LAN,2.0,Ada Tiket CR,Tidak,2,2,-
IT-0796,Surabaya Branch,Staff Finance,Core Banking,8,4,1,Read,Valid,Internal Secure LAN,12.6,Tanpa Tiket CR,Tidak,1,2,-
IT-0797,Head Office,Database Administrator,Database Server,15,5,0,Write,Valid,Internal Secure LAN,4.3,Ada Tiket CR,Tidak,1,1,-
IT-0798,Operations Dept,System Admin,Payment Gateway / SWIFT,2,7,1,Admin,Bypassed,Untrusted Public IP,64.0,Tanpa Tiket CR,Ya (Anomali),5,4,Akses Admin Sistem Kritis Dini Hari Akhir Pekan (Jam 2) dari IP Publik
IT-0799,Head Office,Staff Finance,Core Banking,17,2,0,Read,Valid,Internal Secure LAN,0.7,Tanpa Tiket CR,Tidak,1,1,-
IT-0800,Finance Dept,Database Administrator,Core Banking,0,6,0,Read,Valid,Corporate VPN,3859.4,Tanpa Tiket CR,Ya (Anomali),5,5,Indikasi Eksfiltrasi Data Volume Ekspor Sangat Besar (3859.4 MB)
IT-0801,Operations Dept,Core Banking Operator,Database Server,17,4,0,Admin,Valid,Internal Secure LAN,4.8,Tanpa Tiket CR,Ya (Anomali),4,3,Pelanggaran SoD: Modifikasi Database Server Tanpa Tiket Perubahan (CR)
IT-0802,Finance Dept,Core Banking Operator,Payment Gateway / SWIFT,21,3,0,Write,Bypassed,Untrusted Public IP,23.6,Tanpa Tiket CR,Ya (Anomali),5,5,Bypass Autentikasi MFA Tidak Sah Melalui Jaringan Publik Tak Dikenal
IT-0803,Head Office,Senior Auditor,Payment Gateway / SWIFT,13,5,0,Read,Valid,Internal Secure LAN,31.8,Tanpa Tiket CR,Tidak,1,1,-
IT-0804,Surabaya Branch,Senior Auditor,Database Server,13,4,0,Read,Valid,Internal Secure LAN,16.7,Tanpa Tiket CR,Tidak,1,1,-
IT-0805,IT Dept,IT Support,Email Server,12,1,1,Read,Valid,Internal Secure LAN,3.3,Tanpa Tiket CR,Tidak,1,2,-
IT-0806,Finance Dept,Staff Finance,Core Banking,10,3,0,Read,Valid,Internal Secure LAN,5.7,Tanpa Tiket CR,Tidak,2,2,-
IT-0807,Surabaya Branch,Staff Finance,Email Server,8,3,7,Write,Failed,Corporate VPN,2.1,Tanpa Tiket CR,Ya (Anomali),5,5,Indikasi Serangan Brute Force (Gagal Login 7x)
IT-0808,Jakarta Branch,Senior Auditor,Payment Gateway / SWIFT,11,3,1,Read,Valid,Corporate VPN,21.0,Tanpa Tiket CR,Tidak,1,1,-
IT-0809,Head Office,Core Banking Operator,Core Banking,18,2,0,Write,Valid,Internal Secure LAN,28.9,Ada Tiket CR,Tidak,1,1,-
IT-0810,IT Dept,IT Support,Core Banking,9,3,0,Read,Valid,Internal Secure LAN,24.7,Tanpa Tiket CR,Tidak,1,1,-
IT-0811,Surabaya Branch,Core Banking Operator,Database Server,14,1,21,Write,Failed,Untrusted Public IP,0.7,Tanpa Tiket CR,Ya (Anomali),4,5,Indikasi Serangan Brute Force (Gagal Login 21x)
IT-0812,Bandung Branch,System Admin,Core Banking,1,1,0,Write,Bypassed,Untrusted Public IP,15.1,Tanpa Tiket CR,Ya (Anomali),5,5,Bypass Autentikasi MFA Tidak Sah Melalui Jaringan Publik Tak Dikenal
IT-0813,Surabaya Branch,Core Banking Operator,Email Server,21,1,0,Read,Valid,Internal Secure LAN,13.0,Tanpa Tiket CR,Tidak,1,1,-
IT-0814,Head Office,Database Administrator,Database Server,17,1,1,Read,Valid,Internal Secure LAN,7.0,Tanpa Tiket CR,Tidak,2,1,-
IT-0815,Operations Dept,IT Support,Payment Gateway / SWIFT,2,7,1,Admin,Bypassed,Untrusted Public IP,13.7,Tanpa Tiket CR,Ya (Anomali),5,5,Akses Admin Sistem Kritis Dini Hari Akhir Pekan (Jam 2) dari IP Publik
IT-0816,Surabaya Branch,Senior Auditor,Payment Gateway / SWIFT,17,3,0,Read,Valid,Internal Secure LAN,15.9,Tanpa Tiket CR,Tidak,1,1,-
IT-0817,IT Dept,IT Support,Core Banking,21,6,0,Read,Valid,Internal Secure LAN,20.9,Tanpa Tiket CR,Tidak,1,2,-
IT-0818,Finance Dept,Staff Finance,Core Banking,11,3,0,Read,Valid,Internal Secure LAN,15.3,Tanpa Tiket CR,Tidak,1,1,-
IT-0819,Surabaya Branch,System Admin,Core Banking,20,5,0,Write,Bypassed,Untrusted Public IP,6.9,Tanpa Tiket CR,Ya (Anomali),5,5,Bypass Autentikasi MFA Tidak Sah Melalui Jaringan Publik Tak Dikenal
IT-0820,Operations Dept,Staff Finance,Core Banking,9,1,0,Read,Valid,Internal Secure LAN,1.3,Tanpa Tiket CR,Tidak,1,1,-
IT-0821,Bandung Branch,Core Banking Operator,Email Server,9,1,0,Read,Valid,Internal Secure LAN,4.8,Tanpa Tiket CR,Tidak,1,2,-
IT-0822,IT Dept,IT Support,Core Banking,9,4,0,Read,Valid,Internal Secure LAN,6.5,Tanpa Tiket CR,Tidak,1,1,-
IT-0823,IT Dept,System Admin,Email Server,15,2,0,Read,Valid,Internal Secure LAN,19.9,Tanpa Tiket CR,Tidak,2,1,-
IT-0824,Operations Dept,Core Banking Operator,Core Banking,10,2,0,Read,Valid,Corporate VPN,4.7,Tanpa Tiket CR,Tidak,1,1,-
IT-0825,Surabaya Branch,Core Banking Operator,Core Banking,14,2,0,Write,Valid,Internal Secure LAN,7.9,Ada Tiket CR,Tidak,1,2,-
IT-0826,IT Dept,Staff Finance,Core Banking,1,1,1,Write,Valid,Untrusted Public IP,1226.6,Tanpa Tiket CR,Ya (Anomali),5,4,Indikasi Eksfiltrasi Data Volume Ekspor Sangat Besar (1226.6 MB)
IT-0827,Operations Dept,Core Banking Operator,Email Server,17,1,0,Read,Valid,Internal Secure LAN,17.6,Tanpa Tiket CR,Tidak,2,2,-
IT-0828,Bandung Branch,Core Banking Operator,Email Server,12,3,0,Read,Valid,Internal Secure LAN,0.5,Tanpa Tiket CR,Tidak,1,1,-
IT-0829,Finance Dept,Core Banking Operator,Core Banking,17,4,0,Read,Valid,Corporate VPN,9.1,Tanpa Tiket CR,Tidak,1,2,-
IT-0830,Operations Dept,Core Banking Operator,Database Server,1,4,9,Write,Bypassed,Corporate VPN,13.7,Tanpa Tiket CR,Ya (Anomali),4,5,Indikasi Serangan Brute Force (Gagal Login 9x)
IT-0831,Surabaya Branch,Staff Finance,Core Banking,18,5,0,Read,Valid,Internal Secure LAN,5.8,Tanpa Tiket CR,Tidak,1,1,-
IT-0832,Bandung Branch,Staff Finance,Email Server,8,2,0,Write,Valid,Internal Secure LAN,0.5,Tanpa Tiket CR,Tidak,1,1,-
IT-0833,Jakarta Branch,Core Banking Operator,Core Banking,17,1,0,Read,Valid,Internal Secure LAN,3.8,Tanpa Tiket CR,Tidak,2,1,-
IT-0834,IT Dept,Database Administrator,Database Server,13,5,0,Write,Valid,Internal Secure LAN,5.0,Ada Tiket CR,Tidak,2,1,-
IT-0835,Head Office,System Admin,Core Banking,15,7,0,Admin,Valid,Internal Secure LAN,5.3,Ada Tiket CR,Tidak,2,1,-
IT-0836,Surabaya Branch,System Admin,Core Banking,4,3,18,Read,Failed,Corporate VPN,4.8,Tanpa Tiket CR,Ya (Anomali),4,5,Indikasi Serangan Brute Force (Gagal Login 18x)
IT-0837,Finance Dept,Staff Finance,Email Server,11,3,0,Read,Valid,Internal Secure LAN,20.3,Tanpa Tiket CR,Tidak,2,2,-
IT-0838,Bandung Branch,Staff Finance,Core Banking,15,4,0,Read,Valid,Internal Secure LAN,2.4,Tanpa Tiket CR,Tidak,2,1,-
IT-0839,Bandung Branch,Core Banking Operator,Core Banking,13,1,0,Write,Valid,Internal Secure LAN,3.6,Ada Tiket CR,Tidak,2,1,-
IT-0840,Bandung Branch,System Admin,Core Banking,23,1,7,Admin,Bypassed,Corporate VPN,9.2,Tanpa Tiket CR,Ya (Anomali),5,5,Indikasi Serangan Brute Force (Gagal Login 7x)
IT-0841,Finance Dept,Staff Finance,Core Banking,16,3,0,Read,Valid,Internal Secure LAN,15.1,Tanpa Tiket CR,Tidak,1,1,-
IT-0842,IT Dept,IT Support,Core Banking,9,1,0,Read,Valid,Internal Secure LAN,3.0,Tanpa Tiket CR,Tidak,1,1,-
IT-0843,Surabaya Branch,Staff Finance,Core Banking,16,5,0,Write,Valid,Internal Secure LAN,5.4,Ada Tiket CR,Tidak,2,1,-
IT-0844,IT Dept,IT Support,Email Server,15,2,2,Read,Valid,Internal Secure LAN,27.8,Tanpa Tiket CR,Tidak,2,2,-
IT-0845,Surabaya Branch,Core Banking Operator,Core Banking,15,2,0,Read,Valid,Internal Secure LAN,6.3,Tanpa Tiket CR,Tidak,1,1,-
IT-0846,IT Dept,IT Support,Core Banking,12,6,0,Read,Valid,Internal Secure LAN,12.2,Tanpa Tiket CR,Tidak,2,2,-
IT-0847,Head Office,Core Banking Operator,Email Server,1,3,11,Admin,Bypassed,Corporate VPN,1.1,Tanpa Tiket CR,Ya (Anomali),4,5,Indikasi Serangan Brute Force (Gagal Login 11x)
IT-0848,Head Office,Staff Finance,Core Banking,10,4,0,Read,Valid,Internal Secure LAN,36.6,Tanpa Tiket CR,Tidak,2,1,-
IT-0849,Bandung Branch,Staff Finance,Email Server,17,3,1,Read,Valid,Internal Secure LAN,20.6,Tanpa Tiket CR,Tidak,2,2,-
IT-0850,Finance Dept,Core Banking Operator,Core Banking,10,5,0,Read,Valid,Corporate VPN,1.7,Tanpa Tiket CR,Tidak,2,2,-
IT-0851,Surabaya Branch,Core Banking Operator,Core Banking,15,4,0,Write,Valid,Internal Secure LAN,7.2,Ada Tiket CR,Tidak,2,1,-
IT-0852,Bandung Branch,Core Banking Operator,Email Server,8,6,0,Read,Valid,Internal Secure LAN,35.5,Tanpa Tiket CR,Tidak,2,2,-
IT-0853,Jakarta Branch,Staff Finance,Email Server,12,5,0,Read,Valid,Internal Secure LAN,2.8,Tanpa Tiket CR,Tidak,1,1,-
IT-0854,Head Office,Database Administrator,Database Server,12,1,0,Write,Valid,Internal Secure LAN,49.2,Ada Tiket CR,Tidak,1,2,-
IT-0855,Surabaya Branch,Core Banking Operator,Core Banking,17,1,0,Read,Valid,Internal Secure LAN,9.7,Tanpa Tiket CR,Tidak,2,2,-
IT-0856,Head Office,Database Administrator,Database Server,14,3,1,Read,Valid,Internal Secure LAN,15.9,Tanpa Tiket CR,Tidak,1,1,-
IT-0857,Head Office,Core Banking Operator,Email Server,18,5,0,Read,Valid,Internal Secure LAN,29.2,Tanpa Tiket CR,Tidak,1,1,-
IT-0858,Surabaya Branch,Staff Finance,Core Banking,13,3,0,Read,Valid,Corporate VPN,2.0,Tanpa Tiket CR,Tidak,1,1,-
IT-0859,Head Office,Staff Finance,Core Banking,12,2,0,Read,Valid,Internal Secure LAN,2.7,Tanpa Tiket CR,Tidak,1,2,-
IT-0860,Head Office,Core Banking Operator,Core Banking,9,3,0,Write,Valid,Internal Secure LAN,4.6,Ada Tiket CR,Tidak,1,2,-
IT-0861,Head Office,Core Banking Operator,Core Banking,16,3,0,Read,Valid,Corporate VPN,6.1,Tanpa Tiket CR,Tidak,2,1,-
IT-0862,IT Dept,Database Administrator,Database Server,7,5,0,Admin,Valid,Internal Secure LAN,2.4,Ada Tiket CR,Tidak,2,1,-
IT-0863,Head Office,Database Administrator,Database Server,17,5,0,Read,Valid,Internal Secure LAN,3.9,Tanpa Tiket CR,Tidak,2,2,-
IT-0864,Head Office,Database Administrator,Database Server,13,1,0,Write,Valid,Internal Secure LAN,12.3,Ada Tiket CR,Tidak,2,1,-
IT-0865,Head Office,Staff Finance,Email Server,16,4,0,Read,Valid,Internal Secure LAN,9.0,Tanpa Tiket CR,Tidak,1,1,-
IT-0866,Head Office,System Admin,Core Banking,9,5,0,Write,Valid,Internal Secure LAN,15.1,Ada Tiket CR,Tidak,2,1,-
IT-0867,Operations Dept,Core Banking Operator,Core Banking,16,2,0,Read,Valid,Internal Secure LAN,4.5,Tanpa Tiket CR,Tidak,2,2,-
IT-0868,Head Office,Core Banking Operator,Email Server,18,4,0,Read,Valid,Internal Secure LAN,6.2,Tanpa Tiket CR,Tidak,2,1,-
IT-0869,Surabaya Branch,Staff Finance,Email Server,8,5,0,Write,Valid,Internal Secure LAN,23.1,Tanpa Tiket CR,Tidak,1,1,-
IT-0870,Bandung Branch,Staff Finance,Core Banking,7,2,0,Read,Valid,Internal Secure LAN,5.3,Tanpa Tiket CR,Tidak,1,2,-
IT-0871,Head Office,Senior Auditor,Payment Gateway / SWIFT,19,3,0,Read,Valid,Corporate VPN,16.2,Tanpa Tiket CR,Tidak,1,1,-
IT-0872,Head Office,Senior Auditor,Email Server,13,3,0,Read,Valid,Internal Secure LAN,4.3,Tanpa Tiket CR,Tidak,1,1,-
IT-0873,IT Dept,System Admin,Core Banking,8,3,0,Write,Valid,Internal Secure LAN,15.3,Ada Tiket CR,Tidak,2,1,-
IT-0874,Head Office,Core Banking Operator,Core Banking,12,5,1,Read,Valid,Internal Secure LAN,8.6,Tanpa Tiket CR,Tidak,1,1,-
IT-0875,Surabaya Branch,Senior Auditor,Database Server,10,4,0,Read,Valid,Corporate VPN,5.0,Tanpa Tiket CR,Tidak,2,1,-
IT-0876,Surabaya Branch,Senior Auditor,Email Server,15,1,0,Read,Valid,Internal Secure LAN,39.4,Tanpa Tiket CR,Tidak,2,1,-
IT-0877,Surabaya Branch,Senior Auditor,Core Banking,16,5,0,Read,Valid,Corporate VPN,29.6,Tanpa Tiket CR,Tidak,2,2,-
IT-0878,Head Office,Database Administrator,Database Server,10,2,0,Write,Valid,Internal Secure LAN,1.4,Ada Tiket CR,Tidak,1,1,-
IT-0879,Finance Dept,Core Banking Operator,Email Server,9,3,0,Write,Valid,Internal Secure LAN,1.7,Tanpa Tiket CR,Tidak,2,1,-
IT-0880,Surabaya Branch,Staff Finance,Email Server,11,2,0,Read,Valid,Internal Secure LAN,0.9,Tanpa Tiket CR,Tidak,1,1,-
IT-0881,IT Dept,Database Administrator,Database Server,9,1,0,Write,Valid,Internal Secure LAN,6.1,Ada Tiket CR,Tidak,1,2,-
IT-0882,Finance Dept,Core Banking Operator,Core Banking,10,5,0,Write,Valid,Internal Secure LAN,7.9,Ada Tiket CR,Tidak,1,2,-
IT-0883,Operations Dept,Ex-Employee,Database Server,9,4,0,Read,Bypassed,Corporate VPN,493.0,Tanpa Tiket CR,Ya (Anomali),5,5,Akses Tidak Sah Menggunakan Akun Mantan Pegawai (Ex-Employee)
IT-0884,Head Office,Senior Auditor,Core Banking,9,2,0,Read,Valid,Internal Secure LAN,29.9,Tanpa Tiket CR,Tidak,1,1,-
IT-0885,Finance Dept,Staff Finance,Email Server,14,1,0,Read,Valid,Corporate VPN,24.1,Tanpa Tiket CR,Tidak,1,1,-
IT-0886,IT Dept,Database Administrator,Database Server,8,3,0,Write,Valid,Corporate VPN,5.3,Ada Tiket CR,Tidak,1,1,-
IT-0887,Operations Dept,Core Banking Operator,Core Banking,17,1,0,Read,Valid,Internal Secure LAN,12.0,Tanpa Tiket CR,Tidak,1,2,-
IT-0888,IT Dept,IT Support,Core Banking,14,5,0,Read,Valid,Corporate VPN,19.0,Tanpa Tiket CR,Tidak,1,2,-
IT-0889,IT Dept,Database Administrator,Database Server,18,1,0,Write,Valid,Corporate VPN,8.5,Ada Tiket CR,Tidak,2,2,-
IT-0890,Bandung Branch,Core Banking Operator,Core Banking,8,1,0,Read,Valid,Internal Secure LAN,13.2,Tanpa Tiket CR,Tidak,1,1,-
IT-0891,Jakarta Branch,Core Banking Operator,Core Banking,9,5,0,Read,Valid,Internal Secure LAN,47.5,Tanpa Tiket CR,Tidak,2,1,-
IT-0892,Surabaya Branch,Core Banking Operator,Core Banking,16,4,0,Write,Valid,Internal Secure LAN,33.1,Ada Tiket CR,Tidak,1,1,-
IT-0893,Jakarta Branch,Core Banking Operator,Core Banking,14,3,0,Write,Valid,Internal Secure LAN,5.4,Ada Tiket CR,Tidak,1,1,-
IT-0894,Jakarta Branch,Senior Auditor,Database Server,8,5,0,Read,Valid,Internal Secure LAN,19.7,Tanpa Tiket CR,Tidak,2,1,-
IT-0895,Surabaya Branch,Core Banking Operator,Core Banking,12,2,0,Read,Valid,Internal Secure LAN,4.4,Tanpa Tiket CR,Tidak,1,1,-
IT-0896,Bandung Branch,Core Banking Operator,Core Banking,8,2,0,Read,Valid,Internal Secure LAN,4.0,Tanpa Tiket CR,Tidak,1,1,-
IT-0897,Operations Dept,Core Banking Operator,Core Banking,9,2,0,Read,Valid,Internal Secure LAN,22.5,Tanpa Tiket CR,Tidak,1,1,-
IT-0898,Head Office,System Admin,Database Server,10,5,0,Write,Valid,Internal Secure LAN,3.1,Ada Tiket CR,Tidak,1,2,-
IT-0899,Bandung Branch,Staff Finance,Core Banking,18,5,0,Read,Valid,Internal Secure LAN,3.4,Tanpa Tiket CR,Tidak,1,1,-
IT-0900,Head Office,System Admin,Core Banking,8,5,0,Write,Bypassed,Untrusted Public IP,33.6,Tanpa Tiket CR,Ya (Anomali),5,5,Bypass Autentikasi MFA Tidak Sah Melalui Jaringan Publik Tak Dikenal
IT-0901,Jakarta Branch,Core Banking Operator,Core Banking,11,3,0,Write,Valid,Internal Secure LAN,1.4,Ada Tiket CR,Tidak,1,2,-
IT-0902,Head Office,Database Administrator,Database Server,11,4,0,Read,Valid,Internal Secure LAN,16.5,Tanpa Tiket CR,Tidak,1,2,-
IT-0903,IT Dept,IT Support,Email Server,13,3,0,Read,Valid,Internal Secure LAN,16.6,Tanpa Tiket CR,Tidak,2,1,-
IT-0904,Head Office,Database Administrator,Database Server,9,3,1,Write,Valid,Internal Secure LAN,17.8,Ada Tiket CR,Tidak,2,2,-
IT-0905,Finance Dept,Core Banking Operator,Core Banking,15,5,0,Write,Valid,Internal Secure LAN,15.0,Ada Tiket CR,Tidak,2,1,-
IT-0906,Head Office,Core Banking Operator,Core Banking,9,1,1,Read,Valid,Internal Secure LAN,24.6,Tanpa Tiket CR,Tidak,2,1,-
IT-0907,Head Office,Database Administrator,Database Server,15,3,0,Write,Valid,Internal Secure LAN,3.2,Ada Tiket CR,Tidak,2,2,-
IT-0908,IT Dept,IT Support,Email Server,16,3,1,Read,Valid,Internal Secure LAN,2.5,Tanpa Tiket CR,Tidak,1,1,-
IT-0909,Head Office,Staff Finance,Core Banking,9,5,0,Read,Valid,Internal Secure LAN,8.0,Tanpa Tiket CR,Tidak,1,1,-
IT-0910,Operations Dept,Core Banking Operator,Email Server,15,3,0,Read,Valid,Internal Secure LAN,29.1,Tanpa Tiket CR,Tidak,1,1,-
IT-0911,Surabaya Branch,Staff Finance,Core Banking,12,1,0,Read,Valid,Internal Secure LAN,13.0,Tanpa Tiket CR,Tidak,1,1,-
IT-0912,Head Office,Staff Finance,Email Server,17,2,0,Write,Valid,Internal Secure LAN,9.0,Tanpa Tiket CR,Tidak,1,1,-
IT-0913,Operations Dept,Staff Finance,Core Banking,15,4,2,Read,Valid,Corporate VPN,4.1,Tanpa Tiket CR,Tidak,1,1,-
IT-0914,Jakarta Branch,Core Banking Operator,Core Banking,9,2,0,Write,Valid,Internal Secure LAN,6.7,Ada Tiket CR,Tidak,2,1,-
IT-0915,IT Dept,Database Administrator,Database Server,15,5,0,Read,Valid,Internal Secure LAN,4.4,Tanpa Tiket CR,Tidak,2,2,-
IT-0916,Bandung Branch,Core Banking Operator,Email Server,19,3,0,Read,Valid,Internal Secure LAN,15.5,Tanpa Tiket CR,Tidak,1,1,-
IT-0917,Surabaya Branch,Senior Auditor,Email Server,14,3,0,Read,Valid,Internal Secure LAN,7.8,Tanpa Tiket CR,Tidak,2,1,-
IT-0918,IT Dept,System Admin,Payment Gateway / SWIFT,13,2,0,Write,Valid,Internal Secure LAN,2.0,Tanpa Tiket CR,Tidak,1,1,-
IT-0919,Jakarta Branch,Staff Finance,Core Banking,21,2,0,Read,Valid,Internal Secure LAN,26.1,Tanpa Tiket CR,Tidak,2,2,-
IT-0920,Surabaya Branch,Senior Auditor,Core Banking,16,3,0,Read,Valid,Corporate VPN,24.6,Tanpa Tiket CR,Tidak,2,1,-
IT-0921,Surabaya Branch,Staff Finance,Core Banking,8,4,0,Write,Valid,Internal Secure LAN,58.1,Ada Tiket CR,Tidak,1,2,-
IT-0922,IT Dept,IT Support,Core Banking,15,5,0,Read,Valid,Internal Secure LAN,20.9,Tanpa Tiket CR,Tidak,1,1,-
IT-0923,Head Office,Core Banking Operator,Core Banking,9,3,0,Read,Valid,Internal Secure LAN,14.1,Tanpa Tiket CR,Tidak,1,1,-
IT-0924,Head Office,Database Administrator,Database Server,15,4,0,Read,Valid,Internal Secure LAN,4.8,Tanpa Tiket CR,Tidak,1,2,-
IT-0925,Surabaya Branch,Staff Finance,Email Server,9,3,0,Read,Valid,Internal Secure LAN,5.7,Tanpa Tiket CR,Tidak,2,1,-
IT-0926,Surabaya Branch,Core Banking Operator,Core Banking,15,7,0,Read,Valid,Internal Secure LAN,8.5,Tanpa Tiket CR,Tidak,1,1,-
IT-0927,Head Office,Database Administrator,Database Server,9,4,1,Write,Valid,Internal Secure LAN,4.0,Ada Tiket CR,Tidak,1,1,-
IT-0928,Finance Dept,Staff Finance,Core Banking,14,1,0,Read,Valid,Corporate VPN,25.3,Tanpa Tiket CR,Tidak,1,1,-
IT-0929,Operations Dept,Staff Finance,Core Banking,19,5,16,Admin,Bypassed,Untrusted Public IP,11.2,Tanpa Tiket CR,Ya (Anomali),4,5,Indikasi Serangan Brute Force (Gagal Login 16x)
IT-0930,Head Office,Core Banking Operator,Core Banking,13,3,1,Write,Valid,Internal Secure LAN,36.0,Ada Tiket CR,Tidak,1,1,-
IT-0931,IT Dept,IT Support,Email Server,9,4,0,Read,Valid,Internal Secure LAN,2.4,Tanpa Tiket CR,Tidak,2,1,-
IT-0932,IT Dept,IT Support,Core Banking,11,4,0,Read,Valid,Internal Secure LAN,12.4,Tanpa Tiket CR,Tidak,1,1,-
IT-0933,Jakarta Branch,Staff Finance,Core Banking,15,3,0,Read,Valid,Internal Secure LAN,24.4,Tanpa Tiket CR,Tidak,1,1,-
IT-0934,Bandung Branch,Core Banking Operator,Email Server,13,6,0,Write,Valid,Internal Secure LAN,29.5,Tanpa Tiket CR,Tidak,2,1,-
IT-0935,Bandung Branch,Staff Finance,Core Banking,9,4,0,Write,Valid,Corporate VPN,14.2,Ada Tiket CR,Tidak,1,1,-
IT-0936,Bandung Branch,Core Banking Operator,Core Banking,11,4,0,Read,Valid,Internal Secure LAN,16.5,Tanpa Tiket CR,Tidak,1,2,-
IT-0937,Head Office,System Admin,Payment Gateway / SWIFT,16,2,1,Write,Bypassed,Untrusted Public IP,16.8,Tanpa Tiket CR,Ya (Anomali),5,5,Bypass Autentikasi MFA Tidak Sah Melalui Jaringan Publik Tak Dikenal
IT-0938,IT Dept,IT Support,Core Banking,20,3,0,Write,Valid,Corporate VPN,34.5,Ada Tiket CR,Tidak,2,2,-
IT-0939,Finance Dept,Core Banking Operator,Database Server,14,3,0,Write,Valid,Internal Secure LAN,5.6,Tanpa Tiket CR,Ya (Anomali),4,3,Pelanggaran SoD: Modifikasi Database Server Tanpa Tiket Perubahan (CR)
IT-0940,Surabaya Branch,Core Banking Operator,Core Banking,17,5,0,Read,Valid,Internal Secure LAN,13.4,Tanpa Tiket CR,Tidak,1,1,-
IT-0941,Jakarta Branch,Senior Auditor,Database Server,8,3,0,Read,Valid,Internal Secure LAN,32.1,Tanpa Tiket CR,Tidak,1,2,-
IT-0942,Surabaya Branch,Core Banking Operator,Core Banking,15,2,0,Write,Valid,Internal Secure LAN,5.8,Ada Tiket CR,Tidak,1,2,-
IT-0943,Jakarta Branch,Core Banking Operator,Core Banking,17,5,0,Read,Valid,Internal Secure LAN,13.2,Tanpa Tiket CR,Tidak,1,1,-
IT-0944,Surabaya Branch,Core Banking Operator,Core Banking,9,2,0,Read,Valid,Internal Secure LAN,20.6,Tanpa Tiket CR,Tidak,1,1,-
IT-0945,IT Dept,IT Support,Email Server,9,5,0,Write,Valid,Internal Secure LAN,13.2,Tanpa Tiket CR,Tidak,2,1,-
IT-0946,Finance Dept,Staff Finance,Core Banking,10,3,0,Write,Valid,Internal Secure LAN,9.0,Ada Tiket CR,Tidak,1,1,-
IT-0947,Head Office,System Admin,Payment Gateway / SWIFT,9,1,0,Read,Valid,Internal Secure LAN,17.0,Tanpa Tiket CR,Tidak,1,1,-
IT-0948,IT Dept,System Admin,Payment Gateway / SWIFT,17,5,0,Write,Valid,Internal Secure LAN,1.4,Tanpa Tiket CR,Tidak,1,1,-
IT-0949,Finance Dept,Core Banking Operator,Core Banking,10,5,0,Read,Valid,Internal Secure LAN,4.7,Tanpa Tiket CR,Tidak,1,1,-
IT-0950,Surabaya Branch,Staff Finance,Core Banking,16,3,0,Read,Valid,Internal Secure LAN,23.2,Tanpa Tiket CR,Tidak,1,1,-
IT-0951,Head Office,Database Administrator,Database Server,13,4,0,Write,Valid,Internal Secure LAN,1.2,Ada Tiket CR,Tidak,1,1,-
IT-0952,Head Office,System Admin,Payment Gateway / SWIFT,4,6,2,Admin,Valid,Untrusted Public IP,8.1,Tanpa Tiket CR,Ya (Anomali),5,5,Akses Admin Sistem Kritis Dini Hari Akhir Pekan (Jam 4) dari IP Publik
IT-0953,Surabaya Branch,Core Banking Operator,Core Banking,7,3,0,Read,Valid,Internal Secure LAN,5.8,Tanpa Tiket CR,Tidak,2,1,-
IT-0954,IT Dept,IT Support,Email Server,13,2,0,Read,Valid,Internal Secure LAN,33.5,Tanpa Tiket CR,Tidak,1,2,-
IT-0955,Finance Dept,Ex-Employee,Core Banking,16,2,2,Write,Valid,Untrusted Public IP,145.5,Tanpa Tiket CR,Ya (Anomali),5,4,Akses Tidak Sah Menggunakan Akun Mantan Pegawai (Ex-Employee)
IT-0956,Jakarta Branch,Core Banking Operator,Core Banking,17,1,0,Read,Valid,Internal Secure LAN,4.0,Tanpa Tiket CR,Tidak,1,1,-
IT-0957,Finance Dept,Core Banking Operator,Email Server,10,4,0,Read,Valid,Internal Secure LAN,3.7,Tanpa Tiket CR,Tidak,1,1,-
IT-0958,IT Dept,IT Support,Core Banking,15,3,0,Read,Valid,Corporate VPN,25.5,Tanpa Tiket CR,Tidak,1,1,-
IT-0959,Jakarta Branch,Staff Finance,Email Server,17,5,0,Write,Valid,Internal Secure LAN,7.3,Tanpa Tiket CR,Tidak,2,1,-
IT-0960,Head Office,Database Administrator,Database Server,17,7,0,Admin,Valid,Internal Secure LAN,1.1,Ada Tiket CR,Tidak,1,2,-
IT-0961,IT Dept,IT Support,Core Banking,12,4,0,Read,Valid,Corporate VPN,3.7,Tanpa Tiket CR,Tidak,2,1,-
IT-0962,Finance Dept,Staff Finance,Core Banking,17,2,0,Read,Valid,Internal Secure LAN,23.1,Tanpa Tiket CR,Tidak,2,1,-
IT-0963,IT Dept,IT Support,Email Server,16,3,0,Read,Valid,Internal Secure LAN,8.7,Tanpa Tiket CR,Tidak,1,1,-
IT-0964,Head Office,Database Administrator,Database Server,11,2,0,Read,Valid,Corporate VPN,4.3,Tanpa Tiket CR,Tidak,1,2,-
IT-0965,Jakarta Branch,Senior Auditor,Database Server,13,4,0,Read,Valid,Corporate VPN,6.8,Tanpa Tiket CR,Tidak,2,1,-
IT-0966,Surabaya Branch,Staff Finance,Core Banking,16,2,0,Read,Valid,Internal Secure LAN,3.0,Tanpa Tiket CR,Tidak,2,1,-
IT-0967,Head Office,Core Banking Operator,Core Banking,7,4,0,Read,Valid,Internal Secure LAN,3.9,Tanpa Tiket CR,Tidak,2,1,-
IT-0968,Finance Dept,Core Banking Operator,Email Server,11,3,0,Write,Valid,Internal Secure LAN,4.8,Tanpa Tiket CR,Tidak,1,1,-
IT-0969,Finance Dept,Core Banking Operator,Core Banking,11,3,1,Write,Valid,Internal Secure LAN,14.1,Ada Tiket CR,Tidak,2,2,-
IT-0970,Jakarta Branch,Core Banking Operator,Core Banking,10,4,0,Read,Valid,Internal Secure LAN,29.3,Tanpa Tiket CR,Tidak,1,1,-
IT-0971,Finance Dept,Staff Finance,Core Banking,0,2,1,Read,Valid,Untrusted Public IP,3349.1,Tanpa Tiket CR,Ya (Anomali),5,5,Indikasi Eksfiltrasi Data Volume Ekspor Sangat Besar (3349.1 MB)
IT-0972,Finance Dept,IT Support,Payment Gateway / SWIFT,1,7,2,Admin,Bypassed,Untrusted Public IP,27.9,Tanpa Tiket CR,Ya (Anomali),5,5,Akses Admin Sistem Kritis Dini Hari Akhir Pekan (Jam 1) dari IP Publik
IT-0973,Operations Dept,Core Banking Operator,Core Banking,14,1,0,Read,Valid,Corporate VPN,0.5,Tanpa Tiket CR,Tidak,1,1,-
IT-0974,IT Dept,Database Administrator,Database Server,9,3,0,Read,Valid,Internal Secure LAN,17.9,Tanpa Tiket CR,Tidak,1,1,-
IT-0975,IT Dept,IT Support,Core Banking,14,2,0,Write,Valid,Internal Secure LAN,17.3,Ada Tiket CR,Tidak,1,1,-
IT-0976,Jakarta Branch,Staff Finance,Core Banking,12,4,0,Write,Valid,Internal Secure LAN,14.5,Ada Tiket CR,Tidak,1,1,-
IT-0977,Jakarta Branch,Staff Finance,Email Server,15,1,0,Read,Valid,Internal Secure LAN,1.4,Tanpa Tiket CR,Tidak,2,2,-
IT-0978,Bandung Branch,Staff Finance,Email Server,13,4,0,Write,Valid,Corporate VPN,19.3,Tanpa Tiket CR,Tidak,1,1,-
IT-0979,Head Office,Database Administrator,Database Server,18,3,0,Write,Valid,Internal Secure LAN,2.6,Ada Tiket CR,Tidak,2,1,-
IT-0980,IT Dept,IT Support,Core Banking,9,4,0,Read,Valid,Corporate VPN,1.1,Tanpa Tiket CR,Tidak,1,2,-
IT-0981,Head Office,IT Support,Payment Gateway / SWIFT,23,7,1,Admin,Bypassed,Untrusted Public IP,1.0,Tanpa Tiket CR,Ya (Anomali),5,4,Akses Admin Sistem Kritis Dini Hari Akhir Pekan (Jam 23) dari IP Publik
IT-0982,IT Dept,IT Support,Email Server,15,4,0,Read,Valid,Internal Secure LAN,4.2,Tanpa Tiket CR,Tidak,2,2,-
IT-0983,Surabaya Branch,System Admin,Database Server,8,2,15,Write,Bypassed,Corporate VPN,21.0,Tanpa Tiket CR,Ya (Anomali),5,5,Indikasi Serangan Brute Force (Gagal Login 15x)
IT-0984,Finance Dept,Core Banking Operator,Core Banking,16,1,0,Read,Valid,Corporate VPN,0.9,Tanpa Tiket CR,Tidak,2,2,-
IT-0985,Jakarta Branch,Staff Finance,Core Banking,10,1,0,Write,Valid,Internal Secure LAN,1.8,Ada Tiket CR,Tidak,1,1,-
IT-0986,IT Dept,IT Support,Email Server,15,4,0,Read,Valid,Internal Secure LAN,23.0,Tanpa Tiket CR,Tidak,2,1,-
IT-0987,IT Dept,Database Administrator,Database Server,9,3,0,Read,Valid,Internal Secure LAN,1.9,Tanpa Tiket CR,Tidak,2,1,-
IT-0988,Head Office,Core Banking Operator,Email Server,11,1,0,Read,Valid,Corporate VPN,0.5,Tanpa Tiket CR,Tidak,2,1,-
IT-0989,Bandung Branch,Core Banking Operator,Email Server,17,5,0,Read,Valid,Internal Secure LAN,4.0,Tanpa Tiket CR,Tidak,2,2,-
IT-0990,Bandung Branch,Staff Finance,Core Banking,14,4,0,Read,Valid,Internal Secure LAN,19.5,Tanpa Tiket CR,Tidak,1,1,-
IT-0991,IT Dept,IT Support,Email Server,13,1,0,Read,Valid,Internal Secure LAN,4.2,Tanpa Tiket CR,Tidak,2,1,-
IT-0992,Finance Dept,Staff Finance,Database Server,16,2,0,Admin,Valid,Internal Secure LAN,1.5,Tanpa Tiket CR,Ya (Anomali),5,4,Pelanggaran SoD: Modifikasi Database Server Tanpa Tiket Perubahan (CR)
IT-0993,Bandung Branch,System Admin,Payment Gateway / SWIFT,1,7,2,Admin,Valid,Untrusted Public IP,13.1,Tanpa Tiket CR,Ya (Anomali),5,5,Akses Admin Sistem Kritis Dini Hari Akhir Pekan (Jam 1) dari IP Publik
IT-0994,Finance Dept,Core Banking Operator,Email Server,14,3,0,Write,Valid,Internal Secure LAN,7.8,Tanpa Tiket CR,Tidak,2,1,-
IT-0995,Jakarta Branch,Core Banking Operator,Core Banking,8,2,0,Read,Valid,Internal Secure LAN,0.5,Tanpa Tiket CR,Tidak,1,1,-
IT-0996,IT Dept,IT Support,Email Server,21,5,0,Read,Valid,Corporate VPN,38.5,Tanpa Tiket CR,Tidak,1,2,-
IT-0997,Operations Dept,Core Banking Operator,Database Server,17,3,0,Write,Valid,Internal Secure LAN,1.2,Tanpa Tiket CR,Ya (Anomali),4,4,Pelanggaran SoD: Modifikasi Database Server Tanpa Tiket Perubahan (CR)
IT-0998,Jakarta Branch,Core Banking Operator,Core Banking,14,4,0,Read,Valid,Corporate VPN,16.1,Tanpa Tiket CR,Tidak,2,1,-
IT-0999,Bandung Branch,Staff Finance,Email Server,14,2,0,Read,Valid,Internal Secure LAN,72.0,Tanpa Tiket CR,Tidak,1,1,-
IT-1000,Operations Dept,Core Banking Operator,Core Banking,17,4,1,Write,Valid,Internal Secure LAN,0.8,Ada Tiket CR,Tidak,1,2,-
IT-1001,Finance Dept,Staff Finance,Core Banking,12,1,0,Read,Valid,Internal Secure LAN,4.8,Tanpa Tiket CR,Tidak,1,1,-
IT-1002,IT Dept,IT Support,Email Server,7,1,0,Read,Valid,Internal Secure LAN,5.1,Tanpa Tiket CR,Tidak,1,2,-
IT-1003,Head Office,Database Administrator,Database Server,9,1,0,Write,Valid,Corporate VPN,0.9,Ada Tiket CR,Tidak,2,1,-
IT-1004,IT Dept,Staff Finance,Email Server,7,7,13,Admin,Bypassed,Untrusted Public IP,2.2,Tanpa Tiket CR,Ya (Anomali),5,5,Indikasi Serangan Brute Force (Gagal Login 13x)
IT-1005,Finance Dept,Core Banking Operator,Core Banking,9,5,0,Read,Valid,Internal Secure LAN,11.4,Tanpa Tiket CR,Tidak,2,1,-
IT-1006,Bandung Branch,System Admin,Payment Gateway / SWIFT,13,4,0,Write,Bypassed,Untrusted Public IP,22.2,Tanpa Tiket CR,Ya (Anomali),5,5,Bypass Autentikasi MFA Tidak Sah Melalui Jaringan Publik Tak Dikenal
IT-1007,IT Dept,IT Support,Email Server,21,7,0,Read,Valid,Internal Secure LAN,0.6,Tanpa Tiket CR,Tidak,1,2,-
IT-1008,IT Dept,Database Administrator,Database Server,13,4,0,Read,Valid,Internal Secure LAN,18.4,Tanpa Tiket CR,Tidak,1,2,-
IT-1009,Operations Dept,Staff Finance,Core Banking,9,3,0,Write,Valid,Internal Secure LAN,9.1,Ada Tiket CR,Tidak,1,2,-
IT-1010,IT Dept,IT Support,Core Banking,7,2,1,Read,Valid,Internal Secure LAN,0.8,Tanpa Tiket CR,Tidak,1,1,-
IT-1011,IT Dept,System Admin,Core Banking,14,6,0,Read,Valid,Internal Secure LAN,6.2,Tanpa Tiket CR,Tidak,1,1,-
IT-1012,IT Dept,IT Support,Core Banking,18,5,1,Read,Valid,Internal Secure LAN,20.9,Tanpa Tiket CR,Tidak,1,2,-
IT-1013,Bandung Branch,Staff Finance,Core Banking,9,2,0,Read,Valid,Internal Secure LAN,5.8,Tanpa Tiket CR,Tidak,1,1,-
IT-1014,Head Office,Core Banking Operator,Email Server,10,2,0,Read,Valid,Corporate VPN,1.6,Tanpa Tiket CR,Tidak,1,2,-
IT-1015,Operations Dept,Core Banking Operator,Core Banking,9,4,0,Read,Valid,Internal Secure LAN,8.1,Tanpa Tiket CR,Tidak,2,1,-
IT-1016,Bandung Branch,Staff Finance,Core Banking,13,1,0,Read,Valid,Internal Secure LAN,10.5,Tanpa Tiket CR,Tidak,2,1,-
IT-1017,Bandung Branch,Staff Finance,Core Banking,8,2,0,Read,Valid,Internal Secure LAN,7.3,Tanpa Tiket CR,Tidak,2,2,-
IT-1018,Operations Dept,Core Banking Operator,Core Banking,11,5,0,Read,Valid,Internal Secure LAN,18.4,Tanpa Tiket CR,Tidak,1,1,-
IT-1019,Finance Dept,Core Banking Operator,Core Banking,9,1,0,Read,Valid,Corporate VPN,17.4,Tanpa Tiket CR,Tidak,2,1,-
IT-1020,Operations Dept,Staff Finance,Email Server,17,2,1,Read,Valid,Internal Secure LAN,9.5,Tanpa Tiket CR,Tidak,2,2,-
IT-1021,Head Office,Database Administrator,Database Server,17,5,0,Write,Valid,Internal Secure LAN,17.3,Ada Tiket CR,Tidak,1,2,-
IT-1022,Jakarta Branch,Core Banking Operator,Core Banking,16,2,0,Write,Valid,Internal Secure LAN,14.4,Ada Tiket CR,Tidak,2,1,-
IT-1023,Head Office,Senior Auditor,Core Banking,9,3,0,Read,Valid,Internal Secure LAN,20.2,Tanpa Tiket CR,Tidak,1,1,-
IT-1024,Head Office,Staff Finance,Core Banking,16,2,0,Read,Valid,Internal Secure LAN,10.8,Tanpa Tiket CR,Tidak,2,1,-
IT-1025,Head Office,Senior Auditor,Email Server,17,2,0,Read,Valid,Internal Secure LAN,7.8,Tanpa Tiket CR,Tidak,1,1,-
IT-1026,Head Office,Database Administrator,Database Server,10,2,0,Write,Valid,Internal Secure LAN,21.5,Ada Tiket CR,Tidak,2,1,-
IT-1027,Finance Dept,Core Banking Operator,Core Banking,13,5,0,Read,Valid,Corporate VPN,54.5,Tanpa Tiket CR,Tidak,1,2,-
IT-1028,Jakarta Branch,Senior Auditor,Database Server,15,5,0,Read,Valid,Internal Secure LAN,9.6,Tanpa Tiket CR,Tidak,1,1,-
IT-1029,IT Dept,IT Support,Email Server,9,3,0,Read,Valid,Corporate VPN,59.6,Tanpa Tiket CR,Tidak,2,2,-
IT-1030,Operations Dept,Core Banking Operator,Core Banking,15,4,0,Read,Valid,Internal Secure LAN,1.0,Tanpa Tiket CR,Tidak,1,1,-
IT-1031,Operations Dept,Core Banking Operator,Core Banking,16,3,0,Read,Valid,Corporate VPN,39.3,Tanpa Tiket CR,Tidak,1,1,-
IT-1032,Surabaya Branch,Staff Finance,Core Banking,8,3,0,Read,Valid,Internal Secure LAN,0.7,Tanpa Tiket CR,Tidak,1,2,-
IT-1033,IT Dept,Database Administrator,Database Server,13,7,0,Write,Valid,Internal Secure LAN,0.5,Ada Tiket CR,Tidak,1,2,-
IT-1034,IT Dept,IT Support,Email Server,12,3,0,Read,Valid,Internal Secure LAN,0.6,Tanpa Tiket CR,Tidak,1,1,-
IT-1035,Head Office,Database Administrator,Database Server,14,3,0,Admin,Valid,Internal Secure LAN,8.9,Ada Tiket CR,Tidak,1,1,-
IT-1036,Head Office,Database Administrator,Database Server,10,5,0,Write,Valid,Internal Secure LAN,11.3,Ada Tiket CR,Tidak,2,1,-
IT-1037,Operations Dept,Core Banking Operator,Core Banking,18,4,0,Read,Valid,Internal Secure LAN,25.0,Tanpa Tiket CR,Tidak,1,2,-
IT-1038,Operations Dept,Staff Finance,Email Server,9,3,0,Write,Valid,Internal Secure LAN,11.1,Tanpa Tiket CR,Tidak,1,2,-
IT-1039,IT Dept,IT Support,Core Banking,9,5,0,Read,Valid,Internal Secure LAN,3.9,Tanpa Tiket CR,Tidak,1,2,-
IT-1040,IT Dept,IT Support,Email Server,17,3,0,Read,Valid,Internal Secure LAN,0.6,Tanpa Tiket CR,Tidak,1,1,-
IT-1041,IT Dept,IT Support,Core Banking,12,5,0,Read,Valid,Corporate VPN,6.0,Tanpa Tiket CR,Tidak,2,2,-
IT-1042,Finance Dept,Staff Finance,Email Server,18,2,0,Read,Valid,Internal Secure LAN,6.5,Tanpa Tiket CR,Tidak,2,1,-
IT-1043,Head Office,Database Administrator,Database Server,13,5,0,Read,Valid,Internal Secure LAN,13.1,Tanpa Tiket CR,Tidak,1,1,-
IT-1044,IT Dept,Core Banking Operator,Database Server,20,7,0,Read,Valid,Untrusted Public IP,2079.7,Tanpa Tiket CR,Ya (Anomali),5,5,Indikasi Eksfiltrasi Data Volume Ekspor Sangat Besar (2079.7 MB)
IT-1045,Operations Dept,Staff Finance,Core Banking,9,3,1,Write,Valid,Internal Secure LAN,5.8,Ada Tiket CR,Tidak,1,1,-
IT-1046,Bandung Branch,Staff Finance,Core Banking,11,4,0,Read,Valid,Internal Secure LAN,14.8,Tanpa Tiket CR,Tidak,1,1,-
IT-1047,IT Dept,System Admin,Payment Gateway / SWIFT,9,5,0,Admin,Valid,Internal Secure LAN,0.8,Tanpa Tiket CR,Tidak,2,1,-
IT-1048,Head Office,Senior Auditor,Database Server,11,5,0,Read,Valid,Internal Secure LAN,4.1,Tanpa Tiket CR,Tidak,1,1,-
IT-1049,Head Office,Core Banking Operator,Core Banking,15,1,0,Read,Valid,Internal Secure LAN,5.7,Tanpa Tiket CR,Tidak,2,1,-
IT-1050,Bandung Branch,Staff Finance,Core Banking,16,5,0,Read,Valid,Internal Secure LAN,16.3,Tanpa Tiket CR,Tidak,2,1,-
IT-1051,Operations Dept,Core Banking Operator,Core Banking,12,3,0,Read,Valid,Corporate VPN,9.3,Tanpa Tiket CR,Tidak,1,1,-
IT-1052,IT Dept,System Admin,Core Banking,18,2,2,Read,Valid,Internal Secure LAN,10.6,Tanpa Tiket CR,Tidak,1,1,-
IT-1053,Head Office,Database Administrator,Database Server,10,4,0,Write,Valid,Internal Secure LAN,17.0,Ada Tiket CR,Tidak,2,1,-
IT-1054,IT Dept,Database Administrator,Database Server,13,1,0,Read,Valid,Corporate VPN,12.1,Tanpa Tiket CR,Tidak,1,1,-
IT-1055,Surabaya Branch,Core Banking Operator,Core Banking,9,3,1,Read,Valid,Corporate VPN,2.2,Tanpa Tiket CR,Tidak,2,1,-
IT-1056,Surabaya Branch,Senior Auditor,Email Server,17,1,0,Read,Valid,Corporate VPN,3.3,Tanpa Tiket CR,Tidak,1,2,-
IT-1057,Jakarta Branch,Core Banking Operator,Core Banking,17,4,0,Read,Valid,Corporate VPN,36.8,Tanpa Tiket CR,Tidak,1,2,-
IT-1058,Surabaya Branch,Staff Finance,Email Server,9,2,0,Write,Valid,Internal Secure LAN,6.9,Tanpa Tiket CR,Tidak,2,2,-
IT-1059,Head Office,System Admin,Database Server,23,1,20,Write,Bypassed,Corporate VPN,6.0,Tanpa Tiket CR,Ya (Anomali),4,5,Indikasi Serangan Brute Force (Gagal Login 20x)
IT-1060,Surabaya Branch,System Admin,Database Server,13,4,14,Write,Bypassed,Corporate VPN,10.0,Tanpa Tiket CR,Ya (Anomali),4,5,Indikasi Serangan Brute Force (Gagal Login 14x)
IT-1061,Head Office,Database Administrator,Database Server,13,5,0,Write,Valid,Internal Secure LAN,31.7,Ada Tiket CR,Tidak,1,1,-
IT-1062,Bandung Branch,Core Banking Operator,Core Banking,15,1,0,Read,Valid,Internal Secure LAN,21.3,Tanpa Tiket CR,Tidak,2,1,-
IT-1063,IT Dept,IT Support,Core Banking,8,3,0,Read,Valid,Internal Secure LAN,1.6,Tanpa Tiket CR,Tidak,2,1,-
IT-1064,Jakarta Branch,Senior Auditor,Database Server,14,5,0,Read,Valid,Internal Secure LAN,17.5,Tanpa Tiket CR,Tidak,2,1,-
IT-1065,Head Office,System Admin,Core Banking,12,1,0,Admin,Valid,Internal Secure LAN,7.8,Ada Tiket CR,Tidak,1,2,-
IT-1066,Finance Dept,Core Banking Operator,Core Banking,9,1,0,Read,Valid,Corporate VPN,22.1,Tanpa Tiket CR,Tidak,2,2,-
IT-1067,Jakarta Branch,Core Banking Operator,Core Banking,12,2,0,Read,Valid,Corporate VPN,1.3,Tanpa Tiket CR,Tidak,1,1,-
IT-1068,Head Office,System Admin,Payment Gateway / SWIFT,9,4,0,Read,Valid,Internal Secure LAN,4.4,Tanpa Tiket CR,Tidak,1,1,-
IT-1069,Operations Dept,Staff Finance,Core Banking,10,4,0,Read,Valid,Internal Secure LAN,1.0,Tanpa Tiket CR,Tidak,2,1,-
IT-1070,Jakarta Branch,Senior Auditor,Database Server,13,1,0,Read,Valid,Internal Secure LAN,20.7,Tanpa Tiket CR,Tidak,2,2,-
IT-1071,Head Office,Database Administrator,Database Server,17,1,0,Write,Valid,Internal Secure LAN,0.8,Ada Tiket CR,Tidak,1,2,-
IT-1072,IT Dept,IT Support,Core Banking,18,3,0,Read,Valid,Internal Secure LAN,5.8,Tanpa Tiket CR,Tidak,1,1,-
IT-1073,IT Dept,IT Support,Email Server,17,1,0,Read,Valid,Internal Secure LAN,14.6,Tanpa Tiket CR,Tidak,2,1,-
IT-1074,IT Dept,IT Support,Email Server,8,3,0,Write,Valid,Internal Secure LAN,4.1,Tanpa Tiket CR,Tidak,1,1,-
IT-1075,IT Dept,IT Support,Core Banking,10,5,0,Read,Valid,Internal Secure LAN,9.7,Tanpa Tiket CR,Tidak,2,1,-
IT-1076,IT Dept,IT Support,Email Server,10,4,0,Read,Valid,Internal Secure LAN,6.7,Tanpa Tiket CR,Tidak,1,1,-
IT-1077,Jakarta Branch,Senior Auditor,Payment Gateway / SWIFT,8,1,0,Read,Valid,Internal Secure LAN,21.7,Tanpa Tiket CR,Tidak,2,1,-
IT-1078,Finance Dept,Core Banking Operator,Core Banking,12,5,0,Read,Valid,Internal Secure LAN,24.9,Tanpa Tiket CR,Tidak,1,1,-
IT-1079,IT Dept,Database Administrator,Database Server,11,5,0,Write,Valid,Internal Secure LAN,6.3,Ada Tiket CR,Tidak,1,2,-
IT-1080,Surabaya Branch,Staff Finance,Core Banking,18,3,0,Read,Valid,Internal Secure LAN,13.3,Tanpa Tiket CR,Tidak,1,1,-
IT-1081,Surabaya Branch,Core Banking Operator,Email Server,14,2,1,Read,Valid,Corporate VPN,13.6,Tanpa Tiket CR,Tidak,1,1,-
IT-1082,Head Office,Staff Finance,Email Server,9,4,1,Read,Valid,Internal Secure LAN,9.9,Tanpa Tiket CR,Tidak,1,1,-
IT-1083,Surabaya Branch,Core Banking Operator,Core Banking,17,7,1,Admin,Bypassed,Untrusted Public IP,6.4,Tanpa Tiket CR,Ya (Anomali),5,5,Bypass Autentikasi MFA Tidak Sah Melalui Jaringan Publik Tak Dikenal
IT-1084,Head Office,Core Banking Operator,Core Banking,13,2,0,Read,Valid,Internal Secure LAN,19.1,Tanpa Tiket CR,Tidak,1,2,-
IT-1085,Jakarta Branch,Staff Finance,Core Banking,17,1,0,Write,Valid,Internal Secure LAN,9.2,Ada Tiket CR,Tidak,2,1,-
IT-1086,IT Dept,Database Administrator,Database Server,12,3,0,Read,Valid,Corporate VPN,1.6,Tanpa Tiket CR,Tidak,2,1,-
IT-1087,IT Dept,System Admin,Database Server,18,1,0,Admin,Valid,Internal Secure LAN,1.2,Ada Tiket CR,Tidak,1,1,-
IT-1088,Jakarta Branch,Staff Finance,Core Banking,16,3,0,Read,Valid,Internal Secure LAN,1.8,Tanpa Tiket CR,Tidak,2,1,-
IT-1089,Surabaya Branch,Staff Finance,Core Banking,15,5,0,Read,Valid,Internal Secure LAN,14.2,Tanpa Tiket CR,Tidak,1,1,-
IT-1090,Surabaya Branch,Senior Auditor,Database Server,14,2,0,Read,Valid,Internal Secure LAN,5.0,Tanpa Tiket CR,Tidak,1,2,-
IT-1091,Finance Dept,Core Banking Operator,Database Server,13,2,0,Write,Valid,Internal Secure LAN,3.7,Tanpa Tiket CR,Ya (Anomali),5,4,Pelanggaran SoD: Modifikasi Database Server Tanpa Tiket Perubahan (CR)
IT-1092,Finance Dept,Core Banking Operator,Core Banking,11,1,0,Read,Valid,Internal Secure LAN,6.2,Tanpa Tiket CR,Tidak,1,2,-
IT-1093,Surabaya Branch,Core Banking Operator,Core Banking,12,2,0,Read,Valid,Internal Secure LAN,37.7,Tanpa Tiket CR,Tidak,2,1,-
IT-1094,IT Dept,System Admin,Core Banking,19,1,0,Admin,Valid,Internal Secure LAN,0.5,Ada Tiket CR,Tidak,2,1,-
IT-1095,Head Office,Core Banking Operator,Core Banking,7,5,0,Write,Valid,Internal Secure LAN,10.8,Ada Tiket CR,Tidak,1,1,-
IT-1096,Jakarta Branch,Staff Finance,Core Banking,10,5,0,Read,Valid,Internal Secure LAN,11.9,Tanpa Tiket CR,Tidak,2,2,-
IT-1097,Bandung Branch,Core Banking Operator,Core Banking,16,4,0,Read,Valid,Internal Secure LAN,12.0,Tanpa Tiket CR,Tidak,1,1,-
IT-1098,IT Dept,System Admin,Core Banking,12,4,0,Write,Valid,Internal Secure LAN,21.2,Ada Tiket CR,Tidak,2,2,-
IT-1099,IT Dept,IT Support,Core Banking,16,4,0,Read,Valid,Internal Secure LAN,11.0,Tanpa Tiket CR,Tidak,1,1,-
IT-1100,Surabaya Branch,Senior Auditor,Payment Gateway / SWIFT,15,2,0,Read,Valid,Internal Secure LAN,5.7,Tanpa Tiket CR,Tidak,2,1,-
IT-1101,IT Dept,Core Banking Operator,Core Banking,23,6,0,Write,Bypassed,Untrusted Public IP,21.1,Tanpa Tiket CR,Ya (Anomali),5,5,Bypass Autentikasi MFA Tidak Sah Melalui Jaringan Publik Tak Dikenal
IT-1102,IT Dept,System Admin,Payment Gateway / SWIFT,2,5,0,Write,Bypassed,Untrusted Public IP,12.3,Tanpa Tiket CR,Ya (Anomali),5,5,Bypass Autentikasi MFA Tidak Sah Melalui Jaringan Publik Tak Dikenal
IT-1103,IT Dept,System Admin,Core Banking,15,4,0,Read,Valid,Internal Secure LAN,8.0,Tanpa Tiket CR,Tidak,1,1,-
IT-1104,Operations Dept,Core Banking Operator,Email Server,14,1,1,Read,Valid,Internal Secure LAN,5.5,Tanpa Tiket CR,Tidak,2,1,-
IT-1105,Finance Dept,Core Banking Operator,Email Server,18,3,0,Read,Valid,Corporate VPN,45.4,Tanpa Tiket CR,Tidak,1,2,-
IT-1106,Operations Dept,Core Banking Operator,Core Banking,7,3,0,Read,Valid,Internal Secure LAN,27.3,Tanpa Tiket CR,Tidak,1,2,-
IT-1107,IT Dept,Core Banking Operator,Database Server,3,1,21,Read,Bypassed,Untrusted Public IP,0.7,Tanpa Tiket CR,Ya (Anomali),5,5,Indikasi Serangan Brute Force (Gagal Login 21x)
IT-1108,IT Dept,Database Administrator,Database Server,13,7,0,Write,Valid,Internal Secure LAN,12.2,Ada Tiket CR,Tidak,1,1,-
IT-1109,Finance Dept,Core Banking Operator,Database Server,13,5,0,Admin,Valid,Internal Secure LAN,2.0,Tanpa Tiket CR,Ya (Anomali),5,3,Pelanggaran SoD: Modifikasi Database Server Tanpa Tiket Perubahan (CR)
IT-1110,Surabaya Branch,Core Banking Operator,Core Banking,16,5,0,Read,Valid,Internal Secure LAN,6.7,Tanpa Tiket CR,Tidak,2,1,-
IT-1111,Head Office,Core Banking Operator,Core Banking,14,4,0,Read,Valid,Internal Secure LAN,1.7,Tanpa Tiket CR,Tidak,1,2,-
IT-1112,Bandung Branch,Staff Finance,Core Banking,8,5,0,Read,Valid,Internal Secure LAN,42.9,Tanpa Tiket CR,Tidak,2,1,-
IT-1113,Operations Dept,Core Banking Operator,Database Server,10,1,0,Admin,Valid,Internal Secure LAN,0.4,Tanpa Tiket CR,Ya (Anomali),5,4,Pelanggaran SoD: Modifikasi Database Server Tanpa Tiket Perubahan (CR)
IT-1114,Bandung Branch,Staff Finance,Core Banking,12,4,0,Read,Valid,Internal Secure LAN,25.4,Tanpa Tiket CR,Tidak,1,2,-
IT-1115,Head Office,System Admin,Payment Gateway / SWIFT,17,5,0,Write,Valid,Internal Secure LAN,13.7,Tanpa Tiket CR,Tidak,1,1,-
IT-1116,Head Office,Database Administrator,Database Server,12,3,0,Read,Valid,Internal Secure LAN,22.0,Tanpa Tiket CR,Tidak,2,1,-
IT-1117,Bandung Branch,Staff Finance,Core Banking,7,7,0,Read,Valid,Internal Secure LAN,50.6,Tanpa Tiket CR,Tidak,1,1,-
IT-1118,Surabaya Branch,Core Banking Operator,Core Banking,13,3,0,Read,Valid,Internal Secure LAN,35.0,Tanpa Tiket CR,Tidak,1,2,-
IT-1119,IT Dept,IT Support,Core Banking,19,4,0,Read,Valid,Internal Secure LAN,1.8,Tanpa Tiket CR,Tidak,1,2,-
IT-1120,Finance Dept,Staff Finance,Database Server,12,3,0,Admin,Valid,Internal Secure LAN,3.6,Tanpa Tiket CR,Ya (Anomali),4,4,Pelanggaran SoD: Modifikasi Database Server Tanpa Tiket Perubahan (CR)
IT-1121,IT Dept,System Admin,Email Server,17,3,0,Read,Valid,Internal Secure LAN,34.7,Tanpa Tiket CR,Tidak,1,1,-
IT-1122,Head Office,System Admin,Database Server,8,2,0,Read,Valid,Internal Secure LAN,36.2,Tanpa Tiket CR,Tidak,2,2,-
IT-1123,Head Office,Database Administrator,Database Server,14,3,0,Admin,Valid,Internal Secure LAN,2.2,Ada Tiket CR,Tidak,2,1,-
IT-1124,IT Dept,System Admin,Email Server,15,3,0,Write,Valid,Corporate VPN,4.9,Tanpa Tiket CR,Tidak,1,2,-
IT-1125,Finance Dept,Ex-Employee,Database Server,21,5,2,Read,Bypassed,Untrusted Public IP,250.4,Tanpa Tiket CR,Ya (Anomali),5,5,Akses Tidak Sah Menggunakan Akun Mantan Pegawai (Ex-Employee)
IT-1126,Operations Dept,Core Banking Operator,Email Server,14,1,0,Read,Valid,Internal Secure LAN,6.2,Tanpa Tiket CR,Tidak,2,1,-
IT-1127,Surabaya Branch,Core Banking Operator,Core Banking,10,4,0,Read,Valid,Internal Secure LAN,9.1,Tanpa Tiket CR,Tidak,1,1,-
IT-1128,Finance Dept,Core Banking Operator,Email Server,12,4,0,Read,Valid,Internal Secure LAN,0.5,Tanpa Tiket CR,Tidak,2,2,-
IT-1129,Jakarta Branch,Core Banking Operator,Email Server,14,1,0,Read,Valid,Internal Secure LAN,10.4,Tanpa Tiket CR,Tidak,2,1,-
IT-1130,Head Office,Senior Auditor,Email Server,9,2,0,Read,Valid,Internal Secure LAN,29.1,Tanpa Tiket CR,Tidak,1,2,-
IT-1131,Jakarta Branch,Core Banking Operator,Core Banking,9,1,0,Write,Valid,Internal Secure LAN,3.0,Ada Tiket CR,Tidak,1,1,-
IT-1132,Head Office,Core Banking Operator,Core Banking,17,4,0,Read,Valid,Internal Secure LAN,21.5,Tanpa Tiket CR,Tidak,1,2,-
IT-1133,Bandung Branch,Staff Finance,Core Banking,16,1,0,Write,Valid,Internal Secure LAN,12.4,Ada Tiket CR,Tidak,1,2,-
IT-1134,Head Office,Core Banking Operator,Core Banking,14,1,0,Read,Valid,Internal Secure LAN,17.7,Tanpa Tiket CR,Tidak,1,1,-
IT-1135,Jakarta Branch,Core Banking Operator,Core Banking,8,2,0,Read,Valid,Internal Secure LAN,1.8,Tanpa Tiket CR,Tidak,1,2,-
IT-1136,Jakarta Branch,Staff Finance,Core Banking,17,3,1,Write,Valid,Internal Secure LAN,16.5,Ada Tiket CR,Tidak,2,2,-
IT-1137,Head Office,Staff Finance,Core Banking,8,5,0,Read,Valid,Internal Secure LAN,23.7,Tanpa Tiket CR,Tidak,1,1,-
IT-1138,Finance Dept,Core Banking Operator,Core Banking,10,2,0,Read,Valid,Internal Secure LAN,10.6,Tanpa Tiket CR,Tidak,2,1,-
IT-1139,Operations Dept,Staff Finance,Database Server,23,4,1,Read,Valid,Untrusted Public IP,3569.6,Tanpa Tiket CR,Ya (Anomali),5,5,Indikasi Eksfiltrasi Data Volume Ekspor Sangat Besar (3569.6 MB)
IT-1140,Finance Dept,System Admin,Email Server,0,6,14,Read,Failed,Corporate VPN,0.5,Tanpa Tiket CR,Ya (Anomali),4,5,Indikasi Serangan Brute Force (Gagal Login 14x)
IT-1141,Finance Dept,Staff Finance,Core Banking,13,5,0,Write,Valid,Internal Secure LAN,49.9,Ada Tiket CR,Tidak,1,2,-
IT-1142,Jakarta Branch,Staff Finance,Email Server,8,6,0,Read,Valid,Internal Secure LAN,4.9,Tanpa Tiket CR,Tidak,1,1,-
IT-1143,Jakarta Branch,Senior Auditor,Database Server,17,4,0,Read,Valid,Corporate VPN,15.3,Tanpa Tiket CR,Tidak,2,1,-
IT-1144,IT Dept,Database Administrator,Database Server,18,2,0,Write,Valid,Internal Secure LAN,33.9,Ada Tiket CR,Tidak,1,1,-
IT-1145,Finance Dept,Core Banking Operator,Core Banking,11,2,0,Read,Valid,Internal Secure LAN,24.9,Tanpa Tiket CR,Tidak,1,1,-
IT-1146,IT Dept,Database Administrator,Database Server,11,2,1,Read,Valid,Corporate VPN,13.6,Tanpa Tiket CR,Tidak,1,1,-
IT-1147,Finance Dept,Core Banking Operator,Core Banking,14,5,0,Read,Valid,Corporate VPN,6.8,Tanpa Tiket CR,Tidak,1,1,-
IT-1148,Head Office,Senior Auditor,Email Server,15,4,0,Read,Valid,Internal Secure LAN,3.7,Tanpa Tiket CR,Tidak,1,1,-
IT-1149,IT Dept,IT Support,Core Banking,15,2,0,Read,Valid,Internal Secure LAN,15.2,Tanpa Tiket CR,Tidak,1,2,-
IT-1150,Finance Dept,Staff Finance,Email Server,11,4,0,Read,Valid,Internal Secure LAN,3.0,Tanpa Tiket CR,Tidak,1,2,-
IT-1151,Bandung Branch,Staff Finance,Core Banking,10,2,0,Write,Valid,Internal Secure LAN,14.4,Ada Tiket CR,Tidak,1,1,-
IT-1152,Head Office,Database Administrator,Database Server,13,1,0,Admin,Valid,Internal Secure LAN,3.9,Ada Tiket CR,Tidak,1,2,-
IT-1153,Head Office,Database Administrator,Database Server,18,2,0,Read,Valid,Corporate VPN,3.7,Tanpa Tiket CR,Tidak,2,2,-
IT-1154,Head Office,Core Banking Operator,Core Banking,8,3,1,Read,Valid,Internal Secure LAN,21.1,Tanpa Tiket CR,Tidak,1,1,-
IT-1155,Head Office,System Admin,Database Server,17,5,1,Write,Valid,Internal Secure LAN,15.2,Ada Tiket CR,Tidak,1,2,-
IT-1156,IT Dept,Staff Finance,Core Banking,6,2,10,Read,Failed,Untrusted Public IP,18.0,Tanpa Tiket CR,Ya (Anomali),5,5,Indikasi Serangan Brute Force (Gagal Login 10x)
IT-1157,Finance Dept,Core Banking Operator,Core Banking,8,1,0,Read,Valid,Internal Secure LAN,20.3,Tanpa Tiket CR,Tidak,2,2,-
IT-1158,Jakarta Branch,Core Banking Operator,Core Banking,18,2,1,Read,Valid,Internal Secure LAN,20.7,Tanpa Tiket CR,Tidak,2,1,-
IT-1159,Surabaya Branch,Staff Finance,Core Banking,13,4,0,Read,Valid,Internal Secure LAN,5.9,Tanpa Tiket CR,Tidak,1,1,-
IT-1160,Jakarta Branch,Senior Auditor,Database Server,15,5,0,Read,Valid,Internal Secure LAN,5.4,Tanpa Tiket CR,Tidak,2,2,-
IT-1161,Operations Dept,Core Banking Operator,Core Banking,11,3,0,Read,Valid,Corporate VPN,14.5,Tanpa Tiket CR,Tidak,1,1,-
IT-1162,Head Office,Core Banking Operator,Core Banking,11,3,0,Read,Valid,Corporate VPN,13.8,Tanpa Tiket CR,Tidak,2,1,-
IT-1163,Surabaya Branch,Staff Finance,Email Server,20,1,23,Write,Failed,Untrusted Public IP,8.7,Tanpa Tiket CR,Ya (Anomali),4,5,Indikasi Serangan Brute Force (Gagal Login 23x)
IT-1164,Head Office,Senior Auditor,Core Banking,8,1,0,Read,Valid,Internal Secure LAN,3.0,Tanpa Tiket CR,Tidak,1,1,-
IT-1165,Head Office,Database Administrator,Database Server,11,1,0,Read,Valid,Internal Secure LAN,11.9,Tanpa Tiket CR,Tidak,1,1,-
IT-1166,IT Dept,Database Administrator,Core Banking,0,6,1,Write,Valid,Corporate VPN,2782.2,Tanpa Tiket CR,Ya (Anomali),5,5,Indikasi Eksfiltrasi Data Volume Ekspor Sangat Besar (2782.2 MB)
IT-1167,Finance Dept,Core Banking Operator,Core Banking,18,5,0,Read,Valid,Internal Secure LAN,15.1,Tanpa Tiket CR,Tidak,2,1,-
IT-1168,IT Dept,IT Support,Core Banking,11,1,0,Write,Valid,Internal Secure LAN,17.7,Ada Tiket CR,Tidak,2,1,-
IT-1169,IT Dept,System Admin,Email Server,12,1,0,Admin,Valid,Corporate VPN,37.8,Tanpa Tiket CR,Tidak,2,1,-
IT-1170,Finance Dept,Staff Finance,Core Banking,15,4,0,Read,Valid,Internal Secure LAN,0.9,Tanpa Tiket CR,Tidak,1,1,-
IT-1171,IT Dept,Database Administrator,Database Server,8,5,0,Write,Valid,Internal Secure LAN,3.0,Ada Tiket CR,Tidak,2,2,-
IT-1172,Head Office,Database Administrator,Database Server,10,6,0,Admin,Valid,Internal Secure LAN,0.8,Ada Tiket CR,Tidak,2,1,-
IT-1173,Operations Dept,Core Banking Operator,Core Banking,14,3,0,Read,Valid,Internal Secure LAN,3.8,Tanpa Tiket CR,Tidak,1,1,-
IT-1174,Head Office,Staff Finance,Core Banking,15,1,1,Write,Valid,Internal Secure LAN,53.7,Ada Tiket CR,Tidak,1,2,-
IT-1175,Bandung Branch,Core Banking Operator,Core Banking,14,3,0,Read,Valid,Internal Secure LAN,12.6,Tanpa Tiket CR,Tidak,1,2,-
IT-1176,IT Dept,System Admin,Email Server,8,4,0,Admin,Valid,Internal Secure LAN,23.5,Tanpa Tiket CR,Tidak,1,2,-
IT-1177,IT Dept,Database Administrator,Database Server,11,5,0,Read,Valid,Internal Secure LAN,13.6,Tanpa Tiket CR,Tidak,1,2,-
IT-1178,IT Dept,IT Support,Core Banking,18,5,0,Read,Valid,Internal Secure LAN,0.5,Tanpa Tiket CR,Tidak,2,2,-
IT-1179,Surabaya Branch,Staff Finance,Core Banking,14,3,0,Read,Valid,Corporate VPN,28.9,Tanpa Tiket CR,Tidak,1,2,-
IT-1180,Surabaya Branch,Staff Finance,Core Banking,17,4,0,Write,Valid,Internal Secure LAN,15.2,Ada Tiket CR,Tidak,2,1,-
IT-1181,Surabaya Branch,Staff Finance,Email Server,14,4,0,Write,Valid,Internal Secure LAN,8.4,Tanpa Tiket CR,Tidak,1,1,-
IT-1182,IT Dept,System Admin,Email Server,17,2,0,Read,Valid,Internal Secure LAN,3.9,Tanpa Tiket CR,Tidak,2,1,-
IT-1183,IT Dept,Database Administrator,Database Server,14,2,0,Read,Valid,Internal Secure LAN,3.6,Tanpa Tiket CR,Tidak,2,2,-
IT-1184,Jakarta Branch,Core Banking Operator,Core Banking,11,4,0,Read,Valid,Internal Secure LAN,70.4,Tanpa Tiket CR,Tidak,1,1,-
IT-1185,Jakarta Branch,System Admin,Core Banking,9,4,20,Admin,Bypassed,Corporate VPN,0.3,Tanpa Tiket CR,Ya (Anomali),4,5,Indikasi Serangan Brute Force (Gagal Login 20x)
IT-1186,Jakarta Branch,Core Banking Operator,Email Server,9,1,0,Read,Valid,Internal Secure LAN,16.1,Tanpa Tiket CR,Tidak,1,1,-
IT-1187,Head Office,Core Banking Operator,Core Banking,9,5,0,Write,Valid,Internal Secure LAN,2.6,Ada Tiket CR,Tidak,2,1,-
IT-1188,Surabaya Branch,Core Banking Operator,Email Server,12,1,1,Read,Valid,Internal Secure LAN,5.7,Tanpa Tiket CR,Tidak,1,2,-
IT-1189,Head Office,Core Banking Operator,Core Banking,14,3,0,Read,Valid,Internal Secure LAN,7.4,Tanpa Tiket CR,Tidak,1,1,-
IT-1190,Bandung Branch,Core Banking Operator,Database Server,20,3,18,Write,Failed,Corporate VPN,27.2,Tanpa Tiket CR,Ya (Anomali),4,5,Indikasi Serangan Brute Force (Gagal Login 18x)
IT-1191,Head Office,Database Administrator,Database Server,18,5,0,Write,Valid,Corporate VPN,10.3,Ada Tiket CR,Tidak,1,1,-
IT-1192,IT Dept,Database Administrator,Database Server,18,5,0,Read,Valid,Internal Secure LAN,53.7,Tanpa Tiket CR,Tidak,2,1,-
IT-1193,IT Dept,System Admin,Payment Gateway / SWIFT,18,1,0,Read,Valid,Internal Secure LAN,2.9,Tanpa Tiket CR,Tidak,1,1,-
IT-1194,IT Dept,Database Administrator,Database Server,13,5,0,Admin,Valid,Internal Secure LAN,6.7,Ada Tiket CR,Tidak,1,1,-
IT-1195,Head Office,System Admin,Core Banking,17,1,0,Write,Valid,Internal Secure LAN,35.7,Ada Tiket CR,Tidak,1,1,-
IT-1196,IT Dept,Database Administrator,Database Server,16,5,1,Read,Valid,Internal Secure LAN,7.9,Tanpa Tiket CR,Tidak,1,1,-
IT-1197,IT Dept,System Admin,Database Server,12,2,0,Admin,Valid,Corporate VPN,14.5,Ada Tiket CR,Tidak,2,2,-
IT-1198,Head Office,Database Administrator,Database Server,11,5,1,Read,Valid,Internal Secure LAN,15.4,Tanpa Tiket CR,Tidak,2,1,-
IT-1199,Head Office,Senior Auditor,Database Server,12,4,0,Read,Valid,Internal Secure LAN,2.5,Tanpa Tiket CR,Tidak,1,1,-
