ID Aktivitas,Entitas,Aktivitas,Tipe Nasabah,Profil Risiko,Skor Risiko AML (1-100),Status PEP,Skrining Sanksi & DTTOT,Verifikasi Dukcapil & Biometrik,Status Beneficial Owner (BO),Status Dokumen,Pelaksanaan EDD,Status Approval,Persetujuan Pejabat Senior AML,TARGET: is_anomaly,TARGET: Impact (1-5),TARGET: Likelihood (1-5),Alasan Anomali
KYC-0001,Customer Onboarding Unit,Pembukaan Rekening Korporasi,Korporasi / Badan Usaha,Medium,60,Bukan PEP,Clear / Bersih,Match Terverifikasi,Terverifikasi Sah,Lengkap & Valid,Tidak Diperlukan,Approved,Tidak Berlaku,Tidak,1,2,-
KYC-0002,Bandung Branch,Pembukaan Rekening Perorangan,Perorangan WNI,Low,10,Bukan PEP,Clear / Bersih,Match Terverifikasi,Tidak Berlaku,Lengkap & Valid,Tidak Diperlukan,Pending Review,Tidak Berlaku,Tidak,1,2,-
KYC-0003,Surabaya Branch,Pembukaan Rekening Perorangan,Perorangan WNI,Low,28,Bukan PEP,Clear / Bersih,Match Terverifikasi,Tidak Berlaku,Lengkap & Valid,Tidak Diperlukan,Approved,Tidak Berlaku,Tidak,2,2,-
KYC-0004,Jakarta Branch,Pembukaan Rekening Korporasi,Korporasi / Badan Usaha,Low,22,Bukan PEP,Clear / Bersih,Match Terverifikasi,Terverifikasi Sah,Lengkap & Valid,Tidak Diperlukan,Approved,Tidak Berlaku,Tidak,1,1,-
KYC-0005,Customer Onboarding Unit,Pembukaan Rekening Perorangan,WNA / Non-Resident,Low,18,Bukan PEP,Clear / Bersih,Match Terverifikasi,Tidak Berlaku,Lengkap & Valid,Tidak Diperlukan,Approved,Tidak Berlaku,Tidak,1,1,-
KYC-0006,Customer Onboarding Unit,Pembukaan Rekening Perorangan,Perorangan WNI,Low,15,Bukan PEP,Clear / Bersih,Match Terverifikasi,Tidak Berlaku,Lengkap & Valid,Tidak Diperlukan,Approved,Tidak Berlaku,Tidak,2,1,-
KYC-0007,Jakarta Branch,Update Data Nasabah,Perorangan WNI,High,74,Bukan PEP,Clear / Bersih,Mismatch Data,Tidak Berlaku,Lengkap & Valid,Tidak Diperlukan,Approved,Tanpa Otorisasi Senior,Ya (Anomali),5,5,Indikasi Pemalsuan Identitas: Disetujui Padahal Verifikasi Kependudukan / Biometrik Mismatch Data
KYC-0008,Jakarta Branch,Pembukaan Rekening Korporasi,Korporasi / Badan Usaha,Medium,51,Bukan PEP,Clear / Bersih,Match Terverifikasi,Terverifikasi Sah,Lengkap & Valid,Tidak Diperlukan,Approved,Tidak Berlaku,Tidak,2,1,-
KYC-0009,Head Office,Update Data Nasabah,Perorangan WNI,High,81,Bukan PEP,Clear / Bersih,Match Terverifikasi,Tidak Berlaku,Lengkap & Valid,Dilakukan & Memadai,Pending Review,Disetujui Pejabat Berwenang,Tidak,2,2,-
KYC-0010,Bandung Branch,Pembukaan Rekening Perorangan,Perorangan WNI,Low,17,Bukan PEP,Clear / Bersih,Match Terverifikasi,Tidak Berlaku,Lengkap & Valid,Tidak Diperlukan,Approved,Tidak Berlaku,Tidak,1,1,-
KYC-0011,Jakarta Branch,Pembukaan Rekening Korporasi,Korporasi / Badan Usaha,Low,27,Bukan PEP,Clear / Bersih,Match Terverifikasi,Terverifikasi Sah,Lengkap & Valid,Tidak Diperlukan,Approved,Tidak Berlaku,Tidak,1,2,-
KYC-0012,Head Office,Pembukaan Rekening Perorangan,Perorangan WNI,Medium,54,Bukan PEP,Clear / Bersih,Match Terverifikasi,Tidak Berlaku,Dokumen Kadaluarsa,Tidak Diperlukan,Approved,Tanpa Otorisasi Senior,Ya (Anomali),4,4,Pelanggaran Prosedur: Aktivitas Disetujui Padahal Status Dokumen Dokumen Kadaluarsa
KYC-0013,Customer Onboarding Unit,Update Data Nasabah,Perorangan WNI,Medium,38,Bukan PEP,Clear / Bersih,Match Terverifikasi,Tidak Berlaku,Lengkap & Valid,Tidak Diperlukan,Approved,Tidak Berlaku,Tidak,2,1,-
KYC-0014,Jakarta Branch,Pengkinian Data Berkala,Perorangan WNI,Low,17,Bukan PEP,Clear / Bersih,Match Terverifikasi,Tidak Berlaku,Lengkap & Valid,Tidak Diperlukan,Approved,Tidak Berlaku,Tidak,1,1,-
KYC-0015,Head Office,Pengkinian Data Berkala,Perorangan WNI,High,78,PEP Domestik,Clear / Bersih,Match Terverifikasi,Tidak Berlaku,Lengkap & Valid,Dilakukan & Memadai,Pending Review,Disetujui Pejabat Berwenang,Tidak,2,2,-
KYC-0016,Jakarta Branch,Pembukaan Rekening Perorangan,Perorangan WNI,Low,27,Bukan PEP,Clear / Bersih,Match Terverifikasi,Tidak Berlaku,Lengkap & Valid,Tidak Diperlukan,Approved,Tidak Berlaku,Tidak,2,2,-
KYC-0017,Jakarta Branch,Update Data Nasabah,Perorangan WNI,Low,26,Bukan PEP,Clear / Bersih,Match Terverifikasi,Tidak Berlaku,Lengkap & Valid,Tidak Diperlukan,Approved,Tidak Berlaku,Tidak,1,1,-
KYC-0018,Surabaya Branch,Update Data Nasabah,Perorangan WNI,Low,35,Bukan PEP,Clear / Bersih,Match Terverifikasi,Tidak Berlaku,Lengkap & Valid,Tidak Diperlukan,Approved,Tidak Berlaku,Tidak,2,1,-
KYC-0019,Medan Branch,Pembukaan Rekening Perorangan,Perorangan WNI,Low,13,Bukan PEP,Clear / Bersih,Match Terverifikasi,Tidak Berlaku,Lengkap & Valid,Tidak Diperlukan,Approved,Tidak Berlaku,Tidak,1,1,-
KYC-0020,Surabaya Branch,Pembukaan Rekening Korporasi,Korporasi / Badan Usaha,High,96,Bukan PEP,Match Terindikasi,Match Terverifikasi,Terverifikasi Sah,Lengkap & Valid,Dilakukan & Memadai,Approved,Tanpa Otorisasi Senior,Ya (Anomali),5,5,Pelanggaran Berat APU-PPT: Nasabah Terindikasi DTTOT / Daftar Sanksi Tetap Disetujui
KYC-0021,Medan Branch,Pembukaan Rekening Perorangan,WNA / Non-Resident,High,90,Bukan PEP,Match Terindikasi,Match Terverifikasi,Tidak Berlaku,Lengkap & Valid,Dilakukan & Memadai,Approved,Tanpa Otorisasi Senior,Ya (Anomali),5,5,Pelanggaran Berat APU-PPT: Nasabah Terindikasi DTTOT / Daftar Sanksi Tetap Disetujui
KYC-0022,Medan Branch,Update Data Nasabah,Perorangan WNI,Low,12,Bukan PEP,Clear / Bersih,Match Terverifikasi,Tidak Berlaku,Lengkap & Valid,Tidak Diperlukan,Approved,Tidak Berlaku,Tidak,1,2,-
KYC-0023,Surabaya Branch,Pengkinian Data Berkala,Perorangan WNI,Low,32,Bukan PEP,Clear / Bersih,Match Terverifikasi,Tidak Berlaku,Lengkap & Valid,Tidak Diperlukan,Pending Review,Tidak Berlaku,Tidak,1,1,-
KYC-0024,Customer Onboarding Unit,Pembukaan Rekening Korporasi,Korporasi / Badan Usaha,Low,26,Bukan PEP,Clear / Bersih,Match Terverifikasi,Terverifikasi Sah,Lengkap & Valid,Tidak Diperlukan,Approved,Tidak Berlaku,Tidak,1,1,-
KYC-0025,Medan Branch,Pembukaan Rekening Perorangan,Perorangan WNI,High,71,Bukan PEP,Clear / Bersih,Match Terverifikasi,Tidak Berlaku,Lengkap & Valid,Dilakukan & Memadai,Approved,Disetujui Pejabat Berwenang,Tidak,1,1,-
KYC-0026,Surabaya Branch,Pembukaan Rekening Perorangan,Perorangan WNI,Low,30,Bukan PEP,Clear / Bersih,Match Terverifikasi,Tidak Berlaku,Tidak Lengkap,Tidak Diperlukan,Rejected,Tidak Berlaku,Tidak,1,1,-
KYC-0027,Head Office,Pembukaan Rekening Perorangan,Perorangan WNI,Medium,67,Bukan PEP,Clear / Bersih,Gagal Biometrik,Tidak Berlaku,Tidak Lengkap,Tidak Diperlukan,Approved,Tanpa Otorisasi Senior,Ya (Anomali),5,4,Indikasi Pemalsuan Identitas: Disetujui Padahal Verifikasi Kependudukan / Biometrik Gagal Biometrik
KYC-0028,Customer Onboarding Unit,Update Data Nasabah,Perorangan WNI,Low,10,Bukan PEP,Clear / Bersih,Match Terverifikasi,Tidak Berlaku,Lengkap & Valid,Tidak Diperlukan,Approved,Tidak Berlaku,Tidak,1,2,-
KYC-0029,Medan Branch,Pembukaan Rekening Perorangan,WNA / Non-Resident,High,90,PEP Asing,Clear / Bersih,Match Terverifikasi,Tidak Berlaku,Lengkap & Valid,Tanpa EDD / Dilewati,Approved,Tanpa Otorisasi Senior,Ya (Anomali),5,4,Pelanggaran Regulasi: Nasabah PEP / High Risk Disetujui Tanpa Pelaksanaan EDD yang Memadai
KYC-0030,Medan Branch,Pembukaan Rekening Perorangan,Perorangan WNI,Low,29,Bukan PEP,Clear / Bersih,Match Terverifikasi,Tidak Berlaku,Lengkap & Valid,Tidak Diperlukan,Approved,Tidak Berlaku,Tidak,1,1,-
KYC-0031,Bandung Branch,Pengkinian Data Berkala,Perorangan WNI,Low,13,Bukan PEP,Clear / Bersih,Match Terverifikasi,Tidak Berlaku,Lengkap & Valid,Tidak Diperlukan,Approved,Tidak Berlaku,Tidak,2,2,-
KYC-0032,Head Office,Pembukaan Rekening Korporasi,Korporasi / Badan Usaha,Low,12,Bukan PEP,Clear / Bersih,Match Terverifikasi,Terverifikasi Sah,Lengkap & Valid,Tidak Diperlukan,Approved,Tidak Berlaku,Tidak,2,1,-
KYC-0033,Customer Onboarding Unit,Pembukaan Rekening Perorangan,Perorangan WNI,High,76,Bukan PEP,Clear / Bersih,Match Terverifikasi,Tidak Berlaku,Lengkap & Valid,Dilakukan & Memadai,Approved,Disetujui Pejabat Berwenang,Tidak,1,1,-
KYC-0034,Surabaya Branch,Update Data Nasabah,Perorangan WNI,Low,15,Bukan PEP,Clear / Bersih,Match Terverifikasi,Tidak Berlaku,Lengkap & Valid,Tidak Diperlukan,Approved,Tidak Berlaku,Tidak,1,1,-
KYC-0035,Bandung Branch,Pembukaan Rekening Korporasi,Korporasi / Badan Usaha,Low,29,Bukan PEP,Clear / Bersih,Match Terverifikasi,Terverifikasi Sah,Lengkap & Valid,Tidak Diperlukan,Approved,Tidak Berlaku,Tidak,1,1,-
KYC-0036,Customer Onboarding Unit,Pembukaan Rekening Korporasi,Korporasi / Badan Usaha,Medium,44,Bukan PEP,Clear / Bersih,Match Terverifikasi,Terverifikasi Sah,Lengkap & Valid,Tidak Diperlukan,Approved,Tidak Berlaku,Tidak,1,1,-
KYC-0037,Customer Onboarding Unit,Pembukaan Rekening Perorangan,Perorangan WNI,Low,23,Bukan PEP,Clear / Bersih,Match Terverifikasi,Tidak Berlaku,Lengkap & Valid,Tidak Diperlukan,Approved,Tidak Berlaku,Tidak,2,1,-
KYC-0038,Head Office,Pembukaan Rekening Perorangan,Perorangan WNI,Low,26,Bukan PEP,Clear / Bersih,Match Terverifikasi,Tidak Berlaku,Lengkap & Valid,Tidak Diperlukan,Approved,Tidak Berlaku,Tidak,1,1,-
KYC-0039,Medan Branch,Pembukaan Rekening Korporasi,Korporasi / Badan Usaha,Medium,61,Bukan PEP,Clear / Bersih,Match Terverifikasi,Terverifikasi Sah,Lengkap & Valid,Tidak Diperlukan,Approved,Tidak Berlaku,Tidak,1,1,-
KYC-0040,Medan Branch,Pembukaan Rekening Korporasi,Korporasi / Badan Usaha,Low,25,Bukan PEP,Clear / Bersih,Match Terverifikasi,Terverifikasi Sah,Lengkap & Valid,Tidak Diperlukan,Approved,Tidak Berlaku,Tidak,1,1,-
KYC-0041,Jakarta Branch,Pengkinian Data Berkala,Perorangan WNI,Low,21,Bukan PEP,Clear / Bersih,Match Terverifikasi,Tidak Berlaku,Lengkap & Valid,Tidak Diperlukan,Approved,Tidak Berlaku,Tidak,1,2,-
KYC-0042,Bandung Branch,Pembukaan Rekening Perorangan,WNA / Non-Resident,Low,23,Bukan PEP,Clear / Bersih,Match Terverifikasi,Tidak Berlaku,Lengkap & Valid,Tidak Diperlukan,Approved,Tidak Berlaku,Tidak,1,1,-
KYC-0043,Medan Branch,Pembukaan Rekening Korporasi,Korporasi / Badan Usaha,Medium,57,Bukan PEP,Clear / Bersih,Match Terverifikasi,Terverifikasi Sah,Lengkap & Valid,Tidak Diperlukan,Pending Review,Tidak Berlaku,Tidak,2,1,-
KYC-0044,Bandung Branch,Pembukaan Rekening Perorangan,Perorangan WNI,Low,22,Bukan PEP,Clear / Bersih,Match Terverifikasi,Tidak Berlaku,Lengkap & Valid,Tidak Diperlukan,Approved,Tidak Berlaku,Tidak,1,2,-
KYC-0045,Head Office,Pengkinian Data Berkala,Perorangan WNI,Medium,45,Bukan PEP,Clear / Bersih,Match Terverifikasi,Tidak Berlaku,Lengkap & Valid,Tidak Diperlukan,Approved,Tidak Berlaku,Tidak,2,2,-
KYC-0046,Customer Onboarding Unit,Pengkinian Data Berkala,Perorangan WNI,Low,26,Bukan PEP,Clear / Bersih,Match Terverifikasi,Tidak Berlaku,Lengkap & Valid,Tidak Diperlukan,Approved,Tidak Berlaku,Tidak,1,1,-
KYC-0047,Customer Onboarding Unit,Pembukaan Rekening Korporasi,Korporasi / Badan Usaha,Low,33,Bukan PEP,Clear / Bersih,Match Terverifikasi,Terverifikasi Sah,Tidak Lengkap,Tidak Diperlukan,Rejected,Tidak Berlaku,Tidak,1,1,-
KYC-0048,Customer Onboarding Unit,Pembukaan Rekening Perorangan,Perorangan WNI,Low,32,Bukan PEP,Clear / Bersih,Match Terverifikasi,Tidak Berlaku,Lengkap & Valid,Tidak Diperlukan,Approved,Tidak Berlaku,Tidak,2,1,-
KYC-0049,Medan Branch,Update Data Nasabah,Perorangan WNI,Low,14,Bukan PEP,Clear / Bersih,Match Terverifikasi,Tidak Berlaku,Lengkap & Valid,Tidak Diperlukan,Pending Review,Tidak Berlaku,Tidak,2,2,-
KYC-0050,Surabaya Branch,Update Data Nasabah,Perorangan WNI,Medium,58,Bukan PEP,Clear / Bersih,Match Terverifikasi,Tidak Berlaku,Tidak Lengkap,Tidak Diperlukan,Approved,Tanpa Otorisasi Senior,Ya (Anomali),4,5,Pelanggaran Prosedur: Aktivitas Disetujui Padahal Status Dokumen Tidak Lengkap
KYC-0051,Head Office,Pembukaan Rekening Perorangan,Perorangan WNI,Medium,41,Bukan PEP,Clear / Bersih,Match Terverifikasi,Tidak Berlaku,Lengkap & Valid,Tidak Diperlukan,Approved,Tidak Berlaku,Tidak,2,2,-
KYC-0052,Bandung Branch,Pembukaan Rekening Perorangan,Perorangan WNI,High,69,Bukan PEP,Clear / Bersih,Match Terverifikasi,Tidak Berlaku,Lengkap & Valid,Dilakukan & Memadai,Approved,Disetujui Pejabat Berwenang,Tidak,1,1,-
KYC-0053,Head Office,Pembukaan Rekening Perorangan,Perorangan WNI,Medium,40,Bukan PEP,Clear / Bersih,Match Terverifikasi,Tidak Berlaku,Lengkap & Valid,Tidak Diperlukan,Pending Review,Tidak Berlaku,Tidak,1,1,-
KYC-0054,Jakarta Branch,Pembukaan Rekening Korporasi,Korporasi / Badan Usaha,Low,34,Bukan PEP,Clear / Bersih,Match Terverifikasi,Terverifikasi Sah,Lengkap & Valid,Tidak Diperlukan,Pending Review,Tidak Berlaku,Tidak,2,1,-
KYC-0055,Bandung Branch,Update Data Nasabah,Perorangan WNI,Low,45,Bukan PEP,Clear / Bersih,Match Terverifikasi,Tidak Berlaku,Tidak Lengkap,Tidak Diperlukan,Approved,Tanpa Otorisasi Senior,Ya (Anomali),4,4,Pelanggaran Prosedur: Aktivitas Disetujui Padahal Status Dokumen Tidak Lengkap
KYC-0056,Medan Branch,Pembukaan Rekening Korporasi,Korporasi / Badan Usaha,High,75,Bukan PEP,Clear / Bersih,Match Terverifikasi,Tidak Diungkap / Fiktif,Lengkap & Valid,Tanpa EDD / Dilewati,Approved,Tanpa Otorisasi Senior,Ya (Anomali),5,5,Risiko Shell Company: Pembukaan Rekening Korporasi Disetujui Tanpa Pengungkapan Beneficial Owner (BO)
KYC-0057,Head Office,Update Data Nasabah,Perorangan WNI,Low,17,Bukan PEP,Clear / Bersih,Match Terverifikasi,Tidak Berlaku,Lengkap & Valid,Tidak Diperlukan,Approved,Tidak Berlaku,Tidak,2,1,-
KYC-0058,Bandung Branch,Pengkinian Data Berkala,Perorangan WNI,Medium,53,Bukan PEP,Clear / Bersih,Match Terverifikasi,Tidak Berlaku,Lengkap & Valid,Tidak Diperlukan,Approved,Tidak Berlaku,Tidak,1,1,-
KYC-0059,Medan Branch,Pembukaan Rekening Perorangan,Perorangan WNI,Medium,52,Bukan PEP,Clear / Bersih,Match Terverifikasi,Tidak Berlaku,Lengkap & Valid,Tidak Diperlukan,Approved,Tidak Berlaku,Tidak,1,1,-
KYC-0060,Customer Onboarding Unit,Pembukaan Rekening Korporasi,Korporasi / Badan Usaha,Low,32,Bukan PEP,Clear / Bersih,Match Terverifikasi,Terverifikasi Sah,Lengkap & Valid,Tidak Diperlukan,Approved,Tidak Berlaku,Tidak,1,1,-
KYC-0061,Bandung Branch,Update Data Nasabah,Perorangan WNI,Low,24,Bukan PEP,Clear / Bersih,Match Terverifikasi,Tidak Berlaku,Lengkap & Valid,Tidak Diperlukan,Pending Review,Tidak Berlaku,Tidak,2,2,-
KYC-0062,Medan Branch,Update Data Nasabah,WNA / Non-Resident,Medium,39,Bukan PEP,Clear / Bersih,Match Terverifikasi,Tidak Berlaku,Lengkap & Valid,Tidak Diperlukan,Pending Review,Tidak Berlaku,Tidak,2,1,-
KYC-0063,Surabaya Branch,Pembukaan Rekening Perorangan,Perorangan WNI,High,84,Bukan PEP,Clear / Bersih,Match Terverifikasi,Tidak Berlaku,Lengkap & Valid,Dilakukan & Memadai,Pending Review,Disetujui Pejabat Berwenang,Tidak,1,1,-
KYC-0064,Surabaya Branch,Update Data Nasabah,Perorangan WNI,High,72,Bukan PEP,Clear / Bersih,Gagal Biometrik,Tidak Berlaku,Tidak Lengkap,Tidak Diperlukan,Approved,Tanpa Otorisasi Senior,Ya (Anomali),5,4,Indikasi Pemalsuan Identitas: Disetujui Padahal Verifikasi Kependudukan / Biometrik Gagal Biometrik
KYC-0065,Head Office,Pembukaan Rekening Perorangan,Perorangan WNI,Low,16,Bukan PEP,Clear / Bersih,Match Terverifikasi,Tidak Berlaku,Lengkap & Valid,Tidak Diperlukan,Approved,Tidak Berlaku,Tidak,2,1,-
KYC-0066,Bandung Branch,Pembukaan Rekening Perorangan,Perorangan WNI,Medium,58,Bukan PEP,Clear / Bersih,Match Terverifikasi,Tidak Berlaku,Lengkap & Valid,Tidak Diperlukan,Approved,Tidak Berlaku,Tidak,1,1,-
KYC-0067,Surabaya Branch,Pembukaan Rekening Perorangan,Perorangan WNI,Low,15,Bukan PEP,Clear / Bersih,Match Terverifikasi,Tidak Berlaku,Lengkap & Valid,Tidak Diperlukan,Approved,Tidak Berlaku,Tidak,2,1,-
KYC-0068,Medan Branch,Update Data Nasabah,Perorangan WNI,Low,16,Bukan PEP,Clear / Bersih,Match Terverifikasi,Tidak Berlaku,Lengkap & Valid,Tidak Diperlukan,Pending Review,Tidak Berlaku,Tidak,1,2,-
KYC-0069,Customer Onboarding Unit,Pembukaan Rekening Perorangan,Perorangan WNI,Medium,47,Bukan PEP,Clear / Bersih,Match Terverifikasi,Tidak Berlaku,Lengkap & Valid,Tidak Diperlukan,Pending Review,Tidak Berlaku,Tidak,1,1,-
KYC-0070,Customer Onboarding Unit,Pembukaan Rekening Perorangan,WNA / Non-Resident,Medium,65,Bukan PEP,Clear / Bersih,Match Terverifikasi,Tidak Berlaku,Lengkap & Valid,Tidak Diperlukan,Pending Review,Tidak Berlaku,Tidak,1,1,-
KYC-0071,Head Office,Pembukaan Rekening Perorangan,Perorangan WNI,Low,19,Bukan PEP,Clear / Bersih,Match Terverifikasi,Tidak Berlaku,Tidak Lengkap,Tidak Diperlukan,Pending Review,Tidak Berlaku,Tidak,2,1,-
KYC-0072,Medan Branch,Pengkinian Data Berkala,Perorangan WNI,Low,24,Bukan PEP,Clear / Bersih,Match Terverifikasi,Tidak Berlaku,Lengkap & Valid,Tidak Diperlukan,Approved,Tidak Berlaku,Tidak,1,1,-
KYC-0073,Jakarta Branch,Pembukaan Rekening Korporasi,Korporasi / Badan Usaha,Low,17,Bukan PEP,Clear / Bersih,Match Terverifikasi,Terverifikasi Sah,Lengkap & Valid,Tidak Diperlukan,Approved,Tidak Berlaku,Tidak,1,2,-
KYC-0074,Surabaya Branch,Pembukaan Rekening Korporasi,Korporasi / Badan Usaha,Medium,51,Bukan PEP,Clear / Bersih,Match Terverifikasi,Terverifikasi Sah,Lengkap & Valid,Tidak Diperlukan,Approved,Tidak Berlaku,Tidak,1,2,-
KYC-0075,Bandung Branch,Pembukaan Rekening Perorangan,Perorangan WNI,Medium,50,Bukan PEP,Clear / Bersih,Match Terverifikasi,Tidak Berlaku,Lengkap & Valid,Tidak Diperlukan,Approved,Tidak Berlaku,Tidak,1,1,-
KYC-0076,Head Office,Pembukaan Rekening Korporasi,Korporasi / Badan Usaha,Low,32,Bukan PEP,Clear / Bersih,Match Terverifikasi,Terverifikasi Sah,Lengkap & Valid,Tidak Diperlukan,Approved,Tidak Berlaku,Tidak,1,2,-
KYC-0077,Jakarta Branch,Pembukaan Rekening Perorangan,WNA / Non-Resident,Low,26,Bukan PEP,Clear / Bersih,Match Terverifikasi,Tidak Berlaku,Lengkap & Valid,Tidak Diperlukan,Approved,Tidak Berlaku,Tidak,1,1,-
KYC-0078,Bandung Branch,Pembukaan Rekening Perorangan,Perorangan WNI,Low,14,Bukan PEP,Clear / Bersih,Match Terverifikasi,Tidak Berlaku,Lengkap & Valid,Tidak Diperlukan,Approved,Tidak Berlaku,Tidak,2,1,-
KYC-0079,Medan Branch,Pembukaan Rekening Perorangan,Perorangan WNI,Low,10,Bukan PEP,Clear / Bersih,Match Terverifikasi,Tidak Berlaku,Lengkap & Valid,Tidak Diperlukan,Approved,Tidak Berlaku,Tidak,1,1,-
KYC-0080,Jakarta Branch,Pembukaan Rekening Korporasi,Korporasi / Badan Usaha,Medium,53,Bukan PEP,Clear / Bersih,Match Terverifikasi,Terverifikasi Sah,Lengkap & Valid,Tidak Diperlukan,Approved,Tidak Berlaku,Tidak,1,2,-
KYC-0081,Surabaya Branch,Pembukaan Rekening Perorangan,Perorangan WNI,Low,29,Bukan PEP,Clear / Bersih,Match Terverifikasi,Tidak Berlaku,Tidak Lengkap,Tidak Diperlukan,Rejected,Tidak Berlaku,Tidak,2,1,-
KYC-0082,Head Office,Pembukaan Rekening Perorangan,Perorangan WNI,Low,28,Bukan PEP,Clear / Bersih,Match Terverifikasi,Tidak Berlaku,Lengkap & Valid,Tidak Diperlukan,Approved,Tidak Berlaku,Tidak,1,1,-
KYC-0083,Jakarta Branch,Pengkinian Data Berkala,Perorangan WNI,Medium,38,Bukan PEP,Clear / Bersih,Match Terverifikasi,Tidak Berlaku,Lengkap & Valid,Tidak Diperlukan,Approved,Tidak Berlaku,Tidak,1,1,-
KYC-0084,Bandung Branch,Pembukaan Rekening Perorangan,Perorangan WNI,Low,11,Bukan PEP,Clear / Bersih,Match Terverifikasi,Tidak Berlaku,Lengkap & Valid,Tidak Diperlukan,Approved,Tidak Berlaku,Tidak,1,1,-
KYC-0085,Jakarta Branch,Update Data Nasabah,Perorangan WNI,Low,32,Bukan PEP,Clear / Bersih,Match Terverifikasi,Tidak Berlaku,Lengkap & Valid,Tidak Diperlukan,Approved,Tidak Berlaku,Tidak,2,2,-
KYC-0086,Medan Branch,Pengkinian Data Berkala,Perorangan WNI,Medium,40,Bukan PEP,Clear / Bersih,Match Terverifikasi,Tidak Berlaku,Lengkap & Valid,Tidak Diperlukan,Approved,Tidak Berlaku,Tidak,2,1,-
KYC-0087,Surabaya Branch,Pengkinian Data Berkala,Perorangan WNI,Low,24,Bukan PEP,Clear / Bersih,Match Terverifikasi,Tidak Berlaku,Lengkap & Valid,Tidak Diperlukan,Pending Review,Tidak Berlaku,Tidak,2,2,-
KYC-0088,Head Office,Pembukaan Rekening Korporasi,Korporasi / Badan Usaha,Low,17,Bukan PEP,Clear / Bersih,Match Terverifikasi,Terverifikasi Sah,Lengkap & Valid,Tidak Diperlukan,Approved,Tidak Berlaku,Tidak,1,1,-
KYC-0089,Medan Branch,Pembukaan Rekening Korporasi,Korporasi / Badan Usaha,Medium,61,Bukan PEP,Clear / Bersih,Match Terverifikasi,Terverifikasi Sah,Lengkap & Valid,Tidak Diperlukan,Pending Review,Tidak Berlaku,Tidak,1,1,-
KYC-0090,Surabaya Branch,Pembukaan Rekening Korporasi,Korporasi / Badan Usaha,High,85,Bukan PEP,Clear / Bersih,Match Terverifikasi,Tidak Diungkap / Fiktif,Lengkap & Valid,Tanpa EDD / Dilewati,Approved,Tanpa Otorisasi Senior,Ya (Anomali),5,5,Risiko Shell Company: Pembukaan Rekening Korporasi Disetujui Tanpa Pengungkapan Beneficial Owner (BO)
KYC-0091,Surabaya Branch,Pembukaan Rekening Korporasi,Korporasi / Badan Usaha,Low,10,Bukan PEP,Clear / Bersih,Match Terverifikasi,Terverifikasi Sah,Lengkap & Valid,Tidak Diperlukan,Approved,Tidak Berlaku,Tidak,2,1,-
KYC-0092,Surabaya Branch,Update Data Nasabah,Perorangan WNI,Low,15,Bukan PEP,Clear / Bersih,Match Terverifikasi,Tidak Berlaku,Lengkap & Valid,Tidak Diperlukan,Pending Review,Tidak Berlaku,Tidak,2,1,-
KYC-0093,Bandung Branch,Pembukaan Rekening Korporasi,Korporasi / Badan Usaha,Low,35,Bukan PEP,Clear / Bersih,Match Terverifikasi,Terverifikasi Sah,Lengkap & Valid,Tidak Diperlukan,Approved,Tidak Berlaku,Tidak,1,1,-
KYC-0094,Surabaya Branch,Pengkinian Data Berkala,Perorangan WNI,Low,35,Bukan PEP,Clear / Bersih,Match Terverifikasi,Tidak Berlaku,Lengkap & Valid,Tidak Diperlukan,Approved,Tidak Berlaku,Tidak,1,1,-
KYC-0095,Surabaya Branch,Pembukaan Rekening Perorangan,WNA / Non-Resident,Low,12,Bukan PEP,Clear / Bersih,Match Terverifikasi,Tidak Berlaku,Lengkap & Valid,Tidak Diperlukan,Approved,Tidak Berlaku,Tidak,1,1,-
KYC-0096,Jakarta Branch,Update Data Nasabah,Perorangan WNI,Medium,50,Bukan PEP,Clear / Bersih,Match Terverifikasi,Tidak Berlaku,Lengkap & Valid,Tidak Diperlukan,Approved,Tidak Berlaku,Tidak,1,1,-
KYC-0097,Surabaya Branch,Pengkinian Data Berkala,Perorangan WNI,Low,20,Bukan PEP,Clear / Bersih,Match Terverifikasi,Tidak Berlaku,Lengkap & Valid,Tidak Diperlukan,Approved,Tidak Berlaku,Tidak,2,1,-
KYC-0098,Medan Branch,Pembukaan Rekening Perorangan,Perorangan WNI,Low,27,Bukan PEP,Clear / Bersih,Match Terverifikasi,Tidak Berlaku,Lengkap & Valid,Tidak Diperlukan,Approved,Tidak Berlaku,Tidak,2,2,-
KYC-0099,Customer Onboarding Unit,Update Data Nasabah,WNA / Non-Resident,Low,27,Bukan PEP,Clear / Bersih,Match Terverifikasi,Tidak Berlaku,Lengkap & Valid,Tidak Diperlukan,Approved,Tidak Berlaku,Tidak,2,1,-
KYC-0100,Jakarta Branch,Update Data Nasabah,WNA / Non-Resident,High,60,Bukan PEP,Clear / Bersih,Mismatch Data,Tidak Berlaku,Tidak Lengkap,Tidak Diperlukan,Approved,Tanpa Otorisasi Senior,Ya (Anomali),5,5,Indikasi Pemalsuan Identitas: Disetujui Padahal Verifikasi Kependudukan / Biometrik Mismatch Data
KYC-0101,Surabaya Branch,Pembukaan Rekening Korporasi,Korporasi / Badan Usaha,Low,19,Bukan PEP,Clear / Bersih,Match Terverifikasi,Terverifikasi Sah,Lengkap & Valid,Tidak Diperlukan,Approved,Tidak Berlaku,Tidak,1,2,-
KYC-0102,Customer Onboarding Unit,Update Data Nasabah,Perorangan WNI,Low,26,Bukan PEP,Clear / Bersih,Match Terverifikasi,Tidak Berlaku,Lengkap & Valid,Tidak Diperlukan,Approved,Tidak Berlaku,Tidak,1,2,-
KYC-0103,Head Office,Update Data Nasabah,Perorangan WNI,Medium,37,Bukan PEP,Clear / Bersih,Match Terverifikasi,Tidak Berlaku,Lengkap & Valid,Tidak Diperlukan,Approved,Tidak Berlaku,Tidak,1,1,-
KYC-0104,Bandung Branch,Pembukaan Rekening Korporasi,Korporasi / Badan Usaha,Medium,36,Bukan PEP,Clear / Bersih,Match Terverifikasi,Terverifikasi Sah,Lengkap & Valid,Tidak Diperlukan,Approved,Tidak Berlaku,Tidak,2,1,-
KYC-0105,Bandung Branch,Update Data Nasabah,Perorangan WNI,Low,10,Bukan PEP,Clear / Bersih,Match Terverifikasi,Tidak Berlaku,Lengkap & Valid,Tidak Diperlukan,Approved,Tidak Berlaku,Tidak,1,2,-
KYC-0106,Bandung Branch,Pengkinian Data Berkala,Perorangan WNI,Low,20,Bukan PEP,Clear / Bersih,Match Terverifikasi,Tidak Berlaku,Lengkap & Valid,Tidak Diperlukan,Approved,Tidak Berlaku,Tidak,2,1,-
KYC-0107,Bandung Branch,Update Data Nasabah,Perorangan WNI,Low,26,Bukan PEP,Clear / Bersih,Match Terverifikasi,Tidak Berlaku,Lengkap & Valid,Tidak Diperlukan,Pending Review,Tidak Berlaku,Tidak,1,1,-
KYC-0108,Bandung Branch,Pembukaan Rekening Korporasi,Korporasi / Badan Usaha,High,72,Bukan PEP,Clear / Bersih,Match Terverifikasi,Terverifikasi Sah,Lengkap & Valid,Dilakukan & Memadai,Pending Review,Disetujui Pejabat Berwenang,Tidak,2,1,-
KYC-0109,Customer Onboarding Unit,Pembukaan Rekening Perorangan,WNA / Non-Resident,Medium,51,Bukan PEP,Clear / Bersih,Match Terverifikasi,Tidak Berlaku,Lengkap & Valid,Tidak Diperlukan,Approved,Tidak Berlaku,Tidak,2,1,-
KYC-0110,Surabaya Branch,Pembukaan Rekening Perorangan,Perorangan WNI,Low,25,Bukan PEP,Clear / Bersih,Match Terverifikasi,Tidak Berlaku,Lengkap & Valid,Tidak Diperlukan,Approved,Tidak Berlaku,Tidak,1,1,-
KYC-0111,Jakarta Branch,Pengkinian Data Berkala,Perorangan WNI,High,84,Bukan PEP,Clear / Bersih,Match Terverifikasi,Tidak Berlaku,Lengkap & Valid,Dilakukan & Memadai,Pending Review,Disetujui Pejabat Berwenang,Tidak,1,1,-
KYC-0112,Surabaya Branch,Pembukaan Rekening Korporasi,Korporasi / Badan Usaha,Low,34,Bukan PEP,Clear / Bersih,Match Terverifikasi,Terverifikasi Sah,Lengkap & Valid,Tidak Diperlukan,Approved,Tidak Berlaku,Tidak,1,1,-
KYC-0113,Bandung Branch,Pembukaan Rekening Korporasi,Korporasi / Badan Usaha,Low,14,Bukan PEP,Clear / Bersih,Match Terverifikasi,Terverifikasi Sah,Lengkap & Valid,Tidak Diperlukan,Approved,Tidak Berlaku,Tidak,2,1,-
KYC-0114,Medan Branch,Update Data Nasabah,Perorangan WNI,High,75,Bukan PEP,Clear / Bersih,Match Terverifikasi,Tidak Berlaku,Lengkap & Valid,Dilakukan & Memadai,Approved,Tanpa Otorisasi Senior,Ya (Anomali),4,4,Pelanggaran Wewenang: Nasabah High Risk Disetujui Tanpa Otorisasi Pejabat Senior AML
KYC-0115,Jakarta Branch,Pembukaan Rekening Korporasi,Korporasi / Badan Usaha,Low,26,Bukan PEP,Clear / Bersih,Match Terverifikasi,Terverifikasi Sah,Lengkap & Valid,Tidak Diperlukan,Approved,Tidak Berlaku,Tidak,1,1,-
KYC-0116,Head Office,Update Data Nasabah,Perorangan WNI,Low,20,Bukan PEP,Clear / Bersih,Match Terverifikasi,Tidak Berlaku,Lengkap & Valid,Tidak Diperlukan,Approved,Tidak Berlaku,Tidak,1,1,-
KYC-0117,Jakarta Branch,Pembukaan Rekening Perorangan,Perorangan WNI,High,66,Bukan PEP,Clear / Bersih,Match Terverifikasi,Tidak Berlaku,Lengkap & Valid,Dilakukan & Memadai,Rejected,Disetujui Pejabat Berwenang,Tidak,2,2,-
KYC-0118,Jakarta Branch,Pengkinian Data Berkala,Perorangan WNI,Low,33,Bukan PEP,Clear / Bersih,Match Terverifikasi,Tidak Berlaku,Lengkap & Valid,Tidak Diperlukan,Approved,Tidak Berlaku,Tidak,1,2,-
KYC-0119,Bandung Branch,Pembukaan Rekening Perorangan,WNA / Non-Resident,Low,21,Bukan PEP,Clear / Bersih,Match Terverifikasi,Tidak Berlaku,Lengkap & Valid,Tidak Diperlukan,Approved,Tidak Berlaku,Tidak,1,2,-
KYC-0120,Surabaya Branch,Update Data Nasabah,Perorangan WNI,High,71,PEP Domestik,Clear / Bersih,Match Terverifikasi,Tidak Berlaku,Lengkap & Valid,Dilakukan & Memadai,Approved,Tanpa Otorisasi Senior,Ya (Anomali),4,4,Pelanggaran Wewenang: Nasabah High Risk Disetujui Tanpa Otorisasi Pejabat Senior AML
KYC-0121,Jakarta Branch,Pembukaan Rekening Perorangan,WNA / Non-Resident,High,91,PEP Asing,Clear / Bersih,Match Terverifikasi,Tidak Berlaku,Lengkap & Valid,Tanpa EDD / Dilewati,Approved,Tanpa Otorisasi Senior,Ya (Anomali),5,4,Pelanggaran Regulasi: Nasabah PEP / High Risk Disetujui Tanpa Pelaksanaan EDD yang Memadai
KYC-0122,Bandung Branch,Update Data Nasabah,WNA / Non-Resident,Low,20,Bukan PEP,Clear / Bersih,Match Terverifikasi,Tidak Berlaku,Lengkap & Valid,Tidak Diperlukan,Approved,Tidak Berlaku,Tidak,2,2,-
KYC-0123,Bandung Branch,Update Data Nasabah,Perorangan WNI,Low,33,Bukan PEP,Clear / Bersih,Match Terverifikasi,Tidak Berlaku,Tidak Lengkap,Tidak Diperlukan,Rejected,Tidak Berlaku,Tidak,1,2,-
KYC-0124,Medan Branch,Pembukaan Rekening Perorangan,Perorangan WNI,Medium,45,Bukan PEP,Clear / Bersih,Match Terverifikasi,Tidak Berlaku,Tidak Lengkap,Tidak Diperlukan,Approved,Tanpa Otorisasi Senior,Ya (Anomali),4,5,Pelanggaran Prosedur: Aktivitas Disetujui Padahal Status Dokumen Tidak Lengkap
KYC-0125,Customer Onboarding Unit,Update Data Nasabah,Perorangan WNI,Low,29,Bukan PEP,Clear / Bersih,Match Terverifikasi,Tidak Berlaku,Lengkap & Valid,Tidak Diperlukan,Approved,Tidak Berlaku,Tidak,2,1,-
KYC-0126,Customer Onboarding Unit,Update Data Nasabah,Perorangan WNI,Low,30,Bukan PEP,Clear / Bersih,Match Terverifikasi,Tidak Berlaku,Lengkap & Valid,Tidak Diperlukan,Approved,Tidak Berlaku,Tidak,2,2,-
KYC-0127,Bandung Branch,Pengkinian Data Berkala,Perorangan WNI,High,77,Bukan PEP,Clear / Bersih,Match Terverifikasi,Tidak Berlaku,Lengkap & Valid,Dilakukan & Memadai,Pending Review,Disetujui Pejabat Berwenang,Tidak,1,1,-
KYC-0128,Bandung Branch,Pembukaan Rekening Perorangan,Perorangan WNI,Medium,46,Bukan PEP,Clear / Bersih,Match Terverifikasi,Tidak Berlaku,Tidak Lengkap,Tidak Diperlukan,Rejected,Tidak Berlaku,Tidak,1,2,-
KYC-0129,Medan Branch,Pembukaan Rekening Korporasi,Korporasi / Badan Usaha,Low,24,Bukan PEP,Clear / Bersih,Match Terverifikasi,Terverifikasi Sah,Lengkap & Valid,Tidak Diperlukan,Approved,Tidak Berlaku,Tidak,2,1,-
KYC-0130,Medan Branch,Pengkinian Data Berkala,Perorangan WNI,Medium,53,Bukan PEP,Clear / Bersih,Match Terverifikasi,Tidak Berlaku,Lengkap & Valid,Tidak Diperlukan,Approved,Tidak Berlaku,Tidak,1,2,-
KYC-0131,Surabaya Branch,Pembukaan Rekening Korporasi,Korporasi / Badan Usaha,Low,29,Bukan PEP,Clear / Bersih,Match Terverifikasi,Terverifikasi Sah,Lengkap & Valid,Tidak Diperlukan,Approved,Tidak Berlaku,Tidak,1,1,-
KYC-0132,Jakarta Branch,Pengkinian Data Berkala,Perorangan WNI,Low,10,Bukan PEP,Clear / Bersih,Match Terverifikasi,Tidak Berlaku,Tidak Lengkap,Tidak Diperlukan,Pending Review,Tidak Berlaku,Tidak,1,2,-
KYC-0133,Customer Onboarding Unit,Update Data Nasabah,Perorangan WNI,Low,15,Bukan PEP,Clear / Bersih,Match Terverifikasi,Tidak Berlaku,Lengkap & Valid,Tidak Diperlukan,Approved,Tidak Berlaku,Tidak,1,1,-
KYC-0134,Jakarta Branch,Pengkinian Data Berkala,Perorangan WNI,Medium,45,Bukan PEP,Clear / Bersih,Match Terverifikasi,Tidak Berlaku,Lengkap & Valid,Tidak Diperlukan,Approved,Tidak Berlaku,Tidak,1,1,-
KYC-0135,Jakarta Branch,Pembukaan Rekening Korporasi,Korporasi / Badan Usaha,Medium,50,Bukan PEP,Clear / Bersih,Match Terverifikasi,Terverifikasi Sah,Tidak Lengkap,Tidak Diperlukan,Rejected,Tidak Berlaku,Tidak,2,2,-
KYC-0136,Customer Onboarding Unit,Pengkinian Data Berkala,Perorangan WNI,Medium,62,Bukan PEP,Clear / Bersih,Match Terverifikasi,Tidak Berlaku,Lengkap & Valid,Tidak Diperlukan,Approved,Tidak Berlaku,Tidak,1,2,-
KYC-0137,Medan Branch,Pengkinian Data Berkala,Perorangan WNI,Medium,41,Bukan PEP,Clear / Bersih,Match Terverifikasi,Tidak Berlaku,Lengkap & Valid,Tidak Diperlukan,Pending Review,Tidak Berlaku,Tidak,1,1,-
KYC-0138,Jakarta Branch,Pengkinian Data Berkala,Perorangan WNI,Medium,56,Bukan PEP,Clear / Bersih,Match Terverifikasi,Tidak Berlaku,Lengkap & Valid,Tidak Diperlukan,Pending Review,Tidak Berlaku,Tidak,1,1,-
KYC-0139,Bandung Branch,Pembukaan Rekening Korporasi,Korporasi / Badan Usaha,Low,21,Bukan PEP,Clear / Bersih,Match Terverifikasi,Terverifikasi Sah,Lengkap & Valid,Tidak Diperlukan,Approved,Tidak Berlaku,Tidak,1,2,-
KYC-0140,Bandung Branch,Update Data Nasabah,Perorangan WNI,Medium,55,Bukan PEP,Clear / Bersih,Match Terverifikasi,Tidak Berlaku,Lengkap & Valid,Tidak Diperlukan,Approved,Tidak Berlaku,Tidak,1,1,-
KYC-0141,Medan Branch,Pengkinian Data Berkala,Perorangan WNI,High,79,PEP Domestik,Clear / Bersih,Match Terverifikasi,Tidak Berlaku,Lengkap & Valid,Dilakukan & Memadai,Approved,Disetujui Pejabat Berwenang,Tidak,1,1,-
KYC-0142,Customer Onboarding Unit,Pembukaan Rekening Korporasi,Korporasi / Badan Usaha,Medium,72,Bukan PEP,Clear / Bersih,Gagal Biometrik,Terverifikasi Sah,Lengkap & Valid,Tidak Diperlukan,Approved,Tanpa Otorisasi Senior,Ya (Anomali),5,5,Indikasi Pemalsuan Identitas: Disetujui Padahal Verifikasi Kependudukan / Biometrik Gagal Biometrik
KYC-0143,Medan Branch,Pembukaan Rekening Perorangan,Perorangan WNI,High,79,Bukan PEP,Clear / Bersih,Match Terverifikasi,Tidak Berlaku,Lengkap & Valid,Dilakukan & Memadai,Approved,Disetujui Pejabat Berwenang,Tidak,1,2,-
KYC-0144,Medan Branch,Pembukaan Rekening Perorangan,Perorangan WNI,Low,21,Bukan PEP,Clear / Bersih,Match Terverifikasi,Tidak Berlaku,Lengkap & Valid,Tidak Diperlukan,Approved,Tidak Berlaku,Tidak,1,1,-
KYC-0145,Head Office,Pembukaan Rekening Perorangan,Perorangan WNI,Low,26,Bukan PEP,Clear / Bersih,Match Terverifikasi,Tidak Berlaku,Tidak Lengkap,Tidak Diperlukan,Pending Review,Tidak Berlaku,Tidak,1,1,-
KYC-0146,Medan Branch,Pembukaan Rekening Korporasi,Korporasi / Badan Usaha,High,69,Bukan PEP,Clear / Bersih,Match Terverifikasi,Terverifikasi Sah,Lengkap & Valid,Dilakukan & Memadai,Approved,Disetujui Pejabat Berwenang,Tidak,1,2,-
KYC-0147,Medan Branch,Pengkinian Data Berkala,Perorangan WNI,Low,29,Bukan PEP,Clear / Bersih,Match Terverifikasi,Tidak Berlaku,Lengkap & Valid,Tidak Diperlukan,Approved,Tidak Berlaku,Tidak,1,1,-
KYC-0148,Medan Branch,Update Data Nasabah,WNA / Non-Resident,Low,13,Bukan PEP,Clear / Bersih,Match Terverifikasi,Tidak Berlaku,Lengkap & Valid,Tidak Diperlukan,Approved,Tidak Berlaku,Tidak,1,1,-
KYC-0149,Head Office,Pembukaan Rekening Korporasi,Korporasi / Badan Usaha,High,78,Bukan PEP,Clear / Bersih,Match Terverifikasi,Terverifikasi Sah,Lengkap & Valid,Dilakukan & Memadai,Rejected,Disetujui Pejabat Berwenang,Tidak,2,1,-
KYC-0150,Surabaya Branch,Pembukaan Rekening Perorangan,Perorangan WNI,Medium,36,Bukan PEP,Clear / Bersih,Match Terverifikasi,Tidak Berlaku,Lengkap & Valid,Tidak Diperlukan,Approved,Tidak Berlaku,Tidak,2,2,-
KYC-0151,Bandung Branch,Pembukaan Rekening Perorangan,WNA / Non-Resident,High,83,Bukan PEP,Clear / Bersih,Match Terverifikasi,Tidak Berlaku,Lengkap & Valid,Dilakukan & Memadai,Rejected,Disetujui Pejabat Berwenang,Tidak,1,1,-
KYC-0152,Medan Branch,Update Data Nasabah,Perorangan WNI,Low,32,Bukan PEP,Clear / Bersih,Match Terverifikasi,Tidak Berlaku,Lengkap & Valid,Tidak Diperlukan,Approved,Tidak Berlaku,Tidak,1,2,-
KYC-0153,Jakarta Branch,Update Data Nasabah,Perorangan WNI,Medium,38,Bukan PEP,Clear / Bersih,Match Terverifikasi,Tidak Berlaku,Lengkap & Valid,Tidak Diperlukan,Pending Review,Tidak Berlaku,Tidak,1,1,-
KYC-0154,Surabaya Branch,Update Data Nasabah,WNA / Non-Resident,Medium,43,Bukan PEP,Clear / Bersih,Match Terverifikasi,Tidak Berlaku,Tidak Lengkap,Tidak Diperlukan,Rejected,Tidak Berlaku,Tidak,1,2,-
KYC-0155,Bandung Branch,Pembukaan Rekening Korporasi,Korporasi / Badan Usaha,Medium,60,Bukan PEP,Clear / Bersih,Match Terverifikasi,Terverifikasi Sah,Tidak Lengkap,Tidak Diperlukan,Rejected,Tidak Berlaku,Tidak,2,1,-
KYC-0156,Bandung Branch,Pengkinian Data Berkala,Perorangan WNI,Medium,36,Bukan PEP,Clear / Bersih,Match Terverifikasi,Tidak Berlaku,Lengkap & Valid,Tidak Diperlukan,Pending Review,Tidak Berlaku,Tidak,1,1,-
KYC-0157,Jakarta Branch,Pembukaan Rekening Korporasi,Korporasi / Badan Usaha,High,98,PEP Asing,Match Terindikasi,Match Terverifikasi,Terverifikasi Sah,Lengkap & Valid,Dilakukan & Memadai,Approved,Tanpa Otorisasi Senior,Ya (Anomali),5,5,Pelanggaran Berat APU-PPT: Nasabah Terindikasi DTTOT / Daftar Sanksi Tetap Disetujui
KYC-0158,Medan Branch,Pembukaan Rekening Korporasi,Korporasi / Badan Usaha,Medium,65,Bukan PEP,Clear / Bersih,Match Terverifikasi,Terverifikasi Sah,Lengkap & Valid,Tidak Diperlukan,Approved,Tidak Berlaku,Tidak,2,1,-
KYC-0159,Jakarta Branch,Pengkinian Data Berkala,Perorangan WNI,Low,11,Bukan PEP,Clear / Bersih,Match Terverifikasi,Tidak Berlaku,Lengkap & Valid,Tidak Diperlukan,Approved,Tidak Berlaku,Tidak,1,2,-
KYC-0160,Medan Branch,Pembukaan Rekening Perorangan,Perorangan WNI,Medium,36,Bukan PEP,Clear / Bersih,Match Terverifikasi,Tidak Berlaku,Lengkap & Valid,Tidak Diperlukan,Approved,Tidak Berlaku,Tidak,1,1,-
KYC-0161,Bandung Branch,Pembukaan Rekening Korporasi,Korporasi / Badan Usaha,High,88,Bukan PEP,Clear / Bersih,Match Terverifikasi,Tidak Diungkap / Fiktif,Lengkap & Valid,Tanpa EDD / Dilewati,Approved,Tanpa Otorisasi Senior,Ya (Anomali),5,5,Risiko Shell Company: Pembukaan Rekening Korporasi Disetujui Tanpa Pengungkapan Beneficial Owner (BO)
KYC-0162,Jakarta Branch,Pembukaan Rekening Korporasi,Korporasi / Badan Usaha,Medium,38,Bukan PEP,Clear / Bersih,Match Terverifikasi,Terverifikasi Sah,Lengkap & Valid,Tidak Diperlukan,Approved,Tidak Berlaku,Tidak,2,2,-
KYC-0163,Head Office,Update Data Nasabah,Perorangan WNI,Low,15,Bukan PEP,Clear / Bersih,Match Terverifikasi,Tidak Berlaku,Lengkap & Valid,Tidak Diperlukan,Approved,Tidak Berlaku,Tidak,2,2,-
KYC-0164,Jakarta Branch,Pembukaan Rekening Perorangan,Perorangan WNI,Medium,50,Bukan PEP,Clear / Bersih,Match Terverifikasi,Tidak Berlaku,Lengkap & Valid,Tidak Diperlukan,Approved,Tidak Berlaku,Tidak,1,1,-
KYC-0165,Medan Branch,Pembukaan Rekening Korporasi,Korporasi / Badan Usaha,Medium,62,Bukan PEP,Clear / Bersih,Match Terverifikasi,Terverifikasi Sah,Lengkap & Valid,Tidak Diperlukan,Approved,Tidak Berlaku,Tidak,1,1,-
KYC-0166,Customer Onboarding Unit,Update Data Nasabah,Perorangan WNI,Low,24,Bukan PEP,Clear / Bersih,Match Terverifikasi,Tidak Berlaku,Lengkap & Valid,Tidak Diperlukan,Approved,Tidak Berlaku,Tidak,1,1,-
KYC-0167,Jakarta Branch,Pengkinian Data Berkala,Perorangan WNI,Medium,40,Bukan PEP,Clear / Bersih,Match Terverifikasi,Tidak Berlaku,Lengkap & Valid,Tidak Diperlukan,Approved,Tidak Berlaku,Tidak,1,2,-
KYC-0168,Surabaya Branch,Pembukaan Rekening Perorangan,Perorangan WNI,Low,21,Bukan PEP,Clear / Bersih,Match Terverifikasi,Tidak Berlaku,Lengkap & Valid,Tidak Diperlukan,Approved,Tidak Berlaku,Tidak,2,2,-
KYC-0169,Bandung Branch,Update Data Nasabah,Perorangan WNI,Medium,87,Bukan PEP,Clear / Bersih,Mismatch Data,Tidak Berlaku,Tidak Lengkap,Tidak Diperlukan,Approved,Tanpa Otorisasi Senior,Ya (Anomali),5,4,Indikasi Pemalsuan Identitas: Disetujui Padahal Verifikasi Kependudukan / Biometrik Mismatch Data
KYC-0170,Customer Onboarding Unit,Pembukaan Rekening Perorangan,Perorangan WNI,High,80,Bukan PEP,Clear / Bersih,Match Terverifikasi,Tidak Berlaku,Lengkap & Valid,Dilakukan & Memadai,Approved,Disetujui Pejabat Berwenang,Tidak,2,1,-
KYC-0171,Jakarta Branch,Pembukaan Rekening Perorangan,Perorangan WNI,Medium,42,Bukan PEP,Clear / Bersih,Match Terverifikasi,Tidak Berlaku,Tidak Lengkap,Tidak Diperlukan,Approved,Tanpa Otorisasi Senior,Ya (Anomali),4,4,Pelanggaran Prosedur: Aktivitas Disetujui Padahal Status Dokumen Tidak Lengkap
KYC-0172,Surabaya Branch,Update Data Nasabah,Perorangan WNI,Medium,54,Bukan PEP,Clear / Bersih,Match Terverifikasi,Tidak Berlaku,Lengkap & Valid,Tidak Diperlukan,Approved,Tidak Berlaku,Tidak,1,2,-
KYC-0173,Bandung Branch,Update Data Nasabah,Perorangan WNI,High,84,Bukan PEP,Clear / Bersih,Match Terverifikasi,Tidak Berlaku,Lengkap & Valid,Dilakukan & Memadai,Rejected,Disetujui Pejabat Berwenang,Tidak,2,1,-
KYC-0174,Head Office,Update Data Nasabah,Perorangan WNI,Medium,36,Bukan PEP,Clear / Bersih,Match Terverifikasi,Tidak Berlaku,Tidak Lengkap,Tidak Diperlukan,Pending Review,Tidak Berlaku,Tidak,2,2,-
KYC-0175,Surabaya Branch,Pembukaan Rekening Perorangan,Perorangan WNI,Low,30,Bukan PEP,Clear / Bersih,Match Terverifikasi,Tidak Berlaku,Lengkap & Valid,Tidak Diperlukan,Approved,Tidak Berlaku,Tidak,2,1,-
KYC-0176,Surabaya Branch,Update Data Nasabah,Perorangan WNI,High,74,Bukan PEP,Clear / Bersih,Mismatch Data,Tidak Berlaku,Tidak Lengkap,Tidak Diperlukan,Approved,Tanpa Otorisasi Senior,Ya (Anomali),5,4,Indikasi Pemalsuan Identitas: Disetujui Padahal Verifikasi Kependudukan / Biometrik Mismatch Data
KYC-0177,Surabaya Branch,Pembukaan Rekening Perorangan,Perorangan WNI,Medium,51,Bukan PEP,Clear / Bersih,Match Terverifikasi,Tidak Berlaku,Lengkap & Valid,Tidak Diperlukan,Approved,Tidak Berlaku,Tidak,1,2,-
KYC-0178,Bandung Branch,Pembukaan Rekening Perorangan,Perorangan WNI,Medium,38,Bukan PEP,Clear / Bersih,Match Terverifikasi,Tidak Berlaku,Lengkap & Valid,Tidak Diperlukan,Approved,Tidak Berlaku,Tidak,1,1,-
KYC-0179,Bandung Branch,Pengkinian Data Berkala,WNA / Non-Resident,High,69,Bukan PEP,Clear / Bersih,Mismatch Data,Tidak Berlaku,Tidak Lengkap,Tidak Diperlukan,Approved,Tanpa Otorisasi Senior,Ya (Anomali),5,4,Indikasi Pemalsuan Identitas: Disetujui Padahal Verifikasi Kependudukan / Biometrik Mismatch Data
KYC-0180,Head Office,Update Data Nasabah,Perorangan WNI,Low,25,Bukan PEP,Clear / Bersih,Match Terverifikasi,Tidak Berlaku,Lengkap & Valid,Tidak Diperlukan,Approved,Tidak Berlaku,Tidak,1,1,-
KYC-0181,Customer Onboarding Unit,Pembukaan Rekening Korporasi,Korporasi / Badan Usaha,Low,13,Bukan PEP,Clear / Bersih,Match Terverifikasi,Terverifikasi Sah,Lengkap & Valid,Tidak Diperlukan,Approved,Tidak Berlaku,Tidak,1,1,-
KYC-0182,Jakarta Branch,Pengkinian Data Berkala,Perorangan WNI,Medium,57,Bukan PEP,Clear / Bersih,Match Terverifikasi,Tidak Berlaku,Lengkap & Valid,Tidak Diperlukan,Approved,Tidak Berlaku,Tidak,1,1,-
KYC-0183,Head Office,Pengkinian Data Berkala,Perorangan WNI,High,70,PEP Domestik,Clear / Bersih,Match Terverifikasi,Tidak Berlaku,Lengkap & Valid,Dilakukan & Memadai,Approved,Tanpa Otorisasi Senior,Ya (Anomali),4,4,Pelanggaran Wewenang: Nasabah High Risk Disetujui Tanpa Otorisasi Pejabat Senior AML
KYC-0184,Head Office,Update Data Nasabah,Perorangan WNI,Medium,57,Bukan PEP,Clear / Bersih,Match Terverifikasi,Tidak Berlaku,Lengkap & Valid,Tidak Diperlukan,Approved,Tidak Berlaku,Tidak,1,1,-
KYC-0185,Bandung Branch,Pembukaan Rekening Perorangan,Perorangan WNI,Low,29,Bukan PEP,Clear / Bersih,Match Terverifikasi,Tidak Berlaku,Lengkap & Valid,Tidak Diperlukan,Approved,Tidak Berlaku,Tidak,1,1,-
KYC-0186,Surabaya Branch,Update Data Nasabah,Perorangan WNI,High,81,Bukan PEP,Clear / Bersih,Match Terverifikasi,Tidak Berlaku,Lengkap & Valid,Dilakukan & Memadai,Pending Review,Disetujui Pejabat Berwenang,Tidak,2,1,-
KYC-0187,Head Office,Pembukaan Rekening Perorangan,Perorangan WNI,Medium,51,Bukan PEP,Clear / Bersih,Match Terverifikasi,Tidak Berlaku,Lengkap & Valid,Tidak Diperlukan,Approved,Tidak Berlaku,Tidak,1,2,-
KYC-0188,Head Office,Update Data Nasabah,Perorangan WNI,Low,27,Bukan PEP,Clear / Bersih,Match Terverifikasi,Tidak Berlaku,Tidak Lengkap,Tidak Diperlukan,Rejected,Tidak Berlaku,Tidak,1,1,-
KYC-0189,Jakarta Branch,Pembukaan Rekening Perorangan,Perorangan WNI,Low,14,Bukan PEP,Clear / Bersih,Match Terverifikasi,Tidak Berlaku,Lengkap & Valid,Tidak Diperlukan,Approved,Tidak Berlaku,Tidak,2,1,-
KYC-0190,Bandung Branch,Pengkinian Data Berkala,Perorangan WNI,Medium,54,Bukan PEP,Clear / Bersih,Match Terverifikasi,Tidak Berlaku,Lengkap & Valid,Tidak Diperlukan,Approved,Tidak Berlaku,Tidak,2,1,-
KYC-0191,Surabaya Branch,Pembukaan Rekening Korporasi,Korporasi / Badan Usaha,Low,20,Bukan PEP,Clear / Bersih,Match Terverifikasi,Terverifikasi Sah,Tidak Lengkap,Tidak Diperlukan,Rejected,Tidak Berlaku,Tidak,1,1,-
KYC-0192,Bandung Branch,Pembukaan Rekening Perorangan,Perorangan WNI,Low,31,Bukan PEP,Clear / Bersih,Match Terverifikasi,Tidak Berlaku,Lengkap & Valid,Tidak Diperlukan,Approved,Tidak Berlaku,Tidak,1,1,-
KYC-0193,Customer Onboarding Unit,Pembukaan Rekening Perorangan,Perorangan WNI,Low,17,Bukan PEP,Clear / Bersih,Match Terverifikasi,Tidak Berlaku,Lengkap & Valid,Tidak Diperlukan,Approved,Tidak Berlaku,Tidak,1,1,-
KYC-0194,Head Office,Pembukaan Rekening Perorangan,Perorangan WNI,High,79,Bukan PEP,Clear / Bersih,Match Terverifikasi,Tidak Berlaku,Lengkap & Valid,Dilakukan & Memadai,Approved,Disetujui Pejabat Berwenang,Tidak,1,1,-
KYC-0195,Bandung Branch,Pembukaan Rekening Korporasi,Korporasi / Badan Usaha,Low,18,Bukan PEP,Clear / Bersih,Match Terverifikasi,Terverifikasi Sah,Lengkap & Valid,Tidak Diperlukan,Approved,Tidak Berlaku,Tidak,1,1,-
KYC-0196,Jakarta Branch,Pembukaan Rekening Korporasi,Korporasi / Badan Usaha,Medium,41,Bukan PEP,Clear / Bersih,Match Terverifikasi,Terverifikasi Sah,Lengkap & Valid,Tidak Diperlukan,Approved,Tidak Berlaku,Tidak,1,1,-
KYC-0197,Head Office,Pembukaan Rekening Perorangan,Perorangan WNI,Medium,61,Bukan PEP,Clear / Bersih,Match Terverifikasi,Tidak Berlaku,Lengkap & Valid,Tidak Diperlukan,Approved,Tidak Berlaku,Tidak,1,2,-
KYC-0198,Surabaya Branch,Pembukaan Rekening Perorangan,Perorangan WNI,Low,44,Bukan PEP,Clear / Bersih,Match Terverifikasi,Tidak Berlaku,Tidak Lengkap,Tidak Diperlukan,Approved,Tanpa Otorisasi Senior,Ya (Anomali),4,5,Pelanggaran Prosedur: Aktivitas Disetujui Padahal Status Dokumen Tidak Lengkap
KYC-0199,Medan Branch,Pembukaan Rekening Perorangan,Perorangan WNI,Low,32,Bukan PEP,Clear / Bersih,Match Terverifikasi,Tidak Berlaku,Tidak Lengkap,Tidak Diperlukan,Rejected,Tidak Berlaku,Tidak,1,2,-
KYC-0200,Medan Branch,Pembukaan Rekening Korporasi,Korporasi / Badan Usaha,Low,26,Bukan PEP,Clear / Bersih,Match Terverifikasi,Terverifikasi Sah,Lengkap & Valid,Tidak Diperlukan,Approved,Tidak Berlaku,Tidak,1,2,-
KYC-0201,Jakarta Branch,Update Data Nasabah,Perorangan WNI,Medium,43,Bukan PEP,Clear / Bersih,Match Terverifikasi,Tidak Berlaku,Lengkap & Valid,Tidak Diperlukan,Approved,Tidak Berlaku,Tidak,1,1,-
KYC-0202,Surabaya Branch,Pembukaan Rekening Perorangan,WNA / Non-Resident,Medium,59,Bukan PEP,Clear / Bersih,Match Terverifikasi,Tidak Berlaku,Lengkap & Valid,Tidak Diperlukan,Approved,Tidak Berlaku,Tidak,1,2,-
KYC-0203,Surabaya Branch,Pembukaan Rekening Korporasi,Korporasi / Badan Usaha,High,78,Bukan PEP,Clear / Bersih,Match Terverifikasi,Terverifikasi Sah,Lengkap & Valid,Dilakukan & Memadai,Pending Review,Disetujui Pejabat Berwenang,Tidak,1,1,-
KYC-0204,Medan Branch,Pengkinian Data Berkala,Perorangan WNI,Low,10,Bukan PEP,Clear / Bersih,Match Terverifikasi,Tidak Berlaku,Lengkap & Valid,Tidak Diperlukan,Approved,Tidak Berlaku,Tidak,1,1,-
KYC-0205,Customer Onboarding Unit,Pembukaan Rekening Perorangan,Perorangan WNI,Low,24,Bukan PEP,Clear / Bersih,Match Terverifikasi,Tidak Berlaku,Lengkap & Valid,Tidak Diperlukan,Approved,Tidak Berlaku,Tidak,1,2,-
KYC-0206,Customer Onboarding Unit,Pembukaan Rekening Korporasi,Korporasi / Badan Usaha,High,76,Bukan PEP,Clear / Bersih,Match Terverifikasi,Tidak Diungkap / Fiktif,Lengkap & Valid,Tanpa EDD / Dilewati,Approved,Tanpa Otorisasi Senior,Ya (Anomali),5,4,Risiko Shell Company: Pembukaan Rekening Korporasi Disetujui Tanpa Pengungkapan Beneficial Owner (BO)
KYC-0207,Medan Branch,Pembukaan Rekening Perorangan,Perorangan WNI,Low,30,Bukan PEP,Clear / Bersih,Match Terverifikasi,Tidak Berlaku,Lengkap & Valid,Tidak Diperlukan,Approved,Tidak Berlaku,Tidak,1,2,-
KYC-0208,Jakarta Branch,Pembukaan Rekening Korporasi,Korporasi / Badan Usaha,High,68,Bukan PEP,Clear / Bersih,Match Terverifikasi,Terverifikasi Sah,Lengkap & Valid,Dilakukan & Memadai,Approved,Disetujui Pejabat Berwenang,Tidak,2,2,-
KYC-0209,Bandung Branch,Pembukaan Rekening Perorangan,Perorangan WNI,Low,33,Bukan PEP,Clear / Bersih,Match Terverifikasi,Tidak Berlaku,Lengkap & Valid,Tidak Diperlukan,Approved,Tidak Berlaku,Tidak,1,2,-
KYC-0210,Jakarta Branch,Update Data Nasabah,Perorangan WNI,Low,14,Bukan PEP,Clear / Bersih,Match Terverifikasi,Tidak Berlaku,Lengkap & Valid,Tidak Diperlukan,Pending Review,Tidak Berlaku,Tidak,2,1,-
KYC-0211,Customer Onboarding Unit,Pembukaan Rekening Perorangan,WNA / Non-Resident,Low,30,Bukan PEP,Clear / Bersih,Match Terverifikasi,Tidak Berlaku,Lengkap & Valid,Tidak Diperlukan,Pending Review,Tidak Berlaku,Tidak,2,1,-
KYC-0212,Head Office,Pembukaan Rekening Korporasi,Korporasi / Badan Usaha,Medium,38,Bukan PEP,Clear / Bersih,Match Terverifikasi,Terverifikasi Sah,Lengkap & Valid,Tidak Diperlukan,Approved,Tidak Berlaku,Tidak,1,1,-
KYC-0213,Medan Branch,Pembukaan Rekening Korporasi,Korporasi / Badan Usaha,Medium,39,Bukan PEP,Clear / Bersih,Match Terverifikasi,Terverifikasi Sah,Lengkap & Valid,Tidak Diperlukan,Approved,Tidak Berlaku,Tidak,1,1,-
KYC-0214,Bandung Branch,Update Data Nasabah,Perorangan WNI,Medium,62,Bukan PEP,Clear / Bersih,Mismatch Data,Tidak Berlaku,Tidak Lengkap,Tidak Diperlukan,Approved,Tanpa Otorisasi Senior,Ya (Anomali),5,5,Indikasi Pemalsuan Identitas: Disetujui Padahal Verifikasi Kependudukan / Biometrik Mismatch Data
KYC-0215,Bandung Branch,Pembukaan Rekening Perorangan,Perorangan WNI,Low,25,Bukan PEP,Clear / Bersih,Match Terverifikasi,Tidak Berlaku,Lengkap & Valid,Tidak Diperlukan,Approved,Tidak Berlaku,Tidak,1,1,-
KYC-0216,Customer Onboarding Unit,Pengkinian Data Berkala,Perorangan WNI,Medium,40,Bukan PEP,Clear / Bersih,Match Terverifikasi,Tidak Berlaku,Lengkap & Valid,Tidak Diperlukan,Approved,Tidak Berlaku,Tidak,2,1,-
KYC-0217,Surabaya Branch,Pengkinian Data Berkala,Perorangan WNI,High,66,Bukan PEP,Clear / Bersih,Match Terverifikasi,Tidak Berlaku,Lengkap & Valid,Dilakukan & Memadai,Rejected,Disetujui Pejabat Berwenang,Tidak,1,1,-
KYC-0218,Bandung Branch,Pembukaan Rekening Korporasi,Korporasi / Badan Usaha,Low,20,Bukan PEP,Clear / Bersih,Match Terverifikasi,Terverifikasi Sah,Lengkap & Valid,Tidak Diperlukan,Approved,Tidak Berlaku,Tidak,1,1,-
KYC-0219,Customer Onboarding Unit,Pembukaan Rekening Perorangan,Perorangan WNI,Low,21,Bukan PEP,Clear / Bersih,Match Terverifikasi,Tidak Berlaku,Lengkap & Valid,Tidak Diperlukan,Approved,Tidak Berlaku,Tidak,1,2,-
KYC-0220,Customer Onboarding Unit,Update Data Nasabah,Perorangan WNI,Low,35,Bukan PEP,Clear / Bersih,Match Terverifikasi,Tidak Berlaku,Lengkap & Valid,Tidak Diperlukan,Approved,Tidak Berlaku,Tidak,1,1,-
KYC-0221,Bandung Branch,Pembukaan Rekening Korporasi,Korporasi / Badan Usaha,Low,22,Bukan PEP,Clear / Bersih,Match Terverifikasi,Terverifikasi Sah,Lengkap & Valid,Tidak Diperlukan,Approved,Tidak Berlaku,Tidak,1,1,-
KYC-0222,Head Office,Pengkinian Data Berkala,Perorangan WNI,Low,21,Bukan PEP,Clear / Bersih,Match Terverifikasi,Tidak Berlaku,Lengkap & Valid,Tidak Diperlukan,Approved,Tidak Berlaku,Tidak,1,1,-
KYC-0223,Surabaya Branch,Update Data Nasabah,Perorangan WNI,Medium,61,Bukan PEP,Clear / Bersih,Match Terverifikasi,Tidak Berlaku,Lengkap & Valid,Tidak Diperlukan,Approved,Tidak Berlaku,Tidak,2,1,-
KYC-0224,Bandung Branch,Update Data Nasabah,Perorangan WNI,High,78,Bukan PEP,Clear / Bersih,Match Terverifikasi,Tidak Berlaku,Lengkap & Valid,Dilakukan & Memadai,Approved,Disetujui Pejabat Berwenang,Tidak,2,1,-
KYC-0225,Customer Onboarding Unit,Pengkinian Data Berkala,Perorangan WNI,Low,21,Bukan PEP,Clear / Bersih,Match Terverifikasi,Tidak Berlaku,Lengkap & Valid,Tidak Diperlukan,Approved,Tidak Berlaku,Tidak,1,2,-
KYC-0226,Bandung Branch,Pembukaan Rekening Perorangan,Perorangan WNI,Medium,40,Bukan PEP,Clear / Bersih,Match Terverifikasi,Tidak Berlaku,Lengkap & Valid,Tidak Diperlukan,Approved,Tidak Berlaku,Tidak,2,1,-
KYC-0227,Customer Onboarding Unit,Pembukaan Rekening Korporasi,Korporasi / Badan Usaha,Medium,87,Bukan PEP,Clear / Bersih,Gagal Biometrik,Terverifikasi Sah,Lengkap & Valid,Tidak Diperlukan,Approved,Tanpa Otorisasi Senior,Ya (Anomali),5,5,Indikasi Pemalsuan Identitas: Disetujui Padahal Verifikasi Kependudukan / Biometrik Gagal Biometrik
KYC-0228,Surabaya Branch,Pengkinian Data Berkala,Perorangan WNI,Low,17,Bukan PEP,Clear / Bersih,Match Terverifikasi,Tidak Berlaku,Lengkap & Valid,Tidak Diperlukan,Approved,Tidak Berlaku,Tidak,1,1,-
KYC-0229,Jakarta Branch,Pengkinian Data Berkala,Perorangan WNI,Medium,62,Bukan PEP,Clear / Bersih,Match Terverifikasi,Tidak Berlaku,Lengkap & Valid,Tidak Diperlukan,Approved,Tidak Berlaku,Tidak,1,1,-
KYC-0230,Customer Onboarding Unit,Update Data Nasabah,Perorangan WNI,Medium,47,Bukan PEP,Clear / Bersih,Match Terverifikasi,Tidak Berlaku,Lengkap & Valid,Tidak Diperlukan,Approved,Tidak Berlaku,Tidak,1,1,-
KYC-0231,Medan Branch,Update Data Nasabah,Perorangan WNI,Low,13,Bukan PEP,Clear / Bersih,Match Terverifikasi,Tidak Berlaku,Lengkap & Valid,Tidak Diperlukan,Approved,Tidak Berlaku,Tidak,1,2,-
KYC-0232,Medan Branch,Pembukaan Rekening Perorangan,WNA / Non-Resident,Medium,65,Bukan PEP,Clear / Bersih,Match Terverifikasi,Tidak Berlaku,Lengkap & Valid,Tidak Diperlukan,Approved,Tidak Berlaku,Tidak,1,2,-
KYC-0233,Bandung Branch,Pembukaan Rekening Perorangan,Perorangan WNI,Low,22,Bukan PEP,Clear / Bersih,Match Terverifikasi,Tidak Berlaku,Lengkap & Valid,Tidak Diperlukan,Pending Review,Tidak Berlaku,Tidak,1,1,-
KYC-0234,Surabaya Branch,Pembukaan Rekening Korporasi,Korporasi / Badan Usaha,Medium,48,Bukan PEP,Clear / Bersih,Match Terverifikasi,Terverifikasi Sah,Lengkap & Valid,Tidak Diperlukan,Approved,Tidak Berlaku,Tidak,2,1,-
KYC-0235,Medan Branch,Pengkinian Data Berkala,Perorangan WNI,High,73,Bukan PEP,Clear / Bersih,Match Terverifikasi,Tidak Berlaku,Lengkap & Valid,Dilakukan & Memadai,Pending Review,Disetujui Pejabat Berwenang,Tidak,1,1,-
KYC-0236,Surabaya Branch,Pembukaan Rekening Perorangan,WNA / Non-Resident,High,78,Bukan PEP,Clear / Bersih,Match Terverifikasi,Tidak Berlaku,Lengkap & Valid,Dilakukan & Memadai,Pending Review,Disetujui Pejabat Berwenang,Tidak,1,1,-
KYC-0237,Head Office,Update Data Nasabah,Perorangan WNI,Medium,64,Bukan PEP,Clear / Bersih,Match Terverifikasi,Tidak Berlaku,Lengkap & Valid,Tidak Diperlukan,Pending Review,Tidak Berlaku,Tidak,1,2,-
KYC-0238,Head Office,Pembukaan Rekening Perorangan,Perorangan WNI,Low,33,Bukan PEP,Clear / Bersih,Match Terverifikasi,Tidak Berlaku,Lengkap & Valid,Tidak Diperlukan,Approved,Tidak Berlaku,Tidak,2,1,-
KYC-0239,Medan Branch,Pembukaan Rekening Perorangan,Perorangan WNI,Medium,50,Bukan PEP,Clear / Bersih,Match Terverifikasi,Tidak Berlaku,Lengkap & Valid,Tidak Diperlukan,Pending Review,Tidak Berlaku,Tidak,1,1,-
KYC-0240,Bandung Branch,Update Data Nasabah,Perorangan WNI,Medium,48,Bukan PEP,Clear / Bersih,Match Terverifikasi,Tidak Berlaku,Lengkap & Valid,Tidak Diperlukan,Approved,Tidak Berlaku,Tidak,1,1,-
KYC-0241,Customer Onboarding Unit,Pembukaan Rekening Perorangan,Perorangan WNI,Low,11,Bukan PEP,Clear / Bersih,Match Terverifikasi,Tidak Berlaku,Lengkap & Valid,Tidak Diperlukan,Pending Review,Tidak Berlaku,Tidak,1,1,-
KYC-0242,Bandung Branch,Pembukaan Rekening Korporasi,Korporasi / Badan Usaha,High,84,Bukan PEP,Clear / Bersih,Match Terverifikasi,Terverifikasi Sah,Lengkap & Valid,Dilakukan & Memadai,Approved,Tanpa Otorisasi Senior,Ya (Anomali),4,4,Pelanggaran Wewenang: Nasabah High Risk Disetujui Tanpa Otorisasi Pejabat Senior AML
KYC-0243,Head Office,Pembukaan Rekening Korporasi,Korporasi / Badan Usaha,Medium,61,Bukan PEP,Clear / Bersih,Match Terverifikasi,Terverifikasi Sah,Lengkap & Valid,Tidak Diperlukan,Approved,Tidak Berlaku,Tidak,1,1,-
KYC-0244,Jakarta Branch,Update Data Nasabah,Perorangan WNI,Low,17,Bukan PEP,Clear / Bersih,Match Terverifikasi,Tidak Berlaku,Lengkap & Valid,Tidak Diperlukan,Pending Review,Tidak Berlaku,Tidak,1,1,-
KYC-0245,Jakarta Branch,Pembukaan Rekening Korporasi,Korporasi / Badan Usaha,High,87,Bukan PEP,Clear / Bersih,Match Terverifikasi,Tidak Diungkap / Fiktif,Lengkap & Valid,Tanpa EDD / Dilewati,Approved,Tanpa Otorisasi Senior,Ya (Anomali),5,5,Risiko Shell Company: Pembukaan Rekening Korporasi Disetujui Tanpa Pengungkapan Beneficial Owner (BO)
KYC-0246,Bandung Branch,Pembukaan Rekening Korporasi,Korporasi / Badan Usaha,High,94,Bukan PEP,Match Terindikasi,Match Terverifikasi,Terverifikasi Sah,Lengkap & Valid,Dilakukan & Memadai,Approved,Tanpa Otorisasi Senior,Ya (Anomali),5,5,Pelanggaran Berat APU-PPT: Nasabah Terindikasi DTTOT / Daftar Sanksi Tetap Disetujui
KYC-0247,Jakarta Branch,Pembukaan Rekening Korporasi,Korporasi / Badan Usaha,Low,13,Bukan PEP,Clear / Bersih,Match Terverifikasi,Terverifikasi Sah,Lengkap & Valid,Tidak Diperlukan,Approved,Tidak Berlaku,Tidak,1,1,-
KYC-0248,Surabaya Branch,Pembukaan Rekening Korporasi,Korporasi / Badan Usaha,Medium,38,Bukan PEP,Clear / Bersih,Match Terverifikasi,Terverifikasi Sah,Lengkap & Valid,Tidak Diperlukan,Approved,Tidak Berlaku,Tidak,2,1,-
KYC-0249,Customer Onboarding Unit,Update Data Nasabah,WNA / Non-Resident,Low,23,Bukan PEP,Clear / Bersih,Match Terverifikasi,Tidak Berlaku,Tidak Lengkap,Tidak Diperlukan,Rejected,Tidak Berlaku,Tidak,2,2,-
KYC-0250,Bandung Branch,Update Data Nasabah,Perorangan WNI,Low,29,Bukan PEP,Clear / Bersih,Match Terverifikasi,Tidak Berlaku,Lengkap & Valid,Tidak Diperlukan,Approved,Tidak Berlaku,Tidak,1,1,-
KYC-0251,Jakarta Branch,Update Data Nasabah,Perorangan WNI,Low,23,Bukan PEP,Clear / Bersih,Match Terverifikasi,Tidak Berlaku,Lengkap & Valid,Tidak Diperlukan,Approved,Tidak Berlaku,Tidak,1,2,-
KYC-0252,Customer Onboarding Unit,Pembukaan Rekening Perorangan,Perorangan WNI,High,72,Bukan PEP,Clear / Bersih,Match Terverifikasi,Tidak Berlaku,Lengkap & Valid,Dilakukan & Memadai,Approved,Disetujui Pejabat Berwenang,Tidak,1,1,-
KYC-0253,Bandung Branch,Pembukaan Rekening Korporasi,Korporasi / Badan Usaha,Medium,53,Bukan PEP,Clear / Bersih,Match Terverifikasi,Terverifikasi Sah,Lengkap & Valid,Tidak Diperlukan,Approved,Tidak Berlaku,Tidak,1,1,-
KYC-0254,Surabaya Branch,Pembukaan Rekening Korporasi,Korporasi / Badan Usaha,Low,23,Bukan PEP,Clear / Bersih,Match Terverifikasi,Terverifikasi Sah,Lengkap & Valid,Tidak Diperlukan,Approved,Tidak Berlaku,Tidak,2,1,-
KYC-0255,Bandung Branch,Pembukaan Rekening Korporasi,Korporasi / Badan Usaha,Low,22,Bukan PEP,Clear / Bersih,Match Terverifikasi,Terverifikasi Sah,Tidak Lengkap,Tidak Diperlukan,Rejected,Tidak Berlaku,Tidak,1,2,-
KYC-0256,Bandung Branch,Pengkinian Data Berkala,WNA / Non-Resident,Low,34,Bukan PEP,Clear / Bersih,Match Terverifikasi,Tidak Berlaku,Tidak Lengkap,Tidak Diperlukan,Rejected,Tidak Berlaku,Tidak,2,1,-
KYC-0257,Jakarta Branch,Update Data Nasabah,WNA / Non-Resident,Low,31,Bukan PEP,Clear / Bersih,Match Terverifikasi,Tidak Berlaku,Lengkap & Valid,Tidak Diperlukan,Approved,Tidak Berlaku,Tidak,1,1,-
KYC-0258,Jakarta Branch,Pembukaan Rekening Korporasi,Korporasi / Badan Usaha,Medium,49,Bukan PEP,Clear / Bersih,Match Terverifikasi,Terverifikasi Sah,Tidak Lengkap,Tidak Diperlukan,Rejected,Tidak Berlaku,Tidak,1,2,-
KYC-0259,Surabaya Branch,Update Data Nasabah,Perorangan WNI,Low,18,Bukan PEP,Clear / Bersih,Match Terverifikasi,Tidak Berlaku,Lengkap & Valid,Tidak Diperlukan,Approved,Tidak Berlaku,Tidak,1,2,-
KYC-0260,Head Office,Pembukaan Rekening Korporasi,Korporasi / Badan Usaha,Medium,65,Bukan PEP,Clear / Bersih,Match Terverifikasi,Terverifikasi Sah,Lengkap & Valid,Tidak Diperlukan,Approved,Tidak Berlaku,Tidak,1,1,-
KYC-0261,Medan Branch,Pembukaan Rekening Perorangan,Perorangan WNI,Medium,64,Bukan PEP,Clear / Bersih,Match Terverifikasi,Tidak Berlaku,Lengkap & Valid,Tidak Diperlukan,Approved,Tidak Berlaku,Tidak,2,1,-
KYC-0262,Medan Branch,Update Data Nasabah,Perorangan WNI,Low,15,Bukan PEP,Clear / Bersih,Match Terverifikasi,Tidak Berlaku,Lengkap & Valid,Tidak Diperlukan,Approved,Tidak Berlaku,Tidak,1,2,-
KYC-0263,Bandung Branch,Pembukaan Rekening Perorangan,Perorangan WNI,Medium,57,Bukan PEP,Clear / Bersih,Match Terverifikasi,Tidak Berlaku,Lengkap & Valid,Tidak Diperlukan,Approved,Tidak Berlaku,Tidak,1,1,-
KYC-0264,Medan Branch,Pengkinian Data Berkala,Perorangan WNI,Medium,54,Bukan PEP,Clear / Bersih,Match Terverifikasi,Tidak Berlaku,Lengkap & Valid,Tidak Diperlukan,Pending Review,Tidak Berlaku,Tidak,2,1,-
KYC-0265,Medan Branch,Pengkinian Data Berkala,Perorangan WNI,Low,24,Bukan PEP,Clear / Bersih,Match Terverifikasi,Tidak Berlaku,Lengkap & Valid,Tidak Diperlukan,Pending Review,Tidak Berlaku,Tidak,1,1,-
KYC-0266,Customer Onboarding Unit,Pembukaan Rekening Korporasi,Korporasi / Badan Usaha,Low,16,Bukan PEP,Clear / Bersih,Match Terverifikasi,Terverifikasi Sah,Tidak Lengkap,Tidak Diperlukan,Rejected,Tidak Berlaku,Tidak,1,2,-
KYC-0267,Medan Branch,Pembukaan Rekening Korporasi,Korporasi / Badan Usaha,High,68,Bukan PEP,Clear / Bersih,Match Terverifikasi,Terverifikasi Sah,Lengkap & Valid,Dilakukan & Memadai,Pending Review,Disetujui Pejabat Berwenang,Tidak,2,1,-
KYC-0268,Surabaya Branch,Pembukaan Rekening Perorangan,Perorangan WNI,Low,34,Bukan PEP,Clear / Bersih,Match Terverifikasi,Tidak Berlaku,Tidak Lengkap,Tidak Diperlukan,Rejected,Tidak Berlaku,Tidak,2,1,-
KYC-0269,Surabaya Branch,Pengkinian Data Berkala,Perorangan WNI,High,94,PEP Asing,Match Terindikasi,Match Terverifikasi,Tidak Berlaku,Lengkap & Valid,Dilakukan & Memadai,Approved,Tanpa Otorisasi Senior,Ya (Anomali),5,5,Pelanggaran Berat APU-PPT: Nasabah Terindikasi DTTOT / Daftar Sanksi Tetap Disetujui
KYC-0270,Head Office,Update Data Nasabah,Perorangan WNI,Low,27,Bukan PEP,Clear / Bersih,Match Terverifikasi,Tidak Berlaku,Lengkap & Valid,Tidak Diperlukan,Approved,Tidak Berlaku,Tidak,2,1,-
KYC-0271,Jakarta Branch,Pembukaan Rekening Korporasi,Korporasi / Badan Usaha,Low,10,Bukan PEP,Clear / Bersih,Match Terverifikasi,Terverifikasi Sah,Lengkap & Valid,Tidak Diperlukan,Approved,Tidak Berlaku,Tidak,2,1,-
KYC-0272,Bandung Branch,Pengkinian Data Berkala,WNA / Non-Resident,Medium,46,Bukan PEP,Clear / Bersih,Match Terverifikasi,Tidak Berlaku,Lengkap & Valid,Tidak Diperlukan,Approved,Tidak Berlaku,Tidak,1,1,-
KYC-0273,Head Office,Update Data Nasabah,Perorangan WNI,Medium,47,Bukan PEP,Clear / Bersih,Match Terverifikasi,Tidak Berlaku,Lengkap & Valid,Tidak Diperlukan,Pending Review,Tidak Berlaku,Tidak,1,1,-
KYC-0274,Jakarta Branch,Update Data Nasabah,Perorangan WNI,High,74,PEP Domestik,Clear / Bersih,Match Terverifikasi,Tidak Berlaku,Lengkap & Valid,Dilakukan & Memadai,Pending Review,Disetujui Pejabat Berwenang,Tidak,1,1,-
KYC-0275,Jakarta Branch,Pembukaan Rekening Korporasi,Korporasi / Badan Usaha,Low,25,Bukan PEP,Clear / Bersih,Match Terverifikasi,Terverifikasi Sah,Lengkap & Valid,Tidak Diperlukan,Approved,Tidak Berlaku,Tidak,1,1,-
KYC-0276,Surabaya Branch,Pengkinian Data Berkala,WNA / Non-Resident,Low,17,Bukan PEP,Clear / Bersih,Match Terverifikasi,Tidak Berlaku,Lengkap & Valid,Tidak Diperlukan,Pending Review,Tidak Berlaku,Tidak,2,1,-
KYC-0277,Surabaya Branch,Pembukaan Rekening Korporasi,Korporasi / Badan Usaha,Low,14,Bukan PEP,Clear / Bersih,Match Terverifikasi,Terverifikasi Sah,Lengkap & Valid,Tidak Diperlukan,Approved,Tidak Berlaku,Tidak,2,1,-
KYC-0278,Surabaya Branch,Pembukaan Rekening Perorangan,WNA / Non-Resident,Low,11,Bukan PEP,Clear / Bersih,Match Terverifikasi,Tidak Berlaku,Lengkap & Valid,Tidak Diperlukan,Approved,Tidak Berlaku,Tidak,1,1,-
KYC-0279,Bandung Branch,Pembukaan Rekening Perorangan,Perorangan WNI,High,74,Bukan PEP,Clear / Bersih,Match Terverifikasi,Tidak Berlaku,Lengkap & Valid,Dilakukan & Memadai,Rejected,Disetujui Pejabat Berwenang,Tidak,1,2,-
KYC-0280,Head Office,Pengkinian Data Berkala,Perorangan WNI,High,66,Bukan PEP,Clear / Bersih,Match Terverifikasi,Tidak Berlaku,Lengkap & Valid,Dilakukan & Memadai,Rejected,Disetujui Pejabat Berwenang,Tidak,2,1,-
KYC-0281,Bandung Branch,Pembukaan Rekening Perorangan,Perorangan WNI,Medium,46,Bukan PEP,Clear / Bersih,Match Terverifikasi,Tidak Berlaku,Tidak Lengkap,Tidak Diperlukan,Approved,Tanpa Otorisasi Senior,Ya (Anomali),4,4,Pelanggaran Prosedur: Aktivitas Disetujui Padahal Status Dokumen Tidak Lengkap
KYC-0282,Medan Branch,Pengkinian Data Berkala,Perorangan WNI,Low,11,Bukan PEP,Clear / Bersih,Match Terverifikasi,Tidak Berlaku,Lengkap & Valid,Tidak Diperlukan,Approved,Tidak Berlaku,Tidak,1,1,-
KYC-0283,Head Office,Pembukaan Rekening Korporasi,Korporasi / Badan Usaha,Low,10,Bukan PEP,Clear / Bersih,Match Terverifikasi,Terverifikasi Sah,Lengkap & Valid,Tidak Diperlukan,Approved,Tidak Berlaku,Tidak,2,1,-
KYC-0284,Customer Onboarding Unit,Pengkinian Data Berkala,Perorangan WNI,Medium,56,Bukan PEP,Clear / Bersih,Match Terverifikasi,Tidak Berlaku,Tidak Lengkap,Tidak Diperlukan,Rejected,Tidak Berlaku,Tidak,1,1,-
KYC-0285,Head Office,Update Data Nasabah,WNA / Non-Resident,Low,21,Bukan PEP,Clear / Bersih,Match Terverifikasi,Tidak Berlaku,Lengkap & Valid,Tidak Diperlukan,Approved,Tidak Berlaku,Tidak,1,1,-
KYC-0286,Surabaya Branch,Pembukaan Rekening Perorangan,Perorangan WNI,High,72,Bukan PEP,Clear / Bersih,Match Terverifikasi,Tidak Berlaku,Lengkap & Valid,Dilakukan & Memadai,Pending Review,Disetujui Pejabat Berwenang,Tidak,2,1,-
KYC-0287,Jakarta Branch,Pengkinian Data Berkala,Perorangan WNI,Medium,43,Bukan PEP,Clear / Bersih,Match Terverifikasi,Tidak Berlaku,Lengkap & Valid,Tidak Diperlukan,Approved,Tidak Berlaku,Tidak,1,1,-
KYC-0288,Customer Onboarding Unit,Update Data Nasabah,Perorangan WNI,Low,12,Bukan PEP,Clear / Bersih,Match Terverifikasi,Tidak Berlaku,Lengkap & Valid,Tidak Diperlukan,Approved,Tidak Berlaku,Tidak,1,1,-
KYC-0289,Medan Branch,Update Data Nasabah,Perorangan WNI,Low,23,Bukan PEP,Clear / Bersih,Match Terverifikasi,Tidak Berlaku,Lengkap & Valid,Tidak Diperlukan,Approved,Tidak Berlaku,Tidak,2,2,-
KYC-0290,Head Office,Pembukaan Rekening Perorangan,WNA / Non-Resident,Low,31,Bukan PEP,Clear / Bersih,Match Terverifikasi,Tidak Berlaku,Lengkap & Valid,Tidak Diperlukan,Pending Review,Tidak Berlaku,Tidak,1,1,-
KYC-0291,Jakarta Branch,Pembukaan Rekening Perorangan,Perorangan WNI,Low,19,Bukan PEP,Clear / Bersih,Match Terverifikasi,Tidak Berlaku,Lengkap & Valid,Tidak Diperlukan,Approved,Tidak Berlaku,Tidak,1,2,-
KYC-0292,Medan Branch,Pengkinian Data Berkala,WNA / Non-Resident,Low,28,Bukan PEP,Clear / Bersih,Match Terverifikasi,Tidak Berlaku,Lengkap & Valid,Tidak Diperlukan,Approved,Tidak Berlaku,Tidak,1,1,-
KYC-0293,Jakarta Branch,Pengkinian Data Berkala,Perorangan WNI,Low,19,Bukan PEP,Clear / Bersih,Match Terverifikasi,Tidak Berlaku,Tidak Lengkap,Tidak Diperlukan,Pending Review,Tidak Berlaku,Tidak,2,1,-
KYC-0294,Jakarta Branch,Pengkinian Data Berkala,Perorangan WNI,Medium,84,Bukan PEP,Clear / Bersih,Gagal Biometrik,Tidak Berlaku,Tidak Lengkap,Tidak Diperlukan,Approved,Tanpa Otorisasi Senior,Ya (Anomali),5,5,Indikasi Pemalsuan Identitas: Disetujui Padahal Verifikasi Kependudukan / Biometrik Gagal Biometrik
KYC-0295,Surabaya Branch,Pembukaan Rekening Perorangan,Perorangan WNI,Low,57,Bukan PEP,Clear / Bersih,Match Terverifikasi,Tidak Berlaku,Tidak Lengkap,Tidak Diperlukan,Approved,Tanpa Otorisasi Senior,Ya (Anomali),4,5,Pelanggaran Prosedur: Aktivitas Disetujui Padahal Status Dokumen Tidak Lengkap
KYC-0296,Jakarta Branch,Pembukaan Rekening Perorangan,Perorangan WNI,Low,13,Bukan PEP,Clear / Bersih,Match Terverifikasi,Tidak Berlaku,Lengkap & Valid,Tidak Diperlukan,Approved,Tidak Berlaku,Tidak,2,1,-
KYC-0297,Customer Onboarding Unit,Pengkinian Data Berkala,WNA / Non-Resident,Low,15,Bukan PEP,Clear / Bersih,Match Terverifikasi,Tidak Berlaku,Lengkap & Valid,Tidak Diperlukan,Approved,Tidak Berlaku,Tidak,1,1,-
KYC-0298,Customer Onboarding Unit,Pembukaan Rekening Korporasi,Korporasi / Badan Usaha,High,90,PEP Asing,Match Terindikasi,Match Terverifikasi,Terverifikasi Sah,Lengkap & Valid,Dilakukan & Memadai,Approved,Tanpa Otorisasi Senior,Ya (Anomali),5,5,Pelanggaran Berat APU-PPT: Nasabah Terindikasi DTTOT / Daftar Sanksi Tetap Disetujui
KYC-0299,Surabaya Branch,Pembukaan Rekening Korporasi,Korporasi / Badan Usaha,Low,33,Bukan PEP,Clear / Bersih,Match Terverifikasi,Terverifikasi Sah,Dokumen Kadaluarsa,Tidak Diperlukan,Approved,Tanpa Otorisasi Senior,Ya (Anomali),4,5,Pelanggaran Prosedur: Aktivitas Disetujui Padahal Status Dokumen Dokumen Kadaluarsa
KYC-0300,Jakarta Branch,Pembukaan Rekening Korporasi,Korporasi / Badan Usaha,Medium,52,Bukan PEP,Clear / Bersih,Match Terverifikasi,Terverifikasi Sah,Lengkap & Valid,Tidak Diperlukan,Approved,Tidak Berlaku,Tidak,1,1,-
KYC-0301,Medan Branch,Update Data Nasabah,WNA / Non-Resident,Medium,42,Bukan PEP,Clear / Bersih,Match Terverifikasi,Tidak Berlaku,Lengkap & Valid,Tidak Diperlukan,Approved,Tidak Berlaku,Tidak,2,2,-
KYC-0302,Surabaya Branch,Pembukaan Rekening Perorangan,Perorangan WNI,Low,23,Bukan PEP,Clear / Bersih,Match Terverifikasi,Tidak Berlaku,Lengkap & Valid,Tidak Diperlukan,Approved,Tidak Berlaku,Tidak,2,1,-
KYC-0303,Medan Branch,Pembukaan Rekening Korporasi,Korporasi / Badan Usaha,High,78,Bukan PEP,Clear / Bersih,Match Terverifikasi,Tidak Diungkap / Fiktif,Lengkap & Valid,Tanpa EDD / Dilewati,Approved,Tanpa Otorisasi Senior,Ya (Anomali),5,5,Risiko Shell Company: Pembukaan Rekening Korporasi Disetujui Tanpa Pengungkapan Beneficial Owner (BO)
KYC-0304,Jakarta Branch,Pembukaan Rekening Perorangan,WNA / Non-Resident,Low,24,Bukan PEP,Clear / Bersih,Match Terverifikasi,Tidak Berlaku,Lengkap & Valid,Tidak Diperlukan,Approved,Tidak Berlaku,Tidak,1,1,-
KYC-0305,Head Office,Pembukaan Rekening Korporasi,Korporasi / Badan Usaha,Medium,40,Bukan PEP,Clear / Bersih,Match Terverifikasi,Terverifikasi Sah,Lengkap & Valid,Tidak Diperlukan,Approved,Tidak Berlaku,Tidak,1,2,-
KYC-0306,Medan Branch,Pembukaan Rekening Perorangan,Perorangan WNI,Medium,56,Bukan PEP,Clear / Bersih,Match Terverifikasi,Tidak Berlaku,Dokumen Kadaluarsa,Tidak Diperlukan,Approved,Tanpa Otorisasi Senior,Ya (Anomali),4,4,Pelanggaran Prosedur: Aktivitas Disetujui Padahal Status Dokumen Dokumen Kadaluarsa
KYC-0307,Medan Branch,Update Data Nasabah,Perorangan WNI,Medium,40,Bukan PEP,Clear / Bersih,Match Terverifikasi,Tidak Berlaku,Lengkap & Valid,Tidak Diperlukan,Approved,Tidak Berlaku,Tidak,2,2,-
KYC-0308,Surabaya Branch,Update Data Nasabah,Perorangan WNI,Medium,58,Bukan PEP,Clear / Bersih,Match Terverifikasi,Tidak Berlaku,Lengkap & Valid,Tidak Diperlukan,Approved,Tidak Berlaku,Tidak,2,2,-
KYC-0309,Customer Onboarding Unit,Pembukaan Rekening Perorangan,Perorangan WNI,Low,31,Bukan PEP,Clear / Bersih,Match Terverifikasi,Tidak Berlaku,Lengkap & Valid,Tidak Diperlukan,Approved,Tidak Berlaku,Tidak,2,1,-
KYC-0310,Head Office,Pembukaan Rekening Perorangan,Perorangan WNI,Low,23,Bukan PEP,Clear / Bersih,Match Terverifikasi,Tidak Berlaku,Lengkap & Valid,Tidak Diperlukan,Approved,Tidak Berlaku,Tidak,1,2,-
KYC-0311,Customer Onboarding Unit,Update Data Nasabah,Perorangan WNI,Medium,53,Bukan PEP,Clear / Bersih,Match Terverifikasi,Tidak Berlaku,Lengkap & Valid,Tidak Diperlukan,Pending Review,Tidak Berlaku,Tidak,1,1,-
KYC-0312,Customer Onboarding Unit,Pembukaan Rekening Perorangan,Perorangan WNI,Low,28,Bukan PEP,Clear / Bersih,Match Terverifikasi,Tidak Berlaku,Lengkap & Valid,Tidak Diperlukan,Approved,Tidak Berlaku,Tidak,1,1,-
KYC-0313,Surabaya Branch,Pengkinian Data Berkala,Perorangan WNI,Low,42,Bukan PEP,Clear / Bersih,Match Terverifikasi,Tidak Berlaku,Tidak Lengkap,Tidak Diperlukan,Approved,Tanpa Otorisasi Senior,Ya (Anomali),4,5,Pelanggaran Prosedur: Aktivitas Disetujui Padahal Status Dokumen Tidak Lengkap
KYC-0314,Customer Onboarding Unit,Pengkinian Data Berkala,Perorangan WNI,Low,10,Bukan PEP,Clear / Bersih,Match Terverifikasi,Tidak Berlaku,Lengkap & Valid,Tidak Diperlukan,Approved,Tidak Berlaku,Tidak,1,2,-
KYC-0315,Head Office,Update Data Nasabah,Perorangan WNI,Low,11,Bukan PEP,Clear / Bersih,Match Terverifikasi,Tidak Berlaku,Lengkap & Valid,Tidak Diperlukan,Approved,Tidak Berlaku,Tidak,2,1,-
KYC-0316,Bandung Branch,Pengkinian Data Berkala,Perorangan WNI,Low,30,Bukan PEP,Clear / Bersih,Match Terverifikasi,Tidak Berlaku,Lengkap & Valid,Tidak Diperlukan,Approved,Tidak Berlaku,Tidak,1,1,-
KYC-0317,Bandung Branch,Update Data Nasabah,Perorangan WNI,Low,20,Bukan PEP,Clear / Bersih,Match Terverifikasi,Tidak Berlaku,Lengkap & Valid,Tidak Diperlukan,Pending Review,Tidak Berlaku,Tidak,2,1,-
KYC-0318,Customer Onboarding Unit,Update Data Nasabah,Perorangan WNI,Medium,49,Bukan PEP,Clear / Bersih,Match Terverifikasi,Tidak Berlaku,Lengkap & Valid,Tidak Diperlukan,Approved,Tidak Berlaku,Tidak,1,1,-
KYC-0319,Bandung Branch,Pengkinian Data Berkala,Perorangan WNI,High,64,Bukan PEP,Clear / Bersih,Mismatch Data,Tidak Berlaku,Lengkap & Valid,Tidak Diperlukan,Approved,Tanpa Otorisasi Senior,Ya (Anomali),5,5,Indikasi Pemalsuan Identitas: Disetujui Padahal Verifikasi Kependudukan / Biometrik Mismatch Data
KYC-0320,Customer Onboarding Unit,Pembukaan Rekening Korporasi,Korporasi / Badan Usaha,Low,25,Bukan PEP,Clear / Bersih,Match Terverifikasi,Terverifikasi Sah,Tidak Lengkap,Tidak Diperlukan,Rejected,Tidak Berlaku,Tidak,2,1,-
KYC-0321,Medan Branch,Pengkinian Data Berkala,Perorangan WNI,Low,33,Bukan PEP,Clear / Bersih,Match Terverifikasi,Tidak Berlaku,Lengkap & Valid,Tidak Diperlukan,Approved,Tidak Berlaku,Tidak,1,1,-
KYC-0322,Jakarta Branch,Pengkinian Data Berkala,Perorangan WNI,Low,30,Bukan PEP,Clear / Bersih,Match Terverifikasi,Tidak Berlaku,Lengkap & Valid,Tidak Diperlukan,Approved,Tidak Berlaku,Tidak,1,2,-
KYC-0323,Customer Onboarding Unit,Update Data Nasabah,Perorangan WNI,Low,18,Bukan PEP,Clear / Bersih,Match Terverifikasi,Tidak Berlaku,Lengkap & Valid,Tidak Diperlukan,Pending Review,Tidak Berlaku,Tidak,1,1,-
KYC-0324,Customer Onboarding Unit,Update Data Nasabah,Perorangan WNI,Low,33,Bukan PEP,Clear / Bersih,Match Terverifikasi,Tidak Berlaku,Tidak Lengkap,Tidak Diperlukan,Pending Review,Tidak Berlaku,Tidak,1,1,-
KYC-0325,Bandung Branch,Pengkinian Data Berkala,Perorangan WNI,Low,26,Bukan PEP,Clear / Bersih,Match Terverifikasi,Tidak Berlaku,Tidak Lengkap,Tidak Diperlukan,Pending Review,Tidak Berlaku,Tidak,1,1,-
KYC-0326,Customer Onboarding Unit,Pengkinian Data Berkala,Perorangan WNI,Medium,64,Bukan PEP,Clear / Bersih,Match Terverifikasi,Tidak Berlaku,Lengkap & Valid,Tidak Diperlukan,Approved,Tidak Berlaku,Tidak,1,1,-
KYC-0327,Head Office,Pengkinian Data Berkala,Perorangan WNI,High,83,Bukan PEP,Clear / Bersih,Match Terverifikasi,Tidak Berlaku,Lengkap & Valid,Dilakukan & Memadai,Rejected,Disetujui Pejabat Berwenang,Tidak,2,1,-
KYC-0328,Customer Onboarding Unit,Update Data Nasabah,Perorangan WNI,Medium,58,Bukan PEP,Clear / Bersih,Match Terverifikasi,Tidak Berlaku,Lengkap & Valid,Tidak Diperlukan,Pending Review,Tidak Berlaku,Tidak,2,2,-
KYC-0329,Medan Branch,Update Data Nasabah,Perorangan WNI,Low,28,Bukan PEP,Clear / Bersih,Match Terverifikasi,Tidak Berlaku,Lengkap & Valid,Tidak Diperlukan,Approved,Tidak Berlaku,Tidak,1,1,-
KYC-0330,Head Office,Pembukaan Rekening Perorangan,WNA / Non-Resident,Low,32,Bukan PEP,Clear / Bersih,Match Terverifikasi,Tidak Berlaku,Lengkap & Valid,Tidak Diperlukan,Approved,Tidak Berlaku,Tidak,1,1,-
KYC-0331,Bandung Branch,Update Data Nasabah,WNA / Non-Resident,Low,13,Bukan PEP,Clear / Bersih,Match Terverifikasi,Tidak Berlaku,Lengkap & Valid,Tidak Diperlukan,Approved,Tidak Berlaku,Tidak,2,1,-
KYC-0332,Surabaya Branch,Pengkinian Data Berkala,Perorangan WNI,Low,23,Bukan PEP,Clear / Bersih,Match Terverifikasi,Tidak Berlaku,Lengkap & Valid,Tidak Diperlukan,Approved,Tidak Berlaku,Tidak,2,2,-
KYC-0333,Jakarta Branch,Pembukaan Rekening Perorangan,Perorangan WNI,Low,30,Bukan PEP,Clear / Bersih,Match Terverifikasi,Tidak Berlaku,Lengkap & Valid,Tidak Diperlukan,Approved,Tidak Berlaku,Tidak,1,1,-
KYC-0334,Head Office,Pengkinian Data Berkala,Perorangan WNI,High,70,Bukan PEP,Clear / Bersih,Match Terverifikasi,Tidak Berlaku,Lengkap & Valid,Dilakukan & Memadai,Approved,Disetujui Pejabat Berwenang,Tidak,1,1,-
KYC-0335,Jakarta Branch,Pembukaan Rekening Korporasi,Korporasi / Badan Usaha,Low,20,Bukan PEP,Clear / Bersih,Match Terverifikasi,Terverifikasi Sah,Lengkap & Valid,Tidak Diperlukan,Approved,Tidak Berlaku,Tidak,1,1,-
KYC-0336,Jakarta Branch,Pembukaan Rekening Korporasi,Korporasi / Badan Usaha,Medium,57,Bukan PEP,Clear / Bersih,Match Terverifikasi,Terverifikasi Sah,Lengkap & Valid,Tidak Diperlukan,Approved,Tidak Berlaku,Tidak,1,1,-
KYC-0337,Customer Onboarding Unit,Update Data Nasabah,Perorangan WNI,Low,16,Bukan PEP,Clear / Bersih,Match Terverifikasi,Tidak Berlaku,Tidak Lengkap,Tidak Diperlukan,Rejected,Tidak Berlaku,Tidak,1,1,-
KYC-0338,Bandung Branch,Update Data Nasabah,WNA / Non-Resident,Medium,52,Bukan PEP,Clear / Bersih,Match Terverifikasi,Tidak Berlaku,Lengkap & Valid,Tidak Diperlukan,Approved,Tidak Berlaku,Tidak,1,1,-
KYC-0339,Customer Onboarding Unit,Pengkinian Data Berkala,Perorangan WNI,Low,30,Bukan PEP,Clear / Bersih,Match Terverifikasi,Tidak Berlaku,Lengkap & Valid,Tidak Diperlukan,Pending Review,Tidak Berlaku,Tidak,1,1,-
KYC-0340,Bandung Branch,Pengkinian Data Berkala,Perorangan WNI,Medium,40,Bukan PEP,Clear / Bersih,Match Terverifikasi,Tidak Berlaku,Lengkap & Valid,Tidak Diperlukan,Approved,Tidak Berlaku,Tidak,1,1,-
KYC-0341,Jakarta Branch,Pembukaan Rekening Korporasi,Korporasi / Badan Usaha,High,93,Bukan PEP,Clear / Bersih,Match Terverifikasi,Tidak Diungkap / Fiktif,Lengkap & Valid,Tanpa EDD / Dilewati,Approved,Tanpa Otorisasi Senior,Ya (Anomali),5,5,Risiko Shell Company: Pembukaan Rekening Korporasi Disetujui Tanpa Pengungkapan Beneficial Owner (BO)
KYC-0342,Jakarta Branch,Pembukaan Rekening Perorangan,Perorangan WNI,Medium,37,Bukan PEP,Clear / Bersih,Match Terverifikasi,Tidak Berlaku,Lengkap & Valid,Tidak Diperlukan,Approved,Tidak Berlaku,Tidak,2,1,-
KYC-0343,Head Office,Update Data Nasabah,Perorangan WNI,Low,21,Bukan PEP,Clear / Bersih,Match Terverifikasi,Tidak Berlaku,Lengkap & Valid,Tidak Diperlukan,Pending Review,Tidak Berlaku,Tidak,2,1,-
KYC-0344,Head Office,Pengkinian Data Berkala,Perorangan WNI,Low,28,Bukan PEP,Clear / Bersih,Match Terverifikasi,Tidak Berlaku,Lengkap & Valid,Tidak Diperlukan,Approved,Tidak Berlaku,Tidak,1,1,-
KYC-0345,Head Office,Pengkinian Data Berkala,Perorangan WNI,Medium,73,Bukan PEP,Clear / Bersih,Gagal Biometrik,Tidak Berlaku,Tidak Lengkap,Tidak Diperlukan,Approved,Tanpa Otorisasi Senior,Ya (Anomali),5,5,Indikasi Pemalsuan Identitas: Disetujui Padahal Verifikasi Kependudukan / Biometrik Gagal Biometrik
KYC-0346,Bandung Branch,Pembukaan Rekening Korporasi,Korporasi / Badan Usaha,Low,14,Bukan PEP,Clear / Bersih,Match Terverifikasi,Terverifikasi Sah,Tidak Lengkap,Tidak Diperlukan,Rejected,Tidak Berlaku,Tidak,1,1,-
KYC-0347,Medan Branch,Pembukaan Rekening Perorangan,Perorangan WNI,Medium,54,Bukan PEP,Clear / Bersih,Match Terverifikasi,Tidak Berlaku,Lengkap & Valid,Tidak Diperlukan,Approved,Tidak Berlaku,Tidak,1,2,-
KYC-0348,Medan Branch,Pembukaan Rekening Korporasi,Korporasi / Badan Usaha,Low,18,Bukan PEP,Clear / Bersih,Match Terverifikasi,Terverifikasi Sah,Lengkap & Valid,Tidak Diperlukan,Approved,Tidak Berlaku,Tidak,1,1,-
KYC-0349,Customer Onboarding Unit,Pembukaan Rekening Perorangan,Perorangan WNI,Low,27,Bukan PEP,Clear / Bersih,Match Terverifikasi,Tidak Berlaku,Tidak Lengkap,Tidak Diperlukan,Approved,Tanpa Otorisasi Senior,Ya (Anomali),4,4,Pelanggaran Prosedur: Aktivitas Disetujui Padahal Status Dokumen Tidak Lengkap
KYC-0350,Surabaya Branch,Pembukaan Rekening Korporasi,Korporasi / Badan Usaha,Low,16,Bukan PEP,Clear / Bersih,Match Terverifikasi,Terverifikasi Sah,Lengkap & Valid,Tidak Diperlukan,Approved,Tidak Berlaku,Tidak,1,1,-
KYC-0351,Medan Branch,Pembukaan Rekening Korporasi,Korporasi / Badan Usaha,Low,34,Bukan PEP,Clear / Bersih,Match Terverifikasi,Terverifikasi Sah,Lengkap & Valid,Tidak Diperlukan,Approved,Tidak Berlaku,Tidak,1,1,-
KYC-0352,Head Office,Pengkinian Data Berkala,Perorangan WNI,Low,10,Bukan PEP,Clear / Bersih,Match Terverifikasi,Tidak Berlaku,Lengkap & Valid,Tidak Diperlukan,Approved,Tidak Berlaku,Tidak,1,1,-
KYC-0353,Jakarta Branch,Pengkinian Data Berkala,Perorangan WNI,Low,27,Bukan PEP,Clear / Bersih,Match Terverifikasi,Tidak Berlaku,Lengkap & Valid,Tidak Diperlukan,Approved,Tidak Berlaku,Tidak,1,1,-
KYC-0354,Head Office,Pembukaan Rekening Perorangan,Perorangan WNI,Low,20,Bukan PEP,Clear / Bersih,Match Terverifikasi,Tidak Berlaku,Lengkap & Valid,Tidak Diperlukan,Pending Review,Tidak Berlaku,Tidak,2,1,-
KYC-0355,Surabaya Branch,Update Data Nasabah,Perorangan WNI,Low,26,Bukan PEP,Clear / Bersih,Match Terverifikasi,Tidak Berlaku,Lengkap & Valid,Tidak Diperlukan,Approved,Tidak Berlaku,Tidak,1,1,-
KYC-0356,Jakarta Branch,Pembukaan Rekening Perorangan,Perorangan WNI,Low,16,Bukan PEP,Clear / Bersih,Match Terverifikasi,Tidak Berlaku,Lengkap & Valid,Tidak Diperlukan,Approved,Tidak Berlaku,Tidak,1,2,-
KYC-0357,Head Office,Pembukaan Rekening Korporasi,Korporasi / Badan Usaha,Low,33,Bukan PEP,Clear / Bersih,Match Terverifikasi,Terverifikasi Sah,Lengkap & Valid,Tidak Diperlukan,Approved,Tidak Berlaku,Tidak,1,1,-
KYC-0358,Customer Onboarding Unit,Pembukaan Rekening Korporasi,Korporasi / Badan Usaha,High,77,Bukan PEP,Clear / Bersih,Match Terverifikasi,Terverifikasi Sah,Lengkap & Valid,Dilakukan & Memadai,Pending Review,Disetujui Pejabat Berwenang,Tidak,1,2,-
KYC-0359,Customer Onboarding Unit,Pembukaan Rekening Perorangan,WNA / Non-Resident,Low,20,Bukan PEP,Clear / Bersih,Match Terverifikasi,Tidak Berlaku,Lengkap & Valid,Tidak Diperlukan,Approved,Tidak Berlaku,Tidak,2,1,-
KYC-0360,Surabaya Branch,Update Data Nasabah,Perorangan WNI,Low,25,Bukan PEP,Clear / Bersih,Match Terverifikasi,Tidak Berlaku,Tidak Lengkap,Tidak Diperlukan,Rejected,Tidak Berlaku,Tidak,2,2,-
KYC-0361,Head Office,Pembukaan Rekening Korporasi,Korporasi / Badan Usaha,Low,34,Bukan PEP,Clear / Bersih,Match Terverifikasi,Terverifikasi Sah,Lengkap & Valid,Tidak Diperlukan,Approved,Tidak Berlaku,Tidak,1,2,-
KYC-0362,Jakarta Branch,Pengkinian Data Berkala,Perorangan WNI,Medium,65,Bukan PEP,Clear / Bersih,Match Terverifikasi,Tidak Berlaku,Lengkap & Valid,Tidak Diperlukan,Approved,Tidak Berlaku,Tidak,1,1,-
KYC-0363,Head Office,Update Data Nasabah,Perorangan WNI,Low,12,Bukan PEP,Clear / Bersih,Match Terverifikasi,Tidak Berlaku,Lengkap & Valid,Tidak Diperlukan,Approved,Tidak Berlaku,Tidak,1,1,-
KYC-0364,Customer Onboarding Unit,Pembukaan Rekening Perorangan,WNA / Non-Resident,Medium,36,Bukan PEP,Clear / Bersih,Match Terverifikasi,Tidak Berlaku,Tidak Lengkap,Tidak Diperlukan,Approved,Tanpa Otorisasi Senior,Ya (Anomali),4,4,Pelanggaran Prosedur: Aktivitas Disetujui Padahal Status Dokumen Tidak Lengkap
KYC-0365,Surabaya Branch,Pembukaan Rekening Korporasi,Korporasi / Badan Usaha,Low,35,Bukan PEP,Clear / Bersih,Match Terverifikasi,Terverifikasi Sah,Lengkap & Valid,Tidak Diperlukan,Approved,Tidak Berlaku,Tidak,1,1,-
KYC-0366,Medan Branch,Pembukaan Rekening Perorangan,Perorangan WNI,Low,22,Bukan PEP,Clear / Bersih,Match Terverifikasi,Tidak Berlaku,Lengkap & Valid,Tidak Diperlukan,Approved,Tidak Berlaku,Tidak,1,1,-
KYC-0367,Customer Onboarding Unit,Pembukaan Rekening Perorangan,Perorangan WNI,High,76,PEP Domestik,Clear / Bersih,Match Terverifikasi,Tidak Berlaku,Lengkap & Valid,Dilakukan & Memadai,Approved,Tanpa Otorisasi Senior,Ya (Anomali),4,4,Pelanggaran Wewenang: Nasabah High Risk Disetujui Tanpa Otorisasi Pejabat Senior AML
KYC-0368,Customer Onboarding Unit,Pembukaan Rekening Perorangan,Perorangan WNI,Low,10,Bukan PEP,Clear / Bersih,Match Terverifikasi,Tidak Berlaku,Lengkap & Valid,Tidak Diperlukan,Approved,Tidak Berlaku,Tidak,2,1,-
KYC-0369,Jakarta Branch,Pembukaan Rekening Perorangan,WNA / Non-Resident,Low,19,Bukan PEP,Clear / Bersih,Match Terverifikasi,Tidak Berlaku,Lengkap & Valid,Tidak Diperlukan,Pending Review,Tidak Berlaku,Tidak,1,1,-
KYC-0370,Bandung Branch,Pembukaan Rekening Korporasi,Korporasi / Badan Usaha,Low,24,Bukan PEP,Clear / Bersih,Match Terverifikasi,Terverifikasi Sah,Tidak Lengkap,Tidak Diperlukan,Rejected,Tidak Berlaku,Tidak,2,1,-
KYC-0371,Bandung Branch,Pembukaan Rekening Perorangan,Perorangan WNI,Medium,40,Bukan PEP,Clear / Bersih,Match Terverifikasi,Tidak Berlaku,Lengkap & Valid,Tidak Diperlukan,Pending Review,Tidak Berlaku,Tidak,1,1,-
KYC-0372,Customer Onboarding Unit,Pembukaan Rekening Perorangan,Perorangan WNI,Medium,46,Bukan PEP,Clear / Bersih,Match Terverifikasi,Tidak Berlaku,Lengkap & Valid,Tidak Diperlukan,Approved,Tidak Berlaku,Tidak,2,2,-
KYC-0373,Surabaya Branch,Update Data Nasabah,Perorangan WNI,Low,31,Bukan PEP,Clear / Bersih,Match Terverifikasi,Tidak Berlaku,Lengkap & Valid,Tidak Diperlukan,Approved,Tidak Berlaku,Tidak,2,1,-
KYC-0374,Bandung Branch,Pengkinian Data Berkala,Perorangan WNI,Low,31,Bukan PEP,Clear / Bersih,Match Terverifikasi,Tidak Berlaku,Lengkap & Valid,Tidak Diperlukan,Approved,Tidak Berlaku,Tidak,1,2,-
KYC-0375,Customer Onboarding Unit,Pembukaan Rekening Perorangan,Perorangan WNI,Low,20,Bukan PEP,Clear / Bersih,Match Terverifikasi,Tidak Berlaku,Lengkap & Valid,Tidak Diperlukan,Approved,Tidak Berlaku,Tidak,1,1,-
KYC-0376,Customer Onboarding Unit,Update Data Nasabah,Perorangan WNI,Medium,52,Bukan PEP,Clear / Bersih,Match Terverifikasi,Tidak Berlaku,Lengkap & Valid,Tidak Diperlukan,Approved,Tidak Berlaku,Tidak,1,1,-
KYC-0377,Medan Branch,Pembukaan Rekening Perorangan,Perorangan WNI,Low,31,Bukan PEP,Clear / Bersih,Match Terverifikasi,Tidak Berlaku,Tidak Lengkap,Tidak Diperlukan,Rejected,Tidak Berlaku,Tidak,1,2,-
KYC-0378,Medan Branch,Pembukaan Rekening Korporasi,Korporasi / Badan Usaha,Low,14,Bukan PEP,Clear / Bersih,Match Terverifikasi,Terverifikasi Sah,Lengkap & Valid,Tidak Diperlukan,Approved,Tidak Berlaku,Tidak,2,1,-
KYC-0379,Medan Branch,Pembukaan Rekening Perorangan,Perorangan WNI,High,70,PEP Asing,Clear / Bersih,Match Terverifikasi,Tidak Berlaku,Lengkap & Valid,Tanpa EDD / Dilewati,Approved,Tanpa Otorisasi Senior,Ya (Anomali),4,4,Pelanggaran Regulasi: Nasabah PEP / High Risk Disetujui Tanpa Pelaksanaan EDD yang Memadai
KYC-0380,Customer Onboarding Unit,Pembukaan Rekening Korporasi,Korporasi / Badan Usaha,Low,24,Bukan PEP,Clear / Bersih,Match Terverifikasi,Terverifikasi Sah,Lengkap & Valid,Tidak Diperlukan,Approved,Tidak Berlaku,Tidak,2,1,-
KYC-0381,Surabaya Branch,Pengkinian Data Berkala,Perorangan WNI,Low,20,Bukan PEP,Clear / Bersih,Match Terverifikasi,Tidak Berlaku,Tidak Lengkap,Tidak Diperlukan,Rejected,Tidak Berlaku,Tidak,1,1,-
KYC-0382,Jakarta Branch,Pembukaan Rekening Korporasi,Korporasi / Badan Usaha,Low,11,Bukan PEP,Clear / Bersih,Match Terverifikasi,Terverifikasi Sah,Lengkap & Valid,Tidak Diperlukan,Approved,Tidak Berlaku,Tidak,1,1,-
KYC-0383,Jakarta Branch,Pembukaan Rekening Perorangan,Perorangan WNI,Low,18,Bukan PEP,Clear / Bersih,Match Terverifikasi,Tidak Berlaku,Lengkap & Valid,Tidak Diperlukan,Approved,Tidak Berlaku,Tidak,1,1,-
KYC-0384,Head Office,Pengkinian Data Berkala,Perorangan WNI,Low,35,Bukan PEP,Clear / Bersih,Match Terverifikasi,Tidak Berlaku,Lengkap & Valid,Tidak Diperlukan,Approved,Tidak Berlaku,Tidak,2,2,-
KYC-0385,Jakarta Branch,Update Data Nasabah,Perorangan WNI,Low,17,Bukan PEP,Clear / Bersih,Match Terverifikasi,Tidak Berlaku,Lengkap & Valid,Tidak Diperlukan,Approved,Tidak Berlaku,Tidak,1,1,-
KYC-0386,Medan Branch,Update Data Nasabah,WNA / Non-Resident,Low,24,Bukan PEP,Clear / Bersih,Match Terverifikasi,Tidak Berlaku,Tidak Lengkap,Tidak Diperlukan,Rejected,Tidak Berlaku,Tidak,1,1,-
KYC-0387,Bandung Branch,Pembukaan Rekening Korporasi,Korporasi / Badan Usaha,Medium,62,Bukan PEP,Clear / Bersih,Match Terverifikasi,Terverifikasi Sah,Lengkap & Valid,Tidak Diperlukan,Approved,Tidak Berlaku,Tidak,1,1,-
KYC-0388,Medan Branch,Pembukaan Rekening Korporasi,Korporasi / Badan Usaha,High,93,Bukan PEP,Clear / Bersih,Match Terverifikasi,Tidak Diungkap / Fiktif,Lengkap & Valid,Tanpa EDD / Dilewati,Approved,Tanpa Otorisasi Senior,Ya (Anomali),5,4,Risiko Shell Company: Pembukaan Rekening Korporasi Disetujui Tanpa Pengungkapan Beneficial Owner (BO)
KYC-0389,Bandung Branch,Pembukaan Rekening Korporasi,Korporasi / Badan Usaha,Medium,52,Bukan PEP,Clear / Bersih,Match Terverifikasi,Terverifikasi Sah,Tidak Lengkap,Tidak Diperlukan,Pending Review,Tidak Berlaku,Tidak,2,1,-
KYC-0390,Surabaya Branch,Update Data Nasabah,WNA / Non-Resident,Medium,51,Bukan PEP,Clear / Bersih,Match Terverifikasi,Tidak Berlaku,Lengkap & Valid,Tidak Diperlukan,Approved,Tidak Berlaku,Tidak,2,2,-
KYC-0391,Head Office,Pembukaan Rekening Korporasi,Korporasi / Badan Usaha,Low,25,Bukan PEP,Clear / Bersih,Match Terverifikasi,Terverifikasi Sah,Lengkap & Valid,Tidak Diperlukan,Pending Review,Tidak Berlaku,Tidak,1,2,-
KYC-0392,Jakarta Branch,Pembukaan Rekening Korporasi,Korporasi / Badan Usaha,Medium,37,Bukan PEP,Clear / Bersih,Match Terverifikasi,Terverifikasi Sah,Lengkap & Valid,Tidak Diperlukan,Approved,Tidak Berlaku,Tidak,2,1,-
KYC-0393,Bandung Branch,Update Data Nasabah,Perorangan WNI,Low,14,Bukan PEP,Clear / Bersih,Match Terverifikasi,Tidak Berlaku,Lengkap & Valid,Tidak Diperlukan,Approved,Tidak Berlaku,Tidak,1,1,-
KYC-0394,Jakarta Branch,Pengkinian Data Berkala,Perorangan WNI,Medium,63,Bukan PEP,Clear / Bersih,Match Terverifikasi,Tidak Berlaku,Tidak Lengkap,Tidak Diperlukan,Rejected,Tidak Berlaku,Tidak,1,1,-
KYC-0395,Medan Branch,Pengkinian Data Berkala,Perorangan WNI,Medium,55,Bukan PEP,Clear / Bersih,Match Terverifikasi,Tidak Berlaku,Lengkap & Valid,Tidak Diperlukan,Approved,Tidak Berlaku,Tidak,2,1,-
KYC-0396,Medan Branch,Update Data Nasabah,Perorangan WNI,Medium,59,Bukan PEP,Clear / Bersih,Match Terverifikasi,Tidak Berlaku,Lengkap & Valid,Tidak Diperlukan,Approved,Tidak Berlaku,Tidak,1,1,-
KYC-0397,Bandung Branch,Pengkinian Data Berkala,WNA / Non-Resident,Low,11,Bukan PEP,Clear / Bersih,Match Terverifikasi,Tidak Berlaku,Lengkap & Valid,Tidak Diperlukan,Approved,Tidak Berlaku,Tidak,2,2,-
KYC-0398,Head Office,Update Data Nasabah,Perorangan WNI,High,72,Bukan PEP,Clear / Bersih,Match Terverifikasi,Tidak Berlaku,Lengkap & Valid,Dilakukan & Memadai,Pending Review,Disetujui Pejabat Berwenang,Tidak,1,1,-
KYC-0399,Bandung Branch,Update Data Nasabah,Perorangan WNI,Low,18,Bukan PEP,Clear / Bersih,Match Terverifikasi,Tidak Berlaku,Lengkap & Valid,Tidak Diperlukan,Pending Review,Tidak Berlaku,Tidak,1,1,-
KYC-0400,Customer Onboarding Unit,Pembukaan Rekening Korporasi,Korporasi / Badan Usaha,Low,18,Bukan PEP,Clear / Bersih,Match Terverifikasi,Terverifikasi Sah,Lengkap & Valid,Tidak Diperlukan,Approved,Tidak Berlaku,Tidak,1,1,-
KYC-0401,Surabaya Branch,Pengkinian Data Berkala,Perorangan WNI,Medium,31,Bukan PEP,Clear / Bersih,Match Terverifikasi,Tidak Berlaku,Tidak Lengkap,Tidak Diperlukan,Approved,Tanpa Otorisasi Senior,Ya (Anomali),4,4,Pelanggaran Prosedur: Aktivitas Disetujui Padahal Status Dokumen Tidak Lengkap
KYC-0402,Head Office,Update Data Nasabah,Perorangan WNI,High,74,Bukan PEP,Clear / Bersih,Mismatch Data,Tidak Berlaku,Tidak Lengkap,Tidak Diperlukan,Approved,Tanpa Otorisasi Senior,Ya (Anomali),5,4,Indikasi Pemalsuan Identitas: Disetujui Padahal Verifikasi Kependudukan / Biometrik Mismatch Data
KYC-0403,Medan Branch,Pembukaan Rekening Korporasi,Korporasi / Badan Usaha,Low,29,Bukan PEP,Clear / Bersih,Match Terverifikasi,Terverifikasi Sah,Lengkap & Valid,Tidak Diperlukan,Approved,Tidak Berlaku,Tidak,2,1,-
KYC-0404,Surabaya Branch,Pembukaan Rekening Korporasi,Korporasi / Badan Usaha,Low,15,Bukan PEP,Clear / Bersih,Match Terverifikasi,Terverifikasi Sah,Lengkap & Valid,Tidak Diperlukan,Approved,Tidak Berlaku,Tidak,1,1,-
KYC-0405,Bandung Branch,Pembukaan Rekening Korporasi,Korporasi / Badan Usaha,Medium,59,Bukan PEP,Clear / Bersih,Match Terverifikasi,Terverifikasi Sah,Lengkap & Valid,Tidak Diperlukan,Approved,Tidak Berlaku,Tidak,1,2,-
KYC-0406,Head Office,Pembukaan Rekening Perorangan,Perorangan WNI,High,76,Bukan PEP,Clear / Bersih,Match Terverifikasi,Tidak Berlaku,Lengkap & Valid,Dilakukan & Memadai,Approved,Tanpa Otorisasi Senior,Ya (Anomali),4,3,Pelanggaran Wewenang: Nasabah High Risk Disetujui Tanpa Otorisasi Pejabat Senior AML
KYC-0407,Surabaya Branch,Pembukaan Rekening Korporasi,Korporasi / Badan Usaha,High,91,Bukan PEP,Clear / Bersih,Match Terverifikasi,Tidak Diungkap / Fiktif,Lengkap & Valid,Tanpa EDD / Dilewati,Approved,Tanpa Otorisasi Senior,Ya (Anomali),5,5,Risiko Shell Company: Pembukaan Rekening Korporasi Disetujui Tanpa Pengungkapan Beneficial Owner (BO)
KYC-0408,Head Office,Update Data Nasabah,WNA / Non-Resident,Low,16,Bukan PEP,Clear / Bersih,Match Terverifikasi,Tidak Berlaku,Lengkap & Valid,Tidak Diperlukan,Pending Review,Tidak Berlaku,Tidak,2,1,-
KYC-0409,Head Office,Pembukaan Rekening Perorangan,Perorangan WNI,Low,14,Bukan PEP,Clear / Bersih,Match Terverifikasi,Tidak Berlaku,Lengkap & Valid,Tidak Diperlukan,Approved,Tidak Berlaku,Tidak,2,1,-
KYC-0410,Customer Onboarding Unit,Pembukaan Rekening Korporasi,Korporasi / Badan Usaha,Low,34,Bukan PEP,Clear / Bersih,Match Terverifikasi,Terverifikasi Sah,Lengkap & Valid,Tidak Diperlukan,Approved,Tidak Berlaku,Tidak,1,1,-
KYC-0411,Surabaya Branch,Pengkinian Data Berkala,WNA / Non-Resident,Low,11,Bukan PEP,Clear / Bersih,Match Terverifikasi,Tidak Berlaku,Tidak Lengkap,Tidak Diperlukan,Pending Review,Tidak Berlaku,Tidak,2,1,-
KYC-0412,Medan Branch,Pembukaan Rekening Perorangan,Perorangan WNI,Low,20,Bukan PEP,Clear / Bersih,Match Terverifikasi,Tidak Berlaku,Lengkap & Valid,Tidak Diperlukan,Approved,Tidak Berlaku,Tidak,1,2,-
KYC-0413,Surabaya Branch,Pembukaan Rekening Korporasi,Korporasi / Badan Usaha,High,85,PEP Asing,Clear / Bersih,Match Terverifikasi,Terverifikasi Sah,Lengkap & Valid,Tanpa EDD / Dilewati,Approved,Tanpa Otorisasi Senior,Ya (Anomali),4,4,Pelanggaran Regulasi: Nasabah PEP / High Risk Disetujui Tanpa Pelaksanaan EDD yang Memadai
KYC-0414,Medan Branch,Pembukaan Rekening Perorangan,Perorangan WNI,Low,16,Bukan PEP,Clear / Bersih,Match Terverifikasi,Tidak Berlaku,Tidak Lengkap,Tidak Diperlukan,Pending Review,Tidak Berlaku,Tidak,2,1,-
KYC-0415,Surabaya Branch,Update Data Nasabah,Perorangan WNI,Medium,43,Bukan PEP,Clear / Bersih,Match Terverifikasi,Tidak Berlaku,Lengkap & Valid,Tidak Diperlukan,Approved,Tidak Berlaku,Tidak,2,1,-
KYC-0416,Bandung Branch,Pembukaan Rekening Perorangan,WNA / Non-Resident,Low,20,Bukan PEP,Clear / Bersih,Match Terverifikasi,Tidak Berlaku,Lengkap & Valid,Tidak Diperlukan,Approved,Tidak Berlaku,Tidak,2,1,-
KYC-0417,Surabaya Branch,Pembukaan Rekening Korporasi,Korporasi / Badan Usaha,Low,30,Bukan PEP,Clear / Bersih,Match Terverifikasi,Terverifikasi Sah,Tidak Lengkap,Tidak Diperlukan,Rejected,Tidak Berlaku,Tidak,1,2,-
KYC-0418,Head Office,Pembukaan Rekening Korporasi,Korporasi / Badan Usaha,Low,28,Bukan PEP,Clear / Bersih,Match Terverifikasi,Terverifikasi Sah,Lengkap & Valid,Tidak Diperlukan,Approved,Tidak Berlaku,Tidak,1,1,-
KYC-0419,Customer Onboarding Unit,Pembukaan Rekening Korporasi,Korporasi / Badan Usaha,High,82,PEP Domestik,Clear / Bersih,Match Terverifikasi,Terverifikasi Sah,Lengkap & Valid,Dilakukan & Memadai,Rejected,Disetujui Pejabat Berwenang,Tidak,2,2,-
KYC-0420,Head Office,Pembukaan Rekening Korporasi,Korporasi / Badan Usaha,Low,16,Bukan PEP,Clear / Bersih,Match Terverifikasi,Terverifikasi Sah,Lengkap & Valid,Tidak Diperlukan,Approved,Tidak Berlaku,Tidak,1,1,-
KYC-0421,Customer Onboarding Unit,Pembukaan Rekening Korporasi,Korporasi / Badan Usaha,Medium,51,Bukan PEP,Clear / Bersih,Match Terverifikasi,Terverifikasi Sah,Lengkap & Valid,Tidak Diperlukan,Approved,Tidak Berlaku,Tidak,2,1,-
KYC-0422,Customer Onboarding Unit,Pengkinian Data Berkala,Perorangan WNI,Low,23,Bukan PEP,Clear / Bersih,Match Terverifikasi,Tidak Berlaku,Lengkap & Valid,Tidak Diperlukan,Approved,Tidak Berlaku,Tidak,1,1,-
KYC-0423,Customer Onboarding Unit,Pembukaan Rekening Perorangan,WNA / Non-Resident,Medium,44,Bukan PEP,Clear / Bersih,Match Terverifikasi,Tidak Berlaku,Lengkap & Valid,Tidak Diperlukan,Approved,Tidak Berlaku,Tidak,1,2,-
KYC-0424,Head Office,Update Data Nasabah,Perorangan WNI,Medium,65,Bukan PEP,Clear / Bersih,Match Terverifikasi,Tidak Berlaku,Lengkap & Valid,Tidak Diperlukan,Pending Review,Tidak Berlaku,Tidak,2,2,-
KYC-0425,Jakarta Branch,Pembukaan Rekening Korporasi,Korporasi / Badan Usaha,Medium,58,Bukan PEP,Clear / Bersih,Match Terverifikasi,Terverifikasi Sah,Lengkap & Valid,Tidak Diperlukan,Approved,Tidak Berlaku,Tidak,1,1,-
KYC-0426,Bandung Branch,Update Data Nasabah,Perorangan WNI,High,73,Bukan PEP,Clear / Bersih,Match Terverifikasi,Tidak Berlaku,Lengkap & Valid,Dilakukan & Memadai,Approved,Disetujui Pejabat Berwenang,Tidak,1,1,-
KYC-0427,Medan Branch,Pembukaan Rekening Perorangan,Perorangan WNI,Medium,49,Bukan PEP,Clear / Bersih,Match Terverifikasi,Tidak Berlaku,Lengkap & Valid,Tidak Diperlukan,Approved,Tidak Berlaku,Tidak,1,2,-
KYC-0428,Bandung Branch,Pengkinian Data Berkala,Perorangan WNI,Low,24,Bukan PEP,Clear / Bersih,Match Terverifikasi,Tidak Berlaku,Lengkap & Valid,Tidak Diperlukan,Approved,Tidak Berlaku,Tidak,2,1,-
KYC-0429,Medan Branch,Update Data Nasabah,Perorangan WNI,Medium,55,Bukan PEP,Clear / Bersih,Match Terverifikasi,Tidak Berlaku,Lengkap & Valid,Tidak Diperlukan,Pending Review,Tidak Berlaku,Tidak,1,1,-
KYC-0430,Head Office,Update Data Nasabah,Perorangan WNI,Medium,57,Bukan PEP,Clear / Bersih,Match Terverifikasi,Tidak Berlaku,Lengkap & Valid,Tidak Diperlukan,Pending Review,Tidak Berlaku,Tidak,1,1,-
KYC-0431,Jakarta Branch,Pengkinian Data Berkala,Perorangan WNI,Low,36,Bukan PEP,Clear / Bersih,Match Terverifikasi,Tidak Berlaku,Tidak Lengkap,Tidak Diperlukan,Approved,Tanpa Otorisasi Senior,Ya (Anomali),4,5,Pelanggaran Prosedur: Aktivitas Disetujui Padahal Status Dokumen Tidak Lengkap
KYC-0432,Surabaya Branch,Pembukaan Rekening Perorangan,Perorangan WNI,High,80,Bukan PEP,Clear / Bersih,Match Terverifikasi,Tidak Berlaku,Lengkap & Valid,Dilakukan & Memadai,Pending Review,Disetujui Pejabat Berwenang,Tidak,1,1,-
KYC-0433,Jakarta Branch,Pembukaan Rekening Korporasi,Korporasi / Badan Usaha,High,93,Bukan PEP,Match Terindikasi,Match Terverifikasi,Terverifikasi Sah,Lengkap & Valid,Dilakukan & Memadai,Approved,Tanpa Otorisasi Senior,Ya (Anomali),5,5,Pelanggaran Berat APU-PPT: Nasabah Terindikasi DTTOT / Daftar Sanksi Tetap Disetujui
KYC-0434,Medan Branch,Pembukaan Rekening Korporasi,Korporasi / Badan Usaha,Low,13,Bukan PEP,Clear / Bersih,Match Terverifikasi,Terverifikasi Sah,Lengkap & Valid,Tidak Diperlukan,Approved,Tidak Berlaku,Tidak,1,1,-
KYC-0435,Bandung Branch,Pembukaan Rekening Perorangan,Perorangan WNI,Low,35,Bukan PEP,Clear / Bersih,Match Terverifikasi,Tidak Berlaku,Lengkap & Valid,Tidak Diperlukan,Approved,Tidak Berlaku,Tidak,2,1,-
KYC-0436,Jakarta Branch,Update Data Nasabah,Perorangan WNI,Medium,65,Bukan PEP,Clear / Bersih,Match Terverifikasi,Tidak Berlaku,Lengkap & Valid,Tidak Diperlukan,Approved,Tidak Berlaku,Tidak,2,1,-
KYC-0437,Surabaya Branch,Pembukaan Rekening Korporasi,Korporasi / Badan Usaha,High,77,Bukan PEP,Clear / Bersih,Match Terverifikasi,Tidak Diungkap / Fiktif,Lengkap & Valid,Tanpa EDD / Dilewati,Approved,Tanpa Otorisasi Senior,Ya (Anomali),5,5,Risiko Shell Company: Pembukaan Rekening Korporasi Disetujui Tanpa Pengungkapan Beneficial Owner (BO)
KYC-0438,Head Office,Pembukaan Rekening Korporasi,Korporasi / Badan Usaha,Low,24,Bukan PEP,Clear / Bersih,Match Terverifikasi,Terverifikasi Sah,Lengkap & Valid,Tidak Diperlukan,Approved,Tidak Berlaku,Tidak,2,2,-
KYC-0439,Surabaya Branch,Pengkinian Data Berkala,Perorangan WNI,Medium,49,Bukan PEP,Clear / Bersih,Match Terverifikasi,Tidak Berlaku,Lengkap & Valid,Tidak Diperlukan,Approved,Tidak Berlaku,Tidak,2,1,-
KYC-0440,Surabaya Branch,Pembukaan Rekening Korporasi,Korporasi / Badan Usaha,Low,25,Bukan PEP,Clear / Bersih,Match Terverifikasi,Terverifikasi Sah,Lengkap & Valid,Tidak Diperlukan,Pending Review,Tidak Berlaku,Tidak,2,1,-
KYC-0441,Customer Onboarding Unit,Pembukaan Rekening Perorangan,WNA / Non-Resident,Low,32,Bukan PEP,Clear / Bersih,Match Terverifikasi,Tidak Berlaku,Lengkap & Valid,Tidak Diperlukan,Pending Review,Tidak Berlaku,Tidak,2,2,-
KYC-0442,Customer Onboarding Unit,Update Data Nasabah,Perorangan WNI,Medium,61,Bukan PEP,Clear / Bersih,Match Terverifikasi,Tidak Berlaku,Tidak Lengkap,Tidak Diperlukan,Rejected,Tidak Berlaku,Tidak,2,1,-
KYC-0443,Medan Branch,Pengkinian Data Berkala,Perorangan WNI,Low,22,Bukan PEP,Clear / Bersih,Match Terverifikasi,Tidak Berlaku,Lengkap & Valid,Tidak Diperlukan,Approved,Tidak Berlaku,Tidak,1,1,-
KYC-0444,Customer Onboarding Unit,Pembukaan Rekening Korporasi,Korporasi / Badan Usaha,Medium,38,Bukan PEP,Clear / Bersih,Match Terverifikasi,Terverifikasi Sah,Lengkap & Valid,Tidak Diperlukan,Pending Review,Tidak Berlaku,Tidak,2,1,-
KYC-0445,Customer Onboarding Unit,Pembukaan Rekening Korporasi,Korporasi / Badan Usaha,Low,14,Bukan PEP,Clear / Bersih,Match Terverifikasi,Terverifikasi Sah,Lengkap & Valid,Tidak Diperlukan,Approved,Tidak Berlaku,Tidak,2,1,-
KYC-0446,Bandung Branch,Update Data Nasabah,Perorangan WNI,Medium,52,Bukan PEP,Clear / Bersih,Match Terverifikasi,Tidak Berlaku,Lengkap & Valid,Tidak Diperlukan,Approved,Tidak Berlaku,Tidak,1,1,-
KYC-0447,Head Office,Pembukaan Rekening Perorangan,Perorangan WNI,Low,35,Bukan PEP,Clear / Bersih,Match Terverifikasi,Tidak Berlaku,Lengkap & Valid,Tidak Diperlukan,Approved,Tidak Berlaku,Tidak,1,2,-
KYC-0448,Jakarta Branch,Pengkinian Data Berkala,Perorangan WNI,Low,31,Bukan PEP,Clear / Bersih,Match Terverifikasi,Tidak Berlaku,Lengkap & Valid,Tidak Diperlukan,Pending Review,Tidak Berlaku,Tidak,1,1,-
KYC-0449,Head Office,Pembukaan Rekening Perorangan,WNA / Non-Resident,High,68,Bukan PEP,Clear / Bersih,Match Terverifikasi,Tidak Berlaku,Lengkap & Valid,Dilakukan & Memadai,Rejected,Disetujui Pejabat Berwenang,Tidak,2,1,-
KYC-0450,Jakarta Branch,Pengkinian Data Berkala,WNA / Non-Resident,Low,16,Bukan PEP,Clear / Bersih,Match Terverifikasi,Tidak Berlaku,Tidak Lengkap,Tidak Diperlukan,Pending Review,Tidak Berlaku,Tidak,1,1,-
KYC-0451,Surabaya Branch,Pengkinian Data Berkala,Perorangan WNI,High,73,Bukan PEP,Clear / Bersih,Mismatch Data,Tidak Berlaku,Tidak Lengkap,Tidak Diperlukan,Approved,Tanpa Otorisasi Senior,Ya (Anomali),5,5,Indikasi Pemalsuan Identitas: Disetujui Padahal Verifikasi Kependudukan / Biometrik Mismatch Data
KYC-0452,Head Office,Pengkinian Data Berkala,Perorangan WNI,Medium,47,Bukan PEP,Clear / Bersih,Match Terverifikasi,Tidak Berlaku,Lengkap & Valid,Tidak Diperlukan,Approved,Tidak Berlaku,Tidak,1,2,-
KYC-0453,Customer Onboarding Unit,Pengkinian Data Berkala,Perorangan WNI,High,74,Bukan PEP,Clear / Bersih,Mismatch Data,Tidak Berlaku,Lengkap & Valid,Tidak Diperlukan,Approved,Tanpa Otorisasi Senior,Ya (Anomali),5,4,Indikasi Pemalsuan Identitas: Disetujui Padahal Verifikasi Kependudukan / Biometrik Mismatch Data
KYC-0454,Bandung Branch,Pengkinian Data Berkala,Perorangan WNI,Low,15,Bukan PEP,Clear / Bersih,Match Terverifikasi,Tidak Berlaku,Lengkap & Valid,Tidak Diperlukan,Approved,Tidak Berlaku,Tidak,1,2,-
KYC-0455,Jakarta Branch,Pembukaan Rekening Perorangan,Perorangan WNI,Medium,36,Bukan PEP,Clear / Bersih,Match Terverifikasi,Tidak Berlaku,Tidak Lengkap,Tidak Diperlukan,Rejected,Tidak Berlaku,Tidak,1,1,-
KYC-0456,Head Office,Pembukaan Rekening Perorangan,WNA / Non-Resident,Medium,38,Bukan PEP,Clear / Bersih,Match Terverifikasi,Tidak Berlaku,Lengkap & Valid,Tidak Diperlukan,Approved,Tidak Berlaku,Tidak,2,1,-
KYC-0457,Medan Branch,Pengkinian Data Berkala,Perorangan WNI,Low,29,Bukan PEP,Clear / Bersih,Match Terverifikasi,Tidak Berlaku,Lengkap & Valid,Tidak Diperlukan,Pending Review,Tidak Berlaku,Tidak,1,1,-
KYC-0458,Jakarta Branch,Update Data Nasabah,WNA / Non-Resident,Low,24,Bukan PEP,Clear / Bersih,Match Terverifikasi,Tidak Berlaku,Lengkap & Valid,Tidak Diperlukan,Approved,Tidak Berlaku,Tidak,1,2,-
KYC-0459,Bandung Branch,Pembukaan Rekening Korporasi,Korporasi / Badan Usaha,High,91,Bukan PEP,Clear / Bersih,Match Terverifikasi,Tidak Diungkap / Fiktif,Lengkap & Valid,Tanpa EDD / Dilewati,Approved,Tanpa Otorisasi Senior,Ya (Anomali),5,5,Risiko Shell Company: Pembukaan Rekening Korporasi Disetujui Tanpa Pengungkapan Beneficial Owner (BO)
KYC-0460,Customer Onboarding Unit,Pembukaan Rekening Korporasi,Korporasi / Badan Usaha,High,94,Bukan PEP,Clear / Bersih,Match Terverifikasi,Tidak Diungkap / Fiktif,Lengkap & Valid,Tanpa EDD / Dilewati,Approved,Tanpa Otorisasi Senior,Ya (Anomali),5,5,Risiko Shell Company: Pembukaan Rekening Korporasi Disetujui Tanpa Pengungkapan Beneficial Owner (BO)
KYC-0461,Medan Branch,Pengkinian Data Berkala,Perorangan WNI,Low,21,Bukan PEP,Clear / Bersih,Match Terverifikasi,Tidak Berlaku,Lengkap & Valid,Tidak Diperlukan,Approved,Tidak Berlaku,Tidak,2,1,-
KYC-0462,Jakarta Branch,Pembukaan Rekening Perorangan,Perorangan WNI,Medium,43,Bukan PEP,Clear / Bersih,Match Terverifikasi,Tidak Berlaku,Lengkap & Valid,Tidak Diperlukan,Approved,Tidak Berlaku,Tidak,1,1,-
KYC-0463,Head Office,Pembukaan Rekening Perorangan,Perorangan WNI,Medium,61,Bukan PEP,Clear / Bersih,Match Terverifikasi,Tidak Berlaku,Tidak Lengkap,Tidak Diperlukan,Pending Review,Tidak Berlaku,Tidak,1,1,-
KYC-0464,Head Office,Update Data Nasabah,Perorangan WNI,Low,16,Bukan PEP,Clear / Bersih,Match Terverifikasi,Tidak Berlaku,Lengkap & Valid,Tidak Diperlukan,Approved,Tidak Berlaku,Tidak,1,1,-
KYC-0465,Jakarta Branch,Update Data Nasabah,Perorangan WNI,Medium,40,Bukan PEP,Clear / Bersih,Match Terverifikasi,Tidak Berlaku,Lengkap & Valid,Tidak Diperlukan,Approved,Tidak Berlaku,Tidak,1,1,-
KYC-0466,Jakarta Branch,Update Data Nasabah,Perorangan WNI,Medium,38,Bukan PEP,Clear / Bersih,Match Terverifikasi,Tidak Berlaku,Lengkap & Valid,Tidak Diperlukan,Approved,Tidak Berlaku,Tidak,1,1,-
KYC-0467,Surabaya Branch,Pengkinian Data Berkala,WNA / Non-Resident,Low,15,Bukan PEP,Clear / Bersih,Match Terverifikasi,Tidak Berlaku,Tidak Lengkap,Tidak Diperlukan,Rejected,Tidak Berlaku,Tidak,2,1,-
KYC-0468,Bandung Branch,Pembukaan Rekening Perorangan,Perorangan WNI,Low,18,Bukan PEP,Clear / Bersih,Match Terverifikasi,Tidak Berlaku,Lengkap & Valid,Tidak Diperlukan,Pending Review,Tidak Berlaku,Tidak,1,1,-
KYC-0469,Customer Onboarding Unit,Pembukaan Rekening Korporasi,Korporasi / Badan Usaha,Medium,42,Bukan PEP,Clear / Bersih,Match Terverifikasi,Terverifikasi Sah,Lengkap & Valid,Tidak Diperlukan,Pending Review,Tidak Berlaku,Tidak,1,1,-
KYC-0470,Jakarta Branch,Pembukaan Rekening Korporasi,Korporasi / Badan Usaha,High,78,PEP Asing,Clear / Bersih,Match Terverifikasi,Terverifikasi Sah,Lengkap & Valid,Tanpa EDD / Dilewati,Approved,Tanpa Otorisasi Senior,Ya (Anomali),5,4,Pelanggaran Regulasi: Nasabah PEP / High Risk Disetujui Tanpa Pelaksanaan EDD yang Memadai
KYC-0471,Surabaya Branch,Pembukaan Rekening Perorangan,WNA / Non-Resident,Low,22,Bukan PEP,Clear / Bersih,Match Terverifikasi,Tidak Berlaku,Tidak Lengkap,Tidak Diperlukan,Rejected,Tidak Berlaku,Tidak,1,1,-
KYC-0472,Head Office,Update Data Nasabah,Perorangan WNI,Medium,41,Bukan PEP,Clear / Bersih,Match Terverifikasi,Tidak Berlaku,Lengkap & Valid,Tidak Diperlukan,Pending Review,Tidak Berlaku,Tidak,1,2,-
KYC-0473,Surabaya Branch,Update Data Nasabah,Perorangan WNI,Low,23,Bukan PEP,Clear / Bersih,Match Terverifikasi,Tidak Berlaku,Lengkap & Valid,Tidak Diperlukan,Approved,Tidak Berlaku,Tidak,1,1,-
KYC-0474,Surabaya Branch,Pembukaan Rekening Perorangan,WNA / Non-Resident,Medium,44,Bukan PEP,Clear / Bersih,Match Terverifikasi,Tidak Berlaku,Tidak Lengkap,Tidak Diperlukan,Rejected,Tidak Berlaku,Tidak,1,2,-
KYC-0475,Customer Onboarding Unit,Pembukaan Rekening Korporasi,Korporasi / Badan Usaha,Low,29,Bukan PEP,Clear / Bersih,Match Terverifikasi,Terverifikasi Sah,Lengkap & Valid,Tidak Diperlukan,Approved,Tidak Berlaku,Tidak,2,2,-
KYC-0476,Surabaya Branch,Update Data Nasabah,Perorangan WNI,Low,20,Bukan PEP,Clear / Bersih,Match Terverifikasi,Tidak Berlaku,Tidak Lengkap,Tidak Diperlukan,Rejected,Tidak Berlaku,Tidak,2,1,-
KYC-0477,Surabaya Branch,Pembukaan Rekening Korporasi,Korporasi / Badan Usaha,Low,12,Bukan PEP,Clear / Bersih,Match Terverifikasi,Terverifikasi Sah,Lengkap & Valid,Tidak Diperlukan,Approved,Tidak Berlaku,Tidak,2,1,-
KYC-0478,Medan Branch,Update Data Nasabah,WNA / Non-Resident,Low,11,Bukan PEP,Clear / Bersih,Match Terverifikasi,Tidak Berlaku,Lengkap & Valid,Tidak Diperlukan,Approved,Tidak Berlaku,Tidak,2,1,-
KYC-0479,Surabaya Branch,Pembukaan Rekening Korporasi,Korporasi / Badan Usaha,Medium,54,Bukan PEP,Clear / Bersih,Match Terverifikasi,Terverifikasi Sah,Tidak Lengkap,Tidak Diperlukan,Rejected,Tidak Berlaku,Tidak,1,1,-
KYC-0480,Bandung Branch,Update Data Nasabah,Perorangan WNI,Low,27,Bukan PEP,Clear / Bersih,Match Terverifikasi,Tidak Berlaku,Lengkap & Valid,Tidak Diperlukan,Pending Review,Tidak Berlaku,Tidak,2,1,-
KYC-0481,Surabaya Branch,Pembukaan Rekening Korporasi,Korporasi / Badan Usaha,Low,25,Bukan PEP,Clear / Bersih,Match Terverifikasi,Terverifikasi Sah,Lengkap & Valid,Tidak Diperlukan,Approved,Tidak Berlaku,Tidak,1,1,-
KYC-0482,Surabaya Branch,Pembukaan Rekening Korporasi,Korporasi / Badan Usaha,Medium,62,Bukan PEP,Clear / Bersih,Match Terverifikasi,Terverifikasi Sah,Lengkap & Valid,Tidak Diperlukan,Approved,Tidak Berlaku,Tidak,1,2,-
KYC-0483,Bandung Branch,Pembukaan Rekening Perorangan,WNA / Non-Resident,Medium,38,Bukan PEP,Clear / Bersih,Match Terverifikasi,Tidak Berlaku,Lengkap & Valid,Tidak Diperlukan,Approved,Tidak Berlaku,Tidak,2,2,-
KYC-0484,Customer Onboarding Unit,Pembukaan Rekening Korporasi,Korporasi / Badan Usaha,High,77,Bukan PEP,Clear / Bersih,Match Terverifikasi,Terverifikasi Sah,Lengkap & Valid,Dilakukan & Memadai,Approved,Disetujui Pejabat Berwenang,Tidak,1,2,-
KYC-0485,Customer Onboarding Unit,Pembukaan Rekening Korporasi,Korporasi / Badan Usaha,Low,31,Bukan PEP,Clear / Bersih,Match Terverifikasi,Terverifikasi Sah,Lengkap & Valid,Tidak Diperlukan,Approved,Tidak Berlaku,Tidak,1,1,-
KYC-0486,Medan Branch,Pembukaan Rekening Perorangan,Perorangan WNI,Medium,61,Bukan PEP,Clear / Bersih,Match Terverifikasi,Tidak Berlaku,Lengkap & Valid,Tidak Diperlukan,Approved,Tidak Berlaku,Tidak,2,2,-
KYC-0487,Bandung Branch,Pembukaan Rekening Perorangan,Perorangan WNI,Medium,60,Bukan PEP,Clear / Bersih,Match Terverifikasi,Tidak Berlaku,Lengkap & Valid,Tidak Diperlukan,Approved,Tidak Berlaku,Tidak,1,1,-
KYC-0488,Surabaya Branch,Pengkinian Data Berkala,Perorangan WNI,High,84,Bukan PEP,Clear / Bersih,Match Terverifikasi,Tidak Berlaku,Lengkap & Valid,Dilakukan & Memadai,Pending Review,Disetujui Pejabat Berwenang,Tidak,2,1,-
KYC-0489,Surabaya Branch,Pembukaan Rekening Korporasi,Korporasi / Badan Usaha,Medium,76,Bukan PEP,Clear / Bersih,Gagal Biometrik,Terverifikasi Sah,Lengkap & Valid,Tidak Diperlukan,Approved,Tanpa Otorisasi Senior,Ya (Anomali),5,4,Indikasi Pemalsuan Identitas: Disetujui Padahal Verifikasi Kependudukan / Biometrik Gagal Biometrik
KYC-0490,Customer Onboarding Unit,Pengkinian Data Berkala,WNA / Non-Resident,Low,16,Bukan PEP,Clear / Bersih,Match Terverifikasi,Tidak Berlaku,Tidak Lengkap,Tidak Diperlukan,Pending Review,Tidak Berlaku,Tidak,1,2,-
KYC-0491,Customer Onboarding Unit,Pengkinian Data Berkala,Perorangan WNI,Medium,37,Bukan PEP,Clear / Bersih,Match Terverifikasi,Tidak Berlaku,Lengkap & Valid,Tidak Diperlukan,Approved,Tidak Berlaku,Tidak,1,1,-
KYC-0492,Jakarta Branch,Pengkinian Data Berkala,WNA / Non-Resident,High,83,Bukan PEP,Clear / Bersih,Match Terverifikasi,Tidak Berlaku,Lengkap & Valid,Dilakukan & Memadai,Pending Review,Disetujui Pejabat Berwenang,Tidak,2,1,-
KYC-0493,Medan Branch,Pembukaan Rekening Korporasi,Korporasi / Badan Usaha,High,84,PEP Asing,Clear / Bersih,Match Terverifikasi,Terverifikasi Sah,Lengkap & Valid,Tanpa EDD / Dilewati,Approved,Tanpa Otorisasi Senior,Ya (Anomali),4,4,Pelanggaran Regulasi: Nasabah PEP / High Risk Disetujui Tanpa Pelaksanaan EDD yang Memadai
KYC-0494,Bandung Branch,Pembukaan Rekening Perorangan,Perorangan WNI,Medium,42,Bukan PEP,Clear / Bersih,Match Terverifikasi,Tidak Berlaku,Lengkap & Valid,Tidak Diperlukan,Approved,Tidak Berlaku,Tidak,1,2,-
KYC-0495,Jakarta Branch,Update Data Nasabah,Perorangan WNI,High,94,PEP Asing,Clear / Bersih,Match Terverifikasi,Tidak Berlaku,Lengkap & Valid,Tanpa EDD / Dilewati,Approved,Tanpa Otorisasi Senior,Ya (Anomali),4,4,Pelanggaran Regulasi: Nasabah PEP / High Risk Disetujui Tanpa Pelaksanaan EDD yang Memadai
KYC-0496,Bandung Branch,Pembukaan Rekening Korporasi,Korporasi / Badan Usaha,Medium,44,Bukan PEP,Clear / Bersih,Match Terverifikasi,Terverifikasi Sah,Lengkap & Valid,Tidak Diperlukan,Pending Review,Tidak Berlaku,Tidak,2,1,-
KYC-0497,Jakarta Branch,Pengkinian Data Berkala,Perorangan WNI,Medium,59,Bukan PEP,Clear / Bersih,Match Terverifikasi,Tidak Berlaku,Lengkap & Valid,Tidak Diperlukan,Pending Review,Tidak Berlaku,Tidak,1,2,-
KYC-0498,Head Office,Pembukaan Rekening Korporasi,Korporasi / Badan Usaha,Low,31,Bukan PEP,Clear / Bersih,Match Terverifikasi,Terverifikasi Sah,Lengkap & Valid,Tidak Diperlukan,Approved,Tidak Berlaku,Tidak,1,1,-
KYC-0499,Surabaya Branch,Pembukaan Rekening Perorangan,Perorangan WNI,Medium,40,Bukan PEP,Clear / Bersih,Match Terverifikasi,Tidak Berlaku,Lengkap & Valid,Tidak Diperlukan,Approved,Tidak Berlaku,Tidak,1,1,-
KYC-0500,Bandung Branch,Update Data Nasabah,Perorangan WNI,Low,28,Bukan PEP,Clear / Bersih,Match Terverifikasi,Tidak Berlaku,Lengkap & Valid,Tidak Diperlukan,Approved,Tidak Berlaku,Tidak,2,1,-
KYC-0501,Head Office,Update Data Nasabah,Perorangan WNI,Low,30,Bukan PEP,Clear / Bersih,Match Terverifikasi,Tidak Berlaku,Lengkap & Valid,Tidak Diperlukan,Approved,Tidak Berlaku,Tidak,1,2,-
KYC-0502,Medan Branch,Update Data Nasabah,Perorangan WNI,Medium,49,Bukan PEP,Clear / Bersih,Match Terverifikasi,Tidak Berlaku,Lengkap & Valid,Tidak Diperlukan,Approved,Tidak Berlaku,Tidak,1,2,-
KYC-0503,Medan Branch,Pengkinian Data Berkala,Perorangan WNI,Low,15,Bukan PEP,Clear / Bersih,Match Terverifikasi,Tidak Berlaku,Lengkap & Valid,Tidak Diperlukan,Approved,Tidak Berlaku,Tidak,1,1,-
KYC-0504,Head Office,Pengkinian Data Berkala,Perorangan WNI,Medium,59,Bukan PEP,Clear / Bersih,Match Terverifikasi,Tidak Berlaku,Lengkap & Valid,Tidak Diperlukan,Pending Review,Tidak Berlaku,Tidak,2,1,-
KYC-0505,Bandung Branch,Pembukaan Rekening Perorangan,Perorangan WNI,High,91,Bukan PEP,Match Terindikasi,Match Terverifikasi,Tidak Berlaku,Lengkap & Valid,Dilakukan & Memadai,Approved,Tanpa Otorisasi Senior,Ya (Anomali),5,5,Pelanggaran Berat APU-PPT: Nasabah Terindikasi DTTOT / Daftar Sanksi Tetap Disetujui
KYC-0506,Head Office,Pembukaan Rekening Korporasi,Korporasi / Badan Usaha,High,83,Bukan PEP,Clear / Bersih,Match Terverifikasi,Tidak Diungkap / Fiktif,Lengkap & Valid,Tanpa EDD / Dilewati,Approved,Tanpa Otorisasi Senior,Ya (Anomali),5,4,Risiko Shell Company: Pembukaan Rekening Korporasi Disetujui Tanpa Pengungkapan Beneficial Owner (BO)
KYC-0507,Head Office,Pembukaan Rekening Korporasi,Korporasi / Badan Usaha,Low,35,Bukan PEP,Clear / Bersih,Match Terverifikasi,Terverifikasi Sah,Lengkap & Valid,Tidak Diperlukan,Pending Review,Tidak Berlaku,Tidak,1,1,-
KYC-0508,Medan Branch,Pembukaan Rekening Korporasi,Korporasi / Badan Usaha,Medium,42,Bukan PEP,Clear / Bersih,Match Terverifikasi,Terverifikasi Sah,Tidak Lengkap,Tidak Diperlukan,Rejected,Tidak Berlaku,Tidak,2,1,-
KYC-0509,Medan Branch,Pembukaan Rekening Korporasi,Korporasi / Badan Usaha,Medium,50,Bukan PEP,Clear / Bersih,Match Terverifikasi,Terverifikasi Sah,Lengkap & Valid,Tidak Diperlukan,Pending Review,Tidak Berlaku,Tidak,1,1,-
KYC-0510,Customer Onboarding Unit,Pembukaan Rekening Korporasi,Korporasi / Badan Usaha,Low,32,Bukan PEP,Clear / Bersih,Match Terverifikasi,Terverifikasi Sah,Lengkap & Valid,Tidak Diperlukan,Pending Review,Tidak Berlaku,Tidak,1,1,-
KYC-0511,Medan Branch,Pembukaan Rekening Perorangan,Perorangan WNI,Medium,42,Bukan PEP,Clear / Bersih,Match Terverifikasi,Tidak Berlaku,Lengkap & Valid,Tidak Diperlukan,Approved,Tidak Berlaku,Tidak,1,1,-
KYC-0512,Head Office,Pembukaan Rekening Perorangan,Perorangan WNI,High,66,Bukan PEP,Clear / Bersih,Match Terverifikasi,Tidak Berlaku,Lengkap & Valid,Dilakukan & Memadai,Pending Review,Disetujui Pejabat Berwenang,Tidak,2,1,-
KYC-0513,Jakarta Branch,Pembukaan Rekening Korporasi,Korporasi / Badan Usaha,Low,12,Bukan PEP,Clear / Bersih,Match Terverifikasi,Terverifikasi Sah,Lengkap & Valid,Tidak Diperlukan,Approved,Tidak Berlaku,Tidak,1,1,-
KYC-0514,Customer Onboarding Unit,Update Data Nasabah,Perorangan WNI,Low,17,Bukan PEP,Clear / Bersih,Match Terverifikasi,Tidak Berlaku,Lengkap & Valid,Tidak Diperlukan,Approved,Tidak Berlaku,Tidak,1,2,-
KYC-0515,Customer Onboarding Unit,Pengkinian Data Berkala,Perorangan WNI,Medium,39,Bukan PEP,Clear / Bersih,Match Terverifikasi,Tidak Berlaku,Lengkap & Valid,Tidak Diperlukan,Approved,Tidak Berlaku,Tidak,1,1,-
KYC-0516,Medan Branch,Pengkinian Data Berkala,Perorangan WNI,Medium,45,Bukan PEP,Clear / Bersih,Match Terverifikasi,Tidak Berlaku,Lengkap & Valid,Tidak Diperlukan,Approved,Tidak Berlaku,Tidak,1,2,-
KYC-0517,Jakarta Branch,Pengkinian Data Berkala,Perorangan WNI,Medium,62,Bukan PEP,Clear / Bersih,Match Terverifikasi,Tidak Berlaku,Lengkap & Valid,Tidak Diperlukan,Pending Review,Tidak Berlaku,Tidak,1,1,-
KYC-0518,Surabaya Branch,Pembukaan Rekening Korporasi,Korporasi / Badan Usaha,High,71,Bukan PEP,Clear / Bersih,Match Terverifikasi,Terverifikasi Sah,Lengkap & Valid,Dilakukan & Memadai,Approved,Disetujui Pejabat Berwenang,Tidak,1,1,-
KYC-0519,Bandung Branch,Update Data Nasabah,WNA / Non-Resident,Low,15,Bukan PEP,Clear / Bersih,Match Terverifikasi,Tidak Berlaku,Lengkap & Valid,Tidak Diperlukan,Approved,Tidak Berlaku,Tidak,1,1,-
KYC-0520,Jakarta Branch,Pembukaan Rekening Perorangan,WNA / Non-Resident,Medium,56,Bukan PEP,Clear / Bersih,Match Terverifikasi,Tidak Berlaku,Lengkap & Valid,Tidak Diperlukan,Approved,Tidak Berlaku,Tidak,1,1,-
KYC-0521,Head Office,Update Data Nasabah,Perorangan WNI,Low,22,Bukan PEP,Clear / Bersih,Match Terverifikasi,Tidak Berlaku,Lengkap & Valid,Tidak Diperlukan,Pending Review,Tidak Berlaku,Tidak,1,2,-
KYC-0522,Bandung Branch,Pembukaan Rekening Korporasi,Korporasi / Badan Usaha,Low,23,Bukan PEP,Clear / Bersih,Match Terverifikasi,Terverifikasi Sah,Lengkap & Valid,Tidak Diperlukan,Approved,Tidak Berlaku,Tidak,1,2,-
KYC-0523,Surabaya Branch,Pembukaan Rekening Korporasi,Korporasi / Badan Usaha,Medium,61,Bukan PEP,Clear / Bersih,Match Terverifikasi,Terverifikasi Sah,Lengkap & Valid,Tidak Diperlukan,Pending Review,Tidak Berlaku,Tidak,1,1,-
KYC-0524,Medan Branch,Pembukaan Rekening Korporasi,Korporasi / Badan Usaha,Low,32,Bukan PEP,Clear / Bersih,Match Terverifikasi,Terverifikasi Sah,Lengkap & Valid,Tidak Diperlukan,Approved,Tidak Berlaku,Tidak,1,1,-
KYC-0525,Bandung Branch,Update Data Nasabah,Perorangan WNI,Medium,54,Bukan PEP,Clear / Bersih,Match Terverifikasi,Tidak Berlaku,Tidak Lengkap,Tidak Diperlukan,Pending Review,Tidak Berlaku,Tidak,1,2,-
KYC-0526,Surabaya Branch,Update Data Nasabah,Perorangan WNI,Low,24,Bukan PEP,Clear / Bersih,Match Terverifikasi,Tidak Berlaku,Lengkap & Valid,Tidak Diperlukan,Approved,Tidak Berlaku,Tidak,2,2,-
KYC-0527,Medan Branch,Update Data Nasabah,Perorangan WNI,Low,25,Bukan PEP,Clear / Bersih,Match Terverifikasi,Tidak Berlaku,Lengkap & Valid,Tidak Diperlukan,Approved,Tidak Berlaku,Tidak,1,1,-
KYC-0528,Medan Branch,Update Data Nasabah,Perorangan WNI,High,82,PEP Domestik,Clear / Bersih,Match Terverifikasi,Tidak Berlaku,Lengkap & Valid,Tanpa EDD / Dilewati,Approved,Tanpa Otorisasi Senior,Ya (Anomali),5,4,Pelanggaran Regulasi: Nasabah PEP / High Risk Disetujui Tanpa Pelaksanaan EDD yang Memadai
KYC-0529,Bandung Branch,Pembukaan Rekening Perorangan,Perorangan WNI,Low,27,Bukan PEP,Clear / Bersih,Match Terverifikasi,Tidak Berlaku,Lengkap & Valid,Tidak Diperlukan,Approved,Tidak Berlaku,Tidak,1,1,-
KYC-0530,Medan Branch,Pengkinian Data Berkala,WNA / Non-Resident,Low,52,Bukan PEP,Clear / Bersih,Match Terverifikasi,Tidak Berlaku,Tidak Lengkap,Tidak Diperlukan,Approved,Tanpa Otorisasi Senior,Ya (Anomali),4,4,Pelanggaran Prosedur: Aktivitas Disetujui Padahal Status Dokumen Tidak Lengkap
KYC-0531,Head Office,Update Data Nasabah,Perorangan WNI,Low,23,Bukan PEP,Clear / Bersih,Match Terverifikasi,Tidak Berlaku,Lengkap & Valid,Tidak Diperlukan,Approved,Tidak Berlaku,Tidak,2,1,-
KYC-0532,Surabaya Branch,Pengkinian Data Berkala,Perorangan WNI,Low,25,Bukan PEP,Clear / Bersih,Match Terverifikasi,Tidak Berlaku,Lengkap & Valid,Tidak Diperlukan,Approved,Tidak Berlaku,Tidak,2,2,-
KYC-0533,Medan Branch,Update Data Nasabah,Perorangan WNI,Medium,41,Bukan PEP,Clear / Bersih,Match Terverifikasi,Tidak Berlaku,Lengkap & Valid,Tidak Diperlukan,Approved,Tidak Berlaku,Tidak,2,1,-
KYC-0534,Jakarta Branch,Update Data Nasabah,Perorangan WNI,High,75,Bukan PEP,Clear / Bersih,Match Terverifikasi,Tidak Berlaku,Lengkap & Valid,Dilakukan & Memadai,Approved,Disetujui Pejabat Berwenang,Tidak,2,1,-
KYC-0535,Bandung Branch,Pembukaan Rekening Perorangan,Perorangan WNI,Low,12,Bukan PEP,Clear / Bersih,Match Terverifikasi,Tidak Berlaku,Lengkap & Valid,Tidak Diperlukan,Pending Review,Tidak Berlaku,Tidak,1,2,-
KYC-0536,Jakarta Branch,Pembukaan Rekening Perorangan,Perorangan WNI,Low,33,Bukan PEP,Clear / Bersih,Match Terverifikasi,Tidak Berlaku,Lengkap & Valid,Tidak Diperlukan,Approved,Tidak Berlaku,Tidak,1,1,-
KYC-0537,Customer Onboarding Unit,Pengkinian Data Berkala,WNA / Non-Resident,Low,20,Bukan PEP,Clear / Bersih,Match Terverifikasi,Tidak Berlaku,Lengkap & Valid,Tidak Diperlukan,Approved,Tidak Berlaku,Tidak,1,1,-
KYC-0538,Bandung Branch,Pembukaan Rekening Korporasi,Korporasi / Badan Usaha,Low,27,Bukan PEP,Clear / Bersih,Match Terverifikasi,Terverifikasi Sah,Lengkap & Valid,Tidak Diperlukan,Approved,Tidak Berlaku,Tidak,2,2,-
KYC-0539,Jakarta Branch,Pembukaan Rekening Perorangan,Perorangan WNI,Medium,42,Bukan PEP,Clear / Bersih,Match Terverifikasi,Tidak Berlaku,Tidak Lengkap,Tidak Diperlukan,Rejected,Tidak Berlaku,Tidak,2,2,-
KYC-0540,Bandung Branch,Pembukaan Rekening Perorangan,Perorangan WNI,Medium,54,Bukan PEP,Clear / Bersih,Match Terverifikasi,Tidak Berlaku,Lengkap & Valid,Tidak Diperlukan,Approved,Tidak Berlaku,Tidak,1,1,-
KYC-0541,Surabaya Branch,Pembukaan Rekening Korporasi,Korporasi / Badan Usaha,High,75,Bukan PEP,Clear / Bersih,Match Terverifikasi,Terverifikasi Sah,Lengkap & Valid,Dilakukan & Memadai,Rejected,Disetujui Pejabat Berwenang,Tidak,1,1,-
KYC-0542,Customer Onboarding Unit,Pembukaan Rekening Korporasi,Korporasi / Badan Usaha,High,79,Bukan PEP,Clear / Bersih,Match Terverifikasi,Terverifikasi Sah,Lengkap & Valid,Dilakukan & Memadai,Pending Review,Disetujui Pejabat Berwenang,Tidak,2,1,-
KYC-0543,Bandung Branch,Pembukaan Rekening Korporasi,Korporasi / Badan Usaha,Low,27,Bukan PEP,Clear / Bersih,Match Terverifikasi,Terverifikasi Sah,Lengkap & Valid,Tidak Diperlukan,Pending Review,Tidak Berlaku,Tidak,1,1,-
KYC-0544,Head Office,Pembukaan Rekening Korporasi,Korporasi / Badan Usaha,Low,19,Bukan PEP,Clear / Bersih,Match Terverifikasi,Terverifikasi Sah,Lengkap & Valid,Tidak Diperlukan,Approved,Tidak Berlaku,Tidak,2,1,-
KYC-0545,Bandung Branch,Pembukaan Rekening Perorangan,WNA / Non-Resident,Low,24,Bukan PEP,Clear / Bersih,Match Terverifikasi,Tidak Berlaku,Lengkap & Valid,Tidak Diperlukan,Approved,Tidak Berlaku,Tidak,1,1,-
KYC-0546,Jakarta Branch,Update Data Nasabah,Perorangan WNI,High,83,PEP Domestik,Clear / Bersih,Match Terverifikasi,Tidak Berlaku,Lengkap & Valid,Dilakukan & Memadai,Rejected,Disetujui Pejabat Berwenang,Tidak,1,1,-
KYC-0547,Surabaya Branch,Update Data Nasabah,Perorangan WNI,Low,19,Bukan PEP,Clear / Bersih,Match Terverifikasi,Tidak Berlaku,Tidak Lengkap,Tidak Diperlukan,Rejected,Tidak Berlaku,Tidak,2,1,-
KYC-0548,Surabaya Branch,Pengkinian Data Berkala,Perorangan WNI,High,89,PEP Asing,Clear / Bersih,Match Terverifikasi,Tidak Berlaku,Lengkap & Valid,Tanpa EDD / Dilewati,Approved,Tanpa Otorisasi Senior,Ya (Anomali),4,4,Pelanggaran Regulasi: Nasabah PEP / High Risk Disetujui Tanpa Pelaksanaan EDD yang Memadai
KYC-0549,Surabaya Branch,Pembukaan Rekening Perorangan,Perorangan WNI,Low,31,Bukan PEP,Clear / Bersih,Match Terverifikasi,Tidak Berlaku,Lengkap & Valid,Tidak Diperlukan,Approved,Tidak Berlaku,Tidak,1,1,-
KYC-0550,Bandung Branch,Pengkinian Data Berkala,Perorangan WNI,Low,26,Bukan PEP,Clear / Bersih,Match Terverifikasi,Tidak Berlaku,Lengkap & Valid,Tidak Diperlukan,Approved,Tidak Berlaku,Tidak,1,1,-
KYC-0551,Surabaya Branch,Pengkinian Data Berkala,Perorangan WNI,Medium,45,Bukan PEP,Clear / Bersih,Match Terverifikasi,Tidak Berlaku,Lengkap & Valid,Tidak Diperlukan,Approved,Tidak Berlaku,Tidak,2,1,-
KYC-0552,Customer Onboarding Unit,Pembukaan Rekening Korporasi,Korporasi / Badan Usaha,Medium,38,Bukan PEP,Clear / Bersih,Match Terverifikasi,Terverifikasi Sah,Lengkap & Valid,Tidak Diperlukan,Approved,Tidak Berlaku,Tidak,2,1,-
KYC-0553,Head Office,Update Data Nasabah,Perorangan WNI,Medium,39,Bukan PEP,Clear / Bersih,Match Terverifikasi,Tidak Berlaku,Tidak Lengkap,Tidak Diperlukan,Rejected,Tidak Berlaku,Tidak,1,1,-
KYC-0554,Jakarta Branch,Pembukaan Rekening Perorangan,Perorangan WNI,Medium,47,Bukan PEP,Clear / Bersih,Match Terverifikasi,Tidak Berlaku,Lengkap & Valid,Tidak Diperlukan,Approved,Tidak Berlaku,Tidak,1,2,-
KYC-0555,Customer Onboarding Unit,Pembukaan Rekening Korporasi,Korporasi / Badan Usaha,Medium,63,Bukan PEP,Clear / Bersih,Match Terverifikasi,Terverifikasi Sah,Lengkap & Valid,Tidak Diperlukan,Approved,Tidak Berlaku,Tidak,1,1,-
KYC-0556,Head Office,Pembukaan Rekening Perorangan,Perorangan WNI,Low,30,Bukan PEP,Clear / Bersih,Match Terverifikasi,Tidak Berlaku,Lengkap & Valid,Tidak Diperlukan,Approved,Tidak Berlaku,Tidak,1,1,-
KYC-0557,Head Office,Update Data Nasabah,Perorangan WNI,High,72,Bukan PEP,Clear / Bersih,Mismatch Data,Tidak Berlaku,Tidak Lengkap,Tidak Diperlukan,Approved,Tanpa Otorisasi Senior,Ya (Anomali),5,5,Indikasi Pemalsuan Identitas: Disetujui Padahal Verifikasi Kependudukan / Biometrik Mismatch Data
KYC-0558,Bandung Branch,Pembukaan Rekening Korporasi,Korporasi / Badan Usaha,Medium,54,Bukan PEP,Clear / Bersih,Match Terverifikasi,Terverifikasi Sah,Lengkap & Valid,Tidak Diperlukan,Approved,Tidak Berlaku,Tidak,2,1,-
KYC-0559,Bandung Branch,Update Data Nasabah,Perorangan WNI,Low,35,Bukan PEP,Clear / Bersih,Match Terverifikasi,Tidak Berlaku,Lengkap & Valid,Tidak Diperlukan,Approved,Tidak Berlaku,Tidak,2,1,-
KYC-0560,Head Office,Pengkinian Data Berkala,Perorangan WNI,Low,18,Bukan PEP,Clear / Bersih,Match Terverifikasi,Tidak Berlaku,Lengkap & Valid,Tidak Diperlukan,Approved,Tidak Berlaku,Tidak,1,2,-
KYC-0561,Medan Branch,Pengkinian Data Berkala,Perorangan WNI,Low,18,Bukan PEP,Clear / Bersih,Match Terverifikasi,Tidak Berlaku,Lengkap & Valid,Tidak Diperlukan,Approved,Tidak Berlaku,Tidak,1,2,-
KYC-0562,Bandung Branch,Pembukaan Rekening Korporasi,Korporasi / Badan Usaha,High,81,Bukan PEP,Clear / Bersih,Match Terverifikasi,Terverifikasi Sah,Lengkap & Valid,Dilakukan & Memadai,Pending Review,Disetujui Pejabat Berwenang,Tidak,1,1,-
KYC-0563,Jakarta Branch,Update Data Nasabah,Perorangan WNI,High,72,PEP Domestik,Clear / Bersih,Match Terverifikasi,Tidak Berlaku,Lengkap & Valid,Tanpa EDD / Dilewati,Approved,Tanpa Otorisasi Senior,Ya (Anomali),5,4,Pelanggaran Regulasi: Nasabah PEP / High Risk Disetujui Tanpa Pelaksanaan EDD yang Memadai
KYC-0564,Bandung Branch,Pengkinian Data Berkala,Perorangan WNI,Medium,49,Bukan PEP,Clear / Bersih,Match Terverifikasi,Tidak Berlaku,Lengkap & Valid,Tidak Diperlukan,Pending Review,Tidak Berlaku,Tidak,2,2,-
KYC-0565,Customer Onboarding Unit,Pembukaan Rekening Korporasi,Korporasi / Badan Usaha,Low,31,Bukan PEP,Clear / Bersih,Match Terverifikasi,Terverifikasi Sah,Lengkap & Valid,Tidak Diperlukan,Pending Review,Tidak Berlaku,Tidak,1,1,-
KYC-0566,Medan Branch,Pembukaan Rekening Korporasi,Korporasi / Badan Usaha,Medium,38,Bukan PEP,Clear / Bersih,Match Terverifikasi,Terverifikasi Sah,Lengkap & Valid,Tidak Diperlukan,Approved,Tidak Berlaku,Tidak,1,1,-
KYC-0567,Medan Branch,Pembukaan Rekening Perorangan,Perorangan WNI,Low,11,Bukan PEP,Clear / Bersih,Match Terverifikasi,Tidak Berlaku,Lengkap & Valid,Tidak Diperlukan,Approved,Tidak Berlaku,Tidak,1,2,-
KYC-0568,Bandung Branch,Update Data Nasabah,Perorangan WNI,Low,16,Bukan PEP,Clear / Bersih,Match Terverifikasi,Tidak Berlaku,Lengkap & Valid,Tidak Diperlukan,Approved,Tidak Berlaku,Tidak,1,1,-
KYC-0569,Medan Branch,Pengkinian Data Berkala,Perorangan WNI,Low,14,Bukan PEP,Clear / Bersih,Match Terverifikasi,Tidak Berlaku,Lengkap & Valid,Tidak Diperlukan,Pending Review,Tidak Berlaku,Tidak,1,1,-
KYC-0570,Head Office,Pembukaan Rekening Perorangan,Perorangan WNI,High,82,Bukan PEP,Clear / Bersih,Match Terverifikasi,Tidak Berlaku,Lengkap & Valid,Dilakukan & Memadai,Approved,Tanpa Otorisasi Senior,Ya (Anomali),4,3,Pelanggaran Wewenang: Nasabah High Risk Disetujui Tanpa Otorisasi Pejabat Senior AML
KYC-0571,Jakarta Branch,Update Data Nasabah,Perorangan WNI,Low,30,Bukan PEP,Clear / Bersih,Match Terverifikasi,Tidak Berlaku,Lengkap & Valid,Tidak Diperlukan,Approved,Tidak Berlaku,Tidak,1,1,-
KYC-0572,Medan Branch,Update Data Nasabah,Perorangan WNI,Medium,55,Bukan PEP,Clear / Bersih,Match Terverifikasi,Tidak Berlaku,Lengkap & Valid,Tidak Diperlukan,Approved,Tidak Berlaku,Tidak,1,2,-
KYC-0573,Jakarta Branch,Pengkinian Data Berkala,WNA / Non-Resident,Medium,44,Bukan PEP,Clear / Bersih,Match Terverifikasi,Tidak Berlaku,Tidak Lengkap,Tidak Diperlukan,Rejected,Tidak Berlaku,Tidak,2,1,-
KYC-0574,Head Office,Pembukaan Rekening Korporasi,Korporasi / Badan Usaha,Low,16,Bukan PEP,Clear / Bersih,Match Terverifikasi,Terverifikasi Sah,Lengkap & Valid,Tidak Diperlukan,Pending Review,Tidak Berlaku,Tidak,1,1,-
KYC-0575,Bandung Branch,Pengkinian Data Berkala,WNA / Non-Resident,High,70,PEP Domestik,Clear / Bersih,Match Terverifikasi,Tidak Berlaku,Lengkap & Valid,Dilakukan & Memadai,Approved,Disetujui Pejabat Berwenang,Tidak,2,1,-
KYC-0576,Jakarta Branch,Pengkinian Data Berkala,Perorangan WNI,Medium,38,Bukan PEP,Clear / Bersih,Match Terverifikasi,Tidak Berlaku,Dokumen Kadaluarsa,Tidak Diperlukan,Approved,Tanpa Otorisasi Senior,Ya (Anomali),4,5,Pelanggaran Prosedur: Aktivitas Disetujui Padahal Status Dokumen Dokumen Kadaluarsa
KYC-0577,Customer Onboarding Unit,Pembukaan Rekening Korporasi,Korporasi / Badan Usaha,Medium,49,Bukan PEP,Clear / Bersih,Match Terverifikasi,Terverifikasi Sah,Lengkap & Valid,Tidak Diperlukan,Approved,Tidak Berlaku,Tidak,1,2,-
KYC-0578,Bandung Branch,Pembukaan Rekening Korporasi,Korporasi / Badan Usaha,Low,31,Bukan PEP,Clear / Bersih,Match Terverifikasi,Terverifikasi Sah,Lengkap & Valid,Tidak Diperlukan,Pending Review,Tidak Berlaku,Tidak,2,1,-
KYC-0579,Bandung Branch,Pembukaan Rekening Korporasi,Korporasi / Badan Usaha,Low,17,Bukan PEP,Clear / Bersih,Match Terverifikasi,Terverifikasi Sah,Lengkap & Valid,Tidak Diperlukan,Approved,Tidak Berlaku,Tidak,1,1,-
KYC-0580,Medan Branch,Pembukaan Rekening Korporasi,Korporasi / Badan Usaha,High,78,Bukan PEP,Clear / Bersih,Match Terverifikasi,Terverifikasi Sah,Lengkap & Valid,Dilakukan & Memadai,Pending Review,Disetujui Pejabat Berwenang,Tidak,1,1,-
KYC-0581,Bandung Branch,Pembukaan Rekening Korporasi,Korporasi / Badan Usaha,Medium,33,Bukan PEP,Clear / Bersih,Match Terverifikasi,Terverifikasi Sah,Tidak Lengkap,Tidak Diperlukan,Approved,Tanpa Otorisasi Senior,Ya (Anomali),4,5,Pelanggaran Prosedur: Aktivitas Disetujui Padahal Status Dokumen Tidak Lengkap
KYC-0582,Surabaya Branch,Update Data Nasabah,Perorangan WNI,High,77,Bukan PEP,Clear / Bersih,Match Terverifikasi,Tidak Berlaku,Lengkap & Valid,Dilakukan & Memadai,Pending Review,Disetujui Pejabat Berwenang,Tidak,2,2,-
KYC-0583,Bandung Branch,Pembukaan Rekening Perorangan,Perorangan WNI,High,66,PEP Domestik,Clear / Bersih,Match Terverifikasi,Tidak Berlaku,Lengkap & Valid,Dilakukan & Memadai,Pending Review,Disetujui Pejabat Berwenang,Tidak,1,2,-
KYC-0584,Surabaya Branch,Update Data Nasabah,Perorangan WNI,Low,29,Bukan PEP,Clear / Bersih,Match Terverifikasi,Tidak Berlaku,Lengkap & Valid,Tidak Diperlukan,Pending Review,Tidak Berlaku,Tidak,1,1,-
KYC-0585,Jakarta Branch,Update Data Nasabah,Perorangan WNI,Low,40,Bukan PEP,Clear / Bersih,Match Terverifikasi,Tidak Berlaku,Dokumen Kadaluarsa,Tidak Diperlukan,Approved,Tanpa Otorisasi Senior,Ya (Anomali),4,5,Pelanggaran Prosedur: Aktivitas Disetujui Padahal Status Dokumen Dokumen Kadaluarsa
KYC-0586,Medan Branch,Pengkinian Data Berkala,Perorangan WNI,Medium,47,Bukan PEP,Clear / Bersih,Match Terverifikasi,Tidak Berlaku,Lengkap & Valid,Tidak Diperlukan,Approved,Tidak Berlaku,Tidak,2,2,-
KYC-0587,Jakarta Branch,Pengkinian Data Berkala,Perorangan WNI,Low,32,Bukan PEP,Clear / Bersih,Match Terverifikasi,Tidak Berlaku,Lengkap & Valid,Tidak Diperlukan,Approved,Tidak Berlaku,Tidak,1,2,-
KYC-0588,Bandung Branch,Pengkinian Data Berkala,Perorangan WNI,Medium,58,Bukan PEP,Clear / Bersih,Match Terverifikasi,Tidak Berlaku,Lengkap & Valid,Tidak Diperlukan,Approved,Tidak Berlaku,Tidak,2,1,-
KYC-0589,Medan Branch,Pengkinian Data Berkala,Perorangan WNI,Medium,77,Bukan PEP,Clear / Bersih,Gagal Biometrik,Tidak Berlaku,Tidak Lengkap,Tidak Diperlukan,Approved,Tanpa Otorisasi Senior,Ya (Anomali),5,5,Indikasi Pemalsuan Identitas: Disetujui Padahal Verifikasi Kependudukan / Biometrik Gagal Biometrik
KYC-0590,Head Office,Update Data Nasabah,Perorangan WNI,Medium,44,Bukan PEP,Clear / Bersih,Match Terverifikasi,Tidak Berlaku,Lengkap & Valid,Tidak Diperlukan,Approved,Tidak Berlaku,Tidak,1,2,-
KYC-0591,Bandung Branch,Pembukaan Rekening Perorangan,Perorangan WNI,Low,24,Bukan PEP,Clear / Bersih,Match Terverifikasi,Tidak Berlaku,Lengkap & Valid,Tidak Diperlukan,Approved,Tidak Berlaku,Tidak,1,1,-
KYC-0592,Surabaya Branch,Update Data Nasabah,Perorangan WNI,High,89,PEP Asing,Clear / Bersih,Match Terverifikasi,Tidak Berlaku,Lengkap & Valid,Tanpa EDD / Dilewati,Approved,Tanpa Otorisasi Senior,Ya (Anomali),4,4,Pelanggaran Regulasi: Nasabah PEP / High Risk Disetujui Tanpa Pelaksanaan EDD yang Memadai
KYC-0593,Customer Onboarding Unit,Update Data Nasabah,Perorangan WNI,Medium,45,Bukan PEP,Clear / Bersih,Match Terverifikasi,Tidak Berlaku,Lengkap & Valid,Tidak Diperlukan,Approved,Tidak Berlaku,Tidak,2,1,-
KYC-0594,Bandung Branch,Pembukaan Rekening Korporasi,Korporasi / Badan Usaha,High,89,Bukan PEP,Clear / Bersih,Match Terverifikasi,Tidak Diungkap / Fiktif,Lengkap & Valid,Tanpa EDD / Dilewati,Approved,Tanpa Otorisasi Senior,Ya (Anomali),5,4,Risiko Shell Company: Pembukaan Rekening Korporasi Disetujui Tanpa Pengungkapan Beneficial Owner (BO)
KYC-0595,Surabaya Branch,Pembukaan Rekening Perorangan,Perorangan WNI,Low,25,Bukan PEP,Clear / Bersih,Match Terverifikasi,Tidak Berlaku,Tidak Lengkap,Tidak Diperlukan,Rejected,Tidak Berlaku,Tidak,1,2,-
KYC-0596,Jakarta Branch,Update Data Nasabah,Perorangan WNI,Medium,37,Bukan PEP,Clear / Bersih,Match Terverifikasi,Tidak Berlaku,Lengkap & Valid,Tidak Diperlukan,Approved,Tidak Berlaku,Tidak,2,1,-
KYC-0597,Head Office,Pembukaan Rekening Korporasi,Korporasi / Badan Usaha,High,76,PEP Domestik,Clear / Bersih,Match Terverifikasi,Terverifikasi Sah,Lengkap & Valid,Dilakukan & Memadai,Pending Review,Disetujui Pejabat Berwenang,Tidak,1,1,-
KYC-0598,Bandung Branch,Pembukaan Rekening Korporasi,Korporasi / Badan Usaha,Medium,55,Bukan PEP,Clear / Bersih,Match Terverifikasi,Terverifikasi Sah,Lengkap & Valid,Tidak Diperlukan,Approved,Tidak Berlaku,Tidak,2,1,-
KYC-0599,Jakarta Branch,Pengkinian Data Berkala,Perorangan WNI,High,97,PEP Asing,Match Terindikasi,Match Terverifikasi,Tidak Berlaku,Lengkap & Valid,Dilakukan & Memadai,Approved,Tanpa Otorisasi Senior,Ya (Anomali),5,5,Pelanggaran Berat APU-PPT: Nasabah Terindikasi DTTOT / Daftar Sanksi Tetap Disetujui
KYC-0600,Head Office,Update Data Nasabah,Perorangan WNI,Medium,56,Bukan PEP,Clear / Bersih,Match Terverifikasi,Tidak Berlaku,Lengkap & Valid,Tidak Diperlukan,Pending Review,Tidak Berlaku,Tidak,2,1,-
KYC-0601,Medan Branch,Pengkinian Data Berkala,Perorangan WNI,High,77,Bukan PEP,Clear / Bersih,Match Terverifikasi,Tidak Berlaku,Lengkap & Valid,Dilakukan & Memadai,Approved,Disetujui Pejabat Berwenang,Tidak,1,1,-
KYC-0602,Jakarta Branch,Pembukaan Rekening Korporasi,Korporasi / Badan Usaha,High,90,PEP Asing,Match Terindikasi,Match Terverifikasi,Terverifikasi Sah,Lengkap & Valid,Dilakukan & Memadai,Approved,Tanpa Otorisasi Senior,Ya (Anomali),5,5,Pelanggaran Berat APU-PPT: Nasabah Terindikasi DTTOT / Daftar Sanksi Tetap Disetujui
KYC-0603,Bandung Branch,Pembukaan Rekening Korporasi,Korporasi / Badan Usaha,High,68,Bukan PEP,Clear / Bersih,Match Terverifikasi,Terverifikasi Sah,Lengkap & Valid,Dilakukan & Memadai,Pending Review,Disetujui Pejabat Berwenang,Tidak,2,1,-
KYC-0604,Medan Branch,Pengkinian Data Berkala,Perorangan WNI,Medium,38,Bukan PEP,Clear / Bersih,Match Terverifikasi,Tidak Berlaku,Lengkap & Valid,Tidak Diperlukan,Approved,Tidak Berlaku,Tidak,2,1,-
KYC-0605,Customer Onboarding Unit,Pembukaan Rekening Korporasi,Korporasi / Badan Usaha,Medium,75,Bukan PEP,Clear / Bersih,Gagal Biometrik,Terverifikasi Sah,Lengkap & Valid,Tidak Diperlukan,Approved,Tanpa Otorisasi Senior,Ya (Anomali),5,4,Indikasi Pemalsuan Identitas: Disetujui Padahal Verifikasi Kependudukan / Biometrik Gagal Biometrik
KYC-0606,Surabaya Branch,Pembukaan Rekening Korporasi,Korporasi / Badan Usaha,Low,17,Bukan PEP,Clear / Bersih,Match Terverifikasi,Terverifikasi Sah,Lengkap & Valid,Tidak Diperlukan,Approved,Tidak Berlaku,Tidak,1,1,-
KYC-0607,Medan Branch,Pembukaan Rekening Perorangan,WNA / Non-Resident,Low,34,Bukan PEP,Clear / Bersih,Match Terverifikasi,Tidak Berlaku,Lengkap & Valid,Tidak Diperlukan,Approved,Tidak Berlaku,Tidak,1,1,-
KYC-0608,Customer Onboarding Unit,Update Data Nasabah,Perorangan WNI,Medium,39,Bukan PEP,Clear / Bersih,Match Terverifikasi,Tidak Berlaku,Lengkap & Valid,Tidak Diperlukan,Approved,Tidak Berlaku,Tidak,1,1,-
KYC-0609,Bandung Branch,Update Data Nasabah,Perorangan WNI,Low,11,Bukan PEP,Clear / Bersih,Match Terverifikasi,Tidak Berlaku,Lengkap & Valid,Tidak Diperlukan,Approved,Tidak Berlaku,Tidak,1,1,-
KYC-0610,Jakarta Branch,Update Data Nasabah,Perorangan WNI,Low,21,Bukan PEP,Clear / Bersih,Match Terverifikasi,Tidak Berlaku,Tidak Lengkap,Tidak Diperlukan,Rejected,Tidak Berlaku,Tidak,1,1,-
KYC-0611,Head Office,Pembukaan Rekening Perorangan,Perorangan WNI,High,81,PEP Asing,Clear / Bersih,Match Terverifikasi,Tidak Berlaku,Lengkap & Valid,Tanpa EDD / Dilewati,Approved,Tanpa Otorisasi Senior,Ya (Anomali),5,4,Pelanggaran Regulasi: Nasabah PEP / High Risk Disetujui Tanpa Pelaksanaan EDD yang Memadai
KYC-0612,Surabaya Branch,Pembukaan Rekening Perorangan,Perorangan WNI,Medium,40,Bukan PEP,Clear / Bersih,Match Terverifikasi,Tidak Berlaku,Lengkap & Valid,Tidak Diperlukan,Pending Review,Tidak Berlaku,Tidak,2,2,-
KYC-0613,Medan Branch,Pembukaan Rekening Perorangan,Perorangan WNI,Medium,51,Bukan PEP,Clear / Bersih,Match Terverifikasi,Tidak Berlaku,Lengkap & Valid,Tidak Diperlukan,Approved,Tidak Berlaku,Tidak,1,2,-
KYC-0614,Head Office,Update Data Nasabah,Perorangan WNI,Low,26,Bukan PEP,Clear / Bersih,Match Terverifikasi,Tidak Berlaku,Lengkap & Valid,Tidak Diperlukan,Approved,Tidak Berlaku,Tidak,1,1,-
KYC-0615,Medan Branch,Pengkinian Data Berkala,Perorangan WNI,Low,14,Bukan PEP,Clear / Bersih,Match Terverifikasi,Tidak Berlaku,Lengkap & Valid,Tidak Diperlukan,Approved,Tidak Berlaku,Tidak,1,2,-
KYC-0616,Jakarta Branch,Update Data Nasabah,Perorangan WNI,High,71,Bukan PEP,Clear / Bersih,Match Terverifikasi,Tidak Berlaku,Lengkap & Valid,Dilakukan & Memadai,Approved,Disetujui Pejabat Berwenang,Tidak,1,2,-
KYC-0617,Jakarta Branch,Update Data Nasabah,Perorangan WNI,Low,28,Bukan PEP,Clear / Bersih,Match Terverifikasi,Tidak Berlaku,Lengkap & Valid,Tidak Diperlukan,Approved,Tidak Berlaku,Tidak,2,2,-
KYC-0618,Surabaya Branch,Update Data Nasabah,Perorangan WNI,High,77,Bukan PEP,Clear / Bersih,Match Terverifikasi,Tidak Berlaku,Lengkap & Valid,Dilakukan & Memadai,Approved,Tanpa Otorisasi Senior,Ya (Anomali),4,3,Pelanggaran Wewenang: Nasabah High Risk Disetujui Tanpa Otorisasi Pejabat Senior AML
KYC-0619,Bandung Branch,Update Data Nasabah,Perorangan WNI,Low,25,Bukan PEP,Clear / Bersih,Match Terverifikasi,Tidak Berlaku,Lengkap & Valid,Tidak Diperlukan,Approved,Tidak Berlaku,Tidak,1,2,-
KYC-0620,Surabaya Branch,Update Data Nasabah,Perorangan WNI,Low,20,Bukan PEP,Clear / Bersih,Match Terverifikasi,Tidak Berlaku,Lengkap & Valid,Tidak Diperlukan,Pending Review,Tidak Berlaku,Tidak,1,1,-
KYC-0621,Medan Branch,Pembukaan Rekening Korporasi,Korporasi / Badan Usaha,Medium,41,Bukan PEP,Clear / Bersih,Match Terverifikasi,Terverifikasi Sah,Lengkap & Valid,Tidak Diperlukan,Approved,Tidak Berlaku,Tidak,2,2,-
KYC-0622,Bandung Branch,Pembukaan Rekening Perorangan,Perorangan WNI,Medium,47,Bukan PEP,Clear / Bersih,Match Terverifikasi,Tidak Berlaku,Lengkap & Valid,Tidak Diperlukan,Approved,Tidak Berlaku,Tidak,2,1,-
KYC-0623,Medan Branch,Update Data Nasabah,Perorangan WNI,High,71,Bukan PEP,Clear / Bersih,Mismatch Data,Tidak Berlaku,Lengkap & Valid,Tidak Diperlukan,Approved,Tanpa Otorisasi Senior,Ya (Anomali),5,5,Indikasi Pemalsuan Identitas: Disetujui Padahal Verifikasi Kependudukan / Biometrik Mismatch Data
KYC-0624,Bandung Branch,Update Data Nasabah,Perorangan WNI,Medium,57,Bukan PEP,Clear / Bersih,Match Terverifikasi,Tidak Berlaku,Tidak Lengkap,Tidak Diperlukan,Pending Review,Tidak Berlaku,Tidak,1,2,-
KYC-0625,Surabaya Branch,Pengkinian Data Berkala,Perorangan WNI,Medium,58,Bukan PEP,Clear / Bersih,Match Terverifikasi,Tidak Berlaku,Lengkap & Valid,Tidak Diperlukan,Approved,Tidak Berlaku,Tidak,1,1,-
KYC-0626,Medan Branch,Pengkinian Data Berkala,Perorangan WNI,High,71,PEP Asing,Clear / Bersih,Match Terverifikasi,Tidak Berlaku,Lengkap & Valid,Tanpa EDD / Dilewati,Approved,Tanpa Otorisasi Senior,Ya (Anomali),4,4,Pelanggaran Regulasi: Nasabah PEP / High Risk Disetujui Tanpa Pelaksanaan EDD yang Memadai
KYC-0627,Bandung Branch,Pembukaan Rekening Perorangan,Perorangan WNI,High,71,Bukan PEP,Clear / Bersih,Match Terverifikasi,Tidak Berlaku,Lengkap & Valid,Dilakukan & Memadai,Approved,Disetujui Pejabat Berwenang,Tidak,1,1,-
KYC-0628,Jakarta Branch,Pembukaan Rekening Perorangan,WNA / Non-Resident,Low,30,Bukan PEP,Clear / Bersih,Match Terverifikasi,Tidak Berlaku,Lengkap & Valid,Tidak Diperlukan,Approved,Tidak Berlaku,Tidak,1,1,-
KYC-0629,Customer Onboarding Unit,Update Data Nasabah,Perorangan WNI,Low,16,Bukan PEP,Clear / Bersih,Match Terverifikasi,Tidak Berlaku,Lengkap & Valid,Tidak Diperlukan,Pending Review,Tidak Berlaku,Tidak,2,1,-
KYC-0630,Bandung Branch,Pembukaan Rekening Korporasi,Korporasi / Badan Usaha,Medium,59,Bukan PEP,Clear / Bersih,Match Terverifikasi,Terverifikasi Sah,Lengkap & Valid,Tidak Diperlukan,Pending Review,Tidak Berlaku,Tidak,2,2,-
KYC-0631,Head Office,Update Data Nasabah,Perorangan WNI,Medium,50,Bukan PEP,Clear / Bersih,Match Terverifikasi,Tidak Berlaku,Lengkap & Valid,Tidak Diperlukan,Approved,Tidak Berlaku,Tidak,1,1,-
KYC-0632,Medan Branch,Update Data Nasabah,Perorangan WNI,Low,24,Bukan PEP,Clear / Bersih,Match Terverifikasi,Tidak Berlaku,Lengkap & Valid,Tidak Diperlukan,Approved,Tidak Berlaku,Tidak,1,1,-
KYC-0633,Customer Onboarding Unit,Pengkinian Data Berkala,Perorangan WNI,Low,17,Bukan PEP,Clear / Bersih,Match Terverifikasi,Tidak Berlaku,Tidak Lengkap,Tidak Diperlukan,Pending Review,Tidak Berlaku,Tidak,2,1,-
KYC-0634,Jakarta Branch,Pengkinian Data Berkala,Perorangan WNI,Low,14,Bukan PEP,Clear / Bersih,Match Terverifikasi,Tidak Berlaku,Lengkap & Valid,Tidak Diperlukan,Approved,Tidak Berlaku,Tidak,1,2,-
KYC-0635,Head Office,Update Data Nasabah,Perorangan WNI,Low,22,Bukan PEP,Clear / Bersih,Match Terverifikasi,Tidak Berlaku,Lengkap & Valid,Tidak Diperlukan,Approved,Tidak Berlaku,Tidak,1,1,-
KYC-0636,Head Office,Update Data Nasabah,Perorangan WNI,Low,31,Bukan PEP,Clear / Bersih,Match Terverifikasi,Tidak Berlaku,Lengkap & Valid,Tidak Diperlukan,Approved,Tidak Berlaku,Tidak,1,1,-
KYC-0637,Head Office,Pembukaan Rekening Korporasi,Korporasi / Badan Usaha,Low,11,Bukan PEP,Clear / Bersih,Match Terverifikasi,Terverifikasi Sah,Lengkap & Valid,Tidak Diperlukan,Approved,Tidak Berlaku,Tidak,2,1,-
KYC-0638,Medan Branch,Pengkinian Data Berkala,Perorangan WNI,High,82,Bukan PEP,Clear / Bersih,Match Terverifikasi,Tidak Berlaku,Lengkap & Valid,Dilakukan & Memadai,Approved,Disetujui Pejabat Berwenang,Tidak,1,1,-
KYC-0639,Surabaya Branch,Update Data Nasabah,Perorangan WNI,High,70,PEP Domestik,Clear / Bersih,Match Terverifikasi,Tidak Berlaku,Lengkap & Valid,Dilakukan & Memadai,Approved,Disetujui Pejabat Berwenang,Tidak,1,1,-
KYC-0640,Jakarta Branch,Pembukaan Rekening Perorangan,Perorangan WNI,Low,24,Bukan PEP,Clear / Bersih,Match Terverifikasi,Tidak Berlaku,Lengkap & Valid,Tidak Diperlukan,Approved,Tidak Berlaku,Tidak,2,2,-
KYC-0641,Jakarta Branch,Pembukaan Rekening Korporasi,Korporasi / Badan Usaha,High,67,Bukan PEP,Clear / Bersih,Match Terverifikasi,Terverifikasi Sah,Lengkap & Valid,Dilakukan & Memadai,Rejected,Disetujui Pejabat Berwenang,Tidak,2,2,-
KYC-0642,Medan Branch,Pembukaan Rekening Perorangan,Perorangan WNI,Low,35,Bukan PEP,Clear / Bersih,Match Terverifikasi,Tidak Berlaku,Lengkap & Valid,Tidak Diperlukan,Approved,Tidak Berlaku,Tidak,2,1,-
KYC-0643,Jakarta Branch,Update Data Nasabah,Perorangan WNI,High,79,PEP Domestik,Clear / Bersih,Match Terverifikasi,Tidak Berlaku,Lengkap & Valid,Dilakukan & Memadai,Approved,Tanpa Otorisasi Senior,Ya (Anomali),4,4,Pelanggaran Wewenang: Nasabah High Risk Disetujui Tanpa Otorisasi Pejabat Senior AML
KYC-0644,Surabaya Branch,Pengkinian Data Berkala,Perorangan WNI,High,83,PEP Domestik,Clear / Bersih,Match Terverifikasi,Tidak Berlaku,Lengkap & Valid,Dilakukan & Memadai,Pending Review,Disetujui Pejabat Berwenang,Tidak,1,1,-
KYC-0645,Jakarta Branch,Pembukaan Rekening Korporasi,Korporasi / Badan Usaha,Low,32,Bukan PEP,Clear / Bersih,Match Terverifikasi,Terverifikasi Sah,Lengkap & Valid,Tidak Diperlukan,Approved,Tidak Berlaku,Tidak,1,1,-
KYC-0646,Medan Branch,Pengkinian Data Berkala,Perorangan WNI,Low,17,Bukan PEP,Clear / Bersih,Match Terverifikasi,Tidak Berlaku,Lengkap & Valid,Tidak Diperlukan,Pending Review,Tidak Berlaku,Tidak,1,1,-
KYC-0647,Jakarta Branch,Update Data Nasabah,WNA / Non-Resident,Medium,40,Bukan PEP,Clear / Bersih,Match Terverifikasi,Tidak Berlaku,Lengkap & Valid,Tidak Diperlukan,Approved,Tidak Berlaku,Tidak,2,2,-
KYC-0648,Medan Branch,Update Data Nasabah,WNA / Non-Resident,Medium,58,Bukan PEP,Clear / Bersih,Match Terverifikasi,Tidak Berlaku,Lengkap & Valid,Tidak Diperlukan,Pending Review,Tidak Berlaku,Tidak,2,1,-
KYC-0649,Surabaya Branch,Pengkinian Data Berkala,Perorangan WNI,Low,12,Bukan PEP,Clear / Bersih,Match Terverifikasi,Tidak Berlaku,Tidak Lengkap,Tidak Diperlukan,Rejected,Tidak Berlaku,Tidak,2,1,-
KYC-0650,Customer Onboarding Unit,Pembukaan Rekening Perorangan,Perorangan WNI,Medium,60,Bukan PEP,Clear / Bersih,Match Terverifikasi,Tidak Berlaku,Lengkap & Valid,Tidak Diperlukan,Pending Review,Tidak Berlaku,Tidak,1,2,-
KYC-0651,Surabaya Branch,Pengkinian Data Berkala,Perorangan WNI,Low,18,Bukan PEP,Clear / Bersih,Match Terverifikasi,Tidak Berlaku,Lengkap & Valid,Tidak Diperlukan,Approved,Tidak Berlaku,Tidak,1,1,-
KYC-0652,Jakarta Branch,Update Data Nasabah,Perorangan WNI,Low,24,Bukan PEP,Clear / Bersih,Match Terverifikasi,Tidak Berlaku,Lengkap & Valid,Tidak Diperlukan,Approved,Tidak Berlaku,Tidak,2,1,-
KYC-0653,Bandung Branch,Update Data Nasabah,Perorangan WNI,High,69,Bukan PEP,Clear / Bersih,Match Terverifikasi,Tidak Berlaku,Lengkap & Valid,Dilakukan & Memadai,Approved,Tanpa Otorisasi Senior,Ya (Anomali),4,4,Pelanggaran Wewenang: Nasabah High Risk Disetujui Tanpa Otorisasi Pejabat Senior AML
KYC-0654,Medan Branch,Pembukaan Rekening Perorangan,Perorangan WNI,Low,33,Bukan PEP,Clear / Bersih,Match Terverifikasi,Tidak Berlaku,Tidak Lengkap,Tidak Diperlukan,Pending Review,Tidak Berlaku,Tidak,1,1,-
KYC-0655,Bandung Branch,Pengkinian Data Berkala,WNA / Non-Resident,Low,21,Bukan PEP,Clear / Bersih,Match Terverifikasi,Tidak Berlaku,Lengkap & Valid,Tidak Diperlukan,Approved,Tidak Berlaku,Tidak,1,2,-
KYC-0656,Head Office,Pembukaan Rekening Korporasi,Korporasi / Badan Usaha,High,78,Bukan PEP,Clear / Bersih,Match Terverifikasi,Terverifikasi Sah,Lengkap & Valid,Dilakukan & Memadai,Approved,Tanpa Otorisasi Senior,Ya (Anomali),4,4,Pelanggaran Wewenang: Nasabah High Risk Disetujui Tanpa Otorisasi Pejabat Senior AML
KYC-0657,Customer Onboarding Unit,Pengkinian Data Berkala,Perorangan WNI,Low,24,Bukan PEP,Clear / Bersih,Match Terverifikasi,Tidak Berlaku,Lengkap & Valid,Tidak Diperlukan,Approved,Tidak Berlaku,Tidak,2,2,-
KYC-0658,Bandung Branch,Pembukaan Rekening Perorangan,WNA / Non-Resident,High,72,PEP Asing,Clear / Bersih,Match Terverifikasi,Tidak Berlaku,Lengkap & Valid,Tanpa EDD / Dilewati,Approved,Tanpa Otorisasi Senior,Ya (Anomali),5,4,Pelanggaran Regulasi: Nasabah PEP / High Risk Disetujui Tanpa Pelaksanaan EDD yang Memadai
KYC-0659,Head Office,Pengkinian Data Berkala,Perorangan WNI,Low,31,Bukan PEP,Clear / Bersih,Match Terverifikasi,Tidak Berlaku,Lengkap & Valid,Tidak Diperlukan,Approved,Tidak Berlaku,Tidak,1,2,-
KYC-0660,Surabaya Branch,Pengkinian Data Berkala,Perorangan WNI,Medium,37,Bukan PEP,Clear / Bersih,Match Terverifikasi,Tidak Berlaku,Lengkap & Valid,Tidak Diperlukan,Approved,Tidak Berlaku,Tidak,2,1,-
KYC-0661,Medan Branch,Update Data Nasabah,Perorangan WNI,Low,10,Bukan PEP,Clear / Bersih,Match Terverifikasi,Tidak Berlaku,Lengkap & Valid,Tidak Diperlukan,Pending Review,Tidak Berlaku,Tidak,1,1,-
KYC-0662,Head Office,Pembukaan Rekening Perorangan,Perorangan WNI,High,83,Bukan PEP,Clear / Bersih,Match Terverifikasi,Tidak Berlaku,Lengkap & Valid,Dilakukan & Memadai,Approved,Disetujui Pejabat Berwenang,Tidak,2,2,-
KYC-0663,Medan Branch,Pembukaan Rekening Korporasi,Korporasi / Badan Usaha,Medium,52,Bukan PEP,Clear / Bersih,Match Terverifikasi,Terverifikasi Sah,Lengkap & Valid,Tidak Diperlukan,Approved,Tidak Berlaku,Tidak,2,2,-
KYC-0664,Customer Onboarding Unit,Pengkinian Data Berkala,Perorangan WNI,High,86,PEP Asing,Match Terindikasi,Match Terverifikasi,Tidak Berlaku,Lengkap & Valid,Dilakukan & Memadai,Approved,Tanpa Otorisasi Senior,Ya (Anomali),5,5,Pelanggaran Berat APU-PPT: Nasabah Terindikasi DTTOT / Daftar Sanksi Tetap Disetujui
KYC-0665,Bandung Branch,Pembukaan Rekening Korporasi,Korporasi / Badan Usaha,Low,33,Bukan PEP,Clear / Bersih,Match Terverifikasi,Terverifikasi Sah,Lengkap & Valid,Tidak Diperlukan,Pending Review,Tidak Berlaku,Tidak,1,1,-
KYC-0666,Head Office,Update Data Nasabah,Perorangan WNI,Medium,64,Bukan PEP,Clear / Bersih,Match Terverifikasi,Tidak Berlaku,Lengkap & Valid,Tidak Diperlukan,Approved,Tidak Berlaku,Tidak,1,2,-
KYC-0667,Head Office,Update Data Nasabah,WNA / Non-Resident,Low,31,Bukan PEP,Clear / Bersih,Match Terverifikasi,Tidak Berlaku,Lengkap & Valid,Tidak Diperlukan,Approved,Tidak Berlaku,Tidak,2,1,-
KYC-0668,Medan Branch,Pembukaan Rekening Korporasi,Korporasi / Badan Usaha,High,87,Bukan PEP,Clear / Bersih,Match Terverifikasi,Tidak Diungkap / Fiktif,Lengkap & Valid,Tanpa EDD / Dilewati,Approved,Tanpa Otorisasi Senior,Ya (Anomali),5,5,Risiko Shell Company: Pembukaan Rekening Korporasi Disetujui Tanpa Pengungkapan Beneficial Owner (BO)
KYC-0669,Head Office,Pengkinian Data Berkala,Perorangan WNI,Medium,47,Bukan PEP,Clear / Bersih,Match Terverifikasi,Tidak Berlaku,Lengkap & Valid,Tidak Diperlukan,Pending Review,Tidak Berlaku,Tidak,2,1,-
KYC-0670,Medan Branch,Pembukaan Rekening Perorangan,Perorangan WNI,Low,17,Bukan PEP,Clear / Bersih,Match Terverifikasi,Tidak Berlaku,Lengkap & Valid,Tidak Diperlukan,Approved,Tidak Berlaku,Tidak,1,1,-
KYC-0671,Head Office,Update Data Nasabah,Perorangan WNI,Low,21,Bukan PEP,Clear / Bersih,Match Terverifikasi,Tidak Berlaku,Lengkap & Valid,Tidak Diperlukan,Approved,Tidak Berlaku,Tidak,1,1,-
KYC-0672,Customer Onboarding Unit,Update Data Nasabah,Perorangan WNI,Low,34,Bukan PEP,Clear / Bersih,Match Terverifikasi,Tidak Berlaku,Lengkap & Valid,Tidak Diperlukan,Approved,Tidak Berlaku,Tidak,1,1,-
KYC-0673,Medan Branch,Update Data Nasabah,Perorangan WNI,Low,16,Bukan PEP,Clear / Bersih,Match Terverifikasi,Tidak Berlaku,Lengkap & Valid,Tidak Diperlukan,Approved,Tidak Berlaku,Tidak,1,2,-
KYC-0674,Jakarta Branch,Pembukaan Rekening Korporasi,Korporasi / Badan Usaha,Medium,34,Bukan PEP,Clear / Bersih,Match Terverifikasi,Terverifikasi Sah,Tidak Lengkap,Tidak Diperlukan,Approved,Tanpa Otorisasi Senior,Ya (Anomali),4,4,Pelanggaran Prosedur: Aktivitas Disetujui Padahal Status Dokumen Tidak Lengkap
KYC-0675,Jakarta Branch,Pembukaan Rekening Korporasi,Korporasi / Badan Usaha,Low,28,Bukan PEP,Clear / Bersih,Match Terverifikasi,Terverifikasi Sah,Lengkap & Valid,Tidak Diperlukan,Approved,Tidak Berlaku,Tidak,1,1,-
KYC-0676,Head Office,Pembukaan Rekening Korporasi,Korporasi / Badan Usaha,Medium,47,Bukan PEP,Clear / Bersih,Match Terverifikasi,Terverifikasi Sah,Lengkap & Valid,Tidak Diperlukan,Pending Review,Tidak Berlaku,Tidak,1,1,-
KYC-0677,Surabaya Branch,Pembukaan Rekening Korporasi,Korporasi / Badan Usaha,Low,30,Bukan PEP,Clear / Bersih,Match Terverifikasi,Terverifikasi Sah,Lengkap & Valid,Tidak Diperlukan,Approved,Tidak Berlaku,Tidak,2,1,-
KYC-0678,Jakarta Branch,Update Data Nasabah,Perorangan WNI,High,67,Bukan PEP,Clear / Bersih,Gagal Biometrik,Tidak Berlaku,Lengkap & Valid,Tidak Diperlukan,Approved,Tanpa Otorisasi Senior,Ya (Anomali),5,5,Indikasi Pemalsuan Identitas: Disetujui Padahal Verifikasi Kependudukan / Biometrik Gagal Biometrik
KYC-0679,Medan Branch,Update Data Nasabah,Perorangan WNI,Low,35,Bukan PEP,Clear / Bersih,Match Terverifikasi,Tidak Berlaku,Lengkap & Valid,Tidak Diperlukan,Approved,Tidak Berlaku,Tidak,2,1,-
KYC-0680,Bandung Branch,Pembukaan Rekening Korporasi,Korporasi / Badan Usaha,Low,24,Bukan PEP,Clear / Bersih,Match Terverifikasi,Terverifikasi Sah,Lengkap & Valid,Tidak Diperlukan,Approved,Tidak Berlaku,Tidak,1,1,-
KYC-0681,Surabaya Branch,Pengkinian Data Berkala,Perorangan WNI,Medium,39,Bukan PEP,Clear / Bersih,Match Terverifikasi,Tidak Berlaku,Tidak Lengkap,Tidak Diperlukan,Approved,Tanpa Otorisasi Senior,Ya (Anomali),4,5,Pelanggaran Prosedur: Aktivitas Disetujui Padahal Status Dokumen Tidak Lengkap
KYC-0682,Surabaya Branch,Pembukaan Rekening Korporasi,Korporasi / Badan Usaha,High,82,Bukan PEP,Clear / Bersih,Match Terverifikasi,Tidak Diungkap / Fiktif,Lengkap & Valid,Tanpa EDD / Dilewati,Approved,Tanpa Otorisasi Senior,Ya (Anomali),5,5,Risiko Shell Company: Pembukaan Rekening Korporasi Disetujui Tanpa Pengungkapan Beneficial Owner (BO)
KYC-0683,Medan Branch,Pengkinian Data Berkala,WNA / Non-Resident,Low,12,Bukan PEP,Clear / Bersih,Match Terverifikasi,Tidak Berlaku,Lengkap & Valid,Tidak Diperlukan,Approved,Tidak Berlaku,Tidak,1,1,-
KYC-0684,Surabaya Branch,Pembukaan Rekening Perorangan,Perorangan WNI,Low,30,Bukan PEP,Clear / Bersih,Match Terverifikasi,Tidak Berlaku,Lengkap & Valid,Tidak Diperlukan,Pending Review,Tidak Berlaku,Tidak,1,1,-
KYC-0685,Bandung Branch,Update Data Nasabah,Perorangan WNI,Low,33,Bukan PEP,Clear / Bersih,Match Terverifikasi,Tidak Berlaku,Lengkap & Valid,Tidak Diperlukan,Approved,Tidak Berlaku,Tidak,2,1,-
KYC-0686,Jakarta Branch,Pengkinian Data Berkala,Perorangan WNI,Low,18,Bukan PEP,Clear / Bersih,Match Terverifikasi,Tidak Berlaku,Lengkap & Valid,Tidak Diperlukan,Approved,Tidak Berlaku,Tidak,1,1,-
KYC-0687,Customer Onboarding Unit,Pengkinian Data Berkala,Perorangan WNI,Medium,60,Bukan PEP,Clear / Bersih,Match Terverifikasi,Tidak Berlaku,Lengkap & Valid,Tidak Diperlukan,Approved,Tidak Berlaku,Tidak,1,2,-
KYC-0688,Surabaya Branch,Update Data Nasabah,Perorangan WNI,High,94,Bukan PEP,Match Terindikasi,Match Terverifikasi,Tidak Berlaku,Lengkap & Valid,Dilakukan & Memadai,Approved,Tanpa Otorisasi Senior,Ya (Anomali),5,5,Pelanggaran Berat APU-PPT: Nasabah Terindikasi DTTOT / Daftar Sanksi Tetap Disetujui
KYC-0689,Bandung Branch,Pembukaan Rekening Perorangan,Perorangan WNI,Low,34,Bukan PEP,Clear / Bersih,Match Terverifikasi,Tidak Berlaku,Lengkap & Valid,Tidak Diperlukan,Approved,Tidak Berlaku,Tidak,1,1,-
KYC-0690,Customer Onboarding Unit,Pengkinian Data Berkala,Perorangan WNI,High,72,PEP Domestik,Clear / Bersih,Match Terverifikasi,Tidak Berlaku,Lengkap & Valid,Dilakukan & Memadai,Approved,Tanpa Otorisasi Senior,Ya (Anomali),4,4,Pelanggaran Wewenang: Nasabah High Risk Disetujui Tanpa Otorisasi Pejabat Senior AML
KYC-0691,Surabaya Branch,Pembukaan Rekening Perorangan,WNA / Non-Resident,Medium,58,Bukan PEP,Clear / Bersih,Match Terverifikasi,Tidak Berlaku,Lengkap & Valid,Tidak Diperlukan,Pending Review,Tidak Berlaku,Tidak,2,1,-
KYC-0692,Head Office,Pengkinian Data Berkala,Perorangan WNI,Medium,41,Bukan PEP,Clear / Bersih,Match Terverifikasi,Tidak Berlaku,Lengkap & Valid,Tidak Diperlukan,Approved,Tidak Berlaku,Tidak,2,1,-
KYC-0693,Bandung Branch,Pembukaan Rekening Perorangan,Perorangan WNI,High,70,PEP Domestik,Clear / Bersih,Match Terverifikasi,Tidak Berlaku,Lengkap & Valid,Dilakukan & Memadai,Pending Review,Disetujui Pejabat Berwenang,Tidak,2,1,-
KYC-0694,Head Office,Pengkinian Data Berkala,WNA / Non-Resident,High,70,Bukan PEP,Clear / Bersih,Gagal Biometrik,Tidak Berlaku,Lengkap & Valid,Tidak Diperlukan,Approved,Tanpa Otorisasi Senior,Ya (Anomali),5,5,Indikasi Pemalsuan Identitas: Disetujui Padahal Verifikasi Kependudukan / Biometrik Gagal Biometrik
KYC-0695,Jakarta Branch,Pengkinian Data Berkala,Perorangan WNI,Low,34,Bukan PEP,Clear / Bersih,Match Terverifikasi,Tidak Berlaku,Lengkap & Valid,Tidak Diperlukan,Approved,Tidak Berlaku,Tidak,2,1,-
KYC-0696,Jakarta Branch,Pembukaan Rekening Perorangan,Perorangan WNI,Low,31,Bukan PEP,Clear / Bersih,Match Terverifikasi,Tidak Berlaku,Lengkap & Valid,Tidak Diperlukan,Approved,Tidak Berlaku,Tidak,2,1,-
KYC-0697,Jakarta Branch,Pembukaan Rekening Korporasi,Korporasi / Badan Usaha,Medium,40,Bukan PEP,Clear / Bersih,Match Terverifikasi,Terverifikasi Sah,Lengkap & Valid,Tidak Diperlukan,Approved,Tidak Berlaku,Tidak,2,2,-
KYC-0698,Customer Onboarding Unit,Pembukaan Rekening Korporasi,Korporasi / Badan Usaha,Low,27,Bukan PEP,Clear / Bersih,Match Terverifikasi,Terverifikasi Sah,Lengkap & Valid,Tidak Diperlukan,Approved,Tidak Berlaku,Tidak,1,1,-
KYC-0699,Head Office,Pengkinian Data Berkala,Perorangan WNI,High,82,PEP Domestik,Clear / Bersih,Match Terverifikasi,Tidak Berlaku,Lengkap & Valid,Dilakukan & Memadai,Pending Review,Disetujui Pejabat Berwenang,Tidak,1,1,-
KYC-0700,Medan Branch,Update Data Nasabah,Perorangan WNI,Low,33,Bukan PEP,Clear / Bersih,Match Terverifikasi,Tidak Berlaku,Tidak Lengkap,Tidak Diperlukan,Pending Review,Tidak Berlaku,Tidak,1,1,-
KYC-0701,Medan Branch,Pengkinian Data Berkala,Perorangan WNI,Medium,54,Bukan PEP,Clear / Bersih,Match Terverifikasi,Tidak Berlaku,Lengkap & Valid,Tidak Diperlukan,Approved,Tidak Berlaku,Tidak,1,1,-
KYC-0702,Surabaya Branch,Pembukaan Rekening Korporasi,Korporasi / Badan Usaha,High,71,Bukan PEP,Clear / Bersih,Match Terverifikasi,Terverifikasi Sah,Lengkap & Valid,Dilakukan & Memadai,Rejected,Disetujui Pejabat Berwenang,Tidak,1,1,-
KYC-0703,Head Office,Pembukaan Rekening Korporasi,Korporasi / Badan Usaha,High,71,Bukan PEP,Clear / Bersih,Match Terverifikasi,Terverifikasi Sah,Lengkap & Valid,Dilakukan & Memadai,Pending Review,Disetujui Pejabat Berwenang,Tidak,1,2,-
KYC-0704,Head Office,Pengkinian Data Berkala,Perorangan WNI,Low,22,Bukan PEP,Clear / Bersih,Match Terverifikasi,Tidak Berlaku,Tidak Lengkap,Tidak Diperlukan,Rejected,Tidak Berlaku,Tidak,1,2,-
KYC-0705,Head Office,Pembukaan Rekening Korporasi,Korporasi / Badan Usaha,Medium,57,Bukan PEP,Clear / Bersih,Match Terverifikasi,Terverifikasi Sah,Lengkap & Valid,Tidak Diperlukan,Approved,Tidak Berlaku,Tidak,1,1,-
KYC-0706,Customer Onboarding Unit,Pengkinian Data Berkala,Perorangan WNI,Low,11,Bukan PEP,Clear / Bersih,Match Terverifikasi,Tidak Berlaku,Lengkap & Valid,Tidak Diperlukan,Approved,Tidak Berlaku,Tidak,1,1,-
KYC-0707,Surabaya Branch,Pembukaan Rekening Perorangan,Perorangan WNI,Medium,50,Bukan PEP,Clear / Bersih,Match Terverifikasi,Tidak Berlaku,Lengkap & Valid,Tidak Diperlukan,Approved,Tidak Berlaku,Tidak,1,1,-
KYC-0708,Jakarta Branch,Update Data Nasabah,Perorangan WNI,High,76,Bukan PEP,Clear / Bersih,Match Terverifikasi,Tidak Berlaku,Lengkap & Valid,Dilakukan & Memadai,Rejected,Disetujui Pejabat Berwenang,Tidak,2,2,-
KYC-0709,Bandung Branch,Update Data Nasabah,Perorangan WNI,High,87,PEP Domestik,Clear / Bersih,Match Terverifikasi,Tidak Berlaku,Lengkap & Valid,Tanpa EDD / Dilewati,Approved,Tanpa Otorisasi Senior,Ya (Anomali),5,4,Pelanggaran Regulasi: Nasabah PEP / High Risk Disetujui Tanpa Pelaksanaan EDD yang Memadai
KYC-0710,Surabaya Branch,Pembukaan Rekening Korporasi,Korporasi / Badan Usaha,Low,26,Bukan PEP,Clear / Bersih,Match Terverifikasi,Terverifikasi Sah,Lengkap & Valid,Tidak Diperlukan,Approved,Tidak Berlaku,Tidak,1,1,-
KYC-0711,Surabaya Branch,Pembukaan Rekening Korporasi,Korporasi / Badan Usaha,High,88,Bukan PEP,Clear / Bersih,Match Terverifikasi,Tidak Diungkap / Fiktif,Lengkap & Valid,Tanpa EDD / Dilewati,Approved,Tanpa Otorisasi Senior,Ya (Anomali),5,4,Risiko Shell Company: Pembukaan Rekening Korporasi Disetujui Tanpa Pengungkapan Beneficial Owner (BO)
KYC-0712,Medan Branch,Update Data Nasabah,Perorangan WNI,Low,10,Bukan PEP,Clear / Bersih,Match Terverifikasi,Tidak Berlaku,Lengkap & Valid,Tidak Diperlukan,Approved,Tidak Berlaku,Tidak,2,1,-
KYC-0713,Jakarta Branch,Pembukaan Rekening Perorangan,Perorangan WNI,Medium,48,Bukan PEP,Clear / Bersih,Match Terverifikasi,Tidak Berlaku,Lengkap & Valid,Tidak Diperlukan,Pending Review,Tidak Berlaku,Tidak,1,1,-
KYC-0714,Bandung Branch,Pengkinian Data Berkala,Perorangan WNI,High,76,PEP Asing,Clear / Bersih,Match Terverifikasi,Tidak Berlaku,Lengkap & Valid,Tanpa EDD / Dilewati,Approved,Tanpa Otorisasi Senior,Ya (Anomali),5,4,Pelanggaran Regulasi: Nasabah PEP / High Risk Disetujui Tanpa Pelaksanaan EDD yang Memadai
KYC-0715,Medan Branch,Pengkinian Data Berkala,Perorangan WNI,High,80,Bukan PEP,Clear / Bersih,Match Terverifikasi,Tidak Berlaku,Lengkap & Valid,Dilakukan & Memadai,Approved,Disetujui Pejabat Berwenang,Tidak,1,1,-
KYC-0716,Medan Branch,Pengkinian Data Berkala,Perorangan WNI,Medium,61,Bukan PEP,Clear / Bersih,Match Terverifikasi,Tidak Berlaku,Lengkap & Valid,Tidak Diperlukan,Pending Review,Tidak Berlaku,Tidak,1,1,-
KYC-0717,Bandung Branch,Update Data Nasabah,Perorangan WNI,Medium,36,Bukan PEP,Clear / Bersih,Match Terverifikasi,Tidak Berlaku,Lengkap & Valid,Tidak Diperlukan,Approved,Tidak Berlaku,Tidak,1,1,-
KYC-0718,Medan Branch,Pengkinian Data Berkala,Perorangan WNI,Low,35,Bukan PEP,Clear / Bersih,Match Terverifikasi,Tidak Berlaku,Lengkap & Valid,Tidak Diperlukan,Pending Review,Tidak Berlaku,Tidak,2,1,-
KYC-0719,Surabaya Branch,Update Data Nasabah,Perorangan WNI,High,85,PEP Asing,Match Terindikasi,Match Terverifikasi,Tidak Berlaku,Lengkap & Valid,Dilakukan & Memadai,Approved,Tanpa Otorisasi Senior,Ya (Anomali),5,5,Pelanggaran Berat APU-PPT: Nasabah Terindikasi DTTOT / Daftar Sanksi Tetap Disetujui
KYC-0720,Medan Branch,Pembukaan Rekening Perorangan,Perorangan WNI,Medium,45,Bukan PEP,Clear / Bersih,Match Terverifikasi,Tidak Berlaku,Lengkap & Valid,Tidak Diperlukan,Approved,Tidak Berlaku,Tidak,1,1,-
KYC-0721,Jakarta Branch,Pembukaan Rekening Perorangan,WNA / Non-Resident,Medium,43,Bukan PEP,Clear / Bersih,Match Terverifikasi,Tidak Berlaku,Lengkap & Valid,Tidak Diperlukan,Pending Review,Tidak Berlaku,Tidak,1,2,-
KYC-0722,Jakarta Branch,Pengkinian Data Berkala,Perorangan WNI,Medium,49,Bukan PEP,Clear / Bersih,Match Terverifikasi,Tidak Berlaku,Lengkap & Valid,Tidak Diperlukan,Approved,Tidak Berlaku,Tidak,1,1,-
KYC-0723,Bandung Branch,Pengkinian Data Berkala,Perorangan WNI,High,73,PEP Domestik,Clear / Bersih,Match Terverifikasi,Tidak Berlaku,Lengkap & Valid,Dilakukan & Memadai,Rejected,Disetujui Pejabat Berwenang,Tidak,1,1,-
KYC-0724,Bandung Branch,Pembukaan Rekening Korporasi,Korporasi / Badan Usaha,High,75,PEP Asing,Clear / Bersih,Match Terverifikasi,Terverifikasi Sah,Lengkap & Valid,Tanpa EDD / Dilewati,Approved,Tanpa Otorisasi Senior,Ya (Anomali),4,4,Pelanggaran Regulasi: Nasabah PEP / High Risk Disetujui Tanpa Pelaksanaan EDD yang Memadai
KYC-0725,Bandung Branch,Pembukaan Rekening Perorangan,Perorangan WNI,Medium,36,Bukan PEP,Clear / Bersih,Match Terverifikasi,Tidak Berlaku,Lengkap & Valid,Tidak Diperlukan,Pending Review,Tidak Berlaku,Tidak,1,1,-
KYC-0726,Customer Onboarding Unit,Pembukaan Rekening Korporasi,Korporasi / Badan Usaha,High,79,Bukan PEP,Clear / Bersih,Match Terverifikasi,Tidak Diungkap / Fiktif,Lengkap & Valid,Tanpa EDD / Dilewati,Approved,Tanpa Otorisasi Senior,Ya (Anomali),5,5,Risiko Shell Company: Pembukaan Rekening Korporasi Disetujui Tanpa Pengungkapan Beneficial Owner (BO)
KYC-0727,Jakarta Branch,Pembukaan Rekening Korporasi,Korporasi / Badan Usaha,Medium,68,Bukan PEP,Clear / Bersih,Gagal Biometrik,Terverifikasi Sah,Lengkap & Valid,Tidak Diperlukan,Approved,Tanpa Otorisasi Senior,Ya (Anomali),5,5,Indikasi Pemalsuan Identitas: Disetujui Padahal Verifikasi Kependudukan / Biometrik Gagal Biometrik
KYC-0728,Medan Branch,Pembukaan Rekening Korporasi,Korporasi / Badan Usaha,Low,28,Bukan PEP,Clear / Bersih,Match Terverifikasi,Terverifikasi Sah,Lengkap & Valid,Tidak Diperlukan,Approved,Tidak Berlaku,Tidak,2,1,-
KYC-0729,Bandung Branch,Update Data Nasabah,WNA / Non-Resident,Low,34,Bukan PEP,Clear / Bersih,Match Terverifikasi,Tidak Berlaku,Lengkap & Valid,Tidak Diperlukan,Approved,Tidak Berlaku,Tidak,1,2,-
KYC-0730,Head Office,Pembukaan Rekening Korporasi,Korporasi / Badan Usaha,Low,29,Bukan PEP,Clear / Bersih,Match Terverifikasi,Terverifikasi Sah,Lengkap & Valid,Tidak Diperlukan,Approved,Tidak Berlaku,Tidak,1,2,-
KYC-0731,Head Office,Pembukaan Rekening Perorangan,WNA / Non-Resident,Low,15,Bukan PEP,Clear / Bersih,Match Terverifikasi,Tidak Berlaku,Lengkap & Valid,Tidak Diperlukan,Approved,Tidak Berlaku,Tidak,1,1,-
KYC-0732,Surabaya Branch,Pembukaan Rekening Perorangan,Perorangan WNI,Medium,48,Bukan PEP,Clear / Bersih,Match Terverifikasi,Tidak Berlaku,Lengkap & Valid,Tidak Diperlukan,Approved,Tidak Berlaku,Tidak,2,1,-
KYC-0733,Jakarta Branch,Pengkinian Data Berkala,WNA / Non-Resident,Low,40,Bukan PEP,Clear / Bersih,Match Terverifikasi,Tidak Berlaku,Dokumen Kadaluarsa,Tidak Diperlukan,Approved,Tanpa Otorisasi Senior,Ya (Anomali),4,5,Pelanggaran Prosedur: Aktivitas Disetujui Padahal Status Dokumen Dokumen Kadaluarsa
KYC-0734,Medan Branch,Pembukaan Rekening Korporasi,Korporasi / Badan Usaha,Low,34,Bukan PEP,Clear / Bersih,Match Terverifikasi,Terverifikasi Sah,Lengkap & Valid,Tidak Diperlukan,Pending Review,Tidak Berlaku,Tidak,2,1,-
KYC-0735,Jakarta Branch,Pengkinian Data Berkala,Perorangan WNI,High,69,PEP Domestik,Clear / Bersih,Match Terverifikasi,Tidak Berlaku,Lengkap & Valid,Dilakukan & Memadai,Pending Review,Disetujui Pejabat Berwenang,Tidak,1,1,-
KYC-0736,Medan Branch,Update Data Nasabah,Perorangan WNI,High,91,PEP Domestik,Clear / Bersih,Match Terverifikasi,Tidak Berlaku,Lengkap & Valid,Tanpa EDD / Dilewati,Approved,Tanpa Otorisasi Senior,Ya (Anomali),4,4,Pelanggaran Regulasi: Nasabah PEP / High Risk Disetujui Tanpa Pelaksanaan EDD yang Memadai
KYC-0737,Head Office,Pembukaan Rekening Perorangan,Perorangan WNI,Medium,36,Bukan PEP,Clear / Bersih,Match Terverifikasi,Tidak Berlaku,Lengkap & Valid,Tidak Diperlukan,Approved,Tidak Berlaku,Tidak,1,2,-
KYC-0738,Medan Branch,Pengkinian Data Berkala,Perorangan WNI,Low,26,Bukan PEP,Clear / Bersih,Match Terverifikasi,Tidak Berlaku,Tidak Lengkap,Tidak Diperlukan,Rejected,Tidak Berlaku,Tidak,1,2,-
KYC-0739,Bandung Branch,Update Data Nasabah,Perorangan WNI,Low,13,Bukan PEP,Clear / Bersih,Match Terverifikasi,Tidak Berlaku,Lengkap & Valid,Tidak Diperlukan,Approved,Tidak Berlaku,Tidak,1,1,-
KYC-0740,Head Office,Pengkinian Data Berkala,Perorangan WNI,High,68,Bukan PEP,Clear / Bersih,Match Terverifikasi,Tidak Berlaku,Lengkap & Valid,Dilakukan & Memadai,Approved,Tanpa Otorisasi Senior,Ya (Anomali),4,4,Pelanggaran Wewenang: Nasabah High Risk Disetujui Tanpa Otorisasi Pejabat Senior AML
KYC-0741,Bandung Branch,Pembukaan Rekening Korporasi,Korporasi / Badan Usaha,Low,10,Bukan PEP,Clear / Bersih,Match Terverifikasi,Terverifikasi Sah,Lengkap & Valid,Tidak Diperlukan,Approved,Tidak Berlaku,Tidak,2,1,-
KYC-0742,Head Office,Pembukaan Rekening Korporasi,Korporasi / Badan Usaha,Low,27,Bukan PEP,Clear / Bersih,Match Terverifikasi,Terverifikasi Sah,Lengkap & Valid,Tidak Diperlukan,Approved,Tidak Berlaku,Tidak,1,1,-
KYC-0743,Surabaya Branch,Pengkinian Data Berkala,Perorangan WNI,Medium,39,Bukan PEP,Clear / Bersih,Match Terverifikasi,Tidak Berlaku,Lengkap & Valid,Tidak Diperlukan,Pending Review,Tidak Berlaku,Tidak,1,2,-
KYC-0744,Medan Branch,Pembukaan Rekening Korporasi,Korporasi / Badan Usaha,High,81,PEP Domestik,Clear / Bersih,Match Terverifikasi,Terverifikasi Sah,Lengkap & Valid,Dilakukan & Memadai,Rejected,Disetujui Pejabat Berwenang,Tidak,1,1,-
KYC-0745,Customer Onboarding Unit,Update Data Nasabah,Perorangan WNI,Low,21,Bukan PEP,Clear / Bersih,Match Terverifikasi,Tidak Berlaku,Lengkap & Valid,Tidak Diperlukan,Approved,Tidak Berlaku,Tidak,2,1,-
KYC-0746,Surabaya Branch,Pembukaan Rekening Korporasi,Korporasi / Badan Usaha,Low,13,Bukan PEP,Clear / Bersih,Match Terverifikasi,Terverifikasi Sah,Lengkap & Valid,Tidak Diperlukan,Pending Review,Tidak Berlaku,Tidak,1,1,-
KYC-0747,Head Office,Pembukaan Rekening Perorangan,Perorangan WNI,Low,24,Bukan PEP,Clear / Bersih,Match Terverifikasi,Tidak Berlaku,Tidak Lengkap,Tidak Diperlukan,Rejected,Tidak Berlaku,Tidak,2,2,-
KYC-0748,Jakarta Branch,Pembukaan Rekening Korporasi,Korporasi / Badan Usaha,Low,23,Bukan PEP,Clear / Bersih,Match Terverifikasi,Terverifikasi Sah,Lengkap & Valid,Tidak Diperlukan,Approved,Tidak Berlaku,Tidak,2,2,-
KYC-0749,Jakarta Branch,Update Data Nasabah,Perorangan WNI,Medium,36,Bukan PEP,Clear / Bersih,Match Terverifikasi,Tidak Berlaku,Lengkap & Valid,Tidak Diperlukan,Approved,Tidak Berlaku,Tidak,1,1,-
KYC-0750,Bandung Branch,Pembukaan Rekening Korporasi,Korporasi / Badan Usaha,Low,15,Bukan PEP,Clear / Bersih,Match Terverifikasi,Terverifikasi Sah,Lengkap & Valid,Tidak Diperlukan,Approved,Tidak Berlaku,Tidak,1,2,-
KYC-0751,Jakarta Branch,Pembukaan Rekening Korporasi,Korporasi / Badan Usaha,High,77,Bukan PEP,Clear / Bersih,Match Terverifikasi,Terverifikasi Sah,Lengkap & Valid,Dilakukan & Memadai,Rejected,Disetujui Pejabat Berwenang,Tidak,1,1,-
KYC-0752,Medan Branch,Update Data Nasabah,Perorangan WNI,High,84,Bukan PEP,Clear / Bersih,Match Terverifikasi,Tidak Berlaku,Lengkap & Valid,Dilakukan & Memadai,Approved,Disetujui Pejabat Berwenang,Tidak,1,2,-
KYC-0753,Customer Onboarding Unit,Pembukaan Rekening Korporasi,Korporasi / Badan Usaha,Medium,56,Bukan PEP,Clear / Bersih,Match Terverifikasi,Terverifikasi Sah,Lengkap & Valid,Tidak Diperlukan,Approved,Tidak Berlaku,Tidak,1,1,-
KYC-0754,Bandung Branch,Pembukaan Rekening Korporasi,Korporasi / Badan Usaha,High,84,Bukan PEP,Clear / Bersih,Match Terverifikasi,Terverifikasi Sah,Lengkap & Valid,Dilakukan & Memadai,Approved,Disetujui Pejabat Berwenang,Tidak,2,1,-
KYC-0755,Customer Onboarding Unit,Update Data Nasabah,Perorangan WNI,Medium,59,Bukan PEP,Clear / Bersih,Match Terverifikasi,Tidak Berlaku,Lengkap & Valid,Tidak Diperlukan,Pending Review,Tidak Berlaku,Tidak,2,1,-
KYC-0756,Medan Branch,Update Data Nasabah,WNA / Non-Resident,High,79,Bukan PEP,Clear / Bersih,Match Terverifikasi,Tidak Berlaku,Lengkap & Valid,Dilakukan & Memadai,Pending Review,Disetujui Pejabat Berwenang,Tidak,1,2,-
KYC-0757,Surabaya Branch,Pengkinian Data Berkala,Perorangan WNI,High,78,PEP Domestik,Clear / Bersih,Match Terverifikasi,Tidak Berlaku,Lengkap & Valid,Dilakukan & Memadai,Approved,Disetujui Pejabat Berwenang,Tidak,1,1,-
KYC-0758,Medan Branch,Pembukaan Rekening Perorangan,Perorangan WNI,Low,15,Bukan PEP,Clear / Bersih,Match Terverifikasi,Tidak Berlaku,Lengkap & Valid,Tidak Diperlukan,Approved,Tidak Berlaku,Tidak,2,2,-
KYC-0759,Medan Branch,Pembukaan Rekening Korporasi,Korporasi / Badan Usaha,Low,18,Bukan PEP,Clear / Bersih,Match Terverifikasi,Terverifikasi Sah,Lengkap & Valid,Tidak Diperlukan,Pending Review,Tidak Berlaku,Tidak,1,2,-
KYC-0760,Surabaya Branch,Update Data Nasabah,WNA / Non-Resident,Low,15,Bukan PEP,Clear / Bersih,Match Terverifikasi,Tidak Berlaku,Lengkap & Valid,Tidak Diperlukan,Approved,Tidak Berlaku,Tidak,2,2,-
KYC-0761,Medan Branch,Pembukaan Rekening Perorangan,Perorangan WNI,High,81,Bukan PEP,Clear / Bersih,Match Terverifikasi,Tidak Berlaku,Lengkap & Valid,Dilakukan & Memadai,Approved,Tanpa Otorisasi Senior,Ya (Anomali),4,3,Pelanggaran Wewenang: Nasabah High Risk Disetujui Tanpa Otorisasi Pejabat Senior AML
KYC-0762,Head Office,Pembukaan Rekening Korporasi,Korporasi / Badan Usaha,High,78,Bukan PEP,Clear / Bersih,Match Terverifikasi,Terverifikasi Sah,Lengkap & Valid,Dilakukan & Memadai,Approved,Disetujui Pejabat Berwenang,Tidak,1,1,-
KYC-0763,Medan Branch,Update Data Nasabah,Perorangan WNI,Medium,51,Bukan PEP,Clear / Bersih,Match Terverifikasi,Tidak Berlaku,Lengkap & Valid,Tidak Diperlukan,Pending Review,Tidak Berlaku,Tidak,2,1,-
KYC-0764,Bandung Branch,Pengkinian Data Berkala,Perorangan WNI,Medium,48,Bukan PEP,Clear / Bersih,Match Terverifikasi,Tidak Berlaku,Lengkap & Valid,Tidak Diperlukan,Approved,Tidak Berlaku,Tidak,1,1,-
KYC-0765,Head Office,Pengkinian Data Berkala,Perorangan WNI,Low,33,Bukan PEP,Clear / Bersih,Match Terverifikasi,Tidak Berlaku,Lengkap & Valid,Tidak Diperlukan,Approved,Tidak Berlaku,Tidak,1,1,-
KYC-0766,Bandung Branch,Pembukaan Rekening Korporasi,Korporasi / Badan Usaha,High,82,Bukan PEP,Clear / Bersih,Match Terverifikasi,Terverifikasi Sah,Lengkap & Valid,Dilakukan & Memadai,Approved,Tanpa Otorisasi Senior,Ya (Anomali),4,3,Pelanggaran Wewenang: Nasabah High Risk Disetujui Tanpa Otorisasi Pejabat Senior AML
KYC-0767,Head Office,Pengkinian Data Berkala,WNA / Non-Resident,Low,24,Bukan PEP,Clear / Bersih,Match Terverifikasi,Tidak Berlaku,Lengkap & Valid,Tidak Diperlukan,Approved,Tidak Berlaku,Tidak,1,1,-
KYC-0768,Surabaya Branch,Update Data Nasabah,Perorangan WNI,Low,32,Bukan PEP,Clear / Bersih,Match Terverifikasi,Tidak Berlaku,Lengkap & Valid,Tidak Diperlukan,Approved,Tidak Berlaku,Tidak,1,1,-
KYC-0769,Surabaya Branch,Pengkinian Data Berkala,Perorangan WNI,Low,41,Bukan PEP,Clear / Bersih,Match Terverifikasi,Tidak Berlaku,Dokumen Kadaluarsa,Tidak Diperlukan,Approved,Tanpa Otorisasi Senior,Ya (Anomali),4,5,Pelanggaran Prosedur: Aktivitas Disetujui Padahal Status Dokumen Dokumen Kadaluarsa
KYC-0770,Medan Branch,Update Data Nasabah,Perorangan WNI,Low,34,Bukan PEP,Clear / Bersih,Match Terverifikasi,Tidak Berlaku,Lengkap & Valid,Tidak Diperlukan,Pending Review,Tidak Berlaku,Tidak,2,1,-
KYC-0771,Medan Branch,Pembukaan Rekening Perorangan,Perorangan WNI,Medium,63,Bukan PEP,Clear / Bersih,Gagal Biometrik,Tidak Berlaku,Tidak Lengkap,Tidak Diperlukan,Approved,Tanpa Otorisasi Senior,Ya (Anomali),5,4,Indikasi Pemalsuan Identitas: Disetujui Padahal Verifikasi Kependudukan / Biometrik Gagal Biometrik
KYC-0772,Jakarta Branch,Pengkinian Data Berkala,Perorangan WNI,Low,15,Bukan PEP,Clear / Bersih,Match Terverifikasi,Tidak Berlaku,Lengkap & Valid,Tidak Diperlukan,Approved,Tidak Berlaku,Tidak,1,1,-
KYC-0773,Head Office,Pembukaan Rekening Korporasi,Korporasi / Badan Usaha,Medium,39,Bukan PEP,Clear / Bersih,Match Terverifikasi,Terverifikasi Sah,Lengkap & Valid,Tidak Diperlukan,Pending Review,Tidak Berlaku,Tidak,2,1,-
KYC-0774,Surabaya Branch,Pembukaan Rekening Perorangan,Perorangan WNI,Medium,47,Bukan PEP,Clear / Bersih,Match Terverifikasi,Tidak Berlaku,Lengkap & Valid,Tidak Diperlukan,Approved,Tidak Berlaku,Tidak,2,1,-
KYC-0775,Medan Branch,Update Data Nasabah,Perorangan WNI,Low,31,Bukan PEP,Clear / Bersih,Match Terverifikasi,Tidak Berlaku,Dokumen Kadaluarsa,Tidak Diperlukan,Approved,Tanpa Otorisasi Senior,Ya (Anomali),4,5,Pelanggaran Prosedur: Aktivitas Disetujui Padahal Status Dokumen Dokumen Kadaluarsa
KYC-0776,Surabaya Branch,Pembukaan Rekening Perorangan,Perorangan WNI,Medium,50,Bukan PEP,Clear / Bersih,Match Terverifikasi,Tidak Berlaku,Tidak Lengkap,Tidak Diperlukan,Rejected,Tidak Berlaku,Tidak,1,1,-
KYC-0777,Medan Branch,Pembukaan Rekening Korporasi,Korporasi / Badan Usaha,High,76,Bukan PEP,Clear / Bersih,Match Terverifikasi,Terverifikasi Sah,Lengkap & Valid,Dilakukan & Memadai,Approved,Disetujui Pejabat Berwenang,Tidak,1,1,-
KYC-0778,Bandung Branch,Update Data Nasabah,Perorangan WNI,Low,26,Bukan PEP,Clear / Bersih,Match Terverifikasi,Tidak Berlaku,Lengkap & Valid,Tidak Diperlukan,Approved,Tidak Berlaku,Tidak,1,1,-
KYC-0779,Customer Onboarding Unit,Pengkinian Data Berkala,Perorangan WNI,Low,18,Bukan PEP,Clear / Bersih,Match Terverifikasi,Tidak Berlaku,Lengkap & Valid,Tidak Diperlukan,Approved,Tidak Berlaku,Tidak,1,1,-
KYC-0780,Bandung Branch,Update Data Nasabah,Perorangan WNI,Medium,60,Bukan PEP,Clear / Bersih,Match Terverifikasi,Tidak Berlaku,Lengkap & Valid,Tidak Diperlukan,Approved,Tidak Berlaku,Tidak,1,2,-
KYC-0781,Medan Branch,Pengkinian Data Berkala,WNA / Non-Resident,Low,27,Bukan PEP,Clear / Bersih,Match Terverifikasi,Tidak Berlaku,Lengkap & Valid,Tidak Diperlukan,Approved,Tidak Berlaku,Tidak,2,1,-
KYC-0782,Jakarta Branch,Pengkinian Data Berkala,Perorangan WNI,High,73,Bukan PEP,Clear / Bersih,Match Terverifikasi,Tidak Berlaku,Lengkap & Valid,Dilakukan & Memadai,Approved,Disetujui Pejabat Berwenang,Tidak,1,1,-
KYC-0783,Head Office,Pengkinian Data Berkala,Perorangan WNI,High,84,PEP Domestik,Clear / Bersih,Match Terverifikasi,Tidak Berlaku,Lengkap & Valid,Dilakukan & Memadai,Rejected,Disetujui Pejabat Berwenang,Tidak,2,1,-
KYC-0784,Bandung Branch,Pembukaan Rekening Korporasi,Korporasi / Badan Usaha,Medium,60,Bukan PEP,Clear / Bersih,Match Terverifikasi,Terverifikasi Sah,Lengkap & Valid,Tidak Diperlukan,Approved,Tidak Berlaku,Tidak,2,1,-
KYC-0785,Jakarta Branch,Update Data Nasabah,Perorangan WNI,High,83,Bukan PEP,Clear / Bersih,Match Terverifikasi,Tidak Berlaku,Lengkap & Valid,Dilakukan & Memadai,Approved,Disetujui Pejabat Berwenang,Tidak,2,1,-
KYC-0786,Customer Onboarding Unit,Update Data Nasabah,Perorangan WNI,Medium,42,Bukan PEP,Clear / Bersih,Match Terverifikasi,Tidak Berlaku,Lengkap & Valid,Tidak Diperlukan,Approved,Tidak Berlaku,Tidak,1,1,-
KYC-0787,Head Office,Pembukaan Rekening Perorangan,Perorangan WNI,Low,31,Bukan PEP,Clear / Bersih,Match Terverifikasi,Tidak Berlaku,Lengkap & Valid,Tidak Diperlukan,Approved,Tidak Berlaku,Tidak,1,2,-
KYC-0788,Jakarta Branch,Pembukaan Rekening Korporasi,Korporasi / Badan Usaha,Low,25,Bukan PEP,Clear / Bersih,Match Terverifikasi,Terverifikasi Sah,Lengkap & Valid,Tidak Diperlukan,Pending Review,Tidak Berlaku,Tidak,2,1,-
KYC-0789,Customer Onboarding Unit,Update Data Nasabah,Perorangan WNI,Low,11,Bukan PEP,Clear / Bersih,Match Terverifikasi,Tidak Berlaku,Lengkap & Valid,Tidak Diperlukan,Approved,Tidak Berlaku,Tidak,1,1,-
KYC-0790,Head Office,Pembukaan Rekening Perorangan,Perorangan WNI,Medium,54,Bukan PEP,Clear / Bersih,Match Terverifikasi,Tidak Berlaku,Lengkap & Valid,Tidak Diperlukan,Pending Review,Tidak Berlaku,Tidak,1,2,-
KYC-0791,Medan Branch,Pembukaan Rekening Korporasi,Korporasi / Badan Usaha,High,83,PEP Domestik,Clear / Bersih,Match Terverifikasi,Terverifikasi Sah,Lengkap & Valid,Dilakukan & Memadai,Approved,Disetujui Pejabat Berwenang,Tidak,1,1,-
KYC-0792,Jakarta Branch,Pengkinian Data Berkala,Perorangan WNI,High,91,Bukan PEP,Match Terindikasi,Match Terverifikasi,Tidak Berlaku,Lengkap & Valid,Dilakukan & Memadai,Approved,Tanpa Otorisasi Senior,Ya (Anomali),5,5,Pelanggaran Berat APU-PPT: Nasabah Terindikasi DTTOT / Daftar Sanksi Tetap Disetujui
KYC-0793,Customer Onboarding Unit,Pembukaan Rekening Perorangan,Perorangan WNI,Medium,52,Bukan PEP,Clear / Bersih,Match Terverifikasi,Tidak Berlaku,Tidak Lengkap,Tidak Diperlukan,Approved,Tanpa Otorisasi Senior,Ya (Anomali),4,4,Pelanggaran Prosedur: Aktivitas Disetujui Padahal Status Dokumen Tidak Lengkap
KYC-0794,Medan Branch,Pengkinian Data Berkala,Perorangan WNI,Medium,53,Bukan PEP,Clear / Bersih,Match Terverifikasi,Tidak Berlaku,Lengkap & Valid,Tidak Diperlukan,Pending Review,Tidak Berlaku,Tidak,1,1,-
KYC-0795,Customer Onboarding Unit,Pembukaan Rekening Korporasi,Korporasi / Badan Usaha,Low,16,Bukan PEP,Clear / Bersih,Match Terverifikasi,Terverifikasi Sah,Lengkap & Valid,Tidak Diperlukan,Approved,Tidak Berlaku,Tidak,1,1,-
KYC-0796,Jakarta Branch,Pengkinian Data Berkala,Perorangan WNI,Medium,47,Bukan PEP,Clear / Bersih,Match Terverifikasi,Tidak Berlaku,Lengkap & Valid,Tidak Diperlukan,Approved,Tidak Berlaku,Tidak,2,1,-
KYC-0797,Medan Branch,Pembukaan Rekening Korporasi,Korporasi / Badan Usaha,Medium,60,Bukan PEP,Clear / Bersih,Match Terverifikasi,Terverifikasi Sah,Lengkap & Valid,Tidak Diperlukan,Approved,Tidak Berlaku,Tidak,2,1,-
KYC-0798,Bandung Branch,Pembukaan Rekening Korporasi,Korporasi / Badan Usaha,High,93,PEP Domestik,Clear / Bersih,Match Terverifikasi,Terverifikasi Sah,Lengkap & Valid,Tanpa EDD / Dilewati,Approved,Tanpa Otorisasi Senior,Ya (Anomali),5,4,Pelanggaran Regulasi: Nasabah PEP / High Risk Disetujui Tanpa Pelaksanaan EDD yang Memadai
KYC-0799,Customer Onboarding Unit,Update Data Nasabah,Perorangan WNI,High,71,Bukan PEP,Clear / Bersih,Match Terverifikasi,Tidak Berlaku,Lengkap & Valid,Dilakukan & Memadai,Approved,Disetujui Pejabat Berwenang,Tidak,1,1,-
KYC-0800,Bandung Branch,Pembukaan Rekening Perorangan,Perorangan WNI,Low,21,Bukan PEP,Clear / Bersih,Match Terverifikasi,Tidak Berlaku,Tidak Lengkap,Tidak Diperlukan,Pending Review,Tidak Berlaku,Tidak,2,1,-
KYC-0801,Customer Onboarding Unit,Pembukaan Rekening Perorangan,WNA / Non-Resident,High,61,Bukan PEP,Clear / Bersih,Mismatch Data,Tidak Berlaku,Tidak Lengkap,Tidak Diperlukan,Approved,Tanpa Otorisasi Senior,Ya (Anomali),5,5,Indikasi Pemalsuan Identitas: Disetujui Padahal Verifikasi Kependudukan / Biometrik Mismatch Data
KYC-0802,Medan Branch,Update Data Nasabah,WNA / Non-Resident,Medium,44,Bukan PEP,Clear / Bersih,Match Terverifikasi,Tidak Berlaku,Lengkap & Valid,Tidak Diperlukan,Approved,Tidak Berlaku,Tidak,1,2,-
KYC-0803,Medan Branch,Pengkinian Data Berkala,Perorangan WNI,Low,30,Bukan PEP,Clear / Bersih,Match Terverifikasi,Tidak Berlaku,Lengkap & Valid,Tidak Diperlukan,Approved,Tidak Berlaku,Tidak,1,1,-
KYC-0804,Customer Onboarding Unit,Update Data Nasabah,Perorangan WNI,Medium,26,Bukan PEP,Clear / Bersih,Match Terverifikasi,Tidak Berlaku,Dokumen Kadaluarsa,Tidak Diperlukan,Approved,Tanpa Otorisasi Senior,Ya (Anomali),4,5,Pelanggaran Prosedur: Aktivitas Disetujui Padahal Status Dokumen Dokumen Kadaluarsa
KYC-0805,Surabaya Branch,Pembukaan Rekening Perorangan,Perorangan WNI,Low,10,Bukan PEP,Clear / Bersih,Match Terverifikasi,Tidak Berlaku,Lengkap & Valid,Tidak Diperlukan,Approved,Tidak Berlaku,Tidak,2,1,-
KYC-0806,Medan Branch,Pembukaan Rekening Perorangan,Perorangan WNI,Low,28,Bukan PEP,Clear / Bersih,Match Terverifikasi,Tidak Berlaku,Lengkap & Valid,Tidak Diperlukan,Approved,Tidak Berlaku,Tidak,2,1,-
KYC-0807,Medan Branch,Pengkinian Data Berkala,Perorangan WNI,Low,19,Bukan PEP,Clear / Bersih,Match Terverifikasi,Tidak Berlaku,Lengkap & Valid,Tidak Diperlukan,Approved,Tidak Berlaku,Tidak,1,1,-
KYC-0808,Jakarta Branch,Pengkinian Data Berkala,Perorangan WNI,Low,31,Bukan PEP,Clear / Bersih,Match Terverifikasi,Tidak Berlaku,Lengkap & Valid,Tidak Diperlukan,Approved,Tidak Berlaku,Tidak,2,1,-
KYC-0809,Jakarta Branch,Pembukaan Rekening Perorangan,Perorangan WNI,Medium,43,Bukan PEP,Clear / Bersih,Match Terverifikasi,Tidak Berlaku,Lengkap & Valid,Tidak Diperlukan,Pending Review,Tidak Berlaku,Tidak,1,2,-
KYC-0810,Bandung Branch,Update Data Nasabah,WNA / Non-Resident,Medium,41,Bukan PEP,Clear / Bersih,Match Terverifikasi,Tidak Berlaku,Lengkap & Valid,Tidak Diperlukan,Approved,Tidak Berlaku,Tidak,2,2,-
KYC-0811,Surabaya Branch,Update Data Nasabah,WNA / Non-Resident,High,68,PEP Domestik,Clear / Bersih,Match Terverifikasi,Tidak Berlaku,Lengkap & Valid,Dilakukan & Memadai,Rejected,Disetujui Pejabat Berwenang,Tidak,2,2,-
KYC-0812,Bandung Branch,Pengkinian Data Berkala,WNA / Non-Resident,Low,30,Bukan PEP,Clear / Bersih,Match Terverifikasi,Tidak Berlaku,Lengkap & Valid,Tidak Diperlukan,Approved,Tidak Berlaku,Tidak,1,2,-
KYC-0813,Bandung Branch,Update Data Nasabah,Perorangan WNI,High,71,PEP Domestik,Clear / Bersih,Match Terverifikasi,Tidak Berlaku,Lengkap & Valid,Dilakukan & Memadai,Pending Review,Disetujui Pejabat Berwenang,Tidak,2,1,-
KYC-0814,Medan Branch,Update Data Nasabah,WNA / Non-Resident,High,79,PEP Domestik,Clear / Bersih,Match Terverifikasi,Tidak Berlaku,Lengkap & Valid,Dilakukan & Memadai,Pending Review,Disetujui Pejabat Berwenang,Tidak,1,2,-
KYC-0815,Bandung Branch,Pembukaan Rekening Perorangan,Perorangan WNI,Low,12,Bukan PEP,Clear / Bersih,Match Terverifikasi,Tidak Berlaku,Lengkap & Valid,Tidak Diperlukan,Approved,Tidak Berlaku,Tidak,2,2,-
KYC-0816,Jakarta Branch,Pembukaan Rekening Perorangan,WNA / Non-Resident,Medium,36,Bukan PEP,Clear / Bersih,Match Terverifikasi,Tidak Berlaku,Lengkap & Valid,Tidak Diperlukan,Approved,Tidak Berlaku,Tidak,1,1,-
KYC-0817,Surabaya Branch,Pengkinian Data Berkala,Perorangan WNI,Low,29,Bukan PEP,Clear / Bersih,Match Terverifikasi,Tidak Berlaku,Tidak Lengkap,Tidak Diperlukan,Approved,Tanpa Otorisasi Senior,Ya (Anomali),4,4,Pelanggaran Prosedur: Aktivitas Disetujui Padahal Status Dokumen Tidak Lengkap
KYC-0818,Medan Branch,Pengkinian Data Berkala,Perorangan WNI,High,63,Bukan PEP,Clear / Bersih,Mismatch Data,Tidak Berlaku,Lengkap & Valid,Tidak Diperlukan,Approved,Tanpa Otorisasi Senior,Ya (Anomali),5,5,Indikasi Pemalsuan Identitas: Disetujui Padahal Verifikasi Kependudukan / Biometrik Mismatch Data
KYC-0819,Customer Onboarding Unit,Pembukaan Rekening Korporasi,Korporasi / Badan Usaha,Medium,55,Bukan PEP,Clear / Bersih,Match Terverifikasi,Terverifikasi Sah,Lengkap & Valid,Tidak Diperlukan,Approved,Tidak Berlaku,Tidak,1,2,-
KYC-0820,Jakarta Branch,Pembukaan Rekening Perorangan,WNA / Non-Resident,Low,22,Bukan PEP,Clear / Bersih,Match Terverifikasi,Tidak Berlaku,Lengkap & Valid,Tidak Diperlukan,Approved,Tidak Berlaku,Tidak,1,1,-
KYC-0821,Medan Branch,Pembukaan Rekening Korporasi,Korporasi / Badan Usaha,Low,20,Bukan PEP,Clear / Bersih,Match Terverifikasi,Terverifikasi Sah,Lengkap & Valid,Tidak Diperlukan,Approved,Tidak Berlaku,Tidak,2,1,-
KYC-0822,Medan Branch,Pengkinian Data Berkala,Perorangan WNI,Medium,46,Bukan PEP,Clear / Bersih,Match Terverifikasi,Tidak Berlaku,Lengkap & Valid,Tidak Diperlukan,Pending Review,Tidak Berlaku,Tidak,2,2,-
KYC-0823,Head Office,Pembukaan Rekening Perorangan,Perorangan WNI,Medium,52,Bukan PEP,Clear / Bersih,Match Terverifikasi,Tidak Berlaku,Lengkap & Valid,Tidak Diperlukan,Pending Review,Tidak Berlaku,Tidak,1,1,-
KYC-0824,Surabaya Branch,Update Data Nasabah,Perorangan WNI,Low,36,Bukan PEP,Clear / Bersih,Match Terverifikasi,Tidak Berlaku,Dokumen Kadaluarsa,Tidak Diperlukan,Approved,Tanpa Otorisasi Senior,Ya (Anomali),4,4,Pelanggaran Prosedur: Aktivitas Disetujui Padahal Status Dokumen Dokumen Kadaluarsa
KYC-0825,Surabaya Branch,Update Data Nasabah,Perorangan WNI,Medium,64,Bukan PEP,Clear / Bersih,Match Terverifikasi,Tidak Berlaku,Lengkap & Valid,Tidak Diperlukan,Approved,Tidak Berlaku,Tidak,2,1,-
KYC-0826,Medan Branch,Pembukaan Rekening Korporasi,Korporasi / Badan Usaha,High,90,Bukan PEP,Clear / Bersih,Match Terverifikasi,Tidak Diungkap / Fiktif,Lengkap & Valid,Tanpa EDD / Dilewati,Approved,Tanpa Otorisasi Senior,Ya (Anomali),5,5,Risiko Shell Company: Pembukaan Rekening Korporasi Disetujui Tanpa Pengungkapan Beneficial Owner (BO)
KYC-0827,Customer Onboarding Unit,Pembukaan Rekening Perorangan,Perorangan WNI,High,81,Bukan PEP,Clear / Bersih,Match Terverifikasi,Tidak Berlaku,Lengkap & Valid,Dilakukan & Memadai,Approved,Disetujui Pejabat Berwenang,Tidak,1,1,-
KYC-0828,Surabaya Branch,Pembukaan Rekening Korporasi,Korporasi / Badan Usaha,Medium,43,Bukan PEP,Clear / Bersih,Match Terverifikasi,Terverifikasi Sah,Lengkap & Valid,Tidak Diperlukan,Pending Review,Tidak Berlaku,Tidak,2,1,-
KYC-0829,Customer Onboarding Unit,Pengkinian Data Berkala,Perorangan WNI,Low,29,Bukan PEP,Clear / Bersih,Match Terverifikasi,Tidak Berlaku,Lengkap & Valid,Tidak Diperlukan,Approved,Tidak Berlaku,Tidak,1,1,-
KYC-0830,Jakarta Branch,Update Data Nasabah,Perorangan WNI,High,80,Bukan PEP,Clear / Bersih,Match Terverifikasi,Tidak Berlaku,Lengkap & Valid,Dilakukan & Memadai,Approved,Tanpa Otorisasi Senior,Ya (Anomali),4,3,Pelanggaran Wewenang: Nasabah High Risk Disetujui Tanpa Otorisasi Pejabat Senior AML
KYC-0831,Head Office,Update Data Nasabah,Perorangan WNI,High,89,PEP Asing,Match Terindikasi,Match Terverifikasi,Tidak Berlaku,Lengkap & Valid,Dilakukan & Memadai,Approved,Tanpa Otorisasi Senior,Ya (Anomali),5,5,Pelanggaran Berat APU-PPT: Nasabah Terindikasi DTTOT / Daftar Sanksi Tetap Disetujui
KYC-0832,Jakarta Branch,Pembukaan Rekening Korporasi,Korporasi / Badan Usaha,High,82,Bukan PEP,Clear / Bersih,Match Terverifikasi,Terverifikasi Sah,Lengkap & Valid,Dilakukan & Memadai,Approved,Tanpa Otorisasi Senior,Ya (Anomali),4,3,Pelanggaran Wewenang: Nasabah High Risk Disetujui Tanpa Otorisasi Pejabat Senior AML
KYC-0833,Jakarta Branch,Pembukaan Rekening Perorangan,Perorangan WNI,Medium,49,Bukan PEP,Clear / Bersih,Match Terverifikasi,Tidak Berlaku,Lengkap & Valid,Tidak Diperlukan,Approved,Tidak Berlaku,Tidak,1,1,-
KYC-0834,Head Office,Pembukaan Rekening Korporasi,Korporasi / Badan Usaha,Low,21,Bukan PEP,Clear / Bersih,Match Terverifikasi,Terverifikasi Sah,Lengkap & Valid,Tidak Diperlukan,Approved,Tidak Berlaku,Tidak,1,1,-
KYC-0835,Customer Onboarding Unit,Update Data Nasabah,Perorangan WNI,Low,23,Bukan PEP,Clear / Bersih,Match Terverifikasi,Tidak Berlaku,Lengkap & Valid,Tidak Diperlukan,Approved,Tidak Berlaku,Tidak,1,1,-
KYC-0836,Customer Onboarding Unit,Update Data Nasabah,Perorangan WNI,Low,16,Bukan PEP,Clear / Bersih,Match Terverifikasi,Tidak Berlaku,Lengkap & Valid,Tidak Diperlukan,Approved,Tidak Berlaku,Tidak,1,1,-
KYC-0837,Customer Onboarding Unit,Pembukaan Rekening Perorangan,Perorangan WNI,High,71,PEP Domestik,Clear / Bersih,Match Terverifikasi,Tidak Berlaku,Lengkap & Valid,Dilakukan & Memadai,Rejected,Disetujui Pejabat Berwenang,Tidak,2,1,-
KYC-0838,Surabaya Branch,Pembukaan Rekening Perorangan,WNA / Non-Resident,Low,10,Bukan PEP,Clear / Bersih,Match Terverifikasi,Tidak Berlaku,Lengkap & Valid,Tidak Diperlukan,Approved,Tidak Berlaku,Tidak,1,1,-
KYC-0839,Jakarta Branch,Update Data Nasabah,Perorangan WNI,Medium,51,Bukan PEP,Clear / Bersih,Match Terverifikasi,Tidak Berlaku,Lengkap & Valid,Tidak Diperlukan,Approved,Tidak Berlaku,Tidak,2,2,-
KYC-0840,Head Office,Pembukaan Rekening Perorangan,Perorangan WNI,Medium,42,Bukan PEP,Clear / Bersih,Match Terverifikasi,Tidak Berlaku,Lengkap & Valid,Tidak Diperlukan,Approved,Tidak Berlaku,Tidak,1,2,-
KYC-0841,Head Office,Pengkinian Data Berkala,WNA / Non-Resident,Low,31,Bukan PEP,Clear / Bersih,Match Terverifikasi,Tidak Berlaku,Lengkap & Valid,Tidak Diperlukan,Approved,Tidak Berlaku,Tidak,2,1,-
KYC-0842,Customer Onboarding Unit,Pembukaan Rekening Korporasi,Korporasi / Badan Usaha,High,75,Bukan PEP,Clear / Bersih,Match Terverifikasi,Tidak Diungkap / Fiktif,Lengkap & Valid,Tanpa EDD / Dilewati,Approved,Tanpa Otorisasi Senior,Ya (Anomali),5,5,Risiko Shell Company: Pembukaan Rekening Korporasi Disetujui Tanpa Pengungkapan Beneficial Owner (BO)
KYC-0843,Bandung Branch,Pembukaan Rekening Korporasi,Korporasi / Badan Usaha,High,82,Bukan PEP,Clear / Bersih,Match Terverifikasi,Terverifikasi Sah,Lengkap & Valid,Dilakukan & Memadai,Approved,Disetujui Pejabat Berwenang,Tidak,1,2,-
KYC-0844,Jakarta Branch,Pembukaan Rekening Perorangan,Perorangan WNI,Low,16,Bukan PEP,Clear / Bersih,Match Terverifikasi,Tidak Berlaku,Lengkap & Valid,Tidak Diperlukan,Pending Review,Tidak Berlaku,Tidak,1,1,-
KYC-0845,Surabaya Branch,Pengkinian Data Berkala,Perorangan WNI,High,73,PEP Domestik,Clear / Bersih,Match Terverifikasi,Tidak Berlaku,Lengkap & Valid,Dilakukan & Memadai,Approved,Tanpa Otorisasi Senior,Ya (Anomali),4,3,Pelanggaran Wewenang: Nasabah High Risk Disetujui Tanpa Otorisasi Pejabat Senior AML
KYC-0846,Jakarta Branch,Pembukaan Rekening Perorangan,Perorangan WNI,Medium,62,Bukan PEP,Clear / Bersih,Match Terverifikasi,Tidak Berlaku,Lengkap & Valid,Tidak Diperlukan,Approved,Tidak Berlaku,Tidak,1,1,-
KYC-0847,Medan Branch,Pembukaan Rekening Korporasi,Korporasi / Badan Usaha,Medium,54,Bukan PEP,Clear / Bersih,Match Terverifikasi,Terverifikasi Sah,Lengkap & Valid,Tidak Diperlukan,Approved,Tidak Berlaku,Tidak,1,1,-
KYC-0848,Customer Onboarding Unit,Pengkinian Data Berkala,Perorangan WNI,Low,27,Bukan PEP,Clear / Bersih,Match Terverifikasi,Tidak Berlaku,Lengkap & Valid,Tidak Diperlukan,Approved,Tidak Berlaku,Tidak,1,1,-
KYC-0849,Medan Branch,Update Data Nasabah,Perorangan WNI,Medium,37,Bukan PEP,Clear / Bersih,Match Terverifikasi,Tidak Berlaku,Lengkap & Valid,Tidak Diperlukan,Approved,Tidak Berlaku,Tidak,1,1,-
KYC-0850,Head Office,Pengkinian Data Berkala,Perorangan WNI,Low,13,Bukan PEP,Clear / Bersih,Match Terverifikasi,Tidak Berlaku,Lengkap & Valid,Tidak Diperlukan,Approved,Tidak Berlaku,Tidak,1,1,-
KYC-0851,Medan Branch,Pembukaan Rekening Perorangan,WNA / Non-Resident,Low,24,Bukan PEP,Clear / Bersih,Match Terverifikasi,Tidak Berlaku,Lengkap & Valid,Tidak Diperlukan,Approved,Tidak Berlaku,Tidak,2,1,-
KYC-0852,Bandung Branch,Pembukaan Rekening Korporasi,Korporasi / Badan Usaha,High,84,Bukan PEP,Clear / Bersih,Match Terverifikasi,Terverifikasi Sah,Lengkap & Valid,Dilakukan & Memadai,Rejected,Disetujui Pejabat Berwenang,Tidak,1,2,-
KYC-0853,Surabaya Branch,Pembukaan Rekening Perorangan,Perorangan WNI,Low,34,Bukan PEP,Clear / Bersih,Match Terverifikasi,Tidak Berlaku,Lengkap & Valid,Tidak Diperlukan,Approved,Tidak Berlaku,Tidak,2,1,-
KYC-0854,Bandung Branch,Update Data Nasabah,Perorangan WNI,Low,15,Bukan PEP,Clear / Bersih,Match Terverifikasi,Tidak Berlaku,Lengkap & Valid,Tidak Diperlukan,Approved,Tidak Berlaku,Tidak,1,2,-
KYC-0855,Bandung Branch,Update Data Nasabah,WNA / Non-Resident,Low,24,Bukan PEP,Clear / Bersih,Match Terverifikasi,Tidak Berlaku,Lengkap & Valid,Tidak Diperlukan,Approved,Tidak Berlaku,Tidak,2,1,-
KYC-0856,Jakarta Branch,Pembukaan Rekening Perorangan,Perorangan WNI,Low,25,Bukan PEP,Clear / Bersih,Match Terverifikasi,Tidak Berlaku,Lengkap & Valid,Tidak Diperlukan,Approved,Tidak Berlaku,Tidak,2,1,-
KYC-0857,Medan Branch,Pengkinian Data Berkala,Perorangan WNI,Medium,36,Bukan PEP,Clear / Bersih,Match Terverifikasi,Tidak Berlaku,Lengkap & Valid,Tidak Diperlukan,Approved,Tidak Berlaku,Tidak,1,1,-
KYC-0858,Jakarta Branch,Update Data Nasabah,Perorangan WNI,Low,14,Bukan PEP,Clear / Bersih,Match Terverifikasi,Tidak Berlaku,Lengkap & Valid,Tidak Diperlukan,Approved,Tidak Berlaku,Tidak,1,1,-
KYC-0859,Head Office,Update Data Nasabah,Perorangan WNI,High,76,Bukan PEP,Clear / Bersih,Match Terverifikasi,Tidak Berlaku,Lengkap & Valid,Dilakukan & Memadai,Approved,Disetujui Pejabat Berwenang,Tidak,1,2,-
KYC-0860,Jakarta Branch,Pembukaan Rekening Korporasi,Korporasi / Badan Usaha,Medium,59,Bukan PEP,Clear / Bersih,Match Terverifikasi,Terverifikasi Sah,Lengkap & Valid,Tidak Diperlukan,Approved,Tidak Berlaku,Tidak,1,1,-
KYC-0861,Customer Onboarding Unit,Pembukaan Rekening Perorangan,Perorangan WNI,Medium,45,Bukan PEP,Clear / Bersih,Match Terverifikasi,Tidak Berlaku,Lengkap & Valid,Tidak Diperlukan,Approved,Tidak Berlaku,Tidak,1,1,-
KYC-0862,Bandung Branch,Update Data Nasabah,Perorangan WNI,Medium,45,Bukan PEP,Clear / Bersih,Match Terverifikasi,Tidak Berlaku,Lengkap & Valid,Tidak Diperlukan,Approved,Tidak Berlaku,Tidak,1,1,-
KYC-0863,Jakarta Branch,Update Data Nasabah,Perorangan WNI,Low,21,Bukan PEP,Clear / Bersih,Match Terverifikasi,Tidak Berlaku,Lengkap & Valid,Tidak Diperlukan,Approved,Tidak Berlaku,Tidak,2,1,-
KYC-0864,Head Office,Update Data Nasabah,Perorangan WNI,Low,26,Bukan PEP,Clear / Bersih,Match Terverifikasi,Tidak Berlaku,Lengkap & Valid,Tidak Diperlukan,Pending Review,Tidak Berlaku,Tidak,1,2,-
KYC-0865,Bandung Branch,Pembukaan Rekening Korporasi,Korporasi / Badan Usaha,Medium,43,Bukan PEP,Clear / Bersih,Match Terverifikasi,Terverifikasi Sah,Lengkap & Valid,Tidak Diperlukan,Approved,Tidak Berlaku,Tidak,1,2,-
KYC-0866,Customer Onboarding Unit,Pembukaan Rekening Korporasi,Korporasi / Badan Usaha,Medium,54,Bukan PEP,Clear / Bersih,Match Terverifikasi,Terverifikasi Sah,Lengkap & Valid,Tidak Diperlukan,Approved,Tidak Berlaku,Tidak,1,1,-
KYC-0867,Medan Branch,Pengkinian Data Berkala,Perorangan WNI,Low,16,Bukan PEP,Clear / Bersih,Match Terverifikasi,Tidak Berlaku,Lengkap & Valid,Tidak Diperlukan,Approved,Tidak Berlaku,Tidak,2,2,-
KYC-0868,Medan Branch,Update Data Nasabah,Perorangan WNI,High,81,Bukan PEP,Clear / Bersih,Match Terverifikasi,Tidak Berlaku,Lengkap & Valid,Dilakukan & Memadai,Pending Review,Disetujui Pejabat Berwenang,Tidak,1,1,-
KYC-0869,Surabaya Branch,Update Data Nasabah,Perorangan WNI,High,78,Bukan PEP,Clear / Bersih,Match Terverifikasi,Tidak Berlaku,Lengkap & Valid,Dilakukan & Memadai,Pending Review,Disetujui Pejabat Berwenang,Tidak,1,2,-
KYC-0870,Medan Branch,Pengkinian Data Berkala,Perorangan WNI,Medium,61,Bukan PEP,Clear / Bersih,Match Terverifikasi,Tidak Berlaku,Lengkap & Valid,Tidak Diperlukan,Approved,Tidak Berlaku,Tidak,1,1,-
KYC-0871,Customer Onboarding Unit,Pembukaan Rekening Perorangan,Perorangan WNI,High,69,PEP Domestik,Clear / Bersih,Match Terverifikasi,Tidak Berlaku,Lengkap & Valid,Dilakukan & Memadai,Pending Review,Disetujui Pejabat Berwenang,Tidak,1,2,-
KYC-0872,Customer Onboarding Unit,Pengkinian Data Berkala,Perorangan WNI,Low,25,Bukan PEP,Clear / Bersih,Match Terverifikasi,Tidak Berlaku,Tidak Lengkap,Tidak Diperlukan,Rejected,Tidak Berlaku,Tidak,2,1,-
KYC-0873,Medan Branch,Pembukaan Rekening Perorangan,Perorangan WNI,High,74,Bukan PEP,Clear / Bersih,Match Terverifikasi,Tidak Berlaku,Lengkap & Valid,Dilakukan & Memadai,Pending Review,Disetujui Pejabat Berwenang,Tidak,1,1,-
KYC-0874,Head Office,Pengkinian Data Berkala,Perorangan WNI,Medium,49,Bukan PEP,Clear / Bersih,Match Terverifikasi,Tidak Berlaku,Lengkap & Valid,Tidak Diperlukan,Pending Review,Tidak Berlaku,Tidak,2,2,-
KYC-0875,Bandung Branch,Update Data Nasabah,Perorangan WNI,Medium,38,Bukan PEP,Clear / Bersih,Match Terverifikasi,Tidak Berlaku,Lengkap & Valid,Tidak Diperlukan,Approved,Tidak Berlaku,Tidak,2,1,-
KYC-0876,Head Office,Pembukaan Rekening Korporasi,Korporasi / Badan Usaha,Medium,51,Bukan PEP,Clear / Bersih,Match Terverifikasi,Terverifikasi Sah,Lengkap & Valid,Tidak Diperlukan,Approved,Tidak Berlaku,Tidak,1,1,-
KYC-0877,Jakarta Branch,Update Data Nasabah,Perorangan WNI,Medium,41,Bukan PEP,Clear / Bersih,Match Terverifikasi,Tidak Berlaku,Lengkap & Valid,Tidak Diperlukan,Approved,Tidak Berlaku,Tidak,1,1,-
KYC-0878,Jakarta Branch,Pengkinian Data Berkala,WNA / Non-Resident,Low,23,Bukan PEP,Clear / Bersih,Match Terverifikasi,Tidak Berlaku,Tidak Lengkap,Tidak Diperlukan,Pending Review,Tidak Berlaku,Tidak,2,1,-
KYC-0879,Customer Onboarding Unit,Pembukaan Rekening Korporasi,Korporasi / Badan Usaha,Low,28,Bukan PEP,Clear / Bersih,Match Terverifikasi,Terverifikasi Sah,Lengkap & Valid,Tidak Diperlukan,Pending Review,Tidak Berlaku,Tidak,1,2,-
KYC-0880,Jakarta Branch,Pembukaan Rekening Perorangan,Perorangan WNI,High,72,PEP Domestik,Clear / Bersih,Match Terverifikasi,Tidak Berlaku,Lengkap & Valid,Dilakukan & Memadai,Approved,Disetujui Pejabat Berwenang,Tidak,1,1,-
KYC-0881,Jakarta Branch,Pengkinian Data Berkala,WNA / Non-Resident,Low,31,Bukan PEP,Clear / Bersih,Match Terverifikasi,Tidak Berlaku,Tidak Lengkap,Tidak Diperlukan,Pending Review,Tidak Berlaku,Tidak,2,1,-
KYC-0882,Head Office,Update Data Nasabah,Perorangan WNI,High,69,Bukan PEP,Clear / Bersih,Match Terverifikasi,Tidak Berlaku,Lengkap & Valid,Dilakukan & Memadai,Rejected,Disetujui Pejabat Berwenang,Tidak,1,2,-
KYC-0883,Medan Branch,Update Data Nasabah,WNA / Non-Resident,Low,24,Bukan PEP,Clear / Bersih,Match Terverifikasi,Tidak Berlaku,Lengkap & Valid,Tidak Diperlukan,Approved,Tidak Berlaku,Tidak,1,2,-
KYC-0884,Head Office,Update Data Nasabah,WNA / Non-Resident,Low,19,Bukan PEP,Clear / Bersih,Match Terverifikasi,Tidak Berlaku,Lengkap & Valid,Tidak Diperlukan,Pending Review,Tidak Berlaku,Tidak,2,1,-
KYC-0885,Surabaya Branch,Pengkinian Data Berkala,Perorangan WNI,Medium,59,Bukan PEP,Clear / Bersih,Match Terverifikasi,Tidak Berlaku,Lengkap & Valid,Tidak Diperlukan,Approved,Tidak Berlaku,Tidak,2,2,-
KYC-0886,Head Office,Pengkinian Data Berkala,Perorangan WNI,Low,14,Bukan PEP,Clear / Bersih,Match Terverifikasi,Tidak Berlaku,Lengkap & Valid,Tidak Diperlukan,Approved,Tidak Berlaku,Tidak,1,2,-
KYC-0887,Medan Branch,Pengkinian Data Berkala,Perorangan WNI,Low,12,Bukan PEP,Clear / Bersih,Match Terverifikasi,Tidak Berlaku,Lengkap & Valid,Tidak Diperlukan,Pending Review,Tidak Berlaku,Tidak,1,2,-
KYC-0888,Jakarta Branch,Pembukaan Rekening Korporasi,Korporasi / Badan Usaha,Low,28,Bukan PEP,Clear / Bersih,Match Terverifikasi,Terverifikasi Sah,Lengkap & Valid,Tidak Diperlukan,Pending Review,Tidak Berlaku,Tidak,1,1,-
KYC-0889,Medan Branch,Pembukaan Rekening Perorangan,Perorangan WNI,High,74,PEP Domestik,Clear / Bersih,Match Terverifikasi,Tidak Berlaku,Lengkap & Valid,Dilakukan & Memadai,Pending Review,Disetujui Pejabat Berwenang,Tidak,1,1,-
KYC-0890,Surabaya Branch,Pembukaan Rekening Perorangan,Perorangan WNI,Medium,53,Bukan PEP,Clear / Bersih,Match Terverifikasi,Tidak Berlaku,Lengkap & Valid,Tidak Diperlukan,Approved,Tidak Berlaku,Tidak,1,1,-
KYC-0891,Surabaya Branch,Pembukaan Rekening Korporasi,Korporasi / Badan Usaha,Medium,59,Bukan PEP,Clear / Bersih,Match Terverifikasi,Terverifikasi Sah,Lengkap & Valid,Tidak Diperlukan,Approved,Tidak Berlaku,Tidak,1,1,-
KYC-0892,Surabaya Branch,Pengkinian Data Berkala,Perorangan WNI,High,75,Bukan PEP,Clear / Bersih,Match Terverifikasi,Tidak Berlaku,Lengkap & Valid,Dilakukan & Memadai,Approved,Disetujui Pejabat Berwenang,Tidak,1,1,-
KYC-0893,Bandung Branch,Update Data Nasabah,Perorangan WNI,Low,16,Bukan PEP,Clear / Bersih,Match Terverifikasi,Tidak Berlaku,Lengkap & Valid,Tidak Diperlukan,Pending Review,Tidak Berlaku,Tidak,2,1,-
KYC-0894,Medan Branch,Pembukaan Rekening Korporasi,Korporasi / Badan Usaha,Low,17,Bukan PEP,Clear / Bersih,Match Terverifikasi,Terverifikasi Sah,Lengkap & Valid,Tidak Diperlukan,Approved,Tidak Berlaku,Tidak,2,2,-
KYC-0895,Head Office,Pengkinian Data Berkala,WNA / Non-Resident,Low,16,Bukan PEP,Clear / Bersih,Match Terverifikasi,Tidak Berlaku,Lengkap & Valid,Tidak Diperlukan,Approved,Tidak Berlaku,Tidak,1,1,-
KYC-0896,Head Office,Pembukaan Rekening Perorangan,Perorangan WNI,Low,27,Bukan PEP,Clear / Bersih,Match Terverifikasi,Tidak Berlaku,Lengkap & Valid,Tidak Diperlukan,Approved,Tidak Berlaku,Tidak,1,2,-
KYC-0897,Medan Branch,Pembukaan Rekening Perorangan,Perorangan WNI,High,77,Bukan PEP,Clear / Bersih,Match Terverifikasi,Tidak Berlaku,Lengkap & Valid,Dilakukan & Memadai,Approved,Disetujui Pejabat Berwenang,Tidak,2,2,-
KYC-0898,Jakarta Branch,Pembukaan Rekening Korporasi,Korporasi / Badan Usaha,Low,35,Bukan PEP,Clear / Bersih,Match Terverifikasi,Terverifikasi Sah,Lengkap & Valid,Tidak Diperlukan,Approved,Tidak Berlaku,Tidak,1,1,-
KYC-0899,Head Office,Pembukaan Rekening Perorangan,WNA / Non-Resident,Low,20,Bukan PEP,Clear / Bersih,Match Terverifikasi,Tidak Berlaku,Lengkap & Valid,Tidak Diperlukan,Pending Review,Tidak Berlaku,Tidak,2,2,-
KYC-0900,Head Office,Update Data Nasabah,Perorangan WNI,High,84,Bukan PEP,Clear / Bersih,Match Terverifikasi,Tidak Berlaku,Lengkap & Valid,Dilakukan & Memadai,Approved,Tanpa Otorisasi Senior,Ya (Anomali),4,3,Pelanggaran Wewenang: Nasabah High Risk Disetujui Tanpa Otorisasi Pejabat Senior AML
KYC-0901,Customer Onboarding Unit,Pengkinian Data Berkala,Perorangan WNI,Low,35,Bukan PEP,Clear / Bersih,Match Terverifikasi,Tidak Berlaku,Lengkap & Valid,Tidak Diperlukan,Approved,Tidak Berlaku,Tidak,1,1,-
KYC-0902,Bandung Branch,Update Data Nasabah,Perorangan WNI,Low,24,Bukan PEP,Clear / Bersih,Match Terverifikasi,Tidak Berlaku,Lengkap & Valid,Tidak Diperlukan,Approved,Tidak Berlaku,Tidak,1,1,-
KYC-0903,Customer Onboarding Unit,Pembukaan Rekening Perorangan,Perorangan WNI,Low,27,Bukan PEP,Clear / Bersih,Match Terverifikasi,Tidak Berlaku,Lengkap & Valid,Tidak Diperlukan,Approved,Tidak Berlaku,Tidak,2,1,-
KYC-0904,Jakarta Branch,Pembukaan Rekening Korporasi,Korporasi / Badan Usaha,Low,31,Bukan PEP,Clear / Bersih,Match Terverifikasi,Terverifikasi Sah,Lengkap & Valid,Tidak Diperlukan,Approved,Tidak Berlaku,Tidak,1,2,-
KYC-0905,Customer Onboarding Unit,Pembukaan Rekening Perorangan,Perorangan WNI,Low,13,Bukan PEP,Clear / Bersih,Match Terverifikasi,Tidak Berlaku,Lengkap & Valid,Tidak Diperlukan,Approved,Tidak Berlaku,Tidak,1,1,-
KYC-0906,Surabaya Branch,Update Data Nasabah,Perorangan WNI,Low,17,Bukan PEP,Clear / Bersih,Match Terverifikasi,Tidak Berlaku,Lengkap & Valid,Tidak Diperlukan,Approved,Tidak Berlaku,Tidak,2,2,-
KYC-0907,Head Office,Pembukaan Rekening Perorangan,Perorangan WNI,High,72,PEP Domestik,Clear / Bersih,Match Terverifikasi,Tidak Berlaku,Lengkap & Valid,Dilakukan & Memadai,Approved,Disetujui Pejabat Berwenang,Tidak,1,2,-
KYC-0908,Jakarta Branch,Pengkinian Data Berkala,Perorangan WNI,Low,13,Bukan PEP,Clear / Bersih,Match Terverifikasi,Tidak Berlaku,Lengkap & Valid,Tidak Diperlukan,Approved,Tidak Berlaku,Tidak,2,1,-
KYC-0909,Head Office,Update Data Nasabah,WNA / Non-Resident,Low,23,Bukan PEP,Clear / Bersih,Match Terverifikasi,Tidak Berlaku,Lengkap & Valid,Tidak Diperlukan,Approved,Tidak Berlaku,Tidak,1,2,-
KYC-0910,Surabaya Branch,Update Data Nasabah,Perorangan WNI,Low,11,Bukan PEP,Clear / Bersih,Match Terverifikasi,Tidak Berlaku,Lengkap & Valid,Tidak Diperlukan,Approved,Tidak Berlaku,Tidak,1,1,-
KYC-0911,Bandung Branch,Update Data Nasabah,WNA / Non-Resident,Medium,40,Bukan PEP,Clear / Bersih,Match Terverifikasi,Tidak Berlaku,Lengkap & Valid,Tidak Diperlukan,Approved,Tidak Berlaku,Tidak,1,1,-
KYC-0912,Customer Onboarding Unit,Pembukaan Rekening Korporasi,Korporasi / Badan Usaha,Medium,83,Bukan PEP,Clear / Bersih,Gagal Biometrik,Terverifikasi Sah,Lengkap & Valid,Tidak Diperlukan,Approved,Tanpa Otorisasi Senior,Ya (Anomali),5,4,Indikasi Pemalsuan Identitas: Disetujui Padahal Verifikasi Kependudukan / Biometrik Gagal Biometrik
KYC-0913,Customer Onboarding Unit,Pengkinian Data Berkala,Perorangan WNI,Low,33,Bukan PEP,Clear / Bersih,Match Terverifikasi,Tidak Berlaku,Lengkap & Valid,Tidak Diperlukan,Pending Review,Tidak Berlaku,Tidak,2,1,-
KYC-0914,Head Office,Pembukaan Rekening Korporasi,Korporasi / Badan Usaha,Medium,56,Bukan PEP,Clear / Bersih,Match Terverifikasi,Terverifikasi Sah,Lengkap & Valid,Tidak Diperlukan,Approved,Tidak Berlaku,Tidak,2,2,-
KYC-0915,Medan Branch,Pembukaan Rekening Perorangan,Perorangan WNI,Medium,44,Bukan PEP,Clear / Bersih,Match Terverifikasi,Tidak Berlaku,Lengkap & Valid,Tidak Diperlukan,Approved,Tidak Berlaku,Tidak,2,1,-
KYC-0916,Surabaya Branch,Update Data Nasabah,Perorangan WNI,Low,27,Bukan PEP,Clear / Bersih,Match Terverifikasi,Tidak Berlaku,Tidak Lengkap,Tidak Diperlukan,Pending Review,Tidak Berlaku,Tidak,1,2,-
KYC-0917,Medan Branch,Pengkinian Data Berkala,WNA / Non-Resident,Low,33,Bukan PEP,Clear / Bersih,Match Terverifikasi,Tidak Berlaku,Lengkap & Valid,Tidak Diperlukan,Approved,Tidak Berlaku,Tidak,1,2,-
KYC-0918,Medan Branch,Pembukaan Rekening Korporasi,Korporasi / Badan Usaha,High,94,PEP Asing,Clear / Bersih,Match Terverifikasi,Terverifikasi Sah,Lengkap & Valid,Tanpa EDD / Dilewati,Approved,Tanpa Otorisasi Senior,Ya (Anomali),5,4,Pelanggaran Regulasi: Nasabah PEP / High Risk Disetujui Tanpa Pelaksanaan EDD yang Memadai
KYC-0919,Customer Onboarding Unit,Pengkinian Data Berkala,Perorangan WNI,Low,32,Bukan PEP,Clear / Bersih,Match Terverifikasi,Tidak Berlaku,Lengkap & Valid,Tidak Diperlukan,Approved,Tidak Berlaku,Tidak,1,1,-
KYC-0920,Head Office,Pembukaan Rekening Perorangan,Perorangan WNI,Medium,43,Bukan PEP,Clear / Bersih,Match Terverifikasi,Tidak Berlaku,Lengkap & Valid,Tidak Diperlukan,Approved,Tidak Berlaku,Tidak,1,1,-
KYC-0921,Medan Branch,Pembukaan Rekening Korporasi,Korporasi / Badan Usaha,Low,35,Bukan PEP,Clear / Bersih,Match Terverifikasi,Terverifikasi Sah,Lengkap & Valid,Tidak Diperlukan,Approved,Tidak Berlaku,Tidak,1,1,-
KYC-0922,Bandung Branch,Pengkinian Data Berkala,Perorangan WNI,Medium,36,Bukan PEP,Clear / Bersih,Match Terverifikasi,Tidak Berlaku,Tidak Lengkap,Tidak Diperlukan,Pending Review,Tidak Berlaku,Tidak,1,1,-
KYC-0923,Medan Branch,Pengkinian Data Berkala,Perorangan WNI,Medium,64,Bukan PEP,Clear / Bersih,Match Terverifikasi,Tidak Berlaku,Tidak Lengkap,Tidak Diperlukan,Rejected,Tidak Berlaku,Tidak,1,1,-
KYC-0924,Medan Branch,Pembukaan Rekening Perorangan,Perorangan WNI,Low,27,Bukan PEP,Clear / Bersih,Match Terverifikasi,Tidak Berlaku,Tidak Lengkap,Tidak Diperlukan,Pending Review,Tidak Berlaku,Tidak,2,2,-
KYC-0925,Medan Branch,Pembukaan Rekening Perorangan,Perorangan WNI,Medium,40,Bukan PEP,Clear / Bersih,Match Terverifikasi,Tidak Berlaku,Tidak Lengkap,Tidak Diperlukan,Approved,Tanpa Otorisasi Senior,Ya (Anomali),4,5,Pelanggaran Prosedur: Aktivitas Disetujui Padahal Status Dokumen Tidak Lengkap
KYC-0926,Surabaya Branch,Update Data Nasabah,Perorangan WNI,Medium,56,Bukan PEP,Clear / Bersih,Match Terverifikasi,Tidak Berlaku,Lengkap & Valid,Tidak Diperlukan,Approved,Tidak Berlaku,Tidak,2,1,-
KYC-0927,Medan Branch,Pembukaan Rekening Korporasi,Korporasi / Badan Usaha,Medium,53,Bukan PEP,Clear / Bersih,Match Terverifikasi,Terverifikasi Sah,Lengkap & Valid,Tidak Diperlukan,Approved,Tidak Berlaku,Tidak,1,1,-
KYC-0928,Jakarta Branch,Update Data Nasabah,Perorangan WNI,Medium,62,Bukan PEP,Clear / Bersih,Match Terverifikasi,Tidak Berlaku,Tidak Lengkap,Tidak Diperlukan,Rejected,Tidak Berlaku,Tidak,2,1,-
KYC-0929,Jakarta Branch,Pengkinian Data Berkala,Perorangan WNI,Medium,53,Bukan PEP,Clear / Bersih,Match Terverifikasi,Tidak Berlaku,Lengkap & Valid,Tidak Diperlukan,Approved,Tidak Berlaku,Tidak,2,1,-
KYC-0930,Surabaya Branch,Pengkinian Data Berkala,Perorangan WNI,Low,10,Bukan PEP,Clear / Bersih,Match Terverifikasi,Tidak Berlaku,Lengkap & Valid,Tidak Diperlukan,Approved,Tidak Berlaku,Tidak,2,2,-
KYC-0931,Head Office,Update Data Nasabah,Perorangan WNI,Medium,78,Bukan PEP,Clear / Bersih,Mismatch Data,Tidak Berlaku,Tidak Lengkap,Tidak Diperlukan,Approved,Tanpa Otorisasi Senior,Ya (Anomali),5,5,Indikasi Pemalsuan Identitas: Disetujui Padahal Verifikasi Kependudukan / Biometrik Mismatch Data
KYC-0932,Head Office,Pembukaan Rekening Korporasi,Korporasi / Badan Usaha,High,77,Bukan PEP,Clear / Bersih,Gagal Biometrik,Terverifikasi Sah,Tidak Lengkap,Tidak Diperlukan,Approved,Tanpa Otorisasi Senior,Ya (Anomali),5,5,Indikasi Pemalsuan Identitas: Disetujui Padahal Verifikasi Kependudukan / Biometrik Gagal Biometrik
KYC-0933,Bandung Branch,Pengkinian Data Berkala,Perorangan WNI,Low,25,Bukan PEP,Clear / Bersih,Match Terverifikasi,Tidak Berlaku,Lengkap & Valid,Tidak Diperlukan,Pending Review,Tidak Berlaku,Tidak,2,1,-
KYC-0934,Jakarta Branch,Pembukaan Rekening Perorangan,Perorangan WNI,High,80,Bukan PEP,Clear / Bersih,Match Terverifikasi,Tidak Berlaku,Lengkap & Valid,Dilakukan & Memadai,Approved,Disetujui Pejabat Berwenang,Tidak,2,1,-
KYC-0935,Bandung Branch,Pembukaan Rekening Korporasi,Korporasi / Badan Usaha,Medium,56,Bukan PEP,Clear / Bersih,Match Terverifikasi,Terverifikasi Sah,Lengkap & Valid,Tidak Diperlukan,Approved,Tidak Berlaku,Tidak,2,2,-
KYC-0936,Customer Onboarding Unit,Pengkinian Data Berkala,Perorangan WNI,Low,20,Bukan PEP,Clear / Bersih,Match Terverifikasi,Tidak Berlaku,Lengkap & Valid,Tidak Diperlukan,Approved,Tidak Berlaku,Tidak,1,1,-
KYC-0937,Surabaya Branch,Pengkinian Data Berkala,Perorangan WNI,Low,28,Bukan PEP,Clear / Bersih,Match Terverifikasi,Tidak Berlaku,Lengkap & Valid,Tidak Diperlukan,Approved,Tidak Berlaku,Tidak,2,2,-
KYC-0938,Head Office,Update Data Nasabah,WNA / Non-Resident,Medium,55,Bukan PEP,Clear / Bersih,Match Terverifikasi,Tidak Berlaku,Lengkap & Valid,Tidak Diperlukan,Pending Review,Tidak Berlaku,Tidak,2,1,-
KYC-0939,Head Office,Pengkinian Data Berkala,WNA / Non-Resident,High,68,Bukan PEP,Clear / Bersih,Match Terverifikasi,Tidak Berlaku,Lengkap & Valid,Dilakukan & Memadai,Rejected,Disetujui Pejabat Berwenang,Tidak,1,1,-
KYC-0940,Customer Onboarding Unit,Pengkinian Data Berkala,Perorangan WNI,High,70,PEP Domestik,Clear / Bersih,Match Terverifikasi,Tidak Berlaku,Lengkap & Valid,Dilakukan & Memadai,Pending Review,Disetujui Pejabat Berwenang,Tidak,2,1,-
KYC-0941,Surabaya Branch,Pembukaan Rekening Korporasi,Korporasi / Badan Usaha,Medium,65,Bukan PEP,Clear / Bersih,Match Terverifikasi,Terverifikasi Sah,Lengkap & Valid,Tidak Diperlukan,Approved,Tidak Berlaku,Tidak,1,1,-
KYC-0942,Medan Branch,Pengkinian Data Berkala,Perorangan WNI,Low,25,Bukan PEP,Clear / Bersih,Match Terverifikasi,Tidak Berlaku,Lengkap & Valid,Tidak Diperlukan,Approved,Tidak Berlaku,Tidak,1,2,-
KYC-0943,Jakarta Branch,Pengkinian Data Berkala,Perorangan WNI,Medium,63,Bukan PEP,Clear / Bersih,Match Terverifikasi,Tidak Berlaku,Lengkap & Valid,Tidak Diperlukan,Approved,Tidak Berlaku,Tidak,1,2,-
KYC-0944,Medan Branch,Pembukaan Rekening Perorangan,Perorangan WNI,Medium,49,Bukan PEP,Clear / Bersih,Match Terverifikasi,Tidak Berlaku,Lengkap & Valid,Tidak Diperlukan,Pending Review,Tidak Berlaku,Tidak,2,1,-
KYC-0945,Head Office,Pembukaan Rekening Perorangan,Perorangan WNI,High,70,PEP Domestik,Clear / Bersih,Match Terverifikasi,Tidak Berlaku,Lengkap & Valid,Dilakukan & Memadai,Rejected,Disetujui Pejabat Berwenang,Tidak,1,2,-
KYC-0946,Surabaya Branch,Pengkinian Data Berkala,Perorangan WNI,Low,12,Bukan PEP,Clear / Bersih,Match Terverifikasi,Tidak Berlaku,Lengkap & Valid,Tidak Diperlukan,Approved,Tidak Berlaku,Tidak,2,1,-
KYC-0947,Medan Branch,Pembukaan Rekening Perorangan,Perorangan WNI,Medium,46,Bukan PEP,Clear / Bersih,Match Terverifikasi,Tidak Berlaku,Lengkap & Valid,Tidak Diperlukan,Pending Review,Tidak Berlaku,Tidak,2,2,-
KYC-0948,Medan Branch,Pembukaan Rekening Korporasi,Korporasi / Badan Usaha,Medium,42,Bukan PEP,Clear / Bersih,Match Terverifikasi,Terverifikasi Sah,Lengkap & Valid,Tidak Diperlukan,Pending Review,Tidak Berlaku,Tidak,2,2,-
KYC-0949,Bandung Branch,Pembukaan Rekening Korporasi,Korporasi / Badan Usaha,Medium,38,Bukan PEP,Clear / Bersih,Match Terverifikasi,Terverifikasi Sah,Lengkap & Valid,Tidak Diperlukan,Approved,Tidak Berlaku,Tidak,2,1,-
KYC-0950,Bandung Branch,Pembukaan Rekening Korporasi,Korporasi / Badan Usaha,High,76,Bukan PEP,Clear / Bersih,Match Terverifikasi,Tidak Diungkap / Fiktif,Lengkap & Valid,Tanpa EDD / Dilewati,Approved,Tanpa Otorisasi Senior,Ya (Anomali),5,4,Risiko Shell Company: Pembukaan Rekening Korporasi Disetujui Tanpa Pengungkapan Beneficial Owner (BO)
KYC-0951,Customer Onboarding Unit,Pengkinian Data Berkala,Perorangan WNI,Medium,63,Bukan PEP,Clear / Bersih,Match Terverifikasi,Tidak Berlaku,Lengkap & Valid,Tidak Diperlukan,Approved,Tidak Berlaku,Tidak,1,1,-
KYC-0952,Jakarta Branch,Update Data Nasabah,WNA / Non-Resident,Low,10,Bukan PEP,Clear / Bersih,Match Terverifikasi,Tidak Berlaku,Lengkap & Valid,Tidak Diperlukan,Pending Review,Tidak Berlaku,Tidak,1,1,-
KYC-0953,Bandung Branch,Pengkinian Data Berkala,Perorangan WNI,Low,11,Bukan PEP,Clear / Bersih,Match Terverifikasi,Tidak Berlaku,Lengkap & Valid,Tidak Diperlukan,Approved,Tidak Berlaku,Tidak,2,1,-
KYC-0954,Jakarta Branch,Pengkinian Data Berkala,Perorangan WNI,Medium,56,Bukan PEP,Clear / Bersih,Match Terverifikasi,Tidak Berlaku,Lengkap & Valid,Tidak Diperlukan,Approved,Tidak Berlaku,Tidak,2,1,-
KYC-0955,Customer Onboarding Unit,Pembukaan Rekening Korporasi,Korporasi / Badan Usaha,High,84,Bukan PEP,Clear / Bersih,Match Terverifikasi,Terverifikasi Sah,Lengkap & Valid,Dilakukan & Memadai,Pending Review,Disetujui Pejabat Berwenang,Tidak,1,2,-
KYC-0956,Bandung Branch,Update Data Nasabah,WNA / Non-Resident,High,81,PEP Domestik,Clear / Bersih,Match Terverifikasi,Tidak Berlaku,Lengkap & Valid,Tanpa EDD / Dilewati,Approved,Tanpa Otorisasi Senior,Ya (Anomali),4,4,Pelanggaran Regulasi: Nasabah PEP / High Risk Disetujui Tanpa Pelaksanaan EDD yang Memadai
KYC-0957,Surabaya Branch,Pembukaan Rekening Korporasi,Korporasi / Badan Usaha,Low,12,Bukan PEP,Clear / Bersih,Match Terverifikasi,Terverifikasi Sah,Tidak Lengkap,Tidak Diperlukan,Rejected,Tidak Berlaku,Tidak,1,1,-
KYC-0958,Head Office,Pembukaan Rekening Korporasi,Korporasi / Badan Usaha,Medium,60,Bukan PEP,Clear / Bersih,Match Terverifikasi,Terverifikasi Sah,Lengkap & Valid,Tidak Diperlukan,Approved,Tidak Berlaku,Tidak,2,2,-
KYC-0959,Medan Branch,Pembukaan Rekening Korporasi,Korporasi / Badan Usaha,Low,28,Bukan PEP,Clear / Bersih,Match Terverifikasi,Terverifikasi Sah,Lengkap & Valid,Tidak Diperlukan,Pending Review,Tidak Berlaku,Tidak,1,1,-
KYC-0960,Customer Onboarding Unit,Pembukaan Rekening Perorangan,Perorangan WNI,Low,30,Bukan PEP,Clear / Bersih,Match Terverifikasi,Tidak Berlaku,Lengkap & Valid,Tidak Diperlukan,Pending Review,Tidak Berlaku,Tidak,2,1,-
KYC-0961,Head Office,Pembukaan Rekening Perorangan,Perorangan WNI,Medium,59,Bukan PEP,Clear / Bersih,Match Terverifikasi,Tidak Berlaku,Lengkap & Valid,Tidak Diperlukan,Approved,Tidak Berlaku,Tidak,1,1,-
KYC-0962,Customer Onboarding Unit,Pembukaan Rekening Korporasi,Korporasi / Badan Usaha,Low,17,Bukan PEP,Clear / Bersih,Match Terverifikasi,Terverifikasi Sah,Tidak Lengkap,Tidak Diperlukan,Pending Review,Tidak Berlaku,Tidak,1,1,-
KYC-0963,Surabaya Branch,Update Data Nasabah,WNA / Non-Resident,High,61,Bukan PEP,Clear / Bersih,Mismatch Data,Tidak Berlaku,Tidak Lengkap,Tidak Diperlukan,Approved,Tanpa Otorisasi Senior,Ya (Anomali),5,5,Indikasi Pemalsuan Identitas: Disetujui Padahal Verifikasi Kependudukan / Biometrik Mismatch Data
KYC-0964,Customer Onboarding Unit,Update Data Nasabah,Perorangan WNI,Medium,53,Bukan PEP,Clear / Bersih,Match Terverifikasi,Tidak Berlaku,Tidak Lengkap,Tidak Diperlukan,Rejected,Tidak Berlaku,Tidak,1,1,-
KYC-0965,Jakarta Branch,Update Data Nasabah,Perorangan WNI,Medium,42,Bukan PEP,Clear / Bersih,Match Terverifikasi,Tidak Berlaku,Lengkap & Valid,Tidak Diperlukan,Approved,Tidak Berlaku,Tidak,1,2,-
KYC-0966,Medan Branch,Pembukaan Rekening Perorangan,Perorangan WNI,Low,14,Bukan PEP,Clear / Bersih,Match Terverifikasi,Tidak Berlaku,Lengkap & Valid,Tidak Diperlukan,Approved,Tidak Berlaku,Tidak,2,1,-
KYC-0967,Bandung Branch,Pembukaan Rekening Perorangan,Perorangan WNI,Low,20,Bukan PEP,Clear / Bersih,Match Terverifikasi,Tidak Berlaku,Lengkap & Valid,Tidak Diperlukan,Pending Review,Tidak Berlaku,Tidak,1,2,-
KYC-0968,Customer Onboarding Unit,Pembukaan Rekening Korporasi,Korporasi / Badan Usaha,Low,10,Bukan PEP,Clear / Bersih,Match Terverifikasi,Terverifikasi Sah,Lengkap & Valid,Tidak Diperlukan,Approved,Tidak Berlaku,Tidak,1,2,-
KYC-0969,Surabaya Branch,Pengkinian Data Berkala,Perorangan WNI,Low,22,Bukan PEP,Clear / Bersih,Match Terverifikasi,Tidak Berlaku,Lengkap & Valid,Tidak Diperlukan,Approved,Tidak Berlaku,Tidak,2,1,-
KYC-0970,Head Office,Update Data Nasabah,Perorangan WNI,Low,35,Bukan PEP,Clear / Bersih,Match Terverifikasi,Tidak Berlaku,Lengkap & Valid,Tidak Diperlukan,Approved,Tidak Berlaku,Tidak,2,1,-
KYC-0971,Jakarta Branch,Pembukaan Rekening Korporasi,Korporasi / Badan Usaha,High,78,PEP Domestik,Clear / Bersih,Match Terverifikasi,Terverifikasi Sah,Lengkap & Valid,Dilakukan & Memadai,Approved,Disetujui Pejabat Berwenang,Tidak,2,1,-
KYC-0972,Surabaya Branch,Pengkinian Data Berkala,Perorangan WNI,Low,32,Bukan PEP,Clear / Bersih,Match Terverifikasi,Tidak Berlaku,Lengkap & Valid,Tidak Diperlukan,Approved,Tidak Berlaku,Tidak,1,1,-
KYC-0973,Surabaya Branch,Pengkinian Data Berkala,WNA / Non-Resident,Low,22,Bukan PEP,Clear / Bersih,Match Terverifikasi,Tidak Berlaku,Lengkap & Valid,Tidak Diperlukan,Approved,Tidak Berlaku,Tidak,1,1,-
KYC-0974,Jakarta Branch,Pembukaan Rekening Perorangan,Perorangan WNI,Low,16,Bukan PEP,Clear / Bersih,Match Terverifikasi,Tidak Berlaku,Tidak Lengkap,Tidak Diperlukan,Rejected,Tidak Berlaku,Tidak,2,1,-
KYC-0975,Bandung Branch,Pembukaan Rekening Korporasi,Korporasi / Badan Usaha,Medium,47,Bukan PEP,Clear / Bersih,Match Terverifikasi,Terverifikasi Sah,Lengkap & Valid,Tidak Diperlukan,Approved,Tidak Berlaku,Tidak,1,1,-
KYC-0976,Surabaya Branch,Pengkinian Data Berkala,Perorangan WNI,Low,27,Bukan PEP,Clear / Bersih,Match Terverifikasi,Tidak Berlaku,Lengkap & Valid,Tidak Diperlukan,Approved,Tidak Berlaku,Tidak,1,2,-
KYC-0977,Head Office,Pengkinian Data Berkala,Perorangan WNI,High,73,Bukan PEP,Clear / Bersih,Match Terverifikasi,Tidak Berlaku,Lengkap & Valid,Dilakukan & Memadai,Approved,Disetujui Pejabat Berwenang,Tidak,2,2,-
KYC-0978,Jakarta Branch,Pengkinian Data Berkala,Perorangan WNI,High,70,Bukan PEP,Clear / Bersih,Match Terverifikasi,Tidak Berlaku,Lengkap & Valid,Dilakukan & Memadai,Pending Review,Disetujui Pejabat Berwenang,Tidak,1,1,-
KYC-0979,Head Office,Pembukaan Rekening Perorangan,Perorangan WNI,High,82,PEP Asing,Clear / Bersih,Match Terverifikasi,Tidak Berlaku,Lengkap & Valid,Tanpa EDD / Dilewati,Approved,Tanpa Otorisasi Senior,Ya (Anomali),4,4,Pelanggaran Regulasi: Nasabah PEP / High Risk Disetujui Tanpa Pelaksanaan EDD yang Memadai
KYC-0980,Customer Onboarding Unit,Pembukaan Rekening Korporasi,Korporasi / Badan Usaha,High,80,Bukan PEP,Clear / Bersih,Match Terverifikasi,Tidak Diungkap / Fiktif,Lengkap & Valid,Tanpa EDD / Dilewati,Approved,Tanpa Otorisasi Senior,Ya (Anomali),5,4,Risiko Shell Company: Pembukaan Rekening Korporasi Disetujui Tanpa Pengungkapan Beneficial Owner (BO)
KYC-0981,Medan Branch,Pengkinian Data Berkala,Perorangan WNI,Low,13,Bukan PEP,Clear / Bersih,Match Terverifikasi,Tidak Berlaku,Lengkap & Valid,Tidak Diperlukan,Approved,Tidak Berlaku,Tidak,1,1,-
KYC-0982,Medan Branch,Update Data Nasabah,WNA / Non-Resident,Medium,47,Bukan PEP,Clear / Bersih,Match Terverifikasi,Tidak Berlaku,Lengkap & Valid,Tidak Diperlukan,Pending Review,Tidak Berlaku,Tidak,1,2,-
KYC-0983,Jakarta Branch,Pengkinian Data Berkala,Perorangan WNI,Low,16,Bukan PEP,Clear / Bersih,Match Terverifikasi,Tidak Berlaku,Lengkap & Valid,Tidak Diperlukan,Approved,Tidak Berlaku,Tidak,1,1,-
KYC-0984,Bandung Branch,Pembukaan Rekening Korporasi,Korporasi / Badan Usaha,Medium,61,Bukan PEP,Clear / Bersih,Match Terverifikasi,Terverifikasi Sah,Lengkap & Valid,Tidak Diperlukan,Approved,Tidak Berlaku,Tidak,2,1,-
KYC-0985,Jakarta Branch,Pembukaan Rekening Perorangan,Perorangan WNI,Medium,40,Bukan PEP,Clear / Bersih,Match Terverifikasi,Tidak Berlaku,Tidak Lengkap,Tidak Diperlukan,Pending Review,Tidak Berlaku,Tidak,1,1,-
KYC-0986,Customer Onboarding Unit,Update Data Nasabah,Perorangan WNI,Low,20,Bukan PEP,Clear / Bersih,Match Terverifikasi,Tidak Berlaku,Lengkap & Valid,Tidak Diperlukan,Approved,Tidak Berlaku,Tidak,1,1,-
KYC-0987,Jakarta Branch,Pembukaan Rekening Perorangan,Perorangan WNI,Low,17,Bukan PEP,Clear / Bersih,Match Terverifikasi,Tidak Berlaku,Tidak Lengkap,Tidak Diperlukan,Rejected,Tidak Berlaku,Tidak,2,1,-
KYC-0988,Jakarta Branch,Update Data Nasabah,Perorangan WNI,Low,18,Bukan PEP,Clear / Bersih,Match Terverifikasi,Tidak Berlaku,Tidak Lengkap,Tidak Diperlukan,Rejected,Tidak Berlaku,Tidak,1,1,-
KYC-0989,Customer Onboarding Unit,Update Data Nasabah,Perorangan WNI,Medium,59,Bukan PEP,Clear / Bersih,Match Terverifikasi,Tidak Berlaku,Lengkap & Valid,Tidak Diperlukan,Approved,Tidak Berlaku,Tidak,1,2,-
KYC-0990,Head Office,Pembukaan Rekening Perorangan,Perorangan WNI,Low,20,Bukan PEP,Clear / Bersih,Match Terverifikasi,Tidak Berlaku,Tidak Lengkap,Tidak Diperlukan,Rejected,Tidak Berlaku,Tidak,2,1,-
KYC-0991,Customer Onboarding Unit,Pembukaan Rekening Perorangan,Perorangan WNI,Medium,43,Bukan PEP,Clear / Bersih,Match Terverifikasi,Tidak Berlaku,Lengkap & Valid,Tidak Diperlukan,Approved,Tidak Berlaku,Tidak,1,1,-
KYC-0992,Jakarta Branch,Pengkinian Data Berkala,Perorangan WNI,Medium,33,Bukan PEP,Clear / Bersih,Match Terverifikasi,Tidak Berlaku,Tidak Lengkap,Tidak Diperlukan,Approved,Tanpa Otorisasi Senior,Ya (Anomali),4,4,Pelanggaran Prosedur: Aktivitas Disetujui Padahal Status Dokumen Tidak Lengkap
KYC-0993,Head Office,Pengkinian Data Berkala,Perorangan WNI,Medium,48,Bukan PEP,Clear / Bersih,Match Terverifikasi,Tidak Berlaku,Lengkap & Valid,Tidak Diperlukan,Approved,Tidak Berlaku,Tidak,1,1,-
KYC-0994,Jakarta Branch,Update Data Nasabah,Perorangan WNI,Low,27,Bukan PEP,Clear / Bersih,Match Terverifikasi,Tidak Berlaku,Lengkap & Valid,Tidak Diperlukan,Approved,Tidak Berlaku,Tidak,2,1,-
KYC-0995,Surabaya Branch,Pengkinian Data Berkala,Perorangan WNI,Low,16,Bukan PEP,Clear / Bersih,Match Terverifikasi,Tidak Berlaku,Lengkap & Valid,Tidak Diperlukan,Approved,Tidak Berlaku,Tidak,1,1,-
KYC-0996,Jakarta Branch,Pengkinian Data Berkala,Perorangan WNI,Low,10,Bukan PEP,Clear / Bersih,Match Terverifikasi,Tidak Berlaku,Lengkap & Valid,Tidak Diperlukan,Approved,Tidak Berlaku,Tidak,2,1,-
KYC-0997,Surabaya Branch,Pembukaan Rekening Korporasi,Korporasi / Badan Usaha,Medium,37,Bukan PEP,Clear / Bersih,Match Terverifikasi,Terverifikasi Sah,Lengkap & Valid,Tidak Diperlukan,Pending Review,Tidak Berlaku,Tidak,2,1,-
KYC-0998,Surabaya Branch,Pengkinian Data Berkala,Perorangan WNI,High,98,PEP Asing,Match Terindikasi,Match Terverifikasi,Tidak Berlaku,Lengkap & Valid,Dilakukan & Memadai,Approved,Tanpa Otorisasi Senior,Ya (Anomali),5,5,Pelanggaran Berat APU-PPT: Nasabah Terindikasi DTTOT / Daftar Sanksi Tetap Disetujui
KYC-0999,Customer Onboarding Unit,Pembukaan Rekening Korporasi,Korporasi / Badan Usaha,Medium,87,Bukan PEP,Clear / Bersih,Gagal Biometrik,Terverifikasi Sah,Tidak Lengkap,Tidak Diperlukan,Approved,Tanpa Otorisasi Senior,Ya (Anomali),5,4,Indikasi Pemalsuan Identitas: Disetujui Padahal Verifikasi Kependudukan / Biometrik Gagal Biometrik
KYC-1000,Bandung Branch,Pengkinian Data Berkala,Perorangan WNI,High,73,Bukan PEP,Clear / Bersih,Match Terverifikasi,Tidak Berlaku,Lengkap & Valid,Dilakukan & Memadai,Rejected,Disetujui Pejabat Berwenang,Tidak,2,2,-
KYC-1001,Medan Branch,Pembukaan Rekening Perorangan,Perorangan WNI,Low,18,Bukan PEP,Clear / Bersih,Match Terverifikasi,Tidak Berlaku,Lengkap & Valid,Tidak Diperlukan,Pending Review,Tidak Berlaku,Tidak,2,2,-
KYC-1002,Bandung Branch,Pembukaan Rekening Perorangan,Perorangan WNI,Medium,44,Bukan PEP,Clear / Bersih,Match Terverifikasi,Tidak Berlaku,Tidak Lengkap,Tidak Diperlukan,Rejected,Tidak Berlaku,Tidak,2,1,-
KYC-1003,Jakarta Branch,Pembukaan Rekening Perorangan,Perorangan WNI,Medium,45,Bukan PEP,Clear / Bersih,Match Terverifikasi,Tidak Berlaku,Lengkap & Valid,Tidak Diperlukan,Approved,Tidak Berlaku,Tidak,1,1,-
KYC-1004,Jakarta Branch,Pembukaan Rekening Korporasi,Korporasi / Badan Usaha,High,79,Bukan PEP,Clear / Bersih,Match Terverifikasi,Tidak Diungkap / Fiktif,Lengkap & Valid,Tanpa EDD / Dilewati,Approved,Tanpa Otorisasi Senior,Ya (Anomali),5,4,Risiko Shell Company: Pembukaan Rekening Korporasi Disetujui Tanpa Pengungkapan Beneficial Owner (BO)
KYC-1005,Surabaya Branch,Pembukaan Rekening Korporasi,Korporasi / Badan Usaha,Low,18,Bukan PEP,Clear / Bersih,Match Terverifikasi,Terverifikasi Sah,Lengkap & Valid,Tidak Diperlukan,Approved,Tidak Berlaku,Tidak,2,2,-
KYC-1006,Head Office,Pembukaan Rekening Korporasi,Korporasi / Badan Usaha,Medium,52,Bukan PEP,Clear / Bersih,Match Terverifikasi,Terverifikasi Sah,Lengkap & Valid,Tidak Diperlukan,Approved,Tidak Berlaku,Tidak,1,1,-
KYC-1007,Surabaya Branch,Pembukaan Rekening Korporasi,Korporasi / Badan Usaha,Low,31,Bukan PEP,Clear / Bersih,Match Terverifikasi,Terverifikasi Sah,Lengkap & Valid,Tidak Diperlukan,Approved,Tidak Berlaku,Tidak,1,1,-
KYC-1008,Head Office,Pembukaan Rekening Perorangan,Perorangan WNI,Low,25,Bukan PEP,Clear / Bersih,Match Terverifikasi,Tidak Berlaku,Lengkap & Valid,Tidak Diperlukan,Approved,Tidak Berlaku,Tidak,1,1,-
KYC-1009,Head Office,Pembukaan Rekening Korporasi,Korporasi / Badan Usaha,Medium,48,Bukan PEP,Clear / Bersih,Match Terverifikasi,Terverifikasi Sah,Lengkap & Valid,Tidak Diperlukan,Approved,Tidak Berlaku,Tidak,1,2,-
KYC-1010,Bandung Branch,Pembukaan Rekening Perorangan,Perorangan WNI,Medium,65,Bukan PEP,Clear / Bersih,Match Terverifikasi,Tidak Berlaku,Lengkap & Valid,Tidak Diperlukan,Pending Review,Tidak Berlaku,Tidak,2,2,-
KYC-1011,Jakarta Branch,Pembukaan Rekening Korporasi,Korporasi / Badan Usaha,Low,29,Bukan PEP,Clear / Bersih,Match Terverifikasi,Terverifikasi Sah,Lengkap & Valid,Tidak Diperlukan,Approved,Tidak Berlaku,Tidak,1,1,-
KYC-1012,Medan Branch,Update Data Nasabah,Perorangan WNI,Low,27,Bukan PEP,Clear / Bersih,Match Terverifikasi,Tidak Berlaku,Lengkap & Valid,Tidak Diperlukan,Approved,Tidak Berlaku,Tidak,2,1,-
KYC-1013,Head Office,Pembukaan Rekening Perorangan,Perorangan WNI,Low,29,Bukan PEP,Clear / Bersih,Match Terverifikasi,Tidak Berlaku,Lengkap & Valid,Tidak Diperlukan,Approved,Tidak Berlaku,Tidak,1,1,-
KYC-1014,Bandung Branch,Pembukaan Rekening Perorangan,Perorangan WNI,Medium,55,Bukan PEP,Clear / Bersih,Match Terverifikasi,Tidak Berlaku,Lengkap & Valid,Tidak Diperlukan,Pending Review,Tidak Berlaku,Tidak,2,1,-
KYC-1015,Jakarta Branch,Pembukaan Rekening Perorangan,Perorangan WNI,Medium,70,Bukan PEP,Clear / Bersih,Mismatch Data,Tidak Berlaku,Tidak Lengkap,Tidak Diperlukan,Approved,Tanpa Otorisasi Senior,Ya (Anomali),5,5,Indikasi Pemalsuan Identitas: Disetujui Padahal Verifikasi Kependudukan / Biometrik Mismatch Data
KYC-1016,Medan Branch,Pembukaan Rekening Korporasi,Korporasi / Badan Usaha,Medium,57,Bukan PEP,Clear / Bersih,Match Terverifikasi,Terverifikasi Sah,Lengkap & Valid,Tidak Diperlukan,Approved,Tidak Berlaku,Tidak,1,1,-
KYC-1017,Head Office,Pembukaan Rekening Korporasi,Korporasi / Badan Usaha,Low,26,Bukan PEP,Clear / Bersih,Match Terverifikasi,Terverifikasi Sah,Lengkap & Valid,Tidak Diperlukan,Approved,Tidak Berlaku,Tidak,1,1,-
KYC-1018,Jakarta Branch,Pembukaan Rekening Perorangan,Perorangan WNI,Low,11,Bukan PEP,Clear / Bersih,Match Terverifikasi,Tidak Berlaku,Lengkap & Valid,Tidak Diperlukan,Approved,Tidak Berlaku,Tidak,2,1,-
KYC-1019,Customer Onboarding Unit,Pembukaan Rekening Perorangan,Perorangan WNI,Medium,42,Bukan PEP,Clear / Bersih,Match Terverifikasi,Tidak Berlaku,Lengkap & Valid,Tidak Diperlukan,Approved,Tidak Berlaku,Tidak,2,2,-
KYC-1020,Customer Onboarding Unit,Pembukaan Rekening Korporasi,Korporasi / Badan Usaha,High,71,PEP Asing,Clear / Bersih,Match Terverifikasi,Terverifikasi Sah,Lengkap & Valid,Tanpa EDD / Dilewati,Approved,Tanpa Otorisasi Senior,Ya (Anomali),4,4,Pelanggaran Regulasi: Nasabah PEP / High Risk Disetujui Tanpa Pelaksanaan EDD yang Memadai
KYC-1021,Jakarta Branch,Update Data Nasabah,WNA / Non-Resident,Low,32,Bukan PEP,Clear / Bersih,Match Terverifikasi,Tidak Berlaku,Lengkap & Valid,Tidak Diperlukan,Approved,Tidak Berlaku,Tidak,1,1,-
KYC-1022,Customer Onboarding Unit,Update Data Nasabah,Perorangan WNI,High,87,Bukan PEP,Match Terindikasi,Match Terverifikasi,Tidak Berlaku,Lengkap & Valid,Dilakukan & Memadai,Approved,Tanpa Otorisasi Senior,Ya (Anomali),5,5,Pelanggaran Berat APU-PPT: Nasabah Terindikasi DTTOT / Daftar Sanksi Tetap Disetujui
KYC-1023,Medan Branch,Pengkinian Data Berkala,Perorangan WNI,High,68,Bukan PEP,Clear / Bersih,Match Terverifikasi,Tidak Berlaku,Lengkap & Valid,Dilakukan & Memadai,Approved,Disetujui Pejabat Berwenang,Tidak,1,1,-
KYC-1024,Bandung Branch,Pengkinian Data Berkala,Perorangan WNI,Low,35,Bukan PEP,Clear / Bersih,Match Terverifikasi,Tidak Berlaku,Lengkap & Valid,Tidak Diperlukan,Approved,Tidak Berlaku,Tidak,1,1,-
KYC-1025,Head Office,Pembukaan Rekening Korporasi,Korporasi / Badan Usaha,Low,15,Bukan PEP,Clear / Bersih,Match Terverifikasi,Terverifikasi Sah,Lengkap & Valid,Tidak Diperlukan,Approved,Tidak Berlaku,Tidak,1,2,-
KYC-1026,Customer Onboarding Unit,Pembukaan Rekening Perorangan,Perorangan WNI,High,74,Bukan PEP,Clear / Bersih,Match Terverifikasi,Tidak Berlaku,Lengkap & Valid,Dilakukan & Memadai,Approved,Disetujui Pejabat Berwenang,Tidak,2,2,-
KYC-1027,Customer Onboarding Unit,Pengkinian Data Berkala,Perorangan WNI,Medium,51,Bukan PEP,Clear / Bersih,Match Terverifikasi,Tidak Berlaku,Lengkap & Valid,Tidak Diperlukan,Approved,Tidak Berlaku,Tidak,1,1,-
KYC-1028,Medan Branch,Pengkinian Data Berkala,Perorangan WNI,High,71,Bukan PEP,Clear / Bersih,Match Terverifikasi,Tidak Berlaku,Lengkap & Valid,Dilakukan & Memadai,Pending Review,Disetujui Pejabat Berwenang,Tidak,2,2,-
KYC-1029,Customer Onboarding Unit,Pembukaan Rekening Korporasi,Korporasi / Badan Usaha,Low,12,Bukan PEP,Clear / Bersih,Match Terverifikasi,Terverifikasi Sah,Lengkap & Valid,Tidak Diperlukan,Approved,Tidak Berlaku,Tidak,1,1,-
KYC-1030,Customer Onboarding Unit,Pembukaan Rekening Perorangan,WNA / Non-Resident,High,72,Bukan PEP,Clear / Bersih,Match Terverifikasi,Tidak Berlaku,Lengkap & Valid,Dilakukan & Memadai,Approved,Tanpa Otorisasi Senior,Ya (Anomali),4,3,Pelanggaran Wewenang: Nasabah High Risk Disetujui Tanpa Otorisasi Pejabat Senior AML
KYC-1031,Customer Onboarding Unit,Pembukaan Rekening Korporasi,Korporasi / Badan Usaha,Low,33,Bukan PEP,Clear / Bersih,Match Terverifikasi,Terverifikasi Sah,Lengkap & Valid,Tidak Diperlukan,Approved,Tidak Berlaku,Tidak,2,1,-
KYC-1032,Surabaya Branch,Pengkinian Data Berkala,Perorangan WNI,Medium,36,Bukan PEP,Clear / Bersih,Match Terverifikasi,Tidak Berlaku,Lengkap & Valid,Tidak Diperlukan,Approved,Tidak Berlaku,Tidak,1,1,-
KYC-1033,Medan Branch,Pembukaan Rekening Korporasi,Korporasi / Badan Usaha,Low,10,Bukan PEP,Clear / Bersih,Match Terverifikasi,Terverifikasi Sah,Lengkap & Valid,Tidak Diperlukan,Approved,Tidak Berlaku,Tidak,1,1,-
KYC-1034,Jakarta Branch,Pembukaan Rekening Korporasi,Korporasi / Badan Usaha,Low,24,Bukan PEP,Clear / Bersih,Match Terverifikasi,Terverifikasi Sah,Lengkap & Valid,Tidak Diperlukan,Approved,Tidak Berlaku,Tidak,1,2,-
KYC-1035,Customer Onboarding Unit,Pembukaan Rekening Korporasi,Korporasi / Badan Usaha,Medium,62,Bukan PEP,Clear / Bersih,Match Terverifikasi,Terverifikasi Sah,Lengkap & Valid,Tidak Diperlukan,Approved,Tidak Berlaku,Tidak,1,1,-
KYC-1036,Head Office,Pembukaan Rekening Korporasi,Korporasi / Badan Usaha,Low,30,Bukan PEP,Clear / Bersih,Match Terverifikasi,Terverifikasi Sah,Lengkap & Valid,Tidak Diperlukan,Pending Review,Tidak Berlaku,Tidak,2,1,-
KYC-1037,Bandung Branch,Pembukaan Rekening Korporasi,Korporasi / Badan Usaha,High,79,Bukan PEP,Clear / Bersih,Mismatch Data,Terverifikasi Sah,Lengkap & Valid,Tidak Diperlukan,Approved,Tanpa Otorisasi Senior,Ya (Anomali),5,4,Indikasi Pemalsuan Identitas: Disetujui Padahal Verifikasi Kependudukan / Biometrik Mismatch Data
KYC-1038,Jakarta Branch,Pembukaan Rekening Perorangan,Perorangan WNI,Medium,33,Bukan PEP,Clear / Bersih,Match Terverifikasi,Tidak Berlaku,Tidak Lengkap,Tidak Diperlukan,Approved,Tanpa Otorisasi Senior,Ya (Anomali),4,4,Pelanggaran Prosedur: Aktivitas Disetujui Padahal Status Dokumen Tidak Lengkap
KYC-1039,Jakarta Branch,Pembukaan Rekening Korporasi,Korporasi / Badan Usaha,High,83,PEP Domestik,Clear / Bersih,Match Terverifikasi,Terverifikasi Sah,Lengkap & Valid,Dilakukan & Memadai,Rejected,Disetujui Pejabat Berwenang,Tidak,2,1,-
KYC-1040,Surabaya Branch,Pembukaan Rekening Perorangan,Perorangan WNI,High,74,Bukan PEP,Clear / Bersih,Match Terverifikasi,Tidak Berlaku,Lengkap & Valid,Dilakukan & Memadai,Pending Review,Disetujui Pejabat Berwenang,Tidak,1,1,-
