ID Transaksi,Entitas,Produk,Nilai Plafon (Juta Rp),Bunga (%),Nilai Taksasi Agunan (Juta Rp),Rasio LTV (%),Status Dokumen,Kolektibilitas SLIK OJK (IDEB),Otorisasi Batas Kewenangan (BKMK),Kepatuhan Batas BMPK OJK,Status Penutupan Asuransi Agunan,Verifikasi Tujuan Penggunaan (Side-Streaming),TARGET: is_anomaly,TARGET: Impact (1-5),TARGET: Likelihood (1-5),Alasan Anomali
LEND-0001,Cabang Jakarta,Kredit Pemilikan Rumah (KPR),3669.59,8.87,5415.57,67.76,Lengkap & Terikat Sempurna,Kol 1 (Lancar),Sesuai Limit Wewenang Komite Kredit,Sesuai Batas BMPK (<10% Modal),Diasuransikan Penuh (All Risk),Sesuai Proposal Usaha,Tidak,1,2,-
LEND-0002,Cabang Jakarta,Kredit Investasi (KI),20451.29,9.08,29678.26,68.91,Lengkap & Terikat Sempurna,Kol 1 (Lancar),Sesuai Limit Wewenang Komite Kredit,Sesuai Batas BMPK (<10% Modal),Diasuransikan Penuh (All Risk),Sesuai Proposal Usaha,Tidak,1,1,-
LEND-0003,Cabang Medan,Kredit Modal Kerja (KMK),18347.97,10.11,27766.3,66.08,Lengkap & Terikat Sempurna,Kol 1 (Lancar),Sesuai Limit Wewenang Komite Kredit,Sesuai Batas BMPK (<10% Modal),Diasuransikan Penuh (All Risk),Sesuai Proposal Usaha,Tidak,2,2,-
LEND-0004,Cabang Surabaya,Kredit Pemilikan Rumah (KPR),2350.98,7.99,2906.75,80.88,Lengkap & Terikat Sempurna,Kol 1 (Lancar),Sesuai Limit Wewenang Komite Kredit,Sesuai Batas BMPK (<10% Modal),Diasuransikan Penuh (All Risk),Sesuai Proposal Usaha,Tidak,1,1,-
LEND-0005,Kantor Pusat,Kredit Investasi (KI),15409.73,9.44,23120.38,66.65,Lengkap & Terikat Sempurna,Kol 1 (Lancar),Sesuai Limit Wewenang Komite Kredit,Sesuai Batas BMPK (<10% Modal),Diasuransikan Penuh (All Risk),Sesuai Proposal Usaha,Tidak,1,1,-
LEND-0006,Kantor Pusat,Kredit Sindikasi Korporasi,66032.5,10.28,102598.66,64.36,Lengkap & Terikat Sempurna,Kol 1 (Lancar),Sesuai Limit Wewenang Komite Kredit,Sesuai Batas BMPK (<10% Modal),Diasuransikan Penuh (All Risk),Sesuai Proposal Usaha,Tidak,2,1,-
LEND-0007,Kantor Pusat,Kredit Investasi (KI),33075.68,9.65,48138.09,68.71,Lengkap & Terikat Sempurna,Kol 1 (Lancar),Sesuai Limit Wewenang Komite Kredit,Sesuai Batas BMPK (<10% Modal),Diasuransikan Penuh (All Risk),Sesuai Proposal Usaha,Tidak,1,1,-
LEND-0008,Cabang Bali,Kredit Investasi (KI),43708.6,4.74,78092.91,55.97,Lengkap & Terikat Sempurna,Kol 1 (Lancar),Sesuai Limit Wewenang Komite Kredit,Pelanggaran BMPK Pihak Terafiliasi,Diasuransikan Penuh (All Risk),Sesuai Proposal Usaha,Ya (Anomali),5,4,Pemberian bunga kredit murah ekstrem (4.74%) kepada pihak terafiliasi bank melanggar batas ketentuan BMPK OJK
LEND-0009,Cabang Bandung,Kredit Modal Kerja (KMK),28787.51,11.0,36357.05,79.18,Lengkap & Terikat Sempurna,Kol 1 (Lancar),Sesuai Limit Wewenang Komite Kredit,Sesuai Batas BMPK (<10% Modal),Diasuransikan Penuh (All Risk),Sesuai Proposal Usaha,Tidak,1,1,-
LEND-0010,Cabang Bandung,Kredit Modal Kerja (KMK),21567.8,11.82,25746.45,83.77,Lengkap & Terikat Sempurna,Kol 1 (Lancar),Sesuai Limit Wewenang Komite Kredit,Sesuai Batas BMPK (<10% Modal),Tanpa Asuransi Agunan (Risiko Tinggi),Indikasi Pengalihan Dana / Side-Streaming,Ya (Anomali),4,4,Indikasi penyimpangan penggunaan fasilitas kredit modal kerja (Side-Streaming) dan agunan tidak ditutup asuransi
LEND-0011,Kantor Pusat,Kredit Pemilikan Rumah (KPR),1565.11,7.98,1986.68,78.78,Lengkap & Terikat Sempurna,Kol 1 (Lancar),Sesuai Limit Wewenang Komite Kredit,Sesuai Batas BMPK (<10% Modal),Diasuransikan Penuh (All Risk),Sesuai Proposal Usaha,Tidak,1,1,-
LEND-0012,Kantor Pusat,Kredit Modal Kerja (KMK),1503.96,10.6,2499.1,60.18,Lengkap & Terikat Sempurna,Kol 1 (Lancar),Sesuai Limit Wewenang Komite Kredit,Sesuai Batas BMPK (<10% Modal),Diasuransikan Penuh (All Risk),Sesuai Proposal Usaha,Tidak,1,2,-
LEND-0013,Cabang Jakarta,Kredit Pemilikan Rumah (KPR),1644.28,8.77,2046.65,80.34,Lengkap & Terikat Sempurna,Kol 1 (Lancar),Sesuai Limit Wewenang Komite Kredit,Sesuai Batas BMPK (<10% Modal),Diasuransikan Penuh (All Risk),Sesuai Proposal Usaha,Tidak,1,2,-
LEND-0014,Cabang Bandung,Kredit Investasi (KI),23965.17,10.91,35057.3,68.36,Lengkap & Terikat Sempurna,Kol 1 (Lancar),Sesuai Limit Wewenang Komite Kredit,Sesuai Batas BMPK (<10% Modal),Diasuransikan Penuh (All Risk),Sesuai Proposal Usaha,Tidak,1,2,-
LEND-0015,Cabang Jakarta,Kredit Modal Kerja (KMK),24409.18,9.72,35151.47,69.44,Lengkap & Terikat Sempurna,Kol 1 (Lancar),Sesuai Limit Wewenang Komite Kredit,Sesuai Batas BMPK (<10% Modal),Diasuransikan Penuh (All Risk),Sesuai Proposal Usaha,Tidak,1,2,-
LEND-0016,Cabang Jakarta,Kredit Pemilikan Rumah (KPR),1633.51,7.84,1936.82,84.34,Lengkap & Terikat Sempurna,Kol 1 (Lancar),Sesuai Limit Wewenang Komite Kredit,Sesuai Batas BMPK (<10% Modal),Diasuransikan Penuh (All Risk),Sesuai Proposal Usaha,Tidak,2,2,-
LEND-0017,Cabang Surabaya,Kredit Multiguna (KMG),462.59,12.58,697.62,66.31,Lengkap & Terikat Sempurna,Kol 1 (Lancar),Sesuai Limit Wewenang Komite Kredit,Sesuai Batas BMPK (<10% Modal),Diasuransikan Penuh (All Risk),Sesuai Proposal Usaha,Tidak,1,1,-
LEND-0018,Cabang Bandung,Kredit Sindikasi Korporasi,52709.5,9.23,86394.85,61.01,Lengkap & Terikat Sempurna,Kol 1 (Lancar),Sesuai Limit Wewenang Komite Kredit,Sesuai Batas BMPK (<10% Modal),Diasuransikan Penuh (All Risk),Sesuai Proposal Usaha,Tidak,1,2,-
LEND-0019,Cabang Surabaya,Kredit Sindikasi Korporasi,44438.06,9.33,72268.76,61.49,Lengkap & Terikat Sempurna,Kol 1 (Lancar),Sesuai Limit Wewenang Komite Kredit,Sesuai Batas BMPK (<10% Modal),Diasuransikan Penuh (All Risk),Sesuai Proposal Usaha,Tidak,2,1,-
LEND-0020,Kantor Pusat,Kredit Pemilikan Rumah (KPR),4033.67,10.37,5955.51,67.73,Lengkap & Terikat Sempurna,Kol 1 (Lancar),Sesuai Limit Wewenang Komite Kredit,Sesuai Batas BMPK (<10% Modal),Diasuransikan Penuh (All Risk),Sesuai Proposal Usaha,Tidak,1,2,-
LEND-0021,Cabang Jakarta,Kredit Usaha Rakyat (KUR) / Mikro,453.43,6.16,781.51,58.02,Lengkap & Terikat Sempurna,Kol 1 (Lancar),Sesuai Limit Wewenang Komite Kredit,Sesuai Batas BMPK (<10% Modal),Diasuransikan Penuh (All Risk),Sesuai Proposal Usaha,Tidak,1,1,-
LEND-0022,Cabang Surabaya,Kredit Pemilikan Rumah (KPR),3802.06,10.13,5439.28,69.9,Lengkap & Terikat Sempurna,Kol 2 (Dalam Perhatian Khusus),Sesuai Limit Wewenang Komite Kredit,Sesuai Batas BMPK (<10% Modal),Diasuransikan Penuh (All Risk),Sesuai Proposal Usaha,Tidak,1,2,-
LEND-0023,Cabang Jakarta,Kredit Modal Kerja (KMK),10136.96,10.2,13199.17,76.8,Lengkap & Terikat Sempurna,Kol 1 (Lancar),Sesuai Limit Wewenang Komite Kredit,Sesuai Batas BMPK (<10% Modal),Diasuransikan Penuh (All Risk),Sesuai Proposal Usaha,Tidak,2,1,-
LEND-0024,Cabang Jakarta,Kredit Investasi (KI),41101.68,11.63,56528.24,72.71,Lengkap & Terikat Sempurna,Kol 1 (Lancar),Sesuai Limit Wewenang Komite Kredit,Sesuai Batas BMPK (<10% Modal),Diasuransikan Penuh (All Risk),Sesuai Proposal Usaha,Tidak,1,1,-
LEND-0025,Cabang Bali,Kredit Modal Kerja (KMK),36181.44,10.36,44696.03,80.95,Lengkap & Terikat Sempurna,Kol 1 (Lancar),Melampaui Limit Wewenang Cabang (BKMK Breach),Sesuai Batas BMPK (<10% Modal),Diasuransikan Penuh (All Risk),Sesuai Proposal Usaha,Ya (Anomali),5,4,Pencairan kredit bernilai Rp 36181.44 Juta melampaui batas kewenangan memutus kredit (BKMK) komite cabang tanpa persetujuan Kantor Pusat
LEND-0026,Cabang Bandung,Kredit Pemilikan Rumah (KPR),2062.98,9.6,2516.75,81.97,Lengkap & Terikat Sempurna,Kol 1 (Lancar),Sesuai Limit Wewenang Komite Kredit,Sesuai Batas BMPK (<10% Modal),Diasuransikan Penuh (All Risk),Sesuai Proposal Usaha,Tidak,1,1,-
LEND-0027,Cabang Jakarta,Kredit Modal Kerja (KMK),29488.27,11.51,41874.85,70.42,Lengkap & Terikat Sempurna,Kol 1 (Lancar),Sesuai Limit Wewenang Komite Kredit,Sesuai Batas BMPK (<10% Modal),Diasuransikan Penuh (All Risk),Sesuai Proposal Usaha,Tidak,1,1,-
LEND-0028,Cabang Jakarta,Kredit Modal Kerja (KMK),37561.4,9.77,48686.2,77.15,Lengkap & Terikat Sempurna,Kol 1 (Lancar),Melampaui Limit Wewenang Cabang (BKMK Breach),Sesuai Batas BMPK (<10% Modal),Diasuransikan Penuh (All Risk),Sesuai Proposal Usaha,Ya (Anomali),5,5,Pencairan kredit bernilai Rp 37561.4 Juta melampaui batas kewenangan memutus kredit (BKMK) komite cabang tanpa persetujuan Kantor Pusat
LEND-0029,Cabang Bali,Kredit Usaha Rakyat (KUR) / Mikro,313.22,6.1,479.44,65.33,Lengkap & Terikat Sempurna,Kol 1 (Lancar),Sesuai Limit Wewenang Komite Kredit,Sesuai Batas BMPK (<10% Modal),Diasuransikan Penuh (All Risk),Sesuai Proposal Usaha,Tidak,1,1,-
LEND-0030,Cabang Surabaya,Kredit Modal Kerja (KMK),26894.25,9.74,35777.9,75.17,Lengkap & Terikat Sempurna,Kol 1 (Lancar),Sesuai Limit Wewenang Komite Kredit,Sesuai Batas BMPK (<10% Modal),Diasuransikan Penuh (All Risk),Sesuai Proposal Usaha,Tidak,1,2,-
LEND-0031,Kantor Pusat,Kredit Usaha Rakyat (KUR) / Mikro,159.45,6.37,232.1,68.7,Lengkap & Terikat Sempurna,Kol 1 (Lancar),Sesuai Limit Wewenang Komite Kredit,Sesuai Batas BMPK (<10% Modal),Diasuransikan Penuh (All Risk),Sesuai Proposal Usaha,Tidak,1,1,-
LEND-0032,Cabang Surabaya,Kredit Modal Kerja (KMK),15940.62,10.24,25890.24,61.57,Lengkap & Terikat Sempurna,Kol 1 (Lancar),Sesuai Limit Wewenang Komite Kredit,Sesuai Batas BMPK (<10% Modal),Diasuransikan Penuh (All Risk),Sesuai Proposal Usaha,Tidak,2,1,-
LEND-0033,Cabang Surabaya,Kredit Multiguna (KMG),417.39,10.36,574.6,72.64,Lengkap & Terikat Sempurna,Kol 1 (Lancar),Sesuai Limit Wewenang Komite Kredit,Sesuai Batas BMPK (<10% Modal),Diasuransikan Penuh (All Risk),Sesuai Proposal Usaha,Tidak,2,1,-
LEND-0034,Cabang Bali,Kredit Modal Kerja (KMK),12929.42,11.87,16253.2,79.55,Lengkap & Terikat Sempurna,Kol 1 (Lancar),Sesuai Limit Wewenang Komite Kredit,Sesuai Batas BMPK (<10% Modal),Diasuransikan Penuh (All Risk),Sesuai Proposal Usaha,Tidak,1,2,-
LEND-0035,Cabang Surabaya,Kredit Modal Kerja (KMK),24571.86,11.55,31206.32,78.74,Lengkap & Terikat Sempurna,Kol 1 (Lancar),Sesuai Limit Wewenang Komite Kredit,Sesuai Batas BMPK (<10% Modal),Diasuransikan Penuh (All Risk),Sesuai Proposal Usaha,Tidak,1,1,-
LEND-0036,Kantor Pusat,Kredit Multiguna (KMG),1582.93,11.58,2386.45,66.33,Lengkap & Terikat Sempurna,Kol 2 (Dalam Perhatian Khusus),Sesuai Limit Wewenang Komite Kredit,Sesuai Batas BMPK (<10% Modal),Diasuransikan Penuh (All Risk),Sesuai Proposal Usaha,Tidak,2,2,-
LEND-0037,Cabang Jakarta,Kredit Pemilikan Rumah (KPR),2255.49,9.21,2781.81,81.08,Lengkap & Terikat Sempurna,Kol 1 (Lancar),Sesuai Limit Wewenang Komite Kredit,Sesuai Batas BMPK (<10% Modal),Diasuransikan Penuh (All Risk),Sesuai Proposal Usaha,Tidak,2,1,-
LEND-0038,Cabang Bandung,Kredit Pemilikan Rumah (KPR),1398.47,9.07,1786.5,78.28,Lengkap & Terikat Sempurna,Kol 1 (Lancar),Sesuai Limit Wewenang Komite Kredit,Sesuai Batas BMPK (<10% Modal),Diasuransikan Penuh (All Risk),Sesuai Proposal Usaha,Tidak,1,1,-
LEND-0039,Cabang Bali,Kredit Usaha Rakyat (KUR) / Mikro,111.09,6.16,171.91,64.62,Lengkap & Terikat Sempurna,Kol 1 (Lancar),Sesuai Limit Wewenang Komite Kredit,Sesuai Batas BMPK (<10% Modal),Diasuransikan Penuh (All Risk),Sesuai Proposal Usaha,Tidak,1,1,-
LEND-0040,Cabang Jakarta,Kredit Sindikasi Korporasi,42437.31,3.97,78923.77,53.77,Lengkap & Terikat Sempurna,Kol 1 (Lancar),Sesuai Limit Wewenang Komite Kredit,Pelanggaran BMPK Pihak Terafiliasi,Diasuransikan Penuh (All Risk),Sesuai Proposal Usaha,Ya (Anomali),5,5,Pemberian bunga kredit murah ekstrem (3.97%) kepada pihak terafiliasi bank melanggar batas ketentuan BMPK OJK
LEND-0041,Cabang Jakarta,Kredit Modal Kerja (KMK),10951.33,9.24,15224.98,71.93,Lengkap & Terikat Sempurna,Kol 1 (Lancar),Sesuai Limit Wewenang Komite Kredit,Sesuai Batas BMPK (<10% Modal),Diasuransikan Penuh (All Risk),Sesuai Proposal Usaha,Tidak,1,1,-
LEND-0042,Cabang Bandung,Kredit Modal Kerja (KMK),5849.42,10.42,7552.51,77.45,Lengkap & Terikat Sempurna,Kol 1 (Lancar),Sesuai Limit Wewenang Komite Kredit,Sesuai Batas BMPK (<10% Modal),Diasuransikan Penuh (All Risk),Sesuai Proposal Usaha,Tidak,1,2,-
LEND-0043,Cabang Bandung,Kredit Investasi (KI),18187.81,11.0,26290.56,69.18,Lengkap & Terikat Sempurna,Kol 1 (Lancar),Sesuai Limit Wewenang Komite Kredit,Sesuai Batas BMPK (<10% Modal),Diasuransikan Penuh (All Risk),Sesuai Proposal Usaha,Tidak,1,2,-
LEND-0044,Cabang Bali,Kredit Modal Kerja (KMK),16098.61,12.37,21819.75,73.78,Lengkap & Terikat Sempurna,Kol 1 (Lancar),Sesuai Limit Wewenang Komite Kredit,Sesuai Batas BMPK (<10% Modal),Diasuransikan Penuh (All Risk),Sesuai Proposal Usaha,Tidak,1,1,-
LEND-0045,Kantor Pusat,Kredit Modal Kerja (KMK),23252.74,11.81,34040.02,68.31,Lengkap & Terikat Sempurna,Kol 1 (Lancar),Sesuai Limit Wewenang Komite Kredit,Sesuai Batas BMPK (<10% Modal),Diasuransikan Penuh (All Risk),Sesuai Proposal Usaha,Tidak,1,1,-
LEND-0046,Cabang Jakarta,Kredit Usaha Rakyat (KUR) / Mikro,227.65,7.37,343.52,66.27,Lengkap & Terikat Sempurna,Kol 1 (Lancar),Sesuai Limit Wewenang Komite Kredit,Sesuai Batas BMPK (<10% Modal),Diasuransikan Penuh (All Risk),Sesuai Proposal Usaha,Tidak,2,1,-
LEND-0047,Cabang Medan,Kredit Modal Kerja (KMK),17488.73,11.26,22630.34,77.28,Lengkap & Terikat Sempurna,Kol 1 (Lancar),Sesuai Limit Wewenang Komite Kredit,Sesuai Batas BMPK (<10% Modal),Diasuransikan Penuh (All Risk),Sesuai Proposal Usaha,Tidak,2,1,-
LEND-0048,Cabang Bandung,Kredit Modal Kerja (KMK),27719.15,11.47,44152.84,62.78,Lengkap & Terikat Sempurna,Kol 1 (Lancar),Sesuai Limit Wewenang Komite Kredit,Sesuai Batas BMPK (<10% Modal),Diasuransikan Penuh (All Risk),Sesuai Proposal Usaha,Tidak,1,2,-
LEND-0049,Cabang Bali,Kredit Sindikasi Korporasi,28929.11,3.75,45536.14,63.53,Lengkap & Terikat Sempurna,Kol 1 (Lancar),Sesuai Limit Wewenang Komite Kredit,Pelanggaran BMPK Pihak Terafiliasi,Diasuransikan Penuh (All Risk),Sesuai Proposal Usaha,Ya (Anomali),5,5,Pemberian bunga kredit murah ekstrem (3.75%) kepada pihak terafiliasi bank melanggar batas ketentuan BMPK OJK
LEND-0050,Cabang Bandung,Kredit Usaha Rakyat (KUR) / Mikro,205.59,6.08,277.0,74.22,Lengkap & Terikat Sempurna,Kol 1 (Lancar),Sesuai Limit Wewenang Komite Kredit,Sesuai Batas BMPK (<10% Modal),Diasuransikan Penuh (All Risk),Sesuai Proposal Usaha,Tidak,1,1,-
LEND-0051,Cabang Jakarta,Kredit Modal Kerja (KMK),8160.36,11.74,12267.53,66.52,Lengkap & Terikat Sempurna,Kol 1 (Lancar),Sesuai Limit Wewenang Komite Kredit,Sesuai Batas BMPK (<10% Modal),Diasuransikan Penuh (All Risk),Sesuai Proposal Usaha,Tidak,1,1,-
LEND-0052,Kantor Pusat,Kredit Pemilikan Rumah (KPR),1532.02,9.7,1919.1,79.83,Lengkap & Terikat Sempurna,Kol 1 (Lancar),Sesuai Limit Wewenang Komite Kredit,Sesuai Batas BMPK (<10% Modal),Diasuransikan Penuh (All Risk),Sesuai Proposal Usaha,Tidak,1,1,-
LEND-0053,Cabang Jakarta,Kredit Modal Kerja (KMK),24682.39,12.46,34285.86,71.99,Lengkap & Terikat Sempurna,Kol 1 (Lancar),Sesuai Limit Wewenang Komite Kredit,Sesuai Batas BMPK (<10% Modal),Diasuransikan Penuh (All Risk),Sesuai Proposal Usaha,Tidak,1,1,-
LEND-0054,Cabang Jakarta,Kredit Modal Kerja (KMK),27887.48,10.14,37936.99,73.51,Lengkap & Terikat Sempurna,Kol 1 (Lancar),Sesuai Limit Wewenang Komite Kredit,Sesuai Batas BMPK (<10% Modal),Diasuransikan Penuh (All Risk),Sesuai Proposal Usaha,Tidak,2,1,-
LEND-0055,Cabang Surabaya,Kredit Usaha Rakyat (KUR) / Mikro,274.48,6.25,481.04,57.06,Lengkap & Terikat Sempurna,Kol 1 (Lancar),Sesuai Limit Wewenang Komite Kredit,Sesuai Batas BMPK (<10% Modal),Diasuransikan Penuh (All Risk),Sesuai Proposal Usaha,Tidak,1,2,-
LEND-0056,Cabang Jakarta,Kredit Usaha Rakyat (KUR) / Mikro,306.83,6.37,609.88,50.31,Lengkap & Terikat Sempurna,Kol 1 (Lancar),Sesuai Limit Wewenang Komite Kredit,Sesuai Batas BMPK (<10% Modal),Diasuransikan Penuh (All Risk),Sesuai Proposal Usaha,Tidak,1,2,-
LEND-0057,Kantor Pusat,Kredit Modal Kerja (KMK),17702.04,10.09,23338.22,75.85,Lengkap & Terikat Sempurna,Kol 1 (Lancar),Sesuai Limit Wewenang Komite Kredit,Sesuai Batas BMPK (<10% Modal),Diasuransikan Penuh (All Risk),Sesuai Proposal Usaha,Tidak,2,1,-
LEND-0058,Cabang Jakarta,Kredit Modal Kerja (KMK),19595.69,9.98,25376.44,77.22,Lengkap & Terikat Sempurna,Kol 1 (Lancar),Sesuai Limit Wewenang Komite Kredit,Sesuai Batas BMPK (<10% Modal),Tanpa Asuransi Agunan (Risiko Tinggi),Indikasi Pengalihan Dana / Side-Streaming,Ya (Anomali),4,5,Indikasi penyimpangan penggunaan fasilitas kredit modal kerja (Side-Streaming) dan agunan tidak ditutup asuransi
LEND-0059,Kantor Pusat,Kredit Modal Kerja (KMK),10168.71,12.12,14501.87,70.12,Lengkap & Terikat Sempurna,Kol 1 (Lancar),Sesuai Limit Wewenang Komite Kredit,Sesuai Batas BMPK (<10% Modal),Diasuransikan Penuh (All Risk),Sesuai Proposal Usaha,Tidak,1,2,-
LEND-0060,Cabang Bandung,Kredit Usaha Rakyat (KUR) / Mikro,385.73,6.62,714.58,53.98,Lengkap & Terikat Sempurna,Kol 1 (Lancar),Sesuai Limit Wewenang Komite Kredit,Sesuai Batas BMPK (<10% Modal),Diasuransikan Penuh (All Risk),Sesuai Proposal Usaha,Tidak,2,2,-
LEND-0061,Cabang Bali,Kredit Pemilikan Rumah (KPR),2988.04,9.96,3698.98,80.78,Lengkap & Terikat Sempurna,Kol 1 (Lancar),Sesuai Limit Wewenang Komite Kredit,Sesuai Batas BMPK (<10% Modal),Diasuransikan Penuh (All Risk),Sesuai Proposal Usaha,Tidak,1,1,-
LEND-0062,Kantor Pusat,Kredit Multiguna (KMG),2483.06,12.62,4235.14,58.63,Lengkap & Terikat Sempurna,Kol 1 (Lancar),Sesuai Limit Wewenang Komite Kredit,Sesuai Batas BMPK (<10% Modal),Diasuransikan Penuh (All Risk),Sesuai Proposal Usaha,Tidak,2,2,-
LEND-0063,Kantor Pusat,Kredit Pemilikan Rumah (KPR),3381.87,9.47,5236.71,64.58,Lengkap & Terikat Sempurna,Kol 1 (Lancar),Sesuai Limit Wewenang Komite Kredit,Sesuai Batas BMPK (<10% Modal),Diasuransikan Penuh (All Risk),Sesuai Proposal Usaha,Tidak,2,1,-
LEND-0064,Kantor Pusat,Kredit Investasi (KI),28279.35,10.88,48581.6,58.21,Lengkap & Terikat Sempurna,Kol 1 (Lancar),Sesuai Limit Wewenang Komite Kredit,Sesuai Batas BMPK (<10% Modal),Diasuransikan Penuh (All Risk),Sesuai Proposal Usaha,Tidak,1,1,-
LEND-0065,Cabang Jakarta,Kredit Sindikasi Korporasi,24874.05,4.81,37092.23,67.06,Lengkap & Terikat Sempurna,Kol 1 (Lancar),Sesuai Limit Wewenang Komite Kredit,Pelanggaran BMPK Pihak Terafiliasi,Diasuransikan Penuh (All Risk),Sesuai Proposal Usaha,Ya (Anomali),5,4,Pemberian bunga kredit murah ekstrem (4.81%) kepada pihak terafiliasi bank melanggar batas ketentuan BMPK OJK
LEND-0066,Cabang Bali,Kredit Sindikasi Korporasi,69428.43,9.31,137782.16,50.39,Lengkap & Terikat Sempurna,Kol 1 (Lancar),Sesuai Limit Wewenang Komite Kredit,Sesuai Batas BMPK (<10% Modal),Diasuransikan Penuh (All Risk),Sesuai Proposal Usaha,Tidak,2,1,-
LEND-0067,Cabang Jakarta,Kredit Modal Kerja (KMK),6924.07,12.43,9137.07,75.78,Lengkap & Terikat Sempurna,Kol 1 (Lancar),Sesuai Limit Wewenang Komite Kredit,Sesuai Batas BMPK (<10% Modal),Diasuransikan Penuh (All Risk),Sesuai Proposal Usaha,Tidak,1,1,-
LEND-0068,Kantor Pusat,Kredit Modal Kerja (KMK),18868.93,10.53,25787.8,73.17,Lengkap & Terikat Sempurna,Kol 1 (Lancar),Sesuai Limit Wewenang Komite Kredit,Sesuai Batas BMPK (<10% Modal),Diasuransikan Penuh (All Risk),Sesuai Proposal Usaha,Tidak,2,1,-
LEND-0069,Cabang Jakarta,Kredit Pemilikan Rumah (KPR),3791.21,8.3,5100.51,74.33,Lengkap & Terikat Sempurna,Kol 1 (Lancar),Sesuai Limit Wewenang Komite Kredit,Sesuai Batas BMPK (<10% Modal),Diasuransikan Penuh (All Risk),Sesuai Proposal Usaha,Tidak,1,1,-
LEND-0070,Cabang Surabaya,Kredit Modal Kerja (KMK),23897.99,9.21,35754.02,66.84,Lengkap & Terikat Sempurna,Kol 1 (Lancar),Sesuai Limit Wewenang Komite Kredit,Sesuai Batas BMPK (<10% Modal),Diasuransikan Penuh (All Risk),Sesuai Proposal Usaha,Tidak,1,2,-
LEND-0071,Cabang Jakarta,Kredit Pemilikan Rumah (KPR),2514.71,10.31,3635.02,69.18,Lengkap & Terikat Sempurna,Kol 1 (Lancar),Sesuai Limit Wewenang Komite Kredit,Sesuai Batas BMPK (<10% Modal),Diasuransikan Penuh (All Risk),Sesuai Proposal Usaha,Tidak,1,1,-
LEND-0072,Cabang Jakarta,Kredit Multiguna (KMG),2228.94,10.73,3430.72,64.97,Lengkap & Terikat Sempurna,Kol 1 (Lancar),Sesuai Limit Wewenang Komite Kredit,Sesuai Batas BMPK (<10% Modal),Diasuransikan Penuh (All Risk),Sesuai Proposal Usaha,Tidak,2,1,-
LEND-0073,Cabang Bandung,Kredit Modal Kerja (KMK),9598.29,11.52,14549.48,65.97,Lengkap & Terikat Sempurna,Kol 2 (Dalam Perhatian Khusus),Sesuai Limit Wewenang Komite Kredit,Sesuai Batas BMPK (<10% Modal),Diasuransikan Penuh (All Risk),Sesuai Proposal Usaha,Tidak,1,1,-
LEND-0074,Cabang Jakarta,Kredit Modal Kerja (KMK),9891.0,12.48,12751.06,77.57,Lengkap & Terikat Sempurna,Kol 1 (Lancar),Sesuai Limit Wewenang Komite Kredit,Sesuai Batas BMPK (<10% Modal),Diasuransikan Penuh (All Risk),Sesuai Proposal Usaha,Tidak,1,1,-
LEND-0075,Cabang Jakarta,Kredit Modal Kerja (KMK),19559.44,10.0,24973.75,78.32,Lengkap & Terikat Sempurna,Kol 1 (Lancar),Sesuai Limit Wewenang Komite Kredit,Sesuai Batas BMPK (<10% Modal),Diasuransikan Penuh (All Risk),Sesuai Proposal Usaha,Tidak,1,1,-
LEND-0076,Kantor Pusat,Kredit Pemilikan Rumah (KPR),572.1,8.11,680.18,84.11,Lengkap & Terikat Sempurna,Kol 1 (Lancar),Sesuai Limit Wewenang Komite Kredit,Sesuai Batas BMPK (<10% Modal),Diasuransikan Penuh (All Risk),Sesuai Proposal Usaha,Tidak,2,2,-
LEND-0077,Cabang Surabaya,Kredit Investasi (KI),5749.95,9.88,8146.71,70.58,Lengkap & Terikat Sempurna,Kol 1 (Lancar),Sesuai Limit Wewenang Komite Kredit,Sesuai Batas BMPK (<10% Modal),Diasuransikan Penuh (All Risk),Sesuai Proposal Usaha,Tidak,1,1,-
LEND-0078,Kantor Pusat,Kredit Usaha Rakyat (KUR) / Mikro,386.56,6.04,676.75,57.12,Lengkap & Terikat Sempurna,Kol 1 (Lancar),Sesuai Limit Wewenang Komite Kredit,Sesuai Batas BMPK (<10% Modal),Diasuransikan Penuh (All Risk),Sesuai Proposal Usaha,Tidak,2,1,-
LEND-0079,Kantor Pusat,Kredit Sindikasi Korporasi,64282.96,10.2,100269.79,64.11,Lengkap & Terikat Sempurna,Kol 1 (Lancar),Sesuai Limit Wewenang Komite Kredit,Sesuai Batas BMPK (<10% Modal),Diasuransikan Penuh (All Risk),Sesuai Proposal Usaha,Tidak,1,1,-
LEND-0080,Kantor Pusat,Kredit Investasi (KI),23237.47,10.69,37963.52,61.21,Lengkap & Terikat Sempurna,Kol 1 (Lancar),Sesuai Limit Wewenang Komite Kredit,Sesuai Batas BMPK (<10% Modal),Diasuransikan Penuh (All Risk),Sesuai Proposal Usaha,Tidak,1,1,-
LEND-0081,Kantor Pusat,Kredit Investasi (KI),9245.02,10.69,14369.01,64.34,Lengkap & Terikat Sempurna,Kol 1 (Lancar),Sesuai Limit Wewenang Komite Kredit,Sesuai Batas BMPK (<10% Modal),Diasuransikan Penuh (All Risk),Sesuai Proposal Usaha,Tidak,1,2,-
LEND-0082,Kantor Pusat,Kredit Pemilikan Rumah (KPR),2878.92,9.5,4688.03,61.41,Lengkap & Terikat Sempurna,Kol 1 (Lancar),Sesuai Limit Wewenang Komite Kredit,Sesuai Batas BMPK (<10% Modal),Diasuransikan Penuh (All Risk),Sesuai Proposal Usaha,Tidak,1,2,-
LEND-0083,Cabang Jakarta,Kredit Modal Kerja (KMK),4092.85,12.07,5793.96,70.64,Lengkap & Terikat Sempurna,Kol 3-5 (NPL / Macet),Sesuai Limit Wewenang Komite Kredit,Sesuai Batas BMPK (<10% Modal),Diasuransikan Penuh (All Risk),Sesuai Proposal Usaha,Ya (Anomali),5,5,Penyetujuan kredit kepada debitur dengan riwayat kolektibilitas macet (Kol 3-5) pada SLIK OJK tanpa analisis mitigasi risiko
LEND-0084,Cabang Medan,Kredit Modal Kerja (KMK),68851.32,10.65,90546.19,76.04,Lengkap & Terikat Sempurna,Kol 1 (Lancar),Melampaui Limit Wewenang Cabang (BKMK Breach),Sesuai Batas BMPK (<10% Modal),Diasuransikan Penuh (All Risk),Sesuai Proposal Usaha,Ya (Anomali),5,5,Pencairan kredit bernilai Rp 68851.32 Juta melampaui batas kewenangan memutus kredit (BKMK) komite cabang tanpa persetujuan Kantor Pusat
LEND-0085,Kantor Pusat,Kredit Modal Kerja (KMK),4337.26,11.94,5852.46,74.11,Lengkap & Terikat Sempurna,Kol 1 (Lancar),Sesuai Limit Wewenang Komite Kredit,Sesuai Batas BMPK (<10% Modal),Diasuransikan Penuh (All Risk),Sesuai Proposal Usaha,Tidak,1,2,-
LEND-0086,Cabang Surabaya,Kredit Investasi (KI),2252.87,9.31,3278.81,68.71,Lengkap & Terikat Sempurna,Kol 1 (Lancar),Sesuai Limit Wewenang Komite Kredit,Sesuai Batas BMPK (<10% Modal),Diasuransikan Penuh (All Risk),Sesuai Proposal Usaha,Tidak,1,2,-
LEND-0087,Cabang Surabaya,Kredit Modal Kerja (KMK),17942.1,11.28,22717.27,78.98,Lengkap & Terikat Sempurna,Kol 1 (Lancar),Sesuai Limit Wewenang Komite Kredit,Sesuai Batas BMPK (<10% Modal),Tanpa Asuransi Agunan (Risiko Tinggi),Indikasi Pengalihan Dana / Side-Streaming,Ya (Anomali),4,5,Indikasi penyimpangan penggunaan fasilitas kredit modal kerja (Side-Streaming) dan agunan tidak ditutup asuransi
LEND-0088,Cabang Bali,Kredit Multiguna (KMG),2519.8,12.65,3626.66,69.48,Lengkap & Terikat Sempurna,Kol 3-5 (NPL / Macet),Sesuai Limit Wewenang Komite Kredit,Sesuai Batas BMPK (<10% Modal),Diasuransikan Penuh (All Risk),Sesuai Proposal Usaha,Ya (Anomali),5,5,Penyetujuan kredit kepada debitur dengan riwayat kolektibilitas macet (Kol 3-5) pada SLIK OJK tanpa analisis mitigasi risiko
LEND-0089,Cabang Bali,Kredit Investasi (KI),30687.5,9.34,41274.38,74.35,Lengkap & Terikat Sempurna,Kol 1 (Lancar),Sesuai Limit Wewenang Komite Kredit,Sesuai Batas BMPK (<10% Modal),Diasuransikan Penuh (All Risk),Sesuai Proposal Usaha,Tidak,1,2,-
LEND-0090,Cabang Surabaya,Kredit Usaha Rakyat (KUR) / Mikro,424.17,6.28,776.02,54.66,Lengkap & Terikat Sempurna,Kol 2 (Dalam Perhatian Khusus),Sesuai Limit Wewenang Komite Kredit,Sesuai Batas BMPK (<10% Modal),Diasuransikan Penuh (All Risk),Sesuai Proposal Usaha,Tidak,2,2,-
LEND-0091,Cabang Bali,Kredit Modal Kerja (KMK),4954.09,8.83,7666.5,64.62,Lengkap & Terikat Sempurna,Kol 1 (Lancar),Sesuai Limit Wewenang Komite Kredit,Sesuai Batas BMPK (<10% Modal),Diasuransikan Penuh (All Risk),Sesuai Proposal Usaha,Tidak,2,2,-
LEND-0092,Kantor Pusat,Kredit Multiguna (KMG),741.88,11.76,1190.44,62.32,Lengkap & Terikat Sempurna,Kol 1 (Lancar),Sesuai Limit Wewenang Komite Kredit,Sesuai Batas BMPK (<10% Modal),Diasuransikan Penuh (All Risk),Sesuai Proposal Usaha,Tidak,1,2,-
LEND-0093,Cabang Bandung,Kredit Modal Kerja (KMK),20701.08,10.26,31436.72,65.85,Lengkap & Terikat Sempurna,Kol 1 (Lancar),Sesuai Limit Wewenang Komite Kredit,Sesuai Batas BMPK (<10% Modal),Diasuransikan Penuh (All Risk),Sesuai Proposal Usaha,Tidak,1,1,-
LEND-0094,Cabang Jakarta,Kredit Multiguna (KMG),2330.75,10.33,3270.77,71.26,Lengkap & Terikat Sempurna,Kol 1 (Lancar),Sesuai Limit Wewenang Komite Kredit,Sesuai Batas BMPK (<10% Modal),Diasuransikan Penuh (All Risk),Sesuai Proposal Usaha,Tidak,1,1,-
LEND-0095,Cabang Medan,Kredit Modal Kerja (KMK),29071.05,10.64,36608.8,79.41,Lengkap & Terikat Sempurna,Kol 1 (Lancar),Sesuai Limit Wewenang Komite Kredit,Sesuai Batas BMPK (<10% Modal),Diasuransikan Penuh (All Risk),Sesuai Proposal Usaha,Tidak,1,2,-
LEND-0096,Cabang Jakarta,Kredit Investasi (KI),40834.24,9.69,73575.21,55.5,Lengkap & Terikat Sempurna,Kol 1 (Lancar),Sesuai Limit Wewenang Komite Kredit,Sesuai Batas BMPK (<10% Modal),Diasuransikan Penuh (All Risk),Sesuai Proposal Usaha,Tidak,1,1,-
LEND-0097,Kantor Pusat,Kredit Sindikasi Korporasi,54744.1,9.25,101453.11,53.96,Lengkap & Terikat Sempurna,Kol 1 (Lancar),Sesuai Limit Wewenang Komite Kredit,Sesuai Batas BMPK (<10% Modal),Diasuransikan Penuh (All Risk),Sesuai Proposal Usaha,Tidak,1,2,-
LEND-0098,Cabang Bali,Kredit Sindikasi Korporasi,20625.33,4.11,30123.16,68.47,Lengkap & Terikat Sempurna,Kol 1 (Lancar),Sesuai Limit Wewenang Komite Kredit,Pelanggaran BMPK Pihak Terafiliasi,Diasuransikan Penuh (All Risk),Sesuai Proposal Usaha,Ya (Anomali),5,5,Pemberian bunga kredit murah ekstrem (4.11%) kepada pihak terafiliasi bank melanggar batas ketentuan BMPK OJK
LEND-0099,Cabang Bandung,Kredit Modal Kerja (KMK),957.38,10.51,1261.04,75.92,Lengkap & Terikat Sempurna,Kol 1 (Lancar),Sesuai Limit Wewenang Komite Kredit,Sesuai Batas BMPK (<10% Modal),Diasuransikan Penuh (All Risk),Sesuai Proposal Usaha,Tidak,1,1,-
LEND-0100,Cabang Surabaya,Kredit Pemilikan Rumah (KPR),3614.09,7.66,5898.63,61.27,Lengkap & Terikat Sempurna,Kol 1 (Lancar),Sesuai Limit Wewenang Komite Kredit,Sesuai Batas BMPK (<10% Modal),Diasuransikan Penuh (All Risk),Sesuai Proposal Usaha,Tidak,1,1,-
LEND-0101,Cabang Jakarta,Kredit Pemilikan Rumah (KPR),1771.82,10.3,2233.48,79.33,Lengkap & Terikat Sempurna,Kol 2 (Dalam Perhatian Khusus),Sesuai Limit Wewenang Komite Kredit,Sesuai Batas BMPK (<10% Modal),Diasuransikan Penuh (All Risk),Sesuai Proposal Usaha,Tidak,1,1,-
LEND-0102,Cabang Medan,Kredit Pemilikan Rumah (KPR),568.29,7.86,694.14,81.87,Lengkap & Terikat Sempurna,Kol 1 (Lancar),Sesuai Limit Wewenang Komite Kredit,Sesuai Batas BMPK (<10% Modal),Diasuransikan Penuh (All Risk),Sesuai Proposal Usaha,Tidak,1,1,-
LEND-0103,Cabang Medan,Kredit Modal Kerja (KMK),2534.21,9.04,3172.12,79.89,Lengkap & Terikat Sempurna,Kol 1 (Lancar),Sesuai Limit Wewenang Komite Kredit,Sesuai Batas BMPK (<10% Modal),Diasuransikan Penuh (All Risk),Sesuai Proposal Usaha,Tidak,2,1,-
LEND-0104,Cabang Medan,Kredit Modal Kerja (KMK),23345.49,11.41,31719.42,73.6,Lengkap & Terikat Sempurna,Kol 1 (Lancar),Sesuai Limit Wewenang Komite Kredit,Sesuai Batas BMPK (<10% Modal),Diasuransikan Penuh (All Risk),Sesuai Proposal Usaha,Tidak,2,1,-
LEND-0105,Kantor Pusat,Kredit Sindikasi Korporasi,34175.91,9.74,52417.04,65.2,Lengkap & Terikat Sempurna,Kol 2 (Dalam Perhatian Khusus),Sesuai Limit Wewenang Komite Kredit,Sesuai Batas BMPK (<10% Modal),Diasuransikan Penuh (All Risk),Sesuai Proposal Usaha,Tidak,2,1,-
LEND-0106,Cabang Bandung,Kredit Modal Kerja (KMK),4860.44,9.61,6195.59,78.45,Lengkap & Terikat Sempurna,Kol 2 (Dalam Perhatian Khusus),Sesuai Limit Wewenang Komite Kredit,Sesuai Batas BMPK (<10% Modal),Diasuransikan Penuh (All Risk),Sesuai Proposal Usaha,Tidak,1,2,-
LEND-0107,Cabang Bandung,Kredit Usaha Rakyat (KUR) / Mikro,475.91,6.28,791.73,60.11,Lengkap & Terikat Sempurna,Kol 2 (Dalam Perhatian Khusus),Sesuai Limit Wewenang Komite Kredit,Sesuai Batas BMPK (<10% Modal),Diasuransikan Penuh (All Risk),Sesuai Proposal Usaha,Tidak,1,1,-
LEND-0108,Cabang Jakarta,Kredit Investasi (KI),33814.34,10.18,50605.12,66.82,Lengkap & Terikat Sempurna,Kol 1 (Lancar),Sesuai Limit Wewenang Komite Kredit,Sesuai Batas BMPK (<10% Modal),Diasuransikan Penuh (All Risk),Sesuai Proposal Usaha,Tidak,2,1,-
LEND-0109,Cabang Bandung,Kredit Sindikasi Korporasi,42278.83,8.72,60675.7,69.68,Lengkap & Terikat Sempurna,Kol 1 (Lancar),Sesuai Limit Wewenang Komite Kredit,Sesuai Batas BMPK (<10% Modal),Diasuransikan Penuh (All Risk),Sesuai Proposal Usaha,Tidak,1,1,-
LEND-0110,Cabang Bandung,Kredit Modal Kerja (KMK),18684.97,10.72,28059.72,66.59,Lengkap & Terikat Sempurna,Kol 1 (Lancar),Sesuai Limit Wewenang Komite Kredit,Sesuai Batas BMPK (<10% Modal),Diasuransikan Penuh (All Risk),Sesuai Proposal Usaha,Tidak,2,1,-
LEND-0111,Cabang Medan,Kredit Usaha Rakyat (KUR) / Mikro,83.3,6.07,158.03,52.71,Lengkap & Terikat Sempurna,Kol 2 (Dalam Perhatian Khusus),Sesuai Limit Wewenang Komite Kredit,Sesuai Batas BMPK (<10% Modal),Diasuransikan Penuh (All Risk),Sesuai Proposal Usaha,Tidak,1,2,-
LEND-0112,Cabang Medan,Kredit Pemilikan Rumah (KPR),2067.86,9.12,2542.56,81.33,Lengkap & Terikat Sempurna,Kol 1 (Lancar),Sesuai Limit Wewenang Komite Kredit,Sesuai Batas BMPK (<10% Modal),Diasuransikan Penuh (All Risk),Sesuai Proposal Usaha,Tidak,1,1,-
LEND-0113,Kantor Pusat,Kredit Investasi (KI),9607.05,10.57,12857.4,74.72,Lengkap & Terikat Sempurna,Kol 2 (Dalam Perhatian Khusus),Sesuai Limit Wewenang Komite Kredit,Sesuai Batas BMPK (<10% Modal),Diasuransikan Penuh (All Risk),Sesuai Proposal Usaha,Tidak,1,2,-
LEND-0114,Cabang Jakarta,Kredit Modal Kerja (KMK),13594.12,10.75,19417.4,70.01,Lengkap & Terikat Sempurna,Kol 1 (Lancar),Sesuai Limit Wewenang Komite Kredit,Sesuai Batas BMPK (<10% Modal),Diasuransikan Penuh (All Risk),Sesuai Proposal Usaha,Tidak,1,1,-
LEND-0115,Kantor Pusat,Kredit Modal Kerja (KMK),16198.34,11.08,25102.03,64.53,Lengkap & Terikat Sempurna,Kol 1 (Lancar),Sesuai Limit Wewenang Komite Kredit,Sesuai Batas BMPK (<10% Modal),Diasuransikan Penuh (All Risk),Sesuai Proposal Usaha,Tidak,1,1,-
LEND-0116,Cabang Medan,Kredit Modal Kerja (KMK),8285.14,9.91,11261.57,73.57,Lengkap & Terikat Sempurna,Kol 1 (Lancar),Sesuai Limit Wewenang Komite Kredit,Sesuai Batas BMPK (<10% Modal),Diasuransikan Penuh (All Risk),Sesuai Proposal Usaha,Tidak,2,2,-
LEND-0117,Kantor Pusat,Kredit Pemilikan Rumah (KPR),1875.34,7.76,2968.72,63.17,Lengkap & Terikat Sempurna,Kol 2 (Dalam Perhatian Khusus),Sesuai Limit Wewenang Komite Kredit,Sesuai Batas BMPK (<10% Modal),Diasuransikan Penuh (All Risk),Sesuai Proposal Usaha,Tidak,1,1,-
LEND-0118,Kantor Pusat,Kredit Modal Kerja (KMK),854.65,9.82,1308.4,65.32,Lengkap & Terikat Sempurna,Kol 3-5 (NPL / Macet),Sesuai Limit Wewenang Komite Kredit,Sesuai Batas BMPK (<10% Modal),Diasuransikan Penuh (All Risk),Sesuai Proposal Usaha,Ya (Anomali),5,5,Penyetujuan kredit kepada debitur dengan riwayat kolektibilitas macet (Kol 3-5) pada SLIK OJK tanpa analisis mitigasi risiko
LEND-0119,Kantor Pusat,Kredit Modal Kerja (KMK),19325.15,10.64,28356.79,68.15,Lengkap & Terikat Sempurna,Kol 2 (Dalam Perhatian Khusus),Sesuai Limit Wewenang Komite Kredit,Sesuai Batas BMPK (<10% Modal),Diasuransikan Penuh (All Risk),Sesuai Proposal Usaha,Tidak,1,1,-
LEND-0120,Cabang Surabaya,Kredit Pemilikan Rumah (KPR),1057.89,10.31,1674.41,63.18,Lengkap & Terikat Sempurna,Kol 1 (Lancar),Sesuai Limit Wewenang Komite Kredit,Sesuai Batas BMPK (<10% Modal),Diasuransikan Penuh (All Risk),Sesuai Proposal Usaha,Tidak,1,1,-
LEND-0121,Kantor Pusat,Kredit Modal Kerja (KMK),12489.8,11.25,17999.42,69.39,Pencairan Sebelum Syarat Efektif Lengkap (Pelanggaran),Kol 1 (Lancar),Sesuai Limit Wewenang Komite Kredit,Sesuai Batas BMPK (<10% Modal),Diasuransikan Penuh (All Risk),Sesuai Proposal Usaha,Ya (Anomali),4,4,Pencairan fasilitas kredit mendahului pemenuhan dokumen syarat efektif dan bukti pengikatan agunan (APHT/Fidusia)
LEND-0122,Cabang Jakarta,Kredit Usaha Rakyat (KUR) / Mikro,292.67,7.47,423.36,69.13,Lengkap & Terikat Sempurna,Kol 1 (Lancar),Sesuai Limit Wewenang Komite Kredit,Sesuai Batas BMPK (<10% Modal),Diasuransikan Penuh (All Risk),Sesuai Proposal Usaha,Tidak,1,1,-
LEND-0123,Kantor Pusat,Kredit Modal Kerja (KMK),15392.23,11.0,25475.39,60.42,Lengkap & Terikat Sempurna,Kol 2 (Dalam Perhatian Khusus),Sesuai Limit Wewenang Komite Kredit,Sesuai Batas BMPK (<10% Modal),Diasuransikan Penuh (All Risk),Sesuai Proposal Usaha,Tidak,1,1,-
LEND-0124,Cabang Medan,Kredit Investasi (KI),39565.0,9.86,48528.15,81.53,Lengkap & Terikat Sempurna,Kol 1 (Lancar),Melampaui Limit Wewenang Cabang (BKMK Breach),Sesuai Batas BMPK (<10% Modal),Diasuransikan Penuh (All Risk),Sesuai Proposal Usaha,Ya (Anomali),5,5,Pencairan kredit bernilai Rp 39565.0 Juta melampaui batas kewenangan memutus kredit (BKMK) komite cabang tanpa persetujuan Kantor Pusat
LEND-0125,Kantor Pusat,Kredit Pemilikan Rumah (KPR),4099.07,9.73,5100.25,80.37,Lengkap & Terikat Sempurna,Kol 1 (Lancar),Sesuai Limit Wewenang Komite Kredit,Sesuai Batas BMPK (<10% Modal),Diasuransikan Penuh (All Risk),Sesuai Proposal Usaha,Tidak,1,1,-
LEND-0126,Cabang Surabaya,Kredit Pemilikan Rumah (KPR),3838.03,9.58,5824.91,65.89,Lengkap & Terikat Sempurna,Kol 1 (Lancar),Sesuai Limit Wewenang Komite Kredit,Sesuai Batas BMPK (<10% Modal),Diasuransikan Penuh (All Risk),Sesuai Proposal Usaha,Tidak,1,2,-
LEND-0127,Cabang Jakarta,Kredit Investasi (KI),37389.11,10.19,56013.65,66.75,Lengkap & Terikat Sempurna,Kol 1 (Lancar),Sesuai Limit Wewenang Komite Kredit,Sesuai Batas BMPK (<10% Modal),Diasuransikan Penuh (All Risk),Sesuai Proposal Usaha,Tidak,1,2,-
LEND-0128,Cabang Jakarta,Kredit Multiguna (KMG),2127.45,12.38,3565.96,59.66,Lengkap & Terikat Sempurna,Kol 1 (Lancar),Sesuai Limit Wewenang Komite Kredit,Sesuai Batas BMPK (<10% Modal),Diasuransikan Penuh (All Risk),Sesuai Proposal Usaha,Tidak,2,1,-
LEND-0129,Cabang Jakarta,Kredit Pemilikan Rumah (KPR),492.02,9.69,607.28,81.02,Lengkap & Terikat Sempurna,Kol 1 (Lancar),Sesuai Limit Wewenang Komite Kredit,Sesuai Batas BMPK (<10% Modal),Diasuransikan Penuh (All Risk),Sesuai Proposal Usaha,Tidak,1,2,-
LEND-0130,Cabang Jakarta,Kredit Modal Kerja (KMK),55017.86,9.02,77077.42,71.38,Lengkap & Terikat Sempurna,Kol 1 (Lancar),Melampaui Limit Wewenang Cabang (BKMK Breach),Sesuai Batas BMPK (<10% Modal),Diasuransikan Penuh (All Risk),Sesuai Proposal Usaha,Ya (Anomali),5,5,Pencairan kredit bernilai Rp 55017.86 Juta melampaui batas kewenangan memutus kredit (BKMK) komite cabang tanpa persetujuan Kantor Pusat
LEND-0131,Cabang Bandung,Kredit Modal Kerja (KMK),7420.51,11.37,4813.51,154.16,Lengkap & Terikat Sempurna,Kol 1 (Lancar),Sesuai Limit Wewenang Komite Kredit,Sesuai Batas BMPK (<10% Modal),Diasuransikan Penuh (All Risk),Sesuai Proposal Usaha,Ya (Anomali),5,4,"Rasio Loan to Value (154.16%) melampaui batas wajar (>100%), agunan defisit (Rp 4813.51 Juta) tidak mencukupi plafon kredit"
LEND-0132,Cabang Bandung,Kredit Sindikasi Korporasi,60951.08,8.17,119465.07,51.02,Lengkap & Terikat Sempurna,Kol 1 (Lancar),Sesuai Limit Wewenang Komite Kredit,Sesuai Batas BMPK (<10% Modal),Diasuransikan Penuh (All Risk),Sesuai Proposal Usaha,Tidak,1,2,-
LEND-0133,Cabang Bandung,Kredit Sindikasi Korporasi,25784.91,9.12,43881.74,58.76,Lengkap & Terikat Sempurna,Kol 1 (Lancar),Sesuai Limit Wewenang Komite Kredit,Sesuai Batas BMPK (<10% Modal),Diasuransikan Penuh (All Risk),Sesuai Proposal Usaha,Tidak,1,1,-
LEND-0134,Cabang Jakarta,Kredit Multiguna (KMG),374.61,13.59,622.69,60.16,Lengkap & Terikat Sempurna,Kol 1 (Lancar),Sesuai Limit Wewenang Komite Kredit,Sesuai Batas BMPK (<10% Modal),Diasuransikan Penuh (All Risk),Sesuai Proposal Usaha,Tidak,2,1,-
LEND-0135,Cabang Surabaya,Kredit Pemilikan Rumah (KPR),3280.61,8.15,4675.23,70.17,Lengkap & Terikat Sempurna,Kol 2 (Dalam Perhatian Khusus),Sesuai Limit Wewenang Komite Kredit,Sesuai Batas BMPK (<10% Modal),Diasuransikan Penuh (All Risk),Sesuai Proposal Usaha,Tidak,1,2,-
LEND-0136,Kantor Pusat,Kredit Multiguna (KMG),1698.55,10.99,2497.13,68.02,Lengkap & Terikat Sempurna,Kol 1 (Lancar),Sesuai Limit Wewenang Komite Kredit,Sesuai Batas BMPK (<10% Modal),Diasuransikan Penuh (All Risk),Sesuai Proposal Usaha,Tidak,1,1,-
LEND-0137,Cabang Medan,Kredit Pemilikan Rumah (KPR),3587.35,10.43,4245.89,84.49,Lengkap & Terikat Sempurna,Kol 1 (Lancar),Sesuai Limit Wewenang Komite Kredit,Sesuai Batas BMPK (<10% Modal),Diasuransikan Penuh (All Risk),Sesuai Proposal Usaha,Tidak,2,1,-
LEND-0138,Cabang Jakarta,Kredit Modal Kerja (KMK),17037.67,9.97,23098.79,73.76,Lengkap & Terikat Sempurna,Kol 1 (Lancar),Sesuai Limit Wewenang Komite Kredit,Sesuai Batas BMPK (<10% Modal),Tanpa Asuransi Agunan (Risiko Tinggi),Indikasi Pengalihan Dana / Side-Streaming,Ya (Anomali),4,5,Indikasi penyimpangan penggunaan fasilitas kredit modal kerja (Side-Streaming) dan agunan tidak ditutup asuransi
LEND-0139,Kantor Pusat,Kredit Pemilikan Rumah (KPR),3545.59,8.39,4521.86,78.41,Lengkap & Terikat Sempurna,Kol 2 (Dalam Perhatian Khusus),Sesuai Limit Wewenang Komite Kredit,Sesuai Batas BMPK (<10% Modal),Diasuransikan Penuh (All Risk),Sesuai Proposal Usaha,Tidak,2,1,-
LEND-0140,Cabang Jakarta,Kredit Modal Kerja (KMK),13970.9,11.44,18248.3,76.56,Lengkap & Terikat Sempurna,Kol 1 (Lancar),Sesuai Limit Wewenang Komite Kredit,Sesuai Batas BMPK (<10% Modal),Diasuransikan Penuh (All Risk),Sesuai Proposal Usaha,Tidak,1,1,-
LEND-0141,Cabang Jakarta,Kredit Modal Kerja (KMK),19462.95,11.73,31086.01,62.61,Lengkap & Terikat Sempurna,Kol 1 (Lancar),Sesuai Limit Wewenang Komite Kredit,Sesuai Batas BMPK (<10% Modal),Diasuransikan Penuh (All Risk),Sesuai Proposal Usaha,Tidak,1,1,-
LEND-0142,Cabang Jakarta,Kredit Modal Kerja (KMK),4235.33,9.25,6463.19,65.53,Lengkap & Terikat Sempurna,Kol 1 (Lancar),Sesuai Limit Wewenang Komite Kredit,Sesuai Batas BMPK (<10% Modal),Diasuransikan Penuh (All Risk),Sesuai Proposal Usaha,Tidak,1,1,-
LEND-0143,Kantor Pusat,Kredit Pemilikan Rumah (KPR),20963.06,9.67,14299.5,146.6,Lengkap & Terikat Sempurna,Kol 1 (Lancar),Sesuai Limit Wewenang Komite Kredit,Sesuai Batas BMPK (<10% Modal),Diasuransikan Penuh (All Risk),Sesuai Proposal Usaha,Ya (Anomali),5,5,"Rasio Loan to Value (146.6%) melampaui batas wajar (>100%), agunan defisit (Rp 14299.5 Juta) tidak mencukupi plafon kredit"
LEND-0144,Cabang Jakarta,Kredit Pemilikan Rumah (KPR),2415.94,9.1,2846.3,84.88,Lengkap & Terikat Sempurna,Kol 1 (Lancar),Sesuai Limit Wewenang Komite Kredit,Sesuai Batas BMPK (<10% Modal),Diasuransikan Penuh (All Risk),Sesuai Proposal Usaha,Tidak,1,1,-
LEND-0145,Cabang Jakarta,Kredit Usaha Rakyat (KUR) / Mikro,195.7,7.31,352.68,55.49,Lengkap & Terikat Sempurna,Kol 1 (Lancar),Sesuai Limit Wewenang Komite Kredit,Sesuai Batas BMPK (<10% Modal),Diasuransikan Penuh (All Risk),Sesuai Proposal Usaha,Tidak,2,1,-
LEND-0146,Cabang Bandung,Kredit Sindikasi Korporasi,50224.5,8.68,78292.28,64.15,Lengkap & Terikat Sempurna,Kol 1 (Lancar),Sesuai Limit Wewenang Komite Kredit,Sesuai Batas BMPK (<10% Modal),Diasuransikan Penuh (All Risk),Sesuai Proposal Usaha,Tidak,2,1,-
LEND-0147,Cabang Jakarta,Kredit Multiguna (KMG),747.78,13.92,1219.87,61.3,Lengkap & Terikat Sempurna,Kol 1 (Lancar),Sesuai Limit Wewenang Komite Kredit,Sesuai Batas BMPK (<10% Modal),Diasuransikan Penuh (All Risk),Sesuai Proposal Usaha,Tidak,1,1,-
LEND-0148,Cabang Jakarta,Kredit Sindikasi Korporasi,32510.46,9.26,60642.53,53.61,Lengkap & Terikat Sempurna,Kol 1 (Lancar),Sesuai Limit Wewenang Komite Kredit,Sesuai Batas BMPK (<10% Modal),Diasuransikan Penuh (All Risk),Sesuai Proposal Usaha,Tidak,1,1,-
LEND-0149,Cabang Bandung,Kredit Modal Kerja (KMK),23982.93,12.26,16134.91,148.64,Lengkap & Terikat Sempurna,Kol 1 (Lancar),Sesuai Limit Wewenang Komite Kredit,Sesuai Batas BMPK (<10% Modal),Diasuransikan Penuh (All Risk),Sesuai Proposal Usaha,Ya (Anomali),5,4,"Rasio Loan to Value (148.64%) melampaui batas wajar (>100%), agunan defisit (Rp 16134.91 Juta) tidak mencukupi plafon kredit"
LEND-0150,Cabang Bandung,Kredit Modal Kerja (KMK),2819.7,11.89,3866.31,72.93,Lengkap & Terikat Sempurna,Kol 1 (Lancar),Sesuai Limit Wewenang Komite Kredit,Sesuai Batas BMPK (<10% Modal),Diasuransikan Penuh (All Risk),Sesuai Proposal Usaha,Tidak,2,1,-
LEND-0151,Kantor Pusat,Kredit Modal Kerja (KMK),20818.09,11.79,29043.09,71.68,Lengkap & Terikat Sempurna,Kol 1 (Lancar),Sesuai Limit Wewenang Komite Kredit,Sesuai Batas BMPK (<10% Modal),Tanpa Asuransi Agunan (Risiko Tinggi),Indikasi Pengalihan Dana / Side-Streaming,Ya (Anomali),4,4,Indikasi penyimpangan penggunaan fasilitas kredit modal kerja (Side-Streaming) dan agunan tidak ditutup asuransi
LEND-0152,Cabang Bali,Kredit Modal Kerja (KMK),25145.39,10.66,33094.75,75.98,Lengkap & Terikat Sempurna,Kol 1 (Lancar),Sesuai Limit Wewenang Komite Kredit,Sesuai Batas BMPK (<10% Modal),Diasuransikan Penuh (All Risk),Sesuai Proposal Usaha,Tidak,1,1,-
LEND-0153,Cabang Surabaya,Kredit Modal Kerja (KMK),11116.35,9.03,15373.18,72.31,Lengkap & Terikat Sempurna,Kol 1 (Lancar),Sesuai Limit Wewenang Komite Kredit,Sesuai Batas BMPK (<10% Modal),Diasuransikan Penuh (All Risk),Sesuai Proposal Usaha,Tidak,1,1,-
LEND-0154,Cabang Surabaya,Kredit Usaha Rakyat (KUR) / Mikro,454.2,7.02,772.45,58.8,Lengkap & Terikat Sempurna,Kol 1 (Lancar),Sesuai Limit Wewenang Komite Kredit,Sesuai Batas BMPK (<10% Modal),Diasuransikan Penuh (All Risk),Sesuai Proposal Usaha,Tidak,1,1,-
LEND-0155,Kantor Pusat,Kredit Investasi (KI),24437.66,11.24,34776.8,70.27,Lengkap & Terikat Sempurna,Kol 1 (Lancar),Sesuai Limit Wewenang Komite Kredit,Sesuai Batas BMPK (<10% Modal),Diasuransikan Penuh (All Risk),Sesuai Proposal Usaha,Tidak,1,1,-
LEND-0156,Kantor Pusat,Kredit Sindikasi Korporasi,55252.54,3.6,108593.83,50.88,Lengkap & Terikat Sempurna,Kol 1 (Lancar),Sesuai Limit Wewenang Komite Kredit,Pelanggaran BMPK Pihak Terafiliasi,Diasuransikan Penuh (All Risk),Sesuai Proposal Usaha,Ya (Anomali),5,5,Pemberian bunga kredit murah ekstrem (3.6%) kepada pihak terafiliasi bank melanggar batas ketentuan BMPK OJK
LEND-0157,Cabang Bandung,Kredit Pemilikan Rumah (KPR),2317.42,7.67,3808.41,60.85,Lengkap & Terikat Sempurna,Kol 1 (Lancar),Sesuai Limit Wewenang Komite Kredit,Sesuai Batas BMPK (<10% Modal),Diasuransikan Penuh (All Risk),Sesuai Proposal Usaha,Tidak,1,1,-
LEND-0158,Cabang Surabaya,Kredit Modal Kerja (KMK),3136.84,9.23,4968.07,63.14,Lengkap & Terikat Sempurna,Kol 1 (Lancar),Sesuai Limit Wewenang Komite Kredit,Sesuai Batas BMPK (<10% Modal),Diasuransikan Penuh (All Risk),Sesuai Proposal Usaha,Tidak,1,1,-
LEND-0159,Cabang Bandung,Kredit Sindikasi Korporasi,29542.13,10.12,46625.84,63.36,Lengkap & Terikat Sempurna,Kol 1 (Lancar),Sesuai Limit Wewenang Komite Kredit,Sesuai Batas BMPK (<10% Modal),Diasuransikan Penuh (All Risk),Sesuai Proposal Usaha,Tidak,2,1,-
LEND-0160,Cabang Jakarta,Kredit Investasi (KI),32263.68,10.94,46833.62,68.89,Lengkap & Terikat Sempurna,Kol 1 (Lancar),Sesuai Limit Wewenang Komite Kredit,Sesuai Batas BMPK (<10% Modal),Diasuransikan Penuh (All Risk),Sesuai Proposal Usaha,Tidak,1,1,-
LEND-0161,Cabang Jakarta,Kredit Pemilikan Rumah (KPR),3758.31,9.47,5203.97,72.22,Lengkap & Terikat Sempurna,Kol 1 (Lancar),Sesuai Limit Wewenang Komite Kredit,Sesuai Batas BMPK (<10% Modal),Diasuransikan Penuh (All Risk),Sesuai Proposal Usaha,Tidak,1,1,-
LEND-0162,Cabang Jakarta,Kredit Pemilikan Rumah (KPR),3991.33,10.41,5278.14,75.62,Lengkap & Terikat Sempurna,Kol 1 (Lancar),Sesuai Limit Wewenang Komite Kredit,Sesuai Batas BMPK (<10% Modal),Diasuransikan Penuh (All Risk),Sesuai Proposal Usaha,Tidak,1,1,-
LEND-0163,Cabang Jakarta,Kredit Multiguna (KMG),10322.75,11.97,15666.64,65.89,Lengkap & Terikat Sempurna,Kol 3-5 (NPL / Macet),Sesuai Limit Wewenang Komite Kredit,Sesuai Batas BMPK (<10% Modal),Diasuransikan Penuh (All Risk),Sesuai Proposal Usaha,Ya (Anomali),5,5,Penyetujuan kredit kepada debitur dengan riwayat kolektibilitas macet (Kol 3-5) pada SLIK OJK tanpa analisis mitigasi risiko
LEND-0164,Cabang Jakarta,Kredit Modal Kerja (KMK),2040.93,8.98,2787.39,73.22,Lengkap & Terikat Sempurna,Kol 1 (Lancar),Sesuai Limit Wewenang Komite Kredit,Sesuai Batas BMPK (<10% Modal),Diasuransikan Penuh (All Risk),Sesuai Proposal Usaha,Tidak,1,1,-
LEND-0165,Cabang Bandung,Kredit Modal Kerja (KMK),12683.15,8.5,16289.69,77.86,Lengkap & Terikat Sempurna,Kol 1 (Lancar),Sesuai Limit Wewenang Komite Kredit,Sesuai Batas BMPK (<10% Modal),Diasuransikan Penuh (All Risk),Sesuai Proposal Usaha,Tidak,1,1,-
LEND-0166,Cabang Medan,Kredit Modal Kerja (KMK),24611.17,8.78,37160.15,66.23,Lengkap & Terikat Sempurna,Kol 1 (Lancar),Sesuai Limit Wewenang Komite Kredit,Sesuai Batas BMPK (<10% Modal),Diasuransikan Penuh (All Risk),Sesuai Proposal Usaha,Tidak,2,1,-
LEND-0167,Cabang Surabaya,Kredit Modal Kerja (KMK),29497.88,8.82,38433.72,76.75,Lengkap & Terikat Sempurna,Kol 1 (Lancar),Sesuai Limit Wewenang Komite Kredit,Sesuai Batas BMPK (<10% Modal),Diasuransikan Penuh (All Risk),Sesuai Proposal Usaha,Tidak,1,1,-
LEND-0168,Kantor Pusat,Kredit Investasi (KI),32587.06,11.92,58420.69,55.78,Lengkap & Terikat Sempurna,Kol 1 (Lancar),Sesuai Limit Wewenang Komite Kredit,Sesuai Batas BMPK (<10% Modal),Diasuransikan Penuh (All Risk),Sesuai Proposal Usaha,Tidak,1,1,-
LEND-0169,Kantor Pusat,Kredit Usaha Rakyat (KUR) / Mikro,201.78,7.4,345.81,58.35,Lengkap & Terikat Sempurna,Kol 1 (Lancar),Sesuai Limit Wewenang Komite Kredit,Sesuai Batas BMPK (<10% Modal),Diasuransikan Penuh (All Risk),Sesuai Proposal Usaha,Tidak,2,2,-
LEND-0170,Cabang Medan,Kredit Pemilikan Rumah (KPR),1759.26,8.89,2817.52,62.44,Lengkap & Terikat Sempurna,Kol 1 (Lancar),Sesuai Limit Wewenang Komite Kredit,Sesuai Batas BMPK (<10% Modal),Diasuransikan Penuh (All Risk),Sesuai Proposal Usaha,Tidak,1,1,-
LEND-0171,Cabang Bandung,Kredit Modal Kerja (KMK),6493.92,12.03,9806.58,66.22,Lengkap & Terikat Sempurna,Kol 1 (Lancar),Sesuai Limit Wewenang Komite Kredit,Sesuai Batas BMPK (<10% Modal),Diasuransikan Penuh (All Risk),Sesuai Proposal Usaha,Tidak,2,1,-
LEND-0172,Cabang Medan,Kredit Pemilikan Rumah (KPR),3713.51,10.2,4900.38,75.78,Lengkap & Terikat Sempurna,Kol 1 (Lancar),Sesuai Limit Wewenang Komite Kredit,Sesuai Batas BMPK (<10% Modal),Diasuransikan Penuh (All Risk),Sesuai Proposal Usaha,Tidak,1,1,-
LEND-0173,Cabang Surabaya,Kredit Modal Kerja (KMK),29869.8,8.73,41781.79,71.49,Lengkap & Terikat Sempurna,Kol 1 (Lancar),Sesuai Limit Wewenang Komite Kredit,Sesuai Batas BMPK (<10% Modal),Diasuransikan Penuh (All Risk),Sesuai Proposal Usaha,Tidak,1,1,-
LEND-0174,Kantor Pusat,Kredit Pemilikan Rumah (KPR),4381.95,10.06,5411.15,80.98,Lengkap & Terikat Sempurna,Kol 1 (Lancar),Sesuai Limit Wewenang Komite Kredit,Sesuai Batas BMPK (<10% Modal),Diasuransikan Penuh (All Risk),Sesuai Proposal Usaha,Tidak,1,2,-
LEND-0175,Cabang Bandung,Kredit Modal Kerja (KMK),27343.93,10.82,40696.43,67.19,Lengkap & Terikat Sempurna,Kol 1 (Lancar),Sesuai Limit Wewenang Komite Kredit,Sesuai Batas BMPK (<10% Modal),Diasuransikan Penuh (All Risk),Sesuai Proposal Usaha,Tidak,1,2,-
LEND-0176,Cabang Jakarta,Kredit Modal Kerja (KMK),15369.39,9.34,19872.5,77.34,Lengkap & Terikat Sempurna,Kol 1 (Lancar),Sesuai Limit Wewenang Komite Kredit,Sesuai Batas BMPK (<10% Modal),Diasuransikan Penuh (All Risk),Sesuai Proposal Usaha,Tidak,1,1,-
LEND-0177,Cabang Medan,Kredit Pemilikan Rumah (KPR),1208.68,7.84,1486.87,81.29,Lengkap & Terikat Sempurna,Kol 1 (Lancar),Sesuai Limit Wewenang Komite Kredit,Sesuai Batas BMPK (<10% Modal),Diasuransikan Penuh (All Risk),Sesuai Proposal Usaha,Tidak,1,1,-
LEND-0178,Kantor Pusat,Kredit Pemilikan Rumah (KPR),4274.8,9.26,5545.21,77.09,Lengkap & Terikat Sempurna,Kol 1 (Lancar),Sesuai Limit Wewenang Komite Kredit,Sesuai Batas BMPK (<10% Modal),Diasuransikan Penuh (All Risk),Sesuai Proposal Usaha,Tidak,1,1,-
LEND-0179,Cabang Bali,Kredit Pemilikan Rumah (KPR),2886.38,8.14,3682.55,78.38,Lengkap & Terikat Sempurna,Kol 1 (Lancar),Sesuai Limit Wewenang Komite Kredit,Sesuai Batas BMPK (<10% Modal),Diasuransikan Penuh (All Risk),Sesuai Proposal Usaha,Tidak,2,2,-
LEND-0180,Kantor Pusat,Kredit Multiguna (KMG),1598.69,11.55,2274.1,70.3,Lengkap & Terikat Sempurna,Kol 1 (Lancar),Sesuai Limit Wewenang Komite Kredit,Sesuai Batas BMPK (<10% Modal),Diasuransikan Penuh (All Risk),Sesuai Proposal Usaha,Tidak,2,1,-
LEND-0181,Cabang Bandung,Kredit Investasi (KI),30066.76,11.64,49080.57,61.26,Lengkap & Terikat Sempurna,Kol 1 (Lancar),Sesuai Limit Wewenang Komite Kredit,Sesuai Batas BMPK (<10% Modal),Diasuransikan Penuh (All Risk),Sesuai Proposal Usaha,Tidak,1,1,-
LEND-0182,Cabang Medan,Kredit Usaha Rakyat (KUR) / Mikro,266.43,6.89,409.64,65.04,Lengkap & Terikat Sempurna,Kol 2 (Dalam Perhatian Khusus),Sesuai Limit Wewenang Komite Kredit,Sesuai Batas BMPK (<10% Modal),Diasuransikan Penuh (All Risk),Sesuai Proposal Usaha,Tidak,1,2,-
LEND-0183,Cabang Jakarta,Kredit Modal Kerja (KMK),18656.75,9.02,23589.27,79.09,Lengkap & Terikat Sempurna,Kol 1 (Lancar),Sesuai Limit Wewenang Komite Kredit,Sesuai Batas BMPK (<10% Modal),Diasuransikan Penuh (All Risk),Sesuai Proposal Usaha,Tidak,1,1,-
LEND-0184,Kantor Pusat,Kredit Modal Kerja (KMK),19124.84,8.93,26677.14,71.69,Lengkap & Terikat Sempurna,Kol 1 (Lancar),Sesuai Limit Wewenang Komite Kredit,Sesuai Batas BMPK (<10% Modal),Diasuransikan Penuh (All Risk),Sesuai Proposal Usaha,Tidak,1,1,-
LEND-0185,Cabang Medan,Kredit Usaha Rakyat (KUR) / Mikro,362.07,7.36,585.87,61.8,Lengkap & Terikat Sempurna,Kol 1 (Lancar),Sesuai Limit Wewenang Komite Kredit,Sesuai Batas BMPK (<10% Modal),Diasuransikan Penuh (All Risk),Sesuai Proposal Usaha,Tidak,1,1,-
LEND-0186,Cabang Medan,Kredit Modal Kerja (KMK),23638.03,10.7,29740.85,79.48,Lengkap & Terikat Sempurna,Kol 1 (Lancar),Sesuai Limit Wewenang Komite Kredit,Sesuai Batas BMPK (<10% Modal),Diasuransikan Penuh (All Risk),Sesuai Proposal Usaha,Tidak,2,1,-
LEND-0187,Cabang Bandung,Kredit Multiguna (KMG),2037.69,13.55,3679.47,55.38,Lengkap & Terikat Sempurna,Kol 1 (Lancar),Sesuai Limit Wewenang Komite Kredit,Sesuai Batas BMPK (<10% Modal),Diasuransikan Penuh (All Risk),Sesuai Proposal Usaha,Tidak,1,2,-
LEND-0188,Cabang Bandung,Kredit Pemilikan Rumah (KPR),4264.05,10.12,5784.9,73.71,Lengkap & Terikat Sempurna,Kol 1 (Lancar),Sesuai Limit Wewenang Komite Kredit,Sesuai Batas BMPK (<10% Modal),Diasuransikan Penuh (All Risk),Sesuai Proposal Usaha,Tidak,1,2,-
LEND-0189,Cabang Jakarta,Kredit Modal Kerja (KMK),5792.1,10.71,7104.26,81.53,Lengkap & Terikat Sempurna,Kol 1 (Lancar),Sesuai Limit Wewenang Komite Kredit,Sesuai Batas BMPK (<10% Modal),Tanpa Asuransi Agunan (Risiko Tinggi),Indikasi Pengalihan Dana / Side-Streaming,Ya (Anomali),4,4,Indikasi penyimpangan penggunaan fasilitas kredit modal kerja (Side-Streaming) dan agunan tidak ditutup asuransi
LEND-0190,Cabang Surabaya,Kredit Pemilikan Rumah (KPR),2455.01,7.63,3117.08,78.76,Lengkap & Terikat Sempurna,Kol 1 (Lancar),Sesuai Limit Wewenang Komite Kredit,Sesuai Batas BMPK (<10% Modal),Diasuransikan Penuh (All Risk),Sesuai Proposal Usaha,Tidak,1,1,-
LEND-0191,Cabang Jakarta,Kredit Modal Kerja (KMK),10870.5,9.05,17143.2,63.41,Lengkap & Terikat Sempurna,Kol 1 (Lancar),Sesuai Limit Wewenang Komite Kredit,Sesuai Batas BMPK (<10% Modal),Diasuransikan Penuh (All Risk),Sesuai Proposal Usaha,Tidak,1,2,-
LEND-0192,Cabang Bandung,Kredit Modal Kerja (KMK),25425.71,8.63,39517.73,64.34,Lengkap & Terikat Sempurna,Kol 1 (Lancar),Sesuai Limit Wewenang Komite Kredit,Sesuai Batas BMPK (<10% Modal),Diasuransikan Penuh (All Risk),Sesuai Proposal Usaha,Tidak,2,2,-
LEND-0193,Cabang Surabaya,Kredit Pemilikan Rumah (KPR),1863.09,7.88,2284.88,81.54,Lengkap & Terikat Sempurna,Kol 1 (Lancar),Sesuai Limit Wewenang Komite Kredit,Sesuai Batas BMPK (<10% Modal),Diasuransikan Penuh (All Risk),Sesuai Proposal Usaha,Tidak,2,1,-
LEND-0194,Cabang Bandung,Kredit Usaha Rakyat (KUR) / Mikro,384.78,6.32,746.71,51.53,Lengkap & Terikat Sempurna,Kol 1 (Lancar),Sesuai Limit Wewenang Komite Kredit,Sesuai Batas BMPK (<10% Modal),Diasuransikan Penuh (All Risk),Sesuai Proposal Usaha,Tidak,1,1,-
LEND-0195,Cabang Bandung,Kredit Modal Kerja (KMK),20579.99,10.59,33809.74,60.87,Lengkap & Terikat Sempurna,Kol 1 (Lancar),Sesuai Limit Wewenang Komite Kredit,Sesuai Batas BMPK (<10% Modal),Diasuransikan Penuh (All Risk),Sesuai Proposal Usaha,Tidak,1,1,-
LEND-0196,Cabang Medan,Kredit Sindikasi Korporasi,52019.64,8.58,93158.38,55.84,Lengkap & Terikat Sempurna,Kol 2 (Dalam Perhatian Khusus),Sesuai Limit Wewenang Komite Kredit,Sesuai Batas BMPK (<10% Modal),Diasuransikan Penuh (All Risk),Sesuai Proposal Usaha,Tidak,1,1,-
LEND-0197,Kantor Pusat,Kredit Pemilikan Rumah (KPR),585.03,8.02,888.02,65.88,Lengkap & Terikat Sempurna,Kol 1 (Lancar),Sesuai Limit Wewenang Komite Kredit,Sesuai Batas BMPK (<10% Modal),Diasuransikan Penuh (All Risk),Sesuai Proposal Usaha,Tidak,1,2,-
LEND-0198,Cabang Medan,Kredit Modal Kerja (KMK),11005.23,9.52,18223.6,60.39,Lengkap & Terikat Sempurna,Kol 1 (Lancar),Sesuai Limit Wewenang Komite Kredit,Sesuai Batas BMPK (<10% Modal),Diasuransikan Penuh (All Risk),Sesuai Proposal Usaha,Tidak,2,1,-
LEND-0199,Cabang Bali,Kredit Investasi (KI),21000.16,10.96,33482.4,62.72,Lengkap & Terikat Sempurna,Kol 1 (Lancar),Sesuai Limit Wewenang Komite Kredit,Sesuai Batas BMPK (<10% Modal),Diasuransikan Penuh (All Risk),Sesuai Proposal Usaha,Tidak,2,1,-
LEND-0200,Cabang Bandung,Kredit Investasi (KI),35330.7,9.46,58610.98,60.28,Lengkap & Terikat Sempurna,Kol 1 (Lancar),Sesuai Limit Wewenang Komite Kredit,Sesuai Batas BMPK (<10% Modal),Diasuransikan Penuh (All Risk),Sesuai Proposal Usaha,Tidak,1,1,-
LEND-0201,Cabang Jakarta,Kredit Usaha Rakyat (KUR) / Mikro,167.4,7.27,239.62,69.86,Lengkap & Terikat Sempurna,Kol 1 (Lancar),Sesuai Limit Wewenang Komite Kredit,Sesuai Batas BMPK (<10% Modal),Diasuransikan Penuh (All Risk),Sesuai Proposal Usaha,Tidak,1,1,-
LEND-0202,Cabang Bali,Kredit Investasi (KI),69973.05,8.99,86163.1,81.21,Lengkap & Terikat Sempurna,Kol 1 (Lancar),Melampaui Limit Wewenang Cabang (BKMK Breach),Sesuai Batas BMPK (<10% Modal),Diasuransikan Penuh (All Risk),Sesuai Proposal Usaha,Ya (Anomali),5,4,Pencairan kredit bernilai Rp 69973.05 Juta melampaui batas kewenangan memutus kredit (BKMK) komite cabang tanpa persetujuan Kantor Pusat
LEND-0203,Cabang Jakarta,Kredit Pemilikan Rumah (KPR),696.33,10.27,1049.16,66.37,Lengkap & Terikat Sempurna,Kol 1 (Lancar),Sesuai Limit Wewenang Komite Kredit,Sesuai Batas BMPK (<10% Modal),Diasuransikan Penuh (All Risk),Sesuai Proposal Usaha,Tidak,2,2,-
LEND-0204,Cabang Jakarta,Kredit Multiguna (KMG),1980.56,10.89,3451.66,57.38,Lengkap & Terikat Sempurna,Kol 1 (Lancar),Sesuai Limit Wewenang Komite Kredit,Sesuai Batas BMPK (<10% Modal),Diasuransikan Penuh (All Risk),Sesuai Proposal Usaha,Tidak,1,1,-
LEND-0205,Cabang Surabaya,Kredit Multiguna (KMG),744.25,11.87,996.85,74.66,Lengkap & Terikat Sempurna,Kol 2 (Dalam Perhatian Khusus),Sesuai Limit Wewenang Komite Kredit,Sesuai Batas BMPK (<10% Modal),Diasuransikan Penuh (All Risk),Sesuai Proposal Usaha,Tidak,2,2,-
LEND-0206,Kantor Pusat,Kredit Sindikasi Korporasi,24266.45,8.35,47275.38,51.33,Lengkap & Terikat Sempurna,Kol 1 (Lancar),Sesuai Limit Wewenang Komite Kredit,Sesuai Batas BMPK (<10% Modal),Diasuransikan Penuh (All Risk),Sesuai Proposal Usaha,Tidak,2,1,-
LEND-0207,Cabang Bali,Kredit Usaha Rakyat (KUR) / Mikro,164.83,7.26,241.01,68.39,Lengkap & Terikat Sempurna,Kol 1 (Lancar),Sesuai Limit Wewenang Komite Kredit,Sesuai Batas BMPK (<10% Modal),Diasuransikan Penuh (All Risk),Sesuai Proposal Usaha,Tidak,2,2,-
LEND-0208,Cabang Bali,Kredit Usaha Rakyat (KUR) / Mikro,245.69,7.48,385.76,63.69,Lengkap & Terikat Sempurna,Kol 1 (Lancar),Sesuai Limit Wewenang Komite Kredit,Sesuai Batas BMPK (<10% Modal),Diasuransikan Penuh (All Risk),Sesuai Proposal Usaha,Tidak,1,2,-
LEND-0209,Kantor Pusat,Kredit Modal Kerja (KMK),20000.06,11.39,27151.86,73.66,Lengkap & Terikat Sempurna,Kol 2 (Dalam Perhatian Khusus),Sesuai Limit Wewenang Komite Kredit,Sesuai Batas BMPK (<10% Modal),Diasuransikan Penuh (All Risk),Sesuai Proposal Usaha,Tidak,1,1,-
LEND-0210,Cabang Bandung,Kredit Multiguna (KMG),1083.23,10.04,1884.21,57.49,Lengkap & Terikat Sempurna,Kol 2 (Dalam Perhatian Khusus),Sesuai Limit Wewenang Komite Kredit,Sesuai Batas BMPK (<10% Modal),Diasuransikan Penuh (All Risk),Sesuai Proposal Usaha,Tidak,1,1,-
LEND-0211,Cabang Jakarta,Kredit Pemilikan Rumah (KPR),1867.56,10.13,2360.71,79.11,Lengkap & Terikat Sempurna,Kol 1 (Lancar),Sesuai Limit Wewenang Komite Kredit,Sesuai Batas BMPK (<10% Modal),Diasuransikan Penuh (All Risk),Sesuai Proposal Usaha,Tidak,1,1,-
LEND-0212,Cabang Bandung,Kredit Modal Kerja (KMK),9178.39,13.06,14557.32,63.05,Lengkap & Terikat Sempurna,Kol 3-5 (NPL / Macet),Sesuai Limit Wewenang Komite Kredit,Sesuai Batas BMPK (<10% Modal),Diasuransikan Penuh (All Risk),Sesuai Proposal Usaha,Ya (Anomali),5,5,Penyetujuan kredit kepada debitur dengan riwayat kolektibilitas macet (Kol 3-5) pada SLIK OJK tanpa analisis mitigasi risiko
LEND-0213,Cabang Surabaya,Kredit Modal Kerja (KMK),26642.13,10.35,41082.7,64.85,Lengkap & Terikat Sempurna,Kol 1 (Lancar),Sesuai Limit Wewenang Komite Kredit,Sesuai Batas BMPK (<10% Modal),Diasuransikan Penuh (All Risk),Sesuai Proposal Usaha,Tidak,1,1,-
LEND-0214,Cabang Medan,Kredit Multiguna (KMG),2295.11,13.13,3447.66,66.57,Lengkap & Terikat Sempurna,Kol 1 (Lancar),Sesuai Limit Wewenang Komite Kredit,Sesuai Batas BMPK (<10% Modal),Diasuransikan Penuh (All Risk),Sesuai Proposal Usaha,Tidak,1,1,-
LEND-0215,Cabang Jakarta,Kredit Sindikasi Korporasi,30526.2,8.36,49371.18,61.83,Lengkap & Terikat Sempurna,Kol 1 (Lancar),Sesuai Limit Wewenang Komite Kredit,Sesuai Batas BMPK (<10% Modal),Diasuransikan Penuh (All Risk),Sesuai Proposal Usaha,Tidak,1,2,-
LEND-0216,Cabang Medan,Kredit Pemilikan Rumah (KPR),915.83,9.1,1302.19,70.33,Lengkap & Terikat Sempurna,Kol 1 (Lancar),Sesuai Limit Wewenang Komite Kredit,Sesuai Batas BMPK (<10% Modal),Diasuransikan Penuh (All Risk),Sesuai Proposal Usaha,Tidak,1,1,-
LEND-0217,Cabang Bali,Kredit Multiguna (KMG),2304.34,10.71,3803.8,60.58,Lengkap & Terikat Sempurna,Kol 1 (Lancar),Sesuai Limit Wewenang Komite Kredit,Sesuai Batas BMPK (<10% Modal),Diasuransikan Penuh (All Risk),Sesuai Proposal Usaha,Tidak,2,1,-
LEND-0218,Cabang Bali,Kredit Multiguna (KMG),765.48,11.12,1329.19,57.59,Lengkap & Terikat Sempurna,Kol 1 (Lancar),Sesuai Limit Wewenang Komite Kredit,Sesuai Batas BMPK (<10% Modal),Diasuransikan Penuh (All Risk),Sesuai Proposal Usaha,Tidak,2,2,-
LEND-0219,Cabang Jakarta,Kredit Pemilikan Rumah (KPR),2558.67,8.45,4193.85,61.01,Lengkap & Terikat Sempurna,Kol 1 (Lancar),Sesuai Limit Wewenang Komite Kredit,Sesuai Batas BMPK (<10% Modal),Diasuransikan Penuh (All Risk),Sesuai Proposal Usaha,Tidak,1,1,-
LEND-0220,Kantor Pusat,Kredit Pemilikan Rumah (KPR),3765.57,9.66,4554.94,82.67,Lengkap & Terikat Sempurna,Kol 1 (Lancar),Sesuai Limit Wewenang Komite Kredit,Sesuai Batas BMPK (<10% Modal),Diasuransikan Penuh (All Risk),Sesuai Proposal Usaha,Tidak,1,1,-
LEND-0221,Cabang Surabaya,Kredit Pemilikan Rumah (KPR),4366.73,8.5,6772.22,64.48,Lengkap & Terikat Sempurna,Kol 1 (Lancar),Sesuai Limit Wewenang Komite Kredit,Sesuai Batas BMPK (<10% Modal),Diasuransikan Penuh (All Risk),Sesuai Proposal Usaha,Tidak,1,2,-
LEND-0222,Cabang Surabaya,Kredit Pemilikan Rumah (KPR),1399.28,8.84,1695.07,82.55,Lengkap & Terikat Sempurna,Kol 1 (Lancar),Sesuai Limit Wewenang Komite Kredit,Sesuai Batas BMPK (<10% Modal),Diasuransikan Penuh (All Risk),Sesuai Proposal Usaha,Tidak,1,2,-
LEND-0223,Cabang Bali,Kredit Usaha Rakyat (KUR) / Mikro,377.72,6.57,557.68,67.73,Lengkap & Terikat Sempurna,Kol 2 (Dalam Perhatian Khusus),Sesuai Limit Wewenang Komite Kredit,Sesuai Batas BMPK (<10% Modal),Diasuransikan Penuh (All Risk),Sesuai Proposal Usaha,Tidak,1,2,-
LEND-0224,Cabang Bandung,Kredit Usaha Rakyat (KUR) / Mikro,494.2,6.49,670.47,73.71,Lengkap & Terikat Sempurna,Kol 1 (Lancar),Sesuai Limit Wewenang Komite Kredit,Sesuai Batas BMPK (<10% Modal),Diasuransikan Penuh (All Risk),Sesuai Proposal Usaha,Tidak,1,1,-
LEND-0225,Cabang Bali,Kredit Investasi (KI),24760.82,9.03,36786.24,67.31,Lengkap & Terikat Sempurna,Kol 1 (Lancar),Sesuai Limit Wewenang Komite Kredit,Sesuai Batas BMPK (<10% Modal),Diasuransikan Penuh (All Risk),Sesuai Proposal Usaha,Tidak,1,1,-
LEND-0226,Kantor Pusat,Kredit Usaha Rakyat (KUR) / Mikro,409.38,6.18,733.26,55.83,Lengkap & Terikat Sempurna,Kol 1 (Lancar),Sesuai Limit Wewenang Komite Kredit,Sesuai Batas BMPK (<10% Modal),Diasuransikan Penuh (All Risk),Sesuai Proposal Usaha,Tidak,1,2,-
LEND-0227,Cabang Jakarta,Kredit Sindikasi Korporasi,57613.53,9.45,82529.05,69.81,Lengkap & Terikat Sempurna,Kol 1 (Lancar),Sesuai Limit Wewenang Komite Kredit,Sesuai Batas BMPK (<10% Modal),Diasuransikan Penuh (All Risk),Sesuai Proposal Usaha,Tidak,1,1,-
LEND-0228,Cabang Jakarta,Kredit Pemilikan Rumah (KPR),1509.3,8.31,2328.09,64.83,Lengkap & Terikat Sempurna,Kol 1 (Lancar),Sesuai Limit Wewenang Komite Kredit,Sesuai Batas BMPK (<10% Modal),Diasuransikan Penuh (All Risk),Sesuai Proposal Usaha,Tidak,1,2,-
LEND-0229,Cabang Jakarta,Kredit Multiguna (KMG),7081.96,13.16,10263.71,69.0,Lengkap & Terikat Sempurna,Kol 3-5 (NPL / Macet),Sesuai Limit Wewenang Komite Kredit,Sesuai Batas BMPK (<10% Modal),Diasuransikan Penuh (All Risk),Sesuai Proposal Usaha,Ya (Anomali),5,5,Penyetujuan kredit kepada debitur dengan riwayat kolektibilitas macet (Kol 3-5) pada SLIK OJK tanpa analisis mitigasi risiko
LEND-0230,Cabang Bali,Kredit Modal Kerja (KMK),1409.89,10.87,2112.51,66.74,Lengkap & Terikat Sempurna,Kol 1 (Lancar),Sesuai Limit Wewenang Komite Kredit,Sesuai Batas BMPK (<10% Modal),Diasuransikan Penuh (All Risk),Sesuai Proposal Usaha,Tidak,1,1,-
LEND-0231,Cabang Jakarta,Kredit Pemilikan Rumah (KPR),2595.42,10.29,3996.64,64.94,Lengkap & Terikat Sempurna,Kol 1 (Lancar),Sesuai Limit Wewenang Komite Kredit,Sesuai Batas BMPK (<10% Modal),Diasuransikan Penuh (All Risk),Sesuai Proposal Usaha,Tidak,1,2,-
LEND-0232,Cabang Jakarta,Kredit Modal Kerja (KMK),19065.54,10.38,24318.29,78.4,Lengkap & Terikat Sempurna,Kol 1 (Lancar),Sesuai Limit Wewenang Komite Kredit,Sesuai Batas BMPK (<10% Modal),Diasuransikan Penuh (All Risk),Sesuai Proposal Usaha,Tidak,1,2,-
LEND-0233,Cabang Bali,Kredit Usaha Rakyat (KUR) / Mikro,342.09,7.45,522.99,65.41,Lengkap & Terikat Sempurna,Kol 1 (Lancar),Sesuai Limit Wewenang Komite Kredit,Sesuai Batas BMPK (<10% Modal),Diasuransikan Penuh (All Risk),Sesuai Proposal Usaha,Tidak,1,1,-
LEND-0234,Cabang Jakarta,Kredit Multiguna (KMG),182.86,11.19,250.15,73.1,Lengkap & Terikat Sempurna,Kol 1 (Lancar),Sesuai Limit Wewenang Komite Kredit,Sesuai Batas BMPK (<10% Modal),Diasuransikan Penuh (All Risk),Sesuai Proposal Usaha,Tidak,1,2,-
LEND-0235,Cabang Jakarta,Kredit Multiguna (KMG),907.24,11.52,1317.32,68.87,Lengkap & Terikat Sempurna,Kol 1 (Lancar),Sesuai Limit Wewenang Komite Kredit,Sesuai Batas BMPK (<10% Modal),Diasuransikan Penuh (All Risk),Sesuai Proposal Usaha,Tidak,1,1,-
LEND-0236,Cabang Medan,Kredit Pemilikan Rumah (KPR),1728.44,10.16,2083.46,82.96,Lengkap & Terikat Sempurna,Kol 1 (Lancar),Sesuai Limit Wewenang Komite Kredit,Sesuai Batas BMPK (<10% Modal),Diasuransikan Penuh (All Risk),Sesuai Proposal Usaha,Tidak,1,1,-
LEND-0237,Cabang Medan,Kredit Multiguna (KMG),1722.23,13.3,3061.74,56.25,Lengkap & Terikat Sempurna,Kol 1 (Lancar),Sesuai Limit Wewenang Komite Kredit,Sesuai Batas BMPK (<10% Modal),Diasuransikan Penuh (All Risk),Sesuai Proposal Usaha,Tidak,1,1,-
LEND-0238,Cabang Bandung,Kredit Investasi (KI),1438.54,9.99,1946.6,73.9,Lengkap & Terikat Sempurna,Kol 1 (Lancar),Sesuai Limit Wewenang Komite Kredit,Sesuai Batas BMPK (<10% Modal),Diasuransikan Penuh (All Risk),Sesuai Proposal Usaha,Tidak,1,2,-
LEND-0239,Kantor Pusat,Kredit Modal Kerja (KMK),3683.0,9.17,5902.24,62.4,Lengkap & Terikat Sempurna,Kol 1 (Lancar),Sesuai Limit Wewenang Komite Kredit,Sesuai Batas BMPK (<10% Modal),Diasuransikan Penuh (All Risk),Sesuai Proposal Usaha,Tidak,1,2,-
LEND-0240,Cabang Jakarta,Kredit Modal Kerja (KMK),9674.55,9.47,12758.21,75.83,Lengkap & Terikat Sempurna,Kol 2 (Dalam Perhatian Khusus),Sesuai Limit Wewenang Komite Kredit,Sesuai Batas BMPK (<10% Modal),Diasuransikan Penuh (All Risk),Sesuai Proposal Usaha,Tidak,1,1,-
LEND-0241,Cabang Medan,Kredit Sindikasi Korporasi,43148.82,8.86,72094.94,59.85,Lengkap & Terikat Sempurna,Kol 1 (Lancar),Sesuai Limit Wewenang Komite Kredit,Sesuai Batas BMPK (<10% Modal),Diasuransikan Penuh (All Risk),Sesuai Proposal Usaha,Tidak,1,1,-
LEND-0242,Kantor Pusat,Kredit Multiguna (KMG),2484.65,10.16,3695.2,67.24,Lengkap & Terikat Sempurna,Kol 1 (Lancar),Sesuai Limit Wewenang Komite Kredit,Sesuai Batas BMPK (<10% Modal),Diasuransikan Penuh (All Risk),Sesuai Proposal Usaha,Tidak,1,1,-
LEND-0243,Cabang Bali,Kredit Multiguna (KMG),1094.91,13.32,1632.0,67.09,Lengkap & Terikat Sempurna,Kol 1 (Lancar),Sesuai Limit Wewenang Komite Kredit,Sesuai Batas BMPK (<10% Modal),Diasuransikan Penuh (All Risk),Sesuai Proposal Usaha,Tidak,1,1,-
LEND-0244,Cabang Jakarta,Kredit Multiguna (KMG),532.94,12.42,821.93,64.84,Lengkap & Terikat Sempurna,Kol 1 (Lancar),Sesuai Limit Wewenang Komite Kredit,Sesuai Batas BMPK (<10% Modal),Diasuransikan Penuh (All Risk),Sesuai Proposal Usaha,Tidak,1,1,-
LEND-0245,Cabang Bandung,Kredit Investasi (KI),17663.75,11.07,27971.1,63.15,Lengkap & Terikat Sempurna,Kol 1 (Lancar),Sesuai Limit Wewenang Komite Kredit,Sesuai Batas BMPK (<10% Modal),Diasuransikan Penuh (All Risk),Sesuai Proposal Usaha,Tidak,2,1,-
LEND-0246,Cabang Surabaya,Kredit Pemilikan Rumah (KPR),521.8,8.03,734.31,71.06,Lengkap & Terikat Sempurna,Kol 1 (Lancar),Sesuai Limit Wewenang Komite Kredit,Sesuai Batas BMPK (<10% Modal),Diasuransikan Penuh (All Risk),Sesuai Proposal Usaha,Tidak,2,1,-
LEND-0247,Cabang Bali,Kredit Investasi (KI),26370.53,9.24,41184.65,64.03,Lengkap & Terikat Sempurna,Kol 1 (Lancar),Sesuai Limit Wewenang Komite Kredit,Sesuai Batas BMPK (<10% Modal),Diasuransikan Penuh (All Risk),Sesuai Proposal Usaha,Tidak,1,1,-
LEND-0248,Cabang Bandung,Kredit Modal Kerja (KMK),6872.34,9.53,10849.92,63.34,Lengkap & Terikat Sempurna,Kol 1 (Lancar),Sesuai Limit Wewenang Komite Kredit,Sesuai Batas BMPK (<10% Modal),Diasuransikan Penuh (All Risk),Sesuai Proposal Usaha,Tidak,2,2,-
LEND-0249,Cabang Jakarta,Kredit Usaha Rakyat (KUR) / Mikro,106.0,7.27,162.73,65.14,Lengkap & Terikat Sempurna,Kol 1 (Lancar),Sesuai Limit Wewenang Komite Kredit,Sesuai Batas BMPK (<10% Modal),Diasuransikan Penuh (All Risk),Sesuai Proposal Usaha,Tidak,1,1,-
LEND-0250,Cabang Bali,Kredit Usaha Rakyat (KUR) / Mikro,476.88,6.36,865.17,55.12,Lengkap & Terikat Sempurna,Kol 1 (Lancar),Sesuai Limit Wewenang Komite Kredit,Sesuai Batas BMPK (<10% Modal),Diasuransikan Penuh (All Risk),Sesuai Proposal Usaha,Tidak,2,1,-
LEND-0251,Kantor Pusat,Kredit Sindikasi Korporasi,27186.14,10.24,41973.35,64.77,Lengkap & Terikat Sempurna,Kol 1 (Lancar),Sesuai Limit Wewenang Komite Kredit,Sesuai Batas BMPK (<10% Modal),Diasuransikan Penuh (All Risk),Sesuai Proposal Usaha,Tidak,1,1,-
LEND-0252,Cabang Jakarta,Kredit Pemilikan Rumah (KPR),413.61,8.83,547.1,75.6,Lengkap & Terikat Sempurna,Kol 1 (Lancar),Sesuai Limit Wewenang Komite Kredit,Sesuai Batas BMPK (<10% Modal),Diasuransikan Penuh (All Risk),Sesuai Proposal Usaha,Tidak,1,1,-
LEND-0253,Cabang Jakarta,Kredit Investasi (KI),1144.93,10.6,1544.07,74.15,Lengkap & Terikat Sempurna,Kol 1 (Lancar),Sesuai Limit Wewenang Komite Kredit,Sesuai Batas BMPK (<10% Modal),Diasuransikan Penuh (All Risk),Sesuai Proposal Usaha,Tidak,2,1,-
LEND-0254,Cabang Surabaya,Kredit Modal Kerja (KMK),2623.42,10.05,3930.81,66.74,Lengkap & Terikat Sempurna,Kol 1 (Lancar),Sesuai Limit Wewenang Komite Kredit,Sesuai Batas BMPK (<10% Modal),Diasuransikan Penuh (All Risk),Sesuai Proposal Usaha,Tidak,2,1,-
LEND-0255,Cabang Medan,Kredit Pemilikan Rumah (KPR),3029.2,9.69,3580.61,84.6,Lengkap & Terikat Sempurna,Kol 1 (Lancar),Sesuai Limit Wewenang Komite Kredit,Sesuai Batas BMPK (<10% Modal),Diasuransikan Penuh (All Risk),Sesuai Proposal Usaha,Tidak,1,1,-
LEND-0256,Cabang Jakarta,Kredit Pemilikan Rumah (KPR),1451.47,9.35,2157.04,67.29,Lengkap & Terikat Sempurna,Kol 1 (Lancar),Sesuai Limit Wewenang Komite Kredit,Sesuai Batas BMPK (<10% Modal),Diasuransikan Penuh (All Risk),Sesuai Proposal Usaha,Tidak,2,1,-
LEND-0257,Cabang Medan,Kredit Modal Kerja (KMK),27106.87,9.44,41102.15,65.95,Lengkap & Terikat Sempurna,Kol 1 (Lancar),Sesuai Limit Wewenang Komite Kredit,Sesuai Batas BMPK (<10% Modal),Diasuransikan Penuh (All Risk),Sesuai Proposal Usaha,Tidak,2,1,-
LEND-0258,Cabang Jakarta,Kredit Sindikasi Korporasi,33266.34,8.88,47954.94,69.37,Lengkap & Terikat Sempurna,Kol 1 (Lancar),Sesuai Limit Wewenang Komite Kredit,Sesuai Batas BMPK (<10% Modal),Diasuransikan Penuh (All Risk),Sesuai Proposal Usaha,Tidak,2,2,-
LEND-0259,Cabang Medan,Kredit Usaha Rakyat (KUR) / Mikro,304.0,6.78,428.89,70.88,Lengkap & Terikat Sempurna,Kol 1 (Lancar),Sesuai Limit Wewenang Komite Kredit,Sesuai Batas BMPK (<10% Modal),Diasuransikan Penuh (All Risk),Sesuai Proposal Usaha,Tidak,1,1,-
LEND-0260,Kantor Pusat,Kredit Modal Kerja (KMK),26644.44,10.94,41939.93,63.53,Lengkap & Terikat Sempurna,Kol 1 (Lancar),Sesuai Limit Wewenang Komite Kredit,Sesuai Batas BMPK (<10% Modal),Diasuransikan Penuh (All Risk),Sesuai Proposal Usaha,Tidak,1,2,-
LEND-0261,Kantor Pusat,Kredit Usaha Rakyat (KUR) / Mikro,168.15,6.92,335.29,50.15,Lengkap & Terikat Sempurna,Kol 1 (Lancar),Sesuai Limit Wewenang Komite Kredit,Sesuai Batas BMPK (<10% Modal),Diasuransikan Penuh (All Risk),Sesuai Proposal Usaha,Tidak,1,1,-
LEND-0262,Cabang Jakarta,Kredit Multiguna (KMG),2225.85,10.24,3267.54,68.12,Lengkap & Terikat Sempurna,Kol 1 (Lancar),Sesuai Limit Wewenang Komite Kredit,Sesuai Batas BMPK (<10% Modal),Diasuransikan Penuh (All Risk),Sesuai Proposal Usaha,Tidak,1,2,-
LEND-0263,Cabang Surabaya,Kredit Pemilikan Rumah (KPR),4154.92,8.49,5121.94,81.12,Lengkap & Terikat Sempurna,Kol 1 (Lancar),Sesuai Limit Wewenang Komite Kredit,Sesuai Batas BMPK (<10% Modal),Diasuransikan Penuh (All Risk),Sesuai Proposal Usaha,Tidak,2,2,-
LEND-0264,Cabang Jakarta,Kredit Modal Kerja (KMK),22404.41,9.68,33020.5,67.85,Lengkap & Terikat Sempurna,Kol 1 (Lancar),Sesuai Limit Wewenang Komite Kredit,Sesuai Batas BMPK (<10% Modal),Diasuransikan Penuh (All Risk),Sesuai Proposal Usaha,Tidak,1,2,-
LEND-0265,Kantor Pusat,Kredit Multiguna (KMG),243.4,13.04,389.81,62.44,Lengkap & Terikat Sempurna,Kol 1 (Lancar),Sesuai Limit Wewenang Komite Kredit,Sesuai Batas BMPK (<10% Modal),Diasuransikan Penuh (All Risk),Sesuai Proposal Usaha,Tidak,1,2,-
LEND-0266,Cabang Surabaya,Kredit Modal Kerja (KMK),37083.03,11.43,49273.23,75.26,Lengkap & Terikat Sempurna,Kol 1 (Lancar),Melampaui Limit Wewenang Cabang (BKMK Breach),Sesuai Batas BMPK (<10% Modal),Diasuransikan Penuh (All Risk),Sesuai Proposal Usaha,Ya (Anomali),5,5,Pencairan kredit bernilai Rp 37083.03 Juta melampaui batas kewenangan memutus kredit (BKMK) komite cabang tanpa persetujuan Kantor Pusat
LEND-0267,Cabang Bali,Kredit Modal Kerja (KMK),18047.19,9.07,14872.01,121.35,Lengkap & Terikat Sempurna,Kol 1 (Lancar),Sesuai Limit Wewenang Komite Kredit,Sesuai Batas BMPK (<10% Modal),Diasuransikan Penuh (All Risk),Sesuai Proposal Usaha,Ya (Anomali),5,5,"Rasio Loan to Value (121.35%) melampaui batas wajar (>100%), agunan defisit (Rp 14872.01 Juta) tidak mencukupi plafon kredit"
LEND-0268,Cabang Surabaya,Kredit Multiguna (KMG),1424.34,13.29,2242.0,63.53,Lengkap & Terikat Sempurna,Kol 2 (Dalam Perhatian Khusus),Sesuai Limit Wewenang Komite Kredit,Sesuai Batas BMPK (<10% Modal),Diasuransikan Penuh (All Risk),Sesuai Proposal Usaha,Tidak,1,2,-
LEND-0269,Cabang Jakarta,Kredit Modal Kerja (KMK),11916.8,8.95,15630.64,76.24,Pencairan Sebelum Syarat Efektif Lengkap (Pelanggaran),Kol 1 (Lancar),Sesuai Limit Wewenang Komite Kredit,Sesuai Batas BMPK (<10% Modal),Diasuransikan Penuh (All Risk),Sesuai Proposal Usaha,Ya (Anomali),4,5,Pencairan fasilitas kredit mendahului pemenuhan dokumen syarat efektif dan bukti pengikatan agunan (APHT/Fidusia)
LEND-0270,Cabang Surabaya,Kredit Usaha Rakyat (KUR) / Mikro,308.66,6.63,611.45,50.48,Lengkap & Terikat Sempurna,Kol 1 (Lancar),Sesuai Limit Wewenang Komite Kredit,Sesuai Batas BMPK (<10% Modal),Diasuransikan Penuh (All Risk),Sesuai Proposal Usaha,Tidak,1,2,-
LEND-0271,Cabang Bali,Kredit Modal Kerja (KMK),19343.76,8.62,27880.89,69.38,Lengkap & Terikat Sempurna,Kol 1 (Lancar),Sesuai Limit Wewenang Komite Kredit,Sesuai Batas BMPK (<10% Modal),Diasuransikan Penuh (All Risk),Sesuai Proposal Usaha,Tidak,2,1,-
LEND-0272,Cabang Jakarta,Kredit Pemilikan Rumah (KPR),3952.77,7.61,6079.31,65.02,Lengkap & Terikat Sempurna,Kol 1 (Lancar),Sesuai Limit Wewenang Komite Kredit,Sesuai Batas BMPK (<10% Modal),Diasuransikan Penuh (All Risk),Sesuai Proposal Usaha,Tidak,2,1,-
LEND-0273,Cabang Medan,Kredit Investasi (KI),14623.87,10.7,19698.1,74.24,Lengkap & Terikat Sempurna,Kol 1 (Lancar),Sesuai Limit Wewenang Komite Kredit,Sesuai Batas BMPK (<10% Modal),Diasuransikan Penuh (All Risk),Sesuai Proposal Usaha,Tidak,2,1,-
LEND-0274,Cabang Bali,Kredit Usaha Rakyat (KUR) / Mikro,486.58,6.09,819.99,59.34,Lengkap & Terikat Sempurna,Kol 1 (Lancar),Sesuai Limit Wewenang Komite Kredit,Sesuai Batas BMPK (<10% Modal),Diasuransikan Penuh (All Risk),Sesuai Proposal Usaha,Tidak,2,1,-
LEND-0275,Cabang Bandung,Kredit Multiguna (KMG),1526.22,12.7,2540.74,60.07,Lengkap & Terikat Sempurna,Kol 1 (Lancar),Sesuai Limit Wewenang Komite Kredit,Sesuai Batas BMPK (<10% Modal),Diasuransikan Penuh (All Risk),Sesuai Proposal Usaha,Tidak,1,1,-
LEND-0276,Cabang Medan,Kredit Pemilikan Rumah (KPR),3654.37,10.09,4386.47,83.31,Lengkap & Terikat Sempurna,Kol 1 (Lancar),Sesuai Limit Wewenang Komite Kredit,Sesuai Batas BMPK (<10% Modal),Diasuransikan Penuh (All Risk),Sesuai Proposal Usaha,Tidak,1,2,-
LEND-0277,Cabang Bandung,Kredit Modal Kerja (KMK),19779.88,11.19,29092.34,67.99,Lengkap & Terikat Sempurna,Kol 1 (Lancar),Sesuai Limit Wewenang Komite Kredit,Sesuai Batas BMPK (<10% Modal),Diasuransikan Penuh (All Risk),Sesuai Proposal Usaha,Tidak,1,1,-
LEND-0278,Cabang Jakarta,Kredit Pemilikan Rumah (KPR),2678.08,10.06,4360.27,61.42,Lengkap & Terikat Sempurna,Kol 2 (Dalam Perhatian Khusus),Sesuai Limit Wewenang Komite Kredit,Sesuai Batas BMPK (<10% Modal),Diasuransikan Penuh (All Risk),Sesuai Proposal Usaha,Tidak,2,2,-
LEND-0279,Cabang Bandung,Kredit Modal Kerja (KMK),13469.21,11.01,20989.89,64.17,Lengkap & Terikat Sempurna,Kol 1 (Lancar),Sesuai Limit Wewenang Komite Kredit,Sesuai Batas BMPK (<10% Modal),Diasuransikan Penuh (All Risk),Sesuai Proposal Usaha,Tidak,2,1,-
LEND-0280,Cabang Bandung,Kredit Pemilikan Rumah (KPR),1608.19,10.07,2059.67,78.08,Lengkap & Terikat Sempurna,Kol 1 (Lancar),Sesuai Limit Wewenang Komite Kredit,Sesuai Batas BMPK (<10% Modal),Diasuransikan Penuh (All Risk),Sesuai Proposal Usaha,Tidak,1,2,-
LEND-0281,Kantor Pusat,Kredit Investasi (KI),41603.87,9.34,57559.31,72.28,Lengkap & Terikat Sempurna,Kol 1 (Lancar),Sesuai Limit Wewenang Komite Kredit,Sesuai Batas BMPK (<10% Modal),Diasuransikan Penuh (All Risk),Sesuai Proposal Usaha,Tidak,1,1,-
LEND-0282,Cabang Bali,Kredit Sindikasi Korporasi,42344.36,8.8,72819.19,58.15,Lengkap & Terikat Sempurna,Kol 1 (Lancar),Sesuai Limit Wewenang Komite Kredit,Sesuai Batas BMPK (<10% Modal),Diasuransikan Penuh (All Risk),Sesuai Proposal Usaha,Tidak,1,1,-
LEND-0283,Kantor Pusat,Kredit Modal Kerja (KMK),11257.86,10.09,14539.4,77.43,Lengkap & Terikat Sempurna,Kol 1 (Lancar),Sesuai Limit Wewenang Komite Kredit,Sesuai Batas BMPK (<10% Modal),Diasuransikan Penuh (All Risk),Sesuai Proposal Usaha,Tidak,2,1,-
LEND-0284,Cabang Jakarta,Kredit Pemilikan Rumah (KPR),18688.29,11.07,28332.76,65.96,Pencairan Sebelum Syarat Efektif Lengkap (Pelanggaran),Kol 1 (Lancar),Sesuai Limit Wewenang Komite Kredit,Sesuai Batas BMPK (<10% Modal),Diasuransikan Penuh (All Risk),Sesuai Proposal Usaha,Ya (Anomali),4,4,Pencairan fasilitas kredit mendahului pemenuhan dokumen syarat efektif dan bukti pengikatan agunan (APHT/Fidusia)
LEND-0285,Cabang Bandung,Kredit Multiguna (KMG),2011.26,10.99,2694.98,74.63,Lengkap & Terikat Sempurna,Kol 1 (Lancar),Sesuai Limit Wewenang Komite Kredit,Sesuai Batas BMPK (<10% Modal),Diasuransikan Penuh (All Risk),Sesuai Proposal Usaha,Tidak,2,1,-
LEND-0286,Kantor Pusat,Kredit Modal Kerja (KMK),19032.23,10.68,30291.63,62.83,Lengkap & Terikat Sempurna,Kol 2 (Dalam Perhatian Khusus),Sesuai Limit Wewenang Komite Kredit,Sesuai Batas BMPK (<10% Modal),Diasuransikan Penuh (All Risk),Sesuai Proposal Usaha,Tidak,1,2,-
LEND-0287,Cabang Jakarta,Kredit Modal Kerja (KMK),22569.12,10.89,32292.35,69.89,Lengkap & Terikat Sempurna,Kol 1 (Lancar),Sesuai Limit Wewenang Komite Kredit,Sesuai Batas BMPK (<10% Modal),Diasuransikan Penuh (All Risk),Sesuai Proposal Usaha,Tidak,1,1,-
LEND-0288,Cabang Jakarta,Kredit Pemilikan Rumah (KPR),3920.43,7.52,5098.09,76.9,Lengkap & Terikat Sempurna,Kol 1 (Lancar),Sesuai Limit Wewenang Komite Kredit,Sesuai Batas BMPK (<10% Modal),Diasuransikan Penuh (All Risk),Sesuai Proposal Usaha,Tidak,1,1,-
LEND-0289,Cabang Bandung,Kredit Investasi (KI),8153.04,9.25,12497.0,65.24,Lengkap & Terikat Sempurna,Kol 1 (Lancar),Sesuai Limit Wewenang Komite Kredit,Sesuai Batas BMPK (<10% Modal),Diasuransikan Penuh (All Risk),Sesuai Proposal Usaha,Tidak,1,2,-
LEND-0290,Kantor Pusat,Kredit Sindikasi Korporasi,23420.58,9.67,37641.56,62.22,Lengkap & Terikat Sempurna,Kol 1 (Lancar),Sesuai Limit Wewenang Komite Kredit,Sesuai Batas BMPK (<10% Modal),Diasuransikan Penuh (All Risk),Sesuai Proposal Usaha,Tidak,2,2,-
LEND-0291,Cabang Surabaya,Kredit Investasi (KI),31455.94,8.83,51779.33,60.75,Lengkap & Terikat Sempurna,Kol 1 (Lancar),Sesuai Limit Wewenang Komite Kredit,Sesuai Batas BMPK (<10% Modal),Diasuransikan Penuh (All Risk),Sesuai Proposal Usaha,Tidak,2,1,-
LEND-0292,Cabang Medan,Kredit Pemilikan Rumah (KPR),2940.83,7.78,4576.46,64.26,Lengkap & Terikat Sempurna,Kol 1 (Lancar),Sesuai Limit Wewenang Komite Kredit,Sesuai Batas BMPK (<10% Modal),Diasuransikan Penuh (All Risk),Sesuai Proposal Usaha,Tidak,2,1,-
LEND-0293,Cabang Bali,Kredit Modal Kerja (KMK),14327.13,12.35,23564.36,60.8,Lengkap & Terikat Sempurna,Kol 1 (Lancar),Sesuai Limit Wewenang Komite Kredit,Sesuai Batas BMPK (<10% Modal),Diasuransikan Penuh (All Risk),Sesuai Proposal Usaha,Tidak,1,1,-
LEND-0294,Cabang Bandung,Kredit Modal Kerja (KMK),12439.65,10.59,16865.04,73.76,Lengkap & Terikat Sempurna,Kol 1 (Lancar),Sesuai Limit Wewenang Komite Kredit,Sesuai Batas BMPK (<10% Modal),Diasuransikan Penuh (All Risk),Sesuai Proposal Usaha,Tidak,1,2,-
LEND-0295,Cabang Jakarta,Kredit Usaha Rakyat (KUR) / Mikro,190.89,7.19,255.47,74.72,Lengkap & Terikat Sempurna,Kol 2 (Dalam Perhatian Khusus),Sesuai Limit Wewenang Komite Kredit,Sesuai Batas BMPK (<10% Modal),Diasuransikan Penuh (All Risk),Sesuai Proposal Usaha,Tidak,2,2,-
LEND-0296,Cabang Jakarta,Kredit Modal Kerja (KMK),20212.23,11.46,25863.38,78.15,Lengkap & Terikat Sempurna,Kol 1 (Lancar),Sesuai Limit Wewenang Komite Kredit,Sesuai Batas BMPK (<10% Modal),Diasuransikan Penuh (All Risk),Sesuai Proposal Usaha,Tidak,2,1,-
LEND-0297,Cabang Jakarta,Kredit Modal Kerja (KMK),14203.36,9.81,21035.78,67.52,Lengkap & Terikat Sempurna,Kol 1 (Lancar),Sesuai Limit Wewenang Komite Kredit,Sesuai Batas BMPK (<10% Modal),Diasuransikan Penuh (All Risk),Sesuai Proposal Usaha,Tidak,2,2,-
LEND-0298,Cabang Medan,Kredit Usaha Rakyat (KUR) / Mikro,419.0,6.09,612.84,68.37,Lengkap & Terikat Sempurna,Kol 1 (Lancar),Sesuai Limit Wewenang Komite Kredit,Sesuai Batas BMPK (<10% Modal),Diasuransikan Penuh (All Risk),Sesuai Proposal Usaha,Tidak,1,1,-
LEND-0299,Cabang Jakarta,Kredit Pemilikan Rumah (KPR),1845.72,10.02,2376.06,77.68,Lengkap & Terikat Sempurna,Kol 1 (Lancar),Sesuai Limit Wewenang Komite Kredit,Sesuai Batas BMPK (<10% Modal),Diasuransikan Penuh (All Risk),Sesuai Proposal Usaha,Tidak,1,2,-
LEND-0300,Cabang Jakarta,Kredit Multiguna (KMG),357.14,13.14,593.65,60.16,Lengkap & Terikat Sempurna,Kol 1 (Lancar),Sesuai Limit Wewenang Komite Kredit,Sesuai Batas BMPK (<10% Modal),Diasuransikan Penuh (All Risk),Sesuai Proposal Usaha,Tidak,2,1,-
LEND-0301,Cabang Bandung,Kredit Multiguna (KMG),837.49,10.16,1517.19,55.2,Lengkap & Terikat Sempurna,Kol 1 (Lancar),Sesuai Limit Wewenang Komite Kredit,Sesuai Batas BMPK (<10% Modal),Diasuransikan Penuh (All Risk),Sesuai Proposal Usaha,Tidak,1,2,-
LEND-0302,Kantor Pusat,Kredit Pemilikan Rumah (KPR),2446.47,8.58,3451.08,70.89,Lengkap & Terikat Sempurna,Kol 2 (Dalam Perhatian Khusus),Sesuai Limit Wewenang Komite Kredit,Sesuai Batas BMPK (<10% Modal),Diasuransikan Penuh (All Risk),Sesuai Proposal Usaha,Tidak,1,1,-
LEND-0303,Cabang Surabaya,Kredit Investasi (KI),21993.29,10.91,32889.62,66.87,Lengkap & Terikat Sempurna,Kol 1 (Lancar),Sesuai Limit Wewenang Komite Kredit,Sesuai Batas BMPK (<10% Modal),Diasuransikan Penuh (All Risk),Sesuai Proposal Usaha,Tidak,1,1,-
LEND-0304,Cabang Bandung,Kredit Multiguna (KMG),1324.71,10.51,1821.41,72.73,Lengkap & Terikat Sempurna,Kol 1 (Lancar),Sesuai Limit Wewenang Komite Kredit,Sesuai Batas BMPK (<10% Modal),Diasuransikan Penuh (All Risk),Sesuai Proposal Usaha,Tidak,1,2,-
LEND-0305,Cabang Surabaya,Kredit Sindikasi Korporasi,36961.13,4.26,66861.67,55.28,Lengkap & Terikat Sempurna,Kol 1 (Lancar),Sesuai Limit Wewenang Komite Kredit,Pelanggaran BMPK Pihak Terafiliasi,Diasuransikan Penuh (All Risk),Sesuai Proposal Usaha,Ya (Anomali),5,4,Pemberian bunga kredit murah ekstrem (4.26%) kepada pihak terafiliasi bank melanggar batas ketentuan BMPK OJK
LEND-0306,Cabang Jakarta,Kredit Multiguna (KMG),1001.34,11.43,1699.78,58.91,Lengkap & Terikat Sempurna,Kol 2 (Dalam Perhatian Khusus),Sesuai Limit Wewenang Komite Kredit,Sesuai Batas BMPK (<10% Modal),Diasuransikan Penuh (All Risk),Sesuai Proposal Usaha,Tidak,1,1,-
LEND-0307,Cabang Surabaya,Kredit Multiguna (KMG),474.45,12.22,696.8,68.09,Lengkap & Terikat Sempurna,Kol 1 (Lancar),Sesuai Limit Wewenang Komite Kredit,Sesuai Batas BMPK (<10% Modal),Diasuransikan Penuh (All Risk),Sesuai Proposal Usaha,Tidak,1,2,-
LEND-0308,Kantor Pusat,Kredit Pemilikan Rumah (KPR),3352.98,7.76,3957.25,84.73,Lengkap & Terikat Sempurna,Kol 1 (Lancar),Sesuai Limit Wewenang Komite Kredit,Sesuai Batas BMPK (<10% Modal),Diasuransikan Penuh (All Risk),Sesuai Proposal Usaha,Tidak,2,1,-
LEND-0309,Cabang Medan,Kredit Usaha Rakyat (KUR) / Mikro,253.75,6.29,398.66,63.65,Lengkap & Terikat Sempurna,Kol 1 (Lancar),Sesuai Limit Wewenang Komite Kredit,Sesuai Batas BMPK (<10% Modal),Diasuransikan Penuh (All Risk),Sesuai Proposal Usaha,Tidak,1,2,-
LEND-0310,Cabang Medan,Kredit Modal Kerja (KMK),24669.03,11.88,20984.2,117.56,Lengkap & Terikat Sempurna,Kol 1 (Lancar),Sesuai Limit Wewenang Komite Kredit,Sesuai Batas BMPK (<10% Modal),Diasuransikan Penuh (All Risk),Sesuai Proposal Usaha,Ya (Anomali),5,5,"Rasio Loan to Value (117.56%) melampaui batas wajar (>100%), agunan defisit (Rp 20984.2 Juta) tidak mencukupi plafon kredit"
LEND-0311,Cabang Jakarta,Kredit Modal Kerja (KMK),24874.54,10.86,33537.2,74.17,Lengkap & Terikat Sempurna,Kol 2 (Dalam Perhatian Khusus),Sesuai Limit Wewenang Komite Kredit,Sesuai Batas BMPK (<10% Modal),Diasuransikan Penuh (All Risk),Sesuai Proposal Usaha,Tidak,1,1,-
LEND-0312,Cabang Bandung,Kredit Investasi (KI),1675.52,11.86,2497.05,67.1,Lengkap & Terikat Sempurna,Kol 1 (Lancar),Sesuai Limit Wewenang Komite Kredit,Sesuai Batas BMPK (<10% Modal),Diasuransikan Penuh (All Risk),Sesuai Proposal Usaha,Tidak,1,2,-
LEND-0313,Cabang Jakarta,Kredit Usaha Rakyat (KUR) / Mikro,248.76,6.37,346.75,71.74,Lengkap & Terikat Sempurna,Kol 1 (Lancar),Sesuai Limit Wewenang Komite Kredit,Sesuai Batas BMPK (<10% Modal),Diasuransikan Penuh (All Risk),Sesuai Proposal Usaha,Tidak,2,1,-
LEND-0314,Cabang Jakarta,Kredit Investasi (KI),32793.2,9.22,52536.37,62.42,Lengkap & Terikat Sempurna,Kol 1 (Lancar),Sesuai Limit Wewenang Komite Kredit,Sesuai Batas BMPK (<10% Modal),Diasuransikan Penuh (All Risk),Sesuai Proposal Usaha,Tidak,1,1,-
LEND-0315,Cabang Jakarta,Kredit Modal Kerja (KMK),29625.98,11.04,44799.61,66.13,Lengkap & Terikat Sempurna,Kol 1 (Lancar),Sesuai Limit Wewenang Komite Kredit,Sesuai Batas BMPK (<10% Modal),Diasuransikan Penuh (All Risk),Sesuai Proposal Usaha,Tidak,1,1,-
LEND-0316,Cabang Surabaya,Kredit Sindikasi Korporasi,47203.19,9.61,83074.96,56.82,Lengkap & Terikat Sempurna,Kol 1 (Lancar),Sesuai Limit Wewenang Komite Kredit,Sesuai Batas BMPK (<10% Modal),Diasuransikan Penuh (All Risk),Sesuai Proposal Usaha,Tidak,2,1,-
LEND-0317,Cabang Jakarta,Kredit Investasi (KI),52594.89,4.85,82748.41,63.56,Lengkap & Terikat Sempurna,Kol 1 (Lancar),Sesuai Limit Wewenang Komite Kredit,Pelanggaran BMPK Pihak Terafiliasi,Diasuransikan Penuh (All Risk),Sesuai Proposal Usaha,Ya (Anomali),5,5,Pemberian bunga kredit murah ekstrem (4.85%) kepada pihak terafiliasi bank melanggar batas ketentuan BMPK OJK
LEND-0318,Kantor Pusat,Kredit Pemilikan Rumah (KPR),3108.04,9.58,4612.7,67.38,Lengkap & Terikat Sempurna,Kol 1 (Lancar),Sesuai Limit Wewenang Komite Kredit,Sesuai Batas BMPK (<10% Modal),Diasuransikan Penuh (All Risk),Sesuai Proposal Usaha,Tidak,2,1,-
LEND-0319,Cabang Bali,Kredit Modal Kerja (KMK),23150.63,9.01,28996.28,79.84,Lengkap & Terikat Sempurna,Kol 1 (Lancar),Sesuai Limit Wewenang Komite Kredit,Sesuai Batas BMPK (<10% Modal),Diasuransikan Penuh (All Risk),Sesuai Proposal Usaha,Tidak,2,1,-
LEND-0320,Kantor Pusat,Kredit Modal Kerja (KMK),2203.06,8.85,2970.28,74.17,Lengkap & Terikat Sempurna,Kol 1 (Lancar),Sesuai Limit Wewenang Komite Kredit,Sesuai Batas BMPK (<10% Modal),Diasuransikan Penuh (All Risk),Sesuai Proposal Usaha,Tidak,2,2,-
LEND-0321,Cabang Bandung,Kredit Pemilikan Rumah (KPR),1795.73,9.38,2832.38,63.4,Lengkap & Terikat Sempurna,Kol 1 (Lancar),Sesuai Limit Wewenang Komite Kredit,Sesuai Batas BMPK (<10% Modal),Diasuransikan Penuh (All Risk),Sesuai Proposal Usaha,Tidak,1,1,-
LEND-0322,Cabang Bali,Kredit Investasi (KI),42152.86,8.81,53082.56,79.41,Lengkap & Terikat Sempurna,Kol 1 (Lancar),Melampaui Limit Wewenang Cabang (BKMK Breach),Sesuai Batas BMPK (<10% Modal),Diasuransikan Penuh (All Risk),Sesuai Proposal Usaha,Ya (Anomali),5,4,Pencairan kredit bernilai Rp 42152.86 Juta melampaui batas kewenangan memutus kredit (BKMK) komite cabang tanpa persetujuan Kantor Pusat
LEND-0323,Cabang Surabaya,Kredit Pemilikan Rumah (KPR),1390.56,8.69,2223.47,62.54,Lengkap & Terikat Sempurna,Kol 1 (Lancar),Sesuai Limit Wewenang Komite Kredit,Sesuai Batas BMPK (<10% Modal),Diasuransikan Penuh (All Risk),Sesuai Proposal Usaha,Tidak,1,1,-
LEND-0324,Kantor Pusat,Kredit Usaha Rakyat (KUR) / Mikro,150.45,7.16,274.59,54.79,Lengkap & Terikat Sempurna,Kol 1 (Lancar),Sesuai Limit Wewenang Komite Kredit,Sesuai Batas BMPK (<10% Modal),Diasuransikan Penuh (All Risk),Sesuai Proposal Usaha,Tidak,1,2,-
LEND-0325,Cabang Bali,Kredit Modal Kerja (KMK),21385.83,11.11,29818.5,71.72,Lengkap & Terikat Sempurna,Kol 1 (Lancar),Sesuai Limit Wewenang Komite Kredit,Sesuai Batas BMPK (<10% Modal),Diasuransikan Penuh (All Risk),Sesuai Proposal Usaha,Tidak,1,1,-
LEND-0326,Kantor Pusat,Kredit Multiguna (KMG),2497.33,12.68,3917.99,63.74,Lengkap & Terikat Sempurna,Kol 1 (Lancar),Sesuai Limit Wewenang Komite Kredit,Sesuai Batas BMPK (<10% Modal),Diasuransikan Penuh (All Risk),Sesuai Proposal Usaha,Tidak,1,1,-
LEND-0327,Cabang Bali,Kredit Pemilikan Rumah (KPR),2841.25,7.68,3934.7,72.21,Lengkap & Terikat Sempurna,Kol 1 (Lancar),Sesuai Limit Wewenang Komite Kredit,Sesuai Batas BMPK (<10% Modal),Diasuransikan Penuh (All Risk),Sesuai Proposal Usaha,Tidak,1,2,-
LEND-0328,Kantor Pusat,Kredit Modal Kerja (KMK),5266.19,8.91,6645.87,79.24,Lengkap & Terikat Sempurna,Kol 1 (Lancar),Sesuai Limit Wewenang Komite Kredit,Sesuai Batas BMPK (<10% Modal),Diasuransikan Penuh (All Risk),Sesuai Proposal Usaha,Tidak,1,2,-
LEND-0329,Cabang Jakarta,Kredit Modal Kerja (KMK),12160.01,10.0,15526.06,78.32,Lengkap & Terikat Sempurna,Kol 1 (Lancar),Sesuai Limit Wewenang Komite Kredit,Sesuai Batas BMPK (<10% Modal),Diasuransikan Penuh (All Risk),Sesuai Proposal Usaha,Tidak,1,2,-
LEND-0330,Cabang Medan,Kredit Investasi (KI),14926.38,8.78,23413.93,63.75,Lengkap & Terikat Sempurna,Kol 1 (Lancar),Sesuai Limit Wewenang Komite Kredit,Sesuai Batas BMPK (<10% Modal),Diasuransikan Penuh (All Risk),Sesuai Proposal Usaha,Tidak,1,1,-
LEND-0331,Cabang Bali,Kredit Multiguna (KMG),2482.84,11.62,3879.44,64.0,Lengkap & Terikat Sempurna,Kol 1 (Lancar),Sesuai Limit Wewenang Komite Kredit,Sesuai Batas BMPK (<10% Modal),Diasuransikan Penuh (All Risk),Sesuai Proposal Usaha,Tidak,1,2,-
LEND-0332,Cabang Bali,Kredit Modal Kerja (KMK),944.98,12.22,1286.39,73.46,Lengkap & Terikat Sempurna,Kol 1 (Lancar),Sesuai Limit Wewenang Komite Kredit,Sesuai Batas BMPK (<10% Modal),Diasuransikan Penuh (All Risk),Sesuai Proposal Usaha,Tidak,1,1,-
LEND-0333,Cabang Bandung,Kredit Modal Kerja (KMK),10175.0,10.8,16191.92,62.84,Lengkap & Terikat Sempurna,Kol 1 (Lancar),Sesuai Limit Wewenang Komite Kredit,Sesuai Batas BMPK (<10% Modal),Diasuransikan Penuh (All Risk),Sesuai Proposal Usaha,Tidak,1,1,-
LEND-0334,Cabang Medan,Kredit Pemilikan Rumah (KPR),369.22,8.11,520.25,70.97,Lengkap & Terikat Sempurna,Kol 1 (Lancar),Sesuai Limit Wewenang Komite Kredit,Sesuai Batas BMPK (<10% Modal),Diasuransikan Penuh (All Risk),Sesuai Proposal Usaha,Tidak,1,2,-
LEND-0335,Cabang Bandung,Kredit Modal Kerja (KMK),17091.23,8.83,23515.73,72.68,Lengkap & Terikat Sempurna,Kol 1 (Lancar),Sesuai Limit Wewenang Komite Kredit,Sesuai Batas BMPK (<10% Modal),Diasuransikan Penuh (All Risk),Sesuai Proposal Usaha,Tidak,1,2,-
LEND-0336,Kantor Pusat,Kredit Usaha Rakyat (KUR) / Mikro,124.87,6.14,211.21,59.12,Lengkap & Terikat Sempurna,Kol 1 (Lancar),Sesuai Limit Wewenang Komite Kredit,Sesuai Batas BMPK (<10% Modal),Diasuransikan Penuh (All Risk),Sesuai Proposal Usaha,Tidak,1,1,-
LEND-0337,Cabang Jakarta,Kredit Investasi (KI),18182.95,11.39,26367.39,68.96,Lengkap & Terikat Sempurna,Kol 1 (Lancar),Sesuai Limit Wewenang Komite Kredit,Sesuai Batas BMPK (<10% Modal),Diasuransikan Penuh (All Risk),Sesuai Proposal Usaha,Tidak,1,1,-
LEND-0338,Kantor Pusat,Kredit Sindikasi Korporasi,61602.15,8.36,95167.85,64.73,Lengkap & Terikat Sempurna,Kol 1 (Lancar),Sesuai Limit Wewenang Komite Kredit,Sesuai Batas BMPK (<10% Modal),Diasuransikan Penuh (All Risk),Sesuai Proposal Usaha,Tidak,2,2,-
LEND-0339,Kantor Pusat,Kredit Investasi (KI),19950.95,10.18,35633.06,55.99,Lengkap & Terikat Sempurna,Kol 1 (Lancar),Sesuai Limit Wewenang Komite Kredit,Sesuai Batas BMPK (<10% Modal),Diasuransikan Penuh (All Risk),Sesuai Proposal Usaha,Tidak,2,1,-
LEND-0340,Cabang Bali,Kredit Multiguna (KMG),4919.44,10.56,7786.39,63.18,Lengkap & Terikat Sempurna,Kol 3-5 (NPL / Macet),Sesuai Limit Wewenang Komite Kredit,Sesuai Batas BMPK (<10% Modal),Diasuransikan Penuh (All Risk),Sesuai Proposal Usaha,Ya (Anomali),5,5,Penyetujuan kredit kepada debitur dengan riwayat kolektibilitas macet (Kol 3-5) pada SLIK OJK tanpa analisis mitigasi risiko
LEND-0341,Cabang Surabaya,Kredit Modal Kerja (KMK),11558.53,12.29,17010.35,67.95,Lengkap & Terikat Sempurna,Kol 1 (Lancar),Sesuai Limit Wewenang Komite Kredit,Sesuai Batas BMPK (<10% Modal),Diasuransikan Penuh (All Risk),Sesuai Proposal Usaha,Tidak,1,2,-
LEND-0342,Cabang Jakarta,Kredit Usaha Rakyat (KUR) / Mikro,408.59,6.54,716.45,57.03,Lengkap & Terikat Sempurna,Kol 1 (Lancar),Sesuai Limit Wewenang Komite Kredit,Sesuai Batas BMPK (<10% Modal),Diasuransikan Penuh (All Risk),Sesuai Proposal Usaha,Tidak,1,1,-
LEND-0343,Cabang Bali,Kredit Investasi (KI),4041.85,10.11,6700.68,60.32,Lengkap & Terikat Sempurna,Kol 1 (Lancar),Sesuai Limit Wewenang Komite Kredit,Sesuai Batas BMPK (<10% Modal),Diasuransikan Penuh (All Risk),Sesuai Proposal Usaha,Tidak,2,1,-
LEND-0344,Cabang Jakarta,Kredit Pemilikan Rumah (KPR),3613.76,7.89,4831.88,74.79,Lengkap & Terikat Sempurna,Kol 1 (Lancar),Sesuai Limit Wewenang Komite Kredit,Sesuai Batas BMPK (<10% Modal),Diasuransikan Penuh (All Risk),Sesuai Proposal Usaha,Tidak,1,1,-
LEND-0345,Kantor Pusat,Kredit Sindikasi Korporasi,61991.78,9.93,94212.43,65.8,Lengkap & Terikat Sempurna,Kol 1 (Lancar),Sesuai Limit Wewenang Komite Kredit,Sesuai Batas BMPK (<10% Modal),Diasuransikan Penuh (All Risk),Sesuai Proposal Usaha,Tidak,1,1,-
LEND-0346,Cabang Medan,Kredit Modal Kerja (KMK),25346.37,10.25,33385.63,75.92,Lengkap & Terikat Sempurna,Kol 1 (Lancar),Sesuai Limit Wewenang Komite Kredit,Sesuai Batas BMPK (<10% Modal),Diasuransikan Penuh (All Risk),Sesuai Proposal Usaha,Tidak,1,2,-
LEND-0347,Cabang Bali,Kredit Sindikasi Korporasi,59060.23,10.44,116512.59,50.69,Lengkap & Terikat Sempurna,Kol 1 (Lancar),Sesuai Limit Wewenang Komite Kredit,Sesuai Batas BMPK (<10% Modal),Diasuransikan Penuh (All Risk),Sesuai Proposal Usaha,Tidak,1,1,-
LEND-0348,Cabang Bandung,Kredit Modal Kerja (KMK),10168.03,9.23,12944.66,78.55,Lengkap & Terikat Sempurna,Kol 1 (Lancar),Sesuai Limit Wewenang Komite Kredit,Sesuai Batas BMPK (<10% Modal),Diasuransikan Penuh (All Risk),Sesuai Proposal Usaha,Tidak,1,2,-
LEND-0349,Cabang Medan,Kredit Pemilikan Rumah (KPR),1091.86,8.46,1590.47,68.65,Lengkap & Terikat Sempurna,Kol 1 (Lancar),Sesuai Limit Wewenang Komite Kredit,Sesuai Batas BMPK (<10% Modal),Diasuransikan Penuh (All Risk),Sesuai Proposal Usaha,Tidak,1,1,-
LEND-0350,Cabang Surabaya,Kredit Sindikasi Korporasi,67905.66,10.26,107089.83,63.41,Lengkap & Terikat Sempurna,Kol 1 (Lancar),Sesuai Limit Wewenang Komite Kredit,Sesuai Batas BMPK (<10% Modal),Diasuransikan Penuh (All Risk),Sesuai Proposal Usaha,Tidak,1,1,-
LEND-0351,Cabang Bandung,Kredit Investasi (KI),20940.45,9.29,37887.55,55.27,Lengkap & Terikat Sempurna,Kol 1 (Lancar),Sesuai Limit Wewenang Komite Kredit,Sesuai Batas BMPK (<10% Modal),Diasuransikan Penuh (All Risk),Sesuai Proposal Usaha,Tidak,1,1,-
LEND-0352,Cabang Jakarta,Kredit Multiguna (KMG),4867.02,9.24,7815.99,62.27,Lengkap & Terikat Sempurna,Kol 3-5 (NPL / Macet),Sesuai Limit Wewenang Komite Kredit,Sesuai Batas BMPK (<10% Modal),Diasuransikan Penuh (All Risk),Sesuai Proposal Usaha,Ya (Anomali),5,5,Penyetujuan kredit kepada debitur dengan riwayat kolektibilitas macet (Kol 3-5) pada SLIK OJK tanpa analisis mitigasi risiko
LEND-0353,Kantor Pusat,Kredit Modal Kerja (KMK),13371.14,10.45,17306.68,77.26,Lengkap & Terikat Sempurna,Kol 1 (Lancar),Sesuai Limit Wewenang Komite Kredit,Sesuai Batas BMPK (<10% Modal),Diasuransikan Penuh (All Risk),Sesuai Proposal Usaha,Tidak,2,2,-
LEND-0354,Kantor Pusat,Kredit Pemilikan Rumah (KPR),390.46,7.66,591.52,66.01,Lengkap & Terikat Sempurna,Kol 1 (Lancar),Sesuai Limit Wewenang Komite Kredit,Sesuai Batas BMPK (<10% Modal),Diasuransikan Penuh (All Risk),Sesuai Proposal Usaha,Tidak,1,2,-
LEND-0355,Cabang Jakarta,Kredit Modal Kerja (KMK),58443.81,8.72,78311.42,74.63,Lengkap & Terikat Sempurna,Kol 1 (Lancar),Melampaui Limit Wewenang Cabang (BKMK Breach),Sesuai Batas BMPK (<10% Modal),Diasuransikan Penuh (All Risk),Sesuai Proposal Usaha,Ya (Anomali),5,5,Pencairan kredit bernilai Rp 58443.81 Juta melampaui batas kewenangan memutus kredit (BKMK) komite cabang tanpa persetujuan Kantor Pusat
LEND-0356,Cabang Medan,Kredit Investasi (KI),4297.83,10.86,6837.15,62.86,Lengkap & Terikat Sempurna,Kol 1 (Lancar),Sesuai Limit Wewenang Komite Kredit,Sesuai Batas BMPK (<10% Modal),Diasuransikan Penuh (All Risk),Sesuai Proposal Usaha,Tidak,2,1,-
LEND-0357,Cabang Bandung,Kredit Usaha Rakyat (KUR) / Mikro,472.19,6.55,791.73,59.64,Lengkap & Terikat Sempurna,Kol 1 (Lancar),Sesuai Limit Wewenang Komite Kredit,Sesuai Batas BMPK (<10% Modal),Diasuransikan Penuh (All Risk),Sesuai Proposal Usaha,Tidak,2,1,-
LEND-0358,Cabang Medan,Kredit Modal Kerja (KMK),10279.26,12.44,13571.77,75.74,Lengkap & Terikat Sempurna,Kol 1 (Lancar),Sesuai Limit Wewenang Komite Kredit,Sesuai Batas BMPK (<10% Modal),Diasuransikan Penuh (All Risk),Sesuai Proposal Usaha,Tidak,1,2,-
LEND-0359,Cabang Bali,Kredit Sindikasi Korporasi,24282.04,8.04,39246.87,61.87,Lengkap & Terikat Sempurna,Kol 1 (Lancar),Sesuai Limit Wewenang Komite Kredit,Sesuai Batas BMPK (<10% Modal),Diasuransikan Penuh (All Risk),Sesuai Proposal Usaha,Tidak,1,1,-
LEND-0360,Cabang Bali,Kredit Modal Kerja (KMK),10139.06,12.45,14152.79,71.64,Lengkap & Terikat Sempurna,Kol 1 (Lancar),Sesuai Limit Wewenang Komite Kredit,Sesuai Batas BMPK (<10% Modal),Diasuransikan Penuh (All Risk),Sesuai Proposal Usaha,Tidak,1,1,-
LEND-0361,Cabang Jakarta,Kredit Investasi (KI),18063.34,11.13,29219.25,61.82,Lengkap & Terikat Sempurna,Kol 1 (Lancar),Sesuai Limit Wewenang Komite Kredit,Sesuai Batas BMPK (<10% Modal),Diasuransikan Penuh (All Risk),Sesuai Proposal Usaha,Tidak,1,1,-
LEND-0362,Cabang Bali,Kredit Modal Kerja (KMK),16139.14,10.8,22381.28,72.11,Lengkap & Terikat Sempurna,Kol 2 (Dalam Perhatian Khusus),Sesuai Limit Wewenang Komite Kredit,Sesuai Batas BMPK (<10% Modal),Diasuransikan Penuh (All Risk),Sesuai Proposal Usaha,Tidak,2,1,-
LEND-0363,Cabang Surabaya,Kredit Multiguna (KMG),1892.31,13.78,2632.23,71.89,Lengkap & Terikat Sempurna,Kol 1 (Lancar),Sesuai Limit Wewenang Komite Kredit,Sesuai Batas BMPK (<10% Modal),Diasuransikan Penuh (All Risk),Sesuai Proposal Usaha,Tidak,1,1,-
LEND-0364,Cabang Bandung,Kredit Modal Kerja (KMK),19869.56,9.34,27144.21,73.2,Lengkap & Terikat Sempurna,Kol 1 (Lancar),Sesuai Limit Wewenang Komite Kredit,Sesuai Batas BMPK (<10% Modal),Diasuransikan Penuh (All Risk),Sesuai Proposal Usaha,Tidak,1,1,-
LEND-0365,Cabang Bandung,Kredit Modal Kerja (KMK),26716.72,9.69,37142.67,71.93,Lengkap & Terikat Sempurna,Kol 1 (Lancar),Sesuai Limit Wewenang Komite Kredit,Sesuai Batas BMPK (<10% Modal),Diasuransikan Penuh (All Risk),Sesuai Proposal Usaha,Tidak,1,2,-
LEND-0366,Cabang Medan,Kredit Pemilikan Rumah (KPR),4449.94,8.58,6956.29,63.97,Lengkap & Terikat Sempurna,Kol 1 (Lancar),Sesuai Limit Wewenang Komite Kredit,Sesuai Batas BMPK (<10% Modal),Diasuransikan Penuh (All Risk),Sesuai Proposal Usaha,Tidak,1,2,-
LEND-0367,Cabang Bali,Kredit Investasi (KI),16866.37,9.0,28049.84,60.13,Lengkap & Terikat Sempurna,Kol 1 (Lancar),Sesuai Limit Wewenang Komite Kredit,Sesuai Batas BMPK (<10% Modal),Diasuransikan Penuh (All Risk),Sesuai Proposal Usaha,Tidak,1,1,-
LEND-0368,Kantor Pusat,Kredit Investasi (KI),35589.34,9.55,53007.66,67.14,Lengkap & Terikat Sempurna,Kol 1 (Lancar),Sesuai Limit Wewenang Komite Kredit,Sesuai Batas BMPK (<10% Modal),Diasuransikan Penuh (All Risk),Sesuai Proposal Usaha,Tidak,2,2,-
LEND-0369,Cabang Bali,Kredit Pemilikan Rumah (KPR),1185.72,9.44,1564.48,75.79,Lengkap & Terikat Sempurna,Kol 1 (Lancar),Sesuai Limit Wewenang Komite Kredit,Sesuai Batas BMPK (<10% Modal),Diasuransikan Penuh (All Risk),Sesuai Proposal Usaha,Tidak,2,1,-
LEND-0370,Cabang Bali,Kredit Modal Kerja (KMK),19274.63,9.78,24321.3,79.25,Lengkap & Terikat Sempurna,Kol 1 (Lancar),Sesuai Limit Wewenang Komite Kredit,Sesuai Batas BMPK (<10% Modal),Diasuransikan Penuh (All Risk),Sesuai Proposal Usaha,Tidak,1,1,-
LEND-0371,Cabang Jakarta,Kredit Modal Kerja (KMK),4673.11,11.37,6915.95,67.57,Lengkap & Terikat Sempurna,Kol 1 (Lancar),Sesuai Limit Wewenang Komite Kredit,Sesuai Batas BMPK (<10% Modal),Diasuransikan Penuh (All Risk),Sesuai Proposal Usaha,Tidak,1,2,-
LEND-0372,Cabang Jakarta,Kredit Investasi (KI),28927.61,11.54,44306.34,65.29,Lengkap & Terikat Sempurna,Kol 1 (Lancar),Sesuai Limit Wewenang Komite Kredit,Sesuai Batas BMPK (<10% Modal),Diasuransikan Penuh (All Risk),Sesuai Proposal Usaha,Tidak,1,1,-
LEND-0373,Kantor Pusat,Kredit Modal Kerja (KMK),728.43,9.46,1046.29,69.62,Lengkap & Terikat Sempurna,Kol 2 (Dalam Perhatian Khusus),Sesuai Limit Wewenang Komite Kredit,Sesuai Batas BMPK (<10% Modal),Diasuransikan Penuh (All Risk),Sesuai Proposal Usaha,Tidak,2,1,-
LEND-0374,Kantor Pusat,Kredit Sindikasi Korporasi,41084.2,8.96,66890.59,61.42,Lengkap & Terikat Sempurna,Kol 2 (Dalam Perhatian Khusus),Sesuai Limit Wewenang Komite Kredit,Sesuai Batas BMPK (<10% Modal),Diasuransikan Penuh (All Risk),Sesuai Proposal Usaha,Tidak,1,1,-
LEND-0375,Cabang Jakarta,Kredit Pemilikan Rumah (KPR),1852.24,8.97,2470.97,74.96,Lengkap & Terikat Sempurna,Kol 2 (Dalam Perhatian Khusus),Sesuai Limit Wewenang Komite Kredit,Sesuai Batas BMPK (<10% Modal),Diasuransikan Penuh (All Risk),Sesuai Proposal Usaha,Tidak,1,2,-
LEND-0376,Cabang Surabaya,Kredit Investasi (KI),20956.21,10.06,29227.63,71.7,Lengkap & Terikat Sempurna,Kol 1 (Lancar),Sesuai Limit Wewenang Komite Kredit,Sesuai Batas BMPK (<10% Modal),Diasuransikan Penuh (All Risk),Sesuai Proposal Usaha,Tidak,1,1,-
LEND-0377,Cabang Surabaya,Kredit Pemilikan Rumah (KPR),1673.62,8.08,2361.87,70.86,Lengkap & Terikat Sempurna,Kol 1 (Lancar),Sesuai Limit Wewenang Komite Kredit,Sesuai Batas BMPK (<10% Modal),Diasuransikan Penuh (All Risk),Sesuai Proposal Usaha,Tidak,1,1,-
LEND-0378,Cabang Surabaya,Kredit Investasi (KI),29616.04,8.81,45514.12,65.07,Lengkap & Terikat Sempurna,Kol 1 (Lancar),Sesuai Limit Wewenang Komite Kredit,Sesuai Batas BMPK (<10% Modal),Diasuransikan Penuh (All Risk),Sesuai Proposal Usaha,Tidak,1,1,-
LEND-0379,Cabang Jakarta,Kredit Investasi (KI),15282.75,9.13,27280.88,56.02,Lengkap & Terikat Sempurna,Kol 1 (Lancar),Sesuai Limit Wewenang Komite Kredit,Sesuai Batas BMPK (<10% Modal),Diasuransikan Penuh (All Risk),Sesuai Proposal Usaha,Tidak,2,1,-
LEND-0380,Kantor Pusat,Kredit Modal Kerja (KMK),20999.52,9.04,26891.43,78.09,Lengkap & Terikat Sempurna,Kol 1 (Lancar),Sesuai Limit Wewenang Komite Kredit,Sesuai Batas BMPK (<10% Modal),Diasuransikan Penuh (All Risk),Sesuai Proposal Usaha,Tidak,1,1,-
LEND-0381,Kantor Pusat,Kredit Pemilikan Rumah (KPR),2553.55,8.96,3508.11,72.79,Lengkap & Terikat Sempurna,Kol 1 (Lancar),Sesuai Limit Wewenang Komite Kredit,Sesuai Batas BMPK (<10% Modal),Diasuransikan Penuh (All Risk),Sesuai Proposal Usaha,Tidak,2,1,-
LEND-0382,Cabang Jakarta,Kredit Investasi (KI),34059.6,11.44,61005.91,55.83,Lengkap & Terikat Sempurna,Kol 1 (Lancar),Sesuai Limit Wewenang Komite Kredit,Sesuai Batas BMPK (<10% Modal),Diasuransikan Penuh (All Risk),Sesuai Proposal Usaha,Tidak,1,1,-
LEND-0383,Kantor Pusat,Kredit Modal Kerja (KMK),17745.72,10.09,24071.79,73.72,Pencairan Sebelum Syarat Efektif Lengkap (Pelanggaran),Kol 1 (Lancar),Sesuai Limit Wewenang Komite Kredit,Sesuai Batas BMPK (<10% Modal),Diasuransikan Penuh (All Risk),Sesuai Proposal Usaha,Ya (Anomali),4,4,Pencairan fasilitas kredit mendahului pemenuhan dokumen syarat efektif dan bukti pengikatan agunan (APHT/Fidusia)
LEND-0384,Cabang Bandung,Kredit Pemilikan Rumah (KPR),1277.78,9.2,1662.26,76.87,Lengkap & Terikat Sempurna,Kol 1 (Lancar),Sesuai Limit Wewenang Komite Kredit,Sesuai Batas BMPK (<10% Modal),Diasuransikan Penuh (All Risk),Sesuai Proposal Usaha,Tidak,2,1,-
LEND-0385,Kantor Pusat,Kredit Usaha Rakyat (KUR) / Mikro,338.48,7.32,554.16,61.08,Lengkap & Terikat Sempurna,Kol 1 (Lancar),Sesuai Limit Wewenang Komite Kredit,Sesuai Batas BMPK (<10% Modal),Diasuransikan Penuh (All Risk),Sesuai Proposal Usaha,Tidak,2,1,-
LEND-0386,Cabang Bandung,Kredit Pemilikan Rumah (KPR),1694.71,8.34,2359.66,71.82,Lengkap & Terikat Sempurna,Kol 2 (Dalam Perhatian Khusus),Sesuai Limit Wewenang Komite Kredit,Sesuai Batas BMPK (<10% Modal),Diasuransikan Penuh (All Risk),Sesuai Proposal Usaha,Tidak,1,1,-
LEND-0387,Cabang Bandung,Kredit Sindikasi Korporasi,33850.58,4.46,53417.36,63.37,Lengkap & Terikat Sempurna,Kol 1 (Lancar),Sesuai Limit Wewenang Komite Kredit,Pelanggaran BMPK Pihak Terafiliasi,Diasuransikan Penuh (All Risk),Sesuai Proposal Usaha,Ya (Anomali),5,4,Pemberian bunga kredit murah ekstrem (4.46%) kepada pihak terafiliasi bank melanggar batas ketentuan BMPK OJK
LEND-0388,Kantor Pusat,Kredit Modal Kerja (KMK),58957.17,9.17,70279.14,83.89,Lengkap & Terikat Sempurna,Kol 1 (Lancar),Melampaui Limit Wewenang Cabang (BKMK Breach),Sesuai Batas BMPK (<10% Modal),Diasuransikan Penuh (All Risk),Sesuai Proposal Usaha,Ya (Anomali),5,5,Pencairan kredit bernilai Rp 58957.17 Juta melampaui batas kewenangan memutus kredit (BKMK) komite cabang tanpa persetujuan Kantor Pusat
LEND-0389,Cabang Surabaya,Kredit Pemilikan Rumah (KPR),2901.4,8.5,4654.15,62.34,Lengkap & Terikat Sempurna,Kol 1 (Lancar),Sesuai Limit Wewenang Komite Kredit,Sesuai Batas BMPK (<10% Modal),Diasuransikan Penuh (All Risk),Sesuai Proposal Usaha,Tidak,1,1,-
LEND-0390,Kantor Pusat,Kredit Pemilikan Rumah (KPR),2879.18,10.1,3831.24,75.15,Pencairan Sebelum Syarat Efektif Lengkap (Pelanggaran),Kol 1 (Lancar),Sesuai Limit Wewenang Komite Kredit,Sesuai Batas BMPK (<10% Modal),Diasuransikan Penuh (All Risk),Sesuai Proposal Usaha,Ya (Anomali),4,4,Pencairan fasilitas kredit mendahului pemenuhan dokumen syarat efektif dan bukti pengikatan agunan (APHT/Fidusia)
LEND-0391,Cabang Medan,Kredit Investasi (KI),15616.7,10.5,27055.96,57.72,Lengkap & Terikat Sempurna,Kol 1 (Lancar),Sesuai Limit Wewenang Komite Kredit,Sesuai Batas BMPK (<10% Modal),Diasuransikan Penuh (All Risk),Sesuai Proposal Usaha,Tidak,2,1,-
LEND-0392,Cabang Surabaya,Kredit Sindikasi Korporasi,43291.7,3.92,78384.39,55.23,Lengkap & Terikat Sempurna,Kol 1 (Lancar),Sesuai Limit Wewenang Komite Kredit,Pelanggaran BMPK Pihak Terafiliasi,Diasuransikan Penuh (All Risk),Sesuai Proposal Usaha,Ya (Anomali),5,4,Pemberian bunga kredit murah ekstrem (3.92%) kepada pihak terafiliasi bank melanggar batas ketentuan BMPK OJK
LEND-0393,Kantor Pusat,Kredit Pemilikan Rumah (KPR),1252.48,10.29,1596.33,78.46,Lengkap & Terikat Sempurna,Kol 2 (Dalam Perhatian Khusus),Sesuai Limit Wewenang Komite Kredit,Sesuai Batas BMPK (<10% Modal),Diasuransikan Penuh (All Risk),Sesuai Proposal Usaha,Tidak,1,1,-
LEND-0394,Cabang Jakarta,Kredit Investasi (KI),22753.67,10.16,30856.62,73.74,Lengkap & Terikat Sempurna,Kol 1 (Lancar),Sesuai Limit Wewenang Komite Kredit,Sesuai Batas BMPK (<10% Modal),Diasuransikan Penuh (All Risk),Sesuai Proposal Usaha,Tidak,1,1,-
LEND-0395,Kantor Pusat,Kredit Usaha Rakyat (KUR) / Mikro,471.31,7.2,826.13,57.05,Lengkap & Terikat Sempurna,Kol 1 (Lancar),Sesuai Limit Wewenang Komite Kredit,Sesuai Batas BMPK (<10% Modal),Diasuransikan Penuh (All Risk),Sesuai Proposal Usaha,Tidak,1,1,-
LEND-0396,Cabang Jakarta,Kredit Modal Kerja (KMK),1568.78,9.33,2095.06,74.88,Lengkap & Terikat Sempurna,Kol 1 (Lancar),Sesuai Limit Wewenang Komite Kredit,Sesuai Batas BMPK (<10% Modal),Diasuransikan Penuh (All Risk),Sesuai Proposal Usaha,Tidak,2,1,-
LEND-0397,Kantor Pusat,Kredit Modal Kerja (KMK),8988.9,12.27,12591.26,71.39,Lengkap & Terikat Sempurna,Kol 1 (Lancar),Sesuai Limit Wewenang Komite Kredit,Sesuai Batas BMPK (<10% Modal),Diasuransikan Penuh (All Risk),Sesuai Proposal Usaha,Tidak,1,1,-
LEND-0398,Cabang Bandung,Kredit Modal Kerja (KMK),4322.0,11.64,6774.29,63.8,Lengkap & Terikat Sempurna,Kol 1 (Lancar),Sesuai Limit Wewenang Komite Kredit,Sesuai Batas BMPK (<10% Modal),Diasuransikan Penuh (All Risk),Sesuai Proposal Usaha,Tidak,1,2,-
LEND-0399,Cabang Bali,Kredit Multiguna (KMG),582.47,10.69,810.45,71.87,Lengkap & Terikat Sempurna,Kol 1 (Lancar),Sesuai Limit Wewenang Komite Kredit,Sesuai Batas BMPK (<10% Modal),Diasuransikan Penuh (All Risk),Sesuai Proposal Usaha,Tidak,1,1,-
LEND-0400,Cabang Medan,Kredit Multiguna (KMG),13486.4,11.27,9296.48,145.07,Lengkap & Terikat Sempurna,Kol 1 (Lancar),Sesuai Limit Wewenang Komite Kredit,Sesuai Batas BMPK (<10% Modal),Diasuransikan Penuh (All Risk),Sesuai Proposal Usaha,Ya (Anomali),5,5,"Rasio Loan to Value (145.07%) melampaui batas wajar (>100%), agunan defisit (Rp 9296.48 Juta) tidak mencukupi plafon kredit"
LEND-0401,Cabang Surabaya,Kredit Modal Kerja (KMK),4870.35,11.27,6823.13,71.38,Lengkap & Terikat Sempurna,Kol 2 (Dalam Perhatian Khusus),Sesuai Limit Wewenang Komite Kredit,Sesuai Batas BMPK (<10% Modal),Diasuransikan Penuh (All Risk),Sesuai Proposal Usaha,Tidak,1,1,-
LEND-0402,Cabang Jakarta,Kredit Multiguna (KMG),729.14,10.58,1079.73,67.53,Lengkap & Terikat Sempurna,Kol 1 (Lancar),Sesuai Limit Wewenang Komite Kredit,Sesuai Batas BMPK (<10% Modal),Diasuransikan Penuh (All Risk),Sesuai Proposal Usaha,Tidak,1,1,-
LEND-0403,Cabang Bandung,Kredit Modal Kerja (KMK),1607.06,10.49,2039.68,78.79,Lengkap & Terikat Sempurna,Kol 1 (Lancar),Sesuai Limit Wewenang Komite Kredit,Sesuai Batas BMPK (<10% Modal),Diasuransikan Penuh (All Risk),Sesuai Proposal Usaha,Tidak,2,1,-
LEND-0404,Cabang Medan,Kredit Investasi (KI),38259.6,9.32,58180.66,65.76,Lengkap & Terikat Sempurna,Kol 1 (Lancar),Sesuai Limit Wewenang Komite Kredit,Sesuai Batas BMPK (<10% Modal),Diasuransikan Penuh (All Risk),Sesuai Proposal Usaha,Tidak,2,1,-
LEND-0405,Cabang Medan,Kredit Modal Kerja (KMK),6294.33,9.95,8106.03,77.65,Pencairan Sebelum Syarat Efektif Lengkap (Pelanggaran),Kol 1 (Lancar),Sesuai Limit Wewenang Komite Kredit,Sesuai Batas BMPK (<10% Modal),Diasuransikan Penuh (All Risk),Sesuai Proposal Usaha,Ya (Anomali),4,5,Pencairan fasilitas kredit mendahului pemenuhan dokumen syarat efektif dan bukti pengikatan agunan (APHT/Fidusia)
LEND-0406,Cabang Bandung,Kredit Modal Kerja (KMK),7915.49,12.28,12377.62,63.95,Lengkap & Terikat Sempurna,Kol 1 (Lancar),Sesuai Limit Wewenang Komite Kredit,Sesuai Batas BMPK (<10% Modal),Diasuransikan Penuh (All Risk),Sesuai Proposal Usaha,Tidak,2,2,-
LEND-0407,Cabang Bali,Kredit Modal Kerja (KMK),25388.01,9.28,41763.46,60.79,Lengkap & Terikat Sempurna,Kol 1 (Lancar),Sesuai Limit Wewenang Komite Kredit,Sesuai Batas BMPK (<10% Modal),Diasuransikan Penuh (All Risk),Sesuai Proposal Usaha,Tidak,1,1,-
LEND-0408,Kantor Pusat,Kredit Multiguna (KMG),611.11,10.88,897.9,68.06,Lengkap & Terikat Sempurna,Kol 1 (Lancar),Sesuai Limit Wewenang Komite Kredit,Sesuai Batas BMPK (<10% Modal),Diasuransikan Penuh (All Risk),Sesuai Proposal Usaha,Tidak,1,2,-
LEND-0409,Kantor Pusat,Kredit Usaha Rakyat (KUR) / Mikro,191.82,7.4,348.32,55.07,Lengkap & Terikat Sempurna,Kol 1 (Lancar),Sesuai Limit Wewenang Komite Kredit,Sesuai Batas BMPK (<10% Modal),Diasuransikan Penuh (All Risk),Sesuai Proposal Usaha,Tidak,2,1,-
LEND-0410,Cabang Bali,Kredit Pemilikan Rumah (KPR),2434.64,9.09,3476.07,70.04,Lengkap & Terikat Sempurna,Kol 1 (Lancar),Sesuai Limit Wewenang Komite Kredit,Sesuai Batas BMPK (<10% Modal),Diasuransikan Penuh (All Risk),Sesuai Proposal Usaha,Tidak,1,1,-
LEND-0411,Kantor Pusat,Kredit Usaha Rakyat (KUR) / Mikro,170.77,7.02,260.24,65.62,Lengkap & Terikat Sempurna,Kol 1 (Lancar),Sesuai Limit Wewenang Komite Kredit,Sesuai Batas BMPK (<10% Modal),Diasuransikan Penuh (All Risk),Sesuai Proposal Usaha,Tidak,1,1,-
LEND-0412,Cabang Medan,Kredit Multiguna (KMG),1064.04,13.43,1459.19,72.92,Lengkap & Terikat Sempurna,Kol 1 (Lancar),Sesuai Limit Wewenang Komite Kredit,Sesuai Batas BMPK (<10% Modal),Diasuransikan Penuh (All Risk),Sesuai Proposal Usaha,Tidak,1,1,-
LEND-0413,Cabang Medan,Kredit Modal Kerja (KMK),8431.44,11.78,10559.1,79.85,Lengkap & Terikat Sempurna,Kol 1 (Lancar),Sesuai Limit Wewenang Komite Kredit,Sesuai Batas BMPK (<10% Modal),Diasuransikan Penuh (All Risk),Sesuai Proposal Usaha,Tidak,1,1,-
LEND-0414,Cabang Jakarta,Kredit Multiguna (KMG),477.3,12.99,840.17,56.81,Lengkap & Terikat Sempurna,Kol 1 (Lancar),Sesuai Limit Wewenang Komite Kredit,Sesuai Batas BMPK (<10% Modal),Diasuransikan Penuh (All Risk),Sesuai Proposal Usaha,Tidak,1,2,-
LEND-0415,Kantor Pusat,Kredit Investasi (KI),18541.71,9.69,28849.71,64.27,Lengkap & Terikat Sempurna,Kol 1 (Lancar),Sesuai Limit Wewenang Komite Kredit,Sesuai Batas BMPK (<10% Modal),Diasuransikan Penuh (All Risk),Sesuai Proposal Usaha,Tidak,2,1,-
LEND-0416,Cabang Jakarta,Kredit Investasi (KI),7017.44,9.05,12088.61,58.05,Lengkap & Terikat Sempurna,Kol 1 (Lancar),Sesuai Limit Wewenang Komite Kredit,Sesuai Batas BMPK (<10% Modal),Diasuransikan Penuh (All Risk),Sesuai Proposal Usaha,Tidak,2,2,-
LEND-0417,Cabang Surabaya,Kredit Pemilikan Rumah (KPR),7737.76,8.79,9841.97,78.62,Pencairan Sebelum Syarat Efektif Lengkap (Pelanggaran),Kol 1 (Lancar),Sesuai Limit Wewenang Komite Kredit,Sesuai Batas BMPK (<10% Modal),Diasuransikan Penuh (All Risk),Sesuai Proposal Usaha,Ya (Anomali),4,5,Pencairan fasilitas kredit mendahului pemenuhan dokumen syarat efektif dan bukti pengikatan agunan (APHT/Fidusia)
LEND-0418,Kantor Pusat,Kredit Investasi (KI),40537.45,11.34,56894.67,71.25,Lengkap & Terikat Sempurna,Kol 1 (Lancar),Melampaui Limit Wewenang Cabang (BKMK Breach),Sesuai Batas BMPK (<10% Modal),Diasuransikan Penuh (All Risk),Sesuai Proposal Usaha,Ya (Anomali),5,5,Pencairan kredit bernilai Rp 40537.45 Juta melampaui batas kewenangan memutus kredit (BKMK) komite cabang tanpa persetujuan Kantor Pusat
LEND-0419,Cabang Medan,Kredit Investasi (KI),28147.11,10.11,38637.08,72.85,Lengkap & Terikat Sempurna,Kol 1 (Lancar),Sesuai Limit Wewenang Komite Kredit,Sesuai Batas BMPK (<10% Modal),Diasuransikan Penuh (All Risk),Sesuai Proposal Usaha,Tidak,1,1,-
LEND-0420,Cabang Bali,Kredit Pemilikan Rumah (KPR),3807.45,10.28,5734.11,66.4,Lengkap & Terikat Sempurna,Kol 1 (Lancar),Sesuai Limit Wewenang Komite Kredit,Sesuai Batas BMPK (<10% Modal),Diasuransikan Penuh (All Risk),Sesuai Proposal Usaha,Tidak,2,1,-
LEND-0421,Cabang Jakarta,Kredit Multiguna (KMG),2163.17,10.4,3056.62,70.77,Lengkap & Terikat Sempurna,Kol 1 (Lancar),Sesuai Limit Wewenang Komite Kredit,Sesuai Batas BMPK (<10% Modal),Diasuransikan Penuh (All Risk),Sesuai Proposal Usaha,Tidak,2,1,-
LEND-0422,Cabang Bandung,Kredit Multiguna (KMG),1084.98,11.68,1484.65,73.08,Lengkap & Terikat Sempurna,Kol 1 (Lancar),Sesuai Limit Wewenang Komite Kredit,Sesuai Batas BMPK (<10% Modal),Diasuransikan Penuh (All Risk),Sesuai Proposal Usaha,Tidak,1,1,-
LEND-0423,Cabang Medan,Kredit Modal Kerja (KMK),14513.2,10.88,17999.75,80.63,Lengkap & Terikat Sempurna,Kol 1 (Lancar),Sesuai Limit Wewenang Komite Kredit,Sesuai Batas BMPK (<10% Modal),Tanpa Asuransi Agunan (Risiko Tinggi),Indikasi Pengalihan Dana / Side-Streaming,Ya (Anomali),4,5,Indikasi penyimpangan penggunaan fasilitas kredit modal kerja (Side-Streaming) dan agunan tidak ditutup asuransi
LEND-0424,Cabang Jakarta,Kredit Pemilikan Rumah (KPR),2605.15,8.42,3333.95,78.14,Lengkap & Terikat Sempurna,Kol 1 (Lancar),Sesuai Limit Wewenang Komite Kredit,Sesuai Batas BMPK (<10% Modal),Diasuransikan Penuh (All Risk),Sesuai Proposal Usaha,Tidak,2,2,-
LEND-0425,Cabang Bali,Kredit Investasi (KI),20827.17,10.48,34539.25,60.3,Lengkap & Terikat Sempurna,Kol 1 (Lancar),Sesuai Limit Wewenang Komite Kredit,Sesuai Batas BMPK (<10% Modal),Diasuransikan Penuh (All Risk),Sesuai Proposal Usaha,Tidak,1,2,-
LEND-0426,Kantor Pusat,Kredit Pemilikan Rumah (KPR),3041.27,8.42,4304.09,70.66,Lengkap & Terikat Sempurna,Kol 1 (Lancar),Sesuai Limit Wewenang Komite Kredit,Sesuai Batas BMPK (<10% Modal),Diasuransikan Penuh (All Risk),Sesuai Proposal Usaha,Tidak,1,1,-
LEND-0427,Cabang Jakarta,Kredit Sindikasi Korporasi,41701.84,9.9,63347.77,65.83,Lengkap & Terikat Sempurna,Kol 1 (Lancar),Sesuai Limit Wewenang Komite Kredit,Sesuai Batas BMPK (<10% Modal),Diasuransikan Penuh (All Risk),Sesuai Proposal Usaha,Tidak,1,1,-
LEND-0428,Kantor Pusat,Kredit Modal Kerja (KMK),24759.28,10.91,34774.27,71.2,Lengkap & Terikat Sempurna,Kol 1 (Lancar),Sesuai Limit Wewenang Komite Kredit,Sesuai Batas BMPK (<10% Modal),Tanpa Asuransi Agunan (Risiko Tinggi),Indikasi Pengalihan Dana / Side-Streaming,Ya (Anomali),4,4,Indikasi penyimpangan penggunaan fasilitas kredit modal kerja (Side-Streaming) dan agunan tidak ditutup asuransi
LEND-0429,Cabang Medan,Kredit Modal Kerja (KMK),26089.45,9.34,39161.59,66.62,Lengkap & Terikat Sempurna,Kol 1 (Lancar),Sesuai Limit Wewenang Komite Kredit,Sesuai Batas BMPK (<10% Modal),Diasuransikan Penuh (All Risk),Sesuai Proposal Usaha,Tidak,2,1,-
LEND-0430,Cabang Bandung,Kredit Modal Kerja (KMK),2889.26,12.12,3913.4,73.83,Lengkap & Terikat Sempurna,Kol 2 (Dalam Perhatian Khusus),Sesuai Limit Wewenang Komite Kredit,Sesuai Batas BMPK (<10% Modal),Diasuransikan Penuh (All Risk),Sesuai Proposal Usaha,Tidak,1,2,-
LEND-0431,Cabang Surabaya,Kredit Pemilikan Rumah (KPR),1910.53,8.81,2732.06,69.93,Lengkap & Terikat Sempurna,Kol 1 (Lancar),Sesuai Limit Wewenang Komite Kredit,Sesuai Batas BMPK (<10% Modal),Diasuransikan Penuh (All Risk),Sesuai Proposal Usaha,Tidak,1,1,-
LEND-0432,Cabang Medan,Kredit Pemilikan Rumah (KPR),3660.42,10.32,4568.67,80.12,Lengkap & Terikat Sempurna,Kol 1 (Lancar),Sesuai Limit Wewenang Komite Kredit,Sesuai Batas BMPK (<10% Modal),Diasuransikan Penuh (All Risk),Sesuai Proposal Usaha,Tidak,1,2,-
LEND-0433,Cabang Jakarta,Kredit Pemilikan Rumah (KPR),4643.05,10.61,6287.14,73.85,Pencairan Sebelum Syarat Efektif Lengkap (Pelanggaran),Kol 1 (Lancar),Sesuai Limit Wewenang Komite Kredit,Sesuai Batas BMPK (<10% Modal),Diasuransikan Penuh (All Risk),Sesuai Proposal Usaha,Ya (Anomali),4,4,Pencairan fasilitas kredit mendahului pemenuhan dokumen syarat efektif dan bukti pengikatan agunan (APHT/Fidusia)
LEND-0434,Cabang Medan,Kredit Modal Kerja (KMK),29173.05,10.08,42675.61,68.36,Lengkap & Terikat Sempurna,Kol 1 (Lancar),Sesuai Limit Wewenang Komite Kredit,Sesuai Batas BMPK (<10% Modal),Diasuransikan Penuh (All Risk),Sesuai Proposal Usaha,Tidak,1,1,-
LEND-0435,Kantor Pusat,Kredit Modal Kerja (KMK),24665.88,11.72,32314.79,76.33,Lengkap & Terikat Sempurna,Kol 1 (Lancar),Sesuai Limit Wewenang Komite Kredit,Sesuai Batas BMPK (<10% Modal),Diasuransikan Penuh (All Risk),Sesuai Proposal Usaha,Tidak,1,1,-
LEND-0436,Kantor Pusat,Kredit Sindikasi Korporasi,26624.22,10.36,53046.86,50.19,Lengkap & Terikat Sempurna,Kol 2 (Dalam Perhatian Khusus),Sesuai Limit Wewenang Komite Kredit,Sesuai Batas BMPK (<10% Modal),Diasuransikan Penuh (All Risk),Sesuai Proposal Usaha,Tidak,1,2,-
LEND-0437,Cabang Jakarta,Kredit Modal Kerja (KMK),15169.02,10.81,24235.53,62.59,Lengkap & Terikat Sempurna,Kol 1 (Lancar),Sesuai Limit Wewenang Komite Kredit,Sesuai Batas BMPK (<10% Modal),Diasuransikan Penuh (All Risk),Sesuai Proposal Usaha,Tidak,1,1,-
LEND-0438,Cabang Bali,Kredit Pemilikan Rumah (KPR),10843.82,12.59,8500.29,127.57,Lengkap & Terikat Sempurna,Kol 1 (Lancar),Sesuai Limit Wewenang Komite Kredit,Sesuai Batas BMPK (<10% Modal),Diasuransikan Penuh (All Risk),Sesuai Proposal Usaha,Ya (Anomali),5,5,"Rasio Loan to Value (127.57%) melampaui batas wajar (>100%), agunan defisit (Rp 8500.29 Juta) tidak mencukupi plafon kredit"
LEND-0439,Cabang Jakarta,Kredit Modal Kerja (KMK),1801.53,11.08,2556.45,70.47,Lengkap & Terikat Sempurna,Kol 1 (Lancar),Sesuai Limit Wewenang Komite Kredit,Sesuai Batas BMPK (<10% Modal),Diasuransikan Penuh (All Risk),Sesuai Proposal Usaha,Tidak,2,1,-
LEND-0440,Cabang Bali,Kredit Modal Kerja (KMK),50282.64,9.05,70090.1,71.74,Lengkap & Terikat Sempurna,Kol 1 (Lancar),Melampaui Limit Wewenang Cabang (BKMK Breach),Sesuai Batas BMPK (<10% Modal),Diasuransikan Penuh (All Risk),Sesuai Proposal Usaha,Ya (Anomali),5,5,Pencairan kredit bernilai Rp 50282.64 Juta melampaui batas kewenangan memutus kredit (BKMK) komite cabang tanpa persetujuan Kantor Pusat
LEND-0441,Cabang Bali,Kredit Multiguna (KMG),1496.55,10.64,2310.56,64.77,Lengkap & Terikat Sempurna,Kol 1 (Lancar),Sesuai Limit Wewenang Komite Kredit,Sesuai Batas BMPK (<10% Modal),Diasuransikan Penuh (All Risk),Sesuai Proposal Usaha,Tidak,1,1,-
LEND-0442,Cabang Surabaya,Kredit Multiguna (KMG),6333.8,11.25,9974.49,63.5,Lengkap & Terikat Sempurna,Kol 3-5 (NPL / Macet),Sesuai Limit Wewenang Komite Kredit,Sesuai Batas BMPK (<10% Modal),Diasuransikan Penuh (All Risk),Sesuai Proposal Usaha,Ya (Anomali),5,5,Penyetujuan kredit kepada debitur dengan riwayat kolektibilitas macet (Kol 3-5) pada SLIK OJK tanpa analisis mitigasi risiko
LEND-0443,Cabang Medan,Kredit Modal Kerja (KMK),20865.81,9.56,33807.21,61.72,Lengkap & Terikat Sempurna,Kol 2 (Dalam Perhatian Khusus),Sesuai Limit Wewenang Komite Kredit,Sesuai Batas BMPK (<10% Modal),Diasuransikan Penuh (All Risk),Sesuai Proposal Usaha,Tidak,1,2,-
LEND-0444,Cabang Bandung,Kredit Pemilikan Rumah (KPR),2267.74,8.63,3059.55,74.12,Lengkap & Terikat Sempurna,Kol 1 (Lancar),Sesuai Limit Wewenang Komite Kredit,Sesuai Batas BMPK (<10% Modal),Diasuransikan Penuh (All Risk),Sesuai Proposal Usaha,Tidak,1,2,-
LEND-0445,Cabang Surabaya,Kredit Sindikasi Korporasi,74393.81,10.46,119912.65,62.04,Lengkap & Terikat Sempurna,Kol 1 (Lancar),Sesuai Limit Wewenang Komite Kredit,Sesuai Batas BMPK (<10% Modal),Diasuransikan Penuh (All Risk),Sesuai Proposal Usaha,Tidak,2,1,-
LEND-0446,Kantor Pusat,Kredit Modal Kerja (KMK),3320.83,9.82,4307.73,77.09,Lengkap & Terikat Sempurna,Kol 1 (Lancar),Sesuai Limit Wewenang Komite Kredit,Sesuai Batas BMPK (<10% Modal),Diasuransikan Penuh (All Risk),Sesuai Proposal Usaha,Tidak,1,1,-
LEND-0447,Cabang Jakarta,Kredit Multiguna (KMG),1882.17,12.1,2845.31,66.15,Lengkap & Terikat Sempurna,Kol 2 (Dalam Perhatian Khusus),Sesuai Limit Wewenang Komite Kredit,Sesuai Batas BMPK (<10% Modal),Diasuransikan Penuh (All Risk),Sesuai Proposal Usaha,Tidak,1,2,-
LEND-0448,Cabang Medan,Kredit Pemilikan Rumah (KPR),664.39,8.85,969.2,68.55,Lengkap & Terikat Sempurna,Kol 1 (Lancar),Sesuai Limit Wewenang Komite Kredit,Sesuai Batas BMPK (<10% Modal),Diasuransikan Penuh (All Risk),Sesuai Proposal Usaha,Tidak,2,1,-
LEND-0449,Cabang Medan,Kredit Modal Kerja (KMK),3167.3,8.78,4376.54,72.37,Lengkap & Terikat Sempurna,Kol 1 (Lancar),Sesuai Limit Wewenang Komite Kredit,Sesuai Batas BMPK (<10% Modal),Diasuransikan Penuh (All Risk),Sesuai Proposal Usaha,Tidak,1,2,-
LEND-0450,Kantor Pusat,Kredit Multiguna (KMG),8660.92,11.98,14313.2,60.51,Lengkap & Terikat Sempurna,Kol 3-5 (NPL / Macet),Sesuai Limit Wewenang Komite Kredit,Sesuai Batas BMPK (<10% Modal),Diasuransikan Penuh (All Risk),Sesuai Proposal Usaha,Ya (Anomali),5,5,Penyetujuan kredit kepada debitur dengan riwayat kolektibilitas macet (Kol 3-5) pada SLIK OJK tanpa analisis mitigasi risiko
LEND-0451,Cabang Jakarta,Kredit Usaha Rakyat (KUR) / Mikro,264.19,6.83,447.93,58.98,Lengkap & Terikat Sempurna,Kol 2 (Dalam Perhatian Khusus),Sesuai Limit Wewenang Komite Kredit,Sesuai Batas BMPK (<10% Modal),Diasuransikan Penuh (All Risk),Sesuai Proposal Usaha,Tidak,1,2,-
LEND-0452,Cabang Bali,Kredit Modal Kerja (KMK),13416.04,9.51,18959.92,70.76,Lengkap & Terikat Sempurna,Kol 1 (Lancar),Sesuai Limit Wewenang Komite Kredit,Sesuai Batas BMPK (<10% Modal),Diasuransikan Penuh (All Risk),Sesuai Proposal Usaha,Tidak,2,1,-
LEND-0453,Cabang Jakarta,Kredit Multiguna (KMG),1554.15,10.72,2734.25,56.84,Lengkap & Terikat Sempurna,Kol 1 (Lancar),Sesuai Limit Wewenang Komite Kredit,Sesuai Batas BMPK (<10% Modal),Diasuransikan Penuh (All Risk),Sesuai Proposal Usaha,Tidak,1,1,-
LEND-0454,Cabang Bandung,Kredit Pemilikan Rumah (KPR),3703.58,9.5,5876.83,63.02,Lengkap & Terikat Sempurna,Kol 1 (Lancar),Sesuai Limit Wewenang Komite Kredit,Sesuai Batas BMPK (<10% Modal),Diasuransikan Penuh (All Risk),Sesuai Proposal Usaha,Tidak,1,1,-
LEND-0455,Cabang Surabaya,Kredit Modal Kerja (KMK),25626.85,9.28,40930.92,62.61,Lengkap & Terikat Sempurna,Kol 1 (Lancar),Sesuai Limit Wewenang Komite Kredit,Sesuai Batas BMPK (<10% Modal),Diasuransikan Penuh (All Risk),Sesuai Proposal Usaha,Tidak,2,1,-
LEND-0456,Cabang Jakarta,Kredit Pemilikan Rumah (KPR),2262.57,10.12,3686.77,61.37,Lengkap & Terikat Sempurna,Kol 1 (Lancar),Sesuai Limit Wewenang Komite Kredit,Sesuai Batas BMPK (<10% Modal),Diasuransikan Penuh (All Risk),Sesuai Proposal Usaha,Tidak,1,2,-
LEND-0457,Cabang Jakarta,Kredit Usaha Rakyat (KUR) / Mikro,168.54,7.12,248.69,67.77,Lengkap & Terikat Sempurna,Kol 1 (Lancar),Sesuai Limit Wewenang Komite Kredit,Sesuai Batas BMPK (<10% Modal),Diasuransikan Penuh (All Risk),Sesuai Proposal Usaha,Tidak,1,2,-
LEND-0458,Kantor Pusat,Kredit Investasi (KI),26105.75,10.11,43625.92,59.84,Lengkap & Terikat Sempurna,Kol 1 (Lancar),Sesuai Limit Wewenang Komite Kredit,Sesuai Batas BMPK (<10% Modal),Diasuransikan Penuh (All Risk),Sesuai Proposal Usaha,Tidak,1,1,-
LEND-0459,Cabang Jakarta,Kredit Sindikasi Korporasi,68866.86,10.49,100024.49,68.85,Lengkap & Terikat Sempurna,Kol 1 (Lancar),Sesuai Limit Wewenang Komite Kredit,Sesuai Batas BMPK (<10% Modal),Diasuransikan Penuh (All Risk),Sesuai Proposal Usaha,Tidak,2,1,-
LEND-0460,Kantor Pusat,Kredit Modal Kerja (KMK),15838.19,12.36,22874.34,69.24,Lengkap & Terikat Sempurna,Kol 1 (Lancar),Sesuai Limit Wewenang Komite Kredit,Sesuai Batas BMPK (<10% Modal),Diasuransikan Penuh (All Risk),Sesuai Proposal Usaha,Tidak,2,1,-
LEND-0461,Cabang Bandung,Kredit Multiguna (KMG),2311.82,12.98,3811.74,60.65,Lengkap & Terikat Sempurna,Kol 1 (Lancar),Sesuai Limit Wewenang Komite Kredit,Sesuai Batas BMPK (<10% Modal),Diasuransikan Penuh (All Risk),Sesuai Proposal Usaha,Tidak,1,2,-
LEND-0462,Cabang Jakarta,Kredit Modal Kerja (KMK),22302.0,11.5,28780.49,77.49,Lengkap & Terikat Sempurna,Kol 1 (Lancar),Sesuai Limit Wewenang Komite Kredit,Sesuai Batas BMPK (<10% Modal),Diasuransikan Penuh (All Risk),Sesuai Proposal Usaha,Tidak,1,1,-
LEND-0463,Kantor Pusat,Kredit Pemilikan Rumah (KPR),3997.45,8.95,5246.69,76.19,Lengkap & Terikat Sempurna,Kol 1 (Lancar),Sesuai Limit Wewenang Komite Kredit,Sesuai Batas BMPK (<10% Modal),Diasuransikan Penuh (All Risk),Sesuai Proposal Usaha,Tidak,1,1,-
LEND-0464,Cabang Bandung,Kredit Usaha Rakyat (KUR) / Mikro,56.42,6.5,102.36,55.12,Lengkap & Terikat Sempurna,Kol 1 (Lancar),Sesuai Limit Wewenang Komite Kredit,Sesuai Batas BMPK (<10% Modal),Diasuransikan Penuh (All Risk),Sesuai Proposal Usaha,Tidak,1,1,-
LEND-0465,Cabang Bandung,Kredit Pemilikan Rumah (KPR),2190.72,10.16,2913.19,75.2,Pencairan Sebelum Syarat Efektif Lengkap (Pelanggaran),Kol 1 (Lancar),Sesuai Limit Wewenang Komite Kredit,Sesuai Batas BMPK (<10% Modal),Diasuransikan Penuh (All Risk),Sesuai Proposal Usaha,Ya (Anomali),4,5,Pencairan fasilitas kredit mendahului pemenuhan dokumen syarat efektif dan bukti pengikatan agunan (APHT/Fidusia)
LEND-0466,Cabang Medan,Kredit Investasi (KI),17234.3,10.77,27136.36,63.51,Lengkap & Terikat Sempurna,Kol 1 (Lancar),Sesuai Limit Wewenang Komite Kredit,Sesuai Batas BMPK (<10% Modal),Diasuransikan Penuh (All Risk),Sesuai Proposal Usaha,Tidak,1,1,-
LEND-0467,Kantor Pusat,Kredit Sindikasi Korporasi,50620.93,9.13,100979.31,50.13,Lengkap & Terikat Sempurna,Kol 1 (Lancar),Sesuai Limit Wewenang Komite Kredit,Sesuai Batas BMPK (<10% Modal),Diasuransikan Penuh (All Risk),Sesuai Proposal Usaha,Tidak,1,1,-
LEND-0468,Cabang Jakarta,Kredit Modal Kerja (KMK),14827.71,8.68,19007.45,78.01,Lengkap & Terikat Sempurna,Kol 1 (Lancar),Sesuai Limit Wewenang Komite Kredit,Sesuai Batas BMPK (<10% Modal),Diasuransikan Penuh (All Risk),Sesuai Proposal Usaha,Tidak,2,1,-
LEND-0469,Kantor Pusat,Kredit Modal Kerja (KMK),11337.51,9.81,16122.74,70.32,Lengkap & Terikat Sempurna,Kol 1 (Lancar),Sesuai Limit Wewenang Komite Kredit,Sesuai Batas BMPK (<10% Modal),Diasuransikan Penuh (All Risk),Sesuai Proposal Usaha,Tidak,1,1,-
LEND-0470,Cabang Bali,Kredit Pemilikan Rumah (KPR),4435.08,8.73,5828.73,76.09,Lengkap & Terikat Sempurna,Kol 1 (Lancar),Sesuai Limit Wewenang Komite Kredit,Sesuai Batas BMPK (<10% Modal),Diasuransikan Penuh (All Risk),Sesuai Proposal Usaha,Tidak,2,1,-
LEND-0471,Kantor Pusat,Kredit Modal Kerja (KMK),14523.86,12.0,19236.9,75.5,Lengkap & Terikat Sempurna,Kol 1 (Lancar),Sesuai Limit Wewenang Komite Kredit,Sesuai Batas BMPK (<10% Modal),Diasuransikan Penuh (All Risk),Sesuai Proposal Usaha,Tidak,2,1,-
LEND-0472,Cabang Medan,Kredit Usaha Rakyat (KUR) / Mikro,240.15,7.22,334.89,71.71,Lengkap & Terikat Sempurna,Kol 1 (Lancar),Sesuai Limit Wewenang Komite Kredit,Sesuai Batas BMPK (<10% Modal),Diasuransikan Penuh (All Risk),Sesuai Proposal Usaha,Tidak,2,1,-
LEND-0473,Cabang Surabaya,Kredit Multiguna (KMG),1610.12,11.61,2874.19,56.02,Lengkap & Terikat Sempurna,Kol 1 (Lancar),Sesuai Limit Wewenang Komite Kredit,Sesuai Batas BMPK (<10% Modal),Diasuransikan Penuh (All Risk),Sesuai Proposal Usaha,Tidak,1,1,-
LEND-0474,Cabang Surabaya,Kredit Multiguna (KMG),2314.76,13.87,3133.56,73.87,Lengkap & Terikat Sempurna,Kol 1 (Lancar),Sesuai Limit Wewenang Komite Kredit,Sesuai Batas BMPK (<10% Modal),Diasuransikan Penuh (All Risk),Sesuai Proposal Usaha,Tidak,1,2,-
LEND-0475,Kantor Pusat,Kredit Sindikasi Korporasi,66377.76,9.22,94947.45,69.91,Lengkap & Terikat Sempurna,Kol 1 (Lancar),Sesuai Limit Wewenang Komite Kredit,Sesuai Batas BMPK (<10% Modal),Diasuransikan Penuh (All Risk),Sesuai Proposal Usaha,Tidak,1,1,-
LEND-0476,Cabang Jakarta,Kredit Modal Kerja (KMK),2519.39,12.38,3581.73,70.34,Lengkap & Terikat Sempurna,Kol 1 (Lancar),Sesuai Limit Wewenang Komite Kredit,Sesuai Batas BMPK (<10% Modal),Diasuransikan Penuh (All Risk),Sesuai Proposal Usaha,Tidak,1,2,-
LEND-0477,Kantor Pusat,Kredit Sindikasi Korporasi,43571.09,10.18,72401.28,60.18,Lengkap & Terikat Sempurna,Kol 1 (Lancar),Sesuai Limit Wewenang Komite Kredit,Sesuai Batas BMPK (<10% Modal),Diasuransikan Penuh (All Risk),Sesuai Proposal Usaha,Tidak,1,2,-
LEND-0478,Kantor Pusat,Kredit Usaha Rakyat (KUR) / Mikro,62.71,6.5,118.39,52.97,Lengkap & Terikat Sempurna,Kol 1 (Lancar),Sesuai Limit Wewenang Komite Kredit,Sesuai Batas BMPK (<10% Modal),Diasuransikan Penuh (All Risk),Sesuai Proposal Usaha,Tidak,1,1,-
LEND-0479,Kantor Pusat,Kredit Modal Kerja (KMK),5735.55,9.59,7362.71,77.9,Lengkap & Terikat Sempurna,Kol 1 (Lancar),Sesuai Limit Wewenang Komite Kredit,Sesuai Batas BMPK (<10% Modal),Diasuransikan Penuh (All Risk),Sesuai Proposal Usaha,Tidak,1,2,-
LEND-0480,Cabang Medan,Kredit Sindikasi Korporasi,43011.42,10.2,70533.65,60.98,Lengkap & Terikat Sempurna,Kol 1 (Lancar),Sesuai Limit Wewenang Komite Kredit,Sesuai Batas BMPK (<10% Modal),Diasuransikan Penuh (All Risk),Sesuai Proposal Usaha,Tidak,1,1,-
LEND-0481,Kantor Pusat,Kredit Modal Kerja (KMK),5970.63,11.56,4665.65,127.97,Lengkap & Terikat Sempurna,Kol 1 (Lancar),Sesuai Limit Wewenang Komite Kredit,Sesuai Batas BMPK (<10% Modal),Diasuransikan Penuh (All Risk),Sesuai Proposal Usaha,Ya (Anomali),5,4,"Rasio Loan to Value (127.97%) melampaui batas wajar (>100%), agunan defisit (Rp 4665.65 Juta) tidak mencukupi plafon kredit"
LEND-0482,Cabang Medan,Kredit Multiguna (KMG),2154.76,10.68,3513.39,61.33,Lengkap & Terikat Sempurna,Kol 1 (Lancar),Sesuai Limit Wewenang Komite Kredit,Sesuai Batas BMPK (<10% Modal),Diasuransikan Penuh (All Risk),Sesuai Proposal Usaha,Tidak,2,2,-
LEND-0483,Cabang Bandung,Kredit Usaha Rakyat (KUR) / Mikro,102.94,6.49,164.18,62.7,Lengkap & Terikat Sempurna,Kol 1 (Lancar),Sesuai Limit Wewenang Komite Kredit,Sesuai Batas BMPK (<10% Modal),Diasuransikan Penuh (All Risk),Sesuai Proposal Usaha,Tidak,1,2,-
LEND-0484,Cabang Jakarta,Kredit Modal Kerja (KMK),19012.69,9.55,23849.34,79.72,Lengkap & Terikat Sempurna,Kol 1 (Lancar),Sesuai Limit Wewenang Komite Kredit,Sesuai Batas BMPK (<10% Modal),Diasuransikan Penuh (All Risk),Sesuai Proposal Usaha,Tidak,1,1,-
LEND-0485,Cabang Bali,Kredit Investasi (KI),28800.11,11.68,46783.8,61.56,Lengkap & Terikat Sempurna,Kol 2 (Dalam Perhatian Khusus),Sesuai Limit Wewenang Komite Kredit,Sesuai Batas BMPK (<10% Modal),Diasuransikan Penuh (All Risk),Sesuai Proposal Usaha,Tidak,2,2,-
LEND-0486,Cabang Bandung,Kredit Multiguna (KMG),2071.34,11.69,1704.95,121.49,Lengkap & Terikat Sempurna,Kol 1 (Lancar),Sesuai Limit Wewenang Komite Kredit,Sesuai Batas BMPK (<10% Modal),Diasuransikan Penuh (All Risk),Sesuai Proposal Usaha,Ya (Anomali),5,5,"Rasio Loan to Value (121.49%) melampaui batas wajar (>100%), agunan defisit (Rp 1704.95 Juta) tidak mencukupi plafon kredit"
LEND-0487,Cabang Bandung,Kredit Multiguna (KMG),291.67,13.38,515.05,56.63,Lengkap & Terikat Sempurna,Kol 1 (Lancar),Sesuai Limit Wewenang Komite Kredit,Sesuai Batas BMPK (<10% Modal),Diasuransikan Penuh (All Risk),Sesuai Proposal Usaha,Tidak,1,1,-
LEND-0488,Cabang Jakarta,Kredit Multiguna (KMG),188.01,13.86,284.48,66.09,Lengkap & Terikat Sempurna,Kol 1 (Lancar),Sesuai Limit Wewenang Komite Kredit,Sesuai Batas BMPK (<10% Modal),Diasuransikan Penuh (All Risk),Sesuai Proposal Usaha,Tidak,1,1,-
LEND-0489,Kantor Pusat,Kredit Investasi (KI),41616.06,10.64,70619.48,58.93,Lengkap & Terikat Sempurna,Kol 1 (Lancar),Sesuai Limit Wewenang Komite Kredit,Sesuai Batas BMPK (<10% Modal),Diasuransikan Penuh (All Risk),Sesuai Proposal Usaha,Tidak,1,1,-
LEND-0490,Cabang Medan,Kredit Investasi (KI),29613.95,9.4,40356.98,73.38,Lengkap & Terikat Sempurna,Kol 1 (Lancar),Sesuai Limit Wewenang Komite Kredit,Sesuai Batas BMPK (<10% Modal),Diasuransikan Penuh (All Risk),Sesuai Proposal Usaha,Tidak,1,2,-
LEND-0491,Kantor Pusat,Kredit Multiguna (KMG),2293.81,13.35,3298.07,69.55,Lengkap & Terikat Sempurna,Kol 1 (Lancar),Sesuai Limit Wewenang Komite Kredit,Sesuai Batas BMPK (<10% Modal),Diasuransikan Penuh (All Risk),Sesuai Proposal Usaha,Tidak,1,1,-
LEND-0492,Cabang Surabaya,Kredit Usaha Rakyat (KUR) / Mikro,320.62,6.66,489.05,65.56,Lengkap & Terikat Sempurna,Kol 1 (Lancar),Sesuai Limit Wewenang Komite Kredit,Sesuai Batas BMPK (<10% Modal),Diasuransikan Penuh (All Risk),Sesuai Proposal Usaha,Tidak,1,1,-
LEND-0493,Cabang Surabaya,Kredit Modal Kerja (KMK),14690.68,9.4,10754.52,136.6,Lengkap & Terikat Sempurna,Kol 1 (Lancar),Sesuai Limit Wewenang Komite Kredit,Sesuai Batas BMPK (<10% Modal),Diasuransikan Penuh (All Risk),Sesuai Proposal Usaha,Ya (Anomali),5,4,"Rasio Loan to Value (136.6%) melampaui batas wajar (>100%), agunan defisit (Rp 10754.52 Juta) tidak mencukupi plafon kredit"
LEND-0494,Cabang Surabaya,Kredit Pemilikan Rumah (KPR),2331.5,8.36,2918.02,79.9,Lengkap & Terikat Sempurna,Kol 2 (Dalam Perhatian Khusus),Sesuai Limit Wewenang Komite Kredit,Sesuai Batas BMPK (<10% Modal),Diasuransikan Penuh (All Risk),Sesuai Proposal Usaha,Tidak,2,2,-
LEND-0495,Cabang Bandung,Kredit Modal Kerja (KMK),6627.19,8.71,9534.15,69.51,Lengkap & Terikat Sempurna,Kol 1 (Lancar),Sesuai Limit Wewenang Komite Kredit,Sesuai Batas BMPK (<10% Modal),Diasuransikan Penuh (All Risk),Sesuai Proposal Usaha,Tidak,2,1,-
LEND-0496,Cabang Bandung,Kredit Multiguna (KMG),2122.72,12.05,3755.7,56.52,Lengkap & Terikat Sempurna,Kol 1 (Lancar),Sesuai Limit Wewenang Komite Kredit,Sesuai Batas BMPK (<10% Modal),Diasuransikan Penuh (All Risk),Sesuai Proposal Usaha,Tidak,1,2,-
LEND-0497,Cabang Medan,Kredit Multiguna (KMG),407.03,13.98,560.34,72.64,Lengkap & Terikat Sempurna,Kol 1 (Lancar),Sesuai Limit Wewenang Komite Kredit,Sesuai Batas BMPK (<10% Modal),Diasuransikan Penuh (All Risk),Sesuai Proposal Usaha,Tidak,1,2,-
LEND-0498,Kantor Pusat,Kredit Modal Kerja (KMK),13222.48,10.79,19069.05,69.34,Lengkap & Terikat Sempurna,Kol 1 (Lancar),Sesuai Limit Wewenang Komite Kredit,Sesuai Batas BMPK (<10% Modal),Diasuransikan Penuh (All Risk),Sesuai Proposal Usaha,Tidak,1,1,-
LEND-0499,Kantor Pusat,Kredit Modal Kerja (KMK),7247.68,9.94,11486.02,63.1,Lengkap & Terikat Sempurna,Kol 1 (Lancar),Sesuai Limit Wewenang Komite Kredit,Sesuai Batas BMPK (<10% Modal),Diasuransikan Penuh (All Risk),Sesuai Proposal Usaha,Tidak,2,1,-
LEND-0500,Kantor Pusat,Kredit Multiguna (KMG),1573.91,10.36,2487.61,63.27,Lengkap & Terikat Sempurna,Kol 1 (Lancar),Sesuai Limit Wewenang Komite Kredit,Sesuai Batas BMPK (<10% Modal),Diasuransikan Penuh (All Risk),Sesuai Proposal Usaha,Tidak,1,1,-
LEND-0501,Cabang Surabaya,Kredit Modal Kerja (KMK),11814.59,11.47,15454.01,76.45,Lengkap & Terikat Sempurna,Kol 1 (Lancar),Sesuai Limit Wewenang Komite Kredit,Sesuai Batas BMPK (<10% Modal),Diasuransikan Penuh (All Risk),Sesuai Proposal Usaha,Tidak,1,1,-
LEND-0502,Cabang Surabaya,Kredit Sindikasi Korporasi,33499.38,9.28,48861.41,68.56,Lengkap & Terikat Sempurna,Kol 1 (Lancar),Sesuai Limit Wewenang Komite Kredit,Sesuai Batas BMPK (<10% Modal),Diasuransikan Penuh (All Risk),Sesuai Proposal Usaha,Tidak,1,1,-
LEND-0503,Cabang Jakarta,Kredit Modal Kerja (KMK),27639.22,11.8,44876.15,61.59,Lengkap & Terikat Sempurna,Kol 1 (Lancar),Sesuai Limit Wewenang Komite Kredit,Sesuai Batas BMPK (<10% Modal),Diasuransikan Penuh (All Risk),Sesuai Proposal Usaha,Tidak,1,1,-
LEND-0504,Cabang Medan,Kredit Multiguna (KMG),959.2,11.92,1504.63,63.75,Lengkap & Terikat Sempurna,Kol 1 (Lancar),Sesuai Limit Wewenang Komite Kredit,Sesuai Batas BMPK (<10% Modal),Diasuransikan Penuh (All Risk),Sesuai Proposal Usaha,Tidak,1,2,-
LEND-0505,Cabang Bandung,Kredit Investasi (KI),11881.49,8.99,20641.92,57.56,Lengkap & Terikat Sempurna,Kol 1 (Lancar),Sesuai Limit Wewenang Komite Kredit,Sesuai Batas BMPK (<10% Modal),Diasuransikan Penuh (All Risk),Sesuai Proposal Usaha,Tidak,1,1,-
LEND-0506,Cabang Bandung,Kredit Sindikasi Korporasi,23595.41,9.69,39696.18,59.44,Lengkap & Terikat Sempurna,Kol 1 (Lancar),Sesuai Limit Wewenang Komite Kredit,Sesuai Batas BMPK (<10% Modal),Diasuransikan Penuh (All Risk),Sesuai Proposal Usaha,Tidak,1,1,-
LEND-0507,Cabang Bandung,Kredit Multiguna (KMG),9777.46,10.14,13792.44,70.89,Lengkap & Terikat Sempurna,Kol 3-5 (NPL / Macet),Sesuai Limit Wewenang Komite Kredit,Sesuai Batas BMPK (<10% Modal),Diasuransikan Penuh (All Risk),Sesuai Proposal Usaha,Ya (Anomali),5,5,Penyetujuan kredit kepada debitur dengan riwayat kolektibilitas macet (Kol 3-5) pada SLIK OJK tanpa analisis mitigasi risiko
LEND-0508,Cabang Medan,Kredit Multiguna (KMG),985.65,10.68,1396.5,70.58,Lengkap & Terikat Sempurna,Kol 1 (Lancar),Sesuai Limit Wewenang Komite Kredit,Sesuai Batas BMPK (<10% Modal),Diasuransikan Penuh (All Risk),Sesuai Proposal Usaha,Tidak,1,1,-
LEND-0509,Kantor Pusat,Kredit Usaha Rakyat (KUR) / Mikro,313.43,6.18,478.37,65.52,Lengkap & Terikat Sempurna,Kol 1 (Lancar),Sesuai Limit Wewenang Komite Kredit,Sesuai Batas BMPK (<10% Modal),Diasuransikan Penuh (All Risk),Sesuai Proposal Usaha,Tidak,2,1,-
LEND-0510,Kantor Pusat,Kredit Pemilikan Rumah (KPR),817.52,9.69,1194.33,68.45,Lengkap & Terikat Sempurna,Kol 1 (Lancar),Sesuai Limit Wewenang Komite Kredit,Sesuai Batas BMPK (<10% Modal),Diasuransikan Penuh (All Risk),Sesuai Proposal Usaha,Tidak,2,1,-
LEND-0511,Cabang Bandung,Kredit Modal Kerja (KMK),5720.18,9.63,6945.34,82.36,Lengkap & Terikat Sempurna,Kol 1 (Lancar),Sesuai Limit Wewenang Komite Kredit,Sesuai Batas BMPK (<10% Modal),Tanpa Asuransi Agunan (Risiko Tinggi),Indikasi Pengalihan Dana / Side-Streaming,Ya (Anomali),4,5,Indikasi penyimpangan penggunaan fasilitas kredit modal kerja (Side-Streaming) dan agunan tidak ditutup asuransi
LEND-0512,Cabang Surabaya,Kredit Modal Kerja (KMK),19068.13,8.8,24728.48,77.11,Lengkap & Terikat Sempurna,Kol 1 (Lancar),Sesuai Limit Wewenang Komite Kredit,Sesuai Batas BMPK (<10% Modal),Diasuransikan Penuh (All Risk),Sesuai Proposal Usaha,Tidak,1,1,-
LEND-0513,Cabang Jakarta,Kredit Pemilikan Rumah (KPR),1319.93,7.52,1566.87,84.24,Lengkap & Terikat Sempurna,Kol 1 (Lancar),Sesuai Limit Wewenang Komite Kredit,Sesuai Batas BMPK (<10% Modal),Diasuransikan Penuh (All Risk),Sesuai Proposal Usaha,Tidak,2,1,-
LEND-0514,Kantor Pusat,Kredit Modal Kerja (KMK),9376.08,9.01,11753.89,79.77,Lengkap & Terikat Sempurna,Kol 2 (Dalam Perhatian Khusus),Sesuai Limit Wewenang Komite Kredit,Sesuai Batas BMPK (<10% Modal),Diasuransikan Penuh (All Risk),Sesuai Proposal Usaha,Tidak,1,1,-
LEND-0515,Cabang Bali,Kredit Investasi (KI),20097.5,3.57,31129.96,64.56,Lengkap & Terikat Sempurna,Kol 1 (Lancar),Sesuai Limit Wewenang Komite Kredit,Pelanggaran BMPK Pihak Terafiliasi,Diasuransikan Penuh (All Risk),Sesuai Proposal Usaha,Ya (Anomali),5,4,Pemberian bunga kredit murah ekstrem (3.57%) kepada pihak terafiliasi bank melanggar batas ketentuan BMPK OJK
LEND-0516,Cabang Bandung,Kredit Modal Kerja (KMK),21286.43,11.87,32582.93,65.33,Lengkap & Terikat Sempurna,Kol 1 (Lancar),Sesuai Limit Wewenang Komite Kredit,Sesuai Batas BMPK (<10% Modal),Diasuransikan Penuh (All Risk),Sesuai Proposal Usaha,Tidak,1,1,-
LEND-0517,Cabang Surabaya,Kredit Pemilikan Rumah (KPR),4197.55,9.38,5252.19,79.92,Lengkap & Terikat Sempurna,Kol 1 (Lancar),Sesuai Limit Wewenang Komite Kredit,Sesuai Batas BMPK (<10% Modal),Diasuransikan Penuh (All Risk),Sesuai Proposal Usaha,Tidak,2,1,-
LEND-0518,Cabang Surabaya,Kredit Pemilikan Rumah (KPR),776.24,8.52,1059.71,73.25,Lengkap & Terikat Sempurna,Kol 1 (Lancar),Sesuai Limit Wewenang Komite Kredit,Sesuai Batas BMPK (<10% Modal),Diasuransikan Penuh (All Risk),Sesuai Proposal Usaha,Tidak,1,1,-
LEND-0519,Cabang Bandung,Kredit Modal Kerja (KMK),38338.02,8.95,49050.69,78.16,Lengkap & Terikat Sempurna,Kol 1 (Lancar),Melampaui Limit Wewenang Cabang (BKMK Breach),Sesuai Batas BMPK (<10% Modal),Diasuransikan Penuh (All Risk),Sesuai Proposal Usaha,Ya (Anomali),5,4,Pencairan kredit bernilai Rp 38338.02 Juta melampaui batas kewenangan memutus kredit (BKMK) komite cabang tanpa persetujuan Kantor Pusat
LEND-0520,Cabang Jakarta,Kredit Pemilikan Rumah (KPR),3211.66,10.39,3930.56,81.71,Lengkap & Terikat Sempurna,Kol 1 (Lancar),Sesuai Limit Wewenang Komite Kredit,Sesuai Batas BMPK (<10% Modal),Diasuransikan Penuh (All Risk),Sesuai Proposal Usaha,Tidak,2,1,-
LEND-0521,Cabang Jakarta,Kredit Modal Kerja (KMK),16108.63,9.76,24249.03,66.43,Lengkap & Terikat Sempurna,Kol 1 (Lancar),Sesuai Limit Wewenang Komite Kredit,Sesuai Batas BMPK (<10% Modal),Diasuransikan Penuh (All Risk),Sesuai Proposal Usaha,Tidak,1,1,-
LEND-0522,Cabang Jakarta,Kredit Modal Kerja (KMK),6599.16,12.38,8359.72,78.94,Lengkap & Terikat Sempurna,Kol 1 (Lancar),Sesuai Limit Wewenang Komite Kredit,Sesuai Batas BMPK (<10% Modal),Tanpa Asuransi Agunan (Risiko Tinggi),Indikasi Pengalihan Dana / Side-Streaming,Ya (Anomali),4,5,Indikasi penyimpangan penggunaan fasilitas kredit modal kerja (Side-Streaming) dan agunan tidak ditutup asuransi
LEND-0523,Cabang Bandung,Kredit Modal Kerja (KMK),20700.93,11.43,32858.62,63.0,Lengkap & Terikat Sempurna,Kol 1 (Lancar),Sesuai Limit Wewenang Komite Kredit,Sesuai Batas BMPK (<10% Modal),Diasuransikan Penuh (All Risk),Sesuai Proposal Usaha,Tidak,2,1,-
LEND-0524,Cabang Surabaya,Kredit Sindikasi Korporasi,40770.77,3.67,60851.9,67.0,Lengkap & Terikat Sempurna,Kol 1 (Lancar),Sesuai Limit Wewenang Komite Kredit,Pelanggaran BMPK Pihak Terafiliasi,Diasuransikan Penuh (All Risk),Sesuai Proposal Usaha,Ya (Anomali),5,4,Pemberian bunga kredit murah ekstrem (3.67%) kepada pihak terafiliasi bank melanggar batas ketentuan BMPK OJK
LEND-0525,Cabang Jakarta,Kredit Pemilikan Rumah (KPR),1044.41,8.93,1516.27,68.88,Lengkap & Terikat Sempurna,Kol 1 (Lancar),Sesuai Limit Wewenang Komite Kredit,Sesuai Batas BMPK (<10% Modal),Diasuransikan Penuh (All Risk),Sesuai Proposal Usaha,Tidak,1,1,-
LEND-0526,Cabang Bandung,Kredit Modal Kerja (KMK),14513.54,9.34,18458.02,78.63,Pencairan Sebelum Syarat Efektif Lengkap (Pelanggaran),Kol 1 (Lancar),Sesuai Limit Wewenang Komite Kredit,Sesuai Batas BMPK (<10% Modal),Diasuransikan Penuh (All Risk),Sesuai Proposal Usaha,Ya (Anomali),4,5,Pencairan fasilitas kredit mendahului pemenuhan dokumen syarat efektif dan bukti pengikatan agunan (APHT/Fidusia)
LEND-0527,Cabang Bali,Kredit Modal Kerja (KMK),7114.88,11.78,9060.08,78.53,Lengkap & Terikat Sempurna,Kol 1 (Lancar),Sesuai Limit Wewenang Komite Kredit,Sesuai Batas BMPK (<10% Modal),Diasuransikan Penuh (All Risk),Sesuai Proposal Usaha,Tidak,1,1,-
LEND-0528,Cabang Jakarta,Kredit Pemilikan Rumah (KPR),428.2,10.16,710.94,60.23,Lengkap & Terikat Sempurna,Kol 1 (Lancar),Sesuai Limit Wewenang Komite Kredit,Sesuai Batas BMPK (<10% Modal),Diasuransikan Penuh (All Risk),Sesuai Proposal Usaha,Tidak,1,1,-
LEND-0529,Cabang Bali,Kredit Modal Kerja (KMK),24620.21,12.38,31560.33,78.01,Lengkap & Terikat Sempurna,Kol 1 (Lancar),Sesuai Limit Wewenang Komite Kredit,Sesuai Batas BMPK (<10% Modal),Tanpa Asuransi Agunan (Risiko Tinggi),Indikasi Pengalihan Dana / Side-Streaming,Ya (Anomali),4,5,Indikasi penyimpangan penggunaan fasilitas kredit modal kerja (Side-Streaming) dan agunan tidak ditutup asuransi
LEND-0530,Cabang Jakarta,Kredit Modal Kerja (KMK),7991.73,9.55,5014.89,159.36,Lengkap & Terikat Sempurna,Kol 1 (Lancar),Sesuai Limit Wewenang Komite Kredit,Sesuai Batas BMPK (<10% Modal),Diasuransikan Penuh (All Risk),Sesuai Proposal Usaha,Ya (Anomali),5,5,"Rasio Loan to Value (159.36%) melampaui batas wajar (>100%), agunan defisit (Rp 5014.89 Juta) tidak mencukupi plafon kredit"
LEND-0531,Cabang Bandung,Kredit Pemilikan Rumah (KPR),2562.84,9.73,3576.39,71.66,Lengkap & Terikat Sempurna,Kol 1 (Lancar),Sesuai Limit Wewenang Komite Kredit,Sesuai Batas BMPK (<10% Modal),Diasuransikan Penuh (All Risk),Sesuai Proposal Usaha,Tidak,1,1,-
LEND-0532,Kantor Pusat,Kredit Modal Kerja (KMK),10598.67,9.85,14226.4,74.5,Lengkap & Terikat Sempurna,Kol 1 (Lancar),Sesuai Limit Wewenang Komite Kredit,Sesuai Batas BMPK (<10% Modal),Diasuransikan Penuh (All Risk),Sesuai Proposal Usaha,Tidak,2,1,-
LEND-0533,Cabang Jakarta,Kredit Usaha Rakyat (KUR) / Mikro,146.03,7.33,195.44,74.72,Lengkap & Terikat Sempurna,Kol 2 (Dalam Perhatian Khusus),Sesuai Limit Wewenang Komite Kredit,Sesuai Batas BMPK (<10% Modal),Diasuransikan Penuh (All Risk),Sesuai Proposal Usaha,Tidak,1,2,-
LEND-0534,Cabang Jakarta,Kredit Modal Kerja (KMK),24551.38,11.13,40844.09,60.11,Lengkap & Terikat Sempurna,Kol 1 (Lancar),Sesuai Limit Wewenang Komite Kredit,Sesuai Batas BMPK (<10% Modal),Diasuransikan Penuh (All Risk),Sesuai Proposal Usaha,Tidak,2,1,-
LEND-0535,Cabang Surabaya,Kredit Multiguna (KMG),1041.33,10.4,1498.32,69.5,Lengkap & Terikat Sempurna,Kol 1 (Lancar),Sesuai Limit Wewenang Komite Kredit,Sesuai Batas BMPK (<10% Modal),Diasuransikan Penuh (All Risk),Sesuai Proposal Usaha,Tidak,1,1,-
LEND-0536,Cabang Surabaya,Kredit Pemilikan Rumah (KPR),672.41,10.18,883.94,76.07,Lengkap & Terikat Sempurna,Kol 1 (Lancar),Sesuai Limit Wewenang Komite Kredit,Sesuai Batas BMPK (<10% Modal),Diasuransikan Penuh (All Risk),Sesuai Proposal Usaha,Tidak,2,1,-
LEND-0537,Cabang Jakarta,Kredit Multiguna (KMG),1181.39,10.06,1849.97,63.86,Lengkap & Terikat Sempurna,Kol 1 (Lancar),Sesuai Limit Wewenang Komite Kredit,Sesuai Batas BMPK (<10% Modal),Diasuransikan Penuh (All Risk),Sesuai Proposal Usaha,Tidak,1,1,-
LEND-0538,Kantor Pusat,Kredit Pemilikan Rumah (KPR),601.78,8.21,711.91,84.53,Lengkap & Terikat Sempurna,Kol 1 (Lancar),Sesuai Limit Wewenang Komite Kredit,Sesuai Batas BMPK (<10% Modal),Diasuransikan Penuh (All Risk),Sesuai Proposal Usaha,Tidak,1,2,-
LEND-0539,Cabang Jakarta,Kredit Sindikasi Korporasi,37623.0,9.26,55597.75,67.67,Lengkap & Terikat Sempurna,Kol 1 (Lancar),Sesuai Limit Wewenang Komite Kredit,Sesuai Batas BMPK (<10% Modal),Diasuransikan Penuh (All Risk),Sesuai Proposal Usaha,Tidak,2,1,-
LEND-0540,Cabang Jakarta,Kredit Modal Kerja (KMK),2820.18,8.8,4358.86,64.7,Lengkap & Terikat Sempurna,Kol 1 (Lancar),Sesuai Limit Wewenang Komite Kredit,Sesuai Batas BMPK (<10% Modal),Diasuransikan Penuh (All Risk),Sesuai Proposal Usaha,Tidak,2,1,-
LEND-0541,Cabang Surabaya,Kredit Sindikasi Korporasi,43326.84,9.88,86308.45,50.2,Lengkap & Terikat Sempurna,Kol 1 (Lancar),Sesuai Limit Wewenang Komite Kredit,Sesuai Batas BMPK (<10% Modal),Diasuransikan Penuh (All Risk),Sesuai Proposal Usaha,Tidak,1,2,-
LEND-0542,Cabang Bali,Kredit Pemilikan Rumah (KPR),13601.42,10.46,20912.39,65.04,Pencairan Sebelum Syarat Efektif Lengkap (Pelanggaran),Kol 1 (Lancar),Sesuai Limit Wewenang Komite Kredit,Sesuai Batas BMPK (<10% Modal),Diasuransikan Penuh (All Risk),Sesuai Proposal Usaha,Ya (Anomali),4,4,Pencairan fasilitas kredit mendahului pemenuhan dokumen syarat efektif dan bukti pengikatan agunan (APHT/Fidusia)
LEND-0543,Cabang Medan,Kredit Modal Kerja (KMK),9149.3,12.22,14488.2,63.15,Lengkap & Terikat Sempurna,Kol 1 (Lancar),Sesuai Limit Wewenang Komite Kredit,Sesuai Batas BMPK (<10% Modal),Diasuransikan Penuh (All Risk),Sesuai Proposal Usaha,Tidak,2,2,-
LEND-0544,Cabang Surabaya,Kredit Investasi (KI),1660.71,10.65,2505.6,66.28,Lengkap & Terikat Sempurna,Kol 1 (Lancar),Sesuai Limit Wewenang Komite Kredit,Sesuai Batas BMPK (<10% Modal),Diasuransikan Penuh (All Risk),Sesuai Proposal Usaha,Tidak,2,1,-
LEND-0545,Cabang Medan,Kredit Sindikasi Korporasi,39121.52,8.98,56962.03,68.68,Lengkap & Terikat Sempurna,Kol 1 (Lancar),Sesuai Limit Wewenang Komite Kredit,Sesuai Batas BMPK (<10% Modal),Diasuransikan Penuh (All Risk),Sesuai Proposal Usaha,Tidak,1,1,-
LEND-0546,Cabang Bandung,Kredit Multiguna (KMG),1017.75,12.8,1380.56,73.72,Lengkap & Terikat Sempurna,Kol 2 (Dalam Perhatian Khusus),Sesuai Limit Wewenang Komite Kredit,Sesuai Batas BMPK (<10% Modal),Diasuransikan Penuh (All Risk),Sesuai Proposal Usaha,Tidak,1,2,-
LEND-0547,Kantor Pusat,Kredit Pemilikan Rumah (KPR),2961.3,9.43,4237.09,69.89,Lengkap & Terikat Sempurna,Kol 1 (Lancar),Sesuai Limit Wewenang Komite Kredit,Sesuai Batas BMPK (<10% Modal),Diasuransikan Penuh (All Risk),Sesuai Proposal Usaha,Tidak,1,1,-
LEND-0548,Cabang Surabaya,Kredit Modal Kerja (KMK),74712.42,10.85,91134.94,81.98,Lengkap & Terikat Sempurna,Kol 1 (Lancar),Melampaui Limit Wewenang Cabang (BKMK Breach),Sesuai Batas BMPK (<10% Modal),Diasuransikan Penuh (All Risk),Sesuai Proposal Usaha,Ya (Anomali),5,4,Pencairan kredit bernilai Rp 74712.42 Juta melampaui batas kewenangan memutus kredit (BKMK) komite cabang tanpa persetujuan Kantor Pusat
LEND-0549,Cabang Medan,Kredit Investasi (KI),19497.27,11.06,30018.89,64.95,Lengkap & Terikat Sempurna,Kol 1 (Lancar),Sesuai Limit Wewenang Komite Kredit,Sesuai Batas BMPK (<10% Modal),Diasuransikan Penuh (All Risk),Sesuai Proposal Usaha,Tidak,1,1,-
LEND-0550,Cabang Surabaya,Kredit Modal Kerja (KMK),1625.74,12.25,2635.77,61.68,Lengkap & Terikat Sempurna,Kol 1 (Lancar),Sesuai Limit Wewenang Komite Kredit,Sesuai Batas BMPK (<10% Modal),Diasuransikan Penuh (All Risk),Sesuai Proposal Usaha,Tidak,1,1,-
LEND-0551,Cabang Surabaya,Kredit Sindikasi Korporasi,45405.39,9.65,70538.12,64.37,Lengkap & Terikat Sempurna,Kol 1 (Lancar),Sesuai Limit Wewenang Komite Kredit,Sesuai Batas BMPK (<10% Modal),Diasuransikan Penuh (All Risk),Sesuai Proposal Usaha,Tidak,1,1,-
LEND-0552,Cabang Medan,Kredit Modal Kerja (KMK),26798.73,12.01,41522.67,64.54,Lengkap & Terikat Sempurna,Kol 1 (Lancar),Sesuai Limit Wewenang Komite Kredit,Sesuai Batas BMPK (<10% Modal),Diasuransikan Penuh (All Risk),Sesuai Proposal Usaha,Tidak,2,1,-
LEND-0553,Cabang Bali,Kredit Pemilikan Rumah (KPR),3089.6,9.83,4262.69,72.48,Lengkap & Terikat Sempurna,Kol 1 (Lancar),Sesuai Limit Wewenang Komite Kredit,Sesuai Batas BMPK (<10% Modal),Diasuransikan Penuh (All Risk),Sesuai Proposal Usaha,Tidak,1,1,-
LEND-0554,Cabang Jakarta,Kredit Modal Kerja (KMK),18512.8,11.05,23955.49,77.28,Lengkap & Terikat Sempurna,Kol 1 (Lancar),Sesuai Limit Wewenang Komite Kredit,Sesuai Batas BMPK (<10% Modal),Diasuransikan Penuh (All Risk),Sesuai Proposal Usaha,Tidak,1,1,-
LEND-0555,Cabang Surabaya,Kredit Investasi (KI),66635.86,9.83,85125.01,78.28,Lengkap & Terikat Sempurna,Kol 1 (Lancar),Melampaui Limit Wewenang Cabang (BKMK Breach),Sesuai Batas BMPK (<10% Modal),Diasuransikan Penuh (All Risk),Sesuai Proposal Usaha,Ya (Anomali),5,5,Pencairan kredit bernilai Rp 66635.86 Juta melampaui batas kewenangan memutus kredit (BKMK) komite cabang tanpa persetujuan Kantor Pusat
LEND-0556,Cabang Bandung,Kredit Sindikasi Korporasi,42935.09,9.81,68302.72,62.86,Lengkap & Terikat Sempurna,Kol 1 (Lancar),Sesuai Limit Wewenang Komite Kredit,Sesuai Batas BMPK (<10% Modal),Diasuransikan Penuh (All Risk),Sesuai Proposal Usaha,Tidak,1,2,-
LEND-0557,Cabang Bali,Kredit Multiguna (KMG),8096.93,10.79,12130.23,66.75,Lengkap & Terikat Sempurna,Kol 3-5 (NPL / Macet),Sesuai Limit Wewenang Komite Kredit,Sesuai Batas BMPK (<10% Modal),Diasuransikan Penuh (All Risk),Sesuai Proposal Usaha,Ya (Anomali),5,5,Penyetujuan kredit kepada debitur dengan riwayat kolektibilitas macet (Kol 3-5) pada SLIK OJK tanpa analisis mitigasi risiko
LEND-0558,Cabang Jakarta,Kredit Pemilikan Rumah (KPR),1234.34,9.32,1859.23,66.39,Lengkap & Terikat Sempurna,Kol 1 (Lancar),Sesuai Limit Wewenang Komite Kredit,Sesuai Batas BMPK (<10% Modal),Diasuransikan Penuh (All Risk),Sesuai Proposal Usaha,Tidak,1,1,-
LEND-0559,Cabang Bali,Kredit Multiguna (KMG),390.13,10.63,641.24,60.84,Lengkap & Terikat Sempurna,Kol 1 (Lancar),Sesuai Limit Wewenang Komite Kredit,Sesuai Batas BMPK (<10% Modal),Diasuransikan Penuh (All Risk),Sesuai Proposal Usaha,Tidak,1,1,-
LEND-0560,Kantor Pusat,Kredit Pemilikan Rumah (KPR),1485.83,9.65,2137.27,69.52,Lengkap & Terikat Sempurna,Kol 1 (Lancar),Sesuai Limit Wewenang Komite Kredit,Sesuai Batas BMPK (<10% Modal),Diasuransikan Penuh (All Risk),Sesuai Proposal Usaha,Tidak,1,1,-
LEND-0561,Cabang Bandung,Kredit Sindikasi Korporasi,23584.54,4.77,34657.66,68.05,Lengkap & Terikat Sempurna,Kol 1 (Lancar),Sesuai Limit Wewenang Komite Kredit,Pelanggaran BMPK Pihak Terafiliasi,Diasuransikan Penuh (All Risk),Sesuai Proposal Usaha,Ya (Anomali),5,5,Pemberian bunga kredit murah ekstrem (4.77%) kepada pihak terafiliasi bank melanggar batas ketentuan BMPK OJK
LEND-0562,Cabang Medan,Kredit Investasi (KI),16621.62,11.47,26620.15,62.44,Lengkap & Terikat Sempurna,Kol 1 (Lancar),Sesuai Limit Wewenang Komite Kredit,Sesuai Batas BMPK (<10% Modal),Diasuransikan Penuh (All Risk),Sesuai Proposal Usaha,Tidak,1,2,-
LEND-0563,Cabang Bandung,Kredit Pemilikan Rumah (KPR),2412.17,8.87,2952.83,81.69,Lengkap & Terikat Sempurna,Kol 1 (Lancar),Sesuai Limit Wewenang Komite Kredit,Sesuai Batas BMPK (<10% Modal),Diasuransikan Penuh (All Risk),Sesuai Proposal Usaha,Tidak,2,2,-
LEND-0564,Cabang Medan,Kredit Sindikasi Korporasi,52654.64,8.05,89427.04,58.88,Lengkap & Terikat Sempurna,Kol 1 (Lancar),Sesuai Limit Wewenang Komite Kredit,Sesuai Batas BMPK (<10% Modal),Diasuransikan Penuh (All Risk),Sesuai Proposal Usaha,Tidak,1,1,-
LEND-0565,Cabang Jakarta,Kredit Modal Kerja (KMK),3807.36,11.46,5527.53,68.88,Lengkap & Terikat Sempurna,Kol 1 (Lancar),Sesuai Limit Wewenang Komite Kredit,Sesuai Batas BMPK (<10% Modal),Diasuransikan Penuh (All Risk),Sesuai Proposal Usaha,Tidak,1,1,-
LEND-0566,Cabang Surabaya,Kredit Pemilikan Rumah (KPR),3545.33,8.62,5271.08,67.26,Lengkap & Terikat Sempurna,Kol 1 (Lancar),Sesuai Limit Wewenang Komite Kredit,Sesuai Batas BMPK (<10% Modal),Diasuransikan Penuh (All Risk),Sesuai Proposal Usaha,Tidak,2,1,-
LEND-0567,Cabang Bali,Kredit Pemilikan Rumah (KPR),3149.19,8.08,4929.85,63.88,Lengkap & Terikat Sempurna,Kol 2 (Dalam Perhatian Khusus),Sesuai Limit Wewenang Komite Kredit,Sesuai Batas BMPK (<10% Modal),Diasuransikan Penuh (All Risk),Sesuai Proposal Usaha,Tidak,1,1,-
LEND-0568,Cabang Bandung,Kredit Pemilikan Rumah (KPR),2719.99,8.01,3631.01,74.91,Lengkap & Terikat Sempurna,Kol 1 (Lancar),Sesuai Limit Wewenang Komite Kredit,Sesuai Batas BMPK (<10% Modal),Diasuransikan Penuh (All Risk),Sesuai Proposal Usaha,Tidak,1,1,-
LEND-0569,Cabang Bali,Kredit Investasi (KI),25645.94,11.84,44624.92,57.47,Lengkap & Terikat Sempurna,Kol 1 (Lancar),Sesuai Limit Wewenang Komite Kredit,Sesuai Batas BMPK (<10% Modal),Diasuransikan Penuh (All Risk),Sesuai Proposal Usaha,Tidak,1,1,-
LEND-0570,Cabang Surabaya,Kredit Investasi (KI),2782.0,9.56,4357.77,63.84,Lengkap & Terikat Sempurna,Kol 1 (Lancar),Sesuai Limit Wewenang Komite Kredit,Sesuai Batas BMPK (<10% Modal),Diasuransikan Penuh (All Risk),Sesuai Proposal Usaha,Tidak,1,1,-
LEND-0571,Kantor Pusat,Kredit Multiguna (KMG),2437.83,11.61,3507.67,69.5,Lengkap & Terikat Sempurna,Kol 1 (Lancar),Sesuai Limit Wewenang Komite Kredit,Sesuai Batas BMPK (<10% Modal),Diasuransikan Penuh (All Risk),Sesuai Proposal Usaha,Tidak,1,2,-
LEND-0572,Cabang Jakarta,Kredit Modal Kerja (KMK),28924.05,8.99,38580.83,74.97,Lengkap & Terikat Sempurna,Kol 1 (Lancar),Sesuai Limit Wewenang Komite Kredit,Sesuai Batas BMPK (<10% Modal),Diasuransikan Penuh (All Risk),Sesuai Proposal Usaha,Tidak,1,1,-
LEND-0573,Cabang Medan,Kredit Investasi (KI),4550.17,9.38,6344.35,71.72,Lengkap & Terikat Sempurna,Kol 2 (Dalam Perhatian Khusus),Sesuai Limit Wewenang Komite Kredit,Sesuai Batas BMPK (<10% Modal),Diasuransikan Penuh (All Risk),Sesuai Proposal Usaha,Tidak,1,1,-
LEND-0574,Cabang Bali,Kredit Multiguna (KMG),917.15,13.95,1391.52,65.91,Lengkap & Terikat Sempurna,Kol 2 (Dalam Perhatian Khusus),Sesuai Limit Wewenang Komite Kredit,Sesuai Batas BMPK (<10% Modal),Diasuransikan Penuh (All Risk),Sesuai Proposal Usaha,Tidak,1,2,-
LEND-0575,Cabang Bandung,Kredit Pemilikan Rumah (KPR),4006.65,8.1,5938.42,67.47,Lengkap & Terikat Sempurna,Kol 1 (Lancar),Sesuai Limit Wewenang Komite Kredit,Sesuai Batas BMPK (<10% Modal),Diasuransikan Penuh (All Risk),Sesuai Proposal Usaha,Tidak,1,2,-
LEND-0576,Cabang Jakarta,Kredit Investasi (KI),19074.66,11.06,28200.27,67.64,Lengkap & Terikat Sempurna,Kol 1 (Lancar),Sesuai Limit Wewenang Komite Kredit,Sesuai Batas BMPK (<10% Modal),Diasuransikan Penuh (All Risk),Sesuai Proposal Usaha,Tidak,1,1,-
LEND-0577,Cabang Medan,Kredit Modal Kerja (KMK),8785.59,9.69,12741.97,68.95,Lengkap & Terikat Sempurna,Kol 1 (Lancar),Sesuai Limit Wewenang Komite Kredit,Sesuai Batas BMPK (<10% Modal),Diasuransikan Penuh (All Risk),Sesuai Proposal Usaha,Tidak,2,2,-
LEND-0578,Cabang Bandung,Kredit Pemilikan Rumah (KPR),2084.14,8.62,2709.84,76.91,Lengkap & Terikat Sempurna,Kol 1 (Lancar),Sesuai Limit Wewenang Komite Kredit,Sesuai Batas BMPK (<10% Modal),Diasuransikan Penuh (All Risk),Sesuai Proposal Usaha,Tidak,1,1,-
LEND-0579,Cabang Bandung,Kredit Pemilikan Rumah (KPR),4399.03,8.89,6375.41,69.0,Lengkap & Terikat Sempurna,Kol 1 (Lancar),Sesuai Limit Wewenang Komite Kredit,Sesuai Batas BMPK (<10% Modal),Diasuransikan Penuh (All Risk),Sesuai Proposal Usaha,Tidak,1,1,-
LEND-0580,Kantor Pusat,Kredit Pemilikan Rumah (KPR),2394.42,8.46,3191.28,75.03,Lengkap & Terikat Sempurna,Kol 1 (Lancar),Sesuai Limit Wewenang Komite Kredit,Sesuai Batas BMPK (<10% Modal),Diasuransikan Penuh (All Risk),Sesuai Proposal Usaha,Tidak,1,1,-
LEND-0581,Cabang Jakarta,Kredit Pemilikan Rumah (KPR),3675.73,9.65,6077.6,60.48,Lengkap & Terikat Sempurna,Kol 1 (Lancar),Sesuai Limit Wewenang Komite Kredit,Sesuai Batas BMPK (<10% Modal),Diasuransikan Penuh (All Risk),Sesuai Proposal Usaha,Tidak,1,1,-
LEND-0582,Cabang Bali,Kredit Sindikasi Korporasi,26036.84,8.94,37827.75,68.83,Lengkap & Terikat Sempurna,Kol 1 (Lancar),Sesuai Limit Wewenang Komite Kredit,Sesuai Batas BMPK (<10% Modal),Diasuransikan Penuh (All Risk),Sesuai Proposal Usaha,Tidak,2,1,-
LEND-0583,Cabang Bali,Kredit Modal Kerja (KMK),74700.71,9.46,92865.13,80.44,Lengkap & Terikat Sempurna,Kol 1 (Lancar),Melampaui Limit Wewenang Cabang (BKMK Breach),Sesuai Batas BMPK (<10% Modal),Diasuransikan Penuh (All Risk),Sesuai Proposal Usaha,Ya (Anomali),5,5,Pencairan kredit bernilai Rp 74700.71 Juta melampaui batas kewenangan memutus kredit (BKMK) komite cabang tanpa persetujuan Kantor Pusat
LEND-0584,Kantor Pusat,Kredit Investasi (KI),42024.5,10.85,71240.04,58.99,Lengkap & Terikat Sempurna,Kol 1 (Lancar),Sesuai Limit Wewenang Komite Kredit,Sesuai Batas BMPK (<10% Modal),Diasuransikan Penuh (All Risk),Sesuai Proposal Usaha,Tidak,1,1,-
LEND-0585,Kantor Pusat,Kredit Pemilikan Rumah (KPR),940.48,7.68,1161.66,80.96,Lengkap & Terikat Sempurna,Kol 1 (Lancar),Sesuai Limit Wewenang Komite Kredit,Sesuai Batas BMPK (<10% Modal),Diasuransikan Penuh (All Risk),Sesuai Proposal Usaha,Tidak,1,1,-
LEND-0586,Cabang Jakarta,Kredit Multiguna (KMG),1620.55,13.77,2516.77,64.39,Lengkap & Terikat Sempurna,Kol 1 (Lancar),Sesuai Limit Wewenang Komite Kredit,Sesuai Batas BMPK (<10% Modal),Diasuransikan Penuh (All Risk),Sesuai Proposal Usaha,Tidak,1,1,-
LEND-0587,Cabang Bandung,Kredit Multiguna (KMG),1990.85,12.29,3355.55,59.33,Lengkap & Terikat Sempurna,Kol 1 (Lancar),Sesuai Limit Wewenang Komite Kredit,Sesuai Batas BMPK (<10% Modal),Diasuransikan Penuh (All Risk),Sesuai Proposal Usaha,Tidak,1,1,-
LEND-0588,Kantor Pusat,Kredit Investasi (KI),40089.84,9.56,62029.77,64.63,Lengkap & Terikat Sempurna,Kol 2 (Dalam Perhatian Khusus),Sesuai Limit Wewenang Komite Kredit,Sesuai Batas BMPK (<10% Modal),Diasuransikan Penuh (All Risk),Sesuai Proposal Usaha,Tidak,1,1,-
LEND-0589,Cabang Surabaya,Kredit Modal Kerja (KMK),23292.84,10.38,16069.57,144.95,Lengkap & Terikat Sempurna,Kol 1 (Lancar),Sesuai Limit Wewenang Komite Kredit,Sesuai Batas BMPK (<10% Modal),Diasuransikan Penuh (All Risk),Sesuai Proposal Usaha,Ya (Anomali),5,5,"Rasio Loan to Value (144.95%) melampaui batas wajar (>100%), agunan defisit (Rp 16069.57 Juta) tidak mencukupi plafon kredit"
LEND-0590,Kantor Pusat,Kredit Multiguna (KMG),1797.94,12.33,2966.9,60.6,Lengkap & Terikat Sempurna,Kol 1 (Lancar),Sesuai Limit Wewenang Komite Kredit,Sesuai Batas BMPK (<10% Modal),Diasuransikan Penuh (All Risk),Sesuai Proposal Usaha,Tidak,1,2,-
LEND-0591,Cabang Bali,Kredit Sindikasi Korporasi,31054.54,4.74,54915.19,56.55,Lengkap & Terikat Sempurna,Kol 1 (Lancar),Sesuai Limit Wewenang Komite Kredit,Pelanggaran BMPK Pihak Terafiliasi,Diasuransikan Penuh (All Risk),Sesuai Proposal Usaha,Ya (Anomali),5,4,Pemberian bunga kredit murah ekstrem (4.74%) kepada pihak terafiliasi bank melanggar batas ketentuan BMPK OJK
LEND-0592,Cabang Bandung,Kredit Modal Kerja (KMK),12071.32,9.97,16441.46,73.42,Lengkap & Terikat Sempurna,Kol 1 (Lancar),Sesuai Limit Wewenang Komite Kredit,Sesuai Batas BMPK (<10% Modal),Diasuransikan Penuh (All Risk),Sesuai Proposal Usaha,Tidak,1,1,-
LEND-0593,Cabang Jakarta,Kredit Pemilikan Rumah (KPR),1743.44,9.0,2349.97,74.19,Lengkap & Terikat Sempurna,Kol 1 (Lancar),Sesuai Limit Wewenang Komite Kredit,Sesuai Batas BMPK (<10% Modal),Diasuransikan Penuh (All Risk),Sesuai Proposal Usaha,Tidak,1,1,-
LEND-0594,Kantor Pusat,Kredit Usaha Rakyat (KUR) / Mikro,294.52,6.55,448.35,65.69,Lengkap & Terikat Sempurna,Kol 1 (Lancar),Sesuai Limit Wewenang Komite Kredit,Sesuai Batas BMPK (<10% Modal),Diasuransikan Penuh (All Risk),Sesuai Proposal Usaha,Tidak,2,1,-
LEND-0595,Cabang Jakarta,Kredit Investasi (KI),17372.84,10.0,29296.53,59.3,Lengkap & Terikat Sempurna,Kol 1 (Lancar),Sesuai Limit Wewenang Komite Kredit,Sesuai Batas BMPK (<10% Modal),Diasuransikan Penuh (All Risk),Sesuai Proposal Usaha,Tidak,1,1,-
LEND-0596,Cabang Bandung,Kredit Modal Kerja (KMK),25526.79,9.4,38374.61,66.52,Lengkap & Terikat Sempurna,Kol 1 (Lancar),Sesuai Limit Wewenang Komite Kredit,Sesuai Batas BMPK (<10% Modal),Diasuransikan Penuh (All Risk),Sesuai Proposal Usaha,Tidak,1,1,-
LEND-0597,Cabang Jakarta,Kredit Investasi (KI),9130.97,11.89,12578.83,72.59,Lengkap & Terikat Sempurna,Kol 1 (Lancar),Sesuai Limit Wewenang Komite Kredit,Sesuai Batas BMPK (<10% Modal),Diasuransikan Penuh (All Risk),Sesuai Proposal Usaha,Tidak,1,2,-
LEND-0598,Cabang Medan,Kredit Modal Kerja (KMK),19024.47,11.57,24327.97,78.2,Lengkap & Terikat Sempurna,Kol 1 (Lancar),Sesuai Limit Wewenang Komite Kredit,Sesuai Batas BMPK (<10% Modal),Diasuransikan Penuh (All Risk),Sesuai Proposal Usaha,Tidak,1,1,-
LEND-0599,Cabang Surabaya,Kredit Modal Kerja (KMK),5236.56,10.44,6994.2,74.87,Pencairan Sebelum Syarat Efektif Lengkap (Pelanggaran),Kol 1 (Lancar),Sesuai Limit Wewenang Komite Kredit,Sesuai Batas BMPK (<10% Modal),Diasuransikan Penuh (All Risk),Sesuai Proposal Usaha,Ya (Anomali),4,4,Pencairan fasilitas kredit mendahului pemenuhan dokumen syarat efektif dan bukti pengikatan agunan (APHT/Fidusia)
LEND-0600,Kantor Pusat,Kredit Usaha Rakyat (KUR) / Mikro,195.49,7.06,342.0,57.16,Lengkap & Terikat Sempurna,Kol 1 (Lancar),Sesuai Limit Wewenang Komite Kredit,Sesuai Batas BMPK (<10% Modal),Diasuransikan Penuh (All Risk),Sesuai Proposal Usaha,Tidak,2,2,-
LEND-0601,Cabang Bandung,Kredit Modal Kerja (KMK),18988.17,10.21,15505.61,122.46,Lengkap & Terikat Sempurna,Kol 1 (Lancar),Sesuai Limit Wewenang Komite Kredit,Sesuai Batas BMPK (<10% Modal),Diasuransikan Penuh (All Risk),Sesuai Proposal Usaha,Ya (Anomali),5,5,"Rasio Loan to Value (122.46%) melampaui batas wajar (>100%), agunan defisit (Rp 15505.61 Juta) tidak mencukupi plafon kredit"
LEND-0602,Cabang Medan,Kredit Investasi (KI),69990.96,11.46,97670.89,71.66,Lengkap & Terikat Sempurna,Kol 1 (Lancar),Melampaui Limit Wewenang Cabang (BKMK Breach),Sesuai Batas BMPK (<10% Modal),Diasuransikan Penuh (All Risk),Sesuai Proposal Usaha,Ya (Anomali),5,4,Pencairan kredit bernilai Rp 69990.96 Juta melampaui batas kewenangan memutus kredit (BKMK) komite cabang tanpa persetujuan Kantor Pusat
LEND-0603,Cabang Surabaya,Kredit Investasi (KI),39047.3,11.08,70801.99,55.15,Lengkap & Terikat Sempurna,Kol 1 (Lancar),Sesuai Limit Wewenang Komite Kredit,Sesuai Batas BMPK (<10% Modal),Diasuransikan Penuh (All Risk),Sesuai Proposal Usaha,Tidak,1,2,-
LEND-0604,Cabang Bali,Kredit Sindikasi Korporasi,20627.55,4.02,38341.17,53.8,Lengkap & Terikat Sempurna,Kol 1 (Lancar),Sesuai Limit Wewenang Komite Kredit,Pelanggaran BMPK Pihak Terafiliasi,Diasuransikan Penuh (All Risk),Sesuai Proposal Usaha,Ya (Anomali),5,5,Pemberian bunga kredit murah ekstrem (4.02%) kepada pihak terafiliasi bank melanggar batas ketentuan BMPK OJK
LEND-0605,Cabang Bandung,Kredit Modal Kerja (KMK),14350.69,10.02,23131.35,62.04,Lengkap & Terikat Sempurna,Kol 1 (Lancar),Sesuai Limit Wewenang Komite Kredit,Sesuai Batas BMPK (<10% Modal),Diasuransikan Penuh (All Risk),Sesuai Proposal Usaha,Tidak,1,1,-
LEND-0606,Cabang Bali,Kredit Modal Kerja (KMK),28348.39,10.64,40451.47,70.08,Lengkap & Terikat Sempurna,Kol 1 (Lancar),Sesuai Limit Wewenang Komite Kredit,Sesuai Batas BMPK (<10% Modal),Diasuransikan Penuh (All Risk),Sesuai Proposal Usaha,Tidak,1,1,-
LEND-0607,Cabang Bandung,Kredit Investasi (KI),55339.87,8.9,75261.62,73.53,Lengkap & Terikat Sempurna,Kol 1 (Lancar),Melampaui Limit Wewenang Cabang (BKMK Breach),Sesuai Batas BMPK (<10% Modal),Diasuransikan Penuh (All Risk),Sesuai Proposal Usaha,Ya (Anomali),5,5,Pencairan kredit bernilai Rp 55339.87 Juta melampaui batas kewenangan memutus kredit (BKMK) komite cabang tanpa persetujuan Kantor Pusat
LEND-0608,Cabang Jakarta,Kredit Sindikasi Korporasi,32824.67,8.57,51168.62,64.15,Lengkap & Terikat Sempurna,Kol 1 (Lancar),Sesuai Limit Wewenang Komite Kredit,Sesuai Batas BMPK (<10% Modal),Diasuransikan Penuh (All Risk),Sesuai Proposal Usaha,Tidak,1,1,-
LEND-0609,Kantor Pusat,Kredit Pemilikan Rumah (KPR),3613.15,9.27,4642.36,77.83,Lengkap & Terikat Sempurna,Kol 1 (Lancar),Sesuai Limit Wewenang Komite Kredit,Sesuai Batas BMPK (<10% Modal),Diasuransikan Penuh (All Risk),Sesuai Proposal Usaha,Tidak,1,1,-
LEND-0610,Cabang Jakarta,Kredit Modal Kerja (KMK),28609.86,9.87,37011.46,77.3,Lengkap & Terikat Sempurna,Kol 1 (Lancar),Sesuai Limit Wewenang Komite Kredit,Sesuai Batas BMPK (<10% Modal),Diasuransikan Penuh (All Risk),Sesuai Proposal Usaha,Tidak,1,2,-
LEND-0611,Kantor Pusat,Kredit Sindikasi Korporasi,66415.89,8.63,116396.58,57.06,Lengkap & Terikat Sempurna,Kol 1 (Lancar),Sesuai Limit Wewenang Komite Kredit,Sesuai Batas BMPK (<10% Modal),Diasuransikan Penuh (All Risk),Sesuai Proposal Usaha,Tidak,1,2,-
LEND-0612,Cabang Bali,Kredit Modal Kerja (KMK),21400.6,10.47,29231.8,73.21,Lengkap & Terikat Sempurna,Kol 1 (Lancar),Sesuai Limit Wewenang Komite Kredit,Sesuai Batas BMPK (<10% Modal),Diasuransikan Penuh (All Risk),Sesuai Proposal Usaha,Tidak,1,2,-
LEND-0613,Kantor Pusat,Kredit Investasi (KI),4124.51,10.24,6595.0,62.54,Lengkap & Terikat Sempurna,Kol 2 (Dalam Perhatian Khusus),Sesuai Limit Wewenang Komite Kredit,Sesuai Batas BMPK (<10% Modal),Diasuransikan Penuh (All Risk),Sesuai Proposal Usaha,Tidak,1,1,-
LEND-0614,Cabang Jakarta,Kredit Pemilikan Rumah (KPR),363.31,10.39,601.11,60.44,Lengkap & Terikat Sempurna,Kol 1 (Lancar),Sesuai Limit Wewenang Komite Kredit,Sesuai Batas BMPK (<10% Modal),Diasuransikan Penuh (All Risk),Sesuai Proposal Usaha,Tidak,1,2,-
LEND-0615,Kantor Pusat,Kredit Pemilikan Rumah (KPR),1209.61,7.53,1971.01,61.37,Lengkap & Terikat Sempurna,Kol 1 (Lancar),Sesuai Limit Wewenang Komite Kredit,Sesuai Batas BMPK (<10% Modal),Diasuransikan Penuh (All Risk),Sesuai Proposal Usaha,Tidak,1,1,-
LEND-0616,Cabang Surabaya,Kredit Usaha Rakyat (KUR) / Mikro,245.18,6.37,353.8,69.3,Lengkap & Terikat Sempurna,Kol 2 (Dalam Perhatian Khusus),Sesuai Limit Wewenang Komite Kredit,Sesuai Batas BMPK (<10% Modal),Diasuransikan Penuh (All Risk),Sesuai Proposal Usaha,Tidak,2,1,-
LEND-0617,Cabang Bali,Kredit Pemilikan Rumah (KPR),863.34,9.32,1373.43,62.86,Lengkap & Terikat Sempurna,Kol 1 (Lancar),Sesuai Limit Wewenang Komite Kredit,Sesuai Batas BMPK (<10% Modal),Diasuransikan Penuh (All Risk),Sesuai Proposal Usaha,Tidak,1,1,-
LEND-0618,Cabang Bandung,Kredit Pemilikan Rumah (KPR),3250.48,9.37,4071.24,79.84,Lengkap & Terikat Sempurna,Kol 1 (Lancar),Sesuai Limit Wewenang Komite Kredit,Sesuai Batas BMPK (<10% Modal),Diasuransikan Penuh (All Risk),Sesuai Proposal Usaha,Tidak,1,1,-
LEND-0619,Cabang Medan,Kredit Modal Kerja (KMK),22321.37,11.74,31634.59,70.56,Lengkap & Terikat Sempurna,Kol 1 (Lancar),Sesuai Limit Wewenang Komite Kredit,Sesuai Batas BMPK (<10% Modal),Diasuransikan Penuh (All Risk),Sesuai Proposal Usaha,Tidak,1,1,-
LEND-0620,Cabang Jakarta,Kredit Sindikasi Korporasi,51187.29,9.79,79384.75,64.48,Lengkap & Terikat Sempurna,Kol 1 (Lancar),Sesuai Limit Wewenang Komite Kredit,Sesuai Batas BMPK (<10% Modal),Diasuransikan Penuh (All Risk),Sesuai Proposal Usaha,Tidak,2,1,-
LEND-0621,Kantor Pusat,Kredit Multiguna (KMG),2136.48,11.47,3351.87,63.74,Lengkap & Terikat Sempurna,Kol 1 (Lancar),Sesuai Limit Wewenang Komite Kredit,Sesuai Batas BMPK (<10% Modal),Diasuransikan Penuh (All Risk),Sesuai Proposal Usaha,Tidak,1,1,-
LEND-0622,Cabang Jakarta,Kredit Pemilikan Rumah (KPR),547.68,10.31,687.69,79.64,Lengkap & Terikat Sempurna,Kol 1 (Lancar),Sesuai Limit Wewenang Komite Kredit,Sesuai Batas BMPK (<10% Modal),Diasuransikan Penuh (All Risk),Sesuai Proposal Usaha,Tidak,1,2,-
LEND-0623,Cabang Bali,Kredit Investasi (KI),5517.37,10.92,8094.73,68.16,Lengkap & Terikat Sempurna,Kol 1 (Lancar),Sesuai Limit Wewenang Komite Kredit,Sesuai Batas BMPK (<10% Modal),Diasuransikan Penuh (All Risk),Sesuai Proposal Usaha,Tidak,2,1,-
LEND-0624,Cabang Bandung,Kredit Modal Kerja (KMK),13624.06,10.78,16190.21,84.15,Lengkap & Terikat Sempurna,Kol 1 (Lancar),Sesuai Limit Wewenang Komite Kredit,Sesuai Batas BMPK (<10% Modal),Tanpa Asuransi Agunan (Risiko Tinggi),Indikasi Pengalihan Dana / Side-Streaming,Ya (Anomali),4,5,Indikasi penyimpangan penggunaan fasilitas kredit modal kerja (Side-Streaming) dan agunan tidak ditutup asuransi
LEND-0625,Cabang Jakarta,Kredit Multiguna (KMG),3809.06,10.31,3000.91,126.93,Lengkap & Terikat Sempurna,Kol 1 (Lancar),Sesuai Limit Wewenang Komite Kredit,Sesuai Batas BMPK (<10% Modal),Diasuransikan Penuh (All Risk),Sesuai Proposal Usaha,Ya (Anomali),5,5,"Rasio Loan to Value (126.93%) melampaui batas wajar (>100%), agunan defisit (Rp 3000.91 Juta) tidak mencukupi plafon kredit"
LEND-0626,Cabang Jakarta,Kredit Pemilikan Rumah (KPR),1231.54,8.66,1733.34,71.05,Lengkap & Terikat Sempurna,Kol 1 (Lancar),Sesuai Limit Wewenang Komite Kredit,Sesuai Batas BMPK (<10% Modal),Diasuransikan Penuh (All Risk),Sesuai Proposal Usaha,Tidak,2,1,-
LEND-0627,Cabang Medan,Kredit Sindikasi Korporasi,55856.7,9.29,111334.86,50.17,Lengkap & Terikat Sempurna,Kol 1 (Lancar),Sesuai Limit Wewenang Komite Kredit,Sesuai Batas BMPK (<10% Modal),Diasuransikan Penuh (All Risk),Sesuai Proposal Usaha,Tidak,1,1,-
LEND-0628,Cabang Jakarta,Kredit Multiguna (KMG),609.67,12.22,862.82,70.66,Lengkap & Terikat Sempurna,Kol 1 (Lancar),Sesuai Limit Wewenang Komite Kredit,Sesuai Batas BMPK (<10% Modal),Diasuransikan Penuh (All Risk),Sesuai Proposal Usaha,Tidak,1,2,-
LEND-0629,Cabang Medan,Kredit Multiguna (KMG),21680.03,10.03,16844.09,128.71,Lengkap & Terikat Sempurna,Kol 1 (Lancar),Sesuai Limit Wewenang Komite Kredit,Sesuai Batas BMPK (<10% Modal),Diasuransikan Penuh (All Risk),Sesuai Proposal Usaha,Ya (Anomali),5,5,"Rasio Loan to Value (128.71%) melampaui batas wajar (>100%), agunan defisit (Rp 16844.09 Juta) tidak mencukupi plafon kredit"
LEND-0630,Kantor Pusat,Kredit Sindikasi Korporasi,24986.53,9.16,42946.94,58.18,Lengkap & Terikat Sempurna,Kol 1 (Lancar),Sesuai Limit Wewenang Komite Kredit,Sesuai Batas BMPK (<10% Modal),Diasuransikan Penuh (All Risk),Sesuai Proposal Usaha,Tidak,1,1,-
LEND-0631,Kantor Pusat,Kredit Pemilikan Rumah (KPR),3266.78,9.33,4047.55,80.71,Lengkap & Terikat Sempurna,Kol 1 (Lancar),Sesuai Limit Wewenang Komite Kredit,Sesuai Batas BMPK (<10% Modal),Diasuransikan Penuh (All Risk),Sesuai Proposal Usaha,Tidak,1,1,-
LEND-0632,Cabang Jakarta,Kredit Investasi (KI),42744.16,10.63,66944.65,63.85,Lengkap & Terikat Sempurna,Kol 1 (Lancar),Sesuai Limit Wewenang Komite Kredit,Sesuai Batas BMPK (<10% Modal),Diasuransikan Penuh (All Risk),Sesuai Proposal Usaha,Tidak,1,1,-
LEND-0633,Cabang Jakarta,Kredit Investasi (KI),2901.47,11.8,4338.32,66.88,Lengkap & Terikat Sempurna,Kol 1 (Lancar),Sesuai Limit Wewenang Komite Kredit,Sesuai Batas BMPK (<10% Modal),Diasuransikan Penuh (All Risk),Sesuai Proposal Usaha,Tidak,2,1,-
LEND-0634,Kantor Pusat,Kredit Modal Kerja (KMK),29799.57,12.45,40275.13,73.99,Lengkap & Terikat Sempurna,Kol 2 (Dalam Perhatian Khusus),Sesuai Limit Wewenang Komite Kredit,Sesuai Batas BMPK (<10% Modal),Diasuransikan Penuh (All Risk),Sesuai Proposal Usaha,Tidak,1,1,-
LEND-0635,Cabang Bandung,Kredit Pemilikan Rumah (KPR),3573.39,7.76,5954.66,60.01,Lengkap & Terikat Sempurna,Kol 1 (Lancar),Sesuai Limit Wewenang Komite Kredit,Sesuai Batas BMPK (<10% Modal),Diasuransikan Penuh (All Risk),Sesuai Proposal Usaha,Tidak,1,1,-
LEND-0636,Cabang Jakarta,Kredit Sindikasi Korporasi,65234.49,9.13,111990.54,58.25,Lengkap & Terikat Sempurna,Kol 1 (Lancar),Sesuai Limit Wewenang Komite Kredit,Sesuai Batas BMPK (<10% Modal),Diasuransikan Penuh (All Risk),Sesuai Proposal Usaha,Tidak,1,1,-
LEND-0637,Cabang Bandung,Kredit Pemilikan Rumah (KPR),2200.58,8.4,3136.96,70.15,Lengkap & Terikat Sempurna,Kol 2 (Dalam Perhatian Khusus),Sesuai Limit Wewenang Komite Kredit,Sesuai Batas BMPK (<10% Modal),Diasuransikan Penuh (All Risk),Sesuai Proposal Usaha,Tidak,1,1,-
LEND-0638,Cabang Jakarta,Kredit Pemilikan Rumah (KPR),830.82,10.0,1379.18,60.24,Lengkap & Terikat Sempurna,Kol 2 (Dalam Perhatian Khusus),Sesuai Limit Wewenang Komite Kredit,Sesuai Batas BMPK (<10% Modal),Diasuransikan Penuh (All Risk),Sesuai Proposal Usaha,Tidak,1,1,-
LEND-0639,Cabang Bandung,Kredit Modal Kerja (KMK),5003.85,9.9,7414.21,67.49,Lengkap & Terikat Sempurna,Kol 3-5 (NPL / Macet),Sesuai Limit Wewenang Komite Kredit,Sesuai Batas BMPK (<10% Modal),Diasuransikan Penuh (All Risk),Sesuai Proposal Usaha,Ya (Anomali),5,5,Penyetujuan kredit kepada debitur dengan riwayat kolektibilitas macet (Kol 3-5) pada SLIK OJK tanpa analisis mitigasi risiko
LEND-0640,Kantor Pusat,Kredit Investasi (KI),6083.64,9.5,8340.61,72.94,Lengkap & Terikat Sempurna,Kol 1 (Lancar),Sesuai Limit Wewenang Komite Kredit,Sesuai Batas BMPK (<10% Modal),Diasuransikan Penuh (All Risk),Sesuai Proposal Usaha,Tidak,1,1,-
LEND-0641,Kantor Pusat,Kredit Modal Kerja (KMK),2024.68,9.89,3090.17,65.52,Pencairan Sebelum Syarat Efektif Lengkap (Pelanggaran),Kol 1 (Lancar),Sesuai Limit Wewenang Komite Kredit,Sesuai Batas BMPK (<10% Modal),Diasuransikan Penuh (All Risk),Sesuai Proposal Usaha,Ya (Anomali),4,4,Pencairan fasilitas kredit mendahului pemenuhan dokumen syarat efektif dan bukti pengikatan agunan (APHT/Fidusia)
LEND-0642,Cabang Bali,Kredit Pemilikan Rumah (KPR),2922.77,10.07,3990.13,73.25,Lengkap & Terikat Sempurna,Kol 1 (Lancar),Sesuai Limit Wewenang Komite Kredit,Sesuai Batas BMPK (<10% Modal),Diasuransikan Penuh (All Risk),Sesuai Proposal Usaha,Tidak,1,1,-
LEND-0643,Cabang Medan,Kredit Multiguna (KMG),7372.32,11.32,5360.52,137.53,Lengkap & Terikat Sempurna,Kol 1 (Lancar),Sesuai Limit Wewenang Komite Kredit,Sesuai Batas BMPK (<10% Modal),Diasuransikan Penuh (All Risk),Sesuai Proposal Usaha,Ya (Anomali),5,4,"Rasio Loan to Value (137.53%) melampaui batas wajar (>100%), agunan defisit (Rp 5360.52 Juta) tidak mencukupi plafon kredit"
LEND-0644,Cabang Bandung,Kredit Investasi (KI),39932.47,10.76,71422.77,55.91,Lengkap & Terikat Sempurna,Kol 1 (Lancar),Sesuai Limit Wewenang Komite Kredit,Sesuai Batas BMPK (<10% Modal),Diasuransikan Penuh (All Risk),Sesuai Proposal Usaha,Tidak,1,2,-
LEND-0645,Cabang Medan,Kredit Modal Kerja (KMK),3989.74,9.59,5918.62,67.41,Lengkap & Terikat Sempurna,Kol 3-5 (NPL / Macet),Sesuai Limit Wewenang Komite Kredit,Sesuai Batas BMPK (<10% Modal),Diasuransikan Penuh (All Risk),Sesuai Proposal Usaha,Ya (Anomali),5,5,Penyetujuan kredit kepada debitur dengan riwayat kolektibilitas macet (Kol 3-5) pada SLIK OJK tanpa analisis mitigasi risiko
LEND-0646,Cabang Surabaya,Kredit Investasi (KI),52755.84,4.52,88754.78,59.44,Lengkap & Terikat Sempurna,Kol 1 (Lancar),Sesuai Limit Wewenang Komite Kredit,Pelanggaran BMPK Pihak Terafiliasi,Diasuransikan Penuh (All Risk),Sesuai Proposal Usaha,Ya (Anomali),5,5,Pemberian bunga kredit murah ekstrem (4.52%) kepada pihak terafiliasi bank melanggar batas ketentuan BMPK OJK
LEND-0647,Cabang Jakarta,Kredit Modal Kerja (KMK),9257.01,10.59,15056.95,61.48,Lengkap & Terikat Sempurna,Kol 1 (Lancar),Sesuai Limit Wewenang Komite Kredit,Sesuai Batas BMPK (<10% Modal),Diasuransikan Penuh (All Risk),Sesuai Proposal Usaha,Tidak,1,2,-
LEND-0648,Cabang Bandung,Kredit Modal Kerja (KMK),19664.18,11.78,25422.34,77.35,Lengkap & Terikat Sempurna,Kol 1 (Lancar),Sesuai Limit Wewenang Komite Kredit,Sesuai Batas BMPK (<10% Modal),Diasuransikan Penuh (All Risk),Sesuai Proposal Usaha,Tidak,1,2,-
LEND-0649,Cabang Jakarta,Kredit Modal Kerja (KMK),18794.73,10.25,13113.82,143.32,Lengkap & Terikat Sempurna,Kol 1 (Lancar),Sesuai Limit Wewenang Komite Kredit,Sesuai Batas BMPK (<10% Modal),Diasuransikan Penuh (All Risk),Sesuai Proposal Usaha,Ya (Anomali),5,5,"Rasio Loan to Value (143.32%) melampaui batas wajar (>100%), agunan defisit (Rp 13113.82 Juta) tidak mencukupi plafon kredit"
LEND-0650,Cabang Bandung,Kredit Multiguna (KMG),903.11,12.25,1615.87,55.89,Lengkap & Terikat Sempurna,Kol 1 (Lancar),Sesuai Limit Wewenang Komite Kredit,Sesuai Batas BMPK (<10% Modal),Diasuransikan Penuh (All Risk),Sesuai Proposal Usaha,Tidak,1,2,-
LEND-0651,Cabang Jakarta,Kredit Multiguna (KMG),360.59,12.02,579.35,62.24,Lengkap & Terikat Sempurna,Kol 1 (Lancar),Sesuai Limit Wewenang Komite Kredit,Sesuai Batas BMPK (<10% Modal),Diasuransikan Penuh (All Risk),Sesuai Proposal Usaha,Tidak,1,1,-
LEND-0652,Kantor Pusat,Kredit Usaha Rakyat (KUR) / Mikro,489.52,6.75,909.89,53.8,Lengkap & Terikat Sempurna,Kol 1 (Lancar),Sesuai Limit Wewenang Komite Kredit,Sesuai Batas BMPK (<10% Modal),Diasuransikan Penuh (All Risk),Sesuai Proposal Usaha,Tidak,1,1,-
LEND-0653,Cabang Medan,Kredit Pemilikan Rumah (KPR),3237.98,9.26,5244.54,61.74,Lengkap & Terikat Sempurna,Kol 1 (Lancar),Sesuai Limit Wewenang Komite Kredit,Sesuai Batas BMPK (<10% Modal),Diasuransikan Penuh (All Risk),Sesuai Proposal Usaha,Tidak,1,1,-
LEND-0654,Kantor Pusat,Kredit Usaha Rakyat (KUR) / Mikro,64.0,6.98,96.87,66.07,Lengkap & Terikat Sempurna,Kol 1 (Lancar),Sesuai Limit Wewenang Komite Kredit,Sesuai Batas BMPK (<10% Modal),Diasuransikan Penuh (All Risk),Sesuai Proposal Usaha,Tidak,2,1,-
LEND-0655,Kantor Pusat,Kredit Investasi (KI),74607.1,8.68,88125.56,84.66,Lengkap & Terikat Sempurna,Kol 1 (Lancar),Melampaui Limit Wewenang Cabang (BKMK Breach),Sesuai Batas BMPK (<10% Modal),Diasuransikan Penuh (All Risk),Sesuai Proposal Usaha,Ya (Anomali),5,5,Pencairan kredit bernilai Rp 74607.1 Juta melampaui batas kewenangan memutus kredit (BKMK) komite cabang tanpa persetujuan Kantor Pusat
LEND-0656,Cabang Jakarta,Kredit Modal Kerja (KMK),13137.94,10.28,16617.68,79.06,Lengkap & Terikat Sempurna,Kol 1 (Lancar),Sesuai Limit Wewenang Komite Kredit,Sesuai Batas BMPK (<10% Modal),Diasuransikan Penuh (All Risk),Sesuai Proposal Usaha,Tidak,1,1,-
LEND-0657,Cabang Jakarta,Kredit Modal Kerja (KMK),5040.54,9.15,7506.39,67.15,Lengkap & Terikat Sempurna,Kol 1 (Lancar),Sesuai Limit Wewenang Komite Kredit,Sesuai Batas BMPK (<10% Modal),Diasuransikan Penuh (All Risk),Sesuai Proposal Usaha,Tidak,1,1,-
LEND-0658,Kantor Pusat,Kredit Investasi (KI),21051.11,11.01,34777.98,60.53,Lengkap & Terikat Sempurna,Kol 1 (Lancar),Sesuai Limit Wewenang Komite Kredit,Sesuai Batas BMPK (<10% Modal),Diasuransikan Penuh (All Risk),Sesuai Proposal Usaha,Tidak,1,1,-
LEND-0659,Cabang Jakarta,Kredit Multiguna (KMG),781.39,11.48,1179.28,66.26,Lengkap & Terikat Sempurna,Kol 1 (Lancar),Sesuai Limit Wewenang Komite Kredit,Sesuai Batas BMPK (<10% Modal),Diasuransikan Penuh (All Risk),Sesuai Proposal Usaha,Tidak,1,1,-
LEND-0660,Cabang Bali,Kredit Pemilikan Rumah (KPR),1763.88,9.91,2397.23,73.58,Lengkap & Terikat Sempurna,Kol 1 (Lancar),Sesuai Limit Wewenang Komite Kredit,Sesuai Batas BMPK (<10% Modal),Diasuransikan Penuh (All Risk),Sesuai Proposal Usaha,Tidak,1,1,-
LEND-0661,Kantor Pusat,Kredit Multiguna (KMG),1744.2,12.38,2813.23,62.0,Lengkap & Terikat Sempurna,Kol 1 (Lancar),Sesuai Limit Wewenang Komite Kredit,Sesuai Batas BMPK (<10% Modal),Diasuransikan Penuh (All Risk),Sesuai Proposal Usaha,Tidak,1,1,-
LEND-0662,Cabang Surabaya,Kredit Modal Kerja (KMK),22729.37,10.61,36396.11,62.45,Lengkap & Terikat Sempurna,Kol 1 (Lancar),Sesuai Limit Wewenang Komite Kredit,Sesuai Batas BMPK (<10% Modal),Diasuransikan Penuh (All Risk),Sesuai Proposal Usaha,Tidak,1,2,-
LEND-0663,Kantor Pusat,Kredit Modal Kerja (KMK),13232.74,12.07,18871.56,70.12,Lengkap & Terikat Sempurna,Kol 1 (Lancar),Sesuai Limit Wewenang Komite Kredit,Sesuai Batas BMPK (<10% Modal),Diasuransikan Penuh (All Risk),Sesuai Proposal Usaha,Tidak,1,1,-
LEND-0664,Cabang Surabaya,Kredit Usaha Rakyat (KUR) / Mikro,282.69,7.37,385.45,73.34,Lengkap & Terikat Sempurna,Kol 1 (Lancar),Sesuai Limit Wewenang Komite Kredit,Sesuai Batas BMPK (<10% Modal),Diasuransikan Penuh (All Risk),Sesuai Proposal Usaha,Tidak,2,1,-
LEND-0665,Kantor Pusat,Kredit Pemilikan Rumah (KPR),1789.83,7.86,2162.68,82.76,Lengkap & Terikat Sempurna,Kol 1 (Lancar),Sesuai Limit Wewenang Komite Kredit,Sesuai Batas BMPK (<10% Modal),Diasuransikan Penuh (All Risk),Sesuai Proposal Usaha,Tidak,2,2,-
LEND-0666,Cabang Medan,Kredit Investasi (KI),10749.62,9.01,15444.86,69.6,Lengkap & Terikat Sempurna,Kol 2 (Dalam Perhatian Khusus),Sesuai Limit Wewenang Komite Kredit,Sesuai Batas BMPK (<10% Modal),Diasuransikan Penuh (All Risk),Sesuai Proposal Usaha,Tidak,1,1,-
LEND-0667,Cabang Jakarta,Kredit Modal Kerja (KMK),13659.67,9.31,20299.7,67.29,Lengkap & Terikat Sempurna,Kol 1 (Lancar),Sesuai Limit Wewenang Komite Kredit,Sesuai Batas BMPK (<10% Modal),Diasuransikan Penuh (All Risk),Sesuai Proposal Usaha,Tidak,1,2,-
LEND-0668,Cabang Bali,Kredit Modal Kerja (KMK),7382.56,10.24,9429.76,78.29,Lengkap & Terikat Sempurna,Kol 1 (Lancar),Sesuai Limit Wewenang Komite Kredit,Sesuai Batas BMPK (<10% Modal),Tanpa Asuransi Agunan (Risiko Tinggi),Indikasi Pengalihan Dana / Side-Streaming,Ya (Anomali),4,5,Indikasi penyimpangan penggunaan fasilitas kredit modal kerja (Side-Streaming) dan agunan tidak ditutup asuransi
LEND-0669,Cabang Bandung,Kredit Pemilikan Rumah (KPR),2484.97,10.19,3220.54,77.16,Lengkap & Terikat Sempurna,Kol 2 (Dalam Perhatian Khusus),Sesuai Limit Wewenang Komite Kredit,Sesuai Batas BMPK (<10% Modal),Diasuransikan Penuh (All Risk),Sesuai Proposal Usaha,Tidak,1,1,-
LEND-0670,Cabang Bandung,Kredit Pemilikan Rumah (KPR),2056.68,7.95,2994.58,68.68,Lengkap & Terikat Sempurna,Kol 1 (Lancar),Sesuai Limit Wewenang Komite Kredit,Sesuai Batas BMPK (<10% Modal),Diasuransikan Penuh (All Risk),Sesuai Proposal Usaha,Tidak,2,1,-
LEND-0671,Kantor Pusat,Kredit Usaha Rakyat (KUR) / Mikro,135.59,7.06,248.7,54.52,Lengkap & Terikat Sempurna,Kol 1 (Lancar),Sesuai Limit Wewenang Komite Kredit,Sesuai Batas BMPK (<10% Modal),Diasuransikan Penuh (All Risk),Sesuai Proposal Usaha,Tidak,1,1,-
LEND-0672,Kantor Pusat,Kredit Modal Kerja (KMK),28174.78,10.28,38781.53,72.65,Lengkap & Terikat Sempurna,Kol 1 (Lancar),Sesuai Limit Wewenang Komite Kredit,Sesuai Batas BMPK (<10% Modal),Diasuransikan Penuh (All Risk),Sesuai Proposal Usaha,Tidak,1,1,-
LEND-0673,Cabang Bandung,Kredit Modal Kerja (KMK),25666.46,11.96,36903.61,69.55,Lengkap & Terikat Sempurna,Kol 1 (Lancar),Sesuai Limit Wewenang Komite Kredit,Sesuai Batas BMPK (<10% Modal),Diasuransikan Penuh (All Risk),Sesuai Proposal Usaha,Tidak,1,1,-
LEND-0674,Cabang Bandung,Kredit Multiguna (KMG),152.7,10.04,210.33,72.6,Lengkap & Terikat Sempurna,Kol 1 (Lancar),Sesuai Limit Wewenang Komite Kredit,Sesuai Batas BMPK (<10% Modal),Diasuransikan Penuh (All Risk),Sesuai Proposal Usaha,Tidak,1,1,-
LEND-0675,Cabang Bandung,Kredit Modal Kerja (KMK),27443.51,9.59,37712.67,72.77,Lengkap & Terikat Sempurna,Kol 1 (Lancar),Sesuai Limit Wewenang Komite Kredit,Sesuai Batas BMPK (<10% Modal),Diasuransikan Penuh (All Risk),Sesuai Proposal Usaha,Tidak,1,2,-
LEND-0676,Cabang Bandung,Kredit Modal Kerja (KMK),12285.38,11.98,18208.66,67.47,Lengkap & Terikat Sempurna,Kol 1 (Lancar),Sesuai Limit Wewenang Komite Kredit,Sesuai Batas BMPK (<10% Modal),Diasuransikan Penuh (All Risk),Sesuai Proposal Usaha,Tidak,1,1,-
LEND-0677,Cabang Jakarta,Kredit Modal Kerja (KMK),13205.45,11.09,19210.72,68.74,Lengkap & Terikat Sempurna,Kol 1 (Lancar),Sesuai Limit Wewenang Komite Kredit,Sesuai Batas BMPK (<10% Modal),Diasuransikan Penuh (All Risk),Sesuai Proposal Usaha,Tidak,1,1,-
LEND-0678,Cabang Jakarta,Kredit Pemilikan Rumah (KPR),1036.5,8.04,1370.49,75.63,Lengkap & Terikat Sempurna,Kol 2 (Dalam Perhatian Khusus),Sesuai Limit Wewenang Komite Kredit,Sesuai Batas BMPK (<10% Modal),Diasuransikan Penuh (All Risk),Sesuai Proposal Usaha,Tidak,1,2,-
LEND-0679,Cabang Bandung,Kredit Modal Kerja (KMK),5969.24,9.73,9306.58,64.14,Lengkap & Terikat Sempurna,Kol 1 (Lancar),Sesuai Limit Wewenang Komite Kredit,Sesuai Batas BMPK (<10% Modal),Diasuransikan Penuh (All Risk),Sesuai Proposal Usaha,Tidak,1,1,-
LEND-0680,Cabang Jakarta,Kredit Pemilikan Rumah (KPR),1027.28,8.96,1447.08,70.99,Lengkap & Terikat Sempurna,Kol 1 (Lancar),Sesuai Limit Wewenang Komite Kredit,Sesuai Batas BMPK (<10% Modal),Diasuransikan Penuh (All Risk),Sesuai Proposal Usaha,Tidak,1,1,-
LEND-0681,Cabang Medan,Kredit Pemilikan Rumah (KPR),1296.5,9.23,1751.08,74.04,Lengkap & Terikat Sempurna,Kol 1 (Lancar),Sesuai Limit Wewenang Komite Kredit,Sesuai Batas BMPK (<10% Modal),Diasuransikan Penuh (All Risk),Sesuai Proposal Usaha,Tidak,1,1,-
LEND-0682,Cabang Surabaya,Kredit Pemilikan Rumah (KPR),816.48,10.42,1241.79,65.75,Lengkap & Terikat Sempurna,Kol 1 (Lancar),Sesuai Limit Wewenang Komite Kredit,Sesuai Batas BMPK (<10% Modal),Diasuransikan Penuh (All Risk),Sesuai Proposal Usaha,Tidak,1,1,-
LEND-0683,Cabang Bandung,Kredit Multiguna (KMG),914.19,11.58,1528.23,59.82,Lengkap & Terikat Sempurna,Kol 1 (Lancar),Sesuai Limit Wewenang Komite Kredit,Sesuai Batas BMPK (<10% Modal),Diasuransikan Penuh (All Risk),Sesuai Proposal Usaha,Tidak,1,2,-
LEND-0684,Cabang Surabaya,Kredit Multiguna (KMG),357.95,13.35,629.86,56.83,Lengkap & Terikat Sempurna,Kol 1 (Lancar),Sesuai Limit Wewenang Komite Kredit,Sesuai Batas BMPK (<10% Modal),Diasuransikan Penuh (All Risk),Sesuai Proposal Usaha,Tidak,1,1,-
LEND-0685,Kantor Pusat,Kredit Usaha Rakyat (KUR) / Mikro,278.94,6.84,553.34,50.41,Lengkap & Terikat Sempurna,Kol 1 (Lancar),Sesuai Limit Wewenang Komite Kredit,Sesuai Batas BMPK (<10% Modal),Diasuransikan Penuh (All Risk),Sesuai Proposal Usaha,Tidak,1,1,-
LEND-0686,Cabang Jakarta,Kredit Multiguna (KMG),1441.08,11.47,1968.96,73.19,Lengkap & Terikat Sempurna,Kol 1 (Lancar),Sesuai Limit Wewenang Komite Kredit,Sesuai Batas BMPK (<10% Modal),Diasuransikan Penuh (All Risk),Sesuai Proposal Usaha,Tidak,1,1,-
LEND-0687,Cabang Surabaya,Kredit Sindikasi Korporasi,71516.13,10.22,126554.82,56.51,Lengkap & Terikat Sempurna,Kol 2 (Dalam Perhatian Khusus),Sesuai Limit Wewenang Komite Kredit,Sesuai Batas BMPK (<10% Modal),Diasuransikan Penuh (All Risk),Sesuai Proposal Usaha,Tidak,1,2,-
LEND-0688,Cabang Surabaya,Kredit Multiguna (KMG),2120.99,13.66,3407.21,62.25,Lengkap & Terikat Sempurna,Kol 1 (Lancar),Sesuai Limit Wewenang Komite Kredit,Sesuai Batas BMPK (<10% Modal),Diasuransikan Penuh (All Risk),Sesuai Proposal Usaha,Tidak,2,2,-
LEND-0689,Cabang Jakarta,Kredit Modal Kerja (KMK),3406.1,8.65,5615.99,60.65,Lengkap & Terikat Sempurna,Kol 1 (Lancar),Sesuai Limit Wewenang Komite Kredit,Sesuai Batas BMPK (<10% Modal),Diasuransikan Penuh (All Risk),Sesuai Proposal Usaha,Tidak,1,1,-
LEND-0690,Cabang Jakarta,Kredit Sindikasi Korporasi,41846.24,3.84,67179.71,62.29,Lengkap & Terikat Sempurna,Kol 1 (Lancar),Sesuai Limit Wewenang Komite Kredit,Pelanggaran BMPK Pihak Terafiliasi,Diasuransikan Penuh (All Risk),Sesuai Proposal Usaha,Ya (Anomali),5,4,Pemberian bunga kredit murah ekstrem (3.84%) kepada pihak terafiliasi bank melanggar batas ketentuan BMPK OJK
LEND-0691,Cabang Bandung,Kredit Sindikasi Korporasi,42592.64,9.17,66004.4,64.53,Lengkap & Terikat Sempurna,Kol 1 (Lancar),Sesuai Limit Wewenang Komite Kredit,Sesuai Batas BMPK (<10% Modal),Diasuransikan Penuh (All Risk),Sesuai Proposal Usaha,Tidak,1,1,-
LEND-0692,Kantor Pusat,Kredit Multiguna (KMG),1404.91,10.76,2428.96,57.84,Lengkap & Terikat Sempurna,Kol 1 (Lancar),Sesuai Limit Wewenang Komite Kredit,Sesuai Batas BMPK (<10% Modal),Diasuransikan Penuh (All Risk),Sesuai Proposal Usaha,Tidak,1,1,-
LEND-0693,Cabang Jakarta,Kredit Pemilikan Rumah (KPR),3644.98,8.07,5794.88,62.9,Lengkap & Terikat Sempurna,Kol 1 (Lancar),Sesuai Limit Wewenang Komite Kredit,Sesuai Batas BMPK (<10% Modal),Diasuransikan Penuh (All Risk),Sesuai Proposal Usaha,Tidak,1,1,-
LEND-0694,Cabang Bali,Kredit Usaha Rakyat (KUR) / Mikro,151.1,6.96,271.47,55.66,Lengkap & Terikat Sempurna,Kol 1 (Lancar),Sesuai Limit Wewenang Komite Kredit,Sesuai Batas BMPK (<10% Modal),Diasuransikan Penuh (All Risk),Sesuai Proposal Usaha,Tidak,1,1,-
LEND-0695,Cabang Jakarta,Kredit Modal Kerja (KMK),27210.18,9.33,34265.43,79.41,Lengkap & Terikat Sempurna,Kol 1 (Lancar),Sesuai Limit Wewenang Komite Kredit,Sesuai Batas BMPK (<10% Modal),Diasuransikan Penuh (All Risk),Sesuai Proposal Usaha,Tidak,1,1,-
LEND-0696,Cabang Jakarta,Kredit Modal Kerja (KMK),13788.51,11.0,22866.52,60.3,Lengkap & Terikat Sempurna,Kol 1 (Lancar),Sesuai Limit Wewenang Komite Kredit,Sesuai Batas BMPK (<10% Modal),Diasuransikan Penuh (All Risk),Sesuai Proposal Usaha,Tidak,1,2,-
LEND-0697,Cabang Medan,Kredit Modal Kerja (KMK),17626.0,9.5,26605.28,66.25,Lengkap & Terikat Sempurna,Kol 1 (Lancar),Sesuai Limit Wewenang Komite Kredit,Sesuai Batas BMPK (<10% Modal),Diasuransikan Penuh (All Risk),Sesuai Proposal Usaha,Tidak,1,1,-
LEND-0698,Kantor Pusat,Kredit Usaha Rakyat (KUR) / Mikro,457.35,6.22,794.42,57.57,Lengkap & Terikat Sempurna,Kol 1 (Lancar),Sesuai Limit Wewenang Komite Kredit,Sesuai Batas BMPK (<10% Modal),Diasuransikan Penuh (All Risk),Sesuai Proposal Usaha,Tidak,2,2,-
LEND-0699,Cabang Bandung,Kredit Modal Kerja (KMK),11713.12,11.36,15745.56,74.39,Lengkap & Terikat Sempurna,Kol 1 (Lancar),Sesuai Limit Wewenang Komite Kredit,Sesuai Batas BMPK (<10% Modal),Diasuransikan Penuh (All Risk),Sesuai Proposal Usaha,Tidak,2,2,-
LEND-0700,Cabang Jakarta,Kredit Pemilikan Rumah (KPR),1794.58,7.8,2317.08,77.45,Lengkap & Terikat Sempurna,Kol 1 (Lancar),Sesuai Limit Wewenang Komite Kredit,Sesuai Batas BMPK (<10% Modal),Diasuransikan Penuh (All Risk),Sesuai Proposal Usaha,Tidak,2,1,-
LEND-0701,Cabang Jakarta,Kredit Usaha Rakyat (KUR) / Mikro,251.96,7.42,354.22,71.13,Lengkap & Terikat Sempurna,Kol 1 (Lancar),Sesuai Limit Wewenang Komite Kredit,Sesuai Batas BMPK (<10% Modal),Diasuransikan Penuh (All Risk),Sesuai Proposal Usaha,Tidak,1,1,-
LEND-0702,Kantor Pusat,Kredit Pemilikan Rumah (KPR),1866.73,9.74,2495.29,74.81,Lengkap & Terikat Sempurna,Kol 1 (Lancar),Sesuai Limit Wewenang Komite Kredit,Sesuai Batas BMPK (<10% Modal),Diasuransikan Penuh (All Risk),Sesuai Proposal Usaha,Tidak,1,1,-
LEND-0703,Cabang Bali,Kredit Usaha Rakyat (KUR) / Mikro,232.88,6.55,319.5,72.89,Lengkap & Terikat Sempurna,Kol 1 (Lancar),Sesuai Limit Wewenang Komite Kredit,Sesuai Batas BMPK (<10% Modal),Diasuransikan Penuh (All Risk),Sesuai Proposal Usaha,Tidak,2,1,-
LEND-0704,Cabang Bali,Kredit Multiguna (KMG),312.09,11.59,564.46,55.29,Lengkap & Terikat Sempurna,Kol 1 (Lancar),Sesuai Limit Wewenang Komite Kredit,Sesuai Batas BMPK (<10% Modal),Diasuransikan Penuh (All Risk),Sesuai Proposal Usaha,Tidak,1,2,-
LEND-0705,Cabang Surabaya,Kredit Multiguna (KMG),1223.83,11.11,1720.31,71.14,Lengkap & Terikat Sempurna,Kol 1 (Lancar),Sesuai Limit Wewenang Komite Kredit,Sesuai Batas BMPK (<10% Modal),Diasuransikan Penuh (All Risk),Sesuai Proposal Usaha,Tidak,1,1,-
LEND-0706,Cabang Jakarta,Kredit Pemilikan Rumah (KPR),822.05,8.85,1091.12,75.34,Lengkap & Terikat Sempurna,Kol 2 (Dalam Perhatian Khusus),Sesuai Limit Wewenang Komite Kredit,Sesuai Batas BMPK (<10% Modal),Diasuransikan Penuh (All Risk),Sesuai Proposal Usaha,Tidak,1,2,-
LEND-0707,Cabang Jakarta,Kredit Modal Kerja (KMK),20273.6,9.94,30801.58,65.82,Lengkap & Terikat Sempurna,Kol 1 (Lancar),Sesuai Limit Wewenang Komite Kredit,Sesuai Batas BMPK (<10% Modal),Diasuransikan Penuh (All Risk),Sesuai Proposal Usaha,Tidak,1,2,-
LEND-0708,Cabang Bandung,Kredit Sindikasi Korporasi,39260.71,8.43,61643.44,63.69,Lengkap & Terikat Sempurna,Kol 1 (Lancar),Sesuai Limit Wewenang Komite Kredit,Sesuai Batas BMPK (<10% Modal),Diasuransikan Penuh (All Risk),Sesuai Proposal Usaha,Tidak,2,1,-
LEND-0709,Cabang Medan,Kredit Multiguna (KMG),20163.65,9.13,16693.15,120.79,Lengkap & Terikat Sempurna,Kol 1 (Lancar),Sesuai Limit Wewenang Komite Kredit,Sesuai Batas BMPK (<10% Modal),Diasuransikan Penuh (All Risk),Sesuai Proposal Usaha,Ya (Anomali),5,5,"Rasio Loan to Value (120.79%) melampaui batas wajar (>100%), agunan defisit (Rp 16693.15 Juta) tidak mencukupi plafon kredit"
LEND-0710,Kantor Pusat,Kredit Pemilikan Rumah (KPR),3760.37,9.18,4763.58,78.94,Lengkap & Terikat Sempurna,Kol 1 (Lancar),Sesuai Limit Wewenang Komite Kredit,Sesuai Batas BMPK (<10% Modal),Diasuransikan Penuh (All Risk),Sesuai Proposal Usaha,Tidak,1,2,-
LEND-0711,Cabang Jakarta,Kredit Modal Kerja (KMK),15939.47,12.26,20708.68,76.97,Lengkap & Terikat Sempurna,Kol 1 (Lancar),Sesuai Limit Wewenang Komite Kredit,Sesuai Batas BMPK (<10% Modal),Diasuransikan Penuh (All Risk),Sesuai Proposal Usaha,Tidak,1,1,-
LEND-0712,Cabang Bandung,Kredit Multiguna (KMG),1907.67,10.19,2662.11,71.66,Lengkap & Terikat Sempurna,Kol 1 (Lancar),Sesuai Limit Wewenang Komite Kredit,Sesuai Batas BMPK (<10% Modal),Diasuransikan Penuh (All Risk),Sesuai Proposal Usaha,Tidak,2,2,-
LEND-0713,Cabang Surabaya,Kredit Sindikasi Korporasi,46686.96,10.12,72971.18,63.98,Lengkap & Terikat Sempurna,Kol 1 (Lancar),Sesuai Limit Wewenang Komite Kredit,Sesuai Batas BMPK (<10% Modal),Diasuransikan Penuh (All Risk),Sesuai Proposal Usaha,Tidak,1,1,-
LEND-0714,Cabang Surabaya,Kredit Pemilikan Rumah (KPR),2832.38,8.36,4322.26,65.53,Lengkap & Terikat Sempurna,Kol 1 (Lancar),Sesuai Limit Wewenang Komite Kredit,Sesuai Batas BMPK (<10% Modal),Diasuransikan Penuh (All Risk),Sesuai Proposal Usaha,Tidak,1,1,-
LEND-0715,Cabang Medan,Kredit Modal Kerja (KMK),6800.3,11.01,9101.04,74.72,Lengkap & Terikat Sempurna,Kol 3-5 (NPL / Macet),Sesuai Limit Wewenang Komite Kredit,Sesuai Batas BMPK (<10% Modal),Diasuransikan Penuh (All Risk),Sesuai Proposal Usaha,Ya (Anomali),5,5,Penyetujuan kredit kepada debitur dengan riwayat kolektibilitas macet (Kol 3-5) pada SLIK OJK tanpa analisis mitigasi risiko
LEND-0716,Cabang Surabaya,Kredit Investasi (KI),18268.62,11.25,26992.64,67.68,Lengkap & Terikat Sempurna,Kol 1 (Lancar),Sesuai Limit Wewenang Komite Kredit,Sesuai Batas BMPK (<10% Modal),Diasuransikan Penuh (All Risk),Sesuai Proposal Usaha,Tidak,1,1,-
LEND-0717,Cabang Jakarta,Kredit Multiguna (KMG),1778.23,12.41,2745.45,64.77,Lengkap & Terikat Sempurna,Kol 1 (Lancar),Sesuai Limit Wewenang Komite Kredit,Sesuai Batas BMPK (<10% Modal),Diasuransikan Penuh (All Risk),Sesuai Proposal Usaha,Tidak,1,1,-
LEND-0718,Cabang Jakarta,Kredit Pemilikan Rumah (KPR),4443.54,7.86,5481.79,81.06,Lengkap & Terikat Sempurna,Kol 1 (Lancar),Sesuai Limit Wewenang Komite Kredit,Sesuai Batas BMPK (<10% Modal),Diasuransikan Penuh (All Risk),Sesuai Proposal Usaha,Tidak,1,1,-
LEND-0719,Kantor Pusat,Kredit Multiguna (KMG),1074.17,10.36,1506.97,71.28,Lengkap & Terikat Sempurna,Kol 1 (Lancar),Sesuai Limit Wewenang Komite Kredit,Sesuai Batas BMPK (<10% Modal),Diasuransikan Penuh (All Risk),Sesuai Proposal Usaha,Tidak,1,2,-
LEND-0720,Cabang Surabaya,Kredit Modal Kerja (KMK),25495.77,10.71,34863.63,73.13,Lengkap & Terikat Sempurna,Kol 2 (Dalam Perhatian Khusus),Sesuai Limit Wewenang Komite Kredit,Sesuai Batas BMPK (<10% Modal),Diasuransikan Penuh (All Risk),Sesuai Proposal Usaha,Tidak,1,1,-
LEND-0721,Cabang Surabaya,Kredit Pemilikan Rumah (KPR),1055.63,9.87,1439.95,73.31,Lengkap & Terikat Sempurna,Kol 1 (Lancar),Sesuai Limit Wewenang Komite Kredit,Sesuai Batas BMPK (<10% Modal),Diasuransikan Penuh (All Risk),Sesuai Proposal Usaha,Tidak,2,1,-
LEND-0722,Cabang Surabaya,Kredit Pemilikan Rumah (KPR),2608.7,9.33,4083.75,63.88,Lengkap & Terikat Sempurna,Kol 1 (Lancar),Sesuai Limit Wewenang Komite Kredit,Sesuai Batas BMPK (<10% Modal),Diasuransikan Penuh (All Risk),Sesuai Proposal Usaha,Tidak,1,2,-
LEND-0723,Cabang Medan,Kredit Multiguna (KMG),1834.57,13.09,2615.58,70.14,Lengkap & Terikat Sempurna,Kol 1 (Lancar),Sesuai Limit Wewenang Komite Kredit,Sesuai Batas BMPK (<10% Modal),Diasuransikan Penuh (All Risk),Sesuai Proposal Usaha,Tidak,1,1,-
LEND-0724,Kantor Pusat,Kredit Modal Kerja (KMK),5796.37,10.36,8245.19,70.3,Lengkap & Terikat Sempurna,Kol 1 (Lancar),Sesuai Limit Wewenang Komite Kredit,Sesuai Batas BMPK (<10% Modal),Tanpa Asuransi Agunan (Risiko Tinggi),Indikasi Pengalihan Dana / Side-Streaming,Ya (Anomali),4,4,Indikasi penyimpangan penggunaan fasilitas kredit modal kerja (Side-Streaming) dan agunan tidak ditutup asuransi
LEND-0725,Cabang Surabaya,Kredit Modal Kerja (KMK),15209.6,10.62,20958.52,72.57,Lengkap & Terikat Sempurna,Kol 1 (Lancar),Sesuai Limit Wewenang Komite Kredit,Sesuai Batas BMPK (<10% Modal),Diasuransikan Penuh (All Risk),Sesuai Proposal Usaha,Tidak,2,1,-
LEND-0726,Kantor Pusat,Kredit Investasi (KI),43666.85,9.59,76140.98,57.35,Lengkap & Terikat Sempurna,Kol 1 (Lancar),Sesuai Limit Wewenang Komite Kredit,Sesuai Batas BMPK (<10% Modal),Diasuransikan Penuh (All Risk),Sesuai Proposal Usaha,Tidak,1,1,-
LEND-0727,Kantor Pusat,Kredit Multiguna (KMG),1153.38,12.25,2059.24,56.01,Lengkap & Terikat Sempurna,Kol 1 (Lancar),Sesuai Limit Wewenang Komite Kredit,Sesuai Batas BMPK (<10% Modal),Diasuransikan Penuh (All Risk),Sesuai Proposal Usaha,Tidak,1,1,-
LEND-0728,Cabang Bali,Kredit Usaha Rakyat (KUR) / Mikro,214.07,6.04,378.55,56.55,Lengkap & Terikat Sempurna,Kol 1 (Lancar),Sesuai Limit Wewenang Komite Kredit,Sesuai Batas BMPK (<10% Modal),Diasuransikan Penuh (All Risk),Sesuai Proposal Usaha,Tidak,1,2,-
LEND-0729,Cabang Bandung,Kredit Modal Kerja (KMK),5671.75,10.42,7793.01,72.78,Lengkap & Terikat Sempurna,Kol 1 (Lancar),Sesuai Limit Wewenang Komite Kredit,Sesuai Batas BMPK (<10% Modal),Diasuransikan Penuh (All Risk),Sesuai Proposal Usaha,Tidak,2,2,-
LEND-0730,Cabang Medan,Kredit Investasi (KI),20376.93,10.88,32577.03,62.55,Lengkap & Terikat Sempurna,Kol 1 (Lancar),Sesuai Limit Wewenang Komite Kredit,Sesuai Batas BMPK (<10% Modal),Diasuransikan Penuh (All Risk),Sesuai Proposal Usaha,Tidak,1,1,-
LEND-0731,Cabang Medan,Kredit Pemilikan Rumah (KPR),360.15,9.3,525.31,68.56,Lengkap & Terikat Sempurna,Kol 1 (Lancar),Sesuai Limit Wewenang Komite Kredit,Sesuai Batas BMPK (<10% Modal),Diasuransikan Penuh (All Risk),Sesuai Proposal Usaha,Tidak,1,1,-
LEND-0732,Cabang Jakarta,Kredit Investasi (KI),7627.58,10.4,10765.82,70.85,Lengkap & Terikat Sempurna,Kol 1 (Lancar),Sesuai Limit Wewenang Komite Kredit,Sesuai Batas BMPK (<10% Modal),Diasuransikan Penuh (All Risk),Sesuai Proposal Usaha,Tidak,1,1,-
LEND-0733,Cabang Medan,Kredit Sindikasi Korporasi,21915.53,8.37,39247.01,55.84,Lengkap & Terikat Sempurna,Kol 1 (Lancar),Sesuai Limit Wewenang Komite Kredit,Sesuai Batas BMPK (<10% Modal),Diasuransikan Penuh (All Risk),Sesuai Proposal Usaha,Tidak,1,1,-
LEND-0734,Cabang Jakarta,Kredit Modal Kerja (KMK),17027.73,10.68,22076.66,77.13,Lengkap & Terikat Sempurna,Kol 1 (Lancar),Sesuai Limit Wewenang Komite Kredit,Sesuai Batas BMPK (<10% Modal),Diasuransikan Penuh (All Risk),Sesuai Proposal Usaha,Tidak,1,1,-
LEND-0735,Cabang Jakarta,Kredit Multiguna (KMG),2304.55,11.75,3488.04,66.07,Lengkap & Terikat Sempurna,Kol 1 (Lancar),Sesuai Limit Wewenang Komite Kredit,Sesuai Batas BMPK (<10% Modal),Diasuransikan Penuh (All Risk),Sesuai Proposal Usaha,Tidak,1,1,-
LEND-0736,Kantor Pusat,Kredit Pemilikan Rumah (KPR),2018.2,7.82,2567.36,78.61,Lengkap & Terikat Sempurna,Kol 2 (Dalam Perhatian Khusus),Sesuai Limit Wewenang Komite Kredit,Sesuai Batas BMPK (<10% Modal),Diasuransikan Penuh (All Risk),Sesuai Proposal Usaha,Tidak,1,2,-
LEND-0737,Cabang Bali,Kredit Pemilikan Rumah (KPR),588.75,9.1,898.31,65.54,Lengkap & Terikat Sempurna,Kol 1 (Lancar),Sesuai Limit Wewenang Komite Kredit,Sesuai Batas BMPK (<10% Modal),Diasuransikan Penuh (All Risk),Sesuai Proposal Usaha,Tidak,1,1,-
LEND-0738,Cabang Bali,Kredit Modal Kerja (KMK),25498.13,11.23,33911.6,75.19,Lengkap & Terikat Sempurna,Kol 1 (Lancar),Sesuai Limit Wewenang Komite Kredit,Sesuai Batas BMPK (<10% Modal),Diasuransikan Penuh (All Risk),Sesuai Proposal Usaha,Tidak,1,2,-
LEND-0739,Cabang Bali,Kredit Sindikasi Korporasi,43972.47,8.52,69675.92,63.11,Lengkap & Terikat Sempurna,Kol 1 (Lancar),Sesuai Limit Wewenang Komite Kredit,Sesuai Batas BMPK (<10% Modal),Diasuransikan Penuh (All Risk),Sesuai Proposal Usaha,Tidak,1,2,-
LEND-0740,Kantor Pusat,Kredit Modal Kerja (KMK),11051.9,9.4,14264.2,77.48,Lengkap & Terikat Sempurna,Kol 1 (Lancar),Sesuai Limit Wewenang Komite Kredit,Sesuai Batas BMPK (<10% Modal),Diasuransikan Penuh (All Risk),Sesuai Proposal Usaha,Tidak,1,1,-
LEND-0741,Cabang Medan,Kredit Pemilikan Rumah (KPR),310.49,7.84,458.36,67.74,Lengkap & Terikat Sempurna,Kol 1 (Lancar),Sesuai Limit Wewenang Komite Kredit,Sesuai Batas BMPK (<10% Modal),Diasuransikan Penuh (All Risk),Sesuai Proposal Usaha,Tidak,1,2,-
LEND-0742,Cabang Medan,Kredit Sindikasi Korporasi,48625.6,9.17,85427.97,56.92,Lengkap & Terikat Sempurna,Kol 1 (Lancar),Sesuai Limit Wewenang Komite Kredit,Sesuai Batas BMPK (<10% Modal),Diasuransikan Penuh (All Risk),Sesuai Proposal Usaha,Tidak,2,2,-
LEND-0743,Cabang Medan,Kredit Usaha Rakyat (KUR) / Mikro,166.02,6.13,295.83,56.12,Lengkap & Terikat Sempurna,Kol 1 (Lancar),Sesuai Limit Wewenang Komite Kredit,Sesuai Batas BMPK (<10% Modal),Diasuransikan Penuh (All Risk),Sesuai Proposal Usaha,Tidak,2,1,-
LEND-0744,Cabang Medan,Kredit Multiguna (KMG),1975.9,12.9,3344.45,59.08,Lengkap & Terikat Sempurna,Kol 1 (Lancar),Sesuai Limit Wewenang Komite Kredit,Sesuai Batas BMPK (<10% Modal),Diasuransikan Penuh (All Risk),Sesuai Proposal Usaha,Tidak,2,1,-
LEND-0745,Kantor Pusat,Kredit Usaha Rakyat (KUR) / Mikro,174.39,6.87,239.65,72.77,Lengkap & Terikat Sempurna,Kol 2 (Dalam Perhatian Khusus),Sesuai Limit Wewenang Komite Kredit,Sesuai Batas BMPK (<10% Modal),Diasuransikan Penuh (All Risk),Sesuai Proposal Usaha,Tidak,1,2,-
LEND-0746,Cabang Surabaya,Kredit Pemilikan Rumah (KPR),349.19,7.95,507.32,68.83,Lengkap & Terikat Sempurna,Kol 1 (Lancar),Sesuai Limit Wewenang Komite Kredit,Sesuai Batas BMPK (<10% Modal),Diasuransikan Penuh (All Risk),Sesuai Proposal Usaha,Tidak,1,2,-
LEND-0747,Cabang Jakarta,Kredit Modal Kerja (KMK),4942.03,12.11,7046.96,70.13,Lengkap & Terikat Sempurna,Kol 1 (Lancar),Sesuai Limit Wewenang Komite Kredit,Sesuai Batas BMPK (<10% Modal),Diasuransikan Penuh (All Risk),Sesuai Proposal Usaha,Tidak,2,1,-
LEND-0748,Cabang Jakarta,Kredit Multiguna (KMG),431.03,10.78,773.98,55.69,Lengkap & Terikat Sempurna,Kol 1 (Lancar),Sesuai Limit Wewenang Komite Kredit,Sesuai Batas BMPK (<10% Modal),Diasuransikan Penuh (All Risk),Sesuai Proposal Usaha,Tidak,1,1,-
LEND-0749,Cabang Medan,Kredit Pemilikan Rumah (KPR),1564.24,7.56,1959.46,79.83,Lengkap & Terikat Sempurna,Kol 1 (Lancar),Sesuai Limit Wewenang Komite Kredit,Sesuai Batas BMPK (<10% Modal),Diasuransikan Penuh (All Risk),Sesuai Proposal Usaha,Tidak,2,2,-
LEND-0750,Kantor Pusat,Kredit Usaha Rakyat (KUR) / Mikro,151.8,7.3,281.22,53.98,Lengkap & Terikat Sempurna,Kol 1 (Lancar),Sesuai Limit Wewenang Komite Kredit,Sesuai Batas BMPK (<10% Modal),Diasuransikan Penuh (All Risk),Sesuai Proposal Usaha,Tidak,1,2,-
LEND-0751,Cabang Medan,Kredit Investasi (KI),2666.47,9.25,4021.22,66.31,Lengkap & Terikat Sempurna,Kol 1 (Lancar),Sesuai Limit Wewenang Komite Kredit,Sesuai Batas BMPK (<10% Modal),Diasuransikan Penuh (All Risk),Sesuai Proposal Usaha,Tidak,1,1,-
LEND-0752,Cabang Bandung,Kredit Modal Kerja (KMK),15640.24,8.62,20220.09,77.35,Lengkap & Terikat Sempurna,Kol 1 (Lancar),Sesuai Limit Wewenang Komite Kredit,Sesuai Batas BMPK (<10% Modal),Diasuransikan Penuh (All Risk),Sesuai Proposal Usaha,Tidak,1,1,-
LEND-0753,Cabang Surabaya,Kredit Multiguna (KMG),699.73,13.39,1012.93,69.08,Lengkap & Terikat Sempurna,Kol 1 (Lancar),Sesuai Limit Wewenang Komite Kredit,Sesuai Batas BMPK (<10% Modal),Diasuransikan Penuh (All Risk),Sesuai Proposal Usaha,Tidak,1,1,-
LEND-0754,Cabang Bandung,Kredit Pemilikan Rumah (KPR),4061.91,9.64,5235.77,77.58,Lengkap & Terikat Sempurna,Kol 1 (Lancar),Sesuai Limit Wewenang Komite Kredit,Sesuai Batas BMPK (<10% Modal),Diasuransikan Penuh (All Risk),Sesuai Proposal Usaha,Tidak,1,1,-
LEND-0755,Kantor Pusat,Kredit Multiguna (KMG),304.98,10.71,413.64,73.73,Lengkap & Terikat Sempurna,Kol 1 (Lancar),Sesuai Limit Wewenang Komite Kredit,Sesuai Batas BMPK (<10% Modal),Diasuransikan Penuh (All Risk),Sesuai Proposal Usaha,Tidak,1,1,-
LEND-0756,Kantor Pusat,Kredit Usaha Rakyat (KUR) / Mikro,223.44,6.32,331.66,67.37,Lengkap & Terikat Sempurna,Kol 1 (Lancar),Sesuai Limit Wewenang Komite Kredit,Sesuai Batas BMPK (<10% Modal),Diasuransikan Penuh (All Risk),Sesuai Proposal Usaha,Tidak,1,2,-
LEND-0757,Cabang Bandung,Kredit Usaha Rakyat (KUR) / Mikro,463.84,7.31,746.56,62.13,Lengkap & Terikat Sempurna,Kol 1 (Lancar),Sesuai Limit Wewenang Komite Kredit,Sesuai Batas BMPK (<10% Modal),Diasuransikan Penuh (All Risk),Sesuai Proposal Usaha,Tidak,1,1,-
LEND-0758,Cabang Jakarta,Kredit Multiguna (KMG),452.11,12.35,708.53,63.81,Lengkap & Terikat Sempurna,Kol 1 (Lancar),Sesuai Limit Wewenang Komite Kredit,Sesuai Batas BMPK (<10% Modal),Diasuransikan Penuh (All Risk),Sesuai Proposal Usaha,Tidak,2,2,-
LEND-0759,Cabang Jakarta,Kredit Modal Kerja (KMK),10824.94,10.07,14557.48,74.36,Lengkap & Terikat Sempurna,Kol 1 (Lancar),Sesuai Limit Wewenang Komite Kredit,Sesuai Batas BMPK (<10% Modal),Diasuransikan Penuh (All Risk),Sesuai Proposal Usaha,Tidak,1,1,-
LEND-0760,Cabang Bali,Kredit Modal Kerja (KMK),10153.44,12.29,16035.12,63.32,Lengkap & Terikat Sempurna,Kol 1 (Lancar),Sesuai Limit Wewenang Komite Kredit,Sesuai Batas BMPK (<10% Modal),Diasuransikan Penuh (All Risk),Sesuai Proposal Usaha,Tidak,1,1,-
LEND-0761,Kantor Pusat,Kredit Modal Kerja (KMK),26672.77,10.55,42717.44,62.44,Lengkap & Terikat Sempurna,Kol 2 (Dalam Perhatian Khusus),Sesuai Limit Wewenang Komite Kredit,Sesuai Batas BMPK (<10% Modal),Diasuransikan Penuh (All Risk),Sesuai Proposal Usaha,Tidak,1,1,-
LEND-0762,Kantor Pusat,Kredit Sindikasi Korporasi,54083.67,9.26,97325.3,55.57,Lengkap & Terikat Sempurna,Kol 1 (Lancar),Sesuai Limit Wewenang Komite Kredit,Sesuai Batas BMPK (<10% Modal),Diasuransikan Penuh (All Risk),Sesuai Proposal Usaha,Tidak,1,1,-
LEND-0763,Kantor Pusat,Kredit Investasi (KI),12645.73,11.32,20978.32,60.28,Lengkap & Terikat Sempurna,Kol 1 (Lancar),Sesuai Limit Wewenang Komite Kredit,Sesuai Batas BMPK (<10% Modal),Diasuransikan Penuh (All Risk),Sesuai Proposal Usaha,Tidak,1,1,-
LEND-0764,Kantor Pusat,Kredit Multiguna (KMG),1696.1,10.22,2634.1,64.39,Lengkap & Terikat Sempurna,Kol 1 (Lancar),Sesuai Limit Wewenang Komite Kredit,Sesuai Batas BMPK (<10% Modal),Diasuransikan Penuh (All Risk),Sesuai Proposal Usaha,Tidak,2,1,-
LEND-0765,Cabang Bandung,Kredit Multiguna (KMG),1693.77,10.19,2992.0,56.61,Lengkap & Terikat Sempurna,Kol 1 (Lancar),Sesuai Limit Wewenang Komite Kredit,Sesuai Batas BMPK (<10% Modal),Diasuransikan Penuh (All Risk),Sesuai Proposal Usaha,Tidak,1,2,-
LEND-0766,Cabang Bandung,Kredit Pemilikan Rumah (KPR),1757.07,10.44,2555.37,68.76,Lengkap & Terikat Sempurna,Kol 1 (Lancar),Sesuai Limit Wewenang Komite Kredit,Sesuai Batas BMPK (<10% Modal),Diasuransikan Penuh (All Risk),Sesuai Proposal Usaha,Tidak,1,1,-
LEND-0767,Kantor Pusat,Kredit Usaha Rakyat (KUR) / Mikro,239.99,6.07,325.94,73.63,Lengkap & Terikat Sempurna,Kol 1 (Lancar),Sesuai Limit Wewenang Komite Kredit,Sesuai Batas BMPK (<10% Modal),Diasuransikan Penuh (All Risk),Sesuai Proposal Usaha,Tidak,1,1,-
LEND-0768,Cabang Surabaya,Kredit Modal Kerja (KMK),52401.51,11.29,65346.69,80.19,Lengkap & Terikat Sempurna,Kol 1 (Lancar),Melampaui Limit Wewenang Cabang (BKMK Breach),Sesuai Batas BMPK (<10% Modal),Diasuransikan Penuh (All Risk),Sesuai Proposal Usaha,Ya (Anomali),5,5,Pencairan kredit bernilai Rp 52401.51 Juta melampaui batas kewenangan memutus kredit (BKMK) komite cabang tanpa persetujuan Kantor Pusat
LEND-0769,Kantor Pusat,Kredit Investasi (KI),37423.78,9.51,58935.09,63.5,Lengkap & Terikat Sempurna,Kol 1 (Lancar),Sesuai Limit Wewenang Komite Kredit,Sesuai Batas BMPK (<10% Modal),Diasuransikan Penuh (All Risk),Sesuai Proposal Usaha,Tidak,1,2,-
LEND-0770,Cabang Jakarta,Kredit Investasi (KI),23162.52,11.98,33108.23,69.96,Lengkap & Terikat Sempurna,Kol 1 (Lancar),Sesuai Limit Wewenang Komite Kredit,Sesuai Batas BMPK (<10% Modal),Diasuransikan Penuh (All Risk),Sesuai Proposal Usaha,Tidak,1,1,-
LEND-0771,Cabang Jakarta,Kredit Modal Kerja (KMK),9505.45,8.73,12943.15,73.44,Lengkap & Terikat Sempurna,Kol 1 (Lancar),Sesuai Limit Wewenang Komite Kredit,Sesuai Batas BMPK (<10% Modal),Diasuransikan Penuh (All Risk),Sesuai Proposal Usaha,Tidak,1,1,-
LEND-0772,Cabang Surabaya,Kredit Modal Kerja (KMK),19298.43,8.91,28535.31,67.63,Pencairan Sebelum Syarat Efektif Lengkap (Pelanggaran),Kol 1 (Lancar),Sesuai Limit Wewenang Komite Kredit,Sesuai Batas BMPK (<10% Modal),Diasuransikan Penuh (All Risk),Sesuai Proposal Usaha,Ya (Anomali),4,4,Pencairan fasilitas kredit mendahului pemenuhan dokumen syarat efektif dan bukti pengikatan agunan (APHT/Fidusia)
LEND-0773,Kantor Pusat,Kredit Investasi (KI),38902.09,9.08,55039.74,70.68,Lengkap & Terikat Sempurna,Kol 1 (Lancar),Sesuai Limit Wewenang Komite Kredit,Sesuai Batas BMPK (<10% Modal),Diasuransikan Penuh (All Risk),Sesuai Proposal Usaha,Tidak,1,2,-
LEND-0774,Cabang Bandung,Kredit Sindikasi Korporasi,21426.32,10.25,30780.52,69.61,Lengkap & Terikat Sempurna,Kol 1 (Lancar),Sesuai Limit Wewenang Komite Kredit,Sesuai Batas BMPK (<10% Modal),Diasuransikan Penuh (All Risk),Sesuai Proposal Usaha,Tidak,1,1,-
LEND-0775,Cabang Jakarta,Kredit Modal Kerja (KMK),16468.37,11.62,23675.06,69.56,Lengkap & Terikat Sempurna,Kol 1 (Lancar),Sesuai Limit Wewenang Komite Kredit,Sesuai Batas BMPK (<10% Modal),Diasuransikan Penuh (All Risk),Sesuai Proposal Usaha,Tidak,2,1,-
LEND-0776,Cabang Medan,Kredit Investasi (KI),42003.75,8.97,62561.44,67.14,Lengkap & Terikat Sempurna,Kol 1 (Lancar),Sesuai Limit Wewenang Komite Kredit,Sesuai Batas BMPK (<10% Modal),Diasuransikan Penuh (All Risk),Sesuai Proposal Usaha,Tidak,2,2,-
LEND-0777,Kantor Pusat,Kredit Pemilikan Rumah (KPR),1568.34,9.95,2456.67,63.84,Lengkap & Terikat Sempurna,Kol 1 (Lancar),Sesuai Limit Wewenang Komite Kredit,Sesuai Batas BMPK (<10% Modal),Diasuransikan Penuh (All Risk),Sesuai Proposal Usaha,Tidak,2,1,-
LEND-0778,Kantor Pusat,Kredit Modal Kerja (KMK),16403.2,8.57,24460.48,67.06,Lengkap & Terikat Sempurna,Kol 1 (Lancar),Sesuai Limit Wewenang Komite Kredit,Sesuai Batas BMPK (<10% Modal),Diasuransikan Penuh (All Risk),Sesuai Proposal Usaha,Tidak,1,2,-
LEND-0779,Cabang Surabaya,Kredit Pemilikan Rumah (KPR),491.61,9.88,813.12,60.46,Lengkap & Terikat Sempurna,Kol 1 (Lancar),Sesuai Limit Wewenang Komite Kredit,Sesuai Batas BMPK (<10% Modal),Diasuransikan Penuh (All Risk),Sesuai Proposal Usaha,Tidak,1,1,-
LEND-0780,Cabang Medan,Kredit Multiguna (KMG),178.02,10.03,241.25,73.79,Lengkap & Terikat Sempurna,Kol 1 (Lancar),Sesuai Limit Wewenang Komite Kredit,Sesuai Batas BMPK (<10% Modal),Diasuransikan Penuh (All Risk),Sesuai Proposal Usaha,Tidak,1,2,-
LEND-0781,Cabang Bandung,Kredit Usaha Rakyat (KUR) / Mikro,352.84,6.2,667.12,52.89,Lengkap & Terikat Sempurna,Kol 1 (Lancar),Sesuai Limit Wewenang Komite Kredit,Sesuai Batas BMPK (<10% Modal),Diasuransikan Penuh (All Risk),Sesuai Proposal Usaha,Tidak,2,1,-
LEND-0782,Cabang Bandung,Kredit Sindikasi Korporasi,38657.25,9.81,71415.57,54.13,Lengkap & Terikat Sempurna,Kol 1 (Lancar),Sesuai Limit Wewenang Komite Kredit,Sesuai Batas BMPK (<10% Modal),Diasuransikan Penuh (All Risk),Sesuai Proposal Usaha,Tidak,1,1,-
LEND-0783,Cabang Surabaya,Kredit Usaha Rakyat (KUR) / Mikro,469.73,7.11,721.66,65.09,Lengkap & Terikat Sempurna,Kol 1 (Lancar),Sesuai Limit Wewenang Komite Kredit,Sesuai Batas BMPK (<10% Modal),Diasuransikan Penuh (All Risk),Sesuai Proposal Usaha,Tidak,1,2,-
LEND-0784,Cabang Jakarta,Kredit Sindikasi Korporasi,27719.3,4.18,44068.84,62.9,Lengkap & Terikat Sempurna,Kol 1 (Lancar),Sesuai Limit Wewenang Komite Kredit,Pelanggaran BMPK Pihak Terafiliasi,Diasuransikan Penuh (All Risk),Sesuai Proposal Usaha,Ya (Anomali),5,5,Pemberian bunga kredit murah ekstrem (4.18%) kepada pihak terafiliasi bank melanggar batas ketentuan BMPK OJK
LEND-0785,Cabang Medan,Kredit Sindikasi Korporasi,47305.42,10.25,73903.17,64.01,Lengkap & Terikat Sempurna,Kol 1 (Lancar),Sesuai Limit Wewenang Komite Kredit,Sesuai Batas BMPK (<10% Modal),Diasuransikan Penuh (All Risk),Sesuai Proposal Usaha,Tidak,2,1,-
LEND-0786,Kantor Pusat,Kredit Modal Kerja (KMK),10541.05,12.68,7985.64,132.0,Lengkap & Terikat Sempurna,Kol 1 (Lancar),Sesuai Limit Wewenang Komite Kredit,Sesuai Batas BMPK (<10% Modal),Diasuransikan Penuh (All Risk),Sesuai Proposal Usaha,Ya (Anomali),5,5,"Rasio Loan to Value (132.0%) melampaui batas wajar (>100%), agunan defisit (Rp 7985.64 Juta) tidak mencukupi plafon kredit"
LEND-0787,Cabang Bali,Kredit Usaha Rakyat (KUR) / Mikro,103.19,6.44,171.67,60.11,Lengkap & Terikat Sempurna,Kol 1 (Lancar),Sesuai Limit Wewenang Komite Kredit,Sesuai Batas BMPK (<10% Modal),Diasuransikan Penuh (All Risk),Sesuai Proposal Usaha,Tidak,1,2,-
LEND-0788,Cabang Jakarta,Kredit Pemilikan Rumah (KPR),19069.44,10.87,25617.2,74.44,Pencairan Sebelum Syarat Efektif Lengkap (Pelanggaran),Kol 1 (Lancar),Sesuai Limit Wewenang Komite Kredit,Sesuai Batas BMPK (<10% Modal),Diasuransikan Penuh (All Risk),Sesuai Proposal Usaha,Ya (Anomali),4,4,Pencairan fasilitas kredit mendahului pemenuhan dokumen syarat efektif dan bukti pengikatan agunan (APHT/Fidusia)
LEND-0789,Cabang Jakarta,Kredit Usaha Rakyat (KUR) / Mikro,423.25,6.56,770.39,54.94,Lengkap & Terikat Sempurna,Kol 2 (Dalam Perhatian Khusus),Sesuai Limit Wewenang Komite Kredit,Sesuai Batas BMPK (<10% Modal),Diasuransikan Penuh (All Risk),Sesuai Proposal Usaha,Tidak,1,1,-
LEND-0790,Kantor Pusat,Kredit Pemilikan Rumah (KPR),3749.53,9.38,5452.28,68.77,Lengkap & Terikat Sempurna,Kol 1 (Lancar),Sesuai Limit Wewenang Komite Kredit,Sesuai Batas BMPK (<10% Modal),Diasuransikan Penuh (All Risk),Sesuai Proposal Usaha,Tidak,1,2,-
LEND-0791,Kantor Pusat,Kredit Pemilikan Rumah (KPR),3003.86,8.62,3775.12,79.57,Lengkap & Terikat Sempurna,Kol 1 (Lancar),Sesuai Limit Wewenang Komite Kredit,Sesuai Batas BMPK (<10% Modal),Diasuransikan Penuh (All Risk),Sesuai Proposal Usaha,Tidak,1,1,-
LEND-0792,Kantor Pusat,Kredit Sindikasi Korporasi,59850.43,8.06,96610.86,61.95,Lengkap & Terikat Sempurna,Kol 1 (Lancar),Sesuai Limit Wewenang Komite Kredit,Sesuai Batas BMPK (<10% Modal),Diasuransikan Penuh (All Risk),Sesuai Proposal Usaha,Tidak,2,2,-
LEND-0793,Kantor Pusat,Kredit Modal Kerja (KMK),19353.24,11.86,25535.35,75.79,Lengkap & Terikat Sempurna,Kol 1 (Lancar),Sesuai Limit Wewenang Komite Kredit,Sesuai Batas BMPK (<10% Modal),Tanpa Asuransi Agunan (Risiko Tinggi),Indikasi Pengalihan Dana / Side-Streaming,Ya (Anomali),4,5,Indikasi penyimpangan penggunaan fasilitas kredit modal kerja (Side-Streaming) dan agunan tidak ditutup asuransi
LEND-0794,Kantor Pusat,Kredit Investasi (KI),42520.88,10.62,57359.88,74.13,Lengkap & Terikat Sempurna,Kol 1 (Lancar),Sesuai Limit Wewenang Komite Kredit,Sesuai Batas BMPK (<10% Modal),Diasuransikan Penuh (All Risk),Sesuai Proposal Usaha,Tidak,1,1,-
LEND-0795,Cabang Jakarta,Kredit Multiguna (KMG),178.16,13.98,259.75,68.59,Lengkap & Terikat Sempurna,Kol 1 (Lancar),Sesuai Limit Wewenang Komite Kredit,Sesuai Batas BMPK (<10% Modal),Diasuransikan Penuh (All Risk),Sesuai Proposal Usaha,Tidak,2,2,-
LEND-0796,Kantor Pusat,Kredit Pemilikan Rumah (KPR),4011.92,9.26,4976.95,80.61,Lengkap & Terikat Sempurna,Kol 1 (Lancar),Sesuai Limit Wewenang Komite Kredit,Sesuai Batas BMPK (<10% Modal),Diasuransikan Penuh (All Risk),Sesuai Proposal Usaha,Tidak,1,2,-
LEND-0797,Kantor Pusat,Kredit Sindikasi Korporasi,68713.32,10.02,108826.92,63.14,Lengkap & Terikat Sempurna,Kol 1 (Lancar),Sesuai Limit Wewenang Komite Kredit,Sesuai Batas BMPK (<10% Modal),Diasuransikan Penuh (All Risk),Sesuai Proposal Usaha,Tidak,1,1,-
LEND-0798,Cabang Medan,Kredit Investasi (KI),8982.44,9.23,15051.01,59.68,Lengkap & Terikat Sempurna,Kol 1 (Lancar),Sesuai Limit Wewenang Komite Kredit,Sesuai Batas BMPK (<10% Modal),Diasuransikan Penuh (All Risk),Sesuai Proposal Usaha,Tidak,2,1,-
LEND-0799,Cabang Bali,Kredit Usaha Rakyat (KUR) / Mikro,354.38,6.16,680.58,52.07,Lengkap & Terikat Sempurna,Kol 1 (Lancar),Sesuai Limit Wewenang Komite Kredit,Sesuai Batas BMPK (<10% Modal),Diasuransikan Penuh (All Risk),Sesuai Proposal Usaha,Tidak,1,1,-
LEND-0800,Cabang Surabaya,Kredit Pemilikan Rumah (KPR),1423.37,8.22,1997.15,71.27,Lengkap & Terikat Sempurna,Kol 2 (Dalam Perhatian Khusus),Sesuai Limit Wewenang Komite Kredit,Sesuai Batas BMPK (<10% Modal),Diasuransikan Penuh (All Risk),Sesuai Proposal Usaha,Tidak,2,1,-
LEND-0801,Kantor Pusat,Kredit Modal Kerja (KMK),1065.35,11.9,1527.82,69.73,Lengkap & Terikat Sempurna,Kol 3-5 (NPL / Macet),Sesuai Limit Wewenang Komite Kredit,Sesuai Batas BMPK (<10% Modal),Diasuransikan Penuh (All Risk),Sesuai Proposal Usaha,Ya (Anomali),5,5,Penyetujuan kredit kepada debitur dengan riwayat kolektibilitas macet (Kol 3-5) pada SLIK OJK tanpa analisis mitigasi risiko
LEND-0802,Cabang Medan,Kredit Modal Kerja (KMK),4303.72,10.69,6356.11,67.71,Lengkap & Terikat Sempurna,Kol 1 (Lancar),Sesuai Limit Wewenang Komite Kredit,Sesuai Batas BMPK (<10% Modal),Diasuransikan Penuh (All Risk),Sesuai Proposal Usaha,Tidak,1,1,-
LEND-0803,Kantor Pusat,Kredit Modal Kerja (KMK),19892.77,12.08,29388.05,67.69,Lengkap & Terikat Sempurna,Kol 1 (Lancar),Sesuai Limit Wewenang Komite Kredit,Sesuai Batas BMPK (<10% Modal),Diasuransikan Penuh (All Risk),Sesuai Proposal Usaha,Tidak,1,1,-
LEND-0804,Cabang Bandung,Kredit Modal Kerja (KMK),11332.57,8.66,16546.31,68.49,Lengkap & Terikat Sempurna,Kol 1 (Lancar),Sesuai Limit Wewenang Komite Kredit,Sesuai Batas BMPK (<10% Modal),Diasuransikan Penuh (All Risk),Sesuai Proposal Usaha,Tidak,1,2,-
LEND-0805,Cabang Bandung,Kredit Multiguna (KMG),1239.94,10.34,1761.03,70.41,Lengkap & Terikat Sempurna,Kol 1 (Lancar),Sesuai Limit Wewenang Komite Kredit,Sesuai Batas BMPK (<10% Modal),Diasuransikan Penuh (All Risk),Sesuai Proposal Usaha,Tidak,1,1,-
LEND-0806,Kantor Pusat,Kredit Modal Kerja (KMK),16634.04,9.99,20797.75,79.98,Lengkap & Terikat Sempurna,Kol 2 (Dalam Perhatian Khusus),Sesuai Limit Wewenang Komite Kredit,Sesuai Batas BMPK (<10% Modal),Diasuransikan Penuh (All Risk),Sesuai Proposal Usaha,Tidak,1,1,-
LEND-0807,Cabang Bandung,Kredit Investasi (KI),37171.59,10.6,56057.29,66.31,Lengkap & Terikat Sempurna,Kol 1 (Lancar),Sesuai Limit Wewenang Komite Kredit,Sesuai Batas BMPK (<10% Modal),Diasuransikan Penuh (All Risk),Sesuai Proposal Usaha,Tidak,1,1,-
LEND-0808,Kantor Pusat,Kredit Multiguna (KMG),1502.73,12.87,2522.63,59.57,Lengkap & Terikat Sempurna,Kol 2 (Dalam Perhatian Khusus),Sesuai Limit Wewenang Komite Kredit,Sesuai Batas BMPK (<10% Modal),Diasuransikan Penuh (All Risk),Sesuai Proposal Usaha,Tidak,1,1,-
LEND-0809,Cabang Bandung,Kredit Multiguna (KMG),1622.98,13.79,2541.86,63.85,Lengkap & Terikat Sempurna,Kol 1 (Lancar),Sesuai Limit Wewenang Komite Kredit,Sesuai Batas BMPK (<10% Modal),Diasuransikan Penuh (All Risk),Sesuai Proposal Usaha,Tidak,1,1,-
LEND-0810,Cabang Surabaya,Kredit Usaha Rakyat (KUR) / Mikro,195.46,6.95,262.4,74.49,Lengkap & Terikat Sempurna,Kol 1 (Lancar),Sesuai Limit Wewenang Komite Kredit,Sesuai Batas BMPK (<10% Modal),Diasuransikan Penuh (All Risk),Sesuai Proposal Usaha,Tidak,1,1,-
LEND-0811,Cabang Medan,Kredit Modal Kerja (KMK),13621.71,11.39,22235.9,61.26,Lengkap & Terikat Sempurna,Kol 1 (Lancar),Sesuai Limit Wewenang Komite Kredit,Sesuai Batas BMPK (<10% Modal),Diasuransikan Penuh (All Risk),Sesuai Proposal Usaha,Tidak,1,1,-
LEND-0812,Cabang Bandung,Kredit Multiguna (KMG),2424.18,10.35,4340.52,55.85,Lengkap & Terikat Sempurna,Kol 1 (Lancar),Sesuai Limit Wewenang Komite Kredit,Sesuai Batas BMPK (<10% Modal),Diasuransikan Penuh (All Risk),Sesuai Proposal Usaha,Tidak,1,2,-
LEND-0813,Kantor Pusat,Kredit Pemilikan Rumah (KPR),4153.82,10.06,6494.4,63.96,Lengkap & Terikat Sempurna,Kol 1 (Lancar),Sesuai Limit Wewenang Komite Kredit,Sesuai Batas BMPK (<10% Modal),Diasuransikan Penuh (All Risk),Sesuai Proposal Usaha,Tidak,1,2,-
LEND-0814,Cabang Surabaya,Kredit Modal Kerja (KMK),1399.19,10.0,2192.4,63.82,Lengkap & Terikat Sempurna,Kol 1 (Lancar),Sesuai Limit Wewenang Komite Kredit,Sesuai Batas BMPK (<10% Modal),Diasuransikan Penuh (All Risk),Sesuai Proposal Usaha,Tidak,1,2,-
LEND-0815,Cabang Surabaya,Kredit Investasi (KI),6026.26,10.43,9970.65,60.44,Lengkap & Terikat Sempurna,Kol 1 (Lancar),Sesuai Limit Wewenang Komite Kredit,Sesuai Batas BMPK (<10% Modal),Diasuransikan Penuh (All Risk),Sesuai Proposal Usaha,Tidak,1,1,-
LEND-0816,Kantor Pusat,Kredit Investasi (KI),5866.24,10.98,7973.68,73.57,Lengkap & Terikat Sempurna,Kol 1 (Lancar),Sesuai Limit Wewenang Komite Kredit,Sesuai Batas BMPK (<10% Modal),Diasuransikan Penuh (All Risk),Sesuai Proposal Usaha,Tidak,1,2,-
LEND-0817,Cabang Jakarta,Kredit Investasi (KI),18984.9,11.54,28813.02,65.89,Lengkap & Terikat Sempurna,Kol 1 (Lancar),Sesuai Limit Wewenang Komite Kredit,Sesuai Batas BMPK (<10% Modal),Diasuransikan Penuh (All Risk),Sesuai Proposal Usaha,Tidak,1,1,-
LEND-0818,Cabang Jakarta,Kredit Modal Kerja (KMK),17887.16,9.8,24492.89,73.03,Lengkap & Terikat Sempurna,Kol 1 (Lancar),Sesuai Limit Wewenang Komite Kredit,Sesuai Batas BMPK (<10% Modal),Diasuransikan Penuh (All Risk),Sesuai Proposal Usaha,Tidak,1,2,-
LEND-0819,Cabang Medan,Kredit Modal Kerja (KMK),9786.05,9.39,13336.13,73.38,Pencairan Sebelum Syarat Efektif Lengkap (Pelanggaran),Kol 1 (Lancar),Sesuai Limit Wewenang Komite Kredit,Sesuai Batas BMPK (<10% Modal),Diasuransikan Penuh (All Risk),Sesuai Proposal Usaha,Ya (Anomali),4,5,Pencairan fasilitas kredit mendahului pemenuhan dokumen syarat efektif dan bukti pengikatan agunan (APHT/Fidusia)
LEND-0820,Cabang Bandung,Kredit Modal Kerja (KMK),25574.16,12.35,40122.62,63.74,Lengkap & Terikat Sempurna,Kol 1 (Lancar),Sesuai Limit Wewenang Komite Kredit,Sesuai Batas BMPK (<10% Modal),Diasuransikan Penuh (All Risk),Sesuai Proposal Usaha,Tidak,1,1,-
LEND-0821,Cabang Medan,Kredit Usaha Rakyat (KUR) / Mikro,77.66,6.9,121.71,63.81,Lengkap & Terikat Sempurna,Kol 1 (Lancar),Sesuai Limit Wewenang Komite Kredit,Sesuai Batas BMPK (<10% Modal),Diasuransikan Penuh (All Risk),Sesuai Proposal Usaha,Tidak,2,1,-
LEND-0822,Cabang Medan,Kredit Modal Kerja (KMK),1434.05,11.28,1802.48,79.56,Lengkap & Terikat Sempurna,Kol 1 (Lancar),Sesuai Limit Wewenang Komite Kredit,Sesuai Batas BMPK (<10% Modal),Diasuransikan Penuh (All Risk),Sesuai Proposal Usaha,Tidak,1,1,-
LEND-0823,Cabang Surabaya,Kredit Modal Kerja (KMK),12536.11,11.92,18440.88,67.98,Lengkap & Terikat Sempurna,Kol 1 (Lancar),Sesuai Limit Wewenang Komite Kredit,Sesuai Batas BMPK (<10% Modal),Diasuransikan Penuh (All Risk),Sesuai Proposal Usaha,Tidak,1,2,-
LEND-0824,Cabang Bali,Kredit Investasi (KI),39006.05,10.97,60390.23,64.59,Lengkap & Terikat Sempurna,Kol 1 (Lancar),Sesuai Limit Wewenang Komite Kredit,Sesuai Batas BMPK (<10% Modal),Diasuransikan Penuh (All Risk),Sesuai Proposal Usaha,Tidak,1,1,-
LEND-0825,Cabang Surabaya,Kredit Modal Kerja (KMK),27404.69,12.23,40503.53,67.66,Lengkap & Terikat Sempurna,Kol 1 (Lancar),Sesuai Limit Wewenang Komite Kredit,Sesuai Batas BMPK (<10% Modal),Diasuransikan Penuh (All Risk),Sesuai Proposal Usaha,Tidak,2,1,-
LEND-0826,Cabang Jakarta,Kredit Pemilikan Rumah (KPR),2279.79,8.82,3324.76,68.57,Lengkap & Terikat Sempurna,Kol 1 (Lancar),Sesuai Limit Wewenang Komite Kredit,Sesuai Batas BMPK (<10% Modal),Diasuransikan Penuh (All Risk),Sesuai Proposal Usaha,Tidak,1,1,-
LEND-0827,Cabang Surabaya,Kredit Investasi (KI),24617.69,10.43,34025.83,72.35,Lengkap & Terikat Sempurna,Kol 1 (Lancar),Sesuai Limit Wewenang Komite Kredit,Sesuai Batas BMPK (<10% Modal),Diasuransikan Penuh (All Risk),Sesuai Proposal Usaha,Tidak,2,1,-
LEND-0828,Cabang Jakarta,Kredit Pemilikan Rumah (KPR),4115.08,9.63,4919.99,83.64,Lengkap & Terikat Sempurna,Kol 1 (Lancar),Sesuai Limit Wewenang Komite Kredit,Sesuai Batas BMPK (<10% Modal),Diasuransikan Penuh (All Risk),Sesuai Proposal Usaha,Tidak,1,1,-
LEND-0829,Cabang Medan,Kredit Pemilikan Rumah (KPR),2823.01,8.37,3852.36,73.28,Lengkap & Terikat Sempurna,Kol 1 (Lancar),Sesuai Limit Wewenang Komite Kredit,Sesuai Batas BMPK (<10% Modal),Diasuransikan Penuh (All Risk),Sesuai Proposal Usaha,Tidak,1,1,-
LEND-0830,Cabang Bandung,Kredit Investasi (KI),9394.64,11.76,14574.37,64.46,Lengkap & Terikat Sempurna,Kol 1 (Lancar),Sesuai Limit Wewenang Komite Kredit,Sesuai Batas BMPK (<10% Modal),Diasuransikan Penuh (All Risk),Sesuai Proposal Usaha,Tidak,1,1,-
LEND-0831,Kantor Pusat,Kredit Investasi (KI),39096.89,9.74,64009.32,61.08,Lengkap & Terikat Sempurna,Kol 2 (Dalam Perhatian Khusus),Sesuai Limit Wewenang Komite Kredit,Sesuai Batas BMPK (<10% Modal),Diasuransikan Penuh (All Risk),Sesuai Proposal Usaha,Tidak,1,2,-
LEND-0832,Kantor Pusat,Kredit Pemilikan Rumah (KPR),4039.53,7.8,6010.31,67.21,Lengkap & Terikat Sempurna,Kol 2 (Dalam Perhatian Khusus),Sesuai Limit Wewenang Komite Kredit,Sesuai Batas BMPK (<10% Modal),Diasuransikan Penuh (All Risk),Sesuai Proposal Usaha,Tidak,1,1,-
LEND-0833,Cabang Bandung,Kredit Modal Kerja (KMK),11422.94,10.39,18701.6,61.08,Lengkap & Terikat Sempurna,Kol 1 (Lancar),Sesuai Limit Wewenang Komite Kredit,Sesuai Batas BMPK (<10% Modal),Diasuransikan Penuh (All Risk),Sesuai Proposal Usaha,Tidak,2,1,-
LEND-0834,Cabang Jakarta,Kredit Modal Kerja (KMK),25617.57,9.49,34293.94,74.7,Lengkap & Terikat Sempurna,Kol 1 (Lancar),Sesuai Limit Wewenang Komite Kredit,Sesuai Batas BMPK (<10% Modal),Diasuransikan Penuh (All Risk),Sesuai Proposal Usaha,Tidak,1,2,-
LEND-0835,Cabang Surabaya,Kredit Pemilikan Rumah (KPR),1142.44,10.2,1488.52,76.75,Lengkap & Terikat Sempurna,Kol 1 (Lancar),Sesuai Limit Wewenang Komite Kredit,Sesuai Batas BMPK (<10% Modal),Diasuransikan Penuh (All Risk),Sesuai Proposal Usaha,Tidak,2,1,-
LEND-0836,Cabang Bali,Kredit Pemilikan Rumah (KPR),4031.93,10.12,4861.26,82.94,Lengkap & Terikat Sempurna,Kol 1 (Lancar),Sesuai Limit Wewenang Komite Kredit,Sesuai Batas BMPK (<10% Modal),Diasuransikan Penuh (All Risk),Sesuai Proposal Usaha,Tidak,2,1,-
LEND-0837,Cabang Medan,Kredit Multiguna (KMG),1708.8,12.95,2585.57,66.09,Lengkap & Terikat Sempurna,Kol 1 (Lancar),Sesuai Limit Wewenang Komite Kredit,Sesuai Batas BMPK (<10% Modal),Diasuransikan Penuh (All Risk),Sesuai Proposal Usaha,Tidak,1,1,-
LEND-0838,Cabang Bandung,Kredit Sindikasi Korporasi,61924.01,8.45,96006.22,64.5,Lengkap & Terikat Sempurna,Kol 1 (Lancar),Sesuai Limit Wewenang Komite Kredit,Sesuai Batas BMPK (<10% Modal),Diasuransikan Penuh (All Risk),Sesuai Proposal Usaha,Tidak,1,1,-
LEND-0839,Cabang Jakarta,Kredit Usaha Rakyat (KUR) / Mikro,365.76,6.81,645.19,56.69,Lengkap & Terikat Sempurna,Kol 1 (Lancar),Sesuai Limit Wewenang Komite Kredit,Sesuai Batas BMPK (<10% Modal),Diasuransikan Penuh (All Risk),Sesuai Proposal Usaha,Tidak,1,2,-
LEND-0840,Cabang Jakarta,Kredit Sindikasi Korporasi,44303.97,8.98,64489.04,68.7,Lengkap & Terikat Sempurna,Kol 1 (Lancar),Sesuai Limit Wewenang Komite Kredit,Sesuai Batas BMPK (<10% Modal),Diasuransikan Penuh (All Risk),Sesuai Proposal Usaha,Tidak,1,2,-
LEND-0841,Cabang Bali,Kredit Modal Kerja (KMK),71699.56,10.91,97870.0,73.26,Lengkap & Terikat Sempurna,Kol 1 (Lancar),Melampaui Limit Wewenang Cabang (BKMK Breach),Sesuai Batas BMPK (<10% Modal),Diasuransikan Penuh (All Risk),Sesuai Proposal Usaha,Ya (Anomali),5,5,Pencairan kredit bernilai Rp 71699.56 Juta melampaui batas kewenangan memutus kredit (BKMK) komite cabang tanpa persetujuan Kantor Pusat
LEND-0842,Kantor Pusat,Kredit Investasi (KI),38071.06,11.25,67585.76,56.33,Lengkap & Terikat Sempurna,Kol 1 (Lancar),Sesuai Limit Wewenang Komite Kredit,Sesuai Batas BMPK (<10% Modal),Diasuransikan Penuh (All Risk),Sesuai Proposal Usaha,Tidak,1,1,-
LEND-0843,Cabang Jakarta,Kredit Multiguna (KMG),1757.34,13.3,2594.24,67.74,Lengkap & Terikat Sempurna,Kol 1 (Lancar),Sesuai Limit Wewenang Komite Kredit,Sesuai Batas BMPK (<10% Modal),Diasuransikan Penuh (All Risk),Sesuai Proposal Usaha,Tidak,1,2,-
LEND-0844,Cabang Jakarta,Kredit Modal Kerja (KMK),9464.41,12.06,15724.22,60.19,Lengkap & Terikat Sempurna,Kol 1 (Lancar),Sesuai Limit Wewenang Komite Kredit,Sesuai Batas BMPK (<10% Modal),Diasuransikan Penuh (All Risk),Sesuai Proposal Usaha,Tidak,1,1,-
LEND-0845,Cabang Bandung,Kredit Pemilikan Rumah (KPR),1266.96,7.68,1504.88,84.19,Lengkap & Terikat Sempurna,Kol 2 (Dalam Perhatian Khusus),Sesuai Limit Wewenang Komite Kredit,Sesuai Batas BMPK (<10% Modal),Diasuransikan Penuh (All Risk),Sesuai Proposal Usaha,Tidak,1,2,-
LEND-0846,Cabang Bali,Kredit Investasi (KI),17540.12,9.83,30356.73,57.78,Lengkap & Terikat Sempurna,Kol 1 (Lancar),Sesuai Limit Wewenang Komite Kredit,Sesuai Batas BMPK (<10% Modal),Diasuransikan Penuh (All Risk),Sesuai Proposal Usaha,Tidak,2,1,-
LEND-0847,Cabang Surabaya,Kredit Investasi (KI),16557.02,4.76,28360.77,58.38,Lengkap & Terikat Sempurna,Kol 1 (Lancar),Sesuai Limit Wewenang Komite Kredit,Pelanggaran BMPK Pihak Terafiliasi,Diasuransikan Penuh (All Risk),Sesuai Proposal Usaha,Ya (Anomali),5,5,Pemberian bunga kredit murah ekstrem (4.76%) kepada pihak terafiliasi bank melanggar batas ketentuan BMPK OJK
LEND-0848,Kantor Pusat,Kredit Investasi (KI),30579.12,10.89,45504.64,67.2,Lengkap & Terikat Sempurna,Kol 1 (Lancar),Sesuai Limit Wewenang Komite Kredit,Sesuai Batas BMPK (<10% Modal),Diasuransikan Penuh (All Risk),Sesuai Proposal Usaha,Tidak,1,1,-
LEND-0849,Cabang Jakarta,Kredit Modal Kerja (KMK),22231.36,9.21,27872.82,79.76,Lengkap & Terikat Sempurna,Kol 2 (Dalam Perhatian Khusus),Sesuai Limit Wewenang Komite Kredit,Sesuai Batas BMPK (<10% Modal),Diasuransikan Penuh (All Risk),Sesuai Proposal Usaha,Tidak,1,1,-
LEND-0850,Cabang Bali,Kredit Investasi (KI),31928.86,9.7,51748.56,61.7,Lengkap & Terikat Sempurna,Kol 1 (Lancar),Sesuai Limit Wewenang Komite Kredit,Sesuai Batas BMPK (<10% Modal),Diasuransikan Penuh (All Risk),Sesuai Proposal Usaha,Tidak,2,1,-
LEND-0851,Cabang Bandung,Kredit Modal Kerja (KMK),17210.05,11.21,28347.97,60.71,Lengkap & Terikat Sempurna,Kol 1 (Lancar),Sesuai Limit Wewenang Komite Kredit,Sesuai Batas BMPK (<10% Modal),Diasuransikan Penuh (All Risk),Sesuai Proposal Usaha,Tidak,1,1,-
LEND-0852,Cabang Surabaya,Kredit Sindikasi Korporasi,33402.94,4.96,51373.33,65.02,Lengkap & Terikat Sempurna,Kol 1 (Lancar),Sesuai Limit Wewenang Komite Kredit,Pelanggaran BMPK Pihak Terafiliasi,Diasuransikan Penuh (All Risk),Sesuai Proposal Usaha,Ya (Anomali),5,5,Pemberian bunga kredit murah ekstrem (4.96%) kepada pihak terafiliasi bank melanggar batas ketentuan BMPK OJK
LEND-0853,Cabang Bandung,Kredit Investasi (KI),29536.9,10.17,53047.59,55.68,Lengkap & Terikat Sempurna,Kol 1 (Lancar),Sesuai Limit Wewenang Komite Kredit,Sesuai Batas BMPK (<10% Modal),Diasuransikan Penuh (All Risk),Sesuai Proposal Usaha,Tidak,2,1,-
LEND-0854,Kantor Pusat,Kredit Modal Kerja (KMK),29492.77,8.79,38222.87,77.16,Lengkap & Terikat Sempurna,Kol 1 (Lancar),Sesuai Limit Wewenang Komite Kredit,Sesuai Batas BMPK (<10% Modal),Diasuransikan Penuh (All Risk),Sesuai Proposal Usaha,Tidak,2,1,-
LEND-0855,Cabang Surabaya,Kredit Investasi (KI),28803.93,9.04,51243.43,56.21,Lengkap & Terikat Sempurna,Kol 1 (Lancar),Sesuai Limit Wewenang Komite Kredit,Sesuai Batas BMPK (<10% Modal),Diasuransikan Penuh (All Risk),Sesuai Proposal Usaha,Tidak,1,1,-
LEND-0856,Cabang Bandung,Kredit Modal Kerja (KMK),58686.59,8.54,83754.23,70.07,Lengkap & Terikat Sempurna,Kol 1 (Lancar),Melampaui Limit Wewenang Cabang (BKMK Breach),Sesuai Batas BMPK (<10% Modal),Diasuransikan Penuh (All Risk),Sesuai Proposal Usaha,Ya (Anomali),5,4,Pencairan kredit bernilai Rp 58686.59 Juta melampaui batas kewenangan memutus kredit (BKMK) komite cabang tanpa persetujuan Kantor Pusat
LEND-0857,Cabang Medan,Kredit Usaha Rakyat (KUR) / Mikro,487.74,7.11,876.6,55.64,Lengkap & Terikat Sempurna,Kol 1 (Lancar),Sesuai Limit Wewenang Komite Kredit,Sesuai Batas BMPK (<10% Modal),Diasuransikan Penuh (All Risk),Sesuai Proposal Usaha,Tidak,1,1,-
LEND-0858,Cabang Jakarta,Kredit Investasi (KI),3079.77,11.25,5452.85,56.48,Lengkap & Terikat Sempurna,Kol 1 (Lancar),Sesuai Limit Wewenang Komite Kredit,Sesuai Batas BMPK (<10% Modal),Diasuransikan Penuh (All Risk),Sesuai Proposal Usaha,Tidak,1,1,-
LEND-0859,Cabang Bandung,Kredit Multiguna (KMG),1146.37,11.47,1585.57,72.3,Lengkap & Terikat Sempurna,Kol 1 (Lancar),Sesuai Limit Wewenang Komite Kredit,Sesuai Batas BMPK (<10% Modal),Diasuransikan Penuh (All Risk),Sesuai Proposal Usaha,Tidak,1,1,-
LEND-0860,Cabang Jakarta,Kredit Usaha Rakyat (KUR) / Mikro,305.36,6.3,568.11,53.75,Lengkap & Terikat Sempurna,Kol 1 (Lancar),Sesuai Limit Wewenang Komite Kredit,Sesuai Batas BMPK (<10% Modal),Diasuransikan Penuh (All Risk),Sesuai Proposal Usaha,Tidak,2,1,-
LEND-0861,Cabang Bali,Kredit Modal Kerja (KMK),6451.39,10.72,8609.89,74.93,Lengkap & Terikat Sempurna,Kol 1 (Lancar),Sesuai Limit Wewenang Komite Kredit,Sesuai Batas BMPK (<10% Modal),Diasuransikan Penuh (All Risk),Sesuai Proposal Usaha,Tidak,1,1,-
LEND-0862,Kantor Pusat,Kredit Pemilikan Rumah (KPR),922.59,8.61,1344.49,68.62,Lengkap & Terikat Sempurna,Kol 1 (Lancar),Sesuai Limit Wewenang Komite Kredit,Sesuai Batas BMPK (<10% Modal),Diasuransikan Penuh (All Risk),Sesuai Proposal Usaha,Tidak,1,1,-
LEND-0863,Cabang Jakarta,Kredit Pemilikan Rumah (KPR),998.38,9.49,1193.24,83.67,Lengkap & Terikat Sempurna,Kol 1 (Lancar),Sesuai Limit Wewenang Komite Kredit,Sesuai Batas BMPK (<10% Modal),Diasuransikan Penuh (All Risk),Sesuai Proposal Usaha,Tidak,1,2,-
LEND-0864,Cabang Surabaya,Kredit Multiguna (KMG),2277.46,10.02,3615.59,62.99,Lengkap & Terikat Sempurna,Kol 1 (Lancar),Sesuai Limit Wewenang Komite Kredit,Sesuai Batas BMPK (<10% Modal),Diasuransikan Penuh (All Risk),Sesuai Proposal Usaha,Tidak,2,1,-
LEND-0865,Cabang Jakarta,Kredit Multiguna (KMG),1480.55,13.52,2133.66,69.39,Lengkap & Terikat Sempurna,Kol 1 (Lancar),Sesuai Limit Wewenang Komite Kredit,Sesuai Batas BMPK (<10% Modal),Diasuransikan Penuh (All Risk),Sesuai Proposal Usaha,Tidak,1,1,-
LEND-0866,Cabang Jakarta,Kredit Modal Kerja (KMK),544.38,11.39,853.39,63.79,Lengkap & Terikat Sempurna,Kol 1 (Lancar),Sesuai Limit Wewenang Komite Kredit,Sesuai Batas BMPK (<10% Modal),Diasuransikan Penuh (All Risk),Sesuai Proposal Usaha,Tidak,1,2,-
LEND-0867,Cabang Bali,Kredit Modal Kerja (KMK),4845.69,9.02,6143.12,78.88,Lengkap & Terikat Sempurna,Kol 1 (Lancar),Sesuai Limit Wewenang Komite Kredit,Sesuai Batas BMPK (<10% Modal),Diasuransikan Penuh (All Risk),Sesuai Proposal Usaha,Tidak,1,2,-
LEND-0868,Cabang Bandung,Kredit Modal Kerja (KMK),16844.39,9.95,24257.47,69.44,Lengkap & Terikat Sempurna,Kol 1 (Lancar),Sesuai Limit Wewenang Komite Kredit,Sesuai Batas BMPK (<10% Modal),Diasuransikan Penuh (All Risk),Sesuai Proposal Usaha,Tidak,1,1,-
LEND-0869,Cabang Bandung,Kredit Investasi (KI),35057.37,10.4,52876.88,66.3,Lengkap & Terikat Sempurna,Kol 1 (Lancar),Sesuai Limit Wewenang Komite Kredit,Sesuai Batas BMPK (<10% Modal),Diasuransikan Penuh (All Risk),Sesuai Proposal Usaha,Tidak,1,1,-
LEND-0870,Cabang Bandung,Kredit Pemilikan Rumah (KPR),3279.73,8.98,4201.55,78.06,Lengkap & Terikat Sempurna,Kol 1 (Lancar),Sesuai Limit Wewenang Komite Kredit,Sesuai Batas BMPK (<10% Modal),Diasuransikan Penuh (All Risk),Sesuai Proposal Usaha,Tidak,1,2,-
LEND-0871,Cabang Jakarta,Kredit Sindikasi Korporasi,61040.15,10.15,116090.05,52.58,Lengkap & Terikat Sempurna,Kol 1 (Lancar),Sesuai Limit Wewenang Komite Kredit,Sesuai Batas BMPK (<10% Modal),Diasuransikan Penuh (All Risk),Sesuai Proposal Usaha,Tidak,2,1,-
LEND-0872,Cabang Bali,Kredit Usaha Rakyat (KUR) / Mikro,228.59,6.22,368.87,61.97,Lengkap & Terikat Sempurna,Kol 1 (Lancar),Sesuai Limit Wewenang Komite Kredit,Sesuai Batas BMPK (<10% Modal),Diasuransikan Penuh (All Risk),Sesuai Proposal Usaha,Tidak,1,2,-
LEND-0873,Cabang Surabaya,Kredit Multiguna (KMG),13565.52,12.37,18094.6,74.97,Lengkap & Terikat Sempurna,Kol 3-5 (NPL / Macet),Sesuai Limit Wewenang Komite Kredit,Sesuai Batas BMPK (<10% Modal),Diasuransikan Penuh (All Risk),Sesuai Proposal Usaha,Ya (Anomali),5,5,Penyetujuan kredit kepada debitur dengan riwayat kolektibilitas macet (Kol 3-5) pada SLIK OJK tanpa analisis mitigasi risiko
LEND-0874,Cabang Bandung,Kredit Pemilikan Rumah (KPR),746.88,8.61,1175.82,63.52,Lengkap & Terikat Sempurna,Kol 1 (Lancar),Sesuai Limit Wewenang Komite Kredit,Sesuai Batas BMPK (<10% Modal),Diasuransikan Penuh (All Risk),Sesuai Proposal Usaha,Tidak,1,2,-
LEND-0875,Kantor Pusat,Kredit Modal Kerja (KMK),13856.36,12.13,21032.73,65.88,Lengkap & Terikat Sempurna,Kol 1 (Lancar),Sesuai Limit Wewenang Komite Kredit,Sesuai Batas BMPK (<10% Modal),Diasuransikan Penuh (All Risk),Sesuai Proposal Usaha,Tidak,2,2,-
LEND-0876,Cabang Surabaya,Kredit Pemilikan Rumah (KPR),4047.54,7.83,5351.06,75.64,Lengkap & Terikat Sempurna,Kol 1 (Lancar),Sesuai Limit Wewenang Komite Kredit,Sesuai Batas BMPK (<10% Modal),Diasuransikan Penuh (All Risk),Sesuai Proposal Usaha,Tidak,1,2,-
LEND-0877,Cabang Surabaya,Kredit Multiguna (KMG),184.65,10.01,306.73,60.2,Lengkap & Terikat Sempurna,Kol 1 (Lancar),Sesuai Limit Wewenang Komite Kredit,Sesuai Batas BMPK (<10% Modal),Diasuransikan Penuh (All Risk),Sesuai Proposal Usaha,Tidak,1,1,-
LEND-0878,Cabang Surabaya,Kredit Multiguna (KMG),1711.63,12.13,2583.59,66.25,Lengkap & Terikat Sempurna,Kol 1 (Lancar),Sesuai Limit Wewenang Komite Kredit,Sesuai Batas BMPK (<10% Modal),Diasuransikan Penuh (All Risk),Sesuai Proposal Usaha,Tidak,1,1,-
LEND-0879,Cabang Bandung,Kredit Modal Kerja (KMK),13556.7,10.49,18022.73,75.22,Lengkap & Terikat Sempurna,Kol 1 (Lancar),Sesuai Limit Wewenang Komite Kredit,Sesuai Batas BMPK (<10% Modal),Diasuransikan Penuh (All Risk),Sesuai Proposal Usaha,Tidak,2,1,-
LEND-0880,Cabang Bali,Kredit Pemilikan Rumah (KPR),4277.94,11.68,5838.6,73.27,Pencairan Sebelum Syarat Efektif Lengkap (Pelanggaran),Kol 1 (Lancar),Sesuai Limit Wewenang Komite Kredit,Sesuai Batas BMPK (<10% Modal),Diasuransikan Penuh (All Risk),Sesuai Proposal Usaha,Ya (Anomali),4,4,Pencairan fasilitas kredit mendahului pemenuhan dokumen syarat efektif dan bukti pengikatan agunan (APHT/Fidusia)
LEND-0881,Cabang Bali,Kredit Multiguna (KMG),10175.42,10.64,14015.73,72.6,Lengkap & Terikat Sempurna,Kol 3-5 (NPL / Macet),Sesuai Limit Wewenang Komite Kredit,Sesuai Batas BMPK (<10% Modal),Diasuransikan Penuh (All Risk),Sesuai Proposal Usaha,Ya (Anomali),5,5,Penyetujuan kredit kepada debitur dengan riwayat kolektibilitas macet (Kol 3-5) pada SLIK OJK tanpa analisis mitigasi risiko
LEND-0882,Cabang Bandung,Kredit Modal Kerja (KMK),28296.65,11.45,43687.9,64.77,Lengkap & Terikat Sempurna,Kol 1 (Lancar),Sesuai Limit Wewenang Komite Kredit,Sesuai Batas BMPK (<10% Modal),Diasuransikan Penuh (All Risk),Sesuai Proposal Usaha,Tidak,2,1,-
LEND-0883,Cabang Jakarta,Kredit Sindikasi Korporasi,32545.73,8.44,58567.09,55.57,Lengkap & Terikat Sempurna,Kol 1 (Lancar),Sesuai Limit Wewenang Komite Kredit,Sesuai Batas BMPK (<10% Modal),Diasuransikan Penuh (All Risk),Sesuai Proposal Usaha,Tidak,1,1,-
LEND-0884,Kantor Pusat,Kredit Modal Kerja (KMK),7896.6,8.72,11288.92,69.95,Lengkap & Terikat Sempurna,Kol 1 (Lancar),Sesuai Limit Wewenang Komite Kredit,Sesuai Batas BMPK (<10% Modal),Diasuransikan Penuh (All Risk),Sesuai Proposal Usaha,Tidak,2,2,-
LEND-0885,Cabang Bandung,Kredit Modal Kerja (KMK),19048.57,10.31,28270.36,67.38,Lengkap & Terikat Sempurna,Kol 1 (Lancar),Sesuai Limit Wewenang Komite Kredit,Sesuai Batas BMPK (<10% Modal),Diasuransikan Penuh (All Risk),Sesuai Proposal Usaha,Tidak,1,1,-
LEND-0886,Cabang Surabaya,Kredit Modal Kerja (KMK),19484.84,10.71,13112.27,148.6,Lengkap & Terikat Sempurna,Kol 1 (Lancar),Sesuai Limit Wewenang Komite Kredit,Sesuai Batas BMPK (<10% Modal),Diasuransikan Penuh (All Risk),Sesuai Proposal Usaha,Ya (Anomali),5,5,"Rasio Loan to Value (148.6%) melampaui batas wajar (>100%), agunan defisit (Rp 13112.27 Juta) tidak mencukupi plafon kredit"
LEND-0887,Cabang Medan,Kredit Modal Kerja (KMK),20952.62,9.23,14436.14,145.14,Lengkap & Terikat Sempurna,Kol 1 (Lancar),Sesuai Limit Wewenang Komite Kredit,Sesuai Batas BMPK (<10% Modal),Diasuransikan Penuh (All Risk),Sesuai Proposal Usaha,Ya (Anomali),5,5,"Rasio Loan to Value (145.14%) melampaui batas wajar (>100%), agunan defisit (Rp 14436.14 Juta) tidak mencukupi plafon kredit"
LEND-0888,Cabang Bali,Kredit Multiguna (KMG),745.42,12.56,1053.3,70.77,Lengkap & Terikat Sempurna,Kol 1 (Lancar),Sesuai Limit Wewenang Komite Kredit,Sesuai Batas BMPK (<10% Modal),Diasuransikan Penuh (All Risk),Sesuai Proposal Usaha,Tidak,2,1,-
LEND-0889,Cabang Medan,Kredit Pemilikan Rumah (KPR),1983.06,9.99,2598.69,76.31,Lengkap & Terikat Sempurna,Kol 1 (Lancar),Sesuai Limit Wewenang Komite Kredit,Sesuai Batas BMPK (<10% Modal),Diasuransikan Penuh (All Risk),Sesuai Proposal Usaha,Tidak,1,1,-
LEND-0890,Kantor Pusat,Kredit Investasi (KI),39232.97,9.26,66859.19,58.68,Lengkap & Terikat Sempurna,Kol 1 (Lancar),Sesuai Limit Wewenang Komite Kredit,Sesuai Batas BMPK (<10% Modal),Diasuransikan Penuh (All Risk),Sesuai Proposal Usaha,Tidak,2,1,-
LEND-0891,Kantor Pusat,Kredit Modal Kerja (KMK),29986.89,10.48,39498.01,75.92,Lengkap & Terikat Sempurna,Kol 1 (Lancar),Sesuai Limit Wewenang Komite Kredit,Sesuai Batas BMPK (<10% Modal),Diasuransikan Penuh (All Risk),Sesuai Proposal Usaha,Tidak,1,1,-
LEND-0892,Kantor Pusat,Kredit Multiguna (KMG),1929.44,11.49,3432.56,56.21,Lengkap & Terikat Sempurna,Kol 1 (Lancar),Sesuai Limit Wewenang Komite Kredit,Sesuai Batas BMPK (<10% Modal),Diasuransikan Penuh (All Risk),Sesuai Proposal Usaha,Tidak,1,2,-
LEND-0893,Cabang Jakarta,Kredit Multiguna (KMG),843.82,13.8,1202.02,70.2,Lengkap & Terikat Sempurna,Kol 1 (Lancar),Sesuai Limit Wewenang Komite Kredit,Sesuai Batas BMPK (<10% Modal),Diasuransikan Penuh (All Risk),Sesuai Proposal Usaha,Tidak,1,2,-
LEND-0894,Cabang Jakarta,Kredit Pemilikan Rumah (KPR),4491.04,8.99,5319.88,84.42,Lengkap & Terikat Sempurna,Kol 2 (Dalam Perhatian Khusus),Sesuai Limit Wewenang Komite Kredit,Sesuai Batas BMPK (<10% Modal),Diasuransikan Penuh (All Risk),Sesuai Proposal Usaha,Tidak,1,1,-
LEND-0895,Cabang Jakarta,Kredit Usaha Rakyat (KUR) / Mikro,126.56,6.97,235.68,53.7,Lengkap & Terikat Sempurna,Kol 1 (Lancar),Sesuai Limit Wewenang Komite Kredit,Sesuai Batas BMPK (<10% Modal),Diasuransikan Penuh (All Risk),Sesuai Proposal Usaha,Tidak,1,1,-
LEND-0896,Cabang Medan,Kredit Sindikasi Korporasi,49839.17,3.52,72694.24,68.56,Lengkap & Terikat Sempurna,Kol 1 (Lancar),Sesuai Limit Wewenang Komite Kredit,Pelanggaran BMPK Pihak Terafiliasi,Diasuransikan Penuh (All Risk),Sesuai Proposal Usaha,Ya (Anomali),5,5,Pemberian bunga kredit murah ekstrem (3.52%) kepada pihak terafiliasi bank melanggar batas ketentuan BMPK OJK
LEND-0897,Cabang Bandung,Kredit Modal Kerja (KMK),18531.61,12.1,29128.59,63.62,Lengkap & Terikat Sempurna,Kol 1 (Lancar),Sesuai Limit Wewenang Komite Kredit,Sesuai Batas BMPK (<10% Modal),Diasuransikan Penuh (All Risk),Sesuai Proposal Usaha,Tidak,2,2,-
LEND-0898,Cabang Surabaya,Kredit Sindikasi Korporasi,47128.24,9.38,72404.73,65.09,Lengkap & Terikat Sempurna,Kol 1 (Lancar),Sesuai Limit Wewenang Komite Kredit,Sesuai Batas BMPK (<10% Modal),Diasuransikan Penuh (All Risk),Sesuai Proposal Usaha,Tidak,2,2,-
LEND-0899,Cabang Surabaya,Kredit Modal Kerja (KMK),7920.25,9.53,10014.22,79.09,Lengkap & Terikat Sempurna,Kol 1 (Lancar),Sesuai Limit Wewenang Komite Kredit,Sesuai Batas BMPK (<10% Modal),Diasuransikan Penuh (All Risk),Sesuai Proposal Usaha,Tidak,1,1,-
LEND-0900,Cabang Bandung,Kredit Multiguna (KMG),1017.96,12.81,1397.91,72.82,Lengkap & Terikat Sempurna,Kol 1 (Lancar),Sesuai Limit Wewenang Komite Kredit,Sesuai Batas BMPK (<10% Modal),Diasuransikan Penuh (All Risk),Sesuai Proposal Usaha,Tidak,2,1,-
LEND-0901,Cabang Bali,Kredit Modal Kerja (KMK),23345.19,9.19,36471.16,64.01,Lengkap & Terikat Sempurna,Kol 1 (Lancar),Sesuai Limit Wewenang Komite Kredit,Sesuai Batas BMPK (<10% Modal),Diasuransikan Penuh (All Risk),Sesuai Proposal Usaha,Tidak,2,1,-
LEND-0902,Cabang Bali,Kredit Modal Kerja (KMK),23325.57,10.41,30008.45,77.73,Lengkap & Terikat Sempurna,Kol 1 (Lancar),Sesuai Limit Wewenang Komite Kredit,Sesuai Batas BMPK (<10% Modal),Tanpa Asuransi Agunan (Risiko Tinggi),Indikasi Pengalihan Dana / Side-Streaming,Ya (Anomali),4,5,Indikasi penyimpangan penggunaan fasilitas kredit modal kerja (Side-Streaming) dan agunan tidak ditutup asuransi
LEND-0903,Cabang Bandung,Kredit Modal Kerja (KMK),26521.0,10.18,43959.89,60.33,Lengkap & Terikat Sempurna,Kol 1 (Lancar),Sesuai Limit Wewenang Komite Kredit,Sesuai Batas BMPK (<10% Modal),Diasuransikan Penuh (All Risk),Sesuai Proposal Usaha,Tidak,1,1,-
LEND-0904,Cabang Surabaya,Kredit Modal Kerja (KMK),5305.6,9.46,6958.16,76.25,Lengkap & Terikat Sempurna,Kol 1 (Lancar),Sesuai Limit Wewenang Komite Kredit,Sesuai Batas BMPK (<10% Modal),Diasuransikan Penuh (All Risk),Sesuai Proposal Usaha,Tidak,1,1,-
LEND-0905,Cabang Surabaya,Kredit Investasi (KI),33848.97,10.81,50786.15,66.65,Lengkap & Terikat Sempurna,Kol 1 (Lancar),Sesuai Limit Wewenang Komite Kredit,Sesuai Batas BMPK (<10% Modal),Diasuransikan Penuh (All Risk),Sesuai Proposal Usaha,Tidak,1,2,-
LEND-0906,Cabang Bali,Kredit Usaha Rakyat (KUR) / Mikro,350.23,6.85,527.06,66.45,Lengkap & Terikat Sempurna,Kol 1 (Lancar),Sesuai Limit Wewenang Komite Kredit,Sesuai Batas BMPK (<10% Modal),Diasuransikan Penuh (All Risk),Sesuai Proposal Usaha,Tidak,1,1,-
LEND-0907,Cabang Bali,Kredit Modal Kerja (KMK),21892.18,12.31,29389.42,74.49,Lengkap & Terikat Sempurna,Kol 1 (Lancar),Sesuai Limit Wewenang Komite Kredit,Sesuai Batas BMPK (<10% Modal),Diasuransikan Penuh (All Risk),Sesuai Proposal Usaha,Tidak,1,2,-
LEND-0908,Kantor Pusat,Kredit Sindikasi Korporasi,45372.0,9.95,88877.57,51.05,Lengkap & Terikat Sempurna,Kol 1 (Lancar),Sesuai Limit Wewenang Komite Kredit,Sesuai Batas BMPK (<10% Modal),Diasuransikan Penuh (All Risk),Sesuai Proposal Usaha,Tidak,1,2,-
LEND-0909,Cabang Surabaya,Kredit Multiguna (KMG),1859.69,11.23,2614.13,71.14,Lengkap & Terikat Sempurna,Kol 1 (Lancar),Sesuai Limit Wewenang Komite Kredit,Sesuai Batas BMPK (<10% Modal),Diasuransikan Penuh (All Risk),Sesuai Proposal Usaha,Tidak,2,1,-
LEND-0910,Kantor Pusat,Kredit Sindikasi Korporasi,49746.56,9.6,86954.31,57.21,Lengkap & Terikat Sempurna,Kol 1 (Lancar),Sesuai Limit Wewenang Komite Kredit,Sesuai Batas BMPK (<10% Modal),Diasuransikan Penuh (All Risk),Sesuai Proposal Usaha,Tidak,1,2,-
LEND-0911,Kantor Pusat,Kredit Modal Kerja (KMK),11033.5,9.55,16821.92,65.59,Pencairan Sebelum Syarat Efektif Lengkap (Pelanggaran),Kol 1 (Lancar),Sesuai Limit Wewenang Komite Kredit,Sesuai Batas BMPK (<10% Modal),Diasuransikan Penuh (All Risk),Sesuai Proposal Usaha,Ya (Anomali),4,5,Pencairan fasilitas kredit mendahului pemenuhan dokumen syarat efektif dan bukti pengikatan agunan (APHT/Fidusia)
LEND-0912,Cabang Bali,Kredit Modal Kerja (KMK),29514.69,9.29,42345.32,69.7,Lengkap & Terikat Sempurna,Kol 1 (Lancar),Sesuai Limit Wewenang Komite Kredit,Sesuai Batas BMPK (<10% Modal),Diasuransikan Penuh (All Risk),Sesuai Proposal Usaha,Tidak,1,1,-
LEND-0913,Kantor Pusat,Kredit Multiguna (KMG),1566.69,12.9,2271.55,68.97,Lengkap & Terikat Sempurna,Kol 1 (Lancar),Sesuai Limit Wewenang Komite Kredit,Sesuai Batas BMPK (<10% Modal),Diasuransikan Penuh (All Risk),Sesuai Proposal Usaha,Tidak,1,1,-
LEND-0914,Cabang Jakarta,Kredit Modal Kerja (KMK),3403.61,9.74,5023.04,67.76,Lengkap & Terikat Sempurna,Kol 1 (Lancar),Sesuai Limit Wewenang Komite Kredit,Sesuai Batas BMPK (<10% Modal),Diasuransikan Penuh (All Risk),Sesuai Proposal Usaha,Tidak,1,1,-
LEND-0915,Cabang Bandung,Kredit Pemilikan Rumah (KPR),2047.55,10.89,1298.47,157.69,Lengkap & Terikat Sempurna,Kol 1 (Lancar),Sesuai Limit Wewenang Komite Kredit,Sesuai Batas BMPK (<10% Modal),Diasuransikan Penuh (All Risk),Sesuai Proposal Usaha,Ya (Anomali),5,5,"Rasio Loan to Value (157.69%) melampaui batas wajar (>100%), agunan defisit (Rp 1298.47 Juta) tidak mencukupi plafon kredit"
LEND-0916,Cabang Medan,Kredit Modal Kerja (KMK),8162.95,11.41,13234.35,61.68,Lengkap & Terikat Sempurna,Kol 1 (Lancar),Sesuai Limit Wewenang Komite Kredit,Sesuai Batas BMPK (<10% Modal),Diasuransikan Penuh (All Risk),Sesuai Proposal Usaha,Tidak,1,1,-
LEND-0917,Cabang Jakarta,Kredit Sindikasi Korporasi,24822.84,8.01,42008.53,59.09,Lengkap & Terikat Sempurna,Kol 1 (Lancar),Sesuai Limit Wewenang Komite Kredit,Sesuai Batas BMPK (<10% Modal),Diasuransikan Penuh (All Risk),Sesuai Proposal Usaha,Tidak,1,2,-
LEND-0918,Cabang Bali,Kredit Modal Kerja (KMK),24165.23,9.71,32113.26,75.25,Lengkap & Terikat Sempurna,Kol 1 (Lancar),Sesuai Limit Wewenang Komite Kredit,Sesuai Batas BMPK (<10% Modal),Diasuransikan Penuh (All Risk),Sesuai Proposal Usaha,Tidak,2,1,-
LEND-0919,Cabang Medan,Kredit Modal Kerja (KMK),10661.5,9.74,14072.73,75.76,Lengkap & Terikat Sempurna,Kol 1 (Lancar),Sesuai Limit Wewenang Komite Kredit,Sesuai Batas BMPK (<10% Modal),Tanpa Asuransi Agunan (Risiko Tinggi),Indikasi Pengalihan Dana / Side-Streaming,Ya (Anomali),4,5,Indikasi penyimpangan penggunaan fasilitas kredit modal kerja (Side-Streaming) dan agunan tidak ditutup asuransi
LEND-0920,Cabang Bandung,Kredit Pemilikan Rumah (KPR),441.95,9.13,540.35,81.79,Lengkap & Terikat Sempurna,Kol 1 (Lancar),Sesuai Limit Wewenang Komite Kredit,Sesuai Batas BMPK (<10% Modal),Diasuransikan Penuh (All Risk),Sesuai Proposal Usaha,Tidak,1,1,-
LEND-0921,Cabang Surabaya,Kredit Modal Kerja (KMK),9856.64,11.15,15633.05,63.05,Lengkap & Terikat Sempurna,Kol 2 (Dalam Perhatian Khusus),Sesuai Limit Wewenang Komite Kredit,Sesuai Batas BMPK (<10% Modal),Diasuransikan Penuh (All Risk),Sesuai Proposal Usaha,Tidak,1,1,-
LEND-0922,Kantor Pusat,Kredit Pemilikan Rumah (KPR),1639.1,9.05,2025.58,80.92,Lengkap & Terikat Sempurna,Kol 2 (Dalam Perhatian Khusus),Sesuai Limit Wewenang Komite Kredit,Sesuai Batas BMPK (<10% Modal),Diasuransikan Penuh (All Risk),Sesuai Proposal Usaha,Tidak,1,1,-
LEND-0923,Cabang Bali,Kredit Pemilikan Rumah (KPR),6177.27,10.2,7906.4,78.13,Pencairan Sebelum Syarat Efektif Lengkap (Pelanggaran),Kol 1 (Lancar),Sesuai Limit Wewenang Komite Kredit,Sesuai Batas BMPK (<10% Modal),Diasuransikan Penuh (All Risk),Sesuai Proposal Usaha,Ya (Anomali),4,5,Pencairan fasilitas kredit mendahului pemenuhan dokumen syarat efektif dan bukti pengikatan agunan (APHT/Fidusia)
LEND-0924,Kantor Pusat,Kredit Sindikasi Korporasi,20054.79,4.0,32630.64,61.46,Lengkap & Terikat Sempurna,Kol 1 (Lancar),Sesuai Limit Wewenang Komite Kredit,Pelanggaran BMPK Pihak Terafiliasi,Diasuransikan Penuh (All Risk),Sesuai Proposal Usaha,Ya (Anomali),5,5,Pemberian bunga kredit murah ekstrem (4.0%) kepada pihak terafiliasi bank melanggar batas ketentuan BMPK OJK
LEND-0925,Cabang Bandung,Kredit Investasi (KI),44037.44,10.5,56991.64,77.27,Lengkap & Terikat Sempurna,Kol 1 (Lancar),Melampaui Limit Wewenang Cabang (BKMK Breach),Sesuai Batas BMPK (<10% Modal),Diasuransikan Penuh (All Risk),Sesuai Proposal Usaha,Ya (Anomali),5,4,Pencairan kredit bernilai Rp 44037.44 Juta melampaui batas kewenangan memutus kredit (BKMK) komite cabang tanpa persetujuan Kantor Pusat
LEND-0926,Cabang Jakarta,Kredit Investasi (KI),5021.25,10.64,7400.52,67.85,Lengkap & Terikat Sempurna,Kol 1 (Lancar),Sesuai Limit Wewenang Komite Kredit,Sesuai Batas BMPK (<10% Modal),Diasuransikan Penuh (All Risk),Sesuai Proposal Usaha,Tidak,1,1,-
LEND-0927,Cabang Jakarta,Kredit Usaha Rakyat (KUR) / Mikro,85.89,7.27,131.29,65.42,Lengkap & Terikat Sempurna,Kol 1 (Lancar),Sesuai Limit Wewenang Komite Kredit,Sesuai Batas BMPK (<10% Modal),Diasuransikan Penuh (All Risk),Sesuai Proposal Usaha,Tidak,1,1,-
LEND-0928,Kantor Pusat,Kredit Investasi (KI),4425.54,11.55,6880.5,64.32,Lengkap & Terikat Sempurna,Kol 1 (Lancar),Sesuai Limit Wewenang Komite Kredit,Sesuai Batas BMPK (<10% Modal),Diasuransikan Penuh (All Risk),Sesuai Proposal Usaha,Tidak,1,1,-
LEND-0929,Kantor Pusat,Kredit Investasi (KI),36182.66,11.36,55477.86,65.22,Lengkap & Terikat Sempurna,Kol 1 (Lancar),Sesuai Limit Wewenang Komite Kredit,Sesuai Batas BMPK (<10% Modal),Diasuransikan Penuh (All Risk),Sesuai Proposal Usaha,Tidak,1,1,-
LEND-0930,Cabang Bali,Kredit Modal Kerja (KMK),21109.1,9.66,30708.61,68.74,Lengkap & Terikat Sempurna,Kol 1 (Lancar),Sesuai Limit Wewenang Komite Kredit,Sesuai Batas BMPK (<10% Modal),Diasuransikan Penuh (All Risk),Sesuai Proposal Usaha,Tidak,1,1,-
LEND-0931,Kantor Pusat,Kredit Multiguna (KMG),158.72,13.99,224.47,70.71,Lengkap & Terikat Sempurna,Kol 1 (Lancar),Sesuai Limit Wewenang Komite Kredit,Sesuai Batas BMPK (<10% Modal),Diasuransikan Penuh (All Risk),Sesuai Proposal Usaha,Tidak,1,2,-
LEND-0932,Cabang Medan,Kredit Modal Kerja (KMK),25754.17,8.63,32257.23,79.84,Lengkap & Terikat Sempurna,Kol 2 (Dalam Perhatian Khusus),Sesuai Limit Wewenang Komite Kredit,Sesuai Batas BMPK (<10% Modal),Diasuransikan Penuh (All Risk),Sesuai Proposal Usaha,Tidak,2,1,-
LEND-0933,Cabang Surabaya,Kredit Investasi (KI),15820.72,10.04,23361.96,67.72,Lengkap & Terikat Sempurna,Kol 2 (Dalam Perhatian Khusus),Sesuai Limit Wewenang Komite Kredit,Sesuai Batas BMPK (<10% Modal),Diasuransikan Penuh (All Risk),Sesuai Proposal Usaha,Tidak,2,1,-
LEND-0934,Cabang Medan,Kredit Usaha Rakyat (KUR) / Mikro,91.66,7.49,137.5,66.66,Lengkap & Terikat Sempurna,Kol 1 (Lancar),Sesuai Limit Wewenang Komite Kredit,Sesuai Batas BMPK (<10% Modal),Diasuransikan Penuh (All Risk),Sesuai Proposal Usaha,Tidak,1,1,-
LEND-0935,Cabang Bandung,Kredit Pemilikan Rumah (KPR),2627.76,8.56,4070.89,64.55,Lengkap & Terikat Sempurna,Kol 1 (Lancar),Sesuai Limit Wewenang Komite Kredit,Sesuai Batas BMPK (<10% Modal),Diasuransikan Penuh (All Risk),Sesuai Proposal Usaha,Tidak,2,1,-
LEND-0936,Kantor Pusat,Kredit Usaha Rakyat (KUR) / Mikro,206.95,7.32,334.76,61.82,Lengkap & Terikat Sempurna,Kol 1 (Lancar),Sesuai Limit Wewenang Komite Kredit,Sesuai Batas BMPK (<10% Modal),Diasuransikan Penuh (All Risk),Sesuai Proposal Usaha,Tidak,1,1,-
LEND-0937,Cabang Surabaya,Kredit Modal Kerja (KMK),2965.41,10.71,4736.32,62.61,Lengkap & Terikat Sempurna,Kol 1 (Lancar),Sesuai Limit Wewenang Komite Kredit,Sesuai Batas BMPK (<10% Modal),Diasuransikan Penuh (All Risk),Sesuai Proposal Usaha,Tidak,1,1,-
LEND-0938,Cabang Jakarta,Kredit Modal Kerja (KMK),6849.32,10.9,9408.41,72.8,Lengkap & Terikat Sempurna,Kol 1 (Lancar),Sesuai Limit Wewenang Komite Kredit,Sesuai Batas BMPK (<10% Modal),Diasuransikan Penuh (All Risk),Sesuai Proposal Usaha,Tidak,2,1,-
LEND-0939,Cabang Jakarta,Kredit Modal Kerja (KMK),28334.28,10.43,40218.99,70.45,Lengkap & Terikat Sempurna,Kol 1 (Lancar),Sesuai Limit Wewenang Komite Kredit,Sesuai Batas BMPK (<10% Modal),Diasuransikan Penuh (All Risk),Sesuai Proposal Usaha,Tidak,1,2,-
LEND-0940,Cabang Bandung,Kredit Pemilikan Rumah (KPR),3462.87,8.2,4307.05,80.4,Lengkap & Terikat Sempurna,Kol 2 (Dalam Perhatian Khusus),Sesuai Limit Wewenang Komite Kredit,Sesuai Batas BMPK (<10% Modal),Diasuransikan Penuh (All Risk),Sesuai Proposal Usaha,Tidak,1,1,-
LEND-0941,Cabang Bali,Kredit Pemilikan Rumah (KPR),1241.42,10.07,1488.51,83.4,Lengkap & Terikat Sempurna,Kol 1 (Lancar),Sesuai Limit Wewenang Komite Kredit,Sesuai Batas BMPK (<10% Modal),Diasuransikan Penuh (All Risk),Sesuai Proposal Usaha,Tidak,1,1,-
LEND-0942,Kantor Pusat,Kredit Pemilikan Rumah (KPR),648.19,7.96,848.86,76.36,Lengkap & Terikat Sempurna,Kol 1 (Lancar),Sesuai Limit Wewenang Komite Kredit,Sesuai Batas BMPK (<10% Modal),Diasuransikan Penuh (All Risk),Sesuai Proposal Usaha,Tidak,1,1,-
LEND-0943,Cabang Jakarta,Kredit Multiguna (KMG),1507.01,12.63,2218.8,67.92,Lengkap & Terikat Sempurna,Kol 1 (Lancar),Sesuai Limit Wewenang Komite Kredit,Sesuai Batas BMPK (<10% Modal),Diasuransikan Penuh (All Risk),Sesuai Proposal Usaha,Tidak,1,1,-
LEND-0944,Kantor Pusat,Kredit Multiguna (KMG),1376.65,13.05,2460.94,55.94,Lengkap & Terikat Sempurna,Kol 1 (Lancar),Sesuai Limit Wewenang Komite Kredit,Sesuai Batas BMPK (<10% Modal),Diasuransikan Penuh (All Risk),Sesuai Proposal Usaha,Tidak,1,2,-
LEND-0945,Cabang Jakarta,Kredit Usaha Rakyat (KUR) / Mikro,278.77,7.08,480.97,57.96,Lengkap & Terikat Sempurna,Kol 1 (Lancar),Sesuai Limit Wewenang Komite Kredit,Sesuai Batas BMPK (<10% Modal),Diasuransikan Penuh (All Risk),Sesuai Proposal Usaha,Tidak,2,1,-
LEND-0946,Kantor Pusat,Kredit Investasi (KI),1486.57,11.54,2105.92,70.59,Lengkap & Terikat Sempurna,Kol 1 (Lancar),Sesuai Limit Wewenang Komite Kredit,Sesuai Batas BMPK (<10% Modal),Diasuransikan Penuh (All Risk),Sesuai Proposal Usaha,Tidak,1,1,-
LEND-0947,Cabang Bali,Kredit Investasi (KI),16970.55,9.82,23149.02,73.31,Lengkap & Terikat Sempurna,Kol 1 (Lancar),Sesuai Limit Wewenang Komite Kredit,Sesuai Batas BMPK (<10% Modal),Diasuransikan Penuh (All Risk),Sesuai Proposal Usaha,Tidak,2,2,-
LEND-0948,Cabang Jakarta,Kredit Multiguna (KMG),895.07,13.25,1276.85,70.1,Lengkap & Terikat Sempurna,Kol 1 (Lancar),Sesuai Limit Wewenang Komite Kredit,Sesuai Batas BMPK (<10% Modal),Diasuransikan Penuh (All Risk),Sesuai Proposal Usaha,Tidak,1,2,-
LEND-0949,Cabang Surabaya,Kredit Modal Kerja (KMK),24646.94,11.59,35699.51,69.04,Lengkap & Terikat Sempurna,Kol 1 (Lancar),Sesuai Limit Wewenang Komite Kredit,Sesuai Batas BMPK (<10% Modal),Diasuransikan Penuh (All Risk),Sesuai Proposal Usaha,Tidak,1,1,-
LEND-0950,Cabang Bandung,Kredit Usaha Rakyat (KUR) / Mikro,140.5,7.45,265.95,52.83,Lengkap & Terikat Sempurna,Kol 1 (Lancar),Sesuai Limit Wewenang Komite Kredit,Sesuai Batas BMPK (<10% Modal),Diasuransikan Penuh (All Risk),Sesuai Proposal Usaha,Tidak,1,1,-
LEND-0951,Cabang Bandung,Kredit Multiguna (KMG),749.91,11.33,1010.66,74.2,Lengkap & Terikat Sempurna,Kol 1 (Lancar),Sesuai Limit Wewenang Komite Kredit,Sesuai Batas BMPK (<10% Modal),Diasuransikan Penuh (All Risk),Sesuai Proposal Usaha,Tidak,1,1,-
LEND-0952,Cabang Bali,Kredit Pemilikan Rumah (KPR),4081.85,11.46,5181.99,78.77,Pencairan Sebelum Syarat Efektif Lengkap (Pelanggaran),Kol 1 (Lancar),Sesuai Limit Wewenang Komite Kredit,Sesuai Batas BMPK (<10% Modal),Diasuransikan Penuh (All Risk),Sesuai Proposal Usaha,Ya (Anomali),4,4,Pencairan fasilitas kredit mendahului pemenuhan dokumen syarat efektif dan bukti pengikatan agunan (APHT/Fidusia)
LEND-0953,Cabang Bandung,Kredit Multiguna (KMG),3582.39,9.9,4900.67,73.1,Lengkap & Terikat Sempurna,Kol 3-5 (NPL / Macet),Sesuai Limit Wewenang Komite Kredit,Sesuai Batas BMPK (<10% Modal),Diasuransikan Penuh (All Risk),Sesuai Proposal Usaha,Ya (Anomali),5,5,Penyetujuan kredit kepada debitur dengan riwayat kolektibilitas macet (Kol 3-5) pada SLIK OJK tanpa analisis mitigasi risiko
LEND-0954,Cabang Jakarta,Kredit Investasi (KI),57357.41,4.87,84999.13,67.48,Lengkap & Terikat Sempurna,Kol 1 (Lancar),Sesuai Limit Wewenang Komite Kredit,Pelanggaran BMPK Pihak Terafiliasi,Diasuransikan Penuh (All Risk),Sesuai Proposal Usaha,Ya (Anomali),5,5,Pemberian bunga kredit murah ekstrem (4.87%) kepada pihak terafiliasi bank melanggar batas ketentuan BMPK OJK
LEND-0955,Cabang Bandung,Kredit Pemilikan Rumah (KPR),667.52,9.82,858.22,77.78,Lengkap & Terikat Sempurna,Kol 1 (Lancar),Sesuai Limit Wewenang Komite Kredit,Sesuai Batas BMPK (<10% Modal),Diasuransikan Penuh (All Risk),Sesuai Proposal Usaha,Tidak,1,1,-
LEND-0956,Cabang Jakarta,Kredit Pemilikan Rumah (KPR),4495.53,9.64,6066.02,74.11,Lengkap & Terikat Sempurna,Kol 1 (Lancar),Sesuai Limit Wewenang Komite Kredit,Sesuai Batas BMPK (<10% Modal),Diasuransikan Penuh (All Risk),Sesuai Proposal Usaha,Tidak,1,2,-
LEND-0957,Cabang Medan,Kredit Sindikasi Korporasi,48158.29,8.43,88738.33,54.27,Lengkap & Terikat Sempurna,Kol 1 (Lancar),Sesuai Limit Wewenang Komite Kredit,Sesuai Batas BMPK (<10% Modal),Diasuransikan Penuh (All Risk),Sesuai Proposal Usaha,Tidak,1,1,-
LEND-0958,Cabang Jakarta,Kredit Modal Kerja (KMK),20820.05,11.54,26175.57,79.54,Lengkap & Terikat Sempurna,Kol 2 (Dalam Perhatian Khusus),Sesuai Limit Wewenang Komite Kredit,Sesuai Batas BMPK (<10% Modal),Diasuransikan Penuh (All Risk),Sesuai Proposal Usaha,Tidak,2,1,-
LEND-0959,Kantor Pusat,Kredit Modal Kerja (KMK),28791.67,12.32,42902.21,67.11,Lengkap & Terikat Sempurna,Kol 1 (Lancar),Sesuai Limit Wewenang Komite Kredit,Sesuai Batas BMPK (<10% Modal),Diasuransikan Penuh (All Risk),Sesuai Proposal Usaha,Tidak,1,2,-
LEND-0960,Cabang Bandung,Kredit Pemilikan Rumah (KPR),1398.76,7.73,1813.04,77.15,Lengkap & Terikat Sempurna,Kol 1 (Lancar),Sesuai Limit Wewenang Komite Kredit,Sesuai Batas BMPK (<10% Modal),Diasuransikan Penuh (All Risk),Sesuai Proposal Usaha,Tidak,1,1,-
LEND-0961,Kantor Pusat,Kredit Usaha Rakyat (KUR) / Mikro,433.05,6.63,763.62,56.71,Lengkap & Terikat Sempurna,Kol 1 (Lancar),Sesuai Limit Wewenang Komite Kredit,Sesuai Batas BMPK (<10% Modal),Diasuransikan Penuh (All Risk),Sesuai Proposal Usaha,Tidak,1,2,-
LEND-0962,Cabang Jakarta,Kredit Investasi (KI),28920.15,9.72,47849.35,60.44,Lengkap & Terikat Sempurna,Kol 1 (Lancar),Sesuai Limit Wewenang Komite Kredit,Sesuai Batas BMPK (<10% Modal),Diasuransikan Penuh (All Risk),Sesuai Proposal Usaha,Tidak,1,1,-
LEND-0963,Cabang Jakarta,Kredit Pemilikan Rumah (KPR),2950.74,7.55,3644.69,80.96,Lengkap & Terikat Sempurna,Kol 1 (Lancar),Sesuai Limit Wewenang Komite Kredit,Sesuai Batas BMPK (<10% Modal),Diasuransikan Penuh (All Risk),Sesuai Proposal Usaha,Tidak,1,1,-
LEND-0964,Cabang Bandung,Kredit Investasi (KI),11909.53,10.65,15870.91,75.04,Pencairan Sebelum Syarat Efektif Lengkap (Pelanggaran),Kol 1 (Lancar),Sesuai Limit Wewenang Komite Kredit,Sesuai Batas BMPK (<10% Modal),Diasuransikan Penuh (All Risk),Sesuai Proposal Usaha,Ya (Anomali),4,4,Pencairan fasilitas kredit mendahului pemenuhan dokumen syarat efektif dan bukti pengikatan agunan (APHT/Fidusia)
LEND-0965,Cabang Jakarta,Kredit Usaha Rakyat (KUR) / Mikro,459.14,7.43,895.53,51.27,Lengkap & Terikat Sempurna,Kol 2 (Dalam Perhatian Khusus),Sesuai Limit Wewenang Komite Kredit,Sesuai Batas BMPK (<10% Modal),Diasuransikan Penuh (All Risk),Sesuai Proposal Usaha,Tidak,1,1,-
LEND-0966,Cabang Bandung,Kredit Investasi (KI),45979.32,3.59,72351.41,63.55,Lengkap & Terikat Sempurna,Kol 1 (Lancar),Sesuai Limit Wewenang Komite Kredit,Pelanggaran BMPK Pihak Terafiliasi,Diasuransikan Penuh (All Risk),Sesuai Proposal Usaha,Ya (Anomali),5,5,Pemberian bunga kredit murah ekstrem (3.59%) kepada pihak terafiliasi bank melanggar batas ketentuan BMPK OJK
LEND-0967,Cabang Jakarta,Kredit Multiguna (KMG),1459.17,11.31,2388.95,61.08,Lengkap & Terikat Sempurna,Kol 1 (Lancar),Sesuai Limit Wewenang Komite Kredit,Sesuai Batas BMPK (<10% Modal),Diasuransikan Penuh (All Risk),Sesuai Proposal Usaha,Tidak,1,1,-
LEND-0968,Cabang Bandung,Kredit Multiguna (KMG),2284.63,12.33,3453.19,66.16,Lengkap & Terikat Sempurna,Kol 1 (Lancar),Sesuai Limit Wewenang Komite Kredit,Sesuai Batas BMPK (<10% Modal),Diasuransikan Penuh (All Risk),Sesuai Proposal Usaha,Tidak,1,1,-
LEND-0969,Cabang Jakarta,Kredit Modal Kerja (KMK),16739.77,11.07,27008.34,61.98,Lengkap & Terikat Sempurna,Kol 1 (Lancar),Sesuai Limit Wewenang Komite Kredit,Sesuai Batas BMPK (<10% Modal),Diasuransikan Penuh (All Risk),Sesuai Proposal Usaha,Tidak,2,1,-
LEND-0970,Cabang Bandung,Kredit Sindikasi Korporasi,45281.84,9.34,71910.18,62.97,Lengkap & Terikat Sempurna,Kol 1 (Lancar),Sesuai Limit Wewenang Komite Kredit,Sesuai Batas BMPK (<10% Modal),Diasuransikan Penuh (All Risk),Sesuai Proposal Usaha,Tidak,1,1,-
LEND-0971,Cabang Surabaya,Kredit Sindikasi Korporasi,50081.21,8.66,79569.76,62.94,Lengkap & Terikat Sempurna,Kol 1 (Lancar),Sesuai Limit Wewenang Komite Kredit,Sesuai Batas BMPK (<10% Modal),Diasuransikan Penuh (All Risk),Sesuai Proposal Usaha,Tidak,1,1,-
LEND-0972,Cabang Bandung,Kredit Modal Kerja (KMK),910.37,10.82,1479.8,61.52,Lengkap & Terikat Sempurna,Kol 1 (Lancar),Sesuai Limit Wewenang Komite Kredit,Sesuai Batas BMPK (<10% Modal),Diasuransikan Penuh (All Risk),Sesuai Proposal Usaha,Tidak,1,2,-
LEND-0973,Cabang Bandung,Kredit Pemilikan Rumah (KPR),3014.15,9.0,3668.63,82.16,Lengkap & Terikat Sempurna,Kol 1 (Lancar),Sesuai Limit Wewenang Komite Kredit,Sesuai Batas BMPK (<10% Modal),Diasuransikan Penuh (All Risk),Sesuai Proposal Usaha,Tidak,1,1,-
LEND-0974,Cabang Surabaya,Kredit Investasi (KI),14535.45,9.31,22413.96,64.85,Lengkap & Terikat Sempurna,Kol 1 (Lancar),Sesuai Limit Wewenang Komite Kredit,Sesuai Batas BMPK (<10% Modal),Diasuransikan Penuh (All Risk),Sesuai Proposal Usaha,Tidak,1,1,-
LEND-0975,Cabang Bali,Kredit Sindikasi Korporasi,25705.47,8.79,41995.54,61.21,Lengkap & Terikat Sempurna,Kol 1 (Lancar),Sesuai Limit Wewenang Komite Kredit,Sesuai Batas BMPK (<10% Modal),Diasuransikan Penuh (All Risk),Sesuai Proposal Usaha,Tidak,2,1,-
LEND-0976,Kantor Pusat,Kredit Pemilikan Rumah (KPR),4119.29,8.23,6620.52,62.22,Lengkap & Terikat Sempurna,Kol 1 (Lancar),Sesuai Limit Wewenang Komite Kredit,Sesuai Batas BMPK (<10% Modal),Diasuransikan Penuh (All Risk),Sesuai Proposal Usaha,Tidak,2,1,-
LEND-0977,Cabang Bali,Kredit Sindikasi Korporasi,53568.63,9.8,83963.37,63.8,Lengkap & Terikat Sempurna,Kol 2 (Dalam Perhatian Khusus),Sesuai Limit Wewenang Komite Kredit,Sesuai Batas BMPK (<10% Modal),Diasuransikan Penuh (All Risk),Sesuai Proposal Usaha,Tidak,1,1,-
LEND-0978,Kantor Pusat,Kredit Multiguna (KMG),382.22,12.31,635.44,60.15,Lengkap & Terikat Sempurna,Kol 2 (Dalam Perhatian Khusus),Sesuai Limit Wewenang Komite Kredit,Sesuai Batas BMPK (<10% Modal),Diasuransikan Penuh (All Risk),Sesuai Proposal Usaha,Tidak,1,1,-
LEND-0979,Cabang Bali,Kredit Pemilikan Rumah (KPR),2080.72,7.52,2892.7,71.93,Lengkap & Terikat Sempurna,Kol 1 (Lancar),Sesuai Limit Wewenang Komite Kredit,Sesuai Batas BMPK (<10% Modal),Diasuransikan Penuh (All Risk),Sesuai Proposal Usaha,Tidak,1,1,-
LEND-0980,Cabang Bali,Kredit Investasi (KI),13809.52,11.72,19330.24,71.44,Lengkap & Terikat Sempurna,Kol 1 (Lancar),Sesuai Limit Wewenang Komite Kredit,Sesuai Batas BMPK (<10% Modal),Diasuransikan Penuh (All Risk),Sesuai Proposal Usaha,Tidak,2,2,-
LEND-0981,Kantor Pusat,Kredit Pemilikan Rumah (KPR),1020.67,9.93,1300.88,78.46,Lengkap & Terikat Sempurna,Kol 1 (Lancar),Sesuai Limit Wewenang Komite Kredit,Sesuai Batas BMPK (<10% Modal),Diasuransikan Penuh (All Risk),Sesuai Proposal Usaha,Tidak,1,1,-
LEND-0982,Cabang Surabaya,Kredit Pemilikan Rumah (KPR),3940.24,7.88,5966.44,66.04,Lengkap & Terikat Sempurna,Kol 2 (Dalam Perhatian Khusus),Sesuai Limit Wewenang Komite Kredit,Sesuai Batas BMPK (<10% Modal),Diasuransikan Penuh (All Risk),Sesuai Proposal Usaha,Tidak,1,1,-
LEND-0983,Cabang Surabaya,Kredit Pemilikan Rumah (KPR),1325.31,10.1,1585.87,83.57,Lengkap & Terikat Sempurna,Kol 2 (Dalam Perhatian Khusus),Sesuai Limit Wewenang Komite Kredit,Sesuai Batas BMPK (<10% Modal),Diasuransikan Penuh (All Risk),Sesuai Proposal Usaha,Tidak,2,1,-
LEND-0984,Cabang Bandung,Kredit Modal Kerja (KMK),10291.97,12.39,13139.24,78.33,Lengkap & Terikat Sempurna,Kol 1 (Lancar),Sesuai Limit Wewenang Komite Kredit,Sesuai Batas BMPK (<10% Modal),Tanpa Asuransi Agunan (Risiko Tinggi),Indikasi Pengalihan Dana / Side-Streaming,Ya (Anomali),4,4,Indikasi penyimpangan penggunaan fasilitas kredit modal kerja (Side-Streaming) dan agunan tidak ditutup asuransi
LEND-0985,Cabang Surabaya,Kredit Pemilikan Rumah (KPR),11411.73,9.91,17116.74,66.67,Pencairan Sebelum Syarat Efektif Lengkap (Pelanggaran),Kol 1 (Lancar),Sesuai Limit Wewenang Komite Kredit,Sesuai Batas BMPK (<10% Modal),Diasuransikan Penuh (All Risk),Sesuai Proposal Usaha,Ya (Anomali),4,5,Pencairan fasilitas kredit mendahului pemenuhan dokumen syarat efektif dan bukti pengikatan agunan (APHT/Fidusia)
LEND-0986,Cabang Medan,Kredit Investasi (KI),44307.75,11.61,68790.17,64.41,Lengkap & Terikat Sempurna,Kol 1 (Lancar),Sesuai Limit Wewenang Komite Kredit,Sesuai Batas BMPK (<10% Modal),Diasuransikan Penuh (All Risk),Sesuai Proposal Usaha,Tidak,2,1,-
LEND-0987,Cabang Bali,Kredit Multiguna (KMG),6739.45,10.58,9874.65,68.25,Lengkap & Terikat Sempurna,Kol 3-5 (NPL / Macet),Sesuai Limit Wewenang Komite Kredit,Sesuai Batas BMPK (<10% Modal),Diasuransikan Penuh (All Risk),Sesuai Proposal Usaha,Ya (Anomali),5,5,Penyetujuan kredit kepada debitur dengan riwayat kolektibilitas macet (Kol 3-5) pada SLIK OJK tanpa analisis mitigasi risiko
LEND-0988,Cabang Surabaya,Kredit Investasi (KI),16432.08,10.57,27336.68,60.11,Lengkap & Terikat Sempurna,Kol 1 (Lancar),Sesuai Limit Wewenang Komite Kredit,Sesuai Batas BMPK (<10% Modal),Diasuransikan Penuh (All Risk),Sesuai Proposal Usaha,Tidak,1,1,-
LEND-0989,Cabang Bandung,Kredit Modal Kerja (KMK),9558.01,8.56,15584.56,61.33,Lengkap & Terikat Sempurna,Kol 1 (Lancar),Sesuai Limit Wewenang Komite Kredit,Sesuai Batas BMPK (<10% Modal),Diasuransikan Penuh (All Risk),Sesuai Proposal Usaha,Tidak,1,1,-
LEND-0990,Kantor Pusat,Kredit Modal Kerja (KMK),12428.92,11.04,17096.18,72.7,Lengkap & Terikat Sempurna,Kol 1 (Lancar),Sesuai Limit Wewenang Komite Kredit,Sesuai Batas BMPK (<10% Modal),Tanpa Asuransi Agunan (Risiko Tinggi),Indikasi Pengalihan Dana / Side-Streaming,Ya (Anomali),4,4,Indikasi penyimpangan penggunaan fasilitas kredit modal kerja (Side-Streaming) dan agunan tidak ditutup asuransi
LEND-0991,Cabang Surabaya,Kredit Multiguna (KMG),1078.5,13.67,1617.91,66.66,Lengkap & Terikat Sempurna,Kol 1 (Lancar),Sesuai Limit Wewenang Komite Kredit,Sesuai Batas BMPK (<10% Modal),Diasuransikan Penuh (All Risk),Sesuai Proposal Usaha,Tidak,1,2,-
LEND-0992,Cabang Medan,Kredit Multiguna (KMG),1726.42,11.71,2748.64,62.81,Lengkap & Terikat Sempurna,Kol 1 (Lancar),Sesuai Limit Wewenang Komite Kredit,Sesuai Batas BMPK (<10% Modal),Diasuransikan Penuh (All Risk),Sesuai Proposal Usaha,Tidak,2,1,-
LEND-0993,Cabang Jakarta,Kredit Pemilikan Rumah (KPR),4171.8,8.56,4986.61,83.66,Lengkap & Terikat Sempurna,Kol 1 (Lancar),Sesuai Limit Wewenang Komite Kredit,Sesuai Batas BMPK (<10% Modal),Diasuransikan Penuh (All Risk),Sesuai Proposal Usaha,Tidak,1,1,-
LEND-0994,Cabang Bali,Kredit Pemilikan Rumah (KPR),2936.7,9.38,3732.46,78.68,Lengkap & Terikat Sempurna,Kol 1 (Lancar),Sesuai Limit Wewenang Komite Kredit,Sesuai Batas BMPK (<10% Modal),Diasuransikan Penuh (All Risk),Sesuai Proposal Usaha,Tidak,2,1,-
LEND-0995,Cabang Jakarta,Kredit Pemilikan Rumah (KPR),3007.16,7.97,4873.84,61.7,Lengkap & Terikat Sempurna,Kol 1 (Lancar),Sesuai Limit Wewenang Komite Kredit,Sesuai Batas BMPK (<10% Modal),Diasuransikan Penuh (All Risk),Sesuai Proposal Usaha,Tidak,1,1,-
LEND-0996,Kantor Pusat,Kredit Modal Kerja (KMK),9109.17,11.22,12757.94,71.4,Lengkap & Terikat Sempurna,Kol 1 (Lancar),Sesuai Limit Wewenang Komite Kredit,Sesuai Batas BMPK (<10% Modal),Diasuransikan Penuh (All Risk),Sesuai Proposal Usaha,Tidak,1,2,-
LEND-0997,Kantor Pusat,Kredit Modal Kerja (KMK),4466.21,9.73,5701.79,78.33,Lengkap & Terikat Sempurna,Kol 1 (Lancar),Sesuai Limit Wewenang Komite Kredit,Sesuai Batas BMPK (<10% Modal),Diasuransikan Penuh (All Risk),Sesuai Proposal Usaha,Tidak,1,2,-
LEND-0998,Cabang Medan,Kredit Multiguna (KMG),11240.54,11.61,15592.37,72.09,Lengkap & Terikat Sempurna,Kol 3-5 (NPL / Macet),Sesuai Limit Wewenang Komite Kredit,Sesuai Batas BMPK (<10% Modal),Diasuransikan Penuh (All Risk),Sesuai Proposal Usaha,Ya (Anomali),5,4,Penyetujuan kredit kepada debitur dengan riwayat kolektibilitas macet (Kol 3-5) pada SLIK OJK tanpa analisis mitigasi risiko
LEND-0999,Cabang Medan,Kredit Pemilikan Rumah (KPR),1536.3,9.84,1882.95,81.59,Lengkap & Terikat Sempurna,Kol 1 (Lancar),Sesuai Limit Wewenang Komite Kredit,Sesuai Batas BMPK (<10% Modal),Diasuransikan Penuh (All Risk),Sesuai Proposal Usaha,Tidak,1,1,-
LEND-1000,Cabang Bandung,Kredit Pemilikan Rumah (KPR),812.21,10.11,1352.78,60.04,Lengkap & Terikat Sempurna,Kol 1 (Lancar),Sesuai Limit Wewenang Komite Kredit,Sesuai Batas BMPK (<10% Modal),Diasuransikan Penuh (All Risk),Sesuai Proposal Usaha,Tidak,1,1,-
LEND-1001,Cabang Medan,Kredit Sindikasi Korporasi,71634.9,10.42,115113.13,62.23,Lengkap & Terikat Sempurna,Kol 1 (Lancar),Sesuai Limit Wewenang Komite Kredit,Sesuai Batas BMPK (<10% Modal),Diasuransikan Penuh (All Risk),Sesuai Proposal Usaha,Tidak,1,1,-
LEND-1002,Cabang Jakarta,Kredit Multiguna (KMG),723.87,13.41,1110.23,65.2,Lengkap & Terikat Sempurna,Kol 1 (Lancar),Sesuai Limit Wewenang Komite Kredit,Sesuai Batas BMPK (<10% Modal),Diasuransikan Penuh (All Risk),Sesuai Proposal Usaha,Tidak,1,1,-
LEND-1003,Cabang Bali,Kredit Sindikasi Korporasi,23136.7,9.7,34409.13,67.24,Lengkap & Terikat Sempurna,Kol 1 (Lancar),Sesuai Limit Wewenang Komite Kredit,Sesuai Batas BMPK (<10% Modal),Diasuransikan Penuh (All Risk),Sesuai Proposal Usaha,Tidak,1,1,-
LEND-1004,Cabang Surabaya,Kredit Pemilikan Rumah (KPR),699.32,8.0,879.65,79.5,Lengkap & Terikat Sempurna,Kol 1 (Lancar),Sesuai Limit Wewenang Komite Kredit,Sesuai Batas BMPK (<10% Modal),Diasuransikan Penuh (All Risk),Sesuai Proposal Usaha,Tidak,1,2,-
LEND-1005,Cabang Bandung,Kredit Pemilikan Rumah (KPR),1330.69,9.28,1705.58,78.02,Lengkap & Terikat Sempurna,Kol 1 (Lancar),Sesuai Limit Wewenang Komite Kredit,Sesuai Batas BMPK (<10% Modal),Diasuransikan Penuh (All Risk),Sesuai Proposal Usaha,Tidak,1,1,-
LEND-1006,Kantor Pusat,Kredit Multiguna (KMG),964.39,13.34,1364.64,70.67,Lengkap & Terikat Sempurna,Kol 1 (Lancar),Sesuai Limit Wewenang Komite Kredit,Sesuai Batas BMPK (<10% Modal),Diasuransikan Penuh (All Risk),Sesuai Proposal Usaha,Tidak,1,1,-
LEND-1007,Cabang Medan,Kredit Modal Kerja (KMK),18868.83,12.24,22425.52,84.14,Lengkap & Terikat Sempurna,Kol 1 (Lancar),Sesuai Limit Wewenang Komite Kredit,Sesuai Batas BMPK (<10% Modal),Tanpa Asuransi Agunan (Risiko Tinggi),Indikasi Pengalihan Dana / Side-Streaming,Ya (Anomali),4,4,Indikasi penyimpangan penggunaan fasilitas kredit modal kerja (Side-Streaming) dan agunan tidak ditutup asuransi
LEND-1008,Cabang Surabaya,Kredit Pemilikan Rumah (KPR),372.88,8.84,540.09,69.04,Lengkap & Terikat Sempurna,Kol 1 (Lancar),Sesuai Limit Wewenang Komite Kredit,Sesuai Batas BMPK (<10% Modal),Diasuransikan Penuh (All Risk),Sesuai Proposal Usaha,Tidak,1,2,-
LEND-1009,Cabang Surabaya,Kredit Investasi (KI),8798.8,9.8,13513.75,65.11,Lengkap & Terikat Sempurna,Kol 1 (Lancar),Sesuai Limit Wewenang Komite Kredit,Sesuai Batas BMPK (<10% Modal),Diasuransikan Penuh (All Risk),Sesuai Proposal Usaha,Tidak,1,2,-
LEND-1010,Cabang Bali,Kredit Pemilikan Rumah (KPR),1749.06,9.65,2361.36,74.07,Lengkap & Terikat Sempurna,Kol 1 (Lancar),Sesuai Limit Wewenang Komite Kredit,Sesuai Batas BMPK (<10% Modal),Diasuransikan Penuh (All Risk),Sesuai Proposal Usaha,Tidak,1,2,-
LEND-1011,Cabang Bandung,Kredit Investasi (KI),36364.91,10.62,49706.0,73.16,Lengkap & Terikat Sempurna,Kol 1 (Lancar),Sesuai Limit Wewenang Komite Kredit,Sesuai Batas BMPK (<10% Modal),Diasuransikan Penuh (All Risk),Sesuai Proposal Usaha,Tidak,2,2,-
LEND-1012,Cabang Surabaya,Kredit Modal Kerja (KMK),9953.0,10.92,12804.58,77.73,Lengkap & Terikat Sempurna,Kol 1 (Lancar),Sesuai Limit Wewenang Komite Kredit,Sesuai Batas BMPK (<10% Modal),Tanpa Asuransi Agunan (Risiko Tinggi),Indikasi Pengalihan Dana / Side-Streaming,Ya (Anomali),4,4,Indikasi penyimpangan penggunaan fasilitas kredit modal kerja (Side-Streaming) dan agunan tidak ditutup asuransi
LEND-1013,Cabang Bali,Kredit Modal Kerja (KMK),16157.57,11.39,24492.3,65.97,Lengkap & Terikat Sempurna,Kol 1 (Lancar),Sesuai Limit Wewenang Komite Kredit,Sesuai Batas BMPK (<10% Modal),Diasuransikan Penuh (All Risk),Sesuai Proposal Usaha,Tidak,1,2,-
LEND-1014,Cabang Jakarta,Kredit Pemilikan Rumah (KPR),3420.53,7.76,4251.22,80.46,Lengkap & Terikat Sempurna,Kol 1 (Lancar),Sesuai Limit Wewenang Komite Kredit,Sesuai Batas BMPK (<10% Modal),Diasuransikan Penuh (All Risk),Sesuai Proposal Usaha,Tidak,2,1,-
LEND-1015,Cabang Bali,Kredit Usaha Rakyat (KUR) / Mikro,238.67,6.99,326.59,73.08,Lengkap & Terikat Sempurna,Kol 1 (Lancar),Sesuai Limit Wewenang Komite Kredit,Sesuai Batas BMPK (<10% Modal),Diasuransikan Penuh (All Risk),Sesuai Proposal Usaha,Tidak,1,1,-
LEND-1016,Cabang Bali,Kredit Modal Kerja (KMK),23174.66,12.07,36007.86,64.36,Lengkap & Terikat Sempurna,Kol 1 (Lancar),Sesuai Limit Wewenang Komite Kredit,Sesuai Batas BMPK (<10% Modal),Diasuransikan Penuh (All Risk),Sesuai Proposal Usaha,Tidak,1,1,-
LEND-1017,Cabang Surabaya,Kredit Usaha Rakyat (KUR) / Mikro,356.62,6.75,551.79,64.63,Lengkap & Terikat Sempurna,Kol 1 (Lancar),Sesuai Limit Wewenang Komite Kredit,Sesuai Batas BMPK (<10% Modal),Diasuransikan Penuh (All Risk),Sesuai Proposal Usaha,Tidak,2,1,-
LEND-1018,Kantor Pusat,Kredit Sindikasi Korporasi,24217.37,8.52,45122.73,53.67,Lengkap & Terikat Sempurna,Kol 1 (Lancar),Sesuai Limit Wewenang Komite Kredit,Sesuai Batas BMPK (<10% Modal),Diasuransikan Penuh (All Risk),Sesuai Proposal Usaha,Tidak,1,2,-
LEND-1019,Kantor Pusat,Kredit Investasi (KI),20001.21,11.29,31884.6,62.73,Lengkap & Terikat Sempurna,Kol 1 (Lancar),Sesuai Limit Wewenang Komite Kredit,Sesuai Batas BMPK (<10% Modal),Diasuransikan Penuh (All Risk),Sesuai Proposal Usaha,Tidak,1,2,-
LEND-1020,Cabang Jakarta,Kredit Pemilikan Rumah (KPR),7284.96,11.71,10845.56,67.17,Pencairan Sebelum Syarat Efektif Lengkap (Pelanggaran),Kol 1 (Lancar),Sesuai Limit Wewenang Komite Kredit,Sesuai Batas BMPK (<10% Modal),Diasuransikan Penuh (All Risk),Sesuai Proposal Usaha,Ya (Anomali),4,4,Pencairan fasilitas kredit mendahului pemenuhan dokumen syarat efektif dan bukti pengikatan agunan (APHT/Fidusia)
LEND-1021,Cabang Jakarta,Kredit Pemilikan Rumah (KPR),3469.57,8.23,4540.73,76.41,Lengkap & Terikat Sempurna,Kol 1 (Lancar),Sesuai Limit Wewenang Komite Kredit,Sesuai Batas BMPK (<10% Modal),Diasuransikan Penuh (All Risk),Sesuai Proposal Usaha,Tidak,1,1,-
LEND-1022,Cabang Jakarta,Kredit Pemilikan Rumah (KPR),3883.64,9.62,5422.56,71.62,Lengkap & Terikat Sempurna,Kol 1 (Lancar),Sesuai Limit Wewenang Komite Kredit,Sesuai Batas BMPK (<10% Modal),Diasuransikan Penuh (All Risk),Sesuai Proposal Usaha,Tidak,1,2,-
LEND-1023,Cabang Medan,Kredit Pemilikan Rumah (KPR),304.07,8.53,434.2,70.03,Lengkap & Terikat Sempurna,Kol 1 (Lancar),Sesuai Limit Wewenang Komite Kredit,Sesuai Batas BMPK (<10% Modal),Diasuransikan Penuh (All Risk),Sesuai Proposal Usaha,Tidak,1,2,-
LEND-1024,Kantor Pusat,Kredit Pemilikan Rumah (KPR),3007.2,10.15,3697.98,81.32,Lengkap & Terikat Sempurna,Kol 2 (Dalam Perhatian Khusus),Sesuai Limit Wewenang Komite Kredit,Sesuai Batas BMPK (<10% Modal),Diasuransikan Penuh (All Risk),Sesuai Proposal Usaha,Tidak,1,1,-
LEND-1025,Cabang Bali,Kredit Pemilikan Rumah (KPR),947.45,9.29,1135.08,83.47,Lengkap & Terikat Sempurna,Kol 1 (Lancar),Sesuai Limit Wewenang Komite Kredit,Sesuai Batas BMPK (<10% Modal),Diasuransikan Penuh (All Risk),Sesuai Proposal Usaha,Tidak,1,2,-
LEND-1026,Cabang Surabaya,Kredit Pemilikan Rumah (KPR),364.9,8.46,511.14,71.39,Lengkap & Terikat Sempurna,Kol 1 (Lancar),Sesuai Limit Wewenang Komite Kredit,Sesuai Batas BMPK (<10% Modal),Diasuransikan Penuh (All Risk),Sesuai Proposal Usaha,Tidak,1,1,-
LEND-1027,Cabang Bandung,Kredit Modal Kerja (KMK),16651.62,8.55,27102.25,61.44,Lengkap & Terikat Sempurna,Kol 1 (Lancar),Sesuai Limit Wewenang Komite Kredit,Sesuai Batas BMPK (<10% Modal),Diasuransikan Penuh (All Risk),Sesuai Proposal Usaha,Tidak,1,1,-
LEND-1028,Cabang Jakarta,Kredit Investasi (KI),2969.42,11.86,4382.26,67.76,Lengkap & Terikat Sempurna,Kol 1 (Lancar),Sesuai Limit Wewenang Komite Kredit,Sesuai Batas BMPK (<10% Modal),Diasuransikan Penuh (All Risk),Sesuai Proposal Usaha,Tidak,2,2,-
LEND-1029,Cabang Jakarta,Kredit Pemilikan Rumah (KPR),2067.21,9.65,3333.13,62.02,Lengkap & Terikat Sempurna,Kol 1 (Lancar),Sesuai Limit Wewenang Komite Kredit,Sesuai Batas BMPK (<10% Modal),Diasuransikan Penuh (All Risk),Sesuai Proposal Usaha,Tidak,2,1,-
LEND-1030,Kantor Pusat,Kredit Modal Kerja (KMK),1463.21,11.75,2414.14,60.61,Lengkap & Terikat Sempurna,Kol 1 (Lancar),Sesuai Limit Wewenang Komite Kredit,Sesuai Batas BMPK (<10% Modal),Diasuransikan Penuh (All Risk),Sesuai Proposal Usaha,Tidak,2,1,-
LEND-1031,Cabang Jakarta,Kredit Modal Kerja (KMK),11010.61,9.49,16360.49,67.3,Lengkap & Terikat Sempurna,Kol 1 (Lancar),Sesuai Limit Wewenang Komite Kredit,Sesuai Batas BMPK (<10% Modal),Diasuransikan Penuh (All Risk),Sesuai Proposal Usaha,Tidak,2,1,-
LEND-1032,Cabang Jakarta,Kredit Usaha Rakyat (KUR) / Mikro,441.95,6.25,701.4,63.01,Lengkap & Terikat Sempurna,Kol 1 (Lancar),Sesuai Limit Wewenang Komite Kredit,Sesuai Batas BMPK (<10% Modal),Diasuransikan Penuh (All Risk),Sesuai Proposal Usaha,Tidak,1,1,-
LEND-1033,Cabang Jakarta,Kredit Sindikasi Korporasi,46323.77,8.92,88051.26,52.61,Lengkap & Terikat Sempurna,Kol 1 (Lancar),Sesuai Limit Wewenang Komite Kredit,Sesuai Batas BMPK (<10% Modal),Diasuransikan Penuh (All Risk),Sesuai Proposal Usaha,Tidak,2,2,-
LEND-1034,Kantor Pusat,Kredit Pemilikan Rumah (KPR),594.18,9.03,900.41,65.99,Lengkap & Terikat Sempurna,Kol 1 (Lancar),Sesuai Limit Wewenang Komite Kredit,Sesuai Batas BMPK (<10% Modal),Diasuransikan Penuh (All Risk),Sesuai Proposal Usaha,Tidak,1,1,-
LEND-1035,Cabang Surabaya,Kredit Modal Kerja (KMK),9863.52,11.33,14002.73,70.44,Lengkap & Terikat Sempurna,Kol 1 (Lancar),Sesuai Limit Wewenang Komite Kredit,Sesuai Batas BMPK (<10% Modal),Diasuransikan Penuh (All Risk),Sesuai Proposal Usaha,Tidak,1,1,-
LEND-1036,Kantor Pusat,Kredit Usaha Rakyat (KUR) / Mikro,86.05,6.91,130.83,65.77,Lengkap & Terikat Sempurna,Kol 1 (Lancar),Sesuai Limit Wewenang Komite Kredit,Sesuai Batas BMPK (<10% Modal),Diasuransikan Penuh (All Risk),Sesuai Proposal Usaha,Tidak,1,2,-
LEND-1037,Kantor Pusat,Kredit Multiguna (KMG),2486.07,10.24,3814.16,65.18,Lengkap & Terikat Sempurna,Kol 2 (Dalam Perhatian Khusus),Sesuai Limit Wewenang Komite Kredit,Sesuai Batas BMPK (<10% Modal),Diasuransikan Penuh (All Risk),Sesuai Proposal Usaha,Tidak,1,1,-
LEND-1038,Cabang Bali,Kredit Modal Kerja (KMK),11680.61,12.32,16634.31,70.22,Lengkap & Terikat Sempurna,Kol 3-5 (NPL / Macet),Sesuai Limit Wewenang Komite Kredit,Sesuai Batas BMPK (<10% Modal),Diasuransikan Penuh (All Risk),Sesuai Proposal Usaha,Ya (Anomali),5,5,Penyetujuan kredit kepada debitur dengan riwayat kolektibilitas macet (Kol 3-5) pada SLIK OJK tanpa analisis mitigasi risiko
LEND-1039,Kantor Pusat,Kredit Pemilikan Rumah (KPR),1722.35,8.21,2422.77,71.09,Lengkap & Terikat Sempurna,Kol 1 (Lancar),Sesuai Limit Wewenang Komite Kredit,Sesuai Batas BMPK (<10% Modal),Diasuransikan Penuh (All Risk),Sesuai Proposal Usaha,Tidak,1,1,-
LEND-1040,Cabang Bandung,Kredit Pemilikan Rumah (KPR),1294.88,7.92,1739.73,74.43,Lengkap & Terikat Sempurna,Kol 1 (Lancar),Sesuai Limit Wewenang Komite Kredit,Sesuai Batas BMPK (<10% Modal),Diasuransikan Penuh (All Risk),Sesuai Proposal Usaha,Tidak,1,1,-
LEND-1041,Cabang Surabaya,Kredit Multiguna (KMG),13609.7,10.18,18836.96,72.25,Lengkap & Terikat Sempurna,Kol 3-5 (NPL / Macet),Sesuai Limit Wewenang Komite Kredit,Sesuai Batas BMPK (<10% Modal),Diasuransikan Penuh (All Risk),Sesuai Proposal Usaha,Ya (Anomali),5,5,Penyetujuan kredit kepada debitur dengan riwayat kolektibilitas macet (Kol 3-5) pada SLIK OJK tanpa analisis mitigasi risiko
LEND-1042,Cabang Jakarta,Kredit Modal Kerja (KMK),15709.37,10.82,20481.58,76.7,Lengkap & Terikat Sempurna,Kol 1 (Lancar),Sesuai Limit Wewenang Komite Kredit,Sesuai Batas BMPK (<10% Modal),Diasuransikan Penuh (All Risk),Sesuai Proposal Usaha,Tidak,2,2,-
LEND-1043,Kantor Pusat,Kredit Pemilikan Rumah (KPR),21454.83,12.64,15209.72,141.06,Lengkap & Terikat Sempurna,Kol 1 (Lancar),Sesuai Limit Wewenang Komite Kredit,Sesuai Batas BMPK (<10% Modal),Diasuransikan Penuh (All Risk),Sesuai Proposal Usaha,Ya (Anomali),5,5,"Rasio Loan to Value (141.06%) melampaui batas wajar (>100%), agunan defisit (Rp 15209.72 Juta) tidak mencukupi plafon kredit"
LEND-1044,Cabang Jakarta,Kredit Usaha Rakyat (KUR) / Mikro,382.43,7.1,550.97,69.41,Lengkap & Terikat Sempurna,Kol 2 (Dalam Perhatian Khusus),Sesuai Limit Wewenang Komite Kredit,Sesuai Batas BMPK (<10% Modal),Diasuransikan Penuh (All Risk),Sesuai Proposal Usaha,Tidak,1,1,-
LEND-1045,Kantor Pusat,Kredit Multiguna (KMG),1297.03,11.43,2112.77,61.39,Lengkap & Terikat Sempurna,Kol 1 (Lancar),Sesuai Limit Wewenang Komite Kredit,Sesuai Batas BMPK (<10% Modal),Diasuransikan Penuh (All Risk),Sesuai Proposal Usaha,Tidak,1,1,-
LEND-1046,Cabang Medan,Kredit Investasi (KI),33567.32,9.96,51929.64,64.64,Lengkap & Terikat Sempurna,Kol 1 (Lancar),Sesuai Limit Wewenang Komite Kredit,Sesuai Batas BMPK (<10% Modal),Diasuransikan Penuh (All Risk),Sesuai Proposal Usaha,Tidak,2,1,-
LEND-1047,Cabang Jakarta,Kredit Multiguna (KMG),20258.67,11.65,14658.95,138.2,Lengkap & Terikat Sempurna,Kol 1 (Lancar),Sesuai Limit Wewenang Komite Kredit,Sesuai Batas BMPK (<10% Modal),Diasuransikan Penuh (All Risk),Sesuai Proposal Usaha,Ya (Anomali),5,5,"Rasio Loan to Value (138.2%) melampaui batas wajar (>100%), agunan defisit (Rp 14658.95 Juta) tidak mencukupi plafon kredit"
LEND-1048,Cabang Medan,Kredit Multiguna (KMG),6939.44,11.63,9687.9,71.63,Lengkap & Terikat Sempurna,Kol 3-5 (NPL / Macet),Sesuai Limit Wewenang Komite Kredit,Sesuai Batas BMPK (<10% Modal),Diasuransikan Penuh (All Risk),Sesuai Proposal Usaha,Ya (Anomali),5,5,Penyetujuan kredit kepada debitur dengan riwayat kolektibilitas macet (Kol 3-5) pada SLIK OJK tanpa analisis mitigasi risiko
LEND-1049,Cabang Bandung,Kredit Sindikasi Korporasi,30073.55,8.42,54560.14,55.12,Lengkap & Terikat Sempurna,Kol 1 (Lancar),Sesuai Limit Wewenang Komite Kredit,Sesuai Batas BMPK (<10% Modal),Diasuransikan Penuh (All Risk),Sesuai Proposal Usaha,Tidak,1,1,-
LEND-1050,Kantor Pusat,Kredit Pemilikan Rumah (KPR),2912.88,9.86,4482.73,64.98,Lengkap & Terikat Sempurna,Kol 1 (Lancar),Sesuai Limit Wewenang Komite Kredit,Sesuai Batas BMPK (<10% Modal),Diasuransikan Penuh (All Risk),Sesuai Proposal Usaha,Tidak,2,1,-
LEND-1051,Cabang Bali,Kredit Sindikasi Korporasi,38606.67,8.65,57846.37,66.74,Lengkap & Terikat Sempurna,Kol 1 (Lancar),Sesuai Limit Wewenang Komite Kredit,Sesuai Batas BMPK (<10% Modal),Diasuransikan Penuh (All Risk),Sesuai Proposal Usaha,Tidak,2,2,-
LEND-1052,Cabang Bandung,Kredit Investasi (KI),27234.95,10.8,46819.58,58.17,Lengkap & Terikat Sempurna,Kol 1 (Lancar),Sesuai Limit Wewenang Komite Kredit,Sesuai Batas BMPK (<10% Modal),Diasuransikan Penuh (All Risk),Sesuai Proposal Usaha,Tidak,1,1,-
LEND-1053,Cabang Medan,Kredit Usaha Rakyat (KUR) / Mikro,450.82,7.03,618.41,72.9,Lengkap & Terikat Sempurna,Kol 1 (Lancar),Sesuai Limit Wewenang Komite Kredit,Sesuai Batas BMPK (<10% Modal),Diasuransikan Penuh (All Risk),Sesuai Proposal Usaha,Tidak,1,1,-
LEND-1054,Cabang Bandung,Kredit Investasi (KI),31485.76,10.62,55855.53,56.37,Lengkap & Terikat Sempurna,Kol 1 (Lancar),Sesuai Limit Wewenang Komite Kredit,Sesuai Batas BMPK (<10% Modal),Diasuransikan Penuh (All Risk),Sesuai Proposal Usaha,Tidak,1,1,-
LEND-1055,Kantor Pusat,Kredit Modal Kerja (KMK),24968.3,11.71,34707.12,71.94,Lengkap & Terikat Sempurna,Kol 1 (Lancar),Sesuai Limit Wewenang Komite Kredit,Sesuai Batas BMPK (<10% Modal),Diasuransikan Penuh (All Risk),Sesuai Proposal Usaha,Tidak,2,1,-
LEND-1056,Cabang Jakarta,Kredit Multiguna (KMG),9313.42,10.94,14379.22,64.77,Lengkap & Terikat Sempurna,Kol 3-5 (NPL / Macet),Sesuai Limit Wewenang Komite Kredit,Sesuai Batas BMPK (<10% Modal),Diasuransikan Penuh (All Risk),Sesuai Proposal Usaha,Ya (Anomali),5,5,Penyetujuan kredit kepada debitur dengan riwayat kolektibilitas macet (Kol 3-5) pada SLIK OJK tanpa analisis mitigasi risiko
LEND-1057,Kantor Pusat,Kredit Investasi (KI),2073.02,11.69,3320.55,62.43,Lengkap & Terikat Sempurna,Kol 1 (Lancar),Sesuai Limit Wewenang Komite Kredit,Sesuai Batas BMPK (<10% Modal),Diasuransikan Penuh (All Risk),Sesuai Proposal Usaha,Tidak,2,1,-
LEND-1058,Kantor Pusat,Kredit Investasi (KI),27835.33,9.13,41501.91,67.07,Lengkap & Terikat Sempurna,Kol 1 (Lancar),Sesuai Limit Wewenang Komite Kredit,Sesuai Batas BMPK (<10% Modal),Diasuransikan Penuh (All Risk),Sesuai Proposal Usaha,Tidak,1,1,-
LEND-1059,Cabang Bali,Kredit Investasi (KI),10283.05,10.81,13710.73,75.0,Lengkap & Terikat Sempurna,Kol 1 (Lancar),Sesuai Limit Wewenang Komite Kredit,Sesuai Batas BMPK (<10% Modal),Diasuransikan Penuh (All Risk),Sesuai Proposal Usaha,Tidak,1,1,-
LEND-1060,Cabang Medan,Kredit Pemilikan Rumah (KPR),536.46,9.21,881.47,60.86,Lengkap & Terikat Sempurna,Kol 1 (Lancar),Sesuai Limit Wewenang Komite Kredit,Sesuai Batas BMPK (<10% Modal),Diasuransikan Penuh (All Risk),Sesuai Proposal Usaha,Tidak,1,2,-
LEND-1061,Cabang Jakarta,Kredit Modal Kerja (KMK),8462.91,9.05,11593.03,73.0,Lengkap & Terikat Sempurna,Kol 1 (Lancar),Sesuai Limit Wewenang Komite Kredit,Sesuai Batas BMPK (<10% Modal),Diasuransikan Penuh (All Risk),Sesuai Proposal Usaha,Tidak,1,1,-
LEND-1062,Cabang Bali,Kredit Sindikasi Korporasi,70065.81,10.34,103265.75,67.85,Lengkap & Terikat Sempurna,Kol 1 (Lancar),Sesuai Limit Wewenang Komite Kredit,Sesuai Batas BMPK (<10% Modal),Diasuransikan Penuh (All Risk),Sesuai Proposal Usaha,Tidak,1,2,-
LEND-1063,Cabang Jakarta,Kredit Multiguna (KMG),1198.84,13.13,1650.39,72.64,Lengkap & Terikat Sempurna,Kol 1 (Lancar),Sesuai Limit Wewenang Komite Kredit,Sesuai Batas BMPK (<10% Modal),Diasuransikan Penuh (All Risk),Sesuai Proposal Usaha,Tidak,1,2,-
LEND-1064,Cabang Jakarta,Kredit Modal Kerja (KMK),59195.61,10.42,71320.01,83.0,Lengkap & Terikat Sempurna,Kol 1 (Lancar),Melampaui Limit Wewenang Cabang (BKMK Breach),Sesuai Batas BMPK (<10% Modal),Diasuransikan Penuh (All Risk),Sesuai Proposal Usaha,Ya (Anomali),5,5,Pencairan kredit bernilai Rp 59195.61 Juta melampaui batas kewenangan memutus kredit (BKMK) komite cabang tanpa persetujuan Kantor Pusat
LEND-1065,Cabang Bandung,Kredit Sindikasi Korporasi,74726.53,8.6,146666.4,50.95,Lengkap & Terikat Sempurna,Kol 1 (Lancar),Sesuai Limit Wewenang Komite Kredit,Sesuai Batas BMPK (<10% Modal),Diasuransikan Penuh (All Risk),Sesuai Proposal Usaha,Tidak,2,2,-
LEND-1066,Cabang Surabaya,Kredit Investasi (KI),39933.05,8.83,71938.48,55.51,Lengkap & Terikat Sempurna,Kol 1 (Lancar),Sesuai Limit Wewenang Komite Kredit,Sesuai Batas BMPK (<10% Modal),Diasuransikan Penuh (All Risk),Sesuai Proposal Usaha,Tidak,1,1,-
LEND-1067,Kantor Pusat,Kredit Modal Kerja (KMK),29779.02,9.82,47593.13,62.57,Lengkap & Terikat Sempurna,Kol 1 (Lancar),Sesuai Limit Wewenang Komite Kredit,Sesuai Batas BMPK (<10% Modal),Diasuransikan Penuh (All Risk),Sesuai Proposal Usaha,Tidak,1,1,-
LEND-1068,Cabang Surabaya,Kredit Modal Kerja (KMK),8765.68,10.49,11220.79,78.12,Lengkap & Terikat Sempurna,Kol 2 (Dalam Perhatian Khusus),Sesuai Limit Wewenang Komite Kredit,Sesuai Batas BMPK (<10% Modal),Diasuransikan Penuh (All Risk),Sesuai Proposal Usaha,Tidak,1,1,-
LEND-1069,Cabang Bandung,Kredit Pemilikan Rumah (KPR),1455.66,7.61,1772.39,82.13,Lengkap & Terikat Sempurna,Kol 1 (Lancar),Sesuai Limit Wewenang Komite Kredit,Sesuai Batas BMPK (<10% Modal),Diasuransikan Penuh (All Risk),Sesuai Proposal Usaha,Tidak,1,1,-
LEND-1070,Cabang Surabaya,Kredit Pemilikan Rumah (KPR),1251.27,8.36,1931.57,64.78,Lengkap & Terikat Sempurna,Kol 1 (Lancar),Sesuai Limit Wewenang Komite Kredit,Sesuai Batas BMPK (<10% Modal),Diasuransikan Penuh (All Risk),Sesuai Proposal Usaha,Tidak,1,2,-
LEND-1071,Cabang Surabaya,Kredit Modal Kerja (KMK),12993.13,11.83,18154.44,71.57,Lengkap & Terikat Sempurna,Kol 1 (Lancar),Sesuai Limit Wewenang Komite Kredit,Sesuai Batas BMPK (<10% Modal),Diasuransikan Penuh (All Risk),Sesuai Proposal Usaha,Tidak,1,1,-
LEND-1072,Cabang Bandung,Kredit Pemilikan Rumah (KPR),1279.15,7.63,1567.01,81.63,Lengkap & Terikat Sempurna,Kol 1 (Lancar),Sesuai Limit Wewenang Komite Kredit,Sesuai Batas BMPK (<10% Modal),Diasuransikan Penuh (All Risk),Sesuai Proposal Usaha,Tidak,1,1,-
LEND-1073,Cabang Jakarta,Kredit Pemilikan Rumah (KPR),3715.12,8.04,5208.36,71.33,Lengkap & Terikat Sempurna,Kol 1 (Lancar),Sesuai Limit Wewenang Komite Kredit,Sesuai Batas BMPK (<10% Modal),Diasuransikan Penuh (All Risk),Sesuai Proposal Usaha,Tidak,1,1,-
LEND-1074,Cabang Bandung,Kredit Multiguna (KMG),1783.43,11.99,2393.54,74.51,Lengkap & Terikat Sempurna,Kol 1 (Lancar),Sesuai Limit Wewenang Komite Kredit,Sesuai Batas BMPK (<10% Modal),Diasuransikan Penuh (All Risk),Sesuai Proposal Usaha,Tidak,1,1,-
LEND-1075,Cabang Medan,Kredit Modal Kerja (KMK),24873.63,12.26,33360.56,74.56,Lengkap & Terikat Sempurna,Kol 1 (Lancar),Sesuai Limit Wewenang Komite Kredit,Sesuai Batas BMPK (<10% Modal),Diasuransikan Penuh (All Risk),Sesuai Proposal Usaha,Tidak,1,2,-
LEND-1076,Cabang Jakarta,Kredit Modal Kerja (KMK),26229.58,12.12,39579.87,66.27,Lengkap & Terikat Sempurna,Kol 1 (Lancar),Sesuai Limit Wewenang Komite Kredit,Sesuai Batas BMPK (<10% Modal),Diasuransikan Penuh (All Risk),Sesuai Proposal Usaha,Tidak,2,2,-
LEND-1077,Kantor Pusat,Kredit Investasi (KI),5759.84,11.52,7623.88,75.55,Pencairan Sebelum Syarat Efektif Lengkap (Pelanggaran),Kol 1 (Lancar),Sesuai Limit Wewenang Komite Kredit,Sesuai Batas BMPK (<10% Modal),Diasuransikan Penuh (All Risk),Sesuai Proposal Usaha,Ya (Anomali),4,4,Pencairan fasilitas kredit mendahului pemenuhan dokumen syarat efektif dan bukti pengikatan agunan (APHT/Fidusia)
LEND-1078,Cabang Surabaya,Kredit Pemilikan Rumah (KPR),1786.5,7.62,2362.16,75.63,Lengkap & Terikat Sempurna,Kol 1 (Lancar),Sesuai Limit Wewenang Komite Kredit,Sesuai Batas BMPK (<10% Modal),Diasuransikan Penuh (All Risk),Sesuai Proposal Usaha,Tidak,1,1,-
LEND-1079,Cabang Jakarta,Kredit Modal Kerja (KMK),23024.62,9.91,33720.88,68.28,Lengkap & Terikat Sempurna,Kol 1 (Lancar),Sesuai Limit Wewenang Komite Kredit,Sesuai Batas BMPK (<10% Modal),Diasuransikan Penuh (All Risk),Sesuai Proposal Usaha,Tidak,1,1,-
LEND-1080,Cabang Medan,Kredit Pemilikan Rumah (KPR),3332.53,8.2,4036.49,82.56,Lengkap & Terikat Sempurna,Kol 1 (Lancar),Sesuai Limit Wewenang Komite Kredit,Sesuai Batas BMPK (<10% Modal),Diasuransikan Penuh (All Risk),Sesuai Proposal Usaha,Tidak,1,1,-
LEND-1081,Cabang Bali,Kredit Modal Kerja (KMK),8570.92,8.63,11414.2,75.09,Lengkap & Terikat Sempurna,Kol 1 (Lancar),Sesuai Limit Wewenang Komite Kredit,Sesuai Batas BMPK (<10% Modal),Diasuransikan Penuh (All Risk),Sesuai Proposal Usaha,Tidak,1,2,-
LEND-1082,Cabang Bandung,Kredit Pemilikan Rumah (KPR),4353.65,7.9,5341.25,81.51,Lengkap & Terikat Sempurna,Kol 1 (Lancar),Sesuai Limit Wewenang Komite Kredit,Sesuai Batas BMPK (<10% Modal),Diasuransikan Penuh (All Risk),Sesuai Proposal Usaha,Tidak,1,1,-
LEND-1083,Cabang Jakarta,Kredit Multiguna (KMG),1694.89,13.59,2889.35,58.66,Lengkap & Terikat Sempurna,Kol 1 (Lancar),Sesuai Limit Wewenang Komite Kredit,Sesuai Batas BMPK (<10% Modal),Diasuransikan Penuh (All Risk),Sesuai Proposal Usaha,Tidak,1,1,-
LEND-1084,Cabang Jakarta,Kredit Usaha Rakyat (KUR) / Mikro,414.86,7.32,726.8,57.08,Lengkap & Terikat Sempurna,Kol 2 (Dalam Perhatian Khusus),Sesuai Limit Wewenang Komite Kredit,Sesuai Batas BMPK (<10% Modal),Diasuransikan Penuh (All Risk),Sesuai Proposal Usaha,Tidak,2,1,-
LEND-1085,Cabang Jakarta,Kredit Multiguna (KMG),1547.79,13.48,2394.48,64.64,Lengkap & Terikat Sempurna,Kol 1 (Lancar),Sesuai Limit Wewenang Komite Kredit,Sesuai Batas BMPK (<10% Modal),Diasuransikan Penuh (All Risk),Sesuai Proposal Usaha,Tidak,1,1,-
LEND-1086,Kantor Pusat,Kredit Pemilikan Rumah (KPR),2849.04,9.8,4288.14,66.44,Lengkap & Terikat Sempurna,Kol 1 (Lancar),Sesuai Limit Wewenang Komite Kredit,Sesuai Batas BMPK (<10% Modal),Diasuransikan Penuh (All Risk),Sesuai Proposal Usaha,Tidak,1,1,-
LEND-1087,Kantor Pusat,Kredit Usaha Rakyat (KUR) / Mikro,71.78,6.49,104.27,68.84,Lengkap & Terikat Sempurna,Kol 1 (Lancar),Sesuai Limit Wewenang Komite Kredit,Sesuai Batas BMPK (<10% Modal),Diasuransikan Penuh (All Risk),Sesuai Proposal Usaha,Tidak,1,1,-
LEND-1088,Kantor Pusat,Kredit Modal Kerja (KMK),6007.56,11.4,7609.32,78.95,Lengkap & Terikat Sempurna,Kol 1 (Lancar),Sesuai Limit Wewenang Komite Kredit,Sesuai Batas BMPK (<10% Modal),Diasuransikan Penuh (All Risk),Sesuai Proposal Usaha,Tidak,1,1,-
LEND-1089,Kantor Pusat,Kredit Multiguna (KMG),2135.43,10.98,3477.33,61.41,Lengkap & Terikat Sempurna,Kol 2 (Dalam Perhatian Khusus),Sesuai Limit Wewenang Komite Kredit,Sesuai Batas BMPK (<10% Modal),Diasuransikan Penuh (All Risk),Sesuai Proposal Usaha,Tidak,1,1,-
LEND-1090,Cabang Medan,Kredit Investasi (KI),40987.66,9.05,68909.99,59.48,Lengkap & Terikat Sempurna,Kol 1 (Lancar),Sesuai Limit Wewenang Komite Kredit,Sesuai Batas BMPK (<10% Modal),Diasuransikan Penuh (All Risk),Sesuai Proposal Usaha,Tidak,1,2,-
LEND-1091,Cabang Bandung,Kredit Investasi (KI),13323.78,11.18,18652.92,71.43,Lengkap & Terikat Sempurna,Kol 1 (Lancar),Sesuai Limit Wewenang Komite Kredit,Sesuai Batas BMPK (<10% Modal),Diasuransikan Penuh (All Risk),Sesuai Proposal Usaha,Tidak,2,1,-
LEND-1092,Cabang Bandung,Kredit Modal Kerja (KMK),15139.17,10.81,20494.34,73.87,Lengkap & Terikat Sempurna,Kol 1 (Lancar),Sesuai Limit Wewenang Komite Kredit,Sesuai Batas BMPK (<10% Modal),Tanpa Asuransi Agunan (Risiko Tinggi),Indikasi Pengalihan Dana / Side-Streaming,Ya (Anomali),4,5,Indikasi penyimpangan penggunaan fasilitas kredit modal kerja (Side-Streaming) dan agunan tidak ditutup asuransi
LEND-1093,Cabang Bandung,Kredit Modal Kerja (KMK),24941.96,9.25,31842.15,78.33,Lengkap & Terikat Sempurna,Kol 1 (Lancar),Sesuai Limit Wewenang Komite Kredit,Sesuai Batas BMPK (<10% Modal),Diasuransikan Penuh (All Risk),Sesuai Proposal Usaha,Tidak,1,1,-
LEND-1094,Cabang Medan,Kredit Sindikasi Korporasi,45118.65,8.87,72040.0,62.63,Lengkap & Terikat Sempurna,Kol 1 (Lancar),Sesuai Limit Wewenang Komite Kredit,Sesuai Batas BMPK (<10% Modal),Diasuransikan Penuh (All Risk),Sesuai Proposal Usaha,Tidak,1,1,-
LEND-1095,Cabang Jakarta,Kredit Modal Kerja (KMK),13391.6,12.19,19907.24,67.27,Lengkap & Terikat Sempurna,Kol 1 (Lancar),Sesuai Limit Wewenang Komite Kredit,Sesuai Batas BMPK (<10% Modal),Diasuransikan Penuh (All Risk),Sesuai Proposal Usaha,Tidak,1,1,-
LEND-1096,Cabang Surabaya,Kredit Sindikasi Korporasi,28480.14,8.83,43171.35,65.97,Lengkap & Terikat Sempurna,Kol 1 (Lancar),Sesuai Limit Wewenang Komite Kredit,Sesuai Batas BMPK (<10% Modal),Diasuransikan Penuh (All Risk),Sesuai Proposal Usaha,Tidak,1,1,-
LEND-1097,Cabang Bali,Kredit Multiguna (KMG),1361.49,13.76,1826.28,74.55,Lengkap & Terikat Sempurna,Kol 1 (Lancar),Sesuai Limit Wewenang Komite Kredit,Sesuai Batas BMPK (<10% Modal),Diasuransikan Penuh (All Risk),Sesuai Proposal Usaha,Tidak,1,1,-
LEND-1098,Kantor Pusat,Kredit Usaha Rakyat (KUR) / Mikro,174.87,7.48,264.19,66.19,Lengkap & Terikat Sempurna,Kol 1 (Lancar),Sesuai Limit Wewenang Komite Kredit,Sesuai Batas BMPK (<10% Modal),Diasuransikan Penuh (All Risk),Sesuai Proposal Usaha,Tidak,2,2,-
LEND-1099,Cabang Bali,Kredit Pemilikan Rumah (KPR),2177.66,8.89,2571.94,84.67,Lengkap & Terikat Sempurna,Kol 1 (Lancar),Sesuai Limit Wewenang Komite Kredit,Sesuai Batas BMPK (<10% Modal),Diasuransikan Penuh (All Risk),Sesuai Proposal Usaha,Tidak,1,1,-
LEND-1100,Kantor Pusat,Kredit Usaha Rakyat (KUR) / Mikro,471.69,6.14,845.63,55.78,Lengkap & Terikat Sempurna,Kol 1 (Lancar),Sesuai Limit Wewenang Komite Kredit,Sesuai Batas BMPK (<10% Modal),Diasuransikan Penuh (All Risk),Sesuai Proposal Usaha,Tidak,1,2,-
LEND-1101,Cabang Jakarta,Kredit Multiguna (KMG),645.6,10.61,914.06,70.63,Lengkap & Terikat Sempurna,Kol 1 (Lancar),Sesuai Limit Wewenang Komite Kredit,Sesuai Batas BMPK (<10% Modal),Diasuransikan Penuh (All Risk),Sesuai Proposal Usaha,Tidak,1,1,-
LEND-1102,Cabang Medan,Kredit Sindikasi Korporasi,40614.45,8.25,72370.72,56.12,Lengkap & Terikat Sempurna,Kol 1 (Lancar),Sesuai Limit Wewenang Komite Kredit,Sesuai Batas BMPK (<10% Modal),Diasuransikan Penuh (All Risk),Sesuai Proposal Usaha,Tidak,1,2,-
LEND-1103,Kantor Pusat,Kredit Sindikasi Korporasi,72354.36,9.17,109561.42,66.04,Lengkap & Terikat Sempurna,Kol 2 (Dalam Perhatian Khusus),Sesuai Limit Wewenang Komite Kredit,Sesuai Batas BMPK (<10% Modal),Diasuransikan Penuh (All Risk),Sesuai Proposal Usaha,Tidak,1,1,-
LEND-1104,Cabang Jakarta,Kredit Modal Kerja (KMK),14288.49,12.03,20600.48,69.36,Lengkap & Terikat Sempurna,Kol 1 (Lancar),Sesuai Limit Wewenang Komite Kredit,Sesuai Batas BMPK (<10% Modal),Diasuransikan Penuh (All Risk),Sesuai Proposal Usaha,Tidak,1,1,-
LEND-1105,Cabang Jakarta,Kredit Pemilikan Rumah (KPR),3103.65,8.96,3944.15,78.69,Lengkap & Terikat Sempurna,Kol 1 (Lancar),Sesuai Limit Wewenang Komite Kredit,Sesuai Batas BMPK (<10% Modal),Diasuransikan Penuh (All Risk),Sesuai Proposal Usaha,Tidak,2,1,-
LEND-1106,Cabang Jakarta,Kredit Usaha Rakyat (KUR) / Mikro,287.08,6.49,411.82,69.71,Lengkap & Terikat Sempurna,Kol 1 (Lancar),Sesuai Limit Wewenang Komite Kredit,Sesuai Batas BMPK (<10% Modal),Diasuransikan Penuh (All Risk),Sesuai Proposal Usaha,Tidak,1,2,-
LEND-1107,Cabang Medan,Kredit Modal Kerja (KMK),10735.4,11.07,15428.86,69.58,Lengkap & Terikat Sempurna,Kol 1 (Lancar),Sesuai Limit Wewenang Komite Kredit,Sesuai Batas BMPK (<10% Modal),Diasuransikan Penuh (All Risk),Sesuai Proposal Usaha,Tidak,2,2,-
LEND-1108,Cabang Bali,Kredit Usaha Rakyat (KUR) / Mikro,471.07,6.69,875.76,53.79,Lengkap & Terikat Sempurna,Kol 1 (Lancar),Sesuai Limit Wewenang Komite Kredit,Sesuai Batas BMPK (<10% Modal),Diasuransikan Penuh (All Risk),Sesuai Proposal Usaha,Tidak,1,1,-
LEND-1109,Cabang Jakarta,Kredit Modal Kerja (KMK),1595.87,11.76,2241.08,71.21,Lengkap & Terikat Sempurna,Kol 1 (Lancar),Sesuai Limit Wewenang Komite Kredit,Sesuai Batas BMPK (<10% Modal),Diasuransikan Penuh (All Risk),Sesuai Proposal Usaha,Tidak,2,1,-
LEND-1110,Cabang Bandung,Kredit Usaha Rakyat (KUR) / Mikro,351.68,6.23,596.57,58.95,Lengkap & Terikat Sempurna,Kol 1 (Lancar),Sesuai Limit Wewenang Komite Kredit,Sesuai Batas BMPK (<10% Modal),Diasuransikan Penuh (All Risk),Sesuai Proposal Usaha,Tidak,1,1,-
LEND-1111,Kantor Pusat,Kredit Modal Kerja (KMK),11324.83,12.34,16862.46,67.16,Lengkap & Terikat Sempurna,Kol 1 (Lancar),Sesuai Limit Wewenang Komite Kredit,Sesuai Batas BMPK (<10% Modal),Diasuransikan Penuh (All Risk),Sesuai Proposal Usaha,Tidak,1,2,-
LEND-1112,Kantor Pusat,Kredit Pemilikan Rumah (KPR),3246.33,10.17,5073.18,63.99,Lengkap & Terikat Sempurna,Kol 1 (Lancar),Sesuai Limit Wewenang Komite Kredit,Sesuai Batas BMPK (<10% Modal),Diasuransikan Penuh (All Risk),Sesuai Proposal Usaha,Tidak,1,1,-
LEND-1113,Cabang Bali,Kredit Multiguna (KMG),1501.12,13.67,2135.31,70.3,Lengkap & Terikat Sempurna,Kol 1 (Lancar),Sesuai Limit Wewenang Komite Kredit,Sesuai Batas BMPK (<10% Modal),Diasuransikan Penuh (All Risk),Sesuai Proposal Usaha,Tidak,1,2,-
LEND-1114,Kantor Pusat,Kredit Pemilikan Rumah (KPR),867.67,10.32,1378.35,62.95,Lengkap & Terikat Sempurna,Kol 1 (Lancar),Sesuai Limit Wewenang Komite Kredit,Sesuai Batas BMPK (<10% Modal),Diasuransikan Penuh (All Risk),Sesuai Proposal Usaha,Tidak,1,1,-
LEND-1115,Cabang Jakarta,Kredit Pemilikan Rumah (KPR),1469.74,7.98,2146.23,68.48,Lengkap & Terikat Sempurna,Kol 1 (Lancar),Sesuai Limit Wewenang Komite Kredit,Sesuai Batas BMPK (<10% Modal),Diasuransikan Penuh (All Risk),Sesuai Proposal Usaha,Tidak,1,1,-
LEND-1116,Kantor Pusat,Kredit Investasi (KI),5899.02,10.26,7900.12,74.67,Lengkap & Terikat Sempurna,Kol 1 (Lancar),Sesuai Limit Wewenang Komite Kredit,Sesuai Batas BMPK (<10% Modal),Diasuransikan Penuh (All Risk),Sesuai Proposal Usaha,Tidak,1,2,-
LEND-1117,Cabang Bandung,Kredit Pemilikan Rumah (KPR),1867.35,8.96,2430.81,76.82,Lengkap & Terikat Sempurna,Kol 1 (Lancar),Sesuai Limit Wewenang Komite Kredit,Sesuai Batas BMPK (<10% Modal),Diasuransikan Penuh (All Risk),Sesuai Proposal Usaha,Tidak,2,1,-
LEND-1118,Cabang Jakarta,Kredit Modal Kerja (KMK),21273.96,10.22,32414.99,65.63,Lengkap & Terikat Sempurna,Kol 1 (Lancar),Sesuai Limit Wewenang Komite Kredit,Sesuai Batas BMPK (<10% Modal),Diasuransikan Penuh (All Risk),Sesuai Proposal Usaha,Tidak,2,1,-
LEND-1119,Kantor Pusat,Kredit Multiguna (KMG),2029.2,13.51,3323.83,61.05,Lengkap & Terikat Sempurna,Kol 1 (Lancar),Sesuai Limit Wewenang Komite Kredit,Sesuai Batas BMPK (<10% Modal),Diasuransikan Penuh (All Risk),Sesuai Proposal Usaha,Tidak,1,1,-
LEND-1120,Kantor Pusat,Kredit Modal Kerja (KMK),11222.14,11.25,14396.59,77.95,Lengkap & Terikat Sempurna,Kol 1 (Lancar),Sesuai Limit Wewenang Komite Kredit,Sesuai Batas BMPK (<10% Modal),Tanpa Asuransi Agunan (Risiko Tinggi),Indikasi Pengalihan Dana / Side-Streaming,Ya (Anomali),4,4,Indikasi penyimpangan penggunaan fasilitas kredit modal kerja (Side-Streaming) dan agunan tidak ditutup asuransi
LEND-1121,Cabang Jakarta,Kredit Multiguna (KMG),2011.28,13.46,2931.47,68.61,Lengkap & Terikat Sempurna,Kol 1 (Lancar),Sesuai Limit Wewenang Komite Kredit,Sesuai Batas BMPK (<10% Modal),Diasuransikan Penuh (All Risk),Sesuai Proposal Usaha,Tidak,1,1,-
LEND-1122,Cabang Bandung,Kredit Pemilikan Rumah (KPR),1919.46,9.28,2959.85,64.85,Lengkap & Terikat Sempurna,Kol 1 (Lancar),Sesuai Limit Wewenang Komite Kredit,Sesuai Batas BMPK (<10% Modal),Diasuransikan Penuh (All Risk),Sesuai Proposal Usaha,Tidak,1,1,-
LEND-1123,Cabang Bali,Kredit Multiguna (KMG),1292.06,11.31,1762.46,73.31,Lengkap & Terikat Sempurna,Kol 1 (Lancar),Sesuai Limit Wewenang Komite Kredit,Sesuai Batas BMPK (<10% Modal),Diasuransikan Penuh (All Risk),Sesuai Proposal Usaha,Tidak,2,1,-
LEND-1124,Cabang Jakarta,Kredit Multiguna (KMG),1544.09,13.95,2410.0,64.07,Lengkap & Terikat Sempurna,Kol 1 (Lancar),Sesuai Limit Wewenang Komite Kredit,Sesuai Batas BMPK (<10% Modal),Diasuransikan Penuh (All Risk),Sesuai Proposal Usaha,Tidak,1,1,-
LEND-1125,Cabang Bandung,Kredit Multiguna (KMG),2154.65,13.81,3349.37,64.33,Lengkap & Terikat Sempurna,Kol 1 (Lancar),Sesuai Limit Wewenang Komite Kredit,Sesuai Batas BMPK (<10% Modal),Diasuransikan Penuh (All Risk),Sesuai Proposal Usaha,Tidak,1,2,-
LEND-1126,Kantor Pusat,Kredit Usaha Rakyat (KUR) / Mikro,62.54,7.44,107.44,58.21,Lengkap & Terikat Sempurna,Kol 2 (Dalam Perhatian Khusus),Sesuai Limit Wewenang Komite Kredit,Sesuai Batas BMPK (<10% Modal),Diasuransikan Penuh (All Risk),Sesuai Proposal Usaha,Tidak,1,1,-
LEND-1127,Cabang Surabaya,Kredit Pemilikan Rumah (KPR),4230.75,10.45,6628.15,63.83,Lengkap & Terikat Sempurna,Kol 1 (Lancar),Sesuai Limit Wewenang Komite Kredit,Sesuai Batas BMPK (<10% Modal),Diasuransikan Penuh (All Risk),Sesuai Proposal Usaha,Tidak,1,1,-
LEND-1128,Cabang Jakarta,Kredit Modal Kerja (KMK),18685.17,11.08,26842.65,69.61,Lengkap & Terikat Sempurna,Kol 2 (Dalam Perhatian Khusus),Sesuai Limit Wewenang Komite Kredit,Sesuai Batas BMPK (<10% Modal),Diasuransikan Penuh (All Risk),Sesuai Proposal Usaha,Tidak,1,2,-
LEND-1129,Kantor Pusat,Kredit Pemilikan Rumah (KPR),1643.67,10.33,2364.99,69.5,Lengkap & Terikat Sempurna,Kol 1 (Lancar),Sesuai Limit Wewenang Komite Kredit,Sesuai Batas BMPK (<10% Modal),Diasuransikan Penuh (All Risk),Sesuai Proposal Usaha,Tidak,1,1,-
LEND-1130,Cabang Surabaya,Kredit Modal Kerja (KMK),9672.36,11.85,13107.96,73.79,Lengkap & Terikat Sempurna,Kol 1 (Lancar),Sesuai Limit Wewenang Komite Kredit,Sesuai Batas BMPK (<10% Modal),Tanpa Asuransi Agunan (Risiko Tinggi),Indikasi Pengalihan Dana / Side-Streaming,Ya (Anomali),4,4,Indikasi penyimpangan penggunaan fasilitas kredit modal kerja (Side-Streaming) dan agunan tidak ditutup asuransi
LEND-1131,Cabang Bandung,Kredit Multiguna (KMG),1172.92,13.47,2111.85,55.54,Lengkap & Terikat Sempurna,Kol 1 (Lancar),Sesuai Limit Wewenang Komite Kredit,Sesuai Batas BMPK (<10% Modal),Diasuransikan Penuh (All Risk),Sesuai Proposal Usaha,Tidak,1,1,-
LEND-1132,Cabang Surabaya,Kredit Pemilikan Rumah (KPR),955.91,9.6,1267.28,75.43,Lengkap & Terikat Sempurna,Kol 1 (Lancar),Sesuai Limit Wewenang Komite Kredit,Sesuai Batas BMPK (<10% Modal),Diasuransikan Penuh (All Risk),Sesuai Proposal Usaha,Tidak,1,1,-
LEND-1133,Cabang Bandung,Kredit Modal Kerja (KMK),29023.58,10.94,43961.8,66.02,Lengkap & Terikat Sempurna,Kol 1 (Lancar),Sesuai Limit Wewenang Komite Kredit,Sesuai Batas BMPK (<10% Modal),Diasuransikan Penuh (All Risk),Sesuai Proposal Usaha,Tidak,1,1,-
LEND-1134,Cabang Surabaya,Kredit Modal Kerja (KMK),4693.59,10.21,6407.63,73.25,Lengkap & Terikat Sempurna,Kol 1 (Lancar),Sesuai Limit Wewenang Komite Kredit,Sesuai Batas BMPK (<10% Modal),Diasuransikan Penuh (All Risk),Sesuai Proposal Usaha,Tidak,1,1,-
LEND-1135,Cabang Jakarta,Kredit Pemilikan Rumah (KPR),3119.36,8.52,5106.17,61.09,Lengkap & Terikat Sempurna,Kol 1 (Lancar),Sesuai Limit Wewenang Komite Kredit,Sesuai Batas BMPK (<10% Modal),Diasuransikan Penuh (All Risk),Sesuai Proposal Usaha,Tidak,2,2,-
LEND-1136,Cabang Bali,Kredit Investasi (KI),37655.78,10.99,54134.24,69.56,Lengkap & Terikat Sempurna,Kol 1 (Lancar),Sesuai Limit Wewenang Komite Kredit,Sesuai Batas BMPK (<10% Modal),Diasuransikan Penuh (All Risk),Sesuai Proposal Usaha,Tidak,2,1,-
LEND-1137,Cabang Jakarta,Kredit Investasi (KI),43680.75,8.99,77530.62,56.34,Lengkap & Terikat Sempurna,Kol 1 (Lancar),Sesuai Limit Wewenang Komite Kredit,Sesuai Batas BMPK (<10% Modal),Diasuransikan Penuh (All Risk),Sesuai Proposal Usaha,Tidak,2,2,-
LEND-1138,Cabang Jakarta,Kredit Usaha Rakyat (KUR) / Mikro,268.22,7.03,371.5,72.2,Lengkap & Terikat Sempurna,Kol 1 (Lancar),Sesuai Limit Wewenang Komite Kredit,Sesuai Batas BMPK (<10% Modal),Diasuransikan Penuh (All Risk),Sesuai Proposal Usaha,Tidak,2,1,-
LEND-1139,Kantor Pusat,Kredit Sindikasi Korporasi,48636.6,9.45,75172.49,64.7,Lengkap & Terikat Sempurna,Kol 1 (Lancar),Sesuai Limit Wewenang Komite Kredit,Sesuai Batas BMPK (<10% Modal),Diasuransikan Penuh (All Risk),Sesuai Proposal Usaha,Tidak,2,2,-
LEND-1140,Cabang Jakarta,Kredit Multiguna (KMG),672.01,11.15,1112.6,60.4,Lengkap & Terikat Sempurna,Kol 1 (Lancar),Sesuai Limit Wewenang Komite Kredit,Sesuai Batas BMPK (<10% Modal),Diasuransikan Penuh (All Risk),Sesuai Proposal Usaha,Tidak,1,1,-
LEND-1141,Cabang Jakarta,Kredit Investasi (KI),21216.7,4.13,34181.89,62.07,Lengkap & Terikat Sempurna,Kol 1 (Lancar),Sesuai Limit Wewenang Komite Kredit,Pelanggaran BMPK Pihak Terafiliasi,Diasuransikan Penuh (All Risk),Sesuai Proposal Usaha,Ya (Anomali),5,5,Pemberian bunga kredit murah ekstrem (4.13%) kepada pihak terafiliasi bank melanggar batas ketentuan BMPK OJK
LEND-1142,Kantor Pusat,Kredit Pemilikan Rumah (KPR),2532.66,9.93,3091.25,81.93,Lengkap & Terikat Sempurna,Kol 2 (Dalam Perhatian Khusus),Sesuai Limit Wewenang Komite Kredit,Sesuai Batas BMPK (<10% Modal),Diasuransikan Penuh (All Risk),Sesuai Proposal Usaha,Tidak,1,1,-
LEND-1143,Cabang Jakarta,Kredit Modal Kerja (KMK),24008.21,9.27,33554.45,71.55,Lengkap & Terikat Sempurna,Kol 1 (Lancar),Sesuai Limit Wewenang Komite Kredit,Sesuai Batas BMPK (<10% Modal),Diasuransikan Penuh (All Risk),Sesuai Proposal Usaha,Tidak,1,1,-
LEND-1144,Kantor Pusat,Kredit Investasi (KI),30614.34,10.01,46782.3,65.44,Lengkap & Terikat Sempurna,Kol 1 (Lancar),Sesuai Limit Wewenang Komite Kredit,Sesuai Batas BMPK (<10% Modal),Diasuransikan Penuh (All Risk),Sesuai Proposal Usaha,Tidak,1,1,-
LEND-1145,Cabang Jakarta,Kredit Pemilikan Rumah (KPR),1991.12,9.28,2827.89,70.41,Lengkap & Terikat Sempurna,Kol 1 (Lancar),Sesuai Limit Wewenang Komite Kredit,Sesuai Batas BMPK (<10% Modal),Diasuransikan Penuh (All Risk),Sesuai Proposal Usaha,Tidak,1,1,-
LEND-1146,Cabang Medan,Kredit Modal Kerja (KMK),12783.96,11.47,15363.49,83.21,Lengkap & Terikat Sempurna,Kol 1 (Lancar),Sesuai Limit Wewenang Komite Kredit,Sesuai Batas BMPK (<10% Modal),Tanpa Asuransi Agunan (Risiko Tinggi),Indikasi Pengalihan Dana / Side-Streaming,Ya (Anomali),4,4,Indikasi penyimpangan penggunaan fasilitas kredit modal kerja (Side-Streaming) dan agunan tidak ditutup asuransi
LEND-1147,Cabang Jakarta,Kredit Investasi (KI),31503.0,11.24,51441.87,61.24,Lengkap & Terikat Sempurna,Kol 1 (Lancar),Sesuai Limit Wewenang Komite Kredit,Sesuai Batas BMPK (<10% Modal),Diasuransikan Penuh (All Risk),Sesuai Proposal Usaha,Tidak,1,1,-
LEND-1148,Cabang Jakarta,Kredit Modal Kerja (KMK),10564.69,12.16,14247.73,74.15,Lengkap & Terikat Sempurna,Kol 1 (Lancar),Sesuai Limit Wewenang Komite Kredit,Sesuai Batas BMPK (<10% Modal),Diasuransikan Penuh (All Risk),Sesuai Proposal Usaha,Tidak,1,1,-
LEND-1149,Cabang Jakarta,Kredit Multiguna (KMG),2074.35,13.57,3374.57,61.47,Lengkap & Terikat Sempurna,Kol 1 (Lancar),Sesuai Limit Wewenang Komite Kredit,Sesuai Batas BMPK (<10% Modal),Diasuransikan Penuh (All Risk),Sesuai Proposal Usaha,Tidak,1,1,-
LEND-1150,Kantor Pusat,Kredit Investasi (KI),26700.82,9.85,41564.17,64.24,Lengkap & Terikat Sempurna,Kol 2 (Dalam Perhatian Khusus),Sesuai Limit Wewenang Komite Kredit,Sesuai Batas BMPK (<10% Modal),Diasuransikan Penuh (All Risk),Sesuai Proposal Usaha,Tidak,1,2,-
LEND-1151,Cabang Surabaya,Kredit Investasi (KI),39296.99,8.85,53897.94,72.91,Lengkap & Terikat Sempurna,Kol 1 (Lancar),Sesuai Limit Wewenang Komite Kredit,Sesuai Batas BMPK (<10% Modal),Diasuransikan Penuh (All Risk),Sesuai Proposal Usaha,Tidak,2,2,-
LEND-1152,Cabang Jakarta,Kredit Pemilikan Rumah (KPR),3334.1,10.25,4683.38,71.19,Lengkap & Terikat Sempurna,Kol 1 (Lancar),Sesuai Limit Wewenang Komite Kredit,Sesuai Batas BMPK (<10% Modal),Diasuransikan Penuh (All Risk),Sesuai Proposal Usaha,Tidak,2,2,-
LEND-1153,Kantor Pusat,Kredit Multiguna (KMG),1856.26,12.46,3368.28,55.11,Lengkap & Terikat Sempurna,Kol 2 (Dalam Perhatian Khusus),Sesuai Limit Wewenang Komite Kredit,Sesuai Batas BMPK (<10% Modal),Diasuransikan Penuh (All Risk),Sesuai Proposal Usaha,Tidak,1,1,-
LEND-1154,Cabang Surabaya,Kredit Pemilikan Rumah (KPR),3817.22,8.65,5017.38,76.08,Lengkap & Terikat Sempurna,Kol 1 (Lancar),Sesuai Limit Wewenang Komite Kredit,Sesuai Batas BMPK (<10% Modal),Diasuransikan Penuh (All Risk),Sesuai Proposal Usaha,Tidak,1,1,-
LEND-1155,Kantor Pusat,Kredit Usaha Rakyat (KUR) / Mikro,266.53,6.86,376.24,70.84,Lengkap & Terikat Sempurna,Kol 1 (Lancar),Sesuai Limit Wewenang Komite Kredit,Sesuai Batas BMPK (<10% Modal),Diasuransikan Penuh (All Risk),Sesuai Proposal Usaha,Tidak,1,2,-
LEND-1156,Cabang Bali,Kredit Multiguna (KMG),2239.79,11.9,3939.13,56.86,Lengkap & Terikat Sempurna,Kol 1 (Lancar),Sesuai Limit Wewenang Komite Kredit,Sesuai Batas BMPK (<10% Modal),Diasuransikan Penuh (All Risk),Sesuai Proposal Usaha,Tidak,1,1,-
LEND-1157,Cabang Bandung,Kredit Multiguna (KMG),1777.63,13.91,2433.11,73.06,Lengkap & Terikat Sempurna,Kol 1 (Lancar),Sesuai Limit Wewenang Komite Kredit,Sesuai Batas BMPK (<10% Modal),Diasuransikan Penuh (All Risk),Sesuai Proposal Usaha,Tidak,1,2,-
LEND-1158,Cabang Jakarta,Kredit Modal Kerja (KMK),715.89,9.44,911.5,78.54,Lengkap & Terikat Sempurna,Kol 1 (Lancar),Sesuai Limit Wewenang Komite Kredit,Sesuai Batas BMPK (<10% Modal),Diasuransikan Penuh (All Risk),Sesuai Proposal Usaha,Tidak,1,1,-
LEND-1159,Cabang Surabaya,Kredit Multiguna (KMG),2235.04,13.89,3982.61,56.12,Lengkap & Terikat Sempurna,Kol 2 (Dalam Perhatian Khusus),Sesuai Limit Wewenang Komite Kredit,Sesuai Batas BMPK (<10% Modal),Diasuransikan Penuh (All Risk),Sesuai Proposal Usaha,Tidak,1,2,-
LEND-1160,Cabang Surabaya,Kredit Sindikasi Korporasi,29124.24,8.39,51702.89,56.33,Lengkap & Terikat Sempurna,Kol 1 (Lancar),Sesuai Limit Wewenang Komite Kredit,Sesuai Batas BMPK (<10% Modal),Diasuransikan Penuh (All Risk),Sesuai Proposal Usaha,Tidak,1,1,-
LEND-1161,Cabang Medan,Kredit Modal Kerja (KMK),12809.92,10.4,18159.8,70.54,Lengkap & Terikat Sempurna,Kol 1 (Lancar),Sesuai Limit Wewenang Komite Kredit,Sesuai Batas BMPK (<10% Modal),Diasuransikan Penuh (All Risk),Sesuai Proposal Usaha,Tidak,2,1,-
LEND-1162,Kantor Pusat,Kredit Usaha Rakyat (KUR) / Mikro,218.08,7.04,336.13,64.88,Lengkap & Terikat Sempurna,Kol 1 (Lancar),Sesuai Limit Wewenang Komite Kredit,Sesuai Batas BMPK (<10% Modal),Diasuransikan Penuh (All Risk),Sesuai Proposal Usaha,Tidak,1,2,-
LEND-1163,Cabang Bandung,Kredit Investasi (KI),17438.07,10.06,28718.82,60.72,Lengkap & Terikat Sempurna,Kol 1 (Lancar),Sesuai Limit Wewenang Komite Kredit,Sesuai Batas BMPK (<10% Modal),Diasuransikan Penuh (All Risk),Sesuai Proposal Usaha,Tidak,1,1,-
LEND-1164,Cabang Jakarta,Kredit Multiguna (KMG),2108.05,12.03,2829.98,74.49,Lengkap & Terikat Sempurna,Kol 1 (Lancar),Sesuai Limit Wewenang Komite Kredit,Sesuai Batas BMPK (<10% Modal),Diasuransikan Penuh (All Risk),Sesuai Proposal Usaha,Tidak,1,1,-
LEND-1165,Cabang Bandung,Kredit Modal Kerja (KMK),1143.9,8.64,1810.25,63.19,Lengkap & Terikat Sempurna,Kol 1 (Lancar),Sesuai Limit Wewenang Komite Kredit,Sesuai Batas BMPK (<10% Modal),Diasuransikan Penuh (All Risk),Sesuai Proposal Usaha,Tidak,1,1,-
LEND-1166,Cabang Jakarta,Kredit Sindikasi Korporasi,44184.16,8.59,80686.92,54.76,Lengkap & Terikat Sempurna,Kol 2 (Dalam Perhatian Khusus),Sesuai Limit Wewenang Komite Kredit,Sesuai Batas BMPK (<10% Modal),Diasuransikan Penuh (All Risk),Sesuai Proposal Usaha,Tidak,1,2,-
LEND-1167,Cabang Surabaya,Kredit Pemilikan Rumah (KPR),3353.62,8.0,3996.69,83.91,Lengkap & Terikat Sempurna,Kol 1 (Lancar),Sesuai Limit Wewenang Komite Kredit,Sesuai Batas BMPK (<10% Modal),Diasuransikan Penuh (All Risk),Sesuai Proposal Usaha,Tidak,1,2,-
LEND-1168,Cabang Jakarta,Kredit Investasi (KI),13328.66,8.9,19980.0,66.71,Lengkap & Terikat Sempurna,Kol 1 (Lancar),Sesuai Limit Wewenang Komite Kredit,Sesuai Batas BMPK (<10% Modal),Diasuransikan Penuh (All Risk),Sesuai Proposal Usaha,Tidak,1,1,-
LEND-1169,Kantor Pusat,Kredit Modal Kerja (KMK),14986.11,12.23,22515.19,66.56,Lengkap & Terikat Sempurna,Kol 1 (Lancar),Sesuai Limit Wewenang Komite Kredit,Sesuai Batas BMPK (<10% Modal),Diasuransikan Penuh (All Risk),Sesuai Proposal Usaha,Tidak,2,2,-
LEND-1170,Cabang Jakarta,Kredit Multiguna (KMG),568.55,11.65,770.29,73.81,Lengkap & Terikat Sempurna,Kol 1 (Lancar),Sesuai Limit Wewenang Komite Kredit,Sesuai Batas BMPK (<10% Modal),Diasuransikan Penuh (All Risk),Sesuai Proposal Usaha,Tidak,1,1,-
LEND-1171,Cabang Bali,Kredit Pemilikan Rumah (KPR),4012.75,8.18,6497.33,61.76,Lengkap & Terikat Sempurna,Kol 1 (Lancar),Sesuai Limit Wewenang Komite Kredit,Sesuai Batas BMPK (<10% Modal),Diasuransikan Penuh (All Risk),Sesuai Proposal Usaha,Tidak,1,1,-
LEND-1172,Cabang Jakarta,Kredit Investasi (KI),11804.47,11.53,16261.84,72.59,Lengkap & Terikat Sempurna,Kol 1 (Lancar),Sesuai Limit Wewenang Komite Kredit,Sesuai Batas BMPK (<10% Modal),Diasuransikan Penuh (All Risk),Sesuai Proposal Usaha,Tidak,1,1,-
LEND-1173,Cabang Jakarta,Kredit Investasi (KI),6669.72,9.35,11857.28,56.25,Lengkap & Terikat Sempurna,Kol 1 (Lancar),Sesuai Limit Wewenang Komite Kredit,Sesuai Batas BMPK (<10% Modal),Diasuransikan Penuh (All Risk),Sesuai Proposal Usaha,Tidak,2,1,-
LEND-1174,Cabang Medan,Kredit Pemilikan Rumah (KPR),18388.25,9.53,13773.97,133.5,Lengkap & Terikat Sempurna,Kol 1 (Lancar),Sesuai Limit Wewenang Komite Kredit,Sesuai Batas BMPK (<10% Modal),Diasuransikan Penuh (All Risk),Sesuai Proposal Usaha,Ya (Anomali),5,5,"Rasio Loan to Value (133.5%) melampaui batas wajar (>100%), agunan defisit (Rp 13773.97 Juta) tidak mencukupi plafon kredit"
LEND-1175,Cabang Bandung,Kredit Sindikasi Korporasi,73552.59,8.58,143265.66,51.34,Lengkap & Terikat Sempurna,Kol 1 (Lancar),Sesuai Limit Wewenang Komite Kredit,Sesuai Batas BMPK (<10% Modal),Diasuransikan Penuh (All Risk),Sesuai Proposal Usaha,Tidak,1,1,-
LEND-1176,Cabang Jakarta,Kredit Modal Kerja (KMK),7817.31,12.02,12136.8,64.41,Lengkap & Terikat Sempurna,Kol 1 (Lancar),Sesuai Limit Wewenang Komite Kredit,Sesuai Batas BMPK (<10% Modal),Diasuransikan Penuh (All Risk),Sesuai Proposal Usaha,Tidak,1,1,-
LEND-1177,Cabang Bali,Kredit Pemilikan Rumah (KPR),530.0,8.42,703.76,75.31,Lengkap & Terikat Sempurna,Kol 2 (Dalam Perhatian Khusus),Sesuai Limit Wewenang Komite Kredit,Sesuai Batas BMPK (<10% Modal),Diasuransikan Penuh (All Risk),Sesuai Proposal Usaha,Tidak,2,1,-
LEND-1178,Kantor Pusat,Kredit Pemilikan Rumah (KPR),3231.6,7.72,4163.9,77.61,Lengkap & Terikat Sempurna,Kol 1 (Lancar),Sesuai Limit Wewenang Komite Kredit,Sesuai Batas BMPK (<10% Modal),Diasuransikan Penuh (All Risk),Sesuai Proposal Usaha,Tidak,2,1,-
LEND-1179,Cabang Jakarta,Kredit Modal Kerja (KMK),20868.55,11.02,30196.14,69.11,Lengkap & Terikat Sempurna,Kol 1 (Lancar),Sesuai Limit Wewenang Komite Kredit,Sesuai Batas BMPK (<10% Modal),Diasuransikan Penuh (All Risk),Sesuai Proposal Usaha,Tidak,2,1,-
LEND-1180,Cabang Bali,Kredit Pemilikan Rumah (KPR),4169.48,11.46,5926.77,70.35,Pencairan Sebelum Syarat Efektif Lengkap (Pelanggaran),Kol 1 (Lancar),Sesuai Limit Wewenang Komite Kredit,Sesuai Batas BMPK (<10% Modal),Diasuransikan Penuh (All Risk),Sesuai Proposal Usaha,Ya (Anomali),4,4,Pencairan fasilitas kredit mendahului pemenuhan dokumen syarat efektif dan bukti pengikatan agunan (APHT/Fidusia)
LEND-1181,Cabang Bali,Kredit Pemilikan Rumah (KPR),3578.02,9.88,5592.4,63.98,Lengkap & Terikat Sempurna,Kol 1 (Lancar),Sesuai Limit Wewenang Komite Kredit,Sesuai Batas BMPK (<10% Modal),Diasuransikan Penuh (All Risk),Sesuai Proposal Usaha,Tidak,1,2,-
LEND-1182,Kantor Pusat,Kredit Sindikasi Korporasi,42808.73,9.54,85208.46,50.24,Lengkap & Terikat Sempurna,Kol 1 (Lancar),Sesuai Limit Wewenang Komite Kredit,Sesuai Batas BMPK (<10% Modal),Diasuransikan Penuh (All Risk),Sesuai Proposal Usaha,Tidak,1,1,-
LEND-1183,Cabang Bali,Kredit Investasi (KI),13774.79,10.41,24571.51,56.06,Lengkap & Terikat Sempurna,Kol 1 (Lancar),Sesuai Limit Wewenang Komite Kredit,Sesuai Batas BMPK (<10% Modal),Diasuransikan Penuh (All Risk),Sesuai Proposal Usaha,Tidak,1,1,-
LEND-1184,Cabang Jakarta,Kredit Modal Kerja (KMK),4000.37,10.09,5450.1,73.4,Lengkap & Terikat Sempurna,Kol 1 (Lancar),Sesuai Limit Wewenang Komite Kredit,Sesuai Batas BMPK (<10% Modal),Diasuransikan Penuh (All Risk),Sesuai Proposal Usaha,Tidak,1,1,-
LEND-1185,Cabang Bandung,Kredit Multiguna (KMG),456.77,12.24,715.94,63.8,Lengkap & Terikat Sempurna,Kol 1 (Lancar),Sesuai Limit Wewenang Komite Kredit,Sesuai Batas BMPK (<10% Modal),Diasuransikan Penuh (All Risk),Sesuai Proposal Usaha,Tidak,1,1,-
LEND-1186,Cabang Bandung,Kredit Usaha Rakyat (KUR) / Mikro,338.05,7.18,480.8,70.31,Lengkap & Terikat Sempurna,Kol 1 (Lancar),Sesuai Limit Wewenang Komite Kredit,Sesuai Batas BMPK (<10% Modal),Diasuransikan Penuh (All Risk),Sesuai Proposal Usaha,Tidak,2,1,-
LEND-1187,Cabang Surabaya,Kredit Pemilikan Rumah (KPR),2893.39,10.08,3719.01,77.8,Lengkap & Terikat Sempurna,Kol 1 (Lancar),Sesuai Limit Wewenang Komite Kredit,Sesuai Batas BMPK (<10% Modal),Diasuransikan Penuh (All Risk),Sesuai Proposal Usaha,Tidak,1,1,-
LEND-1188,Cabang Jakarta,Kredit Pemilikan Rumah (KPR),3750.94,9.07,4789.86,78.31,Lengkap & Terikat Sempurna,Kol 1 (Lancar),Sesuai Limit Wewenang Komite Kredit,Sesuai Batas BMPK (<10% Modal),Diasuransikan Penuh (All Risk),Sesuai Proposal Usaha,Tidak,1,2,-
LEND-1189,Cabang Jakarta,Kredit Usaha Rakyat (KUR) / Mikro,214.27,6.11,366.27,58.5,Lengkap & Terikat Sempurna,Kol 1 (Lancar),Sesuai Limit Wewenang Komite Kredit,Sesuai Batas BMPK (<10% Modal),Diasuransikan Penuh (All Risk),Sesuai Proposal Usaha,Tidak,1,1,-
LEND-1190,Cabang Surabaya,Kredit Modal Kerja (KMK),10872.6,10.87,16300.75,66.7,Lengkap & Terikat Sempurna,Kol 1 (Lancar),Sesuai Limit Wewenang Komite Kredit,Sesuai Batas BMPK (<10% Modal),Diasuransikan Penuh (All Risk),Sesuai Proposal Usaha,Tidak,1,1,-
LEND-1191,Cabang Surabaya,Kredit Pemilikan Rumah (KPR),3509.1,7.88,5195.59,67.54,Lengkap & Terikat Sempurna,Kol 1 (Lancar),Sesuai Limit Wewenang Komite Kredit,Sesuai Batas BMPK (<10% Modal),Diasuransikan Penuh (All Risk),Sesuai Proposal Usaha,Tidak,1,1,-
LEND-1192,Cabang Medan,Kredit Modal Kerja (KMK),73859.35,10.31,88401.38,83.55,Lengkap & Terikat Sempurna,Kol 1 (Lancar),Melampaui Limit Wewenang Cabang (BKMK Breach),Sesuai Batas BMPK (<10% Modal),Diasuransikan Penuh (All Risk),Sesuai Proposal Usaha,Ya (Anomali),5,5,Pencairan kredit bernilai Rp 73859.35 Juta melampaui batas kewenangan memutus kredit (BKMK) komite cabang tanpa persetujuan Kantor Pusat
LEND-1193,Cabang Bali,Kredit Pemilikan Rumah (KPR),3136.24,10.26,4828.7,64.95,Lengkap & Terikat Sempurna,Kol 1 (Lancar),Sesuai Limit Wewenang Komite Kredit,Sesuai Batas BMPK (<10% Modal),Diasuransikan Penuh (All Risk),Sesuai Proposal Usaha,Tidak,1,1,-
LEND-1194,Cabang Surabaya,Kredit Usaha Rakyat (KUR) / Mikro,329.92,6.51,625.32,52.76,Lengkap & Terikat Sempurna,Kol 2 (Dalam Perhatian Khusus),Sesuai Limit Wewenang Komite Kredit,Sesuai Batas BMPK (<10% Modal),Diasuransikan Penuh (All Risk),Sesuai Proposal Usaha,Tidak,1,2,-
LEND-1195,Cabang Jakarta,Kredit Sindikasi Korporasi,62084.76,8.81,114759.26,54.1,Lengkap & Terikat Sempurna,Kol 1 (Lancar),Sesuai Limit Wewenang Komite Kredit,Sesuai Batas BMPK (<10% Modal),Diasuransikan Penuh (All Risk),Sesuai Proposal Usaha,Tidak,2,1,-
LEND-1196,Cabang Bali,Kredit Pemilikan Rumah (KPR),1145.18,9.98,1488.21,76.95,Lengkap & Terikat Sempurna,Kol 1 (Lancar),Sesuai Limit Wewenang Komite Kredit,Sesuai Batas BMPK (<10% Modal),Diasuransikan Penuh (All Risk),Sesuai Proposal Usaha,Tidak,1,1,-
LEND-1197,Cabang Jakarta,Kredit Modal Kerja (KMK),8547.06,8.84,11928.9,71.65,Lengkap & Terikat Sempurna,Kol 1 (Lancar),Sesuai Limit Wewenang Komite Kredit,Sesuai Batas BMPK (<10% Modal),Diasuransikan Penuh (All Risk),Sesuai Proposal Usaha,Tidak,1,1,-
LEND-1198,Cabang Jakarta,Kredit Investasi (KI),21545.15,11.06,34461.21,62.52,Lengkap & Terikat Sempurna,Kol 1 (Lancar),Sesuai Limit Wewenang Komite Kredit,Sesuai Batas BMPK (<10% Modal),Diasuransikan Penuh (All Risk),Sesuai Proposal Usaha,Tidak,2,2,-
LEND-1199,Cabang Bandung,Kredit Pemilikan Rumah (KPR),3578.69,9.42,5139.58,69.63,Lengkap & Terikat Sempurna,Kol 1 (Lancar),Sesuai Limit Wewenang Komite Kredit,Sesuai Batas BMPK (<10% Modal),Diasuransikan Penuh (All Risk),Sesuai Proposal Usaha,Tidak,2,1,-
LEND-1200,Kantor Pusat,Kredit Modal Kerja (KMK),20513.34,10.18,28177.66,72.8,Lengkap & Terikat Sempurna,Kol 1 (Lancar),Sesuai Limit Wewenang Komite Kredit,Sesuai Batas BMPK (<10% Modal),Diasuransikan Penuh (All Risk),Sesuai Proposal Usaha,Tidak,1,1,-
