ID Mitigasi,Entitas Auditee,Kategori Temuan,Tingkat Keparahan Temuan,Deskripsi Rencana Aksi,overdue_days,repeated_overdue_count,mitigation_progress_pct,"is_unjustified_delay (1=Ya, 0=Tidak)",TARGET: is_anomaly,TARGET: Impact (1-5),TARGET: Likelihood (1-5)
MIT-0001,Finance Dept,Pengendalian Internal,Sedang,Rencana Aksi Mitigasi Temuan #1,103,0,6.0,1,Ya (Anomali),3,5
MIT-0002,Medan Branch,Manajemen Risiko,Rendah,Rencana Aksi Mitigasi Temuan #2,93,5,11.2,0,Ya (Anomali),5,5
MIT-0003,Finance Dept,Kepatuhan SOP,Tinggi,Rencana Aksi Mitigasi Temuan #3,15,2,21.6,0,Tidak,3,5
MIT-0004,Operations Dept,Sistem Informasi,Kritis,Rencana Aksi Mitigasi Temuan #4,107,1,32.5,0,Tidak,4,4
MIT-0005,Finance Dept,Manajemen Risiko,Kritis,Rencana Aksi Mitigasi Temuan #5,72,1,36.2,0,Tidak,3,4
MIT-0006,IT Dept,Sistem Informasi,Kritis,Rencana Aksi Mitigasi Temuan #6,21,5,32.9,0,Tidak,4,5
MIT-0007,IT Dept,Pengendalian Internal,Tinggi,Rencana Aksi Mitigasi Temuan #7,103,3,22.7,0,Tidak,5,5
MIT-0008,Finance Dept,Manajemen Risiko,Tinggi,Rencana Aksi Mitigasi Temuan #8,122,0,48.4,0,Tidak,4,2
MIT-0009,Surabaya Branch,Manajemen Risiko,Tinggi,Rencana Aksi Mitigasi Temuan #9,75,1,78.4,0,Tidak,3,3
MIT-0010,Bandung Branch,Pengendalian Internal,Kritis,Rencana Aksi Mitigasi Temuan #10,88,5,26.6,0,Tidak,5,5
MIT-0011,Surabaya Branch,Pengendalian Internal,Rendah,Rencana Aksi Mitigasi Temuan #11,117,5,89.5,0,Ya (Anomali),5,5
MIT-0012,Finance Dept,Pengendalian Internal,Tinggi,Rencana Aksi Mitigasi Temuan #12,100,2,83.0,0,Tidak,4,4
MIT-0013,Bandung Branch,Kepatuhan SOP,Sedang,Rencana Aksi Mitigasi Temuan #13,104,3,15.4,1,Ya (Anomali),5,5
MIT-0014,IT Dept,Kepatuhan SOP,Tinggi,Rencana Aksi Mitigasi Temuan #14,152,0,74.7,0,Tidak,4,1
MIT-0015,Bandung Branch,Manajemen Risiko,Sedang,Rencana Aksi Mitigasi Temuan #15,131,4,54.6,0,Ya (Anomali),5,5
MIT-0016,Finance Dept,Manajemen Risiko,Kritis,Rencana Aksi Mitigasi Temuan #16,150,2,53.8,0,Ya (Anomali),5,4
MIT-0017,IT Dept,Manajemen Risiko,Sedang,Rencana Aksi Mitigasi Temuan #17,53,1,37.1,0,Tidak,2,4
MIT-0018,Bandung Branch,Sistem Informasi,Tinggi,Rencana Aksi Mitigasi Temuan #18,2,1,47.6,0,Tidak,1,3
MIT-0019,Bandung Branch,Pengendalian Internal,Tinggi,Rencana Aksi Mitigasi Temuan #19,88,2,37.7,0,Tidak,4,5
MIT-0020,Surabaya Branch,Manajemen Risiko,Rendah,Rencana Aksi Mitigasi Temuan #20,158,5,51.3,0,Ya (Anomali),5,5
MIT-0021,Bandung Branch,Pengendalian Internal,Kritis,Rencana Aksi Mitigasi Temuan #21,38,1,59.7,0,Tidak,2,3
MIT-0022,Operations Dept,Kepatuhan SOP,Sedang,Rencana Aksi Mitigasi Temuan #22,130,3,64.1,0,Tidak,5,5
MIT-0023,Finance Dept,Pengendalian Internal,Kritis,Rencana Aksi Mitigasi Temuan #23,21,0,50.6,0,Tidak,2,3
MIT-0024,Jakarta Branch,Sistem Informasi,Tinggi,Rencana Aksi Mitigasi Temuan #24,161,3,68.5,0,Ya (Anomali),5,5
MIT-0025,Jakarta Branch,Sistem Informasi,Rendah,Rencana Aksi Mitigasi Temuan #25,58,1,13.4,1,Tidak,3,5
MIT-0026,Jakarta Branch,Pengendalian Internal,Tinggi,Rencana Aksi Mitigasi Temuan #26,22,4,20.1,0,Tidak,4,5
MIT-0027,Finance Dept,Sistem Informasi,Tinggi,Rencana Aksi Mitigasi Temuan #27,89,0,77.8,0,Tidak,3,1
MIT-0028,Jakarta Branch,Sistem Informasi,Tinggi,Rencana Aksi Mitigasi Temuan #28,49,0,30.6,0,Tidak,2,3
MIT-0029,Surabaya Branch,Kepatuhan SOP,Sedang,Rencana Aksi Mitigasi Temuan #29,59,2,2.2,1,Ya (Anomali),4,5
MIT-0030,Finance Dept,Manajemen Risiko,Tinggi,Rencana Aksi Mitigasi Temuan #30,170,2,14.6,1,Ya (Anomali),5,5
MIT-0031,Operations Dept,Sistem Informasi,Kritis,Rencana Aksi Mitigasi Temuan #31,15,4,21.2,0,Tidak,4,5
MIT-0032,IT Dept,Manajemen Risiko,Kritis,Rencana Aksi Mitigasi Temuan #32,175,5,90.9,0,Ya (Anomali),5,5
MIT-0033,Operations Dept,Pengendalian Internal,Rendah,Rencana Aksi Mitigasi Temuan #33,51,0,54.4,0,Tidak,2,2
MIT-0034,Finance Dept,Pengendalian Internal,Kritis,Rencana Aksi Mitigasi Temuan #34,108,4,88.6,0,Ya (Anomali),5,5
MIT-0035,Finance Dept,Sistem Informasi,Tinggi,Rencana Aksi Mitigasi Temuan #35,55,2,54.6,0,Tidak,4,4
MIT-0036,Bandung Branch,Pengendalian Internal,Tinggi,Rencana Aksi Mitigasi Temuan #36,64,2,45.5,0,Tidak,3,5
MIT-0037,Bandung Branch,Kepatuhan SOP,Kritis,Rencana Aksi Mitigasi Temuan #37,131,0,29.8,0,Tidak,4,3
MIT-0038,Bandung Branch,Sistem Informasi,Rendah,Rencana Aksi Mitigasi Temuan #38,51,3,57.6,0,Tidak,3,5
MIT-0039,Medan Branch,Sistem Informasi,Rendah,Rencana Aksi Mitigasi Temuan #39,135,1,13.2,1,Ya (Anomali),4,5
MIT-0040,Surabaya Branch,Sistem Informasi,Kritis,Rencana Aksi Mitigasi Temuan #40,21,2,85.3,0,Tidak,2,3
MIT-0041,Finance Dept,Pengendalian Internal,Sedang,Rencana Aksi Mitigasi Temuan #41,73,5,78.8,0,Ya (Anomali),5,5
MIT-0042,Operations Dept,Pengendalian Internal,Sedang,Rencana Aksi Mitigasi Temuan #42,167,5,30.2,0,Ya (Anomali),5,5
MIT-0043,Finance Dept,Sistem Informasi,Sedang,Rencana Aksi Mitigasi Temuan #43,18,2,90.5,0,Tidak,2,4
MIT-0044,Bandung Branch,Manajemen Risiko,Sedang,Rencana Aksi Mitigasi Temuan #44,132,3,78.4,0,Ya (Anomali),5,5
MIT-0045,Finance Dept,Pengendalian Internal,Kritis,Rencana Aksi Mitigasi Temuan #45,89,3,63.3,0,Tidak,5,5
MIT-0046,IT Dept,Pengendalian Internal,Rendah,Rencana Aksi Mitigasi Temuan #46,60,4,11.6,1,Ya (Anomali),5,5
MIT-0047,Finance Dept,Sistem Informasi,Tinggi,Rencana Aksi Mitigasi Temuan #47,14,5,45.4,0,Tidak,3,5
MIT-0048,Operations Dept,Manajemen Risiko,Tinggi,Rencana Aksi Mitigasi Temuan #48,9,4,48.1,0,Tidak,4,5
MIT-0049,Jakarta Branch,Sistem Informasi,Kritis,Rencana Aksi Mitigasi Temuan #49,90,5,22.1,1,Ya (Anomali),5,5
MIT-0050,IT Dept,Pengendalian Internal,Tinggi,Rencana Aksi Mitigasi Temuan #50,53,1,7.6,0,Tidak,2,5
MIT-0051,IT Dept,Sistem Informasi,Sedang,Rencana Aksi Mitigasi Temuan #51,130,1,73.8,0,Tidak,4,4
MIT-0052,Finance Dept,Sistem Informasi,Rendah,Rencana Aksi Mitigasi Temuan #52,84,0,11.6,1,Tidak,3,5
MIT-0053,Medan Branch,Sistem Informasi,Kritis,Rencana Aksi Mitigasi Temuan #53,92,4,56.5,0,Tidak,5,5
MIT-0054,Bandung Branch,Manajemen Risiko,Rendah,Rencana Aksi Mitigasi Temuan #54,111,2,89.0,0,Ya (Anomali),4,3
MIT-0055,Surabaya Branch,Sistem Informasi,Kritis,Rencana Aksi Mitigasi Temuan #55,172,4,83.2,0,Ya (Anomali),5,5
MIT-0056,Surabaya Branch,Pengendalian Internal,Kritis,Rencana Aksi Mitigasi Temuan #56,8,2,26.4,0,Tidak,2,5
MIT-0057,Jakarta Branch,Sistem Informasi,Kritis,Rencana Aksi Mitigasi Temuan #57,175,3,80.9,0,Tidak,5,5
MIT-0058,Surabaya Branch,Manajemen Risiko,Kritis,Rencana Aksi Mitigasi Temuan #58,35,4,0.0,0,Ya (Anomali),3,5
MIT-0059,Surabaya Branch,Kepatuhan SOP,Rendah,Rencana Aksi Mitigasi Temuan #59,81,3,1.7,1,Ya (Anomali),4,5
MIT-0060,Bandung Branch,Manajemen Risiko,Tinggi,Rencana Aksi Mitigasi Temuan #60,164,1,57.2,0,Tidak,5,4
MIT-0061,Bandung Branch,Sistem Informasi,Kritis,Rencana Aksi Mitigasi Temuan #61,50,1,34.7,0,Tidak,3,5
MIT-0062,Medan Branch,Kepatuhan SOP,Sedang,Rencana Aksi Mitigasi Temuan #62,104,0,36.7,0,Tidak,3,3
MIT-0063,Operations Dept,Sistem Informasi,Kritis,Rencana Aksi Mitigasi Temuan #63,132,4,53.6,0,Ya (Anomali),5,5
MIT-0064,Jakarta Branch,Manajemen Risiko,Rendah,Rencana Aksi Mitigasi Temuan #64,2,3,18.2,0,Tidak,2,5
MIT-0065,Surabaya Branch,Kepatuhan SOP,Kritis,Rencana Aksi Mitigasi Temuan #65,134,2,20.1,1,Ya (Anomali),5,5
MIT-0066,Medan Branch,Kepatuhan SOP,Sedang,Rencana Aksi Mitigasi Temuan #66,54,1,46.0,0,Tidak,2,4
MIT-0067,Jakarta Branch,Sistem Informasi,Rendah,Rencana Aksi Mitigasi Temuan #67,106,1,71.7,0,Tidak,4,3
MIT-0068,IT Dept,Sistem Informasi,Kritis,Rencana Aksi Mitigasi Temuan #68,4,2,58.9,0,Tidak,3,5
MIT-0069,Surabaya Branch,Manajemen Risiko,Sedang,Rencana Aksi Mitigasi Temuan #69,54,3,28.2,0,Tidak,4,5
MIT-0070,Surabaya Branch,Sistem Informasi,Rendah,Rencana Aksi Mitigasi Temuan #70,146,3,40.9,0,Ya (Anomali),5,5
MIT-0071,Bandung Branch,Kepatuhan SOP,Kritis,Rencana Aksi Mitigasi Temuan #71,44,4,16.2,0,Tidak,4,5
MIT-0072,Finance Dept,Pengendalian Internal,Sedang,Rencana Aksi Mitigasi Temuan #72,162,4,7.1,0,Ya (Anomali),5,5
MIT-0073,Jakarta Branch,Pengendalian Internal,Rendah,Rencana Aksi Mitigasi Temuan #73,14,5,74.4,0,Tidak,4,5
MIT-0074,Surabaya Branch,Manajemen Risiko,Kritis,Rencana Aksi Mitigasi Temuan #74,95,5,25.2,0,Ya (Anomali),5,5
MIT-0075,Jakarta Branch,Sistem Informasi,Rendah,Rencana Aksi Mitigasi Temuan #75,48,0,16.9,1,Tidak,2,5
MIT-0076,Operations Dept,Manajemen Risiko,Sedang,Rencana Aksi Mitigasi Temuan #76,15,1,65.7,0,Tidak,1,3
MIT-0077,Medan Branch,Pengendalian Internal,Kritis,Rencana Aksi Mitigasi Temuan #77,40,4,58.7,0,Tidak,3,5
MIT-0078,Medan Branch,Pengendalian Internal,Kritis,Rencana Aksi Mitigasi Temuan #78,82,3,60.2,0,Tidak,4,5
MIT-0079,Finance Dept,Sistem Informasi,Kritis,Rencana Aksi Mitigasi Temuan #79,111,2,21.7,1,Ya (Anomali),5,5
MIT-0080,Surabaya Branch,Kepatuhan SOP,Sedang,Rencana Aksi Mitigasi Temuan #80,53,3,22.1,1,Ya (Anomali),3,5
MIT-0081,Operations Dept,Sistem Informasi,Tinggi,Rencana Aksi Mitigasi Temuan #81,24,1,21.0,0,Tidak,2,4
MIT-0082,Bandung Branch,Pengendalian Internal,Kritis,Rencana Aksi Mitigasi Temuan #82,154,5,16.5,1,Ya (Anomali),5,5
MIT-0083,Surabaya Branch,Kepatuhan SOP,Sedang,Rencana Aksi Mitigasi Temuan #83,124,3,62.3,0,Tidak,5,5
MIT-0084,Jakarta Branch,Manajemen Risiko,Rendah,Rencana Aksi Mitigasi Temuan #84,41,0,80.6,0,Tidak,2,1
MIT-0085,IT Dept,Pengendalian Internal,Rendah,Rencana Aksi Mitigasi Temuan #85,157,1,68.8,0,Tidak,5,3
MIT-0086,Medan Branch,Manajemen Risiko,Sedang,Rencana Aksi Mitigasi Temuan #86,15,5,75.2,0,Tidak,4,5
MIT-0087,Jakarta Branch,Kepatuhan SOP,Tinggi,Rencana Aksi Mitigasi Temuan #87,45,2,38.5,0,Tidak,4,5
MIT-0088,Finance Dept,Manajemen Risiko,Sedang,Rencana Aksi Mitigasi Temuan #88,65,5,62.1,0,Tidak,5,5
MIT-0089,Medan Branch,Pengendalian Internal,Rendah,Rencana Aksi Mitigasi Temuan #89,89,0,33.7,0,Tidak,4,3
MIT-0090,Bandung Branch,Sistem Informasi,Rendah,Rencana Aksi Mitigasi Temuan #90,71,1,49.9,0,Tidak,3,3
MIT-0091,Medan Branch,Manajemen Risiko,Kritis,Rencana Aksi Mitigasi Temuan #91,9,2,45.8,0,Tidak,2,5
MIT-0092,IT Dept,Pengendalian Internal,Tinggi,Rencana Aksi Mitigasi Temuan #92,88,0,16.8,1,Tidak,3,5
MIT-0093,Operations Dept,Pengendalian Internal,Sedang,Rencana Aksi Mitigasi Temuan #93,129,5,36.8,0,Ya (Anomali),5,5
MIT-0094,Surabaya Branch,Kepatuhan SOP,Rendah,Rencana Aksi Mitigasi Temuan #94,136,0,91.6,0,Tidak,5,2
MIT-0095,IT Dept,Pengendalian Internal,Rendah,Rencana Aksi Mitigasi Temuan #95,63,1,23.6,1,Tidak,3,5
MIT-0096,Operations Dept,Sistem Informasi,Rendah,Rencana Aksi Mitigasi Temuan #96,139,4,12.7,1,Ya (Anomali),5,5
MIT-0097,IT Dept,Sistem Informasi,Sedang,Rencana Aksi Mitigasi Temuan #97,81,0,39.8,0,Tidak,3,3
MIT-0098,Surabaya Branch,Manajemen Risiko,Sedang,Rencana Aksi Mitigasi Temuan #98,136,0,75.1,0,Tidak,4,1
MIT-0099,Medan Branch,Manajemen Risiko,Tinggi,Rencana Aksi Mitigasi Temuan #99,163,5,55.3,0,Ya (Anomali),5,5
MIT-0100,Finance Dept,Manajemen Risiko,Kritis,Rencana Aksi Mitigasi Temuan #100,163,5,64.7,0,Ya (Anomali),5,5
MIT-0101,Surabaya Branch,Manajemen Risiko,Kritis,Rencana Aksi Mitigasi Temuan #101,33,2,18.0,0,Tidak,2,5
MIT-0102,Surabaya Branch,Sistem Informasi,Kritis,Rencana Aksi Mitigasi Temuan #102,123,5,58.8,0,Ya (Anomali),5,5
MIT-0103,Operations Dept,Kepatuhan SOP,Rendah,Rencana Aksi Mitigasi Temuan #103,5,3,30.7,0,Tidak,2,5
MIT-0104,Bandung Branch,Manajemen Risiko,Kritis,Rencana Aksi Mitigasi Temuan #104,41,1,79.3,0,Tidak,2,2
MIT-0105,Medan Branch,Kepatuhan SOP,Rendah,Rencana Aksi Mitigasi Temuan #105,28,1,59.8,0,Tidak,3,3
MIT-0106,Surabaya Branch,Pengendalian Internal,Tinggi,Rencana Aksi Mitigasi Temuan #106,135,4,18.9,1,Ya (Anomali),5,5
MIT-0107,Finance Dept,Pengendalian Internal,Rendah,Rencana Aksi Mitigasi Temuan #107,72,4,6.1,1,Ya (Anomali),4,5
MIT-0108,Jakarta Branch,Manajemen Risiko,Tinggi,Rencana Aksi Mitigasi Temuan #108,12,1,4.1,0,Tidak,2,5
MIT-0109,Medan Branch,Pengendalian Internal,Tinggi,Rencana Aksi Mitigasi Temuan #109,162,4,35.3,0,Ya (Anomali),5,5
MIT-0110,Bandung Branch,Kepatuhan SOP,Kritis,Rencana Aksi Mitigasi Temuan #110,33,2,25.3,0,Tidak,2,5
MIT-0111,IT Dept,Kepatuhan SOP,Kritis,Rencana Aksi Mitigasi Temuan #111,48,5,61.4,0,Tidak,4,5
MIT-0112,Surabaya Branch,Pengendalian Internal,Rendah,Rencana Aksi Mitigasi Temuan #112,151,1,47.4,0,Tidak,5,3
MIT-0113,Finance Dept,Manajemen Risiko,Sedang,Rencana Aksi Mitigasi Temuan #113,62,4,25.3,0,Tidak,5,5
MIT-0114,Medan Branch,Kepatuhan SOP,Kritis,Rencana Aksi Mitigasi Temuan #114,37,1,14.2,0,Tidak,2,5
MIT-0115,Finance Dept,Kepatuhan SOP,Kritis,Rencana Aksi Mitigasi Temuan #115,99,3,12.1,1,Ya (Anomali),5,5
MIT-0116,Finance Dept,Sistem Informasi,Sedang,Rencana Aksi Mitigasi Temuan #116,172,0,82.1,0,Tidak,5,2
MIT-0117,Operations Dept,Manajemen Risiko,Sedang,Rencana Aksi Mitigasi Temuan #117,104,5,23.1,1,Ya (Anomali),5,5
MIT-0118,IT Dept,Sistem Informasi,Kritis,Rencana Aksi Mitigasi Temuan #118,35,1,61.9,0,Tidak,2,3
MIT-0119,Bandung Branch,Pengendalian Internal,Sedang,Rencana Aksi Mitigasi Temuan #119,101,0,77.0,0,Tidak,3,1
MIT-0120,Medan Branch,Pengendalian Internal,Rendah,Rencana Aksi Mitigasi Temuan #120,175,4,58.3,0,Ya (Anomali),5,5
MIT-0121,Surabaya Branch,Sistem Informasi,Tinggi,Rencana Aksi Mitigasi Temuan #121,131,0,81.7,0,Tidak,4,2
MIT-0122,Bandung Branch,Manajemen Risiko,Tinggi,Rencana Aksi Mitigasi Temuan #122,1,5,37.3,0,Tidak,4,5
MIT-0123,Surabaya Branch,Kepatuhan SOP,Kritis,Rencana Aksi Mitigasi Temuan #123,5,1,90.8,0,Tidak,2,3
MIT-0124,Jakarta Branch,Pengendalian Internal,Kritis,Rencana Aksi Mitigasi Temuan #124,142,3,12.6,1,Ya (Anomali),5,5
MIT-0125,Finance Dept,Manajemen Risiko,Rendah,Rencana Aksi Mitigasi Temuan #125,103,4,9.7,0,Ya (Anomali),5,5
MIT-0126,Jakarta Branch,Manajemen Risiko,Sedang,Rencana Aksi Mitigasi Temuan #126,27,1,62.6,0,Tidak,3,3
MIT-0127,Operations Dept,Pengendalian Internal,Kritis,Rencana Aksi Mitigasi Temuan #127,137,5,89.6,0,Ya (Anomali),5,5
MIT-0128,Finance Dept,Pengendalian Internal,Tinggi,Rencana Aksi Mitigasi Temuan #128,15,4,76.8,0,Tidak,4,5
MIT-0129,IT Dept,Manajemen Risiko,Rendah,Rencana Aksi Mitigasi Temuan #129,90,2,7.3,1,Ya (Anomali),4,5
MIT-0130,Bandung Branch,Kepatuhan SOP,Rendah,Rencana Aksi Mitigasi Temuan #130,42,0,26.5,0,Tidak,2,4
MIT-0131,Surabaya Branch,Sistem Informasi,Sedang,Rencana Aksi Mitigasi Temuan #131,124,5,88.4,0,Ya (Anomali),5,5
MIT-0132,Operations Dept,Pengendalian Internal,Kritis,Rencana Aksi Mitigasi Temuan #132,179,2,24.0,1,Ya (Anomali),5,5
MIT-0133,IT Dept,Sistem Informasi,Kritis,Rencana Aksi Mitigasi Temuan #133,63,1,74.2,0,Tidak,4,3
MIT-0134,Surabaya Branch,Manajemen Risiko,Rendah,Rencana Aksi Mitigasi Temuan #134,96,3,78.4,0,Ya (Anomali),5,5
MIT-0135,Bandung Branch,Sistem Informasi,Tinggi,Rencana Aksi Mitigasi Temuan #135,52,4,47.1,0,Ya (Anomali),4,5
MIT-0136,Medan Branch,Kepatuhan SOP,Kritis,Rencana Aksi Mitigasi Temuan #136,96,0,36.7,0,Tidak,3,3
MIT-0137,Operations Dept,Manajemen Risiko,Tinggi,Rencana Aksi Mitigasi Temuan #137,132,4,42.8,0,Ya (Anomali),5,5
MIT-0138,Jakarta Branch,Kepatuhan SOP,Rendah,Rencana Aksi Mitigasi Temuan #138,151,1,21.6,1,Ya (Anomali),5,5
MIT-0139,Jakarta Branch,Manajemen Risiko,Kritis,Rencana Aksi Mitigasi Temuan #139,143,4,84.5,0,Ya (Anomali),5,5
MIT-0140,Surabaya Branch,Kepatuhan SOP,Tinggi,Rencana Aksi Mitigasi Temuan #140,171,0,42.8,0,Tidak,5,2
MIT-0141,Surabaya Branch,Manajemen Risiko,Rendah,Rencana Aksi Mitigasi Temuan #141,29,1,83.8,0,Tidak,2,3
MIT-0142,Surabaya Branch,Kepatuhan SOP,Tinggi,Rencana Aksi Mitigasi Temuan #142,36,4,10.0,0,Tidak,3,5
MIT-0143,Operations Dept,Manajemen Risiko,Kritis,Rencana Aksi Mitigasi Temuan #143,13,3,93.9,0,Tidak,3,4
MIT-0144,Bandung Branch,Kepatuhan SOP,Sedang,Rencana Aksi Mitigasi Temuan #144,160,5,42.1,0,Tidak,5,5
MIT-0145,Medan Branch,Manajemen Risiko,Tinggi,Rencana Aksi Mitigasi Temuan #145,71,1,4.5,1,Ya (Anomali),4,5
MIT-0146,Jakarta Branch,Kepatuhan SOP,Sedang,Rencana Aksi Mitigasi Temuan #146,86,5,3.6,0,Ya (Anomali),5,5
MIT-0147,IT Dept,Pengendalian Internal,Kritis,Rencana Aksi Mitigasi Temuan #147,28,1,70.9,0,Tidak,2,4
MIT-0148,Finance Dept,Sistem Informasi,Sedang,Rencana Aksi Mitigasi Temuan #148,66,3,62.6,0,Tidak,4,5
MIT-0149,Operations Dept,Manajemen Risiko,Rendah,Rencana Aksi Mitigasi Temuan #149,170,5,76.2,0,Ya (Anomali),5,5
MIT-0150,Operations Dept,Kepatuhan SOP,Sedang,Rencana Aksi Mitigasi Temuan #150,45,2,10.0,0,Tidak,3,5
MIT-0151,Bandung Branch,Pengendalian Internal,Tinggi,Rencana Aksi Mitigasi Temuan #151,62,0,3.4,0,Tidak,2,4
MIT-0152,Jakarta Branch,Manajemen Risiko,Tinggi,Rencana Aksi Mitigasi Temuan #152,134,2,48.3,0,Ya (Anomali),5,5
MIT-0153,Medan Branch,Manajemen Risiko,Sedang,Rencana Aksi Mitigasi Temuan #153,28,4,36.8,0,Tidak,3,5
MIT-0154,Bandung Branch,Manajemen Risiko,Rendah,Rencana Aksi Mitigasi Temuan #154,28,3,43.9,0,Tidak,3,5
MIT-0155,IT Dept,Sistem Informasi,Kritis,Rencana Aksi Mitigasi Temuan #155,108,2,94.2,0,Ya (Anomali),5,3
MIT-0156,Jakarta Branch,Kepatuhan SOP,Sedang,Rencana Aksi Mitigasi Temuan #156,44,1,92.2,0,Tidak,2,2
MIT-0157,Bandung Branch,Kepatuhan SOP,Tinggi,Rencana Aksi Mitigasi Temuan #157,84,4,89.5,0,Ya (Anomali),5,5
MIT-0158,Jakarta Branch,Manajemen Risiko,Tinggi,Rencana Aksi Mitigasi Temuan #158,30,4,74.5,0,Tidak,3,5
MIT-0159,Jakarta Branch,Manajemen Risiko,Sedang,Rencana Aksi Mitigasi Temuan #159,75,2,33.7,0,Tidak,3,5
MIT-0160,Operations Dept,Manajemen Risiko,Sedang,Rencana Aksi Mitigasi Temuan #160,128,2,39.2,0,Ya (Anomali),5,5
MIT-0161,Medan Branch,Pengendalian Internal,Sedang,Rencana Aksi Mitigasi Temuan #161,92,3,52.2,0,Tidak,4,5
MIT-0162,Operations Dept,Manajemen Risiko,Kritis,Rencana Aksi Mitigasi Temuan #162,129,0,78.9,0,Tidak,4,1
MIT-0163,Finance Dept,Sistem Informasi,Tinggi,Rencana Aksi Mitigasi Temuan #163,121,2,6.5,1,Ya (Anomali),5,5
MIT-0164,Medan Branch,Kepatuhan SOP,Tinggi,Rencana Aksi Mitigasi Temuan #164,27,2,40.3,0,Tidak,3,5
MIT-0165,Jakarta Branch,Sistem Informasi,Tinggi,Rencana Aksi Mitigasi Temuan #165,121,5,7.8,1,Ya (Anomali),5,5
MIT-0166,Bandung Branch,Manajemen Risiko,Kritis,Rencana Aksi Mitigasi Temuan #166,116,1,48.9,0,Tidak,4,4
MIT-0167,IT Dept,Pengendalian Internal,Rendah,Rencana Aksi Mitigasi Temuan #167,3,5,85.4,0,Tidak,3,5
MIT-0168,Medan Branch,Manajemen Risiko,Tinggi,Rencana Aksi Mitigasi Temuan #168,103,5,74.3,0,Tidak,5,5
MIT-0169,Finance Dept,Manajemen Risiko,Tinggi,Rencana Aksi Mitigasi Temuan #169,155,4,21.6,1,Ya (Anomali),5,5
MIT-0170,Jakarta Branch,Manajemen Risiko,Rendah,Rencana Aksi Mitigasi Temuan #170,137,0,92.7,0,Tidak,4,1
MIT-0171,IT Dept,Manajemen Risiko,Kritis,Rencana Aksi Mitigasi Temuan #171,62,1,63.4,0,Tidak,3,3
MIT-0172,Medan Branch,Manajemen Risiko,Rendah,Rencana Aksi Mitigasi Temuan #172,165,3,1.0,1,Ya (Anomali),5,5
MIT-0173,Operations Dept,Kepatuhan SOP,Rendah,Rencana Aksi Mitigasi Temuan #173,51,3,24.3,1,Ya (Anomali),3,5
MIT-0174,Operations Dept,Sistem Informasi,Rendah,Rencana Aksi Mitigasi Temuan #174,172,2,24.8,1,Ya (Anomali),5,5
MIT-0175,Medan Branch,Pengendalian Internal,Rendah,Rencana Aksi Mitigasi Temuan #175,152,2,6.6,1,Ya (Anomali),5,5
MIT-0176,Medan Branch,Manajemen Risiko,Kritis,Rencana Aksi Mitigasi Temuan #176,59,3,91.2,0,Tidak,3,5
MIT-0177,Medan Branch,Pengendalian Internal,Kritis,Rencana Aksi Mitigasi Temuan #177,118,2,45.4,0,Ya (Anomali),4,5
MIT-0178,IT Dept,Kepatuhan SOP,Rendah,Rencana Aksi Mitigasi Temuan #178,160,0,85.1,0,Tidak,4,1
MIT-0179,Operations Dept,Sistem Informasi,Sedang,Rencana Aksi Mitigasi Temuan #179,96,5,30.6,0,Ya (Anomali),5,5
MIT-0180,Bandung Branch,Manajemen Risiko,Sedang,Rencana Aksi Mitigasi Temuan #180,113,2,11.9,1,Ya (Anomali),4,5
MIT-0181,Finance Dept,Kepatuhan SOP,Sedang,Rencana Aksi Mitigasi Temuan #181,62,4,45.1,0,Tidak,4,5
MIT-0182,Finance Dept,Kepatuhan SOP,Sedang,Rencana Aksi Mitigasi Temuan #182,52,2,10.8,1,Ya (Anomali),3,5
MIT-0183,Jakarta Branch,Sistem Informasi,Tinggi,Rencana Aksi Mitigasi Temuan #183,12,1,46.2,0,Tidak,1,4
MIT-0184,Surabaya Branch,Manajemen Risiko,Kritis,Rencana Aksi Mitigasi Temuan #184,39,0,87.4,0,Tidak,1,1
MIT-0185,Bandung Branch,Sistem Informasi,Kritis,Rencana Aksi Mitigasi Temuan #185,130,1,49.5,0,Tidak,4,4
MIT-0186,Operations Dept,Sistem Informasi,Rendah,Rencana Aksi Mitigasi Temuan #186,131,1,58.6,0,Tidak,4,4
MIT-0187,Jakarta Branch,Pengendalian Internal,Tinggi,Rencana Aksi Mitigasi Temuan #187,113,4,14.9,0,Ya (Anomali),5,5
MIT-0188,Jakarta Branch,Pengendalian Internal,Rendah,Rencana Aksi Mitigasi Temuan #188,101,0,4.2,0,Ya (Anomali),4,4
MIT-0189,Medan Branch,Sistem Informasi,Rendah,Rencana Aksi Mitigasi Temuan #189,113,0,10.5,1,Ya (Anomali),3,5
MIT-0190,Surabaya Branch,Pengendalian Internal,Kritis,Rencana Aksi Mitigasi Temuan #190,81,0,56.9,0,Tidak,3,2
MIT-0191,Operations Dept,Kepatuhan SOP,Tinggi,Rencana Aksi Mitigasi Temuan #191,113,0,9.0,0,Tidak,4,4
MIT-0192,Surabaya Branch,Sistem Informasi,Sedang,Rencana Aksi Mitigasi Temuan #192,2,0,35.7,0,Tidak,2,4
MIT-0193,Bandung Branch,Manajemen Risiko,Kritis,Rencana Aksi Mitigasi Temuan #193,130,4,52.3,0,Tidak,5,5
MIT-0194,Surabaya Branch,Manajemen Risiko,Tinggi,Rencana Aksi Mitigasi Temuan #194,54,2,36.9,0,Tidak,3,5
MIT-0195,Jakarta Branch,Kepatuhan SOP,Tinggi,Rencana Aksi Mitigasi Temuan #195,87,1,15.5,1,Ya (Anomali),3,5
MIT-0196,Surabaya Branch,Manajemen Risiko,Kritis,Rencana Aksi Mitigasi Temuan #196,129,0,26.0,0,Tidak,4,3
MIT-0197,Surabaya Branch,Manajemen Risiko,Kritis,Rencana Aksi Mitigasi Temuan #197,147,2,88.2,0,Ya (Anomali),5,3
MIT-0198,Finance Dept,Sistem Informasi,Rendah,Rencana Aksi Mitigasi Temuan #198,126,2,64.2,0,Ya (Anomali),5,4
MIT-0199,Operations Dept,Kepatuhan SOP,Rendah,Rencana Aksi Mitigasi Temuan #199,130,1,47.1,0,Tidak,4,4
MIT-0200,Operations Dept,Sistem Informasi,Rendah,Rencana Aksi Mitigasi Temuan #200,53,4,1.2,1,Ya (Anomali),5,5
MIT-0201,Jakarta Branch,Kepatuhan SOP,Sedang,Rencana Aksi Mitigasi Temuan #201,172,3,94.3,0,Tidak,5,5
MIT-0202,IT Dept,Sistem Informasi,Kritis,Rencana Aksi Mitigasi Temuan #202,160,3,63.8,0,Ya (Anomali),5,5
MIT-0203,Surabaya Branch,Sistem Informasi,Tinggi,Rencana Aksi Mitigasi Temuan #203,160,2,30.1,0,Ya (Anomali),5,5
MIT-0204,Surabaya Branch,Pengendalian Internal,Kritis,Rencana Aksi Mitigasi Temuan #204,68,5,83.5,0,Tidak,5,5
MIT-0205,Medan Branch,Manajemen Risiko,Tinggi,Rencana Aksi Mitigasi Temuan #205,123,5,24.6,1,Ya (Anomali),5,5
MIT-0206,Operations Dept,Kepatuhan SOP,Sedang,Rencana Aksi Mitigasi Temuan #206,145,1,51.7,0,Tidak,5,3
MIT-0207,Surabaya Branch,Manajemen Risiko,Kritis,Rencana Aksi Mitigasi Temuan #207,38,3,60.4,0,Tidak,3,5
MIT-0208,Operations Dept,Pengendalian Internal,Tinggi,Rencana Aksi Mitigasi Temuan #208,24,2,21.0,0,Tidak,2,5
MIT-0209,Surabaya Branch,Kepatuhan SOP,Tinggi,Rencana Aksi Mitigasi Temuan #209,69,4,92.9,0,Tidak,4,5
MIT-0210,Finance Dept,Pengendalian Internal,Rendah,Rencana Aksi Mitigasi Temuan #210,116,3,71.1,0,Ya (Anomali),5,5
MIT-0211,Jakarta Branch,Manajemen Risiko,Sedang,Rencana Aksi Mitigasi Temuan #211,98,2,53.0,0,Ya (Anomali),5,5
MIT-0212,Operations Dept,Sistem Informasi,Kritis,Rencana Aksi Mitigasi Temuan #212,139,2,17.2,1,Ya (Anomali),5,5
MIT-0213,Bandung Branch,Pengendalian Internal,Rendah,Rencana Aksi Mitigasi Temuan #213,144,0,5.1,1,Ya (Anomali),4,5
MIT-0214,Jakarta Branch,Pengendalian Internal,Sedang,Rencana Aksi Mitigasi Temuan #214,97,4,30.4,0,Tidak,5,5
MIT-0215,Medan Branch,Sistem Informasi,Rendah,Rencana Aksi Mitigasi Temuan #215,124,0,71.6,0,Tidak,4,1
MIT-0216,Jakarta Branch,Manajemen Risiko,Kritis,Rencana Aksi Mitigasi Temuan #216,70,1,25.6,0,Tidak,4,4
MIT-0217,Surabaya Branch,Pengendalian Internal,Tinggi,Rencana Aksi Mitigasi Temuan #217,93,0,51.3,0,Tidak,4,2
MIT-0218,Medan Branch,Manajemen Risiko,Kritis,Rencana Aksi Mitigasi Temuan #218,3,0,69.2,0,Tidak,2,2
MIT-0219,Jakarta Branch,Sistem Informasi,Sedang,Rencana Aksi Mitigasi Temuan #219,148,3,10.3,1,Ya (Anomali),5,5
MIT-0220,Medan Branch,Kepatuhan SOP,Kritis,Rencana Aksi Mitigasi Temuan #220,164,5,65.1,0,Tidak,5,5
MIT-0221,Bandung Branch,Pengendalian Internal,Sedang,Rencana Aksi Mitigasi Temuan #221,147,2,8.7,1,Ya (Anomali),5,5
MIT-0222,Jakarta Branch,Manajemen Risiko,Rendah,Rencana Aksi Mitigasi Temuan #222,90,4,91.7,0,Tidak,5,5
MIT-0223,Operations Dept,Sistem Informasi,Sedang,Rencana Aksi Mitigasi Temuan #223,147,0,46.4,0,Tidak,5,3
MIT-0224,Operations Dept,Sistem Informasi,Tinggi,Rencana Aksi Mitigasi Temuan #224,148,4,14.3,1,Ya (Anomali),5,5
MIT-0225,IT Dept,Pengendalian Internal,Tinggi,Rencana Aksi Mitigasi Temuan #225,96,5,32.5,0,Tidak,5,5
MIT-0226,Surabaya Branch,Kepatuhan SOP,Tinggi,Rencana Aksi Mitigasi Temuan #226,52,5,39.3,0,Tidak,5,5
MIT-0227,Medan Branch,Pengendalian Internal,Rendah,Rencana Aksi Mitigasi Temuan #227,161,0,72.0,0,Tidak,5,2
MIT-0228,IT Dept,Manajemen Risiko,Sedang,Rencana Aksi Mitigasi Temuan #228,168,1,70.6,0,Tidak,5,4
MIT-0229,IT Dept,Sistem Informasi,Rendah,Rencana Aksi Mitigasi Temuan #229,128,0,58.1,0,Tidak,4,2
MIT-0230,Finance Dept,Kepatuhan SOP,Kritis,Rencana Aksi Mitigasi Temuan #230,39,3,10.1,0,Tidak,3,5
MIT-0231,Medan Branch,Manajemen Risiko,Kritis,Rencana Aksi Mitigasi Temuan #231,82,2,14.4,1,Ya (Anomali),4,5
MIT-0232,IT Dept,Pengendalian Internal,Kritis,Rencana Aksi Mitigasi Temuan #232,104,1,8.9,0,Tidak,5,5
MIT-0233,Finance Dept,Sistem Informasi,Kritis,Rencana Aksi Mitigasi Temuan #233,129,0,54.8,0,Tidak,4,2
MIT-0234,IT Dept,Pengendalian Internal,Tinggi,Rencana Aksi Mitigasi Temuan #234,11,4,83.3,0,Tidak,4,5
MIT-0235,Surabaya Branch,Kepatuhan SOP,Sedang,Rencana Aksi Mitigasi Temuan #235,178,1,41.2,0,Tidak,5,5
MIT-0236,Bandung Branch,Kepatuhan SOP,Tinggi,Rencana Aksi Mitigasi Temuan #236,151,1,15.3,1,Ya (Anomali),5,5
MIT-0237,Finance Dept,Kepatuhan SOP,Sedang,Rencana Aksi Mitigasi Temuan #237,159,0,53.0,0,Tidak,5,2
MIT-0238,Bandung Branch,Kepatuhan SOP,Sedang,Rencana Aksi Mitigasi Temuan #238,42,1,77.1,0,Tidak,2,2
MIT-0239,Medan Branch,Kepatuhan SOP,Rendah,Rencana Aksi Mitigasi Temuan #239,99,4,70.5,0,Ya (Anomali),5,5
MIT-0240,Surabaya Branch,Pengendalian Internal,Kritis,Rencana Aksi Mitigasi Temuan #240,7,5,83.7,0,Tidak,4,5
MIT-0241,Finance Dept,Kepatuhan SOP,Sedang,Rencana Aksi Mitigasi Temuan #241,144,1,26.4,0,Tidak,5,4
MIT-0242,Medan Branch,Kepatuhan SOP,Kritis,Rencana Aksi Mitigasi Temuan #242,90,5,18.4,0,Tidak,5,5
MIT-0243,IT Dept,Sistem Informasi,Kritis,Rencana Aksi Mitigasi Temuan #243,112,4,83.6,0,Tidak,5,5
MIT-0244,Operations Dept,Kepatuhan SOP,Kritis,Rencana Aksi Mitigasi Temuan #244,60,0,62.5,0,Tidak,2,3
MIT-0245,Jakarta Branch,Sistem Informasi,Tinggi,Rencana Aksi Mitigasi Temuan #245,113,2,29.5,0,Ya (Anomali),4,5
MIT-0246,Medan Branch,Sistem Informasi,Kritis,Rencana Aksi Mitigasi Temuan #246,2,1,70.5,0,Tidak,1,3
MIT-0247,Bandung Branch,Sistem Informasi,Sedang,Rencana Aksi Mitigasi Temuan #247,129,2,77.4,0,Ya (Anomali),5,4
MIT-0248,Surabaya Branch,Pengendalian Internal,Tinggi,Rencana Aksi Mitigasi Temuan #248,48,4,58.4,0,Tidak,5,5
MIT-0249,Surabaya Branch,Pengendalian Internal,Kritis,Rencana Aksi Mitigasi Temuan #249,140,1,65.3,0,Tidak,4,3
MIT-0250,Medan Branch,Manajemen Risiko,Rendah,Rencana Aksi Mitigasi Temuan #250,37,5,35.6,0,Ya (Anomali),4,5
MIT-0251,IT Dept,Manajemen Risiko,Kritis,Rencana Aksi Mitigasi Temuan #251,160,3,51.2,0,Ya (Anomali),5,5
MIT-0252,Jakarta Branch,Sistem Informasi,Kritis,Rencana Aksi Mitigasi Temuan #252,9,2,49.8,0,Tidak,2,5
MIT-0253,Bandung Branch,Pengendalian Internal,Tinggi,Rencana Aksi Mitigasi Temuan #253,99,1,80.6,0,Tidak,3,2
MIT-0254,Medan Branch,Kepatuhan SOP,Sedang,Rencana Aksi Mitigasi Temuan #254,147,2,79.8,0,Ya (Anomali),5,5
MIT-0255,Medan Branch,Manajemen Risiko,Kritis,Rencana Aksi Mitigasi Temuan #255,48,1,79.1,0,Tidak,3,2
MIT-0256,Operations Dept,Pengendalian Internal,Tinggi,Rencana Aksi Mitigasi Temuan #256,131,0,1.0,0,Tidak,4,5
MIT-0257,Surabaya Branch,Kepatuhan SOP,Tinggi,Rencana Aksi Mitigasi Temuan #257,148,5,71.2,0,Tidak,5,5
MIT-0258,Bandung Branch,Kepatuhan SOP,Sedang,Rencana Aksi Mitigasi Temuan #258,152,2,72.1,0,Tidak,5,5
MIT-0259,Jakarta Branch,Pengendalian Internal,Tinggi,Rencana Aksi Mitigasi Temuan #259,54,3,64.4,0,Tidak,3,5
MIT-0260,Surabaya Branch,Manajemen Risiko,Sedang,Rencana Aksi Mitigasi Temuan #260,120,3,71.8,0,Ya (Anomali),5,5
MIT-0261,Medan Branch,Pengendalian Internal,Rendah,Rencana Aksi Mitigasi Temuan #261,161,4,80.0,0,Ya (Anomali),5,5
MIT-0262,Surabaya Branch,Manajemen Risiko,Kritis,Rencana Aksi Mitigasi Temuan #262,152,1,44.7,0,Tidak,5,4
MIT-0263,Surabaya Branch,Sistem Informasi,Tinggi,Rencana Aksi Mitigasi Temuan #263,116,2,47.7,0,Ya (Anomali),5,5
MIT-0264,Finance Dept,Pengendalian Internal,Rendah,Rencana Aksi Mitigasi Temuan #264,75,4,11.8,1,Ya (Anomali),4,5
MIT-0265,Surabaya Branch,Pengendalian Internal,Tinggi,Rencana Aksi Mitigasi Temuan #265,113,2,36.6,0,Ya (Anomali),4,5
MIT-0266,IT Dept,Manajemen Risiko,Tinggi,Rencana Aksi Mitigasi Temuan #266,164,1,61.1,0,Tidak,5,3
MIT-0267,Surabaya Branch,Manajemen Risiko,Rendah,Rencana Aksi Mitigasi Temuan #267,166,3,74.1,0,Ya (Anomali),5,5
MIT-0268,IT Dept,Pengendalian Internal,Tinggi,Rencana Aksi Mitigasi Temuan #268,104,0,20.6,0,Tidak,3,4
MIT-0269,Bandung Branch,Kepatuhan SOP,Tinggi,Rencana Aksi Mitigasi Temuan #269,84,3,13.1,1,Ya (Anomali),4,5
MIT-0270,Surabaya Branch,Kepatuhan SOP,Rendah,Rencana Aksi Mitigasi Temuan #270,112,4,63.0,0,Tidak,5,5
MIT-0271,Jakarta Branch,Kepatuhan SOP,Tinggi,Rencana Aksi Mitigasi Temuan #271,99,5,0.2,1,Ya (Anomali),5,5
MIT-0272,IT Dept,Sistem Informasi,Sedang,Rencana Aksi Mitigasi Temuan #272,153,0,16.9,1,Ya (Anomali),4,5
MIT-0273,IT Dept,Sistem Informasi,Tinggi,Rencana Aksi Mitigasi Temuan #273,93,4,2.8,0,Ya (Anomali),5,5
MIT-0274,Medan Branch,Manajemen Risiko,Kritis,Rencana Aksi Mitigasi Temuan #274,146,1,15.9,1,Ya (Anomali),5,5
MIT-0275,Bandung Branch,Sistem Informasi,Tinggi,Rencana Aksi Mitigasi Temuan #275,128,0,17.2,1,Ya (Anomali),5,5
MIT-0276,Surabaya Branch,Kepatuhan SOP,Kritis,Rencana Aksi Mitigasi Temuan #276,110,4,36.8,0,Ya (Anomali),5,5
MIT-0277,Operations Dept,Pengendalian Internal,Kritis,Rencana Aksi Mitigasi Temuan #277,82,1,38.2,0,Tidak,4,4
MIT-0278,Jakarta Branch,Sistem Informasi,Tinggi,Rencana Aksi Mitigasi Temuan #278,54,3,83.1,0,Tidak,3,5
MIT-0279,Medan Branch,Sistem Informasi,Rendah,Rencana Aksi Mitigasi Temuan #279,163,5,48.5,0,Ya (Anomali),5,5
MIT-0280,Bandung Branch,Kepatuhan SOP,Sedang,Rencana Aksi Mitigasi Temuan #280,169,1,68.7,0,Tidak,5,3
MIT-0281,IT Dept,Sistem Informasi,Sedang,Rencana Aksi Mitigasi Temuan #281,161,2,9.9,0,Ya (Anomali),5,5
MIT-0282,Jakarta Branch,Manajemen Risiko,Tinggi,Rencana Aksi Mitigasi Temuan #282,68,1,21.4,1,Tidak,3,5
MIT-0283,Surabaya Branch,Pengendalian Internal,Rendah,Rencana Aksi Mitigasi Temuan #283,33,1,66.8,0,Tidak,2,3
MIT-0284,Operations Dept,Kepatuhan SOP,Rendah,Rencana Aksi Mitigasi Temuan #284,142,5,5.0,1,Ya (Anomali),5,5
MIT-0285,Finance Dept,Manajemen Risiko,Sedang,Rencana Aksi Mitigasi Temuan #285,21,2,46.2,0,Tidak,2,5
MIT-0286,Finance Dept,Kepatuhan SOP,Rendah,Rencana Aksi Mitigasi Temuan #286,48,4,56.9,0,Tidak,4,5
MIT-0287,Bandung Branch,Manajemen Risiko,Tinggi,Rencana Aksi Mitigasi Temuan #287,148,4,57.2,0,Ya (Anomali),5,5
MIT-0288,Operations Dept,Pengendalian Internal,Tinggi,Rencana Aksi Mitigasi Temuan #288,128,1,2.2,1,Ya (Anomali),5,5
MIT-0289,Jakarta Branch,Pengendalian Internal,Rendah,Rencana Aksi Mitigasi Temuan #289,136,2,30.6,0,Ya (Anomali),5,5
MIT-0290,Medan Branch,Manajemen Risiko,Tinggi,Rencana Aksi Mitigasi Temuan #290,135,2,60.5,0,Ya (Anomali),5,4
MIT-0291,Jakarta Branch,Manajemen Risiko,Kritis,Rencana Aksi Mitigasi Temuan #291,145,5,14.2,1,Ya (Anomali),5,5
MIT-0292,Operations Dept,Manajemen Risiko,Sedang,Rencana Aksi Mitigasi Temuan #292,128,3,66.1,0,Ya (Anomali),5,5
MIT-0293,IT Dept,Manajemen Risiko,Tinggi,Rencana Aksi Mitigasi Temuan #293,33,4,70.9,0,Tidak,3,5
MIT-0294,Finance Dept,Manajemen Risiko,Rendah,Rencana Aksi Mitigasi Temuan #294,176,5,93.3,0,Ya (Anomali),5,5
MIT-0295,Bandung Branch,Manajemen Risiko,Sedang,Rencana Aksi Mitigasi Temuan #295,115,0,19.9,1,Ya (Anomali),4,5
MIT-0296,Surabaya Branch,Pengendalian Internal,Tinggi,Rencana Aksi Mitigasi Temuan #296,119,4,78.4,0,Ya (Anomali),5,5
MIT-0297,Jakarta Branch,Manajemen Risiko,Sedang,Rencana Aksi Mitigasi Temuan #297,22,5,49.4,0,Tidak,4,5
MIT-0298,Finance Dept,Sistem Informasi,Rendah,Rencana Aksi Mitigasi Temuan #298,158,4,35.5,0,Ya (Anomali),5,5
MIT-0299,Medan Branch,Pengendalian Internal,Kritis,Rencana Aksi Mitigasi Temuan #299,38,3,11.6,0,Tidak,3,5
MIT-0300,Bandung Branch,Kepatuhan SOP,Kritis,Rencana Aksi Mitigasi Temuan #300,109,0,69.9,0,Tidak,4,2
MIT-0301,Surabaya Branch,Pengendalian Internal,Tinggi,Rencana Aksi Mitigasi Temuan #301,51,3,22.4,1,Ya (Anomali),4,5
MIT-0302,Jakarta Branch,Kepatuhan SOP,Kritis,Rencana Aksi Mitigasi Temuan #302,8,0,35.3,0,Tidak,1,3
MIT-0303,Medan Branch,Kepatuhan SOP,Tinggi,Rencana Aksi Mitigasi Temuan #303,27,1,5.9,0,Tidak,3,5
MIT-0304,Surabaya Branch,Sistem Informasi,Sedang,Rencana Aksi Mitigasi Temuan #304,27,5,76.1,0,Ya (Anomali),4,5
MIT-0305,IT Dept,Manajemen Risiko,Tinggi,Rencana Aksi Mitigasi Temuan #305,21,0,72.8,0,Tidak,2,1
MIT-0306,Finance Dept,Manajemen Risiko,Tinggi,Rencana Aksi Mitigasi Temuan #306,30,3,69.7,0,Ya (Anomali),3,5
MIT-0307,IT Dept,Pengendalian Internal,Tinggi,Rencana Aksi Mitigasi Temuan #307,97,4,28.4,0,Ya (Anomali),5,5
MIT-0308,Finance Dept,Manajemen Risiko,Kritis,Rencana Aksi Mitigasi Temuan #308,28,0,16.5,0,Tidak,1,3
MIT-0309,Medan Branch,Sistem Informasi,Tinggi,Rencana Aksi Mitigasi Temuan #309,111,5,60.6,0,Ya (Anomali),5,5
MIT-0310,IT Dept,Pengendalian Internal,Rendah,Rencana Aksi Mitigasi Temuan #310,61,0,47.1,0,Tidak,2,3
MIT-0311,Finance Dept,Pengendalian Internal,Tinggi,Rencana Aksi Mitigasi Temuan #311,48,2,16.9,1,Ya (Anomali),3,5
MIT-0312,Bandung Branch,Pengendalian Internal,Sedang,Rencana Aksi Mitigasi Temuan #312,147,4,65.2,0,Ya (Anomali),5,5
MIT-0313,Medan Branch,Manajemen Risiko,Rendah,Rencana Aksi Mitigasi Temuan #313,4,5,94.2,0,Tidak,4,5
MIT-0314,Finance Dept,Manajemen Risiko,Sedang,Rencana Aksi Mitigasi Temuan #314,35,5,71.0,0,Tidak,4,5
MIT-0315,Jakarta Branch,Manajemen Risiko,Sedang,Rencana Aksi Mitigasi Temuan #315,49,1,70.3,0,Tidak,2,4
MIT-0316,Finance Dept,Pengendalian Internal,Sedang,Rencana Aksi Mitigasi Temuan #316,17,3,90.3,0,Tidak,2,4
MIT-0317,IT Dept,Pengendalian Internal,Rendah,Rencana Aksi Mitigasi Temuan #317,172,1,19.3,1,Ya (Anomali),5,5
MIT-0318,Bandung Branch,Kepatuhan SOP,Rendah,Rencana Aksi Mitigasi Temuan #318,158,5,53.7,0,Ya (Anomali),5,5
MIT-0319,Surabaya Branch,Kepatuhan SOP,Kritis,Rencana Aksi Mitigasi Temuan #319,46,4,93.1,0,Tidak,5,5
MIT-0320,Surabaya Branch,Manajemen Risiko,Rendah,Rencana Aksi Mitigasi Temuan #320,117,0,15.7,1,Ya (Anomali),4,5
MIT-0321,Finance Dept,Pengendalian Internal,Tinggi,Rencana Aksi Mitigasi Temuan #321,6,0,66.5,0,Tidak,1,2
MIT-0322,Surabaya Branch,Manajemen Risiko,Sedang,Rencana Aksi Mitigasi Temuan #322,99,4,55.7,0,Ya (Anomali),5,5
MIT-0323,Finance Dept,Manajemen Risiko,Kritis,Rencana Aksi Mitigasi Temuan #323,124,5,55.7,0,Ya (Anomali),5,5
MIT-0324,Bandung Branch,Kepatuhan SOP,Rendah,Rencana Aksi Mitigasi Temuan #324,37,0,66.3,0,Tidak,1,2
MIT-0325,Surabaya Branch,Sistem Informasi,Sedang,Rencana Aksi Mitigasi Temuan #325,24,0,88.3,0,Tidak,2,1
MIT-0326,IT Dept,Manajemen Risiko,Rendah,Rencana Aksi Mitigasi Temuan #326,93,0,74.3,0,Tidak,4,1
MIT-0327,IT Dept,Sistem Informasi,Kritis,Rencana Aksi Mitigasi Temuan #327,46,3,5.3,0,Tidak,3,5
MIT-0328,Jakarta Branch,Sistem Informasi,Rendah,Rencana Aksi Mitigasi Temuan #328,95,3,81.0,0,Ya (Anomali),4,5
MIT-0329,Finance Dept,Pengendalian Internal,Rendah,Rencana Aksi Mitigasi Temuan #329,99,2,21.4,1,Ya (Anomali),5,5
MIT-0330,Surabaya Branch,Pengendalian Internal,Sedang,Rencana Aksi Mitigasi Temuan #330,116,1,35.8,0,Tidak,4,4
MIT-0331,IT Dept,Manajemen Risiko,Tinggi,Rencana Aksi Mitigasi Temuan #331,160,4,43.9,0,Tidak,5,5
MIT-0332,Operations Dept,Kepatuhan SOP,Rendah,Rencana Aksi Mitigasi Temuan #332,161,4,45.7,0,Ya (Anomali),5,5
MIT-0333,Bandung Branch,Kepatuhan SOP,Kritis,Rencana Aksi Mitigasi Temuan #333,67,4,41.3,0,Tidak,4,5
MIT-0334,Bandung Branch,Manajemen Risiko,Rendah,Rencana Aksi Mitigasi Temuan #334,128,2,89.0,0,Ya (Anomali),5,4
MIT-0335,Operations Dept,Manajemen Risiko,Rendah,Rencana Aksi Mitigasi Temuan #335,18,3,67.1,0,Tidak,2,5
MIT-0336,Operations Dept,Kepatuhan SOP,Tinggi,Rencana Aksi Mitigasi Temuan #336,25,5,60.0,0,Tidak,4,5
MIT-0337,Jakarta Branch,Sistem Informasi,Sedang,Rencana Aksi Mitigasi Temuan #337,54,5,4.7,1,Ya (Anomali),5,5
MIT-0338,Bandung Branch,Manajemen Risiko,Kritis,Rencana Aksi Mitigasi Temuan #338,58,2,85.9,0,Tidak,3,3
MIT-0339,Bandung Branch,Sistem Informasi,Sedang,Rencana Aksi Mitigasi Temuan #339,67,5,86.4,0,Tidak,5,5
MIT-0340,Surabaya Branch,Manajemen Risiko,Sedang,Rencana Aksi Mitigasi Temuan #340,104,4,74.1,0,Ya (Anomali),5,5
MIT-0341,Finance Dept,Manajemen Risiko,Sedang,Rencana Aksi Mitigasi Temuan #341,174,1,0.7,0,Tidak,5,5
MIT-0342,Medan Branch,Sistem Informasi,Rendah,Rencana Aksi Mitigasi Temuan #342,24,0,5.4,0,Tidak,2,4
MIT-0343,Bandung Branch,Sistem Informasi,Tinggi,Rencana Aksi Mitigasi Temuan #343,114,3,21.4,0,Ya (Anomali),5,5
MIT-0344,Bandung Branch,Kepatuhan SOP,Rendah,Rencana Aksi Mitigasi Temuan #344,32,3,12.5,0,Tidak,3,5
MIT-0345,Medan Branch,Manajemen Risiko,Kritis,Rencana Aksi Mitigasi Temuan #345,175,2,37.9,0,Ya (Anomali),5,5
MIT-0346,Bandung Branch,Pengendalian Internal,Tinggi,Rencana Aksi Mitigasi Temuan #346,86,3,87.6,0,Tidak,4,5
MIT-0347,Surabaya Branch,Pengendalian Internal,Sedang,Rencana Aksi Mitigasi Temuan #347,151,4,44.8,0,Ya (Anomali),5,5
MIT-0348,Surabaya Branch,Manajemen Risiko,Tinggi,Rencana Aksi Mitigasi Temuan #348,127,5,1.3,1,Ya (Anomali),5,5
MIT-0349,Medan Branch,Manajemen Risiko,Kritis,Rencana Aksi Mitigasi Temuan #349,155,4,26.9,0,Ya (Anomali),5,5
MIT-0350,IT Dept,Manajemen Risiko,Rendah,Rencana Aksi Mitigasi Temuan #350,130,2,4.2,0,Ya (Anomali),5,5
MIT-0351,Bandung Branch,Sistem Informasi,Rendah,Rencana Aksi Mitigasi Temuan #351,17,4,3.4,0,Ya (Anomali),3,5
MIT-0352,IT Dept,Pengendalian Internal,Sedang,Rencana Aksi Mitigasi Temuan #352,104,5,26.2,0,Tidak,5,5
MIT-0353,Bandung Branch,Pengendalian Internal,Rendah,Rencana Aksi Mitigasi Temuan #353,161,1,26.2,0,Tidak,5,4
MIT-0354,Finance Dept,Pengendalian Internal,Rendah,Rencana Aksi Mitigasi Temuan #354,137,2,74.8,0,Ya (Anomali),5,4
MIT-0355,Bandung Branch,Manajemen Risiko,Kritis,Rencana Aksi Mitigasi Temuan #355,43,1,92.6,0,Tidak,2,2
MIT-0356,Surabaya Branch,Sistem Informasi,Tinggi,Rencana Aksi Mitigasi Temuan #356,176,0,35.3,0,Tidak,5,4
MIT-0357,Jakarta Branch,Manajemen Risiko,Rendah,Rencana Aksi Mitigasi Temuan #357,39,1,40.7,0,Tidak,3,4
MIT-0358,Operations Dept,Kepatuhan SOP,Kritis,Rencana Aksi Mitigasi Temuan #358,170,0,80.3,0,Tidak,5,2
MIT-0359,Jakarta Branch,Kepatuhan SOP,Kritis,Rencana Aksi Mitigasi Temuan #359,26,0,25.5,0,Tidak,1,3
MIT-0360,Jakarta Branch,Pengendalian Internal,Sedang,Rencana Aksi Mitigasi Temuan #360,99,1,14.9,1,Ya (Anomali),4,5
MIT-0361,Jakarta Branch,Manajemen Risiko,Kritis,Rencana Aksi Mitigasi Temuan #361,50,2,81.0,0,Tidak,4,4
MIT-0362,Operations Dept,Kepatuhan SOP,Sedang,Rencana Aksi Mitigasi Temuan #362,153,5,4.4,1,Ya (Anomali),5,5
MIT-0363,IT Dept,Kepatuhan SOP,Rendah,Rencana Aksi Mitigasi Temuan #363,152,4,58.9,0,Ya (Anomali),5,5
MIT-0364,Operations Dept,Manajemen Risiko,Sedang,Rencana Aksi Mitigasi Temuan #364,13,4,53.4,0,Tidak,4,5
MIT-0365,IT Dept,Sistem Informasi,Kritis,Rencana Aksi Mitigasi Temuan #365,60,5,32.9,0,Tidak,4,5
MIT-0366,Operations Dept,Manajemen Risiko,Tinggi,Rencana Aksi Mitigasi Temuan #366,135,0,29.9,0,Tidak,4,3
MIT-0367,Operations Dept,Manajemen Risiko,Tinggi,Rencana Aksi Mitigasi Temuan #367,57,0,73.3,0,Tidak,2,2
MIT-0368,Bandung Branch,Sistem Informasi,Rendah,Rencana Aksi Mitigasi Temuan #368,36,2,8.2,0,Tidak,2,5
MIT-0369,IT Dept,Pengendalian Internal,Rendah,Rencana Aksi Mitigasi Temuan #369,173,3,22.5,0,Ya (Anomali),5,5
MIT-0370,Bandung Branch,Pengendalian Internal,Tinggi,Rencana Aksi Mitigasi Temuan #370,20,1,69.6,0,Tidak,1,3
MIT-0371,Finance Dept,Pengendalian Internal,Sedang,Rencana Aksi Mitigasi Temuan #371,65,0,52.1,0,Tidak,2,3
MIT-0372,Bandung Branch,Sistem Informasi,Rendah,Rencana Aksi Mitigasi Temuan #372,8,4,12.2,0,Tidak,3,5
MIT-0373,Jakarta Branch,Kepatuhan SOP,Kritis,Rencana Aksi Mitigasi Temuan #373,144,2,83.8,0,Ya (Anomali),5,4
MIT-0374,Medan Branch,Sistem Informasi,Rendah,Rencana Aksi Mitigasi Temuan #374,142,1,37.4,0,Tidak,5,4
MIT-0375,Medan Branch,Manajemen Risiko,Sedang,Rencana Aksi Mitigasi Temuan #375,115,2,78.6,0,Ya (Anomali),5,5
MIT-0376,Surabaya Branch,Sistem Informasi,Rendah,Rencana Aksi Mitigasi Temuan #376,143,1,74.8,0,Tidak,5,4
MIT-0377,Surabaya Branch,Kepatuhan SOP,Kritis,Rencana Aksi Mitigasi Temuan #377,92,1,59.3,0,Tidak,3,4
MIT-0378,Bandung Branch,Kepatuhan SOP,Kritis,Rencana Aksi Mitigasi Temuan #378,98,5,47.0,0,Ya (Anomali),5,5
MIT-0379,Operations Dept,Manajemen Risiko,Kritis,Rencana Aksi Mitigasi Temuan #379,66,0,93.1,0,Tidak,3,1
MIT-0380,Operations Dept,Pengendalian Internal,Sedang,Rencana Aksi Mitigasi Temuan #380,32,2,13.8,0,Tidak,2,5
MIT-0381,Medan Branch,Kepatuhan SOP,Sedang,Rencana Aksi Mitigasi Temuan #381,86,2,68.9,0,Tidak,4,4
MIT-0382,Jakarta Branch,Kepatuhan SOP,Kritis,Rencana Aksi Mitigasi Temuan #382,51,5,18.2,1,Ya (Anomali),5,5
MIT-0383,IT Dept,Kepatuhan SOP,Kritis,Rencana Aksi Mitigasi Temuan #383,153,4,32.1,0,Tidak,5,5
MIT-0384,Jakarta Branch,Manajemen Risiko,Sedang,Rencana Aksi Mitigasi Temuan #384,63,4,29.3,0,Tidak,4,5
MIT-0385,Jakarta Branch,Kepatuhan SOP,Sedang,Rencana Aksi Mitigasi Temuan #385,125,0,90.0,0,Tidak,5,1
MIT-0386,Bandung Branch,Pengendalian Internal,Sedang,Rencana Aksi Mitigasi Temuan #386,150,0,91.9,0,Tidak,5,1
MIT-0387,Bandung Branch,Manajemen Risiko,Tinggi,Rencana Aksi Mitigasi Temuan #387,58,3,17.4,1,Ya (Anomali),3,5
MIT-0388,Finance Dept,Pengendalian Internal,Sedang,Rencana Aksi Mitigasi Temuan #388,58,5,2.1,1,Ya (Anomali),5,5
MIT-0389,Jakarta Branch,Kepatuhan SOP,Kritis,Rencana Aksi Mitigasi Temuan #389,86,4,68.4,0,Tidak,5,5
MIT-0390,Operations Dept,Kepatuhan SOP,Tinggi,Rencana Aksi Mitigasi Temuan #390,49,1,39.7,0,Tidak,3,4
MIT-0391,Operations Dept,Pengendalian Internal,Sedang,Rencana Aksi Mitigasi Temuan #391,170,2,8.4,1,Ya (Anomali),5,5
MIT-0392,Jakarta Branch,Manajemen Risiko,Kritis,Rencana Aksi Mitigasi Temuan #392,70,0,65.0,0,Tidak,2,2
MIT-0393,Bandung Branch,Manajemen Risiko,Rendah,Rencana Aksi Mitigasi Temuan #393,15,2,51.8,0,Tidak,2,5
MIT-0394,Bandung Branch,Pengendalian Internal,Tinggi,Rencana Aksi Mitigasi Temuan #394,54,2,93.1,0,Tidak,4,3
MIT-0395,Finance Dept,Kepatuhan SOP,Kritis,Rencana Aksi Mitigasi Temuan #395,101,3,21.6,1,Ya (Anomali),5,5
MIT-0396,Finance Dept,Sistem Informasi,Rendah,Rencana Aksi Mitigasi Temuan #396,8,4,38.4,0,Tidak,3,5
MIT-0397,Surabaya Branch,Pengendalian Internal,Kritis,Rencana Aksi Mitigasi Temuan #397,53,0,51.5,0,Tidak,2,3
MIT-0398,Medan Branch,Pengendalian Internal,Sedang,Rencana Aksi Mitigasi Temuan #398,60,2,75.2,0,Tidak,4,4
MIT-0399,Jakarta Branch,Pengendalian Internal,Sedang,Rencana Aksi Mitigasi Temuan #399,108,0,52.1,0,Tidak,3,3
MIT-0400,Operations Dept,Kepatuhan SOP,Rendah,Rencana Aksi Mitigasi Temuan #400,5,1,58.2,0,Tidak,1,3
MIT-0401,Jakarta Branch,Manajemen Risiko,Sedang,Rencana Aksi Mitigasi Temuan #401,103,3,21.5,1,Ya (Anomali),5,5
MIT-0402,Finance Dept,Kepatuhan SOP,Kritis,Rencana Aksi Mitigasi Temuan #402,6,1,80.5,0,Tidak,1,2
MIT-0403,Finance Dept,Pengendalian Internal,Rendah,Rencana Aksi Mitigasi Temuan #403,109,0,40.7,0,Tidak,3,2
MIT-0404,Surabaya Branch,Kepatuhan SOP,Kritis,Rencana Aksi Mitigasi Temuan #404,116,0,13.4,1,Ya (Anomali),3,5
MIT-0405,Medan Branch,Kepatuhan SOP,Kritis,Rencana Aksi Mitigasi Temuan #405,94,4,63.1,0,Ya (Anomali),5,5
MIT-0406,Surabaya Branch,Pengendalian Internal,Kritis,Rencana Aksi Mitigasi Temuan #406,47,2,20.5,1,Ya (Anomali),3,5
MIT-0407,Operations Dept,Kepatuhan SOP,Sedang,Rencana Aksi Mitigasi Temuan #407,99,2,9.3,0,Ya (Anomali),5,5
MIT-0408,Medan Branch,Sistem Informasi,Sedang,Rencana Aksi Mitigasi Temuan #408,55,1,81.9,0,Tidak,2,3
MIT-0409,IT Dept,Kepatuhan SOP,Kritis,Rencana Aksi Mitigasi Temuan #409,168,3,43.7,0,Ya (Anomali),5,5
MIT-0410,Jakarta Branch,Kepatuhan SOP,Tinggi,Rencana Aksi Mitigasi Temuan #410,52,5,71.2,0,Tidak,5,5
MIT-0411,Surabaya Branch,Manajemen Risiko,Kritis,Rencana Aksi Mitigasi Temuan #411,144,2,27.6,0,Ya (Anomali),5,5
MIT-0412,Finance Dept,Manajemen Risiko,Kritis,Rencana Aksi Mitigasi Temuan #412,13,4,74.8,0,Tidak,4,5
MIT-0413,Surabaya Branch,Pengendalian Internal,Rendah,Rencana Aksi Mitigasi Temuan #413,114,1,10.6,0,Tidak,4,5
MIT-0414,IT Dept,Pengendalian Internal,Kritis,Rencana Aksi Mitigasi Temuan #414,124,1,33.8,0,Tidak,4,4
MIT-0415,Surabaya Branch,Manajemen Risiko,Sedang,Rencana Aksi Mitigasi Temuan #415,106,5,92.9,0,Ya (Anomali),5,5
MIT-0416,Jakarta Branch,Sistem Informasi,Rendah,Rencana Aksi Mitigasi Temuan #416,158,4,75.4,0,Ya (Anomali),5,5
MIT-0417,IT Dept,Kepatuhan SOP,Tinggi,Rencana Aksi Mitigasi Temuan #417,147,3,47.2,0,Ya (Anomali),5,5
MIT-0418,Finance Dept,Sistem Informasi,Rendah,Rencana Aksi Mitigasi Temuan #418,145,4,32.3,0,Ya (Anomali),5,5
MIT-0419,Finance Dept,Sistem Informasi,Tinggi,Rencana Aksi Mitigasi Temuan #419,120,3,82.9,0,Ya (Anomali),5,5
MIT-0420,Bandung Branch,Manajemen Risiko,Rendah,Rencana Aksi Mitigasi Temuan #420,63,4,51.8,0,Tidak,4,5
MIT-0421,IT Dept,Pengendalian Internal,Rendah,Rencana Aksi Mitigasi Temuan #421,19,4,72.1,0,Tidak,3,5
MIT-0422,Bandung Branch,Kepatuhan SOP,Tinggi,Rencana Aksi Mitigasi Temuan #422,92,0,71.6,0,Tidak,3,1
MIT-0423,Bandung Branch,Pengendalian Internal,Sedang,Rencana Aksi Mitigasi Temuan #423,58,1,1.7,1,Ya (Anomali),3,5
MIT-0424,Jakarta Branch,Sistem Informasi,Sedang,Rencana Aksi Mitigasi Temuan #424,90,4,12.0,1,Ya (Anomali),5,5
MIT-0425,Surabaya Branch,Sistem Informasi,Sedang,Rencana Aksi Mitigasi Temuan #425,117,5,62.7,0,Ya (Anomali),5,5
MIT-0426,Finance Dept,Pengendalian Internal,Rendah,Rencana Aksi Mitigasi Temuan #426,62,4,15.4,1,Ya (Anomali),4,5
MIT-0427,Finance Dept,Pengendalian Internal,Kritis,Rencana Aksi Mitigasi Temuan #427,23,2,24.3,0,Tidak,2,5
MIT-0428,Surabaya Branch,Manajemen Risiko,Rendah,Rencana Aksi Mitigasi Temuan #428,127,1,89.9,0,Tidak,5,2
MIT-0429,Finance Dept,Pengendalian Internal,Kritis,Rencana Aksi Mitigasi Temuan #429,137,2,53.2,0,Ya (Anomali),5,5
MIT-0430,Surabaya Branch,Pengendalian Internal,Kritis,Rencana Aksi Mitigasi Temuan #430,140,1,71.3,0,Tidak,5,4
MIT-0431,IT Dept,Manajemen Risiko,Sedang,Rencana Aksi Mitigasi Temuan #431,129,2,53.0,0,Ya (Anomali),5,5
MIT-0432,Jakarta Branch,Pengendalian Internal,Kritis,Rencana Aksi Mitigasi Temuan #432,58,4,52.5,0,Tidak,4,5
MIT-0433,Jakarta Branch,Sistem Informasi,Rendah,Rencana Aksi Mitigasi Temuan #433,122,4,8.9,0,Ya (Anomali),5,5
MIT-0434,Operations Dept,Pengendalian Internal,Rendah,Rencana Aksi Mitigasi Temuan #434,1,0,32.6,0,Tidak,2,3
MIT-0435,Jakarta Branch,Kepatuhan SOP,Sedang,Rencana Aksi Mitigasi Temuan #435,34,5,26.8,0,Tidak,4,5
MIT-0436,Surabaya Branch,Sistem Informasi,Tinggi,Rencana Aksi Mitigasi Temuan #436,96,2,37.1,0,Ya (Anomali),4,5
MIT-0437,Operations Dept,Manajemen Risiko,Rendah,Rencana Aksi Mitigasi Temuan #437,126,3,75.8,0,Ya (Anomali),5,5
MIT-0438,Surabaya Branch,Sistem Informasi,Kritis,Rencana Aksi Mitigasi Temuan #438,118,0,35.3,0,Tidak,3,3
MIT-0439,Medan Branch,Manajemen Risiko,Rendah,Rencana Aksi Mitigasi Temuan #439,48,2,42.9,0,Tidak,4,5
MIT-0440,Operations Dept,Kepatuhan SOP,Rendah,Rencana Aksi Mitigasi Temuan #440,89,2,37.8,0,Ya (Anomali),4,5
MIT-0441,Finance Dept,Kepatuhan SOP,Rendah,Rencana Aksi Mitigasi Temuan #441,117,0,8.9,1,Ya (Anomali),3,5
MIT-0442,Finance Dept,Sistem Informasi,Tinggi,Rencana Aksi Mitigasi Temuan #442,129,4,41.9,0,Ya (Anomali),5,5
MIT-0443,Medan Branch,Pengendalian Internal,Kritis,Rencana Aksi Mitigasi Temuan #443,16,2,18.6,0,Tidak,2,5
MIT-0444,Medan Branch,Sistem Informasi,Sedang,Rencana Aksi Mitigasi Temuan #444,69,4,17.7,1,Ya (Anomali),5,5
MIT-0445,Jakarta Branch,Sistem Informasi,Rendah,Rencana Aksi Mitigasi Temuan #445,22,0,8.9,0,Tidak,1,5
MIT-0446,Medan Branch,Kepatuhan SOP,Kritis,Rencana Aksi Mitigasi Temuan #446,93,4,33.9,0,Ya (Anomali),5,5
MIT-0447,Surabaya Branch,Manajemen Risiko,Kritis,Rencana Aksi Mitigasi Temuan #447,76,1,72.0,0,Tidak,3,4
MIT-0448,Bandung Branch,Sistem Informasi,Sedang,Rencana Aksi Mitigasi Temuan #448,154,3,26.3,0,Ya (Anomali),5,5
MIT-0449,Surabaya Branch,Pengendalian Internal,Rendah,Rencana Aksi Mitigasi Temuan #449,144,2,29.7,0,Tidak,5,5
MIT-0450,Operations Dept,Kepatuhan SOP,Tinggi,Rencana Aksi Mitigasi Temuan #450,179,5,61.1,0,Ya (Anomali),5,5
MIT-0451,Medan Branch,Sistem Informasi,Kritis,Rencana Aksi Mitigasi Temuan #451,86,3,18.6,0,Tidak,4,5
MIT-0452,Finance Dept,Sistem Informasi,Sedang,Rencana Aksi Mitigasi Temuan #452,29,4,85.2,0,Tidak,4,5
MIT-0453,Surabaya Branch,Pengendalian Internal,Tinggi,Rencana Aksi Mitigasi Temuan #453,69,2,49.4,0,Tidak,4,5
MIT-0454,Finance Dept,Sistem Informasi,Kritis,Rencana Aksi Mitigasi Temuan #454,47,4,42.5,0,Tidak,4,5
MIT-0455,Surabaya Branch,Sistem Informasi,Rendah,Rencana Aksi Mitigasi Temuan #455,94,1,53.0,0,Tidak,3,3
MIT-0456,Finance Dept,Sistem Informasi,Kritis,Rencana Aksi Mitigasi Temuan #456,144,0,15.8,1,Ya (Anomali),5,5
MIT-0457,IT Dept,Sistem Informasi,Tinggi,Rencana Aksi Mitigasi Temuan #457,176,2,58.3,0,Ya (Anomali),5,4
MIT-0458,Surabaya Branch,Pengendalian Internal,Tinggi,Rencana Aksi Mitigasi Temuan #458,85,1,34.5,0,Tidak,3,5
MIT-0459,Operations Dept,Sistem Informasi,Rendah,Rencana Aksi Mitigasi Temuan #459,39,1,85.2,0,Tidak,2,2
MIT-0460,Finance Dept,Sistem Informasi,Rendah,Rencana Aksi Mitigasi Temuan #460,100,2,16.0,1,Ya (Anomali),5,5
MIT-0461,Bandung Branch,Sistem Informasi,Sedang,Rencana Aksi Mitigasi Temuan #461,33,4,48.2,0,Tidak,4,5
MIT-0462,Operations Dept,Kepatuhan SOP,Rendah,Rencana Aksi Mitigasi Temuan #462,101,5,56.8,0,Ya (Anomali),5,5
MIT-0463,Jakarta Branch,Pengendalian Internal,Sedang,Rencana Aksi Mitigasi Temuan #463,23,1,3.2,0,Tidak,2,5
MIT-0464,Surabaya Branch,Kepatuhan SOP,Tinggi,Rencana Aksi Mitigasi Temuan #464,10,3,34.6,0,Tidak,2,5
MIT-0465,Bandung Branch,Kepatuhan SOP,Tinggi,Rencana Aksi Mitigasi Temuan #465,69,1,69.6,0,Tidak,3,3
MIT-0466,Jakarta Branch,Pengendalian Internal,Kritis,Rencana Aksi Mitigasi Temuan #466,100,5,77.9,0,Ya (Anomali),5,5
MIT-0467,Surabaya Branch,Kepatuhan SOP,Kritis,Rencana Aksi Mitigasi Temuan #467,34,4,29.8,0,Tidak,3,5
MIT-0468,Bandung Branch,Kepatuhan SOP,Sedang,Rencana Aksi Mitigasi Temuan #468,138,4,75.9,0,Ya (Anomali),5,5
MIT-0469,Bandung Branch,Kepatuhan SOP,Rendah,Rencana Aksi Mitigasi Temuan #469,147,3,91.9,0,Ya (Anomali),5,5
MIT-0470,Operations Dept,Pengendalian Internal,Rendah,Rencana Aksi Mitigasi Temuan #470,96,1,81.4,0,Tidak,3,2
MIT-0471,IT Dept,Sistem Informasi,Kritis,Rencana Aksi Mitigasi Temuan #471,1,4,11.2,0,Tidak,3,5
MIT-0472,Bandung Branch,Manajemen Risiko,Tinggi,Rencana Aksi Mitigasi Temuan #472,69,5,70.3,0,Ya (Anomali),5,5
MIT-0473,IT Dept,Manajemen Risiko,Sedang,Rencana Aksi Mitigasi Temuan #473,4,2,30.4,0,Tidak,2,5
MIT-0474,Medan Branch,Pengendalian Internal,Tinggi,Rencana Aksi Mitigasi Temuan #474,16,0,93.9,0,Tidak,2,1
MIT-0475,Operations Dept,Manajemen Risiko,Tinggi,Rencana Aksi Mitigasi Temuan #475,24,0,46.1,0,Tidak,2,2
MIT-0476,Finance Dept,Pengendalian Internal,Rendah,Rencana Aksi Mitigasi Temuan #476,80,0,11.6,1,Tidak,2,5
MIT-0477,Operations Dept,Pengendalian Internal,Sedang,Rencana Aksi Mitigasi Temuan #477,2,1,68.9,0,Tidak,1,4
MIT-0478,Jakarta Branch,Manajemen Risiko,Tinggi,Rencana Aksi Mitigasi Temuan #478,128,3,30.7,0,Ya (Anomali),5,5
MIT-0479,Finance Dept,Kepatuhan SOP,Kritis,Rencana Aksi Mitigasi Temuan #479,160,4,94.7,0,Ya (Anomali),5,5
MIT-0480,Finance Dept,Sistem Informasi,Kritis,Rencana Aksi Mitigasi Temuan #480,84,2,93.1,0,Tidak,4,3
MIT-0481,IT Dept,Manajemen Risiko,Rendah,Rencana Aksi Mitigasi Temuan #481,152,5,62.3,0,Ya (Anomali),5,5
MIT-0482,Finance Dept,Manajemen Risiko,Kritis,Rencana Aksi Mitigasi Temuan #482,140,2,12.3,1,Ya (Anomali),5,5
MIT-0483,Bandung Branch,Manajemen Risiko,Kritis,Rencana Aksi Mitigasi Temuan #483,178,5,65.3,0,Tidak,5,5
MIT-0484,IT Dept,Manajemen Risiko,Tinggi,Rencana Aksi Mitigasi Temuan #484,163,1,8.8,1,Ya (Anomali),5,5
MIT-0485,Finance Dept,Pengendalian Internal,Kritis,Rencana Aksi Mitigasi Temuan #485,124,0,2.8,1,Ya (Anomali),4,5
MIT-0486,IT Dept,Pengendalian Internal,Kritis,Rencana Aksi Mitigasi Temuan #486,33,1,78.2,0,Tidak,2,2
MIT-0487,Medan Branch,Sistem Informasi,Tinggi,Rencana Aksi Mitigasi Temuan #487,161,3,19.9,1,Ya (Anomali),5,5
MIT-0488,IT Dept,Sistem Informasi,Rendah,Rencana Aksi Mitigasi Temuan #488,179,3,36.0,0,Ya (Anomali),5,5
MIT-0489,Surabaya Branch,Manajemen Risiko,Rendah,Rencana Aksi Mitigasi Temuan #489,171,5,92.5,0,Ya (Anomali),5,5
MIT-0490,Bandung Branch,Manajemen Risiko,Sedang,Rencana Aksi Mitigasi Temuan #490,101,4,32.0,0,Tidak,5,5
MIT-0491,Jakarta Branch,Manajemen Risiko,Kritis,Rencana Aksi Mitigasi Temuan #491,12,4,28.2,0,Tidak,3,5
MIT-0492,Surabaya Branch,Sistem Informasi,Tinggi,Rencana Aksi Mitigasi Temuan #492,67,5,87.2,0,Tidak,5,5
MIT-0493,Surabaya Branch,Manajemen Risiko,Sedang,Rencana Aksi Mitigasi Temuan #493,65,3,10.5,1,Ya (Anomali),4,5
MIT-0494,Surabaya Branch,Kepatuhan SOP,Rendah,Rencana Aksi Mitigasi Temuan #494,161,3,72.2,0,Ya (Anomali),5,5
MIT-0495,Finance Dept,Sistem Informasi,Rendah,Rencana Aksi Mitigasi Temuan #495,168,3,93.9,0,Tidak,5,5
MIT-0496,IT Dept,Kepatuhan SOP,Tinggi,Rencana Aksi Mitigasi Temuan #496,74,1,85.6,0,Tidak,3,3
MIT-0497,IT Dept,Manajemen Risiko,Sedang,Rencana Aksi Mitigasi Temuan #497,43,3,61.9,0,Tidak,3,5
MIT-0498,Operations Dept,Pengendalian Internal,Sedang,Rencana Aksi Mitigasi Temuan #498,44,2,29.8,0,Tidak,3,5
MIT-0499,Finance Dept,Kepatuhan SOP,Tinggi,Rencana Aksi Mitigasi Temuan #499,29,0,24.2,0,Tidak,2,4
MIT-0500,Bandung Branch,Sistem Informasi,Tinggi,Rencana Aksi Mitigasi Temuan #500,141,3,77.8,0,Ya (Anomali),5,5
MIT-0501,Finance Dept,Kepatuhan SOP,Sedang,Rencana Aksi Mitigasi Temuan #501,12,5,83.6,0,Tidak,4,5
MIT-0502,Finance Dept,Sistem Informasi,Rendah,Rencana Aksi Mitigasi Temuan #502,95,0,49.9,0,Tidak,4,3
MIT-0503,Finance Dept,Manajemen Risiko,Kritis,Rencana Aksi Mitigasi Temuan #503,46,1,23.2,0,Tidak,2,4
MIT-0504,Bandung Branch,Kepatuhan SOP,Rendah,Rencana Aksi Mitigasi Temuan #504,130,5,10.7,1,Ya (Anomali),5,5
MIT-0505,Operations Dept,Pengendalian Internal,Tinggi,Rencana Aksi Mitigasi Temuan #505,35,0,8.3,0,Tidak,1,4
MIT-0506,Bandung Branch,Kepatuhan SOP,Sedang,Rencana Aksi Mitigasi Temuan #506,81,5,68.3,0,Ya (Anomali),5,5
MIT-0507,Medan Branch,Pengendalian Internal,Sedang,Rencana Aksi Mitigasi Temuan #507,90,1,39.9,0,Tidak,4,5
MIT-0508,Operations Dept,Sistem Informasi,Kritis,Rencana Aksi Mitigasi Temuan #508,8,2,86.0,0,Tidak,2,3
MIT-0509,Medan Branch,Manajemen Risiko,Sedang,Rencana Aksi Mitigasi Temuan #509,93,1,70.3,0,Tidak,4,3
MIT-0510,Medan Branch,Manajemen Risiko,Kritis,Rencana Aksi Mitigasi Temuan #510,154,1,18.2,1,Ya (Anomali),5,5
MIT-0511,Medan Branch,Pengendalian Internal,Rendah,Rencana Aksi Mitigasi Temuan #511,90,5,58.3,0,Tidak,5,5
MIT-0512,IT Dept,Sistem Informasi,Rendah,Rencana Aksi Mitigasi Temuan #512,162,4,41.4,0,Ya (Anomali),5,5
MIT-0513,Surabaya Branch,Manajemen Risiko,Sedang,Rencana Aksi Mitigasi Temuan #513,115,3,54.8,0,Ya (Anomali),5,5
MIT-0514,Surabaya Branch,Sistem Informasi,Sedang,Rencana Aksi Mitigasi Temuan #514,105,3,70.1,0,Ya (Anomali),5,5
MIT-0515,Medan Branch,Pengendalian Internal,Tinggi,Rencana Aksi Mitigasi Temuan #515,135,2,76.6,0,Ya (Anomali),5,5
MIT-0516,Medan Branch,Pengendalian Internal,Tinggi,Rencana Aksi Mitigasi Temuan #516,58,2,80.2,0,Tidak,3,5
MIT-0517,Jakarta Branch,Kepatuhan SOP,Sedang,Rencana Aksi Mitigasi Temuan #517,114,3,24.1,1,Ya (Anomali),5,5
MIT-0518,Surabaya Branch,Manajemen Risiko,Sedang,Rencana Aksi Mitigasi Temuan #518,75,4,3.0,1,Ya (Anomali),4,5
MIT-0519,Jakarta Branch,Manajemen Risiko,Rendah,Rencana Aksi Mitigasi Temuan #519,157,3,70.2,0,Ya (Anomali),5,5
MIT-0520,Operations Dept,Kepatuhan SOP,Sedang,Rencana Aksi Mitigasi Temuan #520,120,4,10.1,1,Ya (Anomali),5,5
MIT-0521,Jakarta Branch,Pengendalian Internal,Tinggi,Rencana Aksi Mitigasi Temuan #521,164,2,29.9,0,Ya (Anomali),5,5
MIT-0522,Finance Dept,Pengendalian Internal,Rendah,Rencana Aksi Mitigasi Temuan #522,21,0,0.4,0,Tidak,1,5
MIT-0523,IT Dept,Pengendalian Internal,Kritis,Rencana Aksi Mitigasi Temuan #523,164,5,64.8,0,Ya (Anomali),5,5
MIT-0524,Operations Dept,Pengendalian Internal,Tinggi,Rencana Aksi Mitigasi Temuan #524,138,2,15.9,1,Ya (Anomali),5,5
MIT-0525,Bandung Branch,Sistem Informasi,Tinggi,Rencana Aksi Mitigasi Temuan #525,101,2,62.3,0,Ya (Anomali),4,5
MIT-0526,Surabaya Branch,Manajemen Risiko,Rendah,Rencana Aksi Mitigasi Temuan #526,152,1,94.2,0,Tidak,5,2
MIT-0527,Medan Branch,Manajemen Risiko,Kritis,Rencana Aksi Mitigasi Temuan #527,177,1,6.9,1,Ya (Anomali),5,5
MIT-0528,Operations Dept,Pengendalian Internal,Tinggi,Rencana Aksi Mitigasi Temuan #528,99,1,7.3,0,Tidak,3,5
MIT-0529,Medan Branch,Pengendalian Internal,Sedang,Rencana Aksi Mitigasi Temuan #529,36,5,32.3,0,Tidak,4,5
MIT-0530,Bandung Branch,Pengendalian Internal,Tinggi,Rencana Aksi Mitigasi Temuan #530,96,1,82.3,0,Tidak,4,2
MIT-0531,Operations Dept,Manajemen Risiko,Rendah,Rencana Aksi Mitigasi Temuan #531,152,4,20.5,1,Ya (Anomali),5,5
MIT-0532,Surabaya Branch,Manajemen Risiko,Rendah,Rencana Aksi Mitigasi Temuan #532,151,3,34.2,0,Ya (Anomali),5,5
MIT-0533,Operations Dept,Pengendalian Internal,Rendah,Rencana Aksi Mitigasi Temuan #533,37,0,6.5,0,Tidak,1,5
MIT-0534,Medan Branch,Sistem Informasi,Tinggi,Rencana Aksi Mitigasi Temuan #534,12,2,72.5,0,Tidak,2,4
MIT-0535,Medan Branch,Kepatuhan SOP,Kritis,Rencana Aksi Mitigasi Temuan #535,113,4,38.8,0,Ya (Anomali),5,5
MIT-0536,Finance Dept,Kepatuhan SOP,Sedang,Rencana Aksi Mitigasi Temuan #536,13,0,72.1,0,Tidak,1,2
MIT-0537,Jakarta Branch,Kepatuhan SOP,Rendah,Rencana Aksi Mitigasi Temuan #537,23,4,85.8,0,Tidak,3,5
MIT-0538,Operations Dept,Manajemen Risiko,Kritis,Rencana Aksi Mitigasi Temuan #538,99,4,22.1,0,Ya (Anomali),5,5
MIT-0539,Medan Branch,Manajemen Risiko,Sedang,Rencana Aksi Mitigasi Temuan #539,105,2,76.7,0,Ya (Anomali),4,4
MIT-0540,IT Dept,Kepatuhan SOP,Rendah,Rencana Aksi Mitigasi Temuan #540,30,3,5.6,0,Ya (Anomali),3,5
MIT-0541,Surabaya Branch,Kepatuhan SOP,Sedang,Rencana Aksi Mitigasi Temuan #541,17,1,85.4,0,Tidak,1,2
MIT-0542,IT Dept,Sistem Informasi,Sedang,Rencana Aksi Mitigasi Temuan #542,113,5,61.8,0,Ya (Anomali),5,5
MIT-0543,Bandung Branch,Manajemen Risiko,Kritis,Rencana Aksi Mitigasi Temuan #543,62,3,83.1,0,Ya (Anomali),4,5
MIT-0544,Operations Dept,Manajemen Risiko,Sedang,Rencana Aksi Mitigasi Temuan #544,84,5,0.0,1,Ya (Anomali),5,5
MIT-0545,Finance Dept,Kepatuhan SOP,Rendah,Rencana Aksi Mitigasi Temuan #545,112,2,16.1,1,Ya (Anomali),4,5
MIT-0546,Surabaya Branch,Sistem Informasi,Kritis,Rencana Aksi Mitigasi Temuan #546,86,2,37.0,0,Tidak,4,5
MIT-0547,Finance Dept,Sistem Informasi,Tinggi,Rencana Aksi Mitigasi Temuan #547,141,2,36.1,0,Ya (Anomali),5,5
MIT-0548,Jakarta Branch,Kepatuhan SOP,Tinggi,Rencana Aksi Mitigasi Temuan #548,19,0,21.5,0,Tidak,2,3
MIT-0549,Medan Branch,Kepatuhan SOP,Kritis,Rencana Aksi Mitigasi Temuan #549,177,5,36.3,0,Ya (Anomali),5,5
MIT-0550,Surabaya Branch,Manajemen Risiko,Tinggi,Rencana Aksi Mitigasi Temuan #550,100,3,12.2,0,Ya (Anomali),4,5
MIT-0551,Bandung Branch,Kepatuhan SOP,Sedang,Rencana Aksi Mitigasi Temuan #551,140,3,39.2,0,Ya (Anomali),5,5
MIT-0552,Operations Dept,Pengendalian Internal,Rendah,Rencana Aksi Mitigasi Temuan #552,147,4,76.2,0,Ya (Anomali),5,5
MIT-0553,Jakarta Branch,Sistem Informasi,Sedang,Rencana Aksi Mitigasi Temuan #553,76,4,45.5,0,Tidak,4,5
MIT-0554,Jakarta Branch,Kepatuhan SOP,Kritis,Rencana Aksi Mitigasi Temuan #554,9,4,1.7,0,Ya (Anomali),3,5
MIT-0555,Finance Dept,Pengendalian Internal,Rendah,Rencana Aksi Mitigasi Temuan #555,28,2,40.0,0,Tidak,2,5
MIT-0556,Jakarta Branch,Sistem Informasi,Kritis,Rencana Aksi Mitigasi Temuan #556,128,3,2.6,0,Ya (Anomali),5,5
MIT-0557,Surabaya Branch,Pengendalian Internal,Kritis,Rencana Aksi Mitigasi Temuan #557,52,5,91.8,0,Tidak,4,5
MIT-0558,Finance Dept,Pengendalian Internal,Kritis,Rencana Aksi Mitigasi Temuan #558,83,2,12.1,1,Ya (Anomali),4,5
MIT-0559,Jakarta Branch,Kepatuhan SOP,Sedang,Rencana Aksi Mitigasi Temuan #559,111,0,67.2,0,Tidak,3,2
MIT-0560,Operations Dept,Sistem Informasi,Rendah,Rencana Aksi Mitigasi Temuan #560,144,4,92.4,0,Ya (Anomali),5,5
MIT-0561,Bandung Branch,Pengendalian Internal,Rendah,Rencana Aksi Mitigasi Temuan #561,117,2,78.5,0,Ya (Anomali),5,4
MIT-0562,Operations Dept,Manajemen Risiko,Rendah,Rencana Aksi Mitigasi Temuan #562,69,2,66.4,0,Tidak,4,5
MIT-0563,IT Dept,Sistem Informasi,Sedang,Rencana Aksi Mitigasi Temuan #563,99,0,79.7,0,Tidak,3,2
MIT-0564,Surabaya Branch,Manajemen Risiko,Tinggi,Rencana Aksi Mitigasi Temuan #564,140,1,93.3,0,Tidak,5,2
MIT-0565,Bandung Branch,Kepatuhan SOP,Sedang,Rencana Aksi Mitigasi Temuan #565,25,3,59.0,0,Tidak,3,5
MIT-0566,Bandung Branch,Manajemen Risiko,Sedang,Rencana Aksi Mitigasi Temuan #566,123,5,53.1,0,Ya (Anomali),5,5
MIT-0567,Finance Dept,Sistem Informasi,Kritis,Rencana Aksi Mitigasi Temuan #567,53,1,59.7,0,Tidak,2,3
MIT-0568,Medan Branch,Pengendalian Internal,Rendah,Rencana Aksi Mitigasi Temuan #568,151,4,50.6,0,Ya (Anomali),5,5
MIT-0569,Finance Dept,Pengendalian Internal,Rendah,Rencana Aksi Mitigasi Temuan #569,144,2,60.3,0,Ya (Anomali),5,4
MIT-0570,Surabaya Branch,Sistem Informasi,Tinggi,Rencana Aksi Mitigasi Temuan #570,57,0,42.7,0,Tidak,2,2
MIT-0571,Surabaya Branch,Pengendalian Internal,Tinggi,Rencana Aksi Mitigasi Temuan #571,39,0,20.8,0,Tidak,1,3
MIT-0572,Finance Dept,Manajemen Risiko,Kritis,Rencana Aksi Mitigasi Temuan #572,109,3,11.4,0,Ya (Anomali),5,5
MIT-0573,Medan Branch,Pengendalian Internal,Rendah,Rencana Aksi Mitigasi Temuan #573,42,1,6.5,0,Tidak,2,5
MIT-0574,Operations Dept,Pengendalian Internal,Tinggi,Rencana Aksi Mitigasi Temuan #574,167,3,25.0,0,Ya (Anomali),5,5
MIT-0575,Finance Dept,Manajemen Risiko,Tinggi,Rencana Aksi Mitigasi Temuan #575,142,2,4.4,1,Ya (Anomali),5,5
MIT-0576,Surabaya Branch,Manajemen Risiko,Rendah,Rencana Aksi Mitigasi Temuan #576,122,3,53.9,0,Ya (Anomali),5,5
MIT-0577,Medan Branch,Manajemen Risiko,Sedang,Rencana Aksi Mitigasi Temuan #577,133,5,27.0,0,Ya (Anomali),5,5
MIT-0578,Surabaya Branch,Kepatuhan SOP,Tinggi,Rencana Aksi Mitigasi Temuan #578,163,0,78.3,0,Tidak,5,1
MIT-0579,Medan Branch,Manajemen Risiko,Rendah,Rencana Aksi Mitigasi Temuan #579,75,0,7.1,1,Ya (Anomali),3,5
MIT-0580,Medan Branch,Manajemen Risiko,Tinggi,Rencana Aksi Mitigasi Temuan #580,146,4,21.5,1,Ya (Anomali),5,5
MIT-0581,Finance Dept,Kepatuhan SOP,Kritis,Rencana Aksi Mitigasi Temuan #581,76,4,69.4,0,Tidak,4,5
MIT-0582,Finance Dept,Pengendalian Internal,Tinggi,Rencana Aksi Mitigasi Temuan #582,9,2,56.9,0,Tidak,3,4
MIT-0583,Finance Dept,Manajemen Risiko,Rendah,Rencana Aksi Mitigasi Temuan #583,74,5,6.1,1,Ya (Anomali),5,5
MIT-0584,Medan Branch,Sistem Informasi,Tinggi,Rencana Aksi Mitigasi Temuan #584,145,1,83.3,0,Tidak,5,2
MIT-0585,Medan Branch,Manajemen Risiko,Kritis,Rencana Aksi Mitigasi Temuan #585,7,3,83.3,0,Ya (Anomali),2,5
MIT-0586,Surabaya Branch,Manajemen Risiko,Kritis,Rencana Aksi Mitigasi Temuan #586,174,2,31.4,0,Ya (Anomali),5,5
MIT-0587,Bandung Branch,Kepatuhan SOP,Tinggi,Rencana Aksi Mitigasi Temuan #587,141,4,32.3,0,Ya (Anomali),5,5
MIT-0588,Finance Dept,Sistem Informasi,Tinggi,Rencana Aksi Mitigasi Temuan #588,168,3,94.0,0,Tidak,5,4
MIT-0589,IT Dept,Pengendalian Internal,Kritis,Rencana Aksi Mitigasi Temuan #589,170,4,59.5,0,Tidak,5,5
MIT-0590,Surabaya Branch,Pengendalian Internal,Kritis,Rencana Aksi Mitigasi Temuan #590,137,3,50.5,0,Ya (Anomali),5,5
MIT-0591,Surabaya Branch,Sistem Informasi,Sedang,Rencana Aksi Mitigasi Temuan #591,178,1,79.6,0,Tidak,5,3
MIT-0592,Jakarta Branch,Manajemen Risiko,Sedang,Rencana Aksi Mitigasi Temuan #592,27,2,27.1,0,Tidak,2,5
MIT-0593,Finance Dept,Kepatuhan SOP,Kritis,Rencana Aksi Mitigasi Temuan #593,122,3,40.8,0,Ya (Anomali),5,5
MIT-0594,Operations Dept,Sistem Informasi,Tinggi,Rencana Aksi Mitigasi Temuan #594,5,5,25.4,0,Ya (Anomali),4,5
MIT-0595,Surabaya Branch,Sistem Informasi,Rendah,Rencana Aksi Mitigasi Temuan #595,29,0,75.0,0,Tidak,2,2
MIT-0596,Jakarta Branch,Pengendalian Internal,Tinggi,Rencana Aksi Mitigasi Temuan #596,165,5,54.5,0,Ya (Anomali),5,5
MIT-0597,IT Dept,Kepatuhan SOP,Tinggi,Rencana Aksi Mitigasi Temuan #597,166,5,62.6,0,Ya (Anomali),5,5
MIT-0598,IT Dept,Sistem Informasi,Sedang,Rencana Aksi Mitigasi Temuan #598,83,0,24.0,1,Ya (Anomali),4,5
MIT-0599,Operations Dept,Kepatuhan SOP,Sedang,Rencana Aksi Mitigasi Temuan #599,136,5,20.9,0,Ya (Anomali),5,5
MIT-0600,Finance Dept,Manajemen Risiko,Sedang,Rencana Aksi Mitigasi Temuan #600,109,3,46.4,0,Tidak,5,5
MIT-0601,Medan Branch,Pengendalian Internal,Kritis,Rencana Aksi Mitigasi Temuan #601,65,3,70.1,0,Tidak,5,5
MIT-0602,Jakarta Branch,Manajemen Risiko,Kritis,Rencana Aksi Mitigasi Temuan #602,86,3,49.9,0,Tidak,4,5
MIT-0603,Medan Branch,Kepatuhan SOP,Tinggi,Rencana Aksi Mitigasi Temuan #603,145,0,3.1,1,Ya (Anomali),4,5
MIT-0604,IT Dept,Manajemen Risiko,Tinggi,Rencana Aksi Mitigasi Temuan #604,71,5,82.5,0,Tidak,5,5
MIT-0605,IT Dept,Pengendalian Internal,Rendah,Rencana Aksi Mitigasi Temuan #605,45,0,6.1,0,Tidak,2,4
MIT-0606,Bandung Branch,Kepatuhan SOP,Tinggi,Rencana Aksi Mitigasi Temuan #606,132,3,90.8,0,Ya (Anomali),5,4
MIT-0607,Bandung Branch,Sistem Informasi,Tinggi,Rencana Aksi Mitigasi Temuan #607,36,5,2.4,0,Tidak,4,5
MIT-0608,Operations Dept,Manajemen Risiko,Sedang,Rencana Aksi Mitigasi Temuan #608,70,5,66.0,0,Tidak,5,5
MIT-0609,Bandung Branch,Pengendalian Internal,Sedang,Rencana Aksi Mitigasi Temuan #609,159,4,7.8,1,Ya (Anomali),5,5
MIT-0610,Bandung Branch,Sistem Informasi,Sedang,Rencana Aksi Mitigasi Temuan #610,19,4,86.5,0,Tidak,3,5
MIT-0611,Operations Dept,Pengendalian Internal,Sedang,Rencana Aksi Mitigasi Temuan #611,108,1,44.1,0,Tidak,4,4
MIT-0612,Surabaya Branch,Kepatuhan SOP,Sedang,Rencana Aksi Mitigasi Temuan #612,167,2,13.1,1,Ya (Anomali),5,5
MIT-0613,Bandung Branch,Kepatuhan SOP,Rendah,Rencana Aksi Mitigasi Temuan #613,91,4,32.4,0,Ya (Anomali),5,5
MIT-0614,Surabaya Branch,Manajemen Risiko,Rendah,Rencana Aksi Mitigasi Temuan #614,90,0,15.7,0,Tidak,4,3
MIT-0615,Surabaya Branch,Pengendalian Internal,Rendah,Rencana Aksi Mitigasi Temuan #615,19,4,16.2,0,Tidak,3,5
MIT-0616,Finance Dept,Pengendalian Internal,Sedang,Rencana Aksi Mitigasi Temuan #616,39,1,90.1,0,Tidak,2,2
MIT-0617,Surabaya Branch,Pengendalian Internal,Kritis,Rencana Aksi Mitigasi Temuan #617,126,5,42.3,0,Ya (Anomali),5,5
MIT-0618,Surabaya Branch,Kepatuhan SOP,Sedang,Rencana Aksi Mitigasi Temuan #618,173,1,74.9,0,Tidak,5,3
MIT-0619,Bandung Branch,Manajemen Risiko,Sedang,Rencana Aksi Mitigasi Temuan #619,141,5,60.8,0,Tidak,5,5
MIT-0620,Surabaya Branch,Pengendalian Internal,Rendah,Rencana Aksi Mitigasi Temuan #620,126,5,64.3,0,Tidak,5,5
MIT-0621,Medan Branch,Pengendalian Internal,Sedang,Rencana Aksi Mitigasi Temuan #621,58,2,12.5,1,Ya (Anomali),3,5
MIT-0622,Operations Dept,Sistem Informasi,Rendah,Rencana Aksi Mitigasi Temuan #622,148,4,22.2,1,Ya (Anomali),5,5
MIT-0623,Bandung Branch,Pengendalian Internal,Sedang,Rencana Aksi Mitigasi Temuan #623,61,0,74.7,0,Tidak,2,1
MIT-0624,Operations Dept,Manajemen Risiko,Tinggi,Rencana Aksi Mitigasi Temuan #624,127,0,92.2,0,Tidak,4,2
MIT-0625,Jakarta Branch,Sistem Informasi,Kritis,Rencana Aksi Mitigasi Temuan #625,105,3,25.0,0,Ya (Anomali),5,5
MIT-0626,Bandung Branch,Sistem Informasi,Kritis,Rencana Aksi Mitigasi Temuan #626,167,5,25.8,0,Ya (Anomali),5,5
MIT-0627,Surabaya Branch,Sistem Informasi,Rendah,Rencana Aksi Mitigasi Temuan #627,1,0,44.9,0,Tidak,1,3
MIT-0628,Medan Branch,Kepatuhan SOP,Tinggi,Rencana Aksi Mitigasi Temuan #628,131,2,93.5,0,Ya (Anomali),5,3
MIT-0629,Operations Dept,Sistem Informasi,Kritis,Rencana Aksi Mitigasi Temuan #629,92,5,25.6,0,Ya (Anomali),5,5
MIT-0630,Bandung Branch,Pengendalian Internal,Rendah,Rencana Aksi Mitigasi Temuan #630,113,2,38.7,0,Ya (Anomali),5,5
MIT-0631,Medan Branch,Kepatuhan SOP,Sedang,Rencana Aksi Mitigasi Temuan #631,153,0,84.7,0,Tidak,4,1
MIT-0632,Operations Dept,Kepatuhan SOP,Sedang,Rencana Aksi Mitigasi Temuan #632,56,0,0.3,1,Ya (Anomali),2,5
MIT-0633,Jakarta Branch,Kepatuhan SOP,Tinggi,Rencana Aksi Mitigasi Temuan #633,161,3,3.8,0,Ya (Anomali),5,5
MIT-0634,IT Dept,Kepatuhan SOP,Kritis,Rencana Aksi Mitigasi Temuan #634,166,0,57.4,0,Tidak,5,2
MIT-0635,Jakarta Branch,Kepatuhan SOP,Sedang,Rencana Aksi Mitigasi Temuan #635,117,5,86.2,0,Tidak,5,5
MIT-0636,IT Dept,Kepatuhan SOP,Rendah,Rencana Aksi Mitigasi Temuan #636,134,5,22.7,1,Ya (Anomali),5,5
MIT-0637,Finance Dept,Kepatuhan SOP,Sedang,Rencana Aksi Mitigasi Temuan #637,58,5,44.6,0,Tidak,4,5
MIT-0638,IT Dept,Sistem Informasi,Sedang,Rencana Aksi Mitigasi Temuan #638,44,3,42.8,0,Tidak,3,5
MIT-0639,Finance Dept,Manajemen Risiko,Kritis,Rencana Aksi Mitigasi Temuan #639,173,3,44.9,0,Ya (Anomali),5,5
MIT-0640,Bandung Branch,Pengendalian Internal,Kritis,Rencana Aksi Mitigasi Temuan #640,160,0,59.1,0,Tidak,4,2
MIT-0641,Finance Dept,Pengendalian Internal,Rendah,Rencana Aksi Mitigasi Temuan #641,173,1,44.6,0,Tidak,5,4
MIT-0642,Medan Branch,Sistem Informasi,Tinggi,Rencana Aksi Mitigasi Temuan #642,61,1,42.5,0,Tidak,4,4
MIT-0643,Finance Dept,Sistem Informasi,Tinggi,Rencana Aksi Mitigasi Temuan #643,47,3,45.1,0,Ya (Anomali),4,5
MIT-0644,Medan Branch,Kepatuhan SOP,Sedang,Rencana Aksi Mitigasi Temuan #644,149,0,56.1,0,Tidak,4,2
MIT-0645,Operations Dept,Manajemen Risiko,Rendah,Rencana Aksi Mitigasi Temuan #645,80,1,51.0,0,Tidak,3,3
MIT-0646,Operations Dept,Kepatuhan SOP,Tinggi,Rencana Aksi Mitigasi Temuan #646,118,0,81.1,0,Tidak,4,1
MIT-0647,IT Dept,Sistem Informasi,Tinggi,Rencana Aksi Mitigasi Temuan #647,164,0,4.7,1,Ya (Anomali),5,5
MIT-0648,IT Dept,Kepatuhan SOP,Sedang,Rencana Aksi Mitigasi Temuan #648,147,0,79.2,0,Tidak,5,1
MIT-0649,IT Dept,Pengendalian Internal,Rendah,Rencana Aksi Mitigasi Temuan #649,20,4,80.2,0,Tidak,3,5
MIT-0650,Finance Dept,Pengendalian Internal,Tinggi,Rencana Aksi Mitigasi Temuan #650,146,5,27.1,0,Tidak,5,5
MIT-0651,IT Dept,Kepatuhan SOP,Kritis,Rencana Aksi Mitigasi Temuan #651,47,0,44.0,0,Tidak,3,2
MIT-0652,Finance Dept,Manajemen Risiko,Kritis,Rencana Aksi Mitigasi Temuan #652,49,4,41.7,0,Tidak,4,5
MIT-0653,Finance Dept,Kepatuhan SOP,Sedang,Rencana Aksi Mitigasi Temuan #653,14,3,20.8,0,Tidak,2,5
MIT-0654,Surabaya Branch,Kepatuhan SOP,Sedang,Rencana Aksi Mitigasi Temuan #654,143,1,37.7,0,Tidak,5,4
MIT-0655,Surabaya Branch,Manajemen Risiko,Sedang,Rencana Aksi Mitigasi Temuan #655,159,5,4.2,1,Ya (Anomali),5,5
MIT-0656,Finance Dept,Manajemen Risiko,Sedang,Rencana Aksi Mitigasi Temuan #656,1,1,26.4,0,Tidak,1,4
MIT-0657,Operations Dept,Manajemen Risiko,Tinggi,Rencana Aksi Mitigasi Temuan #657,117,5,77.6,0,Ya (Anomali),5,5
MIT-0658,Medan Branch,Pengendalian Internal,Rendah,Rencana Aksi Mitigasi Temuan #658,54,1,27.0,0,Tidak,2,4
MIT-0659,Bandung Branch,Kepatuhan SOP,Sedang,Rencana Aksi Mitigasi Temuan #659,118,5,77.7,0,Tidak,5,5
MIT-0660,Jakarta Branch,Sistem Informasi,Sedang,Rencana Aksi Mitigasi Temuan #660,3,1,50.5,0,Tidak,2,3
MIT-0661,Surabaya Branch,Manajemen Risiko,Tinggi,Rencana Aksi Mitigasi Temuan #661,144,1,83.6,0,Tidak,5,2
MIT-0662,Finance Dept,Manajemen Risiko,Sedang,Rencana Aksi Mitigasi Temuan #662,12,1,54.6,0,Tidak,1,3
MIT-0663,Jakarta Branch,Kepatuhan SOP,Sedang,Rencana Aksi Mitigasi Temuan #663,74,1,2.8,1,Ya (Anomali),3,5
MIT-0664,Surabaya Branch,Sistem Informasi,Rendah,Rencana Aksi Mitigasi Temuan #664,16,3,64.2,0,Tidak,3,5
MIT-0665,Bandung Branch,Kepatuhan SOP,Kritis,Rencana Aksi Mitigasi Temuan #665,102,0,4.3,1,Ya (Anomali),3,5
MIT-0666,Medan Branch,Kepatuhan SOP,Sedang,Rencana Aksi Mitigasi Temuan #666,152,2,42.8,0,Ya (Anomali),5,5
MIT-0667,Finance Dept,Manajemen Risiko,Tinggi,Rencana Aksi Mitigasi Temuan #667,156,4,88.3,0,Ya (Anomali),5,5
MIT-0668,Bandung Branch,Manajemen Risiko,Rendah,Rencana Aksi Mitigasi Temuan #668,117,2,15.7,1,Ya (Anomali),4,5
MIT-0669,Operations Dept,Pengendalian Internal,Tinggi,Rencana Aksi Mitigasi Temuan #669,8,2,37.0,0,Ya (Anomali),2,5
MIT-0670,Surabaya Branch,Sistem Informasi,Rendah,Rencana Aksi Mitigasi Temuan #670,122,5,69.3,0,Ya (Anomali),5,5
MIT-0671,Finance Dept,Sistem Informasi,Rendah,Rencana Aksi Mitigasi Temuan #671,92,0,83.8,0,Tidak,3,2
MIT-0672,Jakarta Branch,Manajemen Risiko,Sedang,Rencana Aksi Mitigasi Temuan #672,164,5,63.7,0,Ya (Anomali),5,5
MIT-0673,Operations Dept,Manajemen Risiko,Sedang,Rencana Aksi Mitigasi Temuan #673,90,0,24.5,1,Tidak,3,5
MIT-0674,Operations Dept,Manajemen Risiko,Sedang,Rencana Aksi Mitigasi Temuan #674,136,0,64.1,0,Tidak,4,3
MIT-0675,IT Dept,Sistem Informasi,Kritis,Rencana Aksi Mitigasi Temuan #675,60,1,28.2,0,Tidak,2,4
MIT-0676,Medan Branch,Pengendalian Internal,Kritis,Rencana Aksi Mitigasi Temuan #676,178,3,68.3,0,Ya (Anomali),5,5
MIT-0677,Operations Dept,Sistem Informasi,Tinggi,Rencana Aksi Mitigasi Temuan #677,28,1,90.6,0,Tidak,2,3
MIT-0678,Surabaya Branch,Manajemen Risiko,Sedang,Rencana Aksi Mitigasi Temuan #678,101,3,68.5,0,Ya (Anomali),5,5
MIT-0679,Medan Branch,Manajemen Risiko,Kritis,Rencana Aksi Mitigasi Temuan #679,41,5,82.0,0,Tidak,4,5
MIT-0680,Finance Dept,Pengendalian Internal,Sedang,Rencana Aksi Mitigasi Temuan #680,155,3,0.2,1,Ya (Anomali),5,5
MIT-0681,IT Dept,Kepatuhan SOP,Kritis,Rencana Aksi Mitigasi Temuan #681,145,5,68.2,0,Ya (Anomali),5,5
MIT-0682,Bandung Branch,Kepatuhan SOP,Kritis,Rencana Aksi Mitigasi Temuan #682,161,2,78.8,0,Ya (Anomali),5,5
MIT-0683,Medan Branch,Sistem Informasi,Rendah,Rencana Aksi Mitigasi Temuan #683,157,2,3.9,1,Ya (Anomali),5,5
MIT-0684,Jakarta Branch,Kepatuhan SOP,Sedang,Rencana Aksi Mitigasi Temuan #684,141,3,82.8,0,Ya (Anomali),5,5
MIT-0685,Surabaya Branch,Kepatuhan SOP,Sedang,Rencana Aksi Mitigasi Temuan #685,46,3,24.4,1,Ya (Anomali),3,5
MIT-0686,Jakarta Branch,Sistem Informasi,Kritis,Rencana Aksi Mitigasi Temuan #686,35,5,63.2,0,Tidak,4,5
MIT-0687,Medan Branch,Manajemen Risiko,Sedang,Rencana Aksi Mitigasi Temuan #687,134,1,76.0,0,Tidak,4,2
MIT-0688,IT Dept,Kepatuhan SOP,Kritis,Rencana Aksi Mitigasi Temuan #688,82,5,63.0,0,Tidak,5,5
MIT-0689,Bandung Branch,Manajemen Risiko,Sedang,Rencana Aksi Mitigasi Temuan #689,115,1,8.8,1,Ya (Anomali),4,5
MIT-0690,Bandung Branch,Sistem Informasi,Rendah,Rencana Aksi Mitigasi Temuan #690,47,2,56.7,0,Tidak,3,4
MIT-0691,Jakarta Branch,Manajemen Risiko,Sedang,Rencana Aksi Mitigasi Temuan #691,153,0,52.2,0,Tidak,4,2
MIT-0692,Finance Dept,Manajemen Risiko,Rendah,Rencana Aksi Mitigasi Temuan #692,10,3,85.5,0,Tidak,2,5
MIT-0693,Finance Dept,Sistem Informasi,Tinggi,Rencana Aksi Mitigasi Temuan #693,56,1,38.4,0,Tidak,2,4
MIT-0694,IT Dept,Manajemen Risiko,Sedang,Rencana Aksi Mitigasi Temuan #694,30,5,30.5,0,Tidak,5,5
MIT-0695,Bandung Branch,Kepatuhan SOP,Sedang,Rencana Aksi Mitigasi Temuan #695,109,2,71.2,0,Ya (Anomali),4,5
MIT-0696,Jakarta Branch,Kepatuhan SOP,Sedang,Rencana Aksi Mitigasi Temuan #696,5,1,39.2,0,Tidak,2,4
MIT-0697,Jakarta Branch,Kepatuhan SOP,Rendah,Rencana Aksi Mitigasi Temuan #697,119,5,61.4,0,Ya (Anomali),5,5
MIT-0698,Jakarta Branch,Kepatuhan SOP,Sedang,Rencana Aksi Mitigasi Temuan #698,33,3,61.4,0,Tidak,3,5
MIT-0699,Medan Branch,Manajemen Risiko,Sedang,Rencana Aksi Mitigasi Temuan #699,118,3,84.4,0,Ya (Anomali),5,5
MIT-0700,IT Dept,Kepatuhan SOP,Kritis,Rencana Aksi Mitigasi Temuan #700,65,4,56.9,0,Tidak,4,5
MIT-0701,Finance Dept,Manajemen Risiko,Tinggi,Rencana Aksi Mitigasi Temuan #701,146,0,47.7,0,Tidak,4,3
MIT-0702,Finance Dept,Pengendalian Internal,Rendah,Rencana Aksi Mitigasi Temuan #702,177,4,13.2,1,Ya (Anomali),5,5
MIT-0703,Medan Branch,Manajemen Risiko,Kritis,Rencana Aksi Mitigasi Temuan #703,11,2,11.0,0,Tidak,2,5
MIT-0704,Surabaya Branch,Kepatuhan SOP,Rendah,Rencana Aksi Mitigasi Temuan #704,85,1,14.7,1,Tidak,4,5
MIT-0705,Medan Branch,Pengendalian Internal,Kritis,Rencana Aksi Mitigasi Temuan #705,26,2,16.3,0,Tidak,2,5
MIT-0706,IT Dept,Sistem Informasi,Tinggi,Rencana Aksi Mitigasi Temuan #706,63,5,60.6,0,Ya (Anomali),5,5
MIT-0707,Jakarta Branch,Manajemen Risiko,Kritis,Rencana Aksi Mitigasi Temuan #707,86,3,70.4,0,Tidak,5,5
MIT-0708,Medan Branch,Kepatuhan SOP,Rendah,Rencana Aksi Mitigasi Temuan #708,59,4,50.3,0,Tidak,4,5
MIT-0709,Jakarta Branch,Kepatuhan SOP,Sedang,Rencana Aksi Mitigasi Temuan #709,27,4,78.8,0,Ya (Anomali),3,5
MIT-0710,IT Dept,Kepatuhan SOP,Sedang,Rencana Aksi Mitigasi Temuan #710,177,4,94.2,0,Ya (Anomali),5,5
MIT-0711,Operations Dept,Sistem Informasi,Tinggi,Rencana Aksi Mitigasi Temuan #711,161,2,77.9,0,Ya (Anomali),5,4
MIT-0712,IT Dept,Pengendalian Internal,Rendah,Rencana Aksi Mitigasi Temuan #712,98,3,66.0,0,Ya (Anomali),5,5
MIT-0713,Bandung Branch,Pengendalian Internal,Rendah,Rencana Aksi Mitigasi Temuan #713,105,1,50.6,0,Tidak,5,4
MIT-0714,Jakarta Branch,Kepatuhan SOP,Rendah,Rencana Aksi Mitigasi Temuan #714,99,5,42.6,0,Ya (Anomali),5,5
MIT-0715,Finance Dept,Manajemen Risiko,Tinggi,Rencana Aksi Mitigasi Temuan #715,129,1,8.0,1,Ya (Anomali),4,5
MIT-0716,Medan Branch,Kepatuhan SOP,Sedang,Rencana Aksi Mitigasi Temuan #716,149,2,37.9,0,Ya (Anomali),5,5
MIT-0717,Operations Dept,Kepatuhan SOP,Kritis,Rencana Aksi Mitigasi Temuan #717,55,5,86.5,0,Tidak,4,5
MIT-0718,IT Dept,Manajemen Risiko,Tinggi,Rencana Aksi Mitigasi Temuan #718,6,4,76.8,0,Tidak,4,5
MIT-0719,Jakarta Branch,Kepatuhan SOP,Kritis,Rencana Aksi Mitigasi Temuan #719,95,0,20.5,0,Tidak,3,4
MIT-0720,Operations Dept,Sistem Informasi,Sedang,Rencana Aksi Mitigasi Temuan #720,133,2,44.3,0,Ya (Anomali),5,5
MIT-0721,Surabaya Branch,Kepatuhan SOP,Tinggi,Rencana Aksi Mitigasi Temuan #721,102,2,77.6,0,Ya (Anomali),4,5
MIT-0722,Bandung Branch,Sistem Informasi,Sedang,Rencana Aksi Mitigasi Temuan #722,3,3,6.4,0,Tidak,2,5
MIT-0723,Surabaya Branch,Kepatuhan SOP,Kritis,Rencana Aksi Mitigasi Temuan #723,23,1,36.8,0,Tidak,2,5
MIT-0724,IT Dept,Pengendalian Internal,Rendah,Rencana Aksi Mitigasi Temuan #724,53,2,80.9,0,Tidak,3,5
MIT-0725,Surabaya Branch,Manajemen Risiko,Rendah,Rencana Aksi Mitigasi Temuan #725,165,2,38.4,0,Ya (Anomali),5,5
MIT-0726,Surabaya Branch,Pengendalian Internal,Kritis,Rencana Aksi Mitigasi Temuan #726,83,4,7.4,0,Ya (Anomali),5,5
MIT-0727,Bandung Branch,Kepatuhan SOP,Rendah,Rencana Aksi Mitigasi Temuan #727,145,4,51.5,0,Ya (Anomali),5,5
MIT-0728,Bandung Branch,Kepatuhan SOP,Kritis,Rencana Aksi Mitigasi Temuan #728,85,5,81.9,0,Tidak,5,5
MIT-0729,Bandung Branch,Sistem Informasi,Tinggi,Rencana Aksi Mitigasi Temuan #729,78,0,56.1,0,Tidak,3,2
MIT-0730,Operations Dept,Kepatuhan SOP,Tinggi,Rencana Aksi Mitigasi Temuan #730,110,3,21.5,1,Ya (Anomali),5,5
MIT-0731,Bandung Branch,Kepatuhan SOP,Tinggi,Rencana Aksi Mitigasi Temuan #731,1,0,36.5,0,Tidak,2,3
MIT-0732,Surabaya Branch,Kepatuhan SOP,Rendah,Rencana Aksi Mitigasi Temuan #732,51,5,42.8,0,Tidak,4,5
MIT-0733,Finance Dept,Pengendalian Internal,Sedang,Rencana Aksi Mitigasi Temuan #733,173,4,55.0,0,Ya (Anomali),5,5
MIT-0734,Finance Dept,Sistem Informasi,Rendah,Rencana Aksi Mitigasi Temuan #734,4,1,72.1,0,Tidak,1,3
MIT-0735,Bandung Branch,Pengendalian Internal,Rendah,Rencana Aksi Mitigasi Temuan #735,113,4,9.4,1,Ya (Anomali),5,5
MIT-0736,Operations Dept,Sistem Informasi,Sedang,Rencana Aksi Mitigasi Temuan #736,32,3,84.5,0,Tidak,3,5
MIT-0737,Medan Branch,Pengendalian Internal,Sedang,Rencana Aksi Mitigasi Temuan #737,34,4,1.2,0,Ya (Anomali),3,5
MIT-0738,Jakarta Branch,Kepatuhan SOP,Sedang,Rencana Aksi Mitigasi Temuan #738,92,3,35.2,0,Ya (Anomali),5,5
MIT-0739,IT Dept,Pengendalian Internal,Sedang,Rencana Aksi Mitigasi Temuan #739,95,3,2.6,1,Ya (Anomali),4,5
MIT-0740,Operations Dept,Pengendalian Internal,Rendah,Rencana Aksi Mitigasi Temuan #740,72,3,37.3,0,Tidak,4,5
MIT-0741,Medan Branch,Sistem Informasi,Kritis,Rencana Aksi Mitigasi Temuan #741,39,5,50.0,0,Tidak,4,5
MIT-0742,IT Dept,Sistem Informasi,Tinggi,Rencana Aksi Mitigasi Temuan #742,154,3,48.6,0,Ya (Anomali),5,5
MIT-0743,Medan Branch,Pengendalian Internal,Kritis,Rencana Aksi Mitigasi Temuan #743,162,3,15.7,1,Ya (Anomali),5,5
MIT-0744,Medan Branch,Sistem Informasi,Rendah,Rencana Aksi Mitigasi Temuan #744,118,1,61.3,0,Tidak,4,3
MIT-0745,Finance Dept,Sistem Informasi,Sedang,Rencana Aksi Mitigasi Temuan #745,3,0,4.3,0,Tidak,1,5
MIT-0746,Jakarta Branch,Sistem Informasi,Tinggi,Rencana Aksi Mitigasi Temuan #746,123,2,72.4,0,Ya (Anomali),5,4
MIT-0747,Medan Branch,Manajemen Risiko,Tinggi,Rencana Aksi Mitigasi Temuan #747,50,0,89.9,0,Tidak,3,1
MIT-0748,Bandung Branch,Sistem Informasi,Kritis,Rencana Aksi Mitigasi Temuan #748,12,3,32.3,0,Tidak,3,5
MIT-0749,IT Dept,Manajemen Risiko,Rendah,Rencana Aksi Mitigasi Temuan #749,54,1,49.1,0,Tidak,2,3
MIT-0750,Operations Dept,Manajemen Risiko,Rendah,Rencana Aksi Mitigasi Temuan #750,133,4,36.0,0,Ya (Anomali),5,5
MIT-0751,Finance Dept,Sistem Informasi,Rendah,Rencana Aksi Mitigasi Temuan #751,57,1,0.6,1,Ya (Anomali),2,5
MIT-0752,IT Dept,Pengendalian Internal,Tinggi,Rencana Aksi Mitigasi Temuan #752,145,3,36.7,0,Ya (Anomali),5,5
MIT-0753,Bandung Branch,Sistem Informasi,Kritis,Rencana Aksi Mitigasi Temuan #753,112,1,75.2,0,Tidak,4,3
MIT-0754,Bandung Branch,Kepatuhan SOP,Tinggi,Rencana Aksi Mitigasi Temuan #754,47,1,56.6,0,Tidak,2,3
MIT-0755,Medan Branch,Pengendalian Internal,Tinggi,Rencana Aksi Mitigasi Temuan #755,151,3,9.6,0,Ya (Anomali),5,5
MIT-0756,Bandung Branch,Manajemen Risiko,Sedang,Rencana Aksi Mitigasi Temuan #756,85,5,80.5,0,Tidak,5,5
MIT-0757,Jakarta Branch,Manajemen Risiko,Kritis,Rencana Aksi Mitigasi Temuan #757,142,1,50.5,0,Tidak,5,3
MIT-0758,Bandung Branch,Pengendalian Internal,Sedang,Rencana Aksi Mitigasi Temuan #758,66,2,80.0,0,Tidak,4,5
MIT-0759,Medan Branch,Pengendalian Internal,Rendah,Rencana Aksi Mitigasi Temuan #759,75,2,55.1,0,Tidak,3,4
MIT-0760,IT Dept,Sistem Informasi,Tinggi,Rencana Aksi Mitigasi Temuan #760,179,1,53.2,0,Tidak,5,4
MIT-0761,Bandung Branch,Manajemen Risiko,Kritis,Rencana Aksi Mitigasi Temuan #761,103,5,10.0,1,Ya (Anomali),5,5
MIT-0762,Finance Dept,Kepatuhan SOP,Rendah,Rencana Aksi Mitigasi Temuan #762,166,4,15.9,1,Ya (Anomali),5,5
MIT-0763,Operations Dept,Sistem Informasi,Kritis,Rencana Aksi Mitigasi Temuan #763,38,3,92.3,0,Tidak,3,5
MIT-0764,Finance Dept,Pengendalian Internal,Tinggi,Rencana Aksi Mitigasi Temuan #764,50,2,21.7,1,Ya (Anomali),3,5
MIT-0765,Finance Dept,Manajemen Risiko,Kritis,Rencana Aksi Mitigasi Temuan #765,98,4,92.9,0,Ya (Anomali),5,5
MIT-0766,IT Dept,Pengendalian Internal,Rendah,Rencana Aksi Mitigasi Temuan #766,82,1,50.5,0,Tidak,4,3
MIT-0767,Surabaya Branch,Pengendalian Internal,Sedang,Rencana Aksi Mitigasi Temuan #767,30,4,12.9,0,Tidak,3,5
MIT-0768,Operations Dept,Pengendalian Internal,Tinggi,Rencana Aksi Mitigasi Temuan #768,79,0,9.4,1,Ya (Anomali),3,5
MIT-0769,Finance Dept,Sistem Informasi,Sedang,Rencana Aksi Mitigasi Temuan #769,91,2,19.8,1,Ya (Anomali),4,5
MIT-0770,Finance Dept,Kepatuhan SOP,Tinggi,Rencana Aksi Mitigasi Temuan #770,179,1,87.9,0,Tidak,5,2
MIT-0771,Surabaya Branch,Kepatuhan SOP,Rendah,Rencana Aksi Mitigasi Temuan #771,52,3,39.3,0,Tidak,3,5
MIT-0772,IT Dept,Manajemen Risiko,Tinggi,Rencana Aksi Mitigasi Temuan #772,166,5,37.6,0,Ya (Anomali),5,5
MIT-0773,Operations Dept,Pengendalian Internal,Sedang,Rencana Aksi Mitigasi Temuan #773,79,1,29.8,0,Tidak,3,4
MIT-0774,Finance Dept,Kepatuhan SOP,Tinggi,Rencana Aksi Mitigasi Temuan #774,30,3,14.0,0,Tidak,3,5
MIT-0775,Medan Branch,Pengendalian Internal,Rendah,Rencana Aksi Mitigasi Temuan #775,106,5,46.3,0,Ya (Anomali),5,5
MIT-0776,IT Dept,Manajemen Risiko,Tinggi,Rencana Aksi Mitigasi Temuan #776,51,5,12.4,1,Ya (Anomali),5,5
MIT-0777,Operations Dept,Pengendalian Internal,Sedang,Rencana Aksi Mitigasi Temuan #777,81,1,79.4,0,Tidak,3,2
MIT-0778,Finance Dept,Kepatuhan SOP,Rendah,Rencana Aksi Mitigasi Temuan #778,133,4,35.2,0,Ya (Anomali),5,5
MIT-0779,Finance Dept,Pengendalian Internal,Sedang,Rencana Aksi Mitigasi Temuan #779,29,4,35.6,0,Tidak,3,5
MIT-0780,Surabaya Branch,Kepatuhan SOP,Tinggi,Rencana Aksi Mitigasi Temuan #780,132,5,45.0,0,Ya (Anomali),5,5
MIT-0781,Operations Dept,Manajemen Risiko,Kritis,Rencana Aksi Mitigasi Temuan #781,138,4,42.2,0,Ya (Anomali),5,5
MIT-0782,Medan Branch,Pengendalian Internal,Sedang,Rencana Aksi Mitigasi Temuan #782,145,0,94.5,0,Tidak,5,2
MIT-0783,IT Dept,Kepatuhan SOP,Tinggi,Rencana Aksi Mitigasi Temuan #783,74,5,51.8,0,Tidak,5,5
MIT-0784,Bandung Branch,Manajemen Risiko,Kritis,Rencana Aksi Mitigasi Temuan #784,17,5,8.4,0,Ya (Anomali),3,5
MIT-0785,Jakarta Branch,Pengendalian Internal,Kritis,Rencana Aksi Mitigasi Temuan #785,84,3,57.7,0,Tidak,4,5
MIT-0786,Medan Branch,Manajemen Risiko,Rendah,Rencana Aksi Mitigasi Temuan #786,69,4,14.4,1,Ya (Anomali),4,5
MIT-0787,Bandung Branch,Kepatuhan SOP,Kritis,Rencana Aksi Mitigasi Temuan #787,34,5,2.9,0,Ya (Anomali),5,5
MIT-0788,Medan Branch,Pengendalian Internal,Sedang,Rencana Aksi Mitigasi Temuan #788,6,0,92.2,0,Tidak,1,1
MIT-0789,Operations Dept,Pengendalian Internal,Sedang,Rencana Aksi Mitigasi Temuan #789,53,3,73.5,0,Tidak,3,5
MIT-0790,Bandung Branch,Pengendalian Internal,Kritis,Rencana Aksi Mitigasi Temuan #790,126,1,93.1,0,Tidak,4,3
MIT-0791,Operations Dept,Manajemen Risiko,Tinggi,Rencana Aksi Mitigasi Temuan #791,43,5,45.4,0,Tidak,5,5
MIT-0792,Bandung Branch,Manajemen Risiko,Sedang,Rencana Aksi Mitigasi Temuan #792,115,0,50.6,0,Tidak,3,2
MIT-0793,Medan Branch,Kepatuhan SOP,Sedang,Rencana Aksi Mitigasi Temuan #793,111,2,16.0,1,Ya (Anomali),4,5
MIT-0794,Surabaya Branch,Sistem Informasi,Rendah,Rencana Aksi Mitigasi Temuan #794,151,0,23.5,1,Ya (Anomali),5,5
MIT-0795,Medan Branch,Pengendalian Internal,Tinggi,Rencana Aksi Mitigasi Temuan #795,80,0,79.7,0,Tidak,3,1
MIT-0796,Operations Dept,Pengendalian Internal,Kritis,Rencana Aksi Mitigasi Temuan #796,95,3,33.8,0,Ya (Anomali),4,5
MIT-0797,Medan Branch,Kepatuhan SOP,Tinggi,Rencana Aksi Mitigasi Temuan #797,118,1,78.5,0,Tidak,4,3
MIT-0798,Bandung Branch,Pengendalian Internal,Rendah,Rencana Aksi Mitigasi Temuan #798,144,2,67.4,0,Ya (Anomali),5,4
MIT-0799,Jakarta Branch,Manajemen Risiko,Rendah,Rencana Aksi Mitigasi Temuan #799,8,4,16.8,0,Tidak,4,5
MIT-0800,Bandung Branch,Manajemen Risiko,Tinggi,Rencana Aksi Mitigasi Temuan #800,132,4,48.2,0,Ya (Anomali),5,5
MIT-0801,Finance Dept,Pengendalian Internal,Rendah,Rencana Aksi Mitigasi Temuan #801,104,0,64.4,0,Tidak,3,2
MIT-0802,Medan Branch,Pengendalian Internal,Rendah,Rencana Aksi Mitigasi Temuan #802,132,3,22.3,1,Ya (Anomali),5,5
MIT-0803,IT Dept,Manajemen Risiko,Rendah,Rencana Aksi Mitigasi Temuan #803,25,3,78.9,0,Tidak,4,5
MIT-0804,Medan Branch,Pengendalian Internal,Tinggi,Rencana Aksi Mitigasi Temuan #804,96,4,51.8,0,Ya (Anomali),5,5
MIT-0805,Surabaya Branch,Manajemen Risiko,Rendah,Rencana Aksi Mitigasi Temuan #805,155,2,15.7,1,Ya (Anomali),5,5
MIT-0806,Operations Dept,Sistem Informasi,Kritis,Rencana Aksi Mitigasi Temuan #806,93,1,55.4,0,Tidak,3,4
MIT-0807,IT Dept,Sistem Informasi,Kritis,Rencana Aksi Mitigasi Temuan #807,160,2,95.0,0,Tidak,5,3
MIT-0808,Bandung Branch,Pengendalian Internal,Sedang,Rencana Aksi Mitigasi Temuan #808,178,5,14.3,1,Ya (Anomali),5,5
MIT-0809,Surabaya Branch,Pengendalian Internal,Kritis,Rencana Aksi Mitigasi Temuan #809,61,5,77.6,0,Tidak,5,5
MIT-0810,Medan Branch,Pengendalian Internal,Sedang,Rencana Aksi Mitigasi Temuan #810,122,1,19.7,1,Ya (Anomali),4,5
MIT-0811,Bandung Branch,Manajemen Risiko,Tinggi,Rencana Aksi Mitigasi Temuan #811,51,4,74.3,0,Tidak,4,5
MIT-0812,Bandung Branch,Sistem Informasi,Rendah,Rencana Aksi Mitigasi Temuan #812,147,1,69.8,0,Tidak,5,3
MIT-0813,Finance Dept,Sistem Informasi,Kritis,Rencana Aksi Mitigasi Temuan #813,21,3,28.5,0,Tidak,4,5
MIT-0814,Finance Dept,Kepatuhan SOP,Sedang,Rencana Aksi Mitigasi Temuan #814,5,5,31.0,0,Tidak,3,5
MIT-0815,Jakarta Branch,Kepatuhan SOP,Tinggi,Rencana Aksi Mitigasi Temuan #815,92,0,75.3,0,Tidak,4,1
MIT-0816,Finance Dept,Pengendalian Internal,Sedang,Rencana Aksi Mitigasi Temuan #816,170,0,43.8,0,Tidak,5,2
MIT-0817,Operations Dept,Manajemen Risiko,Rendah,Rencana Aksi Mitigasi Temuan #817,61,4,69.4,0,Tidak,4,5
MIT-0818,IT Dept,Pengendalian Internal,Kritis,Rencana Aksi Mitigasi Temuan #818,22,3,14.1,0,Tidak,3,5
MIT-0819,Bandung Branch,Sistem Informasi,Tinggi,Rencana Aksi Mitigasi Temuan #819,149,2,81.0,0,Ya (Anomali),5,5
MIT-0820,Finance Dept,Pengendalian Internal,Sedang,Rencana Aksi Mitigasi Temuan #820,70,3,67.5,0,Tidak,4,5
MIT-0821,Jakarta Branch,Pengendalian Internal,Tinggi,Rencana Aksi Mitigasi Temuan #821,1,0,86.2,0,Tidak,2,2
MIT-0822,Medan Branch,Sistem Informasi,Sedang,Rencana Aksi Mitigasi Temuan #822,133,0,12.6,1,Tidak,5,5
MIT-0823,IT Dept,Sistem Informasi,Sedang,Rencana Aksi Mitigasi Temuan #823,12,5,56.3,0,Tidak,3,5
MIT-0824,Finance Dept,Sistem Informasi,Rendah,Rencana Aksi Mitigasi Temuan #824,90,3,56.9,0,Tidak,5,5
MIT-0825,Bandung Branch,Sistem Informasi,Rendah,Rencana Aksi Mitigasi Temuan #825,46,3,33.6,0,Tidak,3,5
MIT-0826,Medan Branch,Kepatuhan SOP,Sedang,Rencana Aksi Mitigasi Temuan #826,34,0,43.6,0,Tidak,2,2
MIT-0827,Operations Dept,Manajemen Risiko,Kritis,Rencana Aksi Mitigasi Temuan #827,177,2,3.6,0,Ya (Anomali),5,5
MIT-0828,Bandung Branch,Manajemen Risiko,Tinggi,Rencana Aksi Mitigasi Temuan #828,78,4,70.9,0,Tidak,4,5
MIT-0829,Medan Branch,Sistem Informasi,Tinggi,Rencana Aksi Mitigasi Temuan #829,45,4,52.2,0,Tidak,5,5
MIT-0830,Operations Dept,Manajemen Risiko,Rendah,Rencana Aksi Mitigasi Temuan #830,155,3,5.5,1,Ya (Anomali),5,5
MIT-0831,Operations Dept,Manajemen Risiko,Kritis,Rencana Aksi Mitigasi Temuan #831,73,4,64.7,0,Tidak,4,5
MIT-0832,IT Dept,Manajemen Risiko,Sedang,Rencana Aksi Mitigasi Temuan #832,26,0,44.3,0,Tidak,1,3
MIT-0833,Bandung Branch,Manajemen Risiko,Rendah,Rencana Aksi Mitigasi Temuan #833,47,0,3.3,1,Ya (Anomali),2,5
MIT-0834,Finance Dept,Sistem Informasi,Sedang,Rencana Aksi Mitigasi Temuan #834,121,3,92.1,0,Ya (Anomali),5,4
MIT-0835,Finance Dept,Pengendalian Internal,Sedang,Rencana Aksi Mitigasi Temuan #835,56,3,90.2,0,Tidak,3,4
MIT-0836,Jakarta Branch,Pengendalian Internal,Rendah,Rencana Aksi Mitigasi Temuan #836,94,5,48.7,0,Tidak,5,5
MIT-0837,Medan Branch,Pengendalian Internal,Kritis,Rencana Aksi Mitigasi Temuan #837,107,3,8.9,0,Ya (Anomali),5,5
MIT-0838,Jakarta Branch,Kepatuhan SOP,Tinggi,Rencana Aksi Mitigasi Temuan #838,63,2,71.7,0,Ya (Anomali),3,4
MIT-0839,Surabaya Branch,Manajemen Risiko,Rendah,Rencana Aksi Mitigasi Temuan #839,48,4,46.7,0,Tidak,5,5
MIT-0840,Finance Dept,Sistem Informasi,Kritis,Rencana Aksi Mitigasi Temuan #840,61,3,28.7,0,Tidak,4,5
MIT-0841,Medan Branch,Sistem Informasi,Sedang,Rencana Aksi Mitigasi Temuan #841,81,1,46.7,0,Tidak,4,4
MIT-0842,IT Dept,Kepatuhan SOP,Rendah,Rencana Aksi Mitigasi Temuan #842,26,5,49.6,0,Tidak,4,5
MIT-0843,Jakarta Branch,Sistem Informasi,Tinggi,Rencana Aksi Mitigasi Temuan #843,36,1,53.5,0,Tidak,2,4
MIT-0844,IT Dept,Pengendalian Internal,Tinggi,Rencana Aksi Mitigasi Temuan #844,1,0,41.9,0,Tidak,1,3
MIT-0845,IT Dept,Kepatuhan SOP,Sedang,Rencana Aksi Mitigasi Temuan #845,8,4,57.5,0,Tidak,3,5
MIT-0846,IT Dept,Sistem Informasi,Rendah,Rencana Aksi Mitigasi Temuan #846,113,3,87.3,0,Tidak,5,5
MIT-0847,Jakarta Branch,Kepatuhan SOP,Tinggi,Rencana Aksi Mitigasi Temuan #847,99,1,34.4,0,Tidak,4,4
MIT-0848,Surabaya Branch,Kepatuhan SOP,Rendah,Rencana Aksi Mitigasi Temuan #848,47,4,68.9,0,Tidak,4,5
MIT-0849,Operations Dept,Sistem Informasi,Tinggi,Rencana Aksi Mitigasi Temuan #849,127,0,85.0,0,Tidak,4,2
MIT-0850,Operations Dept,Pengendalian Internal,Sedang,Rencana Aksi Mitigasi Temuan #850,56,2,43.3,0,Tidak,3,5
MIT-0851,Jakarta Branch,Sistem Informasi,Sedang,Rencana Aksi Mitigasi Temuan #851,14,5,42.1,0,Tidak,3,5
MIT-0852,Operations Dept,Manajemen Risiko,Rendah,Rencana Aksi Mitigasi Temuan #852,28,4,57.2,0,Tidak,3,5
MIT-0853,Bandung Branch,Manajemen Risiko,Kritis,Rencana Aksi Mitigasi Temuan #853,78,4,56.2,0,Tidak,5,5
MIT-0854,Operations Dept,Sistem Informasi,Kritis,Rencana Aksi Mitigasi Temuan #854,130,2,76.6,0,Ya (Anomali),5,4
MIT-0855,Finance Dept,Pengendalian Internal,Sedang,Rencana Aksi Mitigasi Temuan #855,109,4,45.3,0,Tidak,5,5
MIT-0856,Jakarta Branch,Manajemen Risiko,Tinggi,Rencana Aksi Mitigasi Temuan #856,154,0,94.6,0,Tidak,5,2
MIT-0857,Operations Dept,Manajemen Risiko,Kritis,Rencana Aksi Mitigasi Temuan #857,14,0,5.6,0,Tidak,1,4
MIT-0858,Jakarta Branch,Sistem Informasi,Sedang,Rencana Aksi Mitigasi Temuan #858,56,2,0.3,1,Ya (Anomali),4,5
MIT-0859,Surabaya Branch,Sistem Informasi,Tinggi,Rencana Aksi Mitigasi Temuan #859,115,5,60.8,0,Ya (Anomali),5,5
MIT-0860,Bandung Branch,Sistem Informasi,Tinggi,Rencana Aksi Mitigasi Temuan #860,7,3,28.4,0,Tidak,2,5
MIT-0861,Jakarta Branch,Kepatuhan SOP,Kritis,Rencana Aksi Mitigasi Temuan #861,3,1,22.8,0,Tidak,1,4
MIT-0862,Finance Dept,Kepatuhan SOP,Sedang,Rencana Aksi Mitigasi Temuan #862,111,3,29.6,0,Tidak,5,5
MIT-0863,Operations Dept,Kepatuhan SOP,Tinggi,Rencana Aksi Mitigasi Temuan #863,151,4,24.3,1,Ya (Anomali),5,5
MIT-0864,Finance Dept,Sistem Informasi,Tinggi,Rencana Aksi Mitigasi Temuan #864,107,1,2.9,1,Ya (Anomali),4,5
MIT-0865,Operations Dept,Pengendalian Internal,Rendah,Rencana Aksi Mitigasi Temuan #865,18,2,92.3,0,Tidak,3,3
MIT-0866,Jakarta Branch,Manajemen Risiko,Rendah,Rencana Aksi Mitigasi Temuan #866,38,2,21.0,0,Tidak,2,5
MIT-0867,IT Dept,Kepatuhan SOP,Kritis,Rencana Aksi Mitigasi Temuan #867,115,5,69.7,0,Ya (Anomali),5,5
MIT-0868,Operations Dept,Pengendalian Internal,Rendah,Rencana Aksi Mitigasi Temuan #868,15,1,72.4,0,Tidak,2,3
MIT-0869,IT Dept,Sistem Informasi,Sedang,Rencana Aksi Mitigasi Temuan #869,119,0,88.3,0,Tidak,3,1
MIT-0870,Bandung Branch,Kepatuhan SOP,Kritis,Rencana Aksi Mitigasi Temuan #870,28,1,2.9,0,Tidak,2,5
MIT-0871,Finance Dept,Sistem Informasi,Kritis,Rencana Aksi Mitigasi Temuan #871,39,4,82.8,0,Tidak,3,5
MIT-0872,IT Dept,Pengendalian Internal,Rendah,Rencana Aksi Mitigasi Temuan #872,17,0,50.1,0,Tidak,1,3
MIT-0873,Finance Dept,Kepatuhan SOP,Tinggi,Rencana Aksi Mitigasi Temuan #873,86,2,60.1,0,Tidak,4,5
MIT-0874,Operations Dept,Kepatuhan SOP,Sedang,Rencana Aksi Mitigasi Temuan #874,126,1,61.2,0,Tidak,4,3
MIT-0875,Operations Dept,Kepatuhan SOP,Sedang,Rencana Aksi Mitigasi Temuan #875,44,3,77.9,0,Tidak,4,5
MIT-0876,Bandung Branch,Kepatuhan SOP,Sedang,Rencana Aksi Mitigasi Temuan #876,25,5,31.7,0,Tidak,5,5
MIT-0877,Operations Dept,Pengendalian Internal,Kritis,Rencana Aksi Mitigasi Temuan #877,145,3,69.6,0,Tidak,5,5
MIT-0878,Bandung Branch,Kepatuhan SOP,Sedang,Rencana Aksi Mitigasi Temuan #878,13,5,50.2,0,Tidak,4,5
MIT-0879,IT Dept,Manajemen Risiko,Tinggi,Rencana Aksi Mitigasi Temuan #879,25,4,75.4,0,Tidak,3,5
MIT-0880,Operations Dept,Manajemen Risiko,Tinggi,Rencana Aksi Mitigasi Temuan #880,68,3,94.1,0,Tidak,4,4
MIT-0881,Jakarta Branch,Sistem Informasi,Rendah,Rencana Aksi Mitigasi Temuan #881,138,1,19.1,1,Ya (Anomali),4,5
MIT-0882,Medan Branch,Kepatuhan SOP,Sedang,Rencana Aksi Mitigasi Temuan #882,67,1,94.5,0,Tidak,3,3
MIT-0883,Surabaya Branch,Manajemen Risiko,Kritis,Rencana Aksi Mitigasi Temuan #883,109,3,8.5,1,Ya (Anomali),5,5
MIT-0884,Medan Branch,Manajemen Risiko,Rendah,Rencana Aksi Mitigasi Temuan #884,146,1,0.2,0,Tidak,5,5
MIT-0885,Medan Branch,Manajemen Risiko,Tinggi,Rencana Aksi Mitigasi Temuan #885,111,4,4.2,1,Ya (Anomali),5,5
MIT-0886,Finance Dept,Pengendalian Internal,Sedang,Rencana Aksi Mitigasi Temuan #886,111,0,32.5,0,Tidak,3,3
MIT-0887,Bandung Branch,Kepatuhan SOP,Tinggi,Rencana Aksi Mitigasi Temuan #887,34,4,60.1,0,Tidak,3,5
MIT-0888,Finance Dept,Pengendalian Internal,Rendah,Rencana Aksi Mitigasi Temuan #888,111,5,6.6,0,Ya (Anomali),5,5
MIT-0889,IT Dept,Pengendalian Internal,Tinggi,Rencana Aksi Mitigasi Temuan #889,8,4,0.5,0,Tidak,3,5
MIT-0890,Surabaya Branch,Manajemen Risiko,Sedang,Rencana Aksi Mitigasi Temuan #890,168,5,89.0,0,Ya (Anomali),5,5
MIT-0891,IT Dept,Manajemen Risiko,Sedang,Rencana Aksi Mitigasi Temuan #891,113,1,78.1,0,Tidak,4,3
MIT-0892,Jakarta Branch,Sistem Informasi,Rendah,Rencana Aksi Mitigasi Temuan #892,83,0,76.9,0,Tidak,3,2
MIT-0893,Surabaya Branch,Kepatuhan SOP,Sedang,Rencana Aksi Mitigasi Temuan #893,42,1,84.0,0,Tidak,2,2
MIT-0894,Finance Dept,Kepatuhan SOP,Tinggi,Rencana Aksi Mitigasi Temuan #894,169,2,66.5,0,Ya (Anomali),5,4
MIT-0895,Operations Dept,Manajemen Risiko,Tinggi,Rencana Aksi Mitigasi Temuan #895,101,1,9.9,1,Ya (Anomali),4,5
MIT-0896,Operations Dept,Manajemen Risiko,Kritis,Rencana Aksi Mitigasi Temuan #896,6,5,37.9,0,Tidak,3,5
MIT-0897,Finance Dept,Kepatuhan SOP,Kritis,Rencana Aksi Mitigasi Temuan #897,26,1,68.7,0,Tidak,3,4
MIT-0898,IT Dept,Sistem Informasi,Kritis,Rencana Aksi Mitigasi Temuan #898,64,1,26.6,0,Tidak,3,5
MIT-0899,Finance Dept,Manajemen Risiko,Tinggi,Rencana Aksi Mitigasi Temuan #899,59,0,65.3,0,Tidak,3,3
MIT-0900,Finance Dept,Sistem Informasi,Tinggi,Rencana Aksi Mitigasi Temuan #900,109,1,2.3,0,Tidak,5,5
MIT-0901,Medan Branch,Pengendalian Internal,Rendah,Rencana Aksi Mitigasi Temuan #901,121,0,29.1,0,Tidak,4,3
MIT-0902,Jakarta Branch,Manajemen Risiko,Kritis,Rencana Aksi Mitigasi Temuan #902,33,3,52.2,0,Tidak,4,5
MIT-0903,Operations Dept,Pengendalian Internal,Tinggi,Rencana Aksi Mitigasi Temuan #903,150,2,60.0,0,Tidak,5,4
MIT-0904,Medan Branch,Manajemen Risiko,Rendah,Rencana Aksi Mitigasi Temuan #904,21,0,54.8,0,Tidak,1,3
MIT-0905,Finance Dept,Pengendalian Internal,Tinggi,Rencana Aksi Mitigasi Temuan #905,70,5,66.3,0,Tidak,5,5
MIT-0906,Bandung Branch,Manajemen Risiko,Rendah,Rencana Aksi Mitigasi Temuan #906,112,3,0.6,1,Ya (Anomali),5,5
MIT-0907,Medan Branch,Sistem Informasi,Kritis,Rencana Aksi Mitigasi Temuan #907,4,0,9.6,0,Tidak,2,5
MIT-0908,Finance Dept,Sistem Informasi,Kritis,Rencana Aksi Mitigasi Temuan #908,94,0,82.5,0,Tidak,3,1
MIT-0909,Operations Dept,Sistem Informasi,Kritis,Rencana Aksi Mitigasi Temuan #909,75,2,64.8,0,Tidak,3,4
MIT-0910,Finance Dept,Pengendalian Internal,Tinggi,Rencana Aksi Mitigasi Temuan #910,62,5,10.7,0,Tidak,5,5
MIT-0911,Jakarta Branch,Sistem Informasi,Tinggi,Rencana Aksi Mitigasi Temuan #911,94,4,80.0,0,Ya (Anomali),5,5
MIT-0912,IT Dept,Pengendalian Internal,Rendah,Rencana Aksi Mitigasi Temuan #912,95,4,23.0,1,Ya (Anomali),5,5
MIT-0913,Surabaya Branch,Manajemen Risiko,Sedang,Rencana Aksi Mitigasi Temuan #913,152,0,45.4,0,Tidak,5,3
MIT-0914,Medan Branch,Pengendalian Internal,Sedang,Rencana Aksi Mitigasi Temuan #914,55,1,13.8,1,Ya (Anomali),2,5
MIT-0915,Medan Branch,Manajemen Risiko,Kritis,Rencana Aksi Mitigasi Temuan #915,137,5,67.5,0,Ya (Anomali),5,5
MIT-0916,Medan Branch,Kepatuhan SOP,Sedang,Rencana Aksi Mitigasi Temuan #916,131,3,63.4,0,Ya (Anomali),5,5
MIT-0917,Finance Dept,Kepatuhan SOP,Kritis,Rencana Aksi Mitigasi Temuan #917,31,1,20.1,0,Tidak,3,5
MIT-0918,Jakarta Branch,Kepatuhan SOP,Rendah,Rencana Aksi Mitigasi Temuan #918,40,1,82.0,0,Tidak,2,2
MIT-0919,Finance Dept,Pengendalian Internal,Sedang,Rencana Aksi Mitigasi Temuan #919,36,5,38.1,0,Tidak,4,5
MIT-0920,Finance Dept,Kepatuhan SOP,Sedang,Rencana Aksi Mitigasi Temuan #920,152,0,27.8,0,Tidak,4,3
MIT-0921,IT Dept,Kepatuhan SOP,Kritis,Rencana Aksi Mitigasi Temuan #921,6,0,14.5,0,Tidak,2,4
MIT-0922,Bandung Branch,Kepatuhan SOP,Rendah,Rencana Aksi Mitigasi Temuan #922,66,0,25.3,0,Tidak,2,3
MIT-0923,Jakarta Branch,Manajemen Risiko,Sedang,Rencana Aksi Mitigasi Temuan #923,75,0,2.1,1,Ya (Anomali),2,5
MIT-0924,Medan Branch,Sistem Informasi,Sedang,Rencana Aksi Mitigasi Temuan #924,4,4,55.4,0,Tidak,3,5
MIT-0925,Surabaya Branch,Pengendalian Internal,Sedang,Rencana Aksi Mitigasi Temuan #925,79,0,80.0,0,Tidak,3,1
MIT-0926,Medan Branch,Kepatuhan SOP,Rendah,Rencana Aksi Mitigasi Temuan #926,134,4,52.2,0,Ya (Anomali),5,5
MIT-0927,Finance Dept,Manajemen Risiko,Rendah,Rencana Aksi Mitigasi Temuan #927,118,4,20.8,1,Ya (Anomali),5,5
MIT-0928,Jakarta Branch,Sistem Informasi,Sedang,Rencana Aksi Mitigasi Temuan #928,113,0,3.2,0,Ya (Anomali),3,5
MIT-0929,Operations Dept,Sistem Informasi,Kritis,Rencana Aksi Mitigasi Temuan #929,94,2,20.4,1,Ya (Anomali),5,5
MIT-0930,Jakarta Branch,Sistem Informasi,Kritis,Rencana Aksi Mitigasi Temuan #930,179,3,39.5,0,Ya (Anomali),5,5
MIT-0931,Jakarta Branch,Manajemen Risiko,Sedang,Rencana Aksi Mitigasi Temuan #931,62,1,72.2,0,Tidak,3,3
MIT-0932,Bandung Branch,Kepatuhan SOP,Rendah,Rencana Aksi Mitigasi Temuan #932,79,4,17.8,1,Ya (Anomali),4,5
MIT-0933,Medan Branch,Sistem Informasi,Sedang,Rencana Aksi Mitigasi Temuan #933,136,5,68.4,0,Ya (Anomali),5,5
MIT-0934,Bandung Branch,Manajemen Risiko,Rendah,Rencana Aksi Mitigasi Temuan #934,26,5,82.4,0,Tidak,4,5
MIT-0935,Operations Dept,Manajemen Risiko,Sedang,Rencana Aksi Mitigasi Temuan #935,179,3,43.1,0,Ya (Anomali),5,5
MIT-0936,Operations Dept,Pengendalian Internal,Rendah,Rencana Aksi Mitigasi Temuan #936,173,5,78.0,0,Ya (Anomali),5,5
MIT-0937,IT Dept,Manajemen Risiko,Tinggi,Rencana Aksi Mitigasi Temuan #937,44,2,52.7,0,Tidak,4,5
MIT-0938,Surabaya Branch,Sistem Informasi,Kritis,Rencana Aksi Mitigasi Temuan #938,133,5,60.5,0,Ya (Anomali),5,5
MIT-0939,IT Dept,Sistem Informasi,Tinggi,Rencana Aksi Mitigasi Temuan #939,70,1,50.0,0,Tidak,4,3
MIT-0940,Finance Dept,Manajemen Risiko,Kritis,Rencana Aksi Mitigasi Temuan #940,154,1,44.0,0,Tidak,5,4
MIT-0941,Bandung Branch,Sistem Informasi,Rendah,Rencana Aksi Mitigasi Temuan #941,118,4,22.3,1,Ya (Anomali),5,5
MIT-0942,Bandung Branch,Manajemen Risiko,Tinggi,Rencana Aksi Mitigasi Temuan #942,68,0,28.8,0,Tidak,2,4
MIT-0943,IT Dept,Sistem Informasi,Kritis,Rencana Aksi Mitigasi Temuan #943,19,2,27.5,0,Tidak,2,5
MIT-0944,Finance Dept,Pengendalian Internal,Sedang,Rencana Aksi Mitigasi Temuan #944,20,4,53.5,0,Tidak,3,5
MIT-0945,Jakarta Branch,Kepatuhan SOP,Rendah,Rencana Aksi Mitigasi Temuan #945,113,2,11.4,1,Ya (Anomali),4,5
MIT-0946,Finance Dept,Pengendalian Internal,Rendah,Rencana Aksi Mitigasi Temuan #946,140,0,87.1,0,Tidak,4,1
MIT-0947,Medan Branch,Pengendalian Internal,Sedang,Rencana Aksi Mitigasi Temuan #947,47,5,68.5,0,Tidak,5,5
MIT-0948,IT Dept,Kepatuhan SOP,Sedang,Rencana Aksi Mitigasi Temuan #948,1,5,38.1,0,Tidak,3,5
MIT-0949,Finance Dept,Sistem Informasi,Kritis,Rencana Aksi Mitigasi Temuan #949,90,0,15.1,0,Tidak,4,3
MIT-0950,Jakarta Branch,Kepatuhan SOP,Rendah,Rencana Aksi Mitigasi Temuan #950,142,4,83.8,0,Ya (Anomali),5,5
MIT-0951,Finance Dept,Manajemen Risiko,Kritis,Rencana Aksi Mitigasi Temuan #951,64,0,78.3,0,Tidak,2,1
MIT-0952,Bandung Branch,Kepatuhan SOP,Sedang,Rencana Aksi Mitigasi Temuan #952,38,3,68.6,0,Tidak,4,5
MIT-0953,Surabaya Branch,Pengendalian Internal,Rendah,Rencana Aksi Mitigasi Temuan #953,37,1,25.8,0,Tidak,2,4
MIT-0954,Bandung Branch,Kepatuhan SOP,Sedang,Rencana Aksi Mitigasi Temuan #954,126,4,38.2,0,Ya (Anomali),5,5
MIT-0955,Operations Dept,Sistem Informasi,Kritis,Rencana Aksi Mitigasi Temuan #955,139,2,9.8,1,Ya (Anomali),5,5
MIT-0956,Surabaya Branch,Pengendalian Internal,Kritis,Rencana Aksi Mitigasi Temuan #956,100,3,18.0,1,Ya (Anomali),4,5
MIT-0957,Operations Dept,Manajemen Risiko,Kritis,Rencana Aksi Mitigasi Temuan #957,77,4,74.4,0,Ya (Anomali),5,5
MIT-0958,Finance Dept,Sistem Informasi,Rendah,Rencana Aksi Mitigasi Temuan #958,3,0,67.9,0,Tidak,1,2
MIT-0959,Medan Branch,Pengendalian Internal,Sedang,Rencana Aksi Mitigasi Temuan #959,161,0,56.4,0,Tidak,5,2
MIT-0960,Finance Dept,Manajemen Risiko,Sedang,Rencana Aksi Mitigasi Temuan #960,134,0,85.1,0,Tidak,5,1
MIT-0961,Jakarta Branch,Sistem Informasi,Kritis,Rencana Aksi Mitigasi Temuan #961,178,0,55.4,0,Tidak,5,2
MIT-0962,Finance Dept,Manajemen Risiko,Kritis,Rencana Aksi Mitigasi Temuan #962,10,2,44.4,0,Tidak,3,5
MIT-0963,Surabaya Branch,Kepatuhan SOP,Kritis,Rencana Aksi Mitigasi Temuan #963,5,3,32.3,0,Tidak,3,5
MIT-0964,Bandung Branch,Kepatuhan SOP,Kritis,Rencana Aksi Mitigasi Temuan #964,151,5,89.3,0,Ya (Anomali),5,5
MIT-0965,Medan Branch,Manajemen Risiko,Tinggi,Rencana Aksi Mitigasi Temuan #965,138,1,7.9,1,Ya (Anomali),4,5
MIT-0966,Operations Dept,Kepatuhan SOP,Tinggi,Rencana Aksi Mitigasi Temuan #966,172,2,88.4,0,Ya (Anomali),5,3
MIT-0967,Finance Dept,Manajemen Risiko,Tinggi,Rencana Aksi Mitigasi Temuan #967,130,2,78.5,0,Ya (Anomali),5,5
MIT-0968,Finance Dept,Sistem Informasi,Kritis,Rencana Aksi Mitigasi Temuan #968,13,5,12.3,0,Tidak,3,5
MIT-0969,Bandung Branch,Pengendalian Internal,Kritis,Rencana Aksi Mitigasi Temuan #969,168,5,53.7,0,Ya (Anomali),5,5
MIT-0970,Medan Branch,Manajemen Risiko,Sedang,Rencana Aksi Mitigasi Temuan #970,130,1,82.3,0,Tidak,4,2
MIT-0971,IT Dept,Pengendalian Internal,Rendah,Rencana Aksi Mitigasi Temuan #971,84,1,54.3,0,Tidak,3,3
MIT-0972,Operations Dept,Pengendalian Internal,Sedang,Rencana Aksi Mitigasi Temuan #972,65,5,86.2,0,Tidak,5,5
MIT-0973,Finance Dept,Manajemen Risiko,Tinggi,Rencana Aksi Mitigasi Temuan #973,63,0,89.6,0,Tidak,3,1
MIT-0974,Finance Dept,Kepatuhan SOP,Sedang,Rencana Aksi Mitigasi Temuan #974,101,2,40.1,0,Ya (Anomali),4,5
MIT-0975,IT Dept,Sistem Informasi,Kritis,Rencana Aksi Mitigasi Temuan #975,73,4,35.8,0,Tidak,4,5
MIT-0976,Operations Dept,Pengendalian Internal,Tinggi,Rencana Aksi Mitigasi Temuan #976,17,1,89.0,0,Tidak,2,2
MIT-0977,Surabaya Branch,Sistem Informasi,Tinggi,Rencana Aksi Mitigasi Temuan #977,9,1,64.1,0,Tidak,1,3
MIT-0978,Surabaya Branch,Pengendalian Internal,Rendah,Rencana Aksi Mitigasi Temuan #978,143,5,11.0,1,Ya (Anomali),5,5
MIT-0979,Jakarta Branch,Manajemen Risiko,Rendah,Rencana Aksi Mitigasi Temuan #979,152,3,4.0,0,Ya (Anomali),5,5
MIT-0980,Bandung Branch,Kepatuhan SOP,Tinggi,Rencana Aksi Mitigasi Temuan #980,38,4,53.6,0,Tidak,3,5
MIT-0981,Medan Branch,Sistem Informasi,Tinggi,Rencana Aksi Mitigasi Temuan #981,163,4,88.4,0,Ya (Anomali),5,5
MIT-0982,Finance Dept,Pengendalian Internal,Sedang,Rencana Aksi Mitigasi Temuan #982,94,1,80.2,0,Tidak,4,2
MIT-0983,Operations Dept,Manajemen Risiko,Tinggi,Rencana Aksi Mitigasi Temuan #983,95,0,64.2,0,Tidak,3,2
MIT-0984,Finance Dept,Manajemen Risiko,Kritis,Rencana Aksi Mitigasi Temuan #984,49,3,13.2,1,Ya (Anomali),3,5
MIT-0985,Jakarta Branch,Pengendalian Internal,Sedang,Rencana Aksi Mitigasi Temuan #985,69,4,24.2,1,Ya (Anomali),4,5
MIT-0986,Operations Dept,Pengendalian Internal,Kritis,Rencana Aksi Mitigasi Temuan #986,62,1,83.2,0,Tidak,4,3
MIT-0987,Operations Dept,Pengendalian Internal,Kritis,Rencana Aksi Mitigasi Temuan #987,178,4,17.4,1,Ya (Anomali),5,5
MIT-0988,Finance Dept,Kepatuhan SOP,Kritis,Rencana Aksi Mitigasi Temuan #988,78,3,26.5,0,Tidak,4,5
MIT-0989,Bandung Branch,Pengendalian Internal,Tinggi,Rencana Aksi Mitigasi Temuan #989,117,3,12.3,1,Ya (Anomali),5,5
MIT-0990,Jakarta Branch,Pengendalian Internal,Rendah,Rencana Aksi Mitigasi Temuan #990,120,2,64.2,0,Ya (Anomali),4,5
MIT-0991,Bandung Branch,Kepatuhan SOP,Rendah,Rencana Aksi Mitigasi Temuan #991,137,5,89.7,0,Ya (Anomali),5,5
MIT-0992,Jakarta Branch,Manajemen Risiko,Kritis,Rencana Aksi Mitigasi Temuan #992,162,5,25.6,0,Ya (Anomali),5,5
MIT-0993,Finance Dept,Pengendalian Internal,Tinggi,Rencana Aksi Mitigasi Temuan #993,76,1,45.2,0,Tidak,3,4
MIT-0994,Jakarta Branch,Sistem Informasi,Sedang,Rencana Aksi Mitigasi Temuan #994,35,3,60.3,0,Tidak,3,5
MIT-0995,Surabaya Branch,Manajemen Risiko,Kritis,Rencana Aksi Mitigasi Temuan #995,1,2,94.9,0,Tidak,2,3
MIT-0996,Operations Dept,Sistem Informasi,Sedang,Rencana Aksi Mitigasi Temuan #996,40,2,10.0,0,Tidak,2,5
MIT-0997,Medan Branch,Pengendalian Internal,Sedang,Rencana Aksi Mitigasi Temuan #997,64,4,47.4,0,Tidak,5,5
MIT-0998,Finance Dept,Kepatuhan SOP,Tinggi,Rencana Aksi Mitigasi Temuan #998,150,4,36.6,0,Ya (Anomali),5,5
MIT-0999,IT Dept,Kepatuhan SOP,Tinggi,Rencana Aksi Mitigasi Temuan #999,60,2,82.3,0,Tidak,3,3
MIT-1000,Medan Branch,Kepatuhan SOP,Rendah,Rencana Aksi Mitigasi Temuan #1000,64,4,45.2,0,Tidak,4,5
MIT-1001,Finance Dept,Pengendalian Internal,Rendah,Rencana Aksi Mitigasi Temuan #1001,93,3,10.5,1,Ya (Anomali),4,5
MIT-1002,Medan Branch,Pengendalian Internal,Tinggi,Rencana Aksi Mitigasi Temuan #1002,72,0,60.3,0,Tidak,2,3
MIT-1003,Surabaya Branch,Sistem Informasi,Kritis,Rencana Aksi Mitigasi Temuan #1003,11,3,73.2,0,Tidak,3,5
MIT-1004,Medan Branch,Kepatuhan SOP,Rendah,Rencana Aksi Mitigasi Temuan #1004,105,2,0.3,1,Ya (Anomali),4,5
MIT-1005,Jakarta Branch,Pengendalian Internal,Sedang,Rencana Aksi Mitigasi Temuan #1005,14,2,81.6,0,Tidak,2,5
MIT-1006,Medan Branch,Manajemen Risiko,Kritis,Rencana Aksi Mitigasi Temuan #1006,60,3,17.7,1,Ya (Anomali),3,5
MIT-1007,Finance Dept,Pengendalian Internal,Sedang,Rencana Aksi Mitigasi Temuan #1007,30,4,52.4,0,Tidak,4,5
MIT-1008,IT Dept,Pengendalian Internal,Tinggi,Rencana Aksi Mitigasi Temuan #1008,35,4,39.5,0,Tidak,3,5
MIT-1009,IT Dept,Manajemen Risiko,Sedang,Rencana Aksi Mitigasi Temuan #1009,165,5,68.4,0,Ya (Anomali),5,5
MIT-1010,Bandung Branch,Kepatuhan SOP,Kritis,Rencana Aksi Mitigasi Temuan #1010,5,2,35.3,0,Tidak,2,5
MIT-1011,Operations Dept,Manajemen Risiko,Tinggi,Rencana Aksi Mitigasi Temuan #1011,83,1,82.6,0,Tidak,3,3
MIT-1012,Medan Branch,Kepatuhan SOP,Kritis,Rencana Aksi Mitigasi Temuan #1012,123,5,69.4,0,Tidak,5,5
MIT-1013,IT Dept,Manajemen Risiko,Sedang,Rencana Aksi Mitigasi Temuan #1013,78,4,61.5,0,Tidak,5,5
MIT-1014,Medan Branch,Sistem Informasi,Kritis,Rencana Aksi Mitigasi Temuan #1014,154,3,75.6,0,Ya (Anomali),5,5
MIT-1015,Operations Dept,Kepatuhan SOP,Tinggi,Rencana Aksi Mitigasi Temuan #1015,62,4,71.6,0,Tidak,4,5
MIT-1016,IT Dept,Pengendalian Internal,Sedang,Rencana Aksi Mitigasi Temuan #1016,132,3,3.4,1,Ya (Anomali),5,5
MIT-1017,Operations Dept,Sistem Informasi,Sedang,Rencana Aksi Mitigasi Temuan #1017,89,5,37.5,0,Tidak,5,5
MIT-1018,Medan Branch,Kepatuhan SOP,Rendah,Rencana Aksi Mitigasi Temuan #1018,42,2,88.4,0,Tidak,3,3
MIT-1019,Finance Dept,Kepatuhan SOP,Rendah,Rencana Aksi Mitigasi Temuan #1019,89,4,11.9,1,Ya (Anomali),5,5
MIT-1020,Medan Branch,Kepatuhan SOP,Kritis,Rencana Aksi Mitigasi Temuan #1020,146,3,70.0,0,Tidak,5,5
MIT-1021,Operations Dept,Manajemen Risiko,Rendah,Rencana Aksi Mitigasi Temuan #1021,40,2,92.6,0,Tidak,2,3
MIT-1022,Finance Dept,Kepatuhan SOP,Rendah,Rencana Aksi Mitigasi Temuan #1022,72,1,5.0,1,Ya (Anomali),3,5
MIT-1023,Finance Dept,Pengendalian Internal,Rendah,Rencana Aksi Mitigasi Temuan #1023,39,3,64.8,0,Ya (Anomali),3,5
MIT-1024,Bandung Branch,Kepatuhan SOP,Rendah,Rencana Aksi Mitigasi Temuan #1024,104,5,44.5,0,Ya (Anomali),5,5
MIT-1025,IT Dept,Pengendalian Internal,Tinggi,Rencana Aksi Mitigasi Temuan #1025,14,1,55.0,0,Tidak,1,3
MIT-1026,Jakarta Branch,Pengendalian Internal,Tinggi,Rencana Aksi Mitigasi Temuan #1026,32,1,8.1,0,Tidak,2,5
MIT-1027,Finance Dept,Pengendalian Internal,Rendah,Rencana Aksi Mitigasi Temuan #1027,179,0,4.1,1,Ya (Anomali),5,5
MIT-1028,Operations Dept,Sistem Informasi,Kritis,Rencana Aksi Mitigasi Temuan #1028,125,4,63.4,0,Ya (Anomali),5,5
MIT-1029,IT Dept,Pengendalian Internal,Tinggi,Rencana Aksi Mitigasi Temuan #1029,166,3,78.2,0,Ya (Anomali),5,5
MIT-1030,Surabaya Branch,Manajemen Risiko,Rendah,Rencana Aksi Mitigasi Temuan #1030,97,1,74.3,0,Tidak,3,3
MIT-1031,Medan Branch,Kepatuhan SOP,Tinggi,Rencana Aksi Mitigasi Temuan #1031,23,0,51.7,0,Tidak,1,3
MIT-1032,Operations Dept,Manajemen Risiko,Sedang,Rencana Aksi Mitigasi Temuan #1032,63,5,9.5,0,Ya (Anomali),5,5
MIT-1033,Surabaya Branch,Sistem Informasi,Tinggi,Rencana Aksi Mitigasi Temuan #1033,143,2,65.4,0,Ya (Anomali),5,4
MIT-1034,Operations Dept,Kepatuhan SOP,Tinggi,Rencana Aksi Mitigasi Temuan #1034,153,3,23.0,1,Ya (Anomali),5,5
MIT-1035,Medan Branch,Pengendalian Internal,Kritis,Rencana Aksi Mitigasi Temuan #1035,145,1,86.6,0,Tidak,5,2
MIT-1036,Bandung Branch,Kepatuhan SOP,Tinggi,Rencana Aksi Mitigasi Temuan #1036,53,4,79.6,0,Tidak,5,5
MIT-1037,Operations Dept,Sistem Informasi,Kritis,Rencana Aksi Mitigasi Temuan #1037,104,0,67.4,0,Tidak,3,2
MIT-1038,Finance Dept,Sistem Informasi,Sedang,Rencana Aksi Mitigasi Temuan #1038,104,1,90.1,0,Tidak,4,3
MIT-1039,Jakarta Branch,Manajemen Risiko,Rendah,Rencana Aksi Mitigasi Temuan #1039,179,4,3.0,1,Ya (Anomali),5,5
MIT-1040,Finance Dept,Kepatuhan SOP,Kritis,Rencana Aksi Mitigasi Temuan #1040,39,1,69.9,0,Tidak,2,3
MIT-1041,Medan Branch,Kepatuhan SOP,Tinggi,Rencana Aksi Mitigasi Temuan #1041,179,3,31.4,0,Ya (Anomali),5,5
MIT-1042,Operations Dept,Kepatuhan SOP,Tinggi,Rencana Aksi Mitigasi Temuan #1042,134,3,86.1,0,Ya (Anomali),5,5
MIT-1043,Jakarta Branch,Manajemen Risiko,Kritis,Rencana Aksi Mitigasi Temuan #1043,67,3,25.3,0,Tidak,4,5
MIT-1044,Finance Dept,Sistem Informasi,Sedang,Rencana Aksi Mitigasi Temuan #1044,135,5,68.9,0,Ya (Anomali),5,5
MIT-1045,Jakarta Branch,Pengendalian Internal,Rendah,Rencana Aksi Mitigasi Temuan #1045,179,5,83.4,0,Ya (Anomali),5,5
MIT-1046,Medan Branch,Kepatuhan SOP,Tinggi,Rencana Aksi Mitigasi Temuan #1046,42,0,4.0,0,Tidak,3,5
MIT-1047,Bandung Branch,Manajemen Risiko,Sedang,Rencana Aksi Mitigasi Temuan #1047,15,3,37.8,0,Tidak,2,5
MIT-1048,Bandung Branch,Manajemen Risiko,Rendah,Rencana Aksi Mitigasi Temuan #1048,111,4,72.4,0,Ya (Anomali),5,5
MIT-1049,Operations Dept,Pengendalian Internal,Rendah,Rencana Aksi Mitigasi Temuan #1049,157,1,43.2,0,Tidak,5,4
MIT-1050,Finance Dept,Sistem Informasi,Tinggi,Rencana Aksi Mitigasi Temuan #1050,33,2,25.4,0,Tidak,2,5
MIT-1051,Surabaya Branch,Kepatuhan SOP,Kritis,Rencana Aksi Mitigasi Temuan #1051,155,4,20.9,1,Ya (Anomali),5,5
MIT-1052,Medan Branch,Kepatuhan SOP,Tinggi,Rencana Aksi Mitigasi Temuan #1052,164,5,12.5,1,Ya (Anomali),5,5
MIT-1053,Finance Dept,Manajemen Risiko,Tinggi,Rencana Aksi Mitigasi Temuan #1053,157,5,81.4,0,Ya (Anomali),5,5
MIT-1054,Finance Dept,Sistem Informasi,Tinggi,Rencana Aksi Mitigasi Temuan #1054,38,4,54.7,0,Tidak,3,5
MIT-1055,Bandung Branch,Kepatuhan SOP,Sedang,Rencana Aksi Mitigasi Temuan #1055,97,5,7.3,1,Ya (Anomali),5,5
MIT-1056,Operations Dept,Pengendalian Internal,Kritis,Rencana Aksi Mitigasi Temuan #1056,155,3,36.3,0,Ya (Anomali),5,5
MIT-1057,Jakarta Branch,Sistem Informasi,Sedang,Rencana Aksi Mitigasi Temuan #1057,33,0,34.9,0,Tidak,1,3
MIT-1058,Medan Branch,Sistem Informasi,Tinggi,Rencana Aksi Mitigasi Temuan #1058,86,1,17.3,1,Tidak,3,5
MIT-1059,Jakarta Branch,Manajemen Risiko,Kritis,Rencana Aksi Mitigasi Temuan #1059,66,0,41.4,0,Tidak,2,2
MIT-1060,IT Dept,Manajemen Risiko,Rendah,Rencana Aksi Mitigasi Temuan #1060,10,1,31.5,0,Tidak,2,5
MIT-1061,IT Dept,Kepatuhan SOP,Kritis,Rencana Aksi Mitigasi Temuan #1061,5,1,32.5,0,Tidak,2,4
MIT-1062,Medan Branch,Manajemen Risiko,Tinggi,Rencana Aksi Mitigasi Temuan #1062,123,0,70.2,0,Tidak,5,2
MIT-1063,Operations Dept,Sistem Informasi,Kritis,Rencana Aksi Mitigasi Temuan #1063,74,4,21.2,0,Tidak,4,5
MIT-1064,Surabaya Branch,Kepatuhan SOP,Rendah,Rencana Aksi Mitigasi Temuan #1064,97,1,61.0,0,Tidak,3,3
MIT-1065,IT Dept,Kepatuhan SOP,Rendah,Rencana Aksi Mitigasi Temuan #1065,118,0,54.2,0,Tidak,3,2
MIT-1066,Bandung Branch,Sistem Informasi,Kritis,Rencana Aksi Mitigasi Temuan #1066,38,1,54.0,0,Tidak,3,3
MIT-1067,Surabaya Branch,Kepatuhan SOP,Rendah,Rencana Aksi Mitigasi Temuan #1067,141,2,63.0,0,Ya (Anomali),5,4
MIT-1068,Finance Dept,Pengendalian Internal,Sedang,Rencana Aksi Mitigasi Temuan #1068,159,4,52.1,0,Tidak,5,5
MIT-1069,IT Dept,Pengendalian Internal,Kritis,Rencana Aksi Mitigasi Temuan #1069,47,3,83.5,0,Tidak,3,5
MIT-1070,Bandung Branch,Kepatuhan SOP,Rendah,Rencana Aksi Mitigasi Temuan #1070,109,1,64.2,0,Tidak,5,3
MIT-1071,Finance Dept,Manajemen Risiko,Rendah,Rencana Aksi Mitigasi Temuan #1071,15,2,52.0,0,Tidak,3,4
MIT-1072,Surabaya Branch,Pengendalian Internal,Kritis,Rencana Aksi Mitigasi Temuan #1072,157,3,78.8,0,Ya (Anomali),5,5
MIT-1073,Medan Branch,Kepatuhan SOP,Sedang,Rencana Aksi Mitigasi Temuan #1073,136,3,57.6,0,Ya (Anomali),5,5
MIT-1074,Finance Dept,Pengendalian Internal,Kritis,Rencana Aksi Mitigasi Temuan #1074,5,1,27.7,0,Tidak,1,5
MIT-1075,Jakarta Branch,Manajemen Risiko,Rendah,Rencana Aksi Mitigasi Temuan #1075,157,0,19.7,1,Ya (Anomali),4,5
MIT-1076,Medan Branch,Sistem Informasi,Kritis,Rencana Aksi Mitigasi Temuan #1076,47,1,14.5,1,Ya (Anomali),2,5
MIT-1077,Medan Branch,Kepatuhan SOP,Rendah,Rencana Aksi Mitigasi Temuan #1077,68,2,85.4,0,Tidak,3,3
MIT-1078,Surabaya Branch,Kepatuhan SOP,Tinggi,Rencana Aksi Mitigasi Temuan #1078,76,3,67.5,0,Ya (Anomali),4,5
MIT-1079,Surabaya Branch,Kepatuhan SOP,Kritis,Rencana Aksi Mitigasi Temuan #1079,173,1,89.1,0,Tidak,5,3
MIT-1080,Bandung Branch,Kepatuhan SOP,Kritis,Rencana Aksi Mitigasi Temuan #1080,130,0,57.3,0,Tidak,4,2
MIT-1081,Bandung Branch,Kepatuhan SOP,Rendah,Rencana Aksi Mitigasi Temuan #1081,155,1,45.0,0,Tidak,5,4
MIT-1082,Jakarta Branch,Kepatuhan SOP,Rendah,Rencana Aksi Mitigasi Temuan #1082,95,4,5.7,1,Ya (Anomali),5,5
MIT-1083,Medan Branch,Manajemen Risiko,Rendah,Rencana Aksi Mitigasi Temuan #1083,115,0,63.8,0,Tidak,3,2
MIT-1084,Operations Dept,Sistem Informasi,Rendah,Rencana Aksi Mitigasi Temuan #1084,164,2,55.3,0,Ya (Anomali),5,5
MIT-1085,Jakarta Branch,Manajemen Risiko,Kritis,Rencana Aksi Mitigasi Temuan #1085,36,3,94.1,0,Tidak,3,4
MIT-1086,Jakarta Branch,Manajemen Risiko,Rendah,Rencana Aksi Mitigasi Temuan #1086,26,1,22.7,0,Tidak,3,5
MIT-1087,Operations Dept,Sistem Informasi,Kritis,Rencana Aksi Mitigasi Temuan #1087,43,0,50.4,0,Tidak,2,2
MIT-1088,Operations Dept,Manajemen Risiko,Sedang,Rencana Aksi Mitigasi Temuan #1088,27,4,61.8,0,Tidak,3,5
MIT-1089,Operations Dept,Pengendalian Internal,Kritis,Rencana Aksi Mitigasi Temuan #1089,69,0,61.2,0,Tidak,2,2
MIT-1090,Surabaya Branch,Manajemen Risiko,Rendah,Rencana Aksi Mitigasi Temuan #1090,148,5,53.3,0,Ya (Anomali),5,5
MIT-1091,Jakarta Branch,Kepatuhan SOP,Rendah,Rencana Aksi Mitigasi Temuan #1091,11,4,73.8,0,Tidak,3,5
MIT-1092,Jakarta Branch,Pengendalian Internal,Sedang,Rencana Aksi Mitigasi Temuan #1092,74,2,19.5,1,Ya (Anomali),3,5
MIT-1093,Finance Dept,Pengendalian Internal,Kritis,Rencana Aksi Mitigasi Temuan #1093,104,3,68.9,0,Ya (Anomali),5,5
MIT-1094,Operations Dept,Sistem Informasi,Sedang,Rencana Aksi Mitigasi Temuan #1094,38,2,58.9,0,Tidak,2,4
MIT-1095,Operations Dept,Manajemen Risiko,Kritis,Rencana Aksi Mitigasi Temuan #1095,134,1,85.1,0,Tidak,4,2
MIT-1096,Bandung Branch,Manajemen Risiko,Rendah,Rencana Aksi Mitigasi Temuan #1096,23,0,80.5,0,Tidak,2,2
MIT-1097,Bandung Branch,Pengendalian Internal,Kritis,Rencana Aksi Mitigasi Temuan #1097,47,5,29.9,0,Tidak,4,5
MIT-1098,Medan Branch,Manajemen Risiko,Rendah,Rencana Aksi Mitigasi Temuan #1098,90,4,26.2,0,Tidak,5,5
MIT-1099,Bandung Branch,Manajemen Risiko,Rendah,Rencana Aksi Mitigasi Temuan #1099,46,4,93.3,0,Tidak,5,5
MIT-1100,IT Dept,Sistem Informasi,Tinggi,Rencana Aksi Mitigasi Temuan #1100,107,0,50.1,0,Tidak,3,2
MIT-1101,Medan Branch,Pengendalian Internal,Tinggi,Rencana Aksi Mitigasi Temuan #1101,140,5,86.1,0,Ya (Anomali),5,5
MIT-1102,Operations Dept,Kepatuhan SOP,Kritis,Rencana Aksi Mitigasi Temuan #1102,141,0,15.6,0,Tidak,4,3
MIT-1103,Finance Dept,Pengendalian Internal,Rendah,Rencana Aksi Mitigasi Temuan #1103,104,1,61.1,0,Tidak,4,3
MIT-1104,Bandung Branch,Sistem Informasi,Sedang,Rencana Aksi Mitigasi Temuan #1104,111,2,76.9,0,Ya (Anomali),5,4
MIT-1105,Finance Dept,Sistem Informasi,Rendah,Rencana Aksi Mitigasi Temuan #1105,104,4,90.0,0,Tidak,5,5
MIT-1106,Bandung Branch,Sistem Informasi,Sedang,Rencana Aksi Mitigasi Temuan #1106,60,1,32.0,0,Tidak,3,4
MIT-1107,Bandung Branch,Manajemen Risiko,Kritis,Rencana Aksi Mitigasi Temuan #1107,171,2,68.9,0,Ya (Anomali),5,4
MIT-1108,Finance Dept,Pengendalian Internal,Kritis,Rencana Aksi Mitigasi Temuan #1108,100,1,51.2,0,Tidak,3,4
MIT-1109,Jakarta Branch,Manajemen Risiko,Sedang,Rencana Aksi Mitigasi Temuan #1109,68,5,5.8,0,Tidak,5,5
MIT-1110,Jakarta Branch,Manajemen Risiko,Sedang,Rencana Aksi Mitigasi Temuan #1110,133,4,65.5,0,Ya (Anomali),5,5
MIT-1111,Jakarta Branch,Pengendalian Internal,Rendah,Rencana Aksi Mitigasi Temuan #1111,120,0,65.6,0,Tidak,4,2
MIT-1112,IT Dept,Sistem Informasi,Kritis,Rencana Aksi Mitigasi Temuan #1112,37,0,88.4,0,Tidak,1,2
MIT-1113,Jakarta Branch,Kepatuhan SOP,Rendah,Rencana Aksi Mitigasi Temuan #1113,72,2,47.2,0,Tidak,3,5
MIT-1114,Bandung Branch,Kepatuhan SOP,Sedang,Rencana Aksi Mitigasi Temuan #1114,127,3,21.9,1,Ya (Anomali),5,5
MIT-1115,Operations Dept,Pengendalian Internal,Tinggi,Rencana Aksi Mitigasi Temuan #1115,106,5,4.2,0,Ya (Anomali),5,5
MIT-1116,Surabaya Branch,Pengendalian Internal,Tinggi,Rencana Aksi Mitigasi Temuan #1116,92,2,39.5,0,Ya (Anomali),4,5
MIT-1117,Finance Dept,Sistem Informasi,Tinggi,Rencana Aksi Mitigasi Temuan #1117,31,3,28.7,0,Tidak,3,5
MIT-1118,Operations Dept,Pengendalian Internal,Sedang,Rencana Aksi Mitigasi Temuan #1118,122,1,72.3,0,Tidak,5,4
MIT-1119,Surabaya Branch,Pengendalian Internal,Rendah,Rencana Aksi Mitigasi Temuan #1119,137,5,33.7,0,Tidak,5,5
MIT-1120,Operations Dept,Sistem Informasi,Kritis,Rencana Aksi Mitigasi Temuan #1120,51,1,90.2,0,Tidak,2,2
MIT-1121,IT Dept,Sistem Informasi,Sedang,Rencana Aksi Mitigasi Temuan #1121,29,4,91.4,0,Tidak,3,5
MIT-1122,Surabaya Branch,Manajemen Risiko,Tinggi,Rencana Aksi Mitigasi Temuan #1122,40,5,59.0,0,Tidak,4,5
MIT-1123,Medan Branch,Pengendalian Internal,Rendah,Rencana Aksi Mitigasi Temuan #1123,41,3,88.2,0,Tidak,3,5
MIT-1124,Jakarta Branch,Kepatuhan SOP,Kritis,Rencana Aksi Mitigasi Temuan #1124,11,4,72.3,0,Tidak,3,5
MIT-1125,IT Dept,Pengendalian Internal,Kritis,Rencana Aksi Mitigasi Temuan #1125,151,0,52.0,0,Tidak,4,3
MIT-1126,Operations Dept,Kepatuhan SOP,Sedang,Rencana Aksi Mitigasi Temuan #1126,1,3,17.1,0,Tidak,2,5
MIT-1127,Bandung Branch,Kepatuhan SOP,Sedang,Rencana Aksi Mitigasi Temuan #1127,46,2,43.6,0,Tidak,4,5
MIT-1128,Jakarta Branch,Kepatuhan SOP,Kritis,Rencana Aksi Mitigasi Temuan #1128,101,0,53.3,0,Tidak,4,3
MIT-1129,Jakarta Branch,Manajemen Risiko,Kritis,Rencana Aksi Mitigasi Temuan #1129,149,0,82.1,0,Tidak,4,1
MIT-1130,Surabaya Branch,Sistem Informasi,Tinggi,Rencana Aksi Mitigasi Temuan #1130,90,2,45.7,0,Tidak,4,5
MIT-1131,Medan Branch,Sistem Informasi,Kritis,Rencana Aksi Mitigasi Temuan #1131,110,5,85.3,0,Ya (Anomali),5,5
MIT-1132,Jakarta Branch,Manajemen Risiko,Sedang,Rencana Aksi Mitigasi Temuan #1132,164,0,64.1,0,Tidak,5,2
MIT-1133,Operations Dept,Sistem Informasi,Rendah,Rencana Aksi Mitigasi Temuan #1133,57,3,13.0,1,Ya (Anomali),4,5
MIT-1134,Operations Dept,Manajemen Risiko,Tinggi,Rencana Aksi Mitigasi Temuan #1134,1,4,94.5,0,Tidak,3,5
MIT-1135,Finance Dept,Pengendalian Internal,Tinggi,Rencana Aksi Mitigasi Temuan #1135,63,0,50.1,0,Tidak,2,2
MIT-1136,Finance Dept,Manajemen Risiko,Kritis,Rencana Aksi Mitigasi Temuan #1136,55,3,37.2,0,Ya (Anomali),3,5
MIT-1137,Jakarta Branch,Sistem Informasi,Rendah,Rencana Aksi Mitigasi Temuan #1137,115,1,62.6,0,Tidak,4,3
MIT-1138,Surabaya Branch,Sistem Informasi,Tinggi,Rencana Aksi Mitigasi Temuan #1138,168,3,10.3,1,Ya (Anomali),5,5
MIT-1139,Surabaya Branch,Pengendalian Internal,Sedang,Rencana Aksi Mitigasi Temuan #1139,143,4,60.5,0,Ya (Anomali),5,5
MIT-1140,Bandung Branch,Manajemen Risiko,Kritis,Rencana Aksi Mitigasi Temuan #1140,149,3,47.3,0,Tidak,5,5
MIT-1141,IT Dept,Pengendalian Internal,Sedang,Rencana Aksi Mitigasi Temuan #1141,175,2,38.6,0,Ya (Anomali),5,5
MIT-1142,IT Dept,Kepatuhan SOP,Kritis,Rencana Aksi Mitigasi Temuan #1142,53,4,90.5,0,Tidak,5,5
MIT-1143,IT Dept,Manajemen Risiko,Tinggi,Rencana Aksi Mitigasi Temuan #1143,137,5,49.6,0,Ya (Anomali),5,5
MIT-1144,Medan Branch,Pengendalian Internal,Kritis,Rencana Aksi Mitigasi Temuan #1144,57,1,20.8,1,Tidak,2,5
MIT-1145,Surabaya Branch,Pengendalian Internal,Rendah,Rencana Aksi Mitigasi Temuan #1145,117,2,43.6,0,Ya (Anomali),4,5
MIT-1146,Bandung Branch,Sistem Informasi,Sedang,Rencana Aksi Mitigasi Temuan #1146,154,5,87.3,0,Ya (Anomali),5,5
MIT-1147,Finance Dept,Manajemen Risiko,Rendah,Rencana Aksi Mitigasi Temuan #1147,169,3,16.7,1,Ya (Anomali),5,5
MIT-1148,Operations Dept,Kepatuhan SOP,Sedang,Rencana Aksi Mitigasi Temuan #1148,35,4,20.3,0,Tidak,3,5
MIT-1149,IT Dept,Kepatuhan SOP,Sedang,Rencana Aksi Mitigasi Temuan #1149,63,1,1.2,1,Ya (Anomali),3,5
MIT-1150,Finance Dept,Manajemen Risiko,Kritis,Rencana Aksi Mitigasi Temuan #1150,25,2,1.3,0,Ya (Anomali),2,5
MIT-1151,Finance Dept,Manajemen Risiko,Tinggi,Rencana Aksi Mitigasi Temuan #1151,90,5,78.8,0,Tidak,5,5
MIT-1152,Jakarta Branch,Pengendalian Internal,Tinggi,Rencana Aksi Mitigasi Temuan #1152,75,5,69.6,0,Tidak,5,5
MIT-1153,Medan Branch,Sistem Informasi,Rendah,Rencana Aksi Mitigasi Temuan #1153,38,1,33.7,0,Tidak,2,5
MIT-1154,Bandung Branch,Sistem Informasi,Kritis,Rencana Aksi Mitigasi Temuan #1154,130,3,66.3,0,Ya (Anomali),5,5
MIT-1155,Medan Branch,Sistem Informasi,Tinggi,Rencana Aksi Mitigasi Temuan #1155,135,1,37.5,0,Tidak,4,4
MIT-1156,Jakarta Branch,Manajemen Risiko,Sedang,Rencana Aksi Mitigasi Temuan #1156,162,5,90.5,0,Ya (Anomali),5,5
MIT-1157,Bandung Branch,Sistem Informasi,Sedang,Rencana Aksi Mitigasi Temuan #1157,91,0,91.9,0,Tidak,3,1
MIT-1158,Bandung Branch,Pengendalian Internal,Kritis,Rencana Aksi Mitigasi Temuan #1158,17,2,37.3,0,Tidak,3,5
MIT-1159,Surabaya Branch,Manajemen Risiko,Rendah,Rencana Aksi Mitigasi Temuan #1159,128,1,81.2,0,Tidak,5,3
MIT-1160,Medan Branch,Manajemen Risiko,Kritis,Rencana Aksi Mitigasi Temuan #1160,171,5,73.4,0,Tidak,5,5
MIT-1161,Medan Branch,Sistem Informasi,Rendah,Rencana Aksi Mitigasi Temuan #1161,108,3,29.4,0,Ya (Anomali),5,5
MIT-1162,Surabaya Branch,Kepatuhan SOP,Kritis,Rencana Aksi Mitigasi Temuan #1162,179,5,22.0,1,Ya (Anomali),5,5
MIT-1163,Finance Dept,Kepatuhan SOP,Sedang,Rencana Aksi Mitigasi Temuan #1163,152,3,43.5,0,Ya (Anomali),5,5
MIT-1164,Jakarta Branch,Pengendalian Internal,Kritis,Rencana Aksi Mitigasi Temuan #1164,25,1,74.2,0,Tidak,2,3
MIT-1165,Medan Branch,Sistem Informasi,Tinggi,Rencana Aksi Mitigasi Temuan #1165,88,3,91.2,0,Tidak,4,4
MIT-1166,Surabaya Branch,Sistem Informasi,Tinggi,Rencana Aksi Mitigasi Temuan #1166,161,4,72.5,0,Ya (Anomali),5,5
MIT-1167,Operations Dept,Manajemen Risiko,Kritis,Rencana Aksi Mitigasi Temuan #1167,177,4,81.2,0,Ya (Anomali),5,5
MIT-1168,Bandung Branch,Manajemen Risiko,Rendah,Rencana Aksi Mitigasi Temuan #1168,29,4,57.3,0,Tidak,3,5
MIT-1169,IT Dept,Sistem Informasi,Rendah,Rencana Aksi Mitigasi Temuan #1169,63,0,79.4,0,Tidak,2,1
MIT-1170,Operations Dept,Manajemen Risiko,Sedang,Rencana Aksi Mitigasi Temuan #1170,150,1,74.5,0,Tidak,5,4
MIT-1171,Surabaya Branch,Sistem Informasi,Sedang,Rencana Aksi Mitigasi Temuan #1171,154,5,35.8,0,Ya (Anomali),5,5
MIT-1172,IT Dept,Pengendalian Internal,Rendah,Rencana Aksi Mitigasi Temuan #1172,156,5,52.4,0,Ya (Anomali),5,5
MIT-1173,Finance Dept,Manajemen Risiko,Kritis,Rencana Aksi Mitigasi Temuan #1173,114,0,76.5,0,Tidak,4,1
MIT-1174,Jakarta Branch,Sistem Informasi,Sedang,Rencana Aksi Mitigasi Temuan #1174,49,3,4.4,1,Ya (Anomali),3,5
MIT-1175,IT Dept,Manajemen Risiko,Rendah,Rencana Aksi Mitigasi Temuan #1175,81,0,76.8,0,Tidak,4,2
MIT-1176,Finance Dept,Pengendalian Internal,Rendah,Rencana Aksi Mitigasi Temuan #1176,84,3,16.9,1,Ya (Anomali),4,5
MIT-1177,IT Dept,Manajemen Risiko,Kritis,Rencana Aksi Mitigasi Temuan #1177,105,3,48.9,0,Ya (Anomali),5,5
MIT-1178,Bandung Branch,Sistem Informasi,Tinggi,Rencana Aksi Mitigasi Temuan #1178,177,2,76.8,0,Ya (Anomali),5,4
MIT-1179,Bandung Branch,Manajemen Risiko,Rendah,Rencana Aksi Mitigasi Temuan #1179,148,5,24.1,1,Ya (Anomali),5,5
MIT-1180,Bandung Branch,Manajemen Risiko,Sedang,Rencana Aksi Mitigasi Temuan #1180,118,4,23.4,1,Ya (Anomali),5,5
MIT-1181,Bandung Branch,Sistem Informasi,Kritis,Rencana Aksi Mitigasi Temuan #1181,86,3,38.3,0,Tidak,5,5
MIT-1182,Surabaya Branch,Kepatuhan SOP,Kritis,Rencana Aksi Mitigasi Temuan #1182,63,2,85.0,0,Tidak,4,4
MIT-1183,Bandung Branch,Manajemen Risiko,Kritis,Rencana Aksi Mitigasi Temuan #1183,104,5,0.0,0,Ya (Anomali),5,5
MIT-1184,Operations Dept,Manajemen Risiko,Tinggi,Rencana Aksi Mitigasi Temuan #1184,49,4,85.6,0,Tidak,4,5
MIT-1185,Bandung Branch,Pengendalian Internal,Tinggi,Rencana Aksi Mitigasi Temuan #1185,71,3,14.6,1,Ya (Anomali),5,5
MIT-1186,Operations Dept,Kepatuhan SOP,Sedang,Rencana Aksi Mitigasi Temuan #1186,1,3,94.1,0,Tidak,3,4
MIT-1187,Surabaya Branch,Pengendalian Internal,Sedang,Rencana Aksi Mitigasi Temuan #1187,141,0,90.7,0,Tidak,5,1
MIT-1188,Bandung Branch,Sistem Informasi,Kritis,Rencana Aksi Mitigasi Temuan #1188,179,0,47.0,0,Tidak,5,2
MIT-1189,Finance Dept,Sistem Informasi,Sedang,Rencana Aksi Mitigasi Temuan #1189,123,5,48.7,0,Ya (Anomali),5,5
MIT-1190,Finance Dept,Pengendalian Internal,Rendah,Rencana Aksi Mitigasi Temuan #1190,62,4,45.7,0,Tidak,4,5
MIT-1191,Medan Branch,Manajemen Risiko,Tinggi,Rencana Aksi Mitigasi Temuan #1191,32,3,60.4,0,Tidak,3,5
MIT-1192,Finance Dept,Kepatuhan SOP,Kritis,Rencana Aksi Mitigasi Temuan #1192,158,5,8.6,1,Ya (Anomali),5,5
MIT-1193,Jakarta Branch,Pengendalian Internal,Kritis,Rencana Aksi Mitigasi Temuan #1193,29,5,3.1,0,Ya (Anomali),4,5
MIT-1194,Jakarta Branch,Pengendalian Internal,Rendah,Rencana Aksi Mitigasi Temuan #1194,49,1,5.5,1,Ya (Anomali),2,5
MIT-1195,Jakarta Branch,Sistem Informasi,Rendah,Rencana Aksi Mitigasi Temuan #1195,173,0,42.2,0,Ya (Anomali),5,3
MIT-1196,Surabaya Branch,Manajemen Risiko,Rendah,Rencana Aksi Mitigasi Temuan #1196,30,4,26.2,0,Tidak,3,5
MIT-1197,Finance Dept,Kepatuhan SOP,Rendah,Rencana Aksi Mitigasi Temuan #1197,144,3,59.1,0,Ya (Anomali),5,5
MIT-1198,Operations Dept,Pengendalian Internal,Kritis,Rencana Aksi Mitigasi Temuan #1198,168,5,94.3,0,Tidak,5,5
MIT-1199,Jakarta Branch,Kepatuhan SOP,Tinggi,Rencana Aksi Mitigasi Temuan #1199,19,3,36.7,0,Tidak,2,5
MIT-1200,Medan Branch,Kepatuhan SOP,Tinggi,Rencana Aksi Mitigasi Temuan #1200,18,1,54.5,0,Tidak,1,4
