ID Transaksi,Entitas,Produk,Kanal Pembayaran,Tipe Nasabah,Nilai Transaksi (Juta Rp),Jam Transaksi (0-23),Hari Transaksi (1-7),Penerima Baru,Status Rekening Pengirim,Frekuensi Transaksi 24 Jam,Yurisdiksi Tujuan,Metode Otentikasi,TARGET: is_anomaly,TARGET: Impact (1-5),TARGET: Likelihood (1-5),Alasan Anomali
PAYM-0001,Jakarta Branch,BI-FAST,ATM,Individu / Retail,9.72,19,5,Tidak,Aktif Normal,1,Domestik Indonesia,MFA Biometrik / Token Valid,Tidak,1,2,-
PAYM-0002,Surabaya Branch,BI-FAST,Mobile Banking,Individu / Retail,32.09,20,4,Tidak,Aktif Normal,2,Domestik Indonesia,MFA Biometrik / Token Valid,Tidak,1,1,-
PAYM-0003,Digital Banking Unit,SKN / Kliring,Mobile Banking,Individu / Retail,60.19,5,6,Ya,Aktif Normal,19,Domestik Indonesia,SMS OTP Standar,Ya (Anomali),5,5,Lonjakan Frekuensi Transaksi Abnormal (Velocity Risk: 19x dalam 24 Jam) ke Penerima Baru
PAYM-0004,Digital Banking Unit,Transfer Internal,Teller Cabang,Korporasi / Komersial,775.7,11,5,Tidak,Aktif Normal,2,Domestik Indonesia,SMS OTP Standar,Tidak,1,2,-
PAYM-0005,Surabaya Branch,BI-FAST,Mobile Banking,Individu / Retail,7.22,13,2,Tidak,Aktif Normal,1,Domestik Indonesia,MFA Biometrik / Token Valid,Tidak,2,1,-
PAYM-0006,Digital Banking Unit,RTGS,Internet Banking Corporate,Korporasi / Komersial,524.06,18,3,Ya,Aktif Normal,1,Domestik Indonesia,MFA Biometrik / Token Valid,Tidak,1,1,-
PAYM-0007,Jakarta Branch,SKN / Kliring,Mobile Banking,Individu / Retail,16.71,16,5,Tidak,Aktif Normal,2,Domestik Indonesia,MFA Biometrik / Token Valid,Tidak,1,1,-
PAYM-0008,Bandung Branch,SKN / Kliring,Mobile Banking,Individu / Retail,77.91,19,4,Ya,Aktif Normal,2,Domestik Indonesia,SMS OTP Standar,Tidak,1,2,-
PAYM-0009,Bandung Branch,SWIFT / Remittance Valas,Internet Banking Corporate,Korporasi / Komersial,1277.68,12,5,Tidak,Aktif Normal,3,Standard International,MFA Biometrik / Token Valid,Tidak,1,2,-
PAYM-0010,Bandung Branch,RTGS,API Host-to-Host,Korporasi / Komersial,516.7,15,1,Tidak,Aktif Normal,3,Domestik Indonesia,SMS OTP Standar,Tidak,1,1,-
PAYM-0011,Jakarta Branch,RTGS,Teller Cabang,Korporasi / Komersial,463.47,18,4,Tidak,Aktif Normal,1,Domestik Indonesia,SMS OTP Standar,Tidak,1,2,-
PAYM-0012,Head Office,RTGS,Teller Cabang,Korporasi / Komersial,783.21,8,3,Tidak,Aktif Normal,1,Domestik Indonesia,MFA Biometrik / Token Valid,Tidak,2,1,-
PAYM-0013,Head Office,RTGS,Internet Banking Corporate,Korporasi / Komersial,366.24,14,1,Tidak,Aktif Normal,1,Domestik Indonesia,MFA Biometrik / Token Valid,Tidak,2,1,-
PAYM-0014,Bandung Branch,BI-FAST,Mobile Banking,Individu / Retail,9.69,11,4,Tidak,Aktif Normal,2,Domestik Indonesia,SMS OTP Standar,Tidak,2,1,-
PAYM-0015,Bandung Branch,SKN / Kliring,Mobile Banking,Individu / Retail,4.44,21,2,Tidak,Aktif Normal,1,Domestik Indonesia,MFA Biometrik / Token Valid,Tidak,1,1,-
PAYM-0016,Medan Branch,RTGS,Teller Cabang,Korporasi / Komersial,141.08,13,2,Tidak,Aktif Normal,1,Domestik Indonesia,MFA Biometrik / Token Valid,Tidak,1,1,-
PAYM-0017,Surabaya Branch,BI-FAST,Mobile Banking,Individu / Retail,10.18,15,4,Tidak,Aktif Normal,1,Domestik Indonesia,SMS OTP Standar,Tidak,2,1,-
PAYM-0018,Bandung Branch,BI-FAST,Mobile Banking,Individu / Retail,7.8,16,1,Tidak,Aktif Normal,1,Domestik Indonesia,MFA Biometrik / Token Valid,Tidak,1,1,-
PAYM-0019,Head Office,BI-FAST,ATM,Individu / Retail,28.9,11,2,Tidak,Aktif Normal,1,Domestik Indonesia,SMS OTP Standar,Tidak,1,1,-
PAYM-0020,Medan Branch,Transfer Internal,Mobile Banking,Individu / Retail,24.77,14,5,Tidak,Aktif Normal,1,Domestik Indonesia,MFA Biometrik / Token Valid,Tidak,2,1,-
PAYM-0021,Digital Banking Unit,SKN / Kliring,Mobile Banking,Individu / Retail,29.0,13,4,Tidak,Aktif Normal,1,Domestik Indonesia,MFA Biometrik / Token Valid,Tidak,2,1,-
PAYM-0022,Medan Branch,BI-FAST,Mobile Banking,Individu / Retail,9.69,18,3,Tidak,Aktif Normal,3,Domestik Indonesia,MFA Biometrik / Token Valid,Tidak,1,2,-
PAYM-0023,Medan Branch,RTGS,Internet Banking Corporate,Korporasi / Komersial,349.36,7,5,Tidak,Aktif Normal,1,Domestik Indonesia,MFA Biometrik / Token Valid,Tidak,1,1,-
PAYM-0024,Medan Branch,BI-FAST,Mobile Banking,Individu / Retail,15.44,20,1,Ya,Aktif Normal,3,Domestik Indonesia,MFA Biometrik / Token Valid,Tidak,1,1,-
PAYM-0025,Surabaya Branch,BI-FAST,Mobile Banking,Individu / Retail,13.71,12,4,Tidak,Aktif Normal,2,Domestik Indonesia,MFA Biometrik / Token Valid,Tidak,1,2,-
PAYM-0026,Bandung Branch,SWIFT / Remittance Valas,Teller Cabang,Korporasi / Komersial,109.83,9,3,Tidak,Aktif Normal,3,Standard International,MFA Biometrik / Token Valid,Tidak,1,1,-
PAYM-0027,Bandung Branch,SKN / Kliring,API Host-to-Host,Korporasi / Komersial,161.74,9,5,Tidak,Aktif Normal,4,Domestik Indonesia,SMS OTP Standar,Tidak,1,1,-
PAYM-0028,Medan Branch,RTGS,Teller Cabang,Korporasi / Komersial,206.4,14,2,Tidak,Aktif Normal,2,Domestik Indonesia,MFA Biometrik / Token Valid,Tidak,1,2,-
PAYM-0029,Jakarta Branch,BI-FAST,Mobile Banking,Individu / Retail,24.17,19,4,Tidak,Akun Baru <7 Hari,2,Domestik Indonesia,SMS OTP Standar,Tidak,1,1,-
PAYM-0030,Digital Banking Unit,Transfer Internal,Internet Banking Corporate,Korporasi / Komersial,301.88,20,4,Ya,Dormant / Pasif >180 Hari,1,Domestik Indonesia,Override Tanpa 2FA,Ya (Anomali),5,4,Pengurasan Rekening Pasif (Dormant Account Drain): Penarikan Dana Besar Tanpa Otentikasi Memadai
PAYM-0031,Bandung Branch,BI-FAST,ATM,Individu / Retail,39.95,21,1,Tidak,Aktif Normal,1,Domestik Indonesia,MFA Biometrik / Token Valid,Tidak,2,2,-
PAYM-0032,Head Office,BI-FAST,Mobile Banking,Individu / Retail,8.04,14,3,Tidak,Aktif Normal,2,Domestik Indonesia,MFA Biometrik / Token Valid,Tidak,1,2,-
PAYM-0033,Digital Banking Unit,BI-FAST,Mobile Banking,Individu / Retail,3.83,9,1,Tidak,Aktif Normal,1,Domestik Indonesia,SMS OTP Standar,Tidak,2,2,-
PAYM-0034,Bandung Branch,BI-FAST,Mobile Banking,Individu / Retail,2.55,20,5,Tidak,Aktif Normal,1,Domestik Indonesia,MFA Biometrik / Token Valid,Tidak,1,2,-
PAYM-0035,Jakarta Branch,BI-FAST,Mobile Banking,Individu / Retail,1905.57,10,6,Ya,Dormant / Pasif >180 Hari,1,Domestik Indonesia,Override Tanpa 2FA,Ya (Anomali),5,4,Pengurasan Rekening Pasif (Dormant Account Drain): Penarikan Dana Besar Tanpa Otentikasi Memadai
PAYM-0036,Bandung Branch,BI-FAST,Mobile Banking,Individu / Retail,46.98,18,2,Tidak,Aktif Normal,1,Domestik Indonesia,MFA Biometrik / Token Valid,Tidak,2,2,-
PAYM-0037,Head Office,BI-FAST,ATM,Individu / Retail,4.78,15,3,Tidak,Aktif Normal,3,Domestik Indonesia,SMS OTP Standar,Tidak,1,1,-
PAYM-0038,Bandung Branch,SWIFT / Remittance Valas,Teller Cabang,Korporasi / Komersial,458.05,8,1,Tidak,Aktif Normal,1,Standard International,MFA Biometrik / Token Valid,Tidak,1,1,-
PAYM-0039,Head Office,Transfer Internal,Internet Banking Corporate,Korporasi / Komersial,1251.87,13,7,Ya,Dormant / Pasif >180 Hari,2,Domestik Indonesia,Override Tanpa 2FA,Ya (Anomali),5,4,Pengurasan Rekening Pasif (Dormant Account Drain): Penarikan Dana Besar Tanpa Otentikasi Memadai
PAYM-0040,Medan Branch,Transfer Internal,Internet Banking Corporate,Korporasi / Komersial,2919.93,1,7,Ya,Aktif Normal,3,Domestik Indonesia,SMS OTP Standar,Ya (Anomali),5,4,Transfer Jumlah Sangat Besar di Dini Hari (Jam 1) Akhir Pekan ke Penerima Baru
PAYM-0041,Digital Banking Unit,BI-FAST,Mobile Banking,Individu / Retail,10.68,10,4,Tidak,Aktif Normal,2,Domestik Indonesia,MFA Biometrik / Token Valid,Tidak,2,1,-
PAYM-0042,Medan Branch,BI-FAST,Mobile Banking,Individu / Retail,14.92,13,5,Tidak,Aktif Normal,3,Domestik Indonesia,MFA Biometrik / Token Valid,Tidak,1,1,-
PAYM-0043,Medan Branch,BI-FAST,Mobile Banking,Individu / Retail,90.26,10,7,Ya,Aktif Normal,18,Domestik Indonesia,Override Tanpa 2FA,Ya (Anomali),5,5,Lonjakan Frekuensi Transaksi Abnormal (Velocity Risk: 18x dalam 24 Jam) ke Penerima Baru
PAYM-0044,Jakarta Branch,BI-FAST,ATM,Individu / Retail,22.37,16,4,Tidak,Aktif Normal,1,Domestik Indonesia,SMS OTP Standar,Tidak,1,2,-
PAYM-0045,Digital Banking Unit,BI-FAST,Mobile Banking,Korporasi / Komersial,621.08,17,2,Tidak,Aktif Normal,2,Domestik Indonesia,MFA Biometrik / Token Valid,Ya (Anomali),4,4,Pelanggaran Limit Kanal Pembayaran: Transaksi BI-FAST Melebihi Batas Maksimal Regulasi Bank Indonesia (>Rp 250 Juta)
PAYM-0046,Surabaya Branch,RTGS,Internet Banking Corporate,Korporasi / Komersial,3377.5,4,6,Ya,Aktif Normal,3,Domestik Indonesia,SMS OTP Standar,Ya (Anomali),5,4,Transfer Jumlah Sangat Besar di Dini Hari (Jam 4) Akhir Pekan ke Penerima Baru
PAYM-0047,Bandung Branch,RTGS,API Host-to-Host,Korporasi / Komersial,161.05,9,2,Tidak,Aktif Normal,1,Domestik Indonesia,MFA Biometrik / Token Valid,Tidak,1,1,-
PAYM-0048,Surabaya Branch,Transfer Internal,ATM,Individu / Retail,22.97,18,5,Tidak,Aktif Normal,2,Domestik Indonesia,MFA Biometrik / Token Valid,Tidak,1,1,-
PAYM-0049,Jakarta Branch,Transfer Internal,ATM,Individu / Retail,82.2,12,1,Tidak,Akun Baru <7 Hari,1,Domestik Indonesia,MFA Biometrik / Token Valid,Tidak,1,2,-
PAYM-0050,Jakarta Branch,BI-FAST,Mobile Banking,Individu / Retail,8.79,20,5,Tidak,Aktif Normal,1,Domestik Indonesia,MFA Biometrik / Token Valid,Tidak,1,2,-
PAYM-0051,Surabaya Branch,BI-FAST,Mobile Banking,Individu / Retail,56.17,9,2,Tidak,Aktif Normal,1,Domestik Indonesia,SMS OTP Standar,Tidak,2,1,-
PAYM-0052,Digital Banking Unit,Transfer Internal,Mobile Banking,Individu / Retail,1040.56,21,3,Ya,Dormant / Pasif >180 Hari,2,Domestik Indonesia,Override Tanpa 2FA,Ya (Anomali),5,4,Pengurasan Rekening Pasif (Dormant Account Drain): Penarikan Dana Besar Tanpa Otentikasi Memadai
PAYM-0053,Head Office,BI-FAST,ATM,Individu / Retail,4.23,7,5,Tidak,Aktif Normal,1,Domestik Indonesia,SMS OTP Standar,Tidak,2,1,-
PAYM-0054,Medan Branch,BI-FAST,ATM,Individu / Retail,2888.84,23,6,Ya,Aktif Normal,1,Domestik Indonesia,Override Tanpa 2FA,Ya (Anomali),5,4,Transfer Jumlah Sangat Besar di Dini Hari (Jam 23) Akhir Pekan ke Penerima Baru
PAYM-0055,Digital Banking Unit,RTGS,Internet Banking Corporate,Korporasi / Komersial,199.27,10,4,Tidak,Aktif Normal,1,Domestik Indonesia,SMS OTP Standar,Tidak,2,1,-
PAYM-0056,Head Office,RTGS,API Host-to-Host,Korporasi / Komersial,323.93,16,3,Tidak,Aktif Normal,3,Domestik Indonesia,MFA Biometrik / Token Valid,Tidak,1,1,-
PAYM-0057,Surabaya Branch,Transfer Internal,Mobile Banking,Individu / Retail,57.94,17,4,Tidak,Aktif Normal,2,Domestik Indonesia,MFA Biometrik / Token Valid,Tidak,1,1,-
PAYM-0058,Surabaya Branch,BI-FAST,Mobile Banking,Individu / Retail,8.04,19,2,Ya,Akun Baru <7 Hari,2,Domestik Indonesia,SMS OTP Standar,Tidak,1,2,-
PAYM-0059,Surabaya Branch,Transfer Internal,ATM,Individu / Retail,16.13,12,2,Tidak,Aktif Normal,1,Domestik Indonesia,SMS OTP Standar,Tidak,1,2,-
PAYM-0060,Surabaya Branch,RTGS,Teller Cabang,Korporasi / Komersial,203.71,14,5,Tidak,Akun Baru <7 Hari,1,Domestik Indonesia,MFA Biometrik / Token Valid,Tidak,1,1,-
PAYM-0061,Digital Banking Unit,SKN / Kliring,Mobile Banking,Individu / Retail,29.41,7,4,Tidak,Aktif Normal,1,Domestik Indonesia,MFA Biometrik / Token Valid,Tidak,2,1,-
PAYM-0062,Digital Banking Unit,BI-FAST,Mobile Banking,Individu / Retail,13.88,12,3,Tidak,Akun Baru <7 Hari,1,Domestik Indonesia,MFA Biometrik / Token Valid,Tidak,2,1,-
PAYM-0063,Medan Branch,Transfer Internal,API Host-to-Host,Korporasi / Komersial,108.77,15,5,Ya,Aktif Normal,1,Domestik Indonesia,MFA Biometrik / Token Valid,Tidak,1,2,-
PAYM-0064,Head Office,SWIFT / Remittance Valas,API Host-to-Host,Korporasi / Komersial,1042.45,16,2,Tidak,Aktif Normal,3,Standard International,SMS OTP Standar,Tidak,1,1,-
PAYM-0065,Jakarta Branch,BI-FAST,Mobile Banking,Individu / Retail,3.16,16,4,Tidak,Aktif Normal,2,Domestik Indonesia,SMS OTP Standar,Tidak,2,1,-
PAYM-0066,Jakarta Branch,Transfer Internal,Mobile Banking,Individu / Retail,13.14,19,5,Tidak,Akun Baru <7 Hari,1,Domestik Indonesia,MFA Biometrik / Token Valid,Tidak,2,1,-
PAYM-0067,Bandung Branch,BI-FAST,Mobile Banking,Individu / Retail,69.13,14,3,Tidak,Aktif Normal,1,Domestik Indonesia,SMS OTP Standar,Tidak,1,1,-
PAYM-0068,Medan Branch,BI-FAST,Mobile Banking,Individu / Retail,27.7,20,1,Ya,Aktif Normal,1,Domestik Indonesia,MFA Biometrik / Token Valid,Tidak,2,1,-
PAYM-0069,Digital Banking Unit,SWIFT / Remittance Valas,Internet Banking Corporate,Korporasi / Komersial,136.37,21,5,Tidak,Aktif Normal,4,Standard International,MFA Biometrik / Token Valid,Tidak,1,1,-
PAYM-0070,Jakarta Branch,SKN / Kliring,Teller Cabang,Korporasi / Komersial,122.42,18,2,Tidak,Aktif Normal,1,Domestik Indonesia,MFA Biometrik / Token Valid,Tidak,2,1,-
PAYM-0071,Head Office,BI-FAST,Mobile Banking,Individu / Retail,51.51,8,2,Tidak,Aktif Normal,1,Domestik Indonesia,MFA Biometrik / Token Valid,Tidak,1,2,-
PAYM-0072,Jakarta Branch,Transfer Internal,ATM,Individu / Retail,58.89,14,3,Tidak,Aktif Normal,1,Domestik Indonesia,SMS OTP Standar,Tidak,1,1,-
PAYM-0073,Surabaya Branch,BI-FAST,Mobile Banking,Individu / Retail,0.73,17,5,Tidak,Akun Baru <7 Hari,3,Domestik Indonesia,MFA Biometrik / Token Valid,Tidak,2,2,-
PAYM-0074,Head Office,SKN / Kliring,Mobile Banking,Individu / Retail,24.66,16,5,Tidak,Aktif Normal,2,Domestik Indonesia,MFA Biometrik / Token Valid,Tidak,2,1,-
PAYM-0075,Digital Banking Unit,BI-FAST,ATM,Individu / Retail,17.12,9,3,Tidak,Aktif Normal,2,Domestik Indonesia,MFA Biometrik / Token Valid,Tidak,2,1,-
PAYM-0076,Head Office,BI-FAST,ATM,Individu / Retail,17.58,18,3,Ya,Aktif Normal,3,Domestik Indonesia,MFA Biometrik / Token Valid,Tidak,2,2,-
PAYM-0077,Surabaya Branch,BI-FAST,Mobile Banking,Individu / Retail,0.7,7,7,Ya,Aktif Normal,1,Domestik Indonesia,MFA Biometrik / Token Valid,Tidak,1,2,-
PAYM-0078,Jakarta Branch,BI-FAST,Mobile Banking,Individu / Retail,12.73,21,2,Tidak,Aktif Normal,1,Domestik Indonesia,MFA Biometrik / Token Valid,Tidak,1,1,-
PAYM-0079,Jakarta Branch,BI-FAST,ATM,Individu / Retail,5.38,8,3,Ya,Aktif Normal,1,Domestik Indonesia,MFA Biometrik / Token Valid,Tidak,1,2,-
PAYM-0080,Digital Banking Unit,BI-FAST,Mobile Banking,Individu / Retail,493.65,11,3,Ya,Dormant / Pasif >180 Hari,2,Domestik Indonesia,Override Tanpa 2FA,Ya (Anomali),5,5,Pengurasan Rekening Pasif (Dormant Account Drain): Penarikan Dana Besar Tanpa Otentikasi Memadai
PAYM-0081,Jakarta Branch,Transfer Internal,ATM,Individu / Retail,9.39,12,1,Ya,Aktif Normal,3,Domestik Indonesia,MFA Biometrik / Token Valid,Tidak,1,1,-
PAYM-0082,Jakarta Branch,BI-FAST,Mobile Banking,Individu / Retail,33.57,7,1,Ya,Aktif Normal,4,Domestik Indonesia,SMS OTP Standar,Tidak,1,2,-
PAYM-0083,Medan Branch,BI-FAST,Mobile Banking,Individu / Retail,9.03,15,1,Tidak,Aktif Normal,3,Domestik Indonesia,MFA Biometrik / Token Valid,Tidak,2,2,-
PAYM-0084,Head Office,BI-FAST,Teller Cabang,Individu / Retail,970.1,4,6,Ya,Aktif Normal,3,Domestik Indonesia,Override Tanpa 2FA,Ya (Anomali),5,4,Transfer Jumlah Sangat Besar di Dini Hari (Jam 4) Akhir Pekan ke Penerima Baru
PAYM-0085,Jakarta Branch,RTGS,API Host-to-Host,Korporasi / Komersial,879.49,8,3,Tidak,Aktif Normal,1,Domestik Indonesia,SMS OTP Standar,Tidak,1,2,-
PAYM-0086,Medan Branch,RTGS,Internet Banking Corporate,Korporasi / Komersial,1052.87,17,4,Tidak,Aktif Normal,1,Domestik Indonesia,MFA Biometrik / Token Valid,Tidak,1,2,-
PAYM-0087,Surabaya Branch,Transfer Internal,ATM,Individu / Retail,28.07,16,2,Tidak,Aktif Normal,1,Domestik Indonesia,MFA Biometrik / Token Valid,Tidak,1,1,-
PAYM-0088,Medan Branch,Transfer Internal,Internet Banking Corporate,Korporasi / Komersial,172.81,19,2,Tidak,Aktif Normal,1,Domestik Indonesia,SMS OTP Standar,Tidak,1,1,-
PAYM-0089,Medan Branch,RTGS,API Host-to-Host,Korporasi / Komersial,211.83,7,5,Tidak,Aktif Normal,1,Domestik Indonesia,MFA Biometrik / Token Valid,Tidak,2,1,-
PAYM-0090,Digital Banking Unit,BI-FAST,ATM,Individu / Retail,82.58,9,5,Tidak,Aktif Normal,2,Domestik Indonesia,MFA Biometrik / Token Valid,Tidak,2,2,-
PAYM-0091,Bandung Branch,Transfer Internal,ATM,Individu / Retail,193.98,12,2,Ya,Aktif Normal,17,Domestik Indonesia,SMS OTP Standar,Ya (Anomali),4,5,Lonjakan Frekuensi Transaksi Abnormal (Velocity Risk: 17x dalam 24 Jam) ke Penerima Baru
PAYM-0092,Jakarta Branch,Transfer Internal,Mobile Banking,Individu / Retail,47.71,16,5,Ya,Aktif Normal,3,Domestik Indonesia,MFA Biometrik / Token Valid,Tidak,1,1,-
PAYM-0093,Jakarta Branch,RTGS,Internet Banking Corporate,Korporasi / Komersial,917.76,18,1,Tidak,Aktif Normal,2,Domestik Indonesia,MFA Biometrik / Token Valid,Tidak,2,1,-
PAYM-0094,Digital Banking Unit,RTGS,Internet Banking Corporate,Korporasi / Komersial,1473.68,10,3,Tidak,Aktif Normal,1,Domestik Indonesia,MFA Biometrik / Token Valid,Tidak,1,1,-
PAYM-0095,Head Office,Transfer Internal,Teller Cabang,Individu / Retail,6.11,14,2,Tidak,Aktif Normal,2,Domestik Indonesia,MFA Biometrik / Token Valid,Tidak,1,1,-
PAYM-0096,Head Office,RTGS,Internet Banking Corporate,Korporasi / Komersial,21.77,18,3,Ya,Aktif Normal,2,Domestik Indonesia,MFA Biometrik / Token Valid,Tidak,1,1,-
PAYM-0097,Bandung Branch,RTGS,Teller Cabang,Korporasi / Komersial,134.92,9,1,Tidak,Aktif Normal,3,Domestik Indonesia,SMS OTP Standar,Tidak,1,2,-
PAYM-0098,Head Office,SKN / Kliring,Mobile Banking,Individu / Retail,15.35,21,2,Tidak,Aktif Normal,1,Domestik Indonesia,MFA Biometrik / Token Valid,Tidak,1,1,-
PAYM-0099,Bandung Branch,RTGS,Internet Banking Corporate,Korporasi / Komersial,42.54,19,4,Tidak,Aktif Normal,2,Domestik Indonesia,SMS OTP Standar,Tidak,1,1,-
PAYM-0100,Bandung Branch,BI-FAST,ATM,Individu / Retail,20.26,12,3,Ya,Aktif Normal,1,Domestik Indonesia,MFA Biometrik / Token Valid,Tidak,2,2,-
PAYM-0101,Surabaya Branch,Transfer Internal,Mobile Banking,Individu / Retail,10.92,12,1,Ya,Aktif Normal,2,Domestik Indonesia,MFA Biometrik / Token Valid,Tidak,1,1,-
PAYM-0102,Surabaya Branch,SKN / Kliring,Internet Banking Corporate,Korporasi / Komersial,122.87,11,7,Tidak,Aktif Normal,3,Domestik Indonesia,MFA Biometrik / Token Valid,Tidak,1,1,-
PAYM-0103,Medan Branch,BI-FAST,Mobile Banking,Individu / Retail,34.57,8,3,Tidak,Aktif Normal,2,Domestik Indonesia,SMS OTP Standar,Tidak,2,1,-
PAYM-0104,Surabaya Branch,Transfer Internal,ATM,Individu / Retail,16.23,8,1,Tidak,Aktif Normal,1,Domestik Indonesia,MFA Biometrik / Token Valid,Tidak,2,1,-
PAYM-0105,Surabaya Branch,BI-FAST,Mobile Banking,Individu / Retail,5.14,14,1,Tidak,Akun Baru <7 Hari,1,Domestik Indonesia,MFA Biometrik / Token Valid,Tidak,2,2,-
PAYM-0106,Medan Branch,BI-FAST,Mobile Banking,Individu / Retail,1.83,14,2,Tidak,Aktif Normal,3,Domestik Indonesia,MFA Biometrik / Token Valid,Tidak,1,1,-
PAYM-0107,Jakarta Branch,SWIFT / Remittance Valas,Teller Cabang,Korporasi / Komersial,346.03,16,4,Tidak,Aktif Normal,2,Standard International,MFA Biometrik / Token Valid,Tidak,1,1,-
PAYM-0108,Head Office,BI-FAST,ATM,Individu / Retail,2.78,13,3,Tidak,Akun Baru <7 Hari,2,Domestik Indonesia,MFA Biometrik / Token Valid,Tidak,1,1,-
PAYM-0109,Bandung Branch,SWIFT / Remittance Valas,Internet Banking Corporate,Korporasi / Komersial,78.44,8,1,Tidak,Aktif Normal,1,Standard International,MFA Biometrik / Token Valid,Tidak,1,2,-
PAYM-0110,Head Office,SKN / Kliring,API Host-to-Host,Korporasi / Komersial,248.7,21,3,Ya,Aktif Normal,1,Domestik Indonesia,MFA Biometrik / Token Valid,Tidak,1,1,-
PAYM-0111,Jakarta Branch,BI-FAST,Mobile Banking,Individu / Retail,15.57,21,3,Ya,Aktif Normal,2,Domestik Indonesia,SMS OTP Standar,Tidak,1,2,-
PAYM-0112,Bandung Branch,RTGS,Internet Banking Corporate,Korporasi / Komersial,86.56,22,6,Ya,Aktif Normal,1,Domestik Indonesia,MFA Biometrik / Token Valid,Tidak,1,1,-
PAYM-0113,Jakarta Branch,BI-FAST,Mobile Banking,Individu / Retail,11.1,15,2,Ya,Aktif Normal,1,Domestik Indonesia,MFA Biometrik / Token Valid,Tidak,2,1,-
PAYM-0114,Medan Branch,SKN / Kliring,Internet Banking Corporate,Korporasi / Komersial,408.92,9,4,Tidak,Aktif Normal,1,Domestik Indonesia,MFA Biometrik / Token Valid,Tidak,1,1,-
PAYM-0115,Medan Branch,Transfer Internal,Internet Banking Corporate,Korporasi / Komersial,126.47,17,5,Tidak,Aktif Normal,1,Domestik Indonesia,MFA Biometrik / Token Valid,Tidak,1,1,-
PAYM-0116,Jakarta Branch,SKN / Kliring,Internet Banking Corporate,Korporasi / Komersial,514.91,15,1,Tidak,Aktif Normal,2,Domestik Indonesia,MFA Biometrik / Token Valid,Tidak,1,1,-
PAYM-0117,Jakarta Branch,BI-FAST,Mobile Banking,Individu / Retail,11.92,7,2,Tidak,Aktif Normal,1,Domestik Indonesia,MFA Biometrik / Token Valid,Tidak,2,1,-
PAYM-0118,Bandung Branch,BI-FAST,Mobile Banking,Individu / Retail,10.34,13,5,Tidak,Aktif Normal,2,Domestik Indonesia,MFA Biometrik / Token Valid,Tidak,1,1,-
PAYM-0119,Surabaya Branch,BI-FAST,Mobile Banking,Individu / Retail,311.3,10,1,Tidak,Aktif Normal,2,Domestik Indonesia,MFA Biometrik / Token Valid,Ya (Anomali),4,3,Pelanggaran Limit Kanal Pembayaran: Transaksi BI-FAST Melebihi Batas Maksimal Regulasi Bank Indonesia (>Rp 250 Juta)
PAYM-0120,Surabaya Branch,SKN / Kliring,Teller Cabang,Korporasi / Komersial,527.72,12,1,Tidak,Aktif Normal,2,Domestik Indonesia,MFA Biometrik / Token Valid,Tidak,1,2,-
PAYM-0121,Medan Branch,SWIFT / Remittance Valas,API Host-to-Host,Korporasi / Komersial,79.24,13,4,Tidak,Aktif Normal,1,Standard International,SMS OTP Standar,Tidak,2,1,-
PAYM-0122,Medan Branch,RTGS,Internet Banking Corporate,Korporasi / Komersial,334.03,20,5,Ya,Aktif Normal,1,Domestik Indonesia,MFA Biometrik / Token Valid,Tidak,1,1,-
PAYM-0123,Head Office,BI-FAST,Mobile Banking,Individu / Retail,9.48,10,5,Tidak,Aktif Normal,1,Domestik Indonesia,MFA Biometrik / Token Valid,Tidak,1,1,-
PAYM-0124,Surabaya Branch,Transfer Internal,Teller Cabang,Korporasi / Komersial,552.4,19,1,Tidak,Aktif Normal,1,Domestik Indonesia,MFA Biometrik / Token Valid,Tidak,1,1,-
PAYM-0125,Bandung Branch,SKN / Kliring,Mobile Banking,Individu / Retail,42.36,12,3,Tidak,Aktif Normal,2,Domestik Indonesia,MFA Biometrik / Token Valid,Tidak,1,1,-
PAYM-0126,Medan Branch,BI-FAST,Mobile Banking,Individu / Retail,9.46,19,5,Tidak,Aktif Normal,3,Domestik Indonesia,MFA Biometrik / Token Valid,Tidak,2,1,-
PAYM-0127,Digital Banking Unit,BI-FAST,Mobile Banking,Individu / Retail,5.89,17,3,Tidak,Aktif Normal,3,Domestik Indonesia,MFA Biometrik / Token Valid,Tidak,1,1,-
PAYM-0128,Digital Banking Unit,BI-FAST,ATM,Individu / Retail,20.44,17,6,Tidak,Aktif Normal,2,Domestik Indonesia,MFA Biometrik / Token Valid,Tidak,1,1,-
PAYM-0129,Head Office,RTGS,Internet Banking Corporate,Korporasi / Komersial,335.84,8,1,Tidak,Aktif Normal,2,Domestik Indonesia,SMS OTP Standar,Tidak,1,2,-
PAYM-0130,Jakarta Branch,Transfer Internal,Mobile Banking,Individu / Retail,28.72,8,3,Tidak,Aktif Normal,2,Domestik Indonesia,MFA Biometrik / Token Valid,Tidak,2,1,-
PAYM-0131,Bandung Branch,BI-FAST,Mobile Banking,Individu / Retail,10.04,11,2,Tidak,Akun Baru <7 Hari,1,Domestik Indonesia,MFA Biometrik / Token Valid,Tidak,1,2,-
PAYM-0132,Digital Banking Unit,SKN / Kliring,Internet Banking Corporate,Korporasi / Komersial,131.99,13,5,Tidak,Aktif Normal,1,Domestik Indonesia,SMS OTP Standar,Tidak,1,1,-
PAYM-0133,Head Office,BI-FAST,Mobile Banking,Individu / Retail,2.48,15,2,Tidak,Aktif Normal,1,Domestik Indonesia,SMS OTP Standar,Tidak,1,1,-
PAYM-0134,Medan Branch,BI-FAST,Mobile Banking,Individu / Retail,16.47,21,5,Tidak,Aktif Normal,1,Domestik Indonesia,MFA Biometrik / Token Valid,Tidak,1,1,-
PAYM-0135,Jakarta Branch,BI-FAST,ATM,Individu / Retail,1.48,15,4,Tidak,Aktif Normal,1,Domestik Indonesia,SMS OTP Standar,Tidak,1,1,-
PAYM-0136,Bandung Branch,Transfer Internal,Mobile Banking,Individu / Retail,29.63,8,2,Tidak,Aktif Normal,2,Domestik Indonesia,SMS OTP Standar,Tidak,1,1,-
PAYM-0137,Head Office,BI-FAST,Mobile Banking,Individu / Retail,8.14,12,1,Tidak,Aktif Normal,1,Domestik Indonesia,MFA Biometrik / Token Valid,Tidak,2,1,-
PAYM-0138,Jakarta Branch,BI-FAST,Mobile Banking,Individu / Retail,16.97,16,5,Tidak,Aktif Normal,1,Domestik Indonesia,MFA Biometrik / Token Valid,Tidak,1,1,-
PAYM-0139,Jakarta Branch,BI-FAST,ATM,Individu / Retail,19.1,7,5,Ya,Aktif Normal,1,Domestik Indonesia,MFA Biometrik / Token Valid,Tidak,1,2,-
PAYM-0140,Jakarta Branch,Transfer Internal,Internet Banking Corporate,Korporasi / Komersial,526.33,13,1,Tidak,Aktif Normal,4,Domestik Indonesia,MFA Biometrik / Token Valid,Tidak,1,1,-
PAYM-0141,Jakarta Branch,SWIFT / Remittance Valas,Internet Banking Corporate,Korporasi / Komersial,2482.98,1,7,Ya,Aktif Normal,2,Domestik Indonesia,SMS OTP Standar,Ya (Anomali),5,4,Transfer Jumlah Sangat Besar di Dini Hari (Jam 1) Akhir Pekan ke Penerima Baru
PAYM-0142,Head Office,BI-FAST,Mobile Banking,Individu / Retail,31.16,14,4,Tidak,Aktif Normal,1,Domestik Indonesia,MFA Biometrik / Token Valid,Tidak,1,1,-
PAYM-0143,Head Office,Transfer Internal,Mobile Banking,Individu / Retail,43.64,14,4,Tidak,Aktif Normal,2,Domestik Indonesia,MFA Biometrik / Token Valid,Tidak,2,1,-
PAYM-0144,Jakarta Branch,BI-FAST,Mobile Banking,Individu / Retail,48.3,20,1,Tidak,Aktif Normal,1,Domestik Indonesia,MFA Biometrik / Token Valid,Tidak,1,2,-
PAYM-0145,Digital Banking Unit,SKN / Kliring,Internet Banking Corporate,Korporasi / Komersial,664.47,18,2,Tidak,Aktif Normal,1,Domestik Indonesia,SMS OTP Standar,Tidak,1,2,-
PAYM-0146,Head Office,SKN / Kliring,API Host-to-Host,Korporasi / Komersial,559.22,15,3,Tidak,Aktif Normal,1,Domestik Indonesia,SMS OTP Standar,Tidak,1,1,-
PAYM-0147,Bandung Branch,Transfer Internal,API Host-to-Host,Korporasi / Komersial,284.13,20,3,Tidak,Aktif Normal,2,Domestik Indonesia,MFA Biometrik / Token Valid,Tidak,2,2,-
PAYM-0148,Jakarta Branch,BI-FAST,ATM,Individu / Retail,489.29,9,1,Tidak,Aktif Normal,9,Domestik Indonesia,MFA Biometrik / Token Valid,Ya (Anomali),5,5,Indikasi Smurfing / Structuring: Transaksi Terpecah Berulang Tepat di Bawah Batas Lapor PPATK Rp 500 Juta (489.29 Juta)
PAYM-0149,Head Office,BI-FAST,ATM,Individu / Retail,2517.08,0,6,Ya,Aktif Normal,1,Domestik Indonesia,SMS OTP Standar,Ya (Anomali),5,4,Transfer Jumlah Sangat Besar di Dini Hari (Jam 0) Akhir Pekan ke Penerima Baru
PAYM-0150,Jakarta Branch,Transfer Internal,Mobile Banking,Individu / Retail,12.0,15,1,Tidak,Aktif Normal,1,Domestik Indonesia,MFA Biometrik / Token Valid,Tidak,1,2,-
PAYM-0151,Head Office,RTGS,Internet Banking Corporate,Korporasi / Komersial,118.45,20,1,Tidak,Aktif Normal,3,Domestik Indonesia,SMS OTP Standar,Tidak,1,1,-
PAYM-0152,Surabaya Branch,BI-FAST,Mobile Banking,Individu / Retail,6.85,13,2,Tidak,Aktif Normal,1,Domestik Indonesia,SMS OTP Standar,Tidak,1,1,-
PAYM-0153,Medan Branch,RTGS,API Host-to-Host,Korporasi / Komersial,124.26,19,1,Tidak,Aktif Normal,1,Domestik Indonesia,MFA Biometrik / Token Valid,Tidak,1,2,-
PAYM-0154,Bandung Branch,BI-FAST,Mobile Banking,Individu / Retail,14.02,11,4,Ya,Aktif Normal,1,Domestik Indonesia,SMS OTP Standar,Tidak,2,1,-
PAYM-0155,Surabaya Branch,BI-FAST,Mobile Banking,Individu / Retail,289.28,15,4,Tidak,Aktif Normal,1,Domestik Indonesia,MFA Biometrik / Token Valid,Ya (Anomali),4,3,Pelanggaran Limit Kanal Pembayaran: Transaksi BI-FAST Melebihi Batas Maksimal Regulasi Bank Indonesia (>Rp 250 Juta)
PAYM-0156,Jakarta Branch,Transfer Internal,Mobile Banking,Individu / Retail,1.31,19,5,Tidak,Aktif Normal,3,Domestik Indonesia,MFA Biometrik / Token Valid,Tidak,1,2,-
PAYM-0157,Bandung Branch,BI-FAST,Mobile Banking,Individu / Retail,19.4,16,4,Tidak,Aktif Normal,2,Domestik Indonesia,MFA Biometrik / Token Valid,Tidak,1,1,-
PAYM-0158,Jakarta Branch,BI-FAST,Mobile Banking,Individu / Retail,15.33,8,5,Tidak,Aktif Normal,1,Domestik Indonesia,MFA Biometrik / Token Valid,Tidak,1,1,-
PAYM-0159,Surabaya Branch,SWIFT / Remittance Valas,API Host-to-Host,Korporasi / Komersial,381.61,21,3,Tidak,Aktif Normal,3,Standard International,MFA Biometrik / Token Valid,Tidak,1,1,-
PAYM-0160,Bandung Branch,Transfer Internal,Mobile Banking,Individu / Retail,19.89,10,2,Tidak,Aktif Normal,3,Domestik Indonesia,MFA Biometrik / Token Valid,Tidak,2,1,-
PAYM-0161,Surabaya Branch,BI-FAST,Mobile Banking,Individu / Retail,5.67,20,1,Tidak,Aktif Normal,1,Domestik Indonesia,MFA Biometrik / Token Valid,Tidak,2,1,-
PAYM-0162,Digital Banking Unit,BI-FAST,Mobile Banking,Individu / Retail,5.63,14,4,Ya,Aktif Normal,1,Domestik Indonesia,MFA Biometrik / Token Valid,Tidak,2,1,-
PAYM-0163,Head Office,RTGS,Internet Banking Corporate,Korporasi / Komersial,325.03,23,6,Ya,Aktif Normal,27,Domestik Indonesia,SMS OTP Standar,Ya (Anomali),4,5,Lonjakan Frekuensi Transaksi Abnormal (Velocity Risk: 27x dalam 24 Jam) ke Penerima Baru
PAYM-0164,Jakarta Branch,RTGS,Internet Banking Corporate,Korporasi / Komersial,828.98,13,3,Ya,Aktif Normal,1,Domestik Indonesia,MFA Biometrik / Token Valid,Tidak,1,1,-
PAYM-0165,Jakarta Branch,SKN / Kliring,Mobile Banking,Individu / Retail,27.65,13,2,Ya,Aktif Normal,1,Domestik Indonesia,MFA Biometrik / Token Valid,Tidak,2,1,-
PAYM-0166,Head Office,SWIFT / Remittance Valas,Internet Banking Corporate,Korporasi / Komersial,148.05,11,4,Tidak,Aktif Normal,3,Standard International,MFA Biometrik / Token Valid,Tidak,1,1,-
PAYM-0167,Bandung Branch,SWIFT / Remittance Valas,Internet Banking Corporate,Korporasi / Komersial,231.51,17,5,Tidak,Aktif Normal,1,Standard International,MFA Biometrik / Token Valid,Tidak,1,1,-
PAYM-0168,Head Office,BI-FAST,ATM,Individu / Retail,14.09,8,4,Ya,Aktif Normal,1,Domestik Indonesia,MFA Biometrik / Token Valid,Tidak,1,1,-
PAYM-0169,Digital Banking Unit,Transfer Internal,Mobile Banking,Individu / Retail,8.09,8,1,Tidak,Aktif Normal,1,Domestik Indonesia,MFA Biometrik / Token Valid,Tidak,1,1,-
PAYM-0170,Head Office,SWIFT / Remittance Valas,Internet Banking Corporate,Korporasi / Komersial,199.07,9,2,Tidak,Aktif Normal,1,Standard International,MFA Biometrik / Token Valid,Tidak,1,2,-
PAYM-0171,Jakarta Branch,BI-FAST,ATM,Individu / Retail,28.28,17,3,Tidak,Aktif Normal,1,Domestik Indonesia,MFA Biometrik / Token Valid,Tidak,1,1,-
PAYM-0172,Jakarta Branch,BI-FAST,Mobile Banking,Individu / Retail,14.77,11,4,Tidak,Aktif Normal,1,Domestik Indonesia,MFA Biometrik / Token Valid,Tidak,2,1,-
PAYM-0173,Surabaya Branch,RTGS,Teller Cabang,Korporasi / Komersial,293.19,18,4,Tidak,Aktif Normal,1,Domestik Indonesia,MFA Biometrik / Token Valid,Tidak,2,2,-
PAYM-0174,Jakarta Branch,BI-FAST,Mobile Banking,Individu / Retail,8.58,18,2,Tidak,Aktif Normal,1,Domestik Indonesia,MFA Biometrik / Token Valid,Tidak,1,1,-
PAYM-0175,Surabaya Branch,BI-FAST,Mobile Banking,Individu / Retail,1.94,13,3,Tidak,Aktif Normal,2,Domestik Indonesia,SMS OTP Standar,Tidak,1,1,-
PAYM-0176,Digital Banking Unit,BI-FAST,Mobile Banking,Individu / Retail,1.01,20,3,Tidak,Aktif Normal,1,Domestik Indonesia,MFA Biometrik / Token Valid,Tidak,1,1,-
PAYM-0177,Digital Banking Unit,Transfer Internal,ATM,Individu / Retail,5.32,21,4,Tidak,Aktif Normal,1,Domestik Indonesia,MFA Biometrik / Token Valid,Tidak,1,2,-
PAYM-0178,Medan Branch,SKN / Kliring,ATM,Individu / Retail,9.51,16,1,Tidak,Aktif Normal,1,Domestik Indonesia,MFA Biometrik / Token Valid,Tidak,2,1,-
PAYM-0179,Digital Banking Unit,SWIFT / Remittance Valas,Internet Banking Corporate,Korporasi / Komersial,7787.11,18,1,Ya,Aktif Normal,1,High-Risk Offshore Jurisdiction,MFA Biometrik / Token Valid,Ya (Anomali),5,4,Transfer Valas Lintas Negara ke Yurisdiksi Berisiko Tinggi (High-Risk Offshore Tax Haven)
PAYM-0180,Jakarta Branch,BI-FAST,Mobile Banking,Individu / Retail,13.43,8,4,Ya,Aktif Normal,1,Domestik Indonesia,MFA Biometrik / Token Valid,Tidak,1,1,-
PAYM-0181,Digital Banking Unit,BI-FAST,Mobile Banking,Individu / Retail,11.59,14,5,Tidak,Aktif Normal,1,Domestik Indonesia,SMS OTP Standar,Tidak,1,1,-
PAYM-0182,Surabaya Branch,BI-FAST,Mobile Banking,Individu / Retail,26.25,19,4,Tidak,Aktif Normal,3,Domestik Indonesia,MFA Biometrik / Token Valid,Tidak,2,2,-
PAYM-0183,Medan Branch,Transfer Internal,Internet Banking Corporate,Korporasi / Komersial,326.86,17,3,Tidak,Aktif Normal,1,Domestik Indonesia,SMS OTP Standar,Tidak,1,1,-
PAYM-0184,Head Office,SWIFT / Remittance Valas,Internet Banking Corporate,Korporasi / Komersial,317.2,13,3,Tidak,Aktif Normal,2,Standard International,MFA Biometrik / Token Valid,Tidak,2,1,-
PAYM-0185,Jakarta Branch,BI-FAST,Mobile Banking,Individu / Retail,480.41,14,2,Tidak,Aktif Normal,5,Domestik Indonesia,MFA Biometrik / Token Valid,Ya (Anomali),5,5,Indikasi Smurfing / Structuring: Transaksi Terpecah Berulang Tepat di Bawah Batas Lapor PPATK Rp 500 Juta (480.41 Juta)
PAYM-0186,Surabaya Branch,BI-FAST,Mobile Banking,Individu / Retail,1302.04,1,6,Ya,Aktif Normal,2,Domestik Indonesia,SMS OTP Standar,Ya (Anomali),5,4,Transfer Jumlah Sangat Besar di Dini Hari (Jam 1) Akhir Pekan ke Penerima Baru
PAYM-0187,Head Office,RTGS,Internet Banking Corporate,Korporasi / Komersial,534.07,19,4,Tidak,Aktif Normal,1,Domestik Indonesia,MFA Biometrik / Token Valid,Tidak,2,1,-
PAYM-0188,Digital Banking Unit,RTGS,Internet Banking Corporate,Korporasi / Komersial,124.81,16,3,Tidak,Aktif Normal,2,Domestik Indonesia,MFA Biometrik / Token Valid,Tidak,2,1,-
PAYM-0189,Medan Branch,BI-FAST,Mobile Banking,Individu / Retail,8.65,17,4,Tidak,Aktif Normal,1,Domestik Indonesia,MFA Biometrik / Token Valid,Tidak,1,1,-
PAYM-0190,Medan Branch,Transfer Internal,Mobile Banking,Individu / Retail,60.81,13,1,Tidak,Aktif Normal,1,Domestik Indonesia,MFA Biometrik / Token Valid,Tidak,2,1,-
PAYM-0191,Bandung Branch,Transfer Internal,Internet Banking Corporate,Korporasi / Komersial,29.03,12,1,Tidak,Aktif Normal,1,Domestik Indonesia,MFA Biometrik / Token Valid,Tidak,1,1,-
PAYM-0192,Medan Branch,RTGS,Teller Cabang,Korporasi / Komersial,224.76,6,7,Tidak,Aktif Normal,3,Domestik Indonesia,SMS OTP Standar,Tidak,2,1,-
PAYM-0193,Bandung Branch,Transfer Internal,Teller Cabang,Korporasi / Komersial,258.51,11,2,Tidak,Aktif Normal,1,Domestik Indonesia,SMS OTP Standar,Tidak,1,1,-
PAYM-0194,Digital Banking Unit,BI-FAST,Mobile Banking,Individu / Retail,34.61,15,1,Tidak,Aktif Normal,1,Domestik Indonesia,SMS OTP Standar,Tidak,1,1,-
PAYM-0195,Surabaya Branch,SWIFT / Remittance Valas,API Host-to-Host,Korporasi / Komersial,62.77,8,3,Tidak,Aktif Normal,2,Standard International,SMS OTP Standar,Tidak,1,1,-
PAYM-0196,Digital Banking Unit,BI-FAST,Mobile Banking,Individu / Retail,45.63,21,3,Tidak,Aktif Normal,1,Domestik Indonesia,SMS OTP Standar,Tidak,2,1,-
PAYM-0197,Bandung Branch,BI-FAST,Mobile Banking,Individu / Retail,50.28,12,2,Ya,Aktif Normal,2,Domestik Indonesia,MFA Biometrik / Token Valid,Tidak,2,1,-
PAYM-0198,Head Office,SWIFT / Remittance Valas,Internet Banking Corporate,Korporasi / Komersial,54.1,15,5,Tidak,Aktif Normal,1,Standard International,MFA Biometrik / Token Valid,Tidak,1,2,-
PAYM-0199,Medan Branch,RTGS,Internet Banking Corporate,Korporasi / Komersial,546.01,19,4,Tidak,Aktif Normal,1,Domestik Indonesia,MFA Biometrik / Token Valid,Tidak,2,2,-
PAYM-0200,Head Office,SKN / Kliring,Internet Banking Corporate,Korporasi / Komersial,1424.4,20,5,Tidak,Aktif Normal,2,Domestik Indonesia,MFA Biometrik / Token Valid,Tidak,1,1,-
PAYM-0201,Head Office,RTGS,API Host-to-Host,Korporasi / Komersial,150.86,12,3,Tidak,Aktif Normal,2,Domestik Indonesia,MFA Biometrik / Token Valid,Tidak,1,1,-
PAYM-0202,Medan Branch,SKN / Kliring,Mobile Banking,Individu / Retail,13.15,9,5,Tidak,Aktif Normal,1,Domestik Indonesia,MFA Biometrik / Token Valid,Tidak,1,1,-
PAYM-0203,Surabaya Branch,BI-FAST,Mobile Banking,Individu / Retail,57.6,11,5,Tidak,Aktif Normal,1,Domestik Indonesia,MFA Biometrik / Token Valid,Tidak,1,1,-
PAYM-0204,Head Office,BI-FAST,Mobile Banking,Individu / Retail,1.2,21,5,Tidak,Aktif Normal,2,Domestik Indonesia,MFA Biometrik / Token Valid,Tidak,1,1,-
PAYM-0205,Bandung Branch,BI-FAST,Mobile Banking,Individu / Retail,24.75,16,3,Tidak,Aktif Normal,1,Domestik Indonesia,SMS OTP Standar,Tidak,1,1,-
PAYM-0206,Medan Branch,BI-FAST,Mobile Banking,Individu / Retail,489.12,15,4,Tidak,Aktif Normal,6,Domestik Indonesia,MFA Biometrik / Token Valid,Ya (Anomali),5,5,Indikasi Smurfing / Structuring: Transaksi Terpecah Berulang Tepat di Bawah Batas Lapor PPATK Rp 500 Juta (489.12 Juta)
PAYM-0207,Digital Banking Unit,SKN / Kliring,Internet Banking Corporate,Korporasi / Komersial,485.64,12,5,Ya,Aktif Normal,9,Domestik Indonesia,MFA Biometrik / Token Valid,Ya (Anomali),5,5,Indikasi Smurfing / Structuring: Transaksi Terpecah Berulang Tepat di Bawah Batas Lapor PPATK Rp 500 Juta (485.64 Juta)
PAYM-0208,Bandung Branch,BI-FAST,Mobile Banking,Individu / Retail,9.54,9,1,Tidak,Aktif Normal,3,Domestik Indonesia,MFA Biometrik / Token Valid,Tidak,1,2,-
PAYM-0209,Jakarta Branch,SWIFT / Remittance Valas,Teller Cabang,Korporasi / Komersial,723.69,10,2,Ya,Aktif Normal,1,Standard International,SMS OTP Standar,Tidak,1,1,-
PAYM-0210,Medan Branch,Transfer Internal,Mobile Banking,Individu / Retail,10.9,19,4,Tidak,Aktif Normal,3,Domestik Indonesia,MFA Biometrik / Token Valid,Tidak,2,2,-
PAYM-0211,Head Office,SWIFT / Remittance Valas,Internet Banking Corporate,Korporasi / Komersial,138.79,13,1,Tidak,Aktif Normal,2,Standard International,MFA Biometrik / Token Valid,Tidak,1,1,-
PAYM-0212,Digital Banking Unit,BI-FAST,Mobile Banking,Individu / Retail,18.6,19,1,Tidak,Aktif Normal,1,Domestik Indonesia,MFA Biometrik / Token Valid,Tidak,1,1,-
PAYM-0213,Bandung Branch,BI-FAST,Mobile Banking,Individu / Retail,17.39,20,5,Tidak,Akun Baru <7 Hari,2,Domestik Indonesia,MFA Biometrik / Token Valid,Tidak,1,1,-
PAYM-0214,Medan Branch,BI-FAST,Mobile Banking,Individu / Retail,16.85,8,5,Tidak,Aktif Normal,2,Domestik Indonesia,MFA Biometrik / Token Valid,Tidak,1,2,-
PAYM-0215,Medan Branch,RTGS,Teller Cabang,Korporasi / Komersial,185.8,8,5,Ya,Aktif Normal,2,Domestik Indonesia,SMS OTP Standar,Tidak,2,2,-
PAYM-0216,Jakarta Branch,BI-FAST,Teller Cabang,Individu / Retail,0.64,11,6,Ya,Aktif Normal,1,Domestik Indonesia,SMS OTP Standar,Tidak,1,1,-
PAYM-0217,Jakarta Branch,Transfer Internal,Mobile Banking,Individu / Retail,16.71,12,2,Ya,Aktif Normal,1,Domestik Indonesia,MFA Biometrik / Token Valid,Tidak,2,1,-
PAYM-0218,Jakarta Branch,SKN / Kliring,Internet Banking Corporate,Korporasi / Komersial,1628.49,10,2,Tidak,Aktif Normal,2,Domestik Indonesia,MFA Biometrik / Token Valid,Tidak,1,1,-
PAYM-0219,Bandung Branch,RTGS,Internet Banking Corporate,Korporasi / Komersial,57.86,18,5,Ya,Aktif Normal,1,Domestik Indonesia,MFA Biometrik / Token Valid,Tidak,2,2,-
PAYM-0220,Surabaya Branch,Transfer Internal,Internet Banking Corporate,Korporasi / Komersial,1869.5,9,7,Ya,Dormant / Pasif >180 Hari,1,Domestik Indonesia,Override Tanpa 2FA,Ya (Anomali),5,4,Pengurasan Rekening Pasif (Dormant Account Drain): Penarikan Dana Besar Tanpa Otentikasi Memadai
PAYM-0221,Medan Branch,SKN / Kliring,Mobile Banking,Individu / Retail,227.0,11,2,Ya,Aktif Normal,23,Domestik Indonesia,Override Tanpa 2FA,Ya (Anomali),4,5,Lonjakan Frekuensi Transaksi Abnormal (Velocity Risk: 23x dalam 24 Jam) ke Penerima Baru
PAYM-0222,Digital Banking Unit,BI-FAST,Mobile Banking,Individu / Retail,2.95,13,2,Ya,Aktif Normal,1,Domestik Indonesia,SMS OTP Standar,Tidak,2,1,-
PAYM-0223,Jakarta Branch,SKN / Kliring,Mobile Banking,Individu / Retail,52.38,15,3,Tidak,Aktif Normal,2,Domestik Indonesia,MFA Biometrik / Token Valid,Tidak,2,2,-
PAYM-0224,Jakarta Branch,BI-FAST,Mobile Banking,Individu / Retail,0.88,19,3,Tidak,Aktif Normal,2,Domestik Indonesia,MFA Biometrik / Token Valid,Tidak,2,1,-
PAYM-0225,Surabaya Branch,BI-FAST,Mobile Banking,Individu / Retail,1152.74,2,6,Ya,Aktif Normal,3,Domestik Indonesia,Override Tanpa 2FA,Ya (Anomali),5,5,Transfer Jumlah Sangat Besar di Dini Hari (Jam 2) Akhir Pekan ke Penerima Baru
PAYM-0226,Jakarta Branch,BI-FAST,Mobile Banking,Individu / Retail,5.3,8,2,Tidak,Akun Baru <7 Hari,1,Domestik Indonesia,MFA Biometrik / Token Valid,Tidak,1,1,-
PAYM-0227,Jakarta Branch,BI-FAST,Mobile Banking,Individu / Retail,2.74,7,3,Tidak,Aktif Normal,2,Domestik Indonesia,SMS OTP Standar,Tidak,1,1,-
PAYM-0228,Head Office,BI-FAST,Mobile Banking,Individu / Retail,38.51,18,2,Tidak,Aktif Normal,1,Domestik Indonesia,MFA Biometrik / Token Valid,Tidak,2,1,-
PAYM-0229,Head Office,RTGS,Teller Cabang,Korporasi / Komersial,372.5,13,2,Ya,Aktif Normal,2,Domestik Indonesia,MFA Biometrik / Token Valid,Tidak,2,2,-
PAYM-0230,Surabaya Branch,RTGS,Internet Banking Corporate,Korporasi / Komersial,575.37,8,3,Tidak,Aktif Normal,1,Domestik Indonesia,MFA Biometrik / Token Valid,Tidak,2,2,-
PAYM-0231,Head Office,SWIFT / Remittance Valas,API Host-to-Host,Korporasi / Komersial,271.3,13,3,Ya,Aktif Normal,1,Standard International,MFA Biometrik / Token Valid,Tidak,1,1,-
PAYM-0232,Surabaya Branch,BI-FAST,ATM,Individu / Retail,7.02,21,2,Tidak,Aktif Normal,1,Domestik Indonesia,MFA Biometrik / Token Valid,Tidak,1,1,-
PAYM-0233,Bandung Branch,BI-FAST,Mobile Banking,Individu / Retail,14.42,11,3,Tidak,Aktif Normal,2,Domestik Indonesia,MFA Biometrik / Token Valid,Tidak,2,1,-
PAYM-0234,Bandung Branch,BI-FAST,ATM,Individu / Retail,25.97,17,5,Tidak,Aktif Normal,1,Domestik Indonesia,MFA Biometrik / Token Valid,Tidak,2,1,-
PAYM-0235,Head Office,Transfer Internal,Mobile Banking,Individu / Retail,30.85,16,5,Tidak,Akun Baru <7 Hari,1,Domestik Indonesia,MFA Biometrik / Token Valid,Tidak,1,2,-
PAYM-0236,Head Office,RTGS,Teller Cabang,Korporasi / Komersial,407.02,18,5,Tidak,Aktif Normal,2,Domestik Indonesia,SMS OTP Standar,Tidak,1,1,-
PAYM-0237,Digital Banking Unit,Transfer Internal,Mobile Banking,Individu / Retail,4.56,20,1,Ya,Aktif Normal,4,Domestik Indonesia,MFA Biometrik / Token Valid,Tidak,2,1,-
PAYM-0238,Medan Branch,BI-FAST,Teller Cabang,Individu / Retail,8.83,19,3,Tidak,Aktif Normal,2,Domestik Indonesia,MFA Biometrik / Token Valid,Tidak,1,1,-
PAYM-0239,Digital Banking Unit,BI-FAST,Mobile Banking,Individu / Retail,19.16,13,4,Tidak,Aktif Normal,1,Domestik Indonesia,MFA Biometrik / Token Valid,Tidak,1,1,-
PAYM-0240,Medan Branch,SKN / Kliring,Mobile Banking,Individu / Retail,3.47,13,2,Tidak,Aktif Normal,1,Domestik Indonesia,MFA Biometrik / Token Valid,Tidak,1,1,-
PAYM-0241,Head Office,SKN / Kliring,API Host-to-Host,Korporasi / Komersial,278.07,16,1,Tidak,Aktif Normal,2,Domestik Indonesia,MFA Biometrik / Token Valid,Tidak,1,1,-
PAYM-0242,Digital Banking Unit,Transfer Internal,Mobile Banking,Individu / Retail,27.65,18,3,Tidak,Aktif Normal,2,Domestik Indonesia,MFA Biometrik / Token Valid,Tidak,2,1,-
PAYM-0243,Jakarta Branch,BI-FAST,Mobile Banking,Individu / Retail,3.99,14,2,Ya,Aktif Normal,4,Domestik Indonesia,MFA Biometrik / Token Valid,Tidak,1,2,-
PAYM-0244,Medan Branch,Transfer Internal,Mobile Banking,Individu / Retail,44.12,14,1,Tidak,Aktif Normal,3,Domestik Indonesia,MFA Biometrik / Token Valid,Tidak,1,1,-
PAYM-0245,Jakarta Branch,BI-FAST,Mobile Banking,Individu / Retail,6.57,12,5,Tidak,Aktif Normal,1,Domestik Indonesia,SMS OTP Standar,Tidak,1,1,-
PAYM-0246,Bandung Branch,Transfer Internal,Mobile Banking,Individu / Retail,8.43,13,3,Tidak,Aktif Normal,2,Domestik Indonesia,MFA Biometrik / Token Valid,Tidak,1,2,-
PAYM-0247,Bandung Branch,BI-FAST,Mobile Banking,Individu / Retail,7.16,11,4,Tidak,Aktif Normal,1,Domestik Indonesia,MFA Biometrik / Token Valid,Tidak,2,1,-
PAYM-0248,Jakarta Branch,RTGS,Internet Banking Corporate,Korporasi / Komersial,217.2,16,4,Tidak,Aktif Normal,2,Domestik Indonesia,MFA Biometrik / Token Valid,Tidak,1,2,-
PAYM-0249,Surabaya Branch,Transfer Internal,API Host-to-Host,Korporasi / Komersial,188.81,8,1,Tidak,Aktif Normal,2,Domestik Indonesia,MFA Biometrik / Token Valid,Tidak,1,2,-
PAYM-0250,Bandung Branch,BI-FAST,Mobile Banking,Individu / Retail,1.76,19,5,Tidak,Aktif Normal,2,Domestik Indonesia,SMS OTP Standar,Tidak,1,1,-
PAYM-0251,Bandung Branch,BI-FAST,Mobile Banking,Individu / Retail,7.83,13,3,Tidak,Aktif Normal,2,Domestik Indonesia,SMS OTP Standar,Tidak,1,1,-
PAYM-0252,Surabaya Branch,Transfer Internal,ATM,Individu / Retail,49.5,10,2,Tidak,Aktif Normal,3,Domestik Indonesia,MFA Biometrik / Token Valid,Tidak,2,1,-
PAYM-0253,Bandung Branch,RTGS,Internet Banking Corporate,Korporasi / Komersial,1309.83,21,3,Tidak,Akun Baru <7 Hari,1,Domestik Indonesia,MFA Biometrik / Token Valid,Tidak,1,2,-
PAYM-0254,Head Office,Transfer Internal,ATM,Individu / Retail,25.05,14,3,Tidak,Aktif Normal,1,Domestik Indonesia,SMS OTP Standar,Tidak,1,1,-
PAYM-0255,Jakarta Branch,BI-FAST,Mobile Banking,Individu / Retail,590.31,8,2,Tidak,Aktif Normal,1,Domestik Indonesia,MFA Biometrik / Token Valid,Ya (Anomali),4,3,Pelanggaran Limit Kanal Pembayaran: Transaksi BI-FAST Melebihi Batas Maksimal Regulasi Bank Indonesia (>Rp 250 Juta)
PAYM-0256,Head Office,RTGS,Internet Banking Corporate,Korporasi / Komersial,97.46,14,1,Tidak,Aktif Normal,1,Domestik Indonesia,MFA Biometrik / Token Valid,Tidak,2,1,-
PAYM-0257,Digital Banking Unit,BI-FAST,Mobile Banking,Korporasi / Komersial,347.81,13,4,Tidak,Aktif Normal,2,Domestik Indonesia,MFA Biometrik / Token Valid,Ya (Anomali),4,3,Pelanggaran Limit Kanal Pembayaran: Transaksi BI-FAST Melebihi Batas Maksimal Regulasi Bank Indonesia (>Rp 250 Juta)
PAYM-0258,Surabaya Branch,BI-FAST,Mobile Banking,Individu / Retail,4.36,13,6,Tidak,Aktif Normal,1,Domestik Indonesia,MFA Biometrik / Token Valid,Tidak,2,1,-
PAYM-0259,Jakarta Branch,Transfer Internal,Internet Banking Corporate,Korporasi / Komersial,196.82,14,5,Ya,Aktif Normal,1,Domestik Indonesia,MFA Biometrik / Token Valid,Tidak,1,1,-
PAYM-0260,Surabaya Branch,RTGS,Internet Banking Corporate,Korporasi / Komersial,309.53,18,1,Ya,Akun Baru <7 Hari,1,Domestik Indonesia,SMS OTP Standar,Tidak,1,1,-
PAYM-0261,Digital Banking Unit,BI-FAST,Mobile Banking,Individu / Retail,13.11,19,1,Ya,Aktif Normal,3,Domestik Indonesia,MFA Biometrik / Token Valid,Tidak,1,1,-
PAYM-0262,Head Office,BI-FAST,Mobile Banking,Individu / Retail,18.1,16,1,Tidak,Aktif Normal,2,Domestik Indonesia,SMS OTP Standar,Tidak,1,1,-
PAYM-0263,Medan Branch,SKN / Kliring,Mobile Banking,Individu / Retail,27.81,8,5,Ya,Akun Baru <7 Hari,3,Domestik Indonesia,MFA Biometrik / Token Valid,Tidak,2,1,-
PAYM-0264,Digital Banking Unit,BI-FAST,ATM,Individu / Retail,22.32,8,6,Tidak,Aktif Normal,1,Domestik Indonesia,SMS OTP Standar,Tidak,2,1,-
PAYM-0265,Medan Branch,RTGS,Internet Banking Corporate,Korporasi / Komersial,894.49,9,7,Ya,Dormant / Pasif >180 Hari,2,Domestik Indonesia,Override Tanpa 2FA,Ya (Anomali),5,5,Pengurasan Rekening Pasif (Dormant Account Drain): Penarikan Dana Besar Tanpa Otentikasi Memadai
PAYM-0266,Head Office,Transfer Internal,Internet Banking Corporate,Korporasi / Komersial,441.35,7,3,Tidak,Aktif Normal,2,Domestik Indonesia,MFA Biometrik / Token Valid,Tidak,1,2,-
PAYM-0267,Digital Banking Unit,Transfer Internal,Mobile Banking,Individu / Retail,79.76,11,5,Tidak,Aktif Normal,2,Domestik Indonesia,SMS OTP Standar,Tidak,2,1,-
PAYM-0268,Bandung Branch,Transfer Internal,API Host-to-Host,Korporasi / Komersial,439.69,7,1,Tidak,Akun Baru <7 Hari,2,Domestik Indonesia,MFA Biometrik / Token Valid,Tidak,1,2,-
PAYM-0269,Head Office,Transfer Internal,Teller Cabang,Individu / Retail,27.53,18,1,Tidak,Aktif Normal,1,Domestik Indonesia,MFA Biometrik / Token Valid,Tidak,1,1,-
PAYM-0270,Bandung Branch,Transfer Internal,Mobile Banking,Individu / Retail,40.64,19,3,Tidak,Aktif Normal,1,Domestik Indonesia,MFA Biometrik / Token Valid,Tidak,2,1,-
PAYM-0271,Bandung Branch,RTGS,Teller Cabang,Korporasi / Komersial,120.99,9,2,Tidak,Aktif Normal,2,Domestik Indonesia,SMS OTP Standar,Tidak,1,1,-
PAYM-0272,Head Office,SWIFT / Remittance Valas,Teller Cabang,Korporasi / Komersial,3764.92,9,1,Ya,Aktif Normal,3,High-Risk Offshore Jurisdiction,SMS OTP Standar,Ya (Anomali),5,4,Transfer Valas Lintas Negara ke Yurisdiksi Berisiko Tinggi (High-Risk Offshore Tax Haven)
PAYM-0273,Jakarta Branch,RTGS,API Host-to-Host,Korporasi / Komersial,130.34,10,3,Ya,Aktif Normal,1,Domestik Indonesia,MFA Biometrik / Token Valid,Tidak,1,1,-
PAYM-0274,Surabaya Branch,BI-FAST,ATM,Individu / Retail,6.04,7,5,Tidak,Aktif Normal,3,Domestik Indonesia,MFA Biometrik / Token Valid,Tidak,2,2,-
PAYM-0275,Bandung Branch,SKN / Kliring,Mobile Banking,Individu / Retail,1443.87,0,7,Ya,Aktif Normal,2,Domestik Indonesia,SMS OTP Standar,Ya (Anomali),5,5,Transfer Jumlah Sangat Besar di Dini Hari (Jam 0) Akhir Pekan ke Penerima Baru
PAYM-0276,Digital Banking Unit,SWIFT / Remittance Valas,Internet Banking Corporate,Korporasi / Komersial,235.56,17,1,Tidak,Akun Baru <7 Hari,1,Standard International,MFA Biometrik / Token Valid,Tidak,1,1,-
PAYM-0277,Medan Branch,BI-FAST,Mobile Banking,Korporasi / Komersial,468.23,15,5,Tidak,Aktif Normal,1,Domestik Indonesia,MFA Biometrik / Token Valid,Ya (Anomali),4,3,Pelanggaran Limit Kanal Pembayaran: Transaksi BI-FAST Melebihi Batas Maksimal Regulasi Bank Indonesia (>Rp 250 Juta)
PAYM-0278,Medan Branch,Transfer Internal,ATM,Individu / Retail,44.76,15,5,Ya,Aktif Normal,2,Domestik Indonesia,MFA Biometrik / Token Valid,Tidak,2,2,-
PAYM-0279,Surabaya Branch,SKN / Kliring,Mobile Banking,Individu / Retail,4056.12,1,6,Ya,Aktif Normal,1,Domestik Indonesia,SMS OTP Standar,Ya (Anomali),5,4,Transfer Jumlah Sangat Besar di Dini Hari (Jam 1) Akhir Pekan ke Penerima Baru
PAYM-0280,Surabaya Branch,BI-FAST,Mobile Banking,Individu / Retail,10.11,17,5,Tidak,Aktif Normal,3,Domestik Indonesia,SMS OTP Standar,Tidak,1,2,-
PAYM-0281,Bandung Branch,Transfer Internal,Teller Cabang,Individu / Retail,18.7,9,4,Tidak,Aktif Normal,1,Domestik Indonesia,MFA Biometrik / Token Valid,Tidak,1,2,-
PAYM-0282,Digital Banking Unit,BI-FAST,ATM,Individu / Retail,24.96,7,5,Tidak,Aktif Normal,1,Domestik Indonesia,MFA Biometrik / Token Valid,Tidak,2,2,-
PAYM-0283,Digital Banking Unit,Transfer Internal,Mobile Banking,Individu / Retail,13.19,11,3,Tidak,Aktif Normal,1,Domestik Indonesia,MFA Biometrik / Token Valid,Tidak,1,2,-
PAYM-0284,Surabaya Branch,BI-FAST,Mobile Banking,Individu / Retail,23.32,14,4,Tidak,Aktif Normal,1,Domestik Indonesia,MFA Biometrik / Token Valid,Tidak,1,1,-
PAYM-0285,Bandung Branch,BI-FAST,Mobile Banking,Individu / Retail,3.56,17,1,Tidak,Aktif Normal,1,Domestik Indonesia,MFA Biometrik / Token Valid,Tidak,1,1,-
PAYM-0286,Medan Branch,BI-FAST,Mobile Banking,Individu / Retail,20.85,13,1,Tidak,Aktif Normal,1,Domestik Indonesia,MFA Biometrik / Token Valid,Tidak,2,1,-
PAYM-0287,Digital Banking Unit,SKN / Kliring,API Host-to-Host,Korporasi / Komersial,334.01,11,4,Tidak,Aktif Normal,1,Domestik Indonesia,MFA Biometrik / Token Valid,Tidak,2,1,-
PAYM-0288,Digital Banking Unit,Transfer Internal,Mobile Banking,Individu / Retail,25.78,8,2,Ya,Aktif Normal,1,Domestik Indonesia,SMS OTP Standar,Tidak,1,1,-
PAYM-0289,Jakarta Branch,Transfer Internal,Mobile Banking,Individu / Retail,3.4,9,4,Tidak,Aktif Normal,1,Domestik Indonesia,SMS OTP Standar,Tidak,1,2,-
PAYM-0290,Digital Banking Unit,BI-FAST,Mobile Banking,Individu / Retail,4.79,10,1,Tidak,Aktif Normal,2,Domestik Indonesia,MFA Biometrik / Token Valid,Tidak,1,2,-
PAYM-0291,Surabaya Branch,Transfer Internal,ATM,Individu / Retail,1006.5,19,5,Ya,Dormant / Pasif >180 Hari,2,Domestik Indonesia,Override Tanpa 2FA,Ya (Anomali),5,5,Pengurasan Rekening Pasif (Dormant Account Drain): Penarikan Dana Besar Tanpa Otentikasi Memadai
PAYM-0292,Jakarta Branch,BI-FAST,Mobile Banking,Individu / Retail,28.94,21,5,Tidak,Aktif Normal,1,Domestik Indonesia,MFA Biometrik / Token Valid,Tidak,1,1,-
PAYM-0293,Surabaya Branch,RTGS,Internet Banking Corporate,Korporasi / Komersial,517.14,18,3,Tidak,Akun Baru <7 Hari,2,Domestik Indonesia,MFA Biometrik / Token Valid,Tidak,1,2,-
PAYM-0294,Surabaya Branch,Transfer Internal,Mobile Banking,Individu / Retail,20.61,18,2,Tidak,Aktif Normal,1,Domestik Indonesia,SMS OTP Standar,Tidak,1,1,-
PAYM-0295,Bandung Branch,SWIFT / Remittance Valas,Teller Cabang,Korporasi / Komersial,6489.62,14,4,Ya,Aktif Normal,3,High-Risk Offshore Jurisdiction,SMS OTP Standar,Ya (Anomali),5,4,Transfer Valas Lintas Negara ke Yurisdiksi Berisiko Tinggi (High-Risk Offshore Tax Haven)
PAYM-0296,Jakarta Branch,Transfer Internal,API Host-to-Host,Korporasi / Komersial,68.7,20,2,Tidak,Akun Baru <7 Hari,1,Domestik Indonesia,MFA Biometrik / Token Valid,Tidak,1,1,-
PAYM-0297,Digital Banking Unit,SWIFT / Remittance Valas,Teller Cabang,Korporasi / Komersial,1710.16,17,5,Ya,Aktif Normal,1,High-Risk Offshore Jurisdiction,SMS OTP Standar,Ya (Anomali),5,4,Transfer Valas Lintas Negara ke Yurisdiksi Berisiko Tinggi (High-Risk Offshore Tax Haven)
PAYM-0298,Medan Branch,BI-FAST,Mobile Banking,Individu / Retail,13.02,7,7,Tidak,Aktif Normal,4,Domestik Indonesia,MFA Biometrik / Token Valid,Tidak,1,1,-
PAYM-0299,Jakarta Branch,SWIFT / Remittance Valas,Internet Banking Corporate,Korporasi / Komersial,79.85,7,1,Tidak,Aktif Normal,1,Standard International,SMS OTP Standar,Tidak,1,1,-
PAYM-0300,Digital Banking Unit,RTGS,Teller Cabang,Korporasi / Komersial,689.43,18,1,Tidak,Aktif Normal,1,Domestik Indonesia,MFA Biometrik / Token Valid,Tidak,2,1,-
PAYM-0301,Bandung Branch,BI-FAST,Mobile Banking,Individu / Retail,24.49,10,5,Ya,Aktif Normal,1,Domestik Indonesia,MFA Biometrik / Token Valid,Tidak,1,1,-
PAYM-0302,Jakarta Branch,BI-FAST,Mobile Banking,Individu / Retail,12.55,19,1,Tidak,Aktif Normal,1,Domestik Indonesia,SMS OTP Standar,Tidak,1,1,-
PAYM-0303,Head Office,Transfer Internal,ATM,Individu / Retail,11.83,19,2,Tidak,Aktif Normal,4,Domestik Indonesia,SMS OTP Standar,Tidak,1,1,-
PAYM-0304,Head Office,RTGS,Internet Banking Corporate,Korporasi / Komersial,56.07,18,1,Tidak,Aktif Normal,4,Domestik Indonesia,SMS OTP Standar,Tidak,2,2,-
PAYM-0305,Medan Branch,RTGS,API Host-to-Host,Korporasi / Komersial,1016.25,13,3,Tidak,Aktif Normal,2,Domestik Indonesia,SMS OTP Standar,Tidak,2,1,-
PAYM-0306,Medan Branch,BI-FAST,Mobile Banking,Individu / Retail,18.58,20,3,Ya,Aktif Normal,1,Domestik Indonesia,MFA Biometrik / Token Valid,Tidak,1,1,-
PAYM-0307,Bandung Branch,Transfer Internal,ATM,Individu / Retail,68.28,16,3,Tidak,Aktif Normal,2,Domestik Indonesia,SMS OTP Standar,Tidak,1,2,-
PAYM-0308,Surabaya Branch,RTGS,Teller Cabang,Korporasi / Komersial,1089.19,19,3,Tidak,Aktif Normal,3,Domestik Indonesia,MFA Biometrik / Token Valid,Tidak,2,2,-
PAYM-0309,Bandung Branch,SWIFT / Remittance Valas,Internet Banking Corporate,Korporasi / Komersial,446.17,14,2,Tidak,Aktif Normal,1,Standard International,SMS OTP Standar,Tidak,2,2,-
PAYM-0310,Jakarta Branch,BI-FAST,Mobile Banking,Individu / Retail,5.85,17,5,Tidak,Aktif Normal,2,Domestik Indonesia,MFA Biometrik / Token Valid,Tidak,2,1,-
PAYM-0311,Bandung Branch,BI-FAST,Mobile Banking,Individu / Retail,2.64,20,5,Tidak,Aktif Normal,1,Domestik Indonesia,MFA Biometrik / Token Valid,Tidak,1,1,-
PAYM-0312,Bandung Branch,RTGS,Internet Banking Corporate,Korporasi / Komersial,491.62,11,2,Ya,Aktif Normal,9,Domestik Indonesia,MFA Biometrik / Token Valid,Ya (Anomali),5,5,Indikasi Smurfing / Structuring: Transaksi Terpecah Berulang Tepat di Bawah Batas Lapor PPATK Rp 500 Juta (491.62 Juta)
PAYM-0313,Head Office,SKN / Kliring,Internet Banking Corporate,Korporasi / Komersial,923.5,18,1,Ya,Aktif Normal,1,Domestik Indonesia,MFA Biometrik / Token Valid,Tidak,2,1,-
PAYM-0314,Head Office,Transfer Internal,ATM,Individu / Retail,33.28,21,7,Tidak,Aktif Normal,2,Domestik Indonesia,SMS OTP Standar,Tidak,1,1,-
PAYM-0315,Medan Branch,BI-FAST,Mobile Banking,Individu / Retail,5.2,15,1,Tidak,Aktif Normal,1,Domestik Indonesia,MFA Biometrik / Token Valid,Tidak,2,2,-
PAYM-0316,Digital Banking Unit,BI-FAST,ATM,Individu / Retail,60.66,13,3,Tidak,Aktif Normal,2,Domestik Indonesia,MFA Biometrik / Token Valid,Tidak,1,1,-
PAYM-0317,Digital Banking Unit,RTGS,Teller Cabang,Korporasi / Komersial,89.08,8,4,Tidak,Aktif Normal,1,Domestik Indonesia,MFA Biometrik / Token Valid,Tidak,1,2,-
PAYM-0318,Bandung Branch,Transfer Internal,Internet Banking Corporate,Korporasi / Komersial,568.91,15,1,Ya,Aktif Normal,1,Domestik Indonesia,MFA Biometrik / Token Valid,Tidak,1,2,-
PAYM-0319,Digital Banking Unit,SKN / Kliring,Mobile Banking,Individu / Retail,15.48,17,5,Tidak,Aktif Normal,2,Domestik Indonesia,MFA Biometrik / Token Valid,Tidak,1,1,-
PAYM-0320,Jakarta Branch,BI-FAST,Mobile Banking,Individu / Retail,27.07,6,4,Tidak,Aktif Normal,1,Domestik Indonesia,MFA Biometrik / Token Valid,Tidak,1,2,-
PAYM-0321,Jakarta Branch,Transfer Internal,Mobile Banking,Individu / Retail,31.31,11,3,Ya,Aktif Normal,1,Domestik Indonesia,MFA Biometrik / Token Valid,Tidak,1,2,-
PAYM-0322,Bandung Branch,BI-FAST,Mobile Banking,Individu / Retail,4.69,18,5,Ya,Aktif Normal,3,Domestik Indonesia,MFA Biometrik / Token Valid,Tidak,1,2,-
PAYM-0323,Digital Banking Unit,BI-FAST,Mobile Banking,Individu / Retail,2.9,15,5,Tidak,Aktif Normal,2,Domestik Indonesia,MFA Biometrik / Token Valid,Tidak,2,1,-
PAYM-0324,Bandung Branch,RTGS,Internet Banking Corporate,Korporasi / Komersial,831.54,16,5,Tidak,Aktif Normal,1,Domestik Indonesia,MFA Biometrik / Token Valid,Tidak,1,1,-
PAYM-0325,Medan Branch,Transfer Internal,Internet Banking Corporate,Korporasi / Komersial,180.96,15,7,Ya,Aktif Normal,19,Domestik Indonesia,Override Tanpa 2FA,Ya (Anomali),5,5,Lonjakan Frekuensi Transaksi Abnormal (Velocity Risk: 19x dalam 24 Jam) ke Penerima Baru
PAYM-0326,Bandung Branch,SWIFT / Remittance Valas,Internet Banking Corporate,Korporasi / Komersial,2231.99,17,5,Tidak,Aktif Normal,1,Standard International,MFA Biometrik / Token Valid,Tidak,2,1,-
PAYM-0327,Bandung Branch,BI-FAST,Mobile Banking,Individu / Retail,2.55,15,2,Tidak,Aktif Normal,1,Domestik Indonesia,MFA Biometrik / Token Valid,Tidak,2,1,-
PAYM-0328,Digital Banking Unit,BI-FAST,Mobile Banking,Individu / Retail,6.9,16,3,Tidak,Aktif Normal,4,Domestik Indonesia,MFA Biometrik / Token Valid,Tidak,2,1,-
PAYM-0329,Medan Branch,Transfer Internal,Mobile Banking,Individu / Retail,21.65,19,5,Tidak,Akun Baru <7 Hari,2,Domestik Indonesia,SMS OTP Standar,Tidak,2,1,-
PAYM-0330,Surabaya Branch,Transfer Internal,Mobile Banking,Individu / Retail,50.53,22,7,Tidak,Aktif Normal,4,Domestik Indonesia,SMS OTP Standar,Tidak,1,2,-
PAYM-0331,Head Office,Transfer Internal,Mobile Banking,Individu / Retail,1553.83,4,6,Ya,Aktif Normal,2,Domestik Indonesia,SMS OTP Standar,Ya (Anomali),5,5,Transfer Jumlah Sangat Besar di Dini Hari (Jam 4) Akhir Pekan ke Penerima Baru
PAYM-0332,Surabaya Branch,Transfer Internal,Teller Cabang,Individu / Retail,2.19,19,3,Tidak,Aktif Normal,1,Domestik Indonesia,MFA Biometrik / Token Valid,Tidak,1,2,-
PAYM-0333,Jakarta Branch,Transfer Internal,ATM,Individu / Retail,28.19,19,2,Tidak,Aktif Normal,1,Domestik Indonesia,MFA Biometrik / Token Valid,Tidak,1,1,-
PAYM-0334,Jakarta Branch,BI-FAST,Mobile Banking,Individu / Retail,0.61,20,5,Tidak,Aktif Normal,1,Domestik Indonesia,MFA Biometrik / Token Valid,Tidak,2,2,-
PAYM-0335,Jakarta Branch,BI-FAST,Teller Cabang,Individu / Retail,493.56,13,5,Ya,Aktif Normal,9,Domestik Indonesia,MFA Biometrik / Token Valid,Ya (Anomali),5,5,Indikasi Smurfing / Structuring: Transaksi Terpecah Berulang Tepat di Bawah Batas Lapor PPATK Rp 500 Juta (493.56 Juta)
PAYM-0336,Medan Branch,RTGS,Internet Banking Corporate,Korporasi / Komersial,786.81,20,3,Tidak,Aktif Normal,2,Domestik Indonesia,MFA Biometrik / Token Valid,Tidak,1,1,-
PAYM-0337,Medan Branch,BI-FAST,Mobile Banking,Individu / Retail,9.39,12,5,Tidak,Aktif Normal,1,Domestik Indonesia,MFA Biometrik / Token Valid,Tidak,2,2,-
PAYM-0338,Medan Branch,BI-FAST,ATM,Individu / Retail,19.12,15,1,Tidak,Aktif Normal,1,Domestik Indonesia,MFA Biometrik / Token Valid,Tidak,1,1,-
PAYM-0339,Medan Branch,SWIFT / Remittance Valas,Internet Banking Corporate,Korporasi / Komersial,299.89,10,5,Tidak,Aktif Normal,3,Standard International,SMS OTP Standar,Tidak,1,2,-
PAYM-0340,Head Office,BI-FAST,Mobile Banking,Individu / Retail,27.99,12,3,Tidak,Aktif Normal,1,Domestik Indonesia,MFA Biometrik / Token Valid,Tidak,1,1,-
PAYM-0341,Bandung Branch,Transfer Internal,Teller Cabang,Individu / Retail,27.7,16,1,Tidak,Aktif Normal,2,Domestik Indonesia,MFA Biometrik / Token Valid,Tidak,1,1,-
PAYM-0342,Digital Banking Unit,BI-FAST,Mobile Banking,Individu / Retail,3.44,16,3,Tidak,Aktif Normal,4,Domestik Indonesia,SMS OTP Standar,Tidak,1,2,-
PAYM-0343,Medan Branch,BI-FAST,Mobile Banking,Individu / Retail,5.8,22,7,Tidak,Aktif Normal,1,Domestik Indonesia,MFA Biometrik / Token Valid,Tidak,1,1,-
PAYM-0344,Bandung Branch,BI-FAST,Mobile Banking,Korporasi / Komersial,542.78,11,2,Tidak,Aktif Normal,1,Domestik Indonesia,MFA Biometrik / Token Valid,Ya (Anomali),4,3,Pelanggaran Limit Kanal Pembayaran: Transaksi BI-FAST Melebihi Batas Maksimal Regulasi Bank Indonesia (>Rp 250 Juta)
PAYM-0345,Head Office,RTGS,API Host-to-Host,Korporasi / Komersial,67.7,19,1,Tidak,Aktif Normal,1,Domestik Indonesia,MFA Biometrik / Token Valid,Tidak,2,1,-
PAYM-0346,Jakarta Branch,BI-FAST,Mobile Banking,Individu / Retail,18.15,14,5,Ya,Aktif Normal,1,Domestik Indonesia,MFA Biometrik / Token Valid,Tidak,1,2,-
PAYM-0347,Surabaya Branch,BI-FAST,ATM,Individu / Retail,10.42,10,3,Tidak,Aktif Normal,1,Domestik Indonesia,SMS OTP Standar,Tidak,2,1,-
PAYM-0348,Medan Branch,Transfer Internal,ATM,Individu / Retail,36.51,12,1,Tidak,Aktif Normal,2,Domestik Indonesia,SMS OTP Standar,Tidak,1,2,-
PAYM-0349,Bandung Branch,SWIFT / Remittance Valas,Teller Cabang,Korporasi / Komersial,3374.49,16,2,Ya,Aktif Normal,2,High-Risk Offshore Jurisdiction,SMS OTP Standar,Ya (Anomali),5,4,Transfer Valas Lintas Negara ke Yurisdiksi Berisiko Tinggi (High-Risk Offshore Tax Haven)
PAYM-0350,Jakarta Branch,Transfer Internal,Mobile Banking,Individu / Retail,15.52,20,5,Tidak,Aktif Normal,3,Domestik Indonesia,MFA Biometrik / Token Valid,Tidak,1,1,-
PAYM-0351,Head Office,BI-FAST,Mobile Banking,Individu / Retail,15.26,8,1,Tidak,Aktif Normal,1,Domestik Indonesia,SMS OTP Standar,Tidak,1,1,-
PAYM-0352,Jakarta Branch,BI-FAST,Mobile Banking,Individu / Retail,3642.61,2,6,Ya,Aktif Normal,1,Domestik Indonesia,Override Tanpa 2FA,Ya (Anomali),5,4,Transfer Jumlah Sangat Besar di Dini Hari (Jam 2) Akhir Pekan ke Penerima Baru
PAYM-0353,Head Office,RTGS,Internet Banking Corporate,Korporasi / Komersial,155.74,14,4,Tidak,Aktif Normal,2,Domestik Indonesia,SMS OTP Standar,Tidak,2,2,-
PAYM-0354,Surabaya Branch,Transfer Internal,Internet Banking Corporate,Korporasi / Komersial,163.51,17,5,Tidak,Aktif Normal,2,Domestik Indonesia,MFA Biometrik / Token Valid,Tidak,1,2,-
PAYM-0355,Head Office,BI-FAST,Mobile Banking,Individu / Retail,3.68,18,1,Tidak,Aktif Normal,3,Domestik Indonesia,SMS OTP Standar,Tidak,2,1,-
PAYM-0356,Digital Banking Unit,BI-FAST,Mobile Banking,Individu / Retail,2.34,13,1,Tidak,Aktif Normal,2,Domestik Indonesia,SMS OTP Standar,Tidak,2,2,-
PAYM-0357,Bandung Branch,RTGS,Internet Banking Corporate,Korporasi / Komersial,88.8,4,4,Ya,Aktif Normal,27,Domestik Indonesia,Override Tanpa 2FA,Ya (Anomali),5,5,Lonjakan Frekuensi Transaksi Abnormal (Velocity Risk: 27x dalam 24 Jam) ke Penerima Baru
PAYM-0358,Jakarta Branch,BI-FAST,Mobile Banking,Individu / Retail,34.8,9,1,Ya,Aktif Normal,1,Domestik Indonesia,MFA Biometrik / Token Valid,Tidak,2,2,-
PAYM-0359,Head Office,BI-FAST,Mobile Banking,Individu / Retail,497.51,14,1,Tidak,Aktif Normal,11,Domestik Indonesia,MFA Biometrik / Token Valid,Ya (Anomali),5,5,Indikasi Smurfing / Structuring: Transaksi Terpecah Berulang Tepat di Bawah Batas Lapor PPATK Rp 500 Juta (497.51 Juta)
PAYM-0360,Bandung Branch,BI-FAST,Mobile Banking,Individu / Retail,4.41,11,2,Tidak,Aktif Normal,1,Domestik Indonesia,SMS OTP Standar,Tidak,1,1,-
PAYM-0361,Medan Branch,Transfer Internal,Mobile Banking,Individu / Retail,22.96,15,5,Tidak,Akun Baru <7 Hari,1,Domestik Indonesia,MFA Biometrik / Token Valid,Tidak,2,1,-
PAYM-0362,Bandung Branch,Transfer Internal,Mobile Banking,Individu / Retail,19.01,16,1,Tidak,Akun Baru <7 Hari,1,Domestik Indonesia,SMS OTP Standar,Tidak,1,1,-
PAYM-0363,Medan Branch,BI-FAST,Mobile Banking,Individu / Retail,5.88,18,3,Tidak,Aktif Normal,2,Domestik Indonesia,MFA Biometrik / Token Valid,Tidak,2,2,-
PAYM-0364,Bandung Branch,BI-FAST,Mobile Banking,Individu / Retail,10.14,19,7,Tidak,Aktif Normal,2,Domestik Indonesia,MFA Biometrik / Token Valid,Tidak,1,1,-
PAYM-0365,Digital Banking Unit,SWIFT / Remittance Valas,Teller Cabang,Korporasi / Komersial,7800.62,18,4,Ya,Aktif Normal,2,High-Risk Offshore Jurisdiction,SMS OTP Standar,Ya (Anomali),5,4,Transfer Valas Lintas Negara ke Yurisdiksi Berisiko Tinggi (High-Risk Offshore Tax Haven)
PAYM-0366,Digital Banking Unit,SKN / Kliring,Mobile Banking,Individu / Retail,11.61,10,1,Tidak,Akun Baru <7 Hari,2,Domestik Indonesia,MFA Biometrik / Token Valid,Tidak,1,1,-
PAYM-0367,Head Office,BI-FAST,Mobile Banking,Individu / Retail,4.39,16,2,Ya,Aktif Normal,2,Domestik Indonesia,MFA Biometrik / Token Valid,Tidak,1,1,-
PAYM-0368,Digital Banking Unit,RTGS,Internet Banking Corporate,Korporasi / Komersial,77.01,8,4,Ya,Aktif Normal,2,Domestik Indonesia,SMS OTP Standar,Tidak,1,1,-
PAYM-0369,Digital Banking Unit,Transfer Internal,Mobile Banking,Individu / Retail,18.52,9,2,Ya,Aktif Normal,1,Domestik Indonesia,MFA Biometrik / Token Valid,Tidak,1,1,-
PAYM-0370,Digital Banking Unit,BI-FAST,Mobile Banking,Individu / Retail,32.39,8,1,Tidak,Aktif Normal,3,Domestik Indonesia,SMS OTP Standar,Tidak,2,1,-
PAYM-0371,Head Office,SKN / Kliring,Mobile Banking,Individu / Retail,5.74,9,3,Tidak,Aktif Normal,1,Domestik Indonesia,MFA Biometrik / Token Valid,Tidak,2,2,-
PAYM-0372,Medan Branch,SWIFT / Remittance Valas,Internet Banking Corporate,Korporasi / Komersial,192.05,18,3,Tidak,Aktif Normal,2,Standard International,SMS OTP Standar,Tidak,1,2,-
PAYM-0373,Bandung Branch,Transfer Internal,Mobile Banking,Individu / Retail,62.36,19,4,Tidak,Aktif Normal,3,Domestik Indonesia,MFA Biometrik / Token Valid,Tidak,1,1,-
PAYM-0374,Head Office,RTGS,Internet Banking Corporate,Korporasi / Komersial,52.63,19,7,Ya,Aktif Normal,17,Domestik Indonesia,SMS OTP Standar,Ya (Anomali),5,5,Lonjakan Frekuensi Transaksi Abnormal (Velocity Risk: 17x dalam 24 Jam) ke Penerima Baru
PAYM-0375,Jakarta Branch,BI-FAST,Mobile Banking,Individu / Retail,47.35,9,3,Tidak,Aktif Normal,1,Domestik Indonesia,SMS OTP Standar,Tidak,2,1,-
PAYM-0376,Head Office,RTGS,API Host-to-Host,Korporasi / Komersial,162.44,19,5,Tidak,Aktif Normal,1,Domestik Indonesia,MFA Biometrik / Token Valid,Tidak,1,1,-
PAYM-0377,Medan Branch,RTGS,Internet Banking Corporate,Korporasi / Komersial,88.37,15,3,Tidak,Aktif Normal,1,Domestik Indonesia,MFA Biometrik / Token Valid,Tidak,2,1,-
PAYM-0378,Jakarta Branch,BI-FAST,Mobile Banking,Individu / Retail,11.77,19,4,Tidak,Aktif Normal,1,Domestik Indonesia,MFA Biometrik / Token Valid,Tidak,2,1,-
PAYM-0379,Jakarta Branch,RTGS,Internet Banking Corporate,Korporasi / Komersial,730.16,21,7,Tidak,Aktif Normal,2,Domestik Indonesia,SMS OTP Standar,Tidak,1,1,-
PAYM-0380,Bandung Branch,BI-FAST,Mobile Banking,Individu / Retail,4.94,18,4,Tidak,Aktif Normal,1,Domestik Indonesia,MFA Biometrik / Token Valid,Tidak,1,1,-
PAYM-0381,Surabaya Branch,BI-FAST,Mobile Banking,Individu / Retail,490.43,14,5,Ya,Aktif Normal,10,Domestik Indonesia,MFA Biometrik / Token Valid,Ya (Anomali),5,5,Indikasi Smurfing / Structuring: Transaksi Terpecah Berulang Tepat di Bawah Batas Lapor PPATK Rp 500 Juta (490.43 Juta)
PAYM-0382,Medan Branch,SKN / Kliring,ATM,Individu / Retail,13.28,12,2,Tidak,Aktif Normal,3,Domestik Indonesia,MFA Biometrik / Token Valid,Tidak,1,1,-
PAYM-0383,Head Office,BI-FAST,Mobile Banking,Individu / Retail,9.6,15,5,Tidak,Akun Baru <7 Hari,3,Domestik Indonesia,MFA Biometrik / Token Valid,Tidak,1,2,-
PAYM-0384,Head Office,SWIFT / Remittance Valas,Internet Banking Corporate,Korporasi / Komersial,6005.79,11,1,Ya,Aktif Normal,1,High-Risk Offshore Jurisdiction,SMS OTP Standar,Ya (Anomali),5,4,Transfer Valas Lintas Negara ke Yurisdiksi Berisiko Tinggi (High-Risk Offshore Tax Haven)
PAYM-0385,Surabaya Branch,RTGS,API Host-to-Host,Korporasi / Komersial,438.78,8,5,Tidak,Aktif Normal,1,Domestik Indonesia,MFA Biometrik / Token Valid,Tidak,1,2,-
PAYM-0386,Head Office,BI-FAST,Mobile Banking,Individu / Retail,11.92,13,2,Tidak,Aktif Normal,2,Domestik Indonesia,MFA Biometrik / Token Valid,Tidak,1,2,-
PAYM-0387,Surabaya Branch,Transfer Internal,Mobile Banking,Individu / Retail,56.93,14,3,Ya,Aktif Normal,2,Domestik Indonesia,SMS OTP Standar,Tidak,2,1,-
PAYM-0388,Bandung Branch,SKN / Kliring,API Host-to-Host,Korporasi / Komersial,229.03,14,7,Tidak,Aktif Normal,4,Domestik Indonesia,MFA Biometrik / Token Valid,Tidak,1,1,-
PAYM-0389,Digital Banking Unit,BI-FAST,Mobile Banking,Individu / Retail,493.58,12,1,Tidak,Aktif Normal,5,Domestik Indonesia,MFA Biometrik / Token Valid,Ya (Anomali),5,5,Indikasi Smurfing / Structuring: Transaksi Terpecah Berulang Tepat di Bawah Batas Lapor PPATK Rp 500 Juta (493.58 Juta)
PAYM-0390,Surabaya Branch,BI-FAST,ATM,Individu / Retail,40.7,10,1,Tidak,Aktif Normal,1,Domestik Indonesia,MFA Biometrik / Token Valid,Tidak,1,2,-
PAYM-0391,Bandung Branch,BI-FAST,Mobile Banking,Individu / Retail,17.02,21,1,Tidak,Aktif Normal,1,Domestik Indonesia,MFA Biometrik / Token Valid,Tidak,2,1,-
PAYM-0392,Head Office,RTGS,API Host-to-Host,Korporasi / Komersial,31.78,13,5,Tidak,Aktif Normal,1,Domestik Indonesia,MFA Biometrik / Token Valid,Tidak,1,2,-
PAYM-0393,Head Office,Transfer Internal,Mobile Banking,Individu / Retail,20.97,8,1,Ya,Aktif Normal,3,Domestik Indonesia,MFA Biometrik / Token Valid,Tidak,2,1,-
PAYM-0394,Head Office,BI-FAST,Mobile Banking,Individu / Retail,8.07,19,1,Tidak,Aktif Normal,1,Domestik Indonesia,MFA Biometrik / Token Valid,Tidak,1,1,-
PAYM-0395,Medan Branch,SWIFT / Remittance Valas,Internet Banking Corporate,Korporasi / Komersial,52.11,16,4,Tidak,Aktif Normal,1,Standard International,MFA Biometrik / Token Valid,Tidak,1,2,-
PAYM-0396,Digital Banking Unit,BI-FAST,ATM,Individu / Retail,1.24,18,3,Tidak,Aktif Normal,1,Domestik Indonesia,MFA Biometrik / Token Valid,Tidak,1,2,-
PAYM-0397,Bandung Branch,SWIFT / Remittance Valas,API Host-to-Host,Korporasi / Komersial,4006.05,4,6,Ya,Aktif Normal,2,Domestik Indonesia,Override Tanpa 2FA,Ya (Anomali),5,5,Transfer Jumlah Sangat Besar di Dini Hari (Jam 4) Akhir Pekan ke Penerima Baru
PAYM-0398,Head Office,BI-FAST,Mobile Banking,Individu / Retail,7.38,13,4,Tidak,Aktif Normal,4,Domestik Indonesia,MFA Biometrik / Token Valid,Tidak,1,1,-
PAYM-0399,Surabaya Branch,Transfer Internal,Teller Cabang,Korporasi / Komersial,91.76,18,4,Tidak,Aktif Normal,2,Domestik Indonesia,MFA Biometrik / Token Valid,Tidak,2,1,-
PAYM-0400,Surabaya Branch,SWIFT / Remittance Valas,Internet Banking Corporate,Korporasi / Komersial,119.49,7,3,Tidak,Aktif Normal,1,Standard International,SMS OTP Standar,Tidak,1,2,-
PAYM-0401,Head Office,Transfer Internal,Mobile Banking,Individu / Retail,17.23,12,2,Tidak,Aktif Normal,1,Domestik Indonesia,MFA Biometrik / Token Valid,Tidak,2,1,-
PAYM-0402,Jakarta Branch,BI-FAST,ATM,Individu / Retail,39.02,17,5,Tidak,Aktif Normal,2,Domestik Indonesia,MFA Biometrik / Token Valid,Tidak,1,2,-
PAYM-0403,Bandung Branch,RTGS,API Host-to-Host,Korporasi / Komersial,188.36,11,4,Ya,Aktif Normal,1,Domestik Indonesia,SMS OTP Standar,Tidak,1,1,-
PAYM-0404,Head Office,BI-FAST,ATM,Individu / Retail,6.18,14,5,Tidak,Aktif Normal,1,Domestik Indonesia,SMS OTP Standar,Tidak,1,1,-
PAYM-0405,Bandung Branch,SKN / Kliring,Mobile Banking,Individu / Retail,15.12,13,2,Ya,Aktif Normal,2,Domestik Indonesia,MFA Biometrik / Token Valid,Tidak,2,1,-
PAYM-0406,Jakarta Branch,RTGS,Internet Banking Corporate,Korporasi / Komersial,172.91,9,5,Ya,Aktif Normal,1,Domestik Indonesia,MFA Biometrik / Token Valid,Tidak,1,1,-
PAYM-0407,Digital Banking Unit,BI-FAST,Mobile Banking,Individu / Retail,1.98,17,5,Tidak,Aktif Normal,2,Domestik Indonesia,MFA Biometrik / Token Valid,Tidak,1,1,-
PAYM-0408,Jakarta Branch,RTGS,API Host-to-Host,Korporasi / Komersial,532.95,14,5,Ya,Aktif Normal,1,Domestik Indonesia,MFA Biometrik / Token Valid,Tidak,1,1,-
PAYM-0409,Surabaya Branch,BI-FAST,Mobile Banking,Individu / Retail,2.62,12,4,Tidak,Aktif Normal,2,Domestik Indonesia,SMS OTP Standar,Tidak,1,2,-
PAYM-0410,Jakarta Branch,BI-FAST,Mobile Banking,Individu / Retail,2.56,12,5,Tidak,Aktif Normal,2,Domestik Indonesia,MFA Biometrik / Token Valid,Tidak,1,1,-
PAYM-0411,Digital Banking Unit,BI-FAST,Mobile Banking,Individu / Retail,7.35,15,5,Tidak,Aktif Normal,1,Domestik Indonesia,MFA Biometrik / Token Valid,Tidak,2,1,-
PAYM-0412,Medan Branch,SWIFT / Remittance Valas,Internet Banking Corporate,Korporasi / Komersial,672.71,20,7,Ya,Dormant / Pasif >180 Hari,1,Domestik Indonesia,Override Tanpa 2FA,Ya (Anomali),5,4,Pengurasan Rekening Pasif (Dormant Account Drain): Penarikan Dana Besar Tanpa Otentikasi Memadai
PAYM-0413,Medan Branch,Transfer Internal,Mobile Banking,Individu / Retail,6.64,15,4,Tidak,Aktif Normal,3,Domestik Indonesia,MFA Biometrik / Token Valid,Tidak,1,2,-
PAYM-0414,Medan Branch,RTGS,API Host-to-Host,Korporasi / Komersial,465.07,13,1,Tidak,Aktif Normal,2,Domestik Indonesia,MFA Biometrik / Token Valid,Tidak,2,2,-
PAYM-0415,Jakarta Branch,BI-FAST,ATM,Individu / Retail,2.66,9,3,Tidak,Aktif Normal,3,Domestik Indonesia,MFA Biometrik / Token Valid,Tidak,2,1,-
PAYM-0416,Bandung Branch,BI-FAST,Mobile Banking,Individu / Retail,11.57,11,5,Tidak,Aktif Normal,1,Domestik Indonesia,MFA Biometrik / Token Valid,Tidak,1,1,-
PAYM-0417,Medan Branch,BI-FAST,Mobile Banking,Individu / Retail,549.82,10,3,Tidak,Aktif Normal,1,Domestik Indonesia,MFA Biometrik / Token Valid,Ya (Anomali),4,4,Pelanggaran Limit Kanal Pembayaran: Transaksi BI-FAST Melebihi Batas Maksimal Regulasi Bank Indonesia (>Rp 250 Juta)
PAYM-0418,Head Office,Transfer Internal,Internet Banking Corporate,Korporasi / Komersial,123.03,18,2,Ya,Aktif Normal,2,Domestik Indonesia,SMS OTP Standar,Tidak,2,1,-
PAYM-0419,Digital Banking Unit,BI-FAST,ATM,Individu / Retail,160.54,15,4,Ya,Aktif Normal,26,Domestik Indonesia,SMS OTP Standar,Ya (Anomali),4,5,Lonjakan Frekuensi Transaksi Abnormal (Velocity Risk: 26x dalam 24 Jam) ke Penerima Baru
PAYM-0420,Head Office,SKN / Kliring,API Host-to-Host,Korporasi / Komersial,1056.2,14,4,Tidak,Aktif Normal,1,Domestik Indonesia,MFA Biometrik / Token Valid,Tidak,1,1,-
PAYM-0421,Jakarta Branch,SKN / Kliring,ATM,Individu / Retail,33.14,19,1,Tidak,Aktif Normal,2,Domestik Indonesia,SMS OTP Standar,Tidak,2,1,-
PAYM-0422,Head Office,Transfer Internal,Internet Banking Corporate,Korporasi / Komersial,235.55,17,4,Tidak,Aktif Normal,1,Domestik Indonesia,MFA Biometrik / Token Valid,Tidak,1,1,-
PAYM-0423,Jakarta Branch,SKN / Kliring,Teller Cabang,Individu / Retail,90.55,20,1,Tidak,Aktif Normal,1,Domestik Indonesia,MFA Biometrik / Token Valid,Tidak,1,2,-
PAYM-0424,Jakarta Branch,BI-FAST,Mobile Banking,Individu / Retail,42.75,8,4,Tidak,Aktif Normal,3,Domestik Indonesia,MFA Biometrik / Token Valid,Tidak,2,1,-
PAYM-0425,Bandung Branch,SKN / Kliring,Mobile Banking,Individu / Retail,3.2,14,2,Tidak,Aktif Normal,3,Domestik Indonesia,MFA Biometrik / Token Valid,Tidak,2,2,-
PAYM-0426,Surabaya Branch,Transfer Internal,API Host-to-Host,Korporasi / Komersial,135.28,20,2,Tidak,Aktif Normal,3,Domestik Indonesia,SMS OTP Standar,Tidak,1,1,-
PAYM-0427,Surabaya Branch,SWIFT / Remittance Valas,Internet Banking Corporate,Korporasi / Komersial,22.78,20,4,Tidak,Aktif Normal,1,Standard International,MFA Biometrik / Token Valid,Tidak,1,2,-
PAYM-0428,Bandung Branch,BI-FAST,Teller Cabang,Individu / Retail,22.55,13,5,Ya,Aktif Normal,1,Domestik Indonesia,MFA Biometrik / Token Valid,Tidak,1,2,-
PAYM-0429,Medan Branch,Transfer Internal,Mobile Banking,Individu / Retail,4.04,9,3,Tidak,Aktif Normal,1,Domestik Indonesia,MFA Biometrik / Token Valid,Tidak,1,1,-
PAYM-0430,Medan Branch,BI-FAST,Mobile Banking,Individu / Retail,11.93,22,6,Tidak,Aktif Normal,1,Domestik Indonesia,SMS OTP Standar,Tidak,2,1,-
PAYM-0431,Head Office,RTGS,API Host-to-Host,Korporasi / Komersial,91.65,4,2,Ya,Aktif Normal,24,Domestik Indonesia,Override Tanpa 2FA,Ya (Anomali),4,5,Lonjakan Frekuensi Transaksi Abnormal (Velocity Risk: 24x dalam 24 Jam) ke Penerima Baru
PAYM-0432,Jakarta Branch,BI-FAST,Mobile Banking,Individu / Retail,460.91,9,3,Tidak,Aktif Normal,2,Domestik Indonesia,MFA Biometrik / Token Valid,Ya (Anomali),4,4,Pelanggaran Limit Kanal Pembayaran: Transaksi BI-FAST Melebihi Batas Maksimal Regulasi Bank Indonesia (>Rp 250 Juta)
PAYM-0433,Jakarta Branch,BI-FAST,Mobile Banking,Individu / Retail,12.62,15,5,Tidak,Aktif Normal,3,Domestik Indonesia,SMS OTP Standar,Tidak,1,1,-
PAYM-0434,Medan Branch,RTGS,Internet Banking Corporate,Korporasi / Komersial,4503.76,1,7,Ya,Aktif Normal,2,Domestik Indonesia,Override Tanpa 2FA,Ya (Anomali),5,5,Transfer Jumlah Sangat Besar di Dini Hari (Jam 1) Akhir Pekan ke Penerima Baru
PAYM-0435,Head Office,SWIFT / Remittance Valas,Internet Banking Corporate,Korporasi / Komersial,1001.01,18,3,Ya,Aktif Normal,2,Standard International,SMS OTP Standar,Tidak,1,2,-
PAYM-0436,Digital Banking Unit,SKN / Kliring,Mobile Banking,Individu / Retail,19.48,17,5,Tidak,Aktif Normal,2,Domestik Indonesia,MFA Biometrik / Token Valid,Tidak,1,1,-
PAYM-0437,Surabaya Branch,SKN / Kliring,Mobile Banking,Individu / Retail,17.2,17,3,Tidak,Aktif Normal,4,Domestik Indonesia,MFA Biometrik / Token Valid,Tidak,2,1,-
PAYM-0438,Surabaya Branch,BI-FAST,Mobile Banking,Individu / Retail,19.01,21,2,Ya,Aktif Normal,4,Domestik Indonesia,SMS OTP Standar,Tidak,2,1,-
PAYM-0439,Surabaya Branch,BI-FAST,ATM,Individu / Retail,21.27,21,2,Tidak,Aktif Normal,1,Domestik Indonesia,SMS OTP Standar,Tidak,1,1,-
PAYM-0440,Bandung Branch,BI-FAST,Mobile Banking,Individu / Retail,5.1,9,3,Tidak,Akun Baru <7 Hari,4,Domestik Indonesia,SMS OTP Standar,Tidak,1,1,-
PAYM-0441,Digital Banking Unit,Transfer Internal,API Host-to-Host,Korporasi / Komersial,59.0,21,5,Tidak,Aktif Normal,1,Domestik Indonesia,MFA Biometrik / Token Valid,Tidak,2,2,-
PAYM-0442,Digital Banking Unit,Transfer Internal,Mobile Banking,Individu / Retail,6.45,15,5,Tidak,Aktif Normal,2,Domestik Indonesia,SMS OTP Standar,Tidak,1,1,-
PAYM-0443,Bandung Branch,Transfer Internal,Teller Cabang,Individu / Retail,7.6,17,5,Tidak,Aktif Normal,4,Domestik Indonesia,MFA Biometrik / Token Valid,Tidak,2,1,-
PAYM-0444,Bandung Branch,BI-FAST,Teller Cabang,Individu / Retail,49.01,9,5,Ya,Aktif Normal,2,Domestik Indonesia,MFA Biometrik / Token Valid,Tidak,1,1,-
PAYM-0445,Medan Branch,BI-FAST,Mobile Banking,Individu / Retail,37.06,19,3,Tidak,Aktif Normal,1,Domestik Indonesia,MFA Biometrik / Token Valid,Tidak,2,1,-
PAYM-0446,Jakarta Branch,Transfer Internal,Mobile Banking,Individu / Retail,33.84,9,2,Tidak,Aktif Normal,2,Domestik Indonesia,MFA Biometrik / Token Valid,Tidak,1,1,-
PAYM-0447,Jakarta Branch,Transfer Internal,Mobile Banking,Individu / Retail,20.07,7,2,Tidak,Aktif Normal,1,Domestik Indonesia,MFA Biometrik / Token Valid,Tidak,1,1,-
PAYM-0448,Bandung Branch,BI-FAST,Mobile Banking,Individu / Retail,27.92,16,3,Tidak,Aktif Normal,1,Domestik Indonesia,MFA Biometrik / Token Valid,Tidak,1,2,-
PAYM-0449,Bandung Branch,BI-FAST,ATM,Individu / Retail,12.13,11,3,Tidak,Aktif Normal,1,Domestik Indonesia,MFA Biometrik / Token Valid,Tidak,1,1,-
PAYM-0450,Medan Branch,Transfer Internal,ATM,Individu / Retail,1.58,18,1,Tidak,Aktif Normal,2,Domestik Indonesia,MFA Biometrik / Token Valid,Tidak,2,1,-
PAYM-0451,Head Office,RTGS,Teller Cabang,Korporasi / Komersial,1265.96,13,3,Tidak,Aktif Normal,2,Domestik Indonesia,MFA Biometrik / Token Valid,Tidak,2,2,-
PAYM-0452,Surabaya Branch,BI-FAST,ATM,Individu / Retail,28.88,18,3,Tidak,Aktif Normal,2,Domestik Indonesia,MFA Biometrik / Token Valid,Tidak,2,1,-
PAYM-0453,Digital Banking Unit,SWIFT / Remittance Valas,Internet Banking Corporate,Korporasi / Komersial,89.72,13,3,Ya,Aktif Normal,1,Standard International,MFA Biometrik / Token Valid,Tidak,1,1,-
PAYM-0454,Digital Banking Unit,Transfer Internal,API Host-to-Host,Korporasi / Komersial,597.22,11,1,Tidak,Aktif Normal,1,Domestik Indonesia,MFA Biometrik / Token Valid,Tidak,1,1,-
PAYM-0455,Bandung Branch,BI-FAST,ATM,Individu / Retail,14.0,21,4,Tidak,Aktif Normal,1,Domestik Indonesia,MFA Biometrik / Token Valid,Tidak,1,1,-
PAYM-0456,Medan Branch,BI-FAST,Mobile Banking,Individu / Retail,14.5,9,5,Tidak,Aktif Normal,2,Domestik Indonesia,MFA Biometrik / Token Valid,Tidak,1,2,-
PAYM-0457,Digital Banking Unit,Transfer Internal,Internet Banking Corporate,Korporasi / Komersial,565.96,20,1,Tidak,Aktif Normal,2,Domestik Indonesia,MFA Biometrik / Token Valid,Tidak,1,2,-
PAYM-0458,Digital Banking Unit,SWIFT / Remittance Valas,Teller Cabang,Korporasi / Komersial,915.6,9,5,Tidak,Aktif Normal,1,Standard International,MFA Biometrik / Token Valid,Tidak,2,2,-
PAYM-0459,Surabaya Branch,BI-FAST,ATM,Individu / Retail,13.46,21,3,Tidak,Aktif Normal,2,Domestik Indonesia,SMS OTP Standar,Tidak,2,2,-
PAYM-0460,Bandung Branch,Transfer Internal,Mobile Banking,Individu / Retail,19.91,12,1,Tidak,Aktif Normal,2,Domestik Indonesia,MFA Biometrik / Token Valid,Tidak,2,1,-
PAYM-0461,Medan Branch,BI-FAST,ATM,Individu / Retail,34.28,14,3,Ya,Akun Baru <7 Hari,1,Domestik Indonesia,MFA Biometrik / Token Valid,Tidak,1,1,-
PAYM-0462,Jakarta Branch,BI-FAST,Mobile Banking,Individu / Retail,7.51,16,3,Tidak,Aktif Normal,2,Domestik Indonesia,MFA Biometrik / Token Valid,Tidak,1,1,-
PAYM-0463,Bandung Branch,RTGS,Internet Banking Corporate,Korporasi / Komersial,976.83,13,2,Ya,Aktif Normal,1,Domestik Indonesia,MFA Biometrik / Token Valid,Tidak,1,1,-
PAYM-0464,Surabaya Branch,SKN / Kliring,Internet Banking Corporate,Korporasi / Komersial,581.3,12,2,Tidak,Aktif Normal,1,Domestik Indonesia,MFA Biometrik / Token Valid,Tidak,1,1,-
PAYM-0465,Bandung Branch,RTGS,Internet Banking Corporate,Korporasi / Komersial,886.79,17,1,Tidak,Aktif Normal,1,Domestik Indonesia,MFA Biometrik / Token Valid,Tidak,1,1,-
PAYM-0466,Medan Branch,Transfer Internal,ATM,Individu / Retail,345.95,9,3,Ya,Dormant / Pasif >180 Hari,2,Domestik Indonesia,Override Tanpa 2FA,Ya (Anomali),5,4,Pengurasan Rekening Pasif (Dormant Account Drain): Penarikan Dana Besar Tanpa Otentikasi Memadai
PAYM-0467,Digital Banking Unit,Transfer Internal,ATM,Individu / Retail,23.45,21,1,Tidak,Aktif Normal,1,Domestik Indonesia,SMS OTP Standar,Tidak,2,2,-
PAYM-0468,Jakarta Branch,SWIFT / Remittance Valas,API Host-to-Host,Korporasi / Komersial,186.62,9,1,Ya,Aktif Normal,1,Standard International,MFA Biometrik / Token Valid,Tidak,1,1,-
PAYM-0469,Digital Banking Unit,Transfer Internal,ATM,Individu / Retail,42.0,8,2,Tidak,Aktif Normal,2,Domestik Indonesia,MFA Biometrik / Token Valid,Tidak,1,2,-
PAYM-0470,Bandung Branch,BI-FAST,Mobile Banking,Individu / Retail,21.06,11,1,Tidak,Aktif Normal,1,Domestik Indonesia,MFA Biometrik / Token Valid,Tidak,2,1,-
PAYM-0471,Head Office,RTGS,Teller Cabang,Korporasi / Komersial,77.4,15,5,Tidak,Aktif Normal,2,Domestik Indonesia,MFA Biometrik / Token Valid,Tidak,1,2,-
PAYM-0472,Surabaya Branch,Transfer Internal,Mobile Banking,Individu / Retail,507.0,16,5,Ya,Dormant / Pasif >180 Hari,1,Domestik Indonesia,Override Tanpa 2FA,Ya (Anomali),5,5,Pengurasan Rekening Pasif (Dormant Account Drain): Penarikan Dana Besar Tanpa Otentikasi Memadai
PAYM-0473,Jakarta Branch,SKN / Kliring,Mobile Banking,Individu / Retail,3.9,13,2,Tidak,Aktif Normal,4,Domestik Indonesia,MFA Biometrik / Token Valid,Tidak,1,2,-
PAYM-0474,Medan Branch,RTGS,API Host-to-Host,Korporasi / Komersial,112.13,7,4,Ya,Aktif Normal,2,Domestik Indonesia,MFA Biometrik / Token Valid,Tidak,2,1,-
PAYM-0475,Medan Branch,BI-FAST,Mobile Banking,Individu / Retail,366.16,8,1,Ya,Dormant / Pasif >180 Hari,2,Domestik Indonesia,Override Tanpa 2FA,Ya (Anomali),5,4,Pengurasan Rekening Pasif (Dormant Account Drain): Penarikan Dana Besar Tanpa Otentikasi Memadai
PAYM-0476,Medan Branch,Transfer Internal,ATM,Individu / Retail,8.17,14,2,Tidak,Aktif Normal,1,Domestik Indonesia,MFA Biometrik / Token Valid,Tidak,1,2,-
PAYM-0477,Head Office,BI-FAST,Mobile Banking,Individu / Retail,909.08,13,4,Ya,Dormant / Pasif >180 Hari,1,Domestik Indonesia,Override Tanpa 2FA,Ya (Anomali),5,4,Pengurasan Rekening Pasif (Dormant Account Drain): Penarikan Dana Besar Tanpa Otentikasi Memadai
PAYM-0478,Digital Banking Unit,SKN / Kliring,Mobile Banking,Individu / Retail,106.81,16,3,Ya,Aktif Normal,1,Domestik Indonesia,SMS OTP Standar,Tidak,2,1,-
PAYM-0479,Bandung Branch,BI-FAST,ATM,Individu / Retail,23.13,14,3,Tidak,Aktif Normal,2,Domestik Indonesia,MFA Biometrik / Token Valid,Tidak,1,2,-
PAYM-0480,Jakarta Branch,BI-FAST,Mobile Banking,Individu / Retail,42.35,8,6,Ya,Aktif Normal,1,Domestik Indonesia,SMS OTP Standar,Tidak,1,1,-
PAYM-0481,Bandung Branch,SWIFT / Remittance Valas,API Host-to-Host,Korporasi / Komersial,491.51,14,2,Ya,Aktif Normal,10,Domestik Indonesia,MFA Biometrik / Token Valid,Ya (Anomali),5,5,Indikasi Smurfing / Structuring: Transaksi Terpecah Berulang Tepat di Bawah Batas Lapor PPATK Rp 500 Juta (491.51 Juta)
PAYM-0482,Jakarta Branch,BI-FAST,ATM,Individu / Retail,65.71,13,2,Tidak,Aktif Normal,2,Domestik Indonesia,SMS OTP Standar,Tidak,1,1,-
PAYM-0483,Jakarta Branch,Transfer Internal,Mobile Banking,Individu / Retail,6.42,13,2,Tidak,Aktif Normal,2,Domestik Indonesia,MFA Biometrik / Token Valid,Tidak,1,2,-
PAYM-0484,Digital Banking Unit,BI-FAST,Teller Cabang,Individu / Retail,11.91,17,2,Tidak,Aktif Normal,1,Domestik Indonesia,MFA Biometrik / Token Valid,Tidak,1,1,-
PAYM-0485,Surabaya Branch,RTGS,Teller Cabang,Korporasi / Komersial,1772.32,10,5,Tidak,Aktif Normal,1,Domestik Indonesia,MFA Biometrik / Token Valid,Tidak,2,1,-
PAYM-0486,Jakarta Branch,Transfer Internal,Mobile Banking,Individu / Retail,3.79,10,1,Ya,Aktif Normal,1,Domestik Indonesia,MFA Biometrik / Token Valid,Tidak,1,2,-
PAYM-0487,Digital Banking Unit,BI-FAST,Mobile Banking,Individu / Retail,31.92,15,4,Ya,Aktif Normal,1,Domestik Indonesia,MFA Biometrik / Token Valid,Tidak,1,1,-
PAYM-0488,Digital Banking Unit,Transfer Internal,Internet Banking Corporate,Korporasi / Komersial,95.48,11,5,Tidak,Aktif Normal,1,Domestik Indonesia,MFA Biometrik / Token Valid,Tidak,2,2,-
PAYM-0489,Head Office,BI-FAST,Mobile Banking,Individu / Retail,0.78,19,2,Tidak,Akun Baru <7 Hari,2,Domestik Indonesia,MFA Biometrik / Token Valid,Tidak,1,1,-
PAYM-0490,Surabaya Branch,Transfer Internal,Mobile Banking,Individu / Retail,6.79,10,2,Tidak,Aktif Normal,1,Domestik Indonesia,MFA Biometrik / Token Valid,Tidak,1,1,-
PAYM-0491,Medan Branch,RTGS,Teller Cabang,Korporasi / Komersial,343.18,19,4,Tidak,Aktif Normal,2,Domestik Indonesia,MFA Biometrik / Token Valid,Tidak,1,2,-
PAYM-0492,Digital Banking Unit,Transfer Internal,Mobile Banking,Individu / Retail,21.59,11,4,Tidak,Akun Baru <7 Hari,1,Domestik Indonesia,MFA Biometrik / Token Valid,Tidak,1,1,-
PAYM-0493,Head Office,BI-FAST,Mobile Banking,Individu / Retail,8.66,21,4,Tidak,Aktif Normal,1,Domestik Indonesia,MFA Biometrik / Token Valid,Tidak,1,1,-
PAYM-0494,Surabaya Branch,SWIFT / Remittance Valas,Internet Banking Corporate,Korporasi / Komersial,406.2,13,3,Tidak,Aktif Normal,3,Standard International,SMS OTP Standar,Tidak,1,2,-
PAYM-0495,Jakarta Branch,BI-FAST,Mobile Banking,Individu / Retail,1.63,10,2,Ya,Aktif Normal,2,Domestik Indonesia,MFA Biometrik / Token Valid,Tidak,2,2,-
PAYM-0496,Bandung Branch,SKN / Kliring,Mobile Banking,Individu / Retail,21.62,16,1,Tidak,Aktif Normal,2,Domestik Indonesia,MFA Biometrik / Token Valid,Tidak,1,2,-
PAYM-0497,Medan Branch,BI-FAST,ATM,Individu / Retail,33.94,20,3,Tidak,Aktif Normal,1,Domestik Indonesia,MFA Biometrik / Token Valid,Tidak,1,1,-
PAYM-0498,Surabaya Branch,BI-FAST,Mobile Banking,Individu / Retail,9.85,14,1,Tidak,Aktif Normal,1,Domestik Indonesia,MFA Biometrik / Token Valid,Tidak,1,1,-
PAYM-0499,Surabaya Branch,Transfer Internal,API Host-to-Host,Korporasi / Komersial,384.42,18,5,Tidak,Aktif Normal,1,Domestik Indonesia,MFA Biometrik / Token Valid,Tidak,2,2,-
PAYM-0500,Head Office,RTGS,API Host-to-Host,Korporasi / Komersial,122.13,10,2,Tidak,Aktif Normal,1,Domestik Indonesia,SMS OTP Standar,Tidak,1,1,-
PAYM-0501,Bandung Branch,RTGS,Internet Banking Corporate,Korporasi / Komersial,1308.28,14,3,Tidak,Aktif Normal,1,Domestik Indonesia,MFA Biometrik / Token Valid,Tidak,1,1,-
PAYM-0502,Bandung Branch,RTGS,Internet Banking Corporate,Korporasi / Komersial,153.09,15,3,Tidak,Aktif Normal,1,Domestik Indonesia,SMS OTP Standar,Tidak,1,1,-
PAYM-0503,Surabaya Branch,RTGS,Teller Cabang,Korporasi / Komersial,167.91,8,5,Tidak,Akun Baru <7 Hari,2,Domestik Indonesia,MFA Biometrik / Token Valid,Tidak,1,1,-
PAYM-0504,Head Office,BI-FAST,Mobile Banking,Individu / Retail,15.19,11,5,Tidak,Aktif Normal,2,Domestik Indonesia,MFA Biometrik / Token Valid,Tidak,1,1,-
PAYM-0505,Surabaya Branch,SWIFT / Remittance Valas,Internet Banking Corporate,Korporasi / Komersial,260.39,9,3,Tidak,Aktif Normal,3,Standard International,MFA Biometrik / Token Valid,Tidak,1,1,-
PAYM-0506,Jakarta Branch,BI-FAST,Mobile Banking,Individu / Retail,2.27,16,2,Tidak,Aktif Normal,1,Domestik Indonesia,SMS OTP Standar,Tidak,1,2,-
PAYM-0507,Bandung Branch,BI-FAST,Mobile Banking,Individu / Retail,0.87,9,3,Tidak,Aktif Normal,1,Domestik Indonesia,MFA Biometrik / Token Valid,Tidak,2,1,-
PAYM-0508,Jakarta Branch,SWIFT / Remittance Valas,Internet Banking Corporate,Korporasi / Komersial,244.99,9,3,Tidak,Aktif Normal,1,Standard International,MFA Biometrik / Token Valid,Tidak,1,2,-
PAYM-0509,Medan Branch,RTGS,Internet Banking Corporate,Korporasi / Komersial,97.07,20,5,Tidak,Akun Baru <7 Hari,1,Domestik Indonesia,MFA Biometrik / Token Valid,Tidak,2,1,-
PAYM-0510,Medan Branch,BI-FAST,Mobile Banking,Individu / Retail,13.93,19,3,Tidak,Akun Baru <7 Hari,1,Domestik Indonesia,SMS OTP Standar,Tidak,2,1,-
PAYM-0511,Jakarta Branch,BI-FAST,Mobile Banking,Individu / Retail,2.77,13,2,Tidak,Aktif Normal,3,Domestik Indonesia,MFA Biometrik / Token Valid,Tidak,1,1,-
PAYM-0512,Head Office,BI-FAST,Mobile Banking,Individu / Retail,5.96,12,2,Tidak,Aktif Normal,1,Domestik Indonesia,MFA Biometrik / Token Valid,Tidak,2,1,-
PAYM-0513,Jakarta Branch,BI-FAST,Mobile Banking,Individu / Retail,12.46,8,1,Ya,Aktif Normal,4,Domestik Indonesia,MFA Biometrik / Token Valid,Tidak,1,1,-
PAYM-0514,Jakarta Branch,RTGS,Internet Banking Corporate,Korporasi / Komersial,560.39,21,2,Tidak,Aktif Normal,2,Domestik Indonesia,MFA Biometrik / Token Valid,Tidak,2,2,-
PAYM-0515,Bandung Branch,Transfer Internal,Mobile Banking,Individu / Retail,2.6,18,1,Tidak,Aktif Normal,1,Domestik Indonesia,MFA Biometrik / Token Valid,Tidak,1,1,-
PAYM-0516,Jakarta Branch,RTGS,Internet Banking Corporate,Korporasi / Komersial,54.93,12,5,Tidak,Aktif Normal,1,Domestik Indonesia,MFA Biometrik / Token Valid,Tidak,1,1,-
PAYM-0517,Surabaya Branch,RTGS,API Host-to-Host,Korporasi / Komersial,770.55,19,3,Tidak,Aktif Normal,1,Domestik Indonesia,MFA Biometrik / Token Valid,Tidak,1,1,-
PAYM-0518,Digital Banking Unit,BI-FAST,ATM,Individu / Retail,6.8,12,5,Ya,Aktif Normal,2,Domestik Indonesia,SMS OTP Standar,Tidak,2,1,-
PAYM-0519,Digital Banking Unit,BI-FAST,Mobile Banking,Individu / Retail,40.49,7,3,Tidak,Aktif Normal,4,Domestik Indonesia,SMS OTP Standar,Tidak,1,1,-
PAYM-0520,Jakarta Branch,Transfer Internal,Mobile Banking,Individu / Retail,22.37,21,1,Tidak,Akun Baru <7 Hari,1,Domestik Indonesia,MFA Biometrik / Token Valid,Tidak,1,2,-
PAYM-0521,Head Office,Transfer Internal,Mobile Banking,Individu / Retail,6.09,9,6,Tidak,Aktif Normal,1,Domestik Indonesia,MFA Biometrik / Token Valid,Tidak,2,1,-
PAYM-0522,Bandung Branch,SKN / Kliring,Mobile Banking,Individu / Retail,2.61,8,3,Tidak,Aktif Normal,1,Domestik Indonesia,MFA Biometrik / Token Valid,Tidak,1,2,-
PAYM-0523,Bandung Branch,SKN / Kliring,Mobile Banking,Individu / Retail,10.33,8,4,Tidak,Aktif Normal,1,Domestik Indonesia,MFA Biometrik / Token Valid,Tidak,1,2,-
PAYM-0524,Medan Branch,BI-FAST,Teller Cabang,Individu / Retail,4.92,17,1,Tidak,Aktif Normal,1,Domestik Indonesia,MFA Biometrik / Token Valid,Tidak,1,2,-
PAYM-0525,Digital Banking Unit,BI-FAST,Mobile Banking,Individu / Retail,20.49,10,5,Tidak,Aktif Normal,1,Domestik Indonesia,MFA Biometrik / Token Valid,Tidak,1,1,-
PAYM-0526,Jakarta Branch,BI-FAST,Mobile Banking,Individu / Retail,2025.81,6,2,Ya,Dormant / Pasif >180 Hari,1,Domestik Indonesia,Override Tanpa 2FA,Ya (Anomali),5,5,Pengurasan Rekening Pasif (Dormant Account Drain): Penarikan Dana Besar Tanpa Otentikasi Memadai
PAYM-0527,Medan Branch,Transfer Internal,Mobile Banking,Individu / Retail,11.1,14,2,Tidak,Aktif Normal,2,Domestik Indonesia,MFA Biometrik / Token Valid,Tidak,1,1,-
PAYM-0528,Head Office,SWIFT / Remittance Valas,Internet Banking Corporate,Korporasi / Komersial,8077.41,13,1,Ya,Aktif Normal,1,High-Risk Offshore Jurisdiction,SMS OTP Standar,Ya (Anomali),5,4,Transfer Valas Lintas Negara ke Yurisdiksi Berisiko Tinggi (High-Risk Offshore Tax Haven)
PAYM-0529,Medan Branch,BI-FAST,Mobile Banking,Individu / Retail,96.55,4,5,Ya,Aktif Normal,17,Domestik Indonesia,Override Tanpa 2FA,Ya (Anomali),4,5,Lonjakan Frekuensi Transaksi Abnormal (Velocity Risk: 17x dalam 24 Jam) ke Penerima Baru
PAYM-0530,Head Office,Transfer Internal,Internet Banking Corporate,Korporasi / Komersial,492.29,17,5,Tidak,Aktif Normal,7,Domestik Indonesia,MFA Biometrik / Token Valid,Ya (Anomali),5,5,Indikasi Smurfing / Structuring: Transaksi Terpecah Berulang Tepat di Bawah Batas Lapor PPATK Rp 500 Juta (492.29 Juta)
PAYM-0531,Head Office,Transfer Internal,Mobile Banking,Individu / Retail,3.59,6,4,Ya,Aktif Normal,1,Domestik Indonesia,SMS OTP Standar,Tidak,2,1,-
PAYM-0532,Medan Branch,BI-FAST,Mobile Banking,Individu / Retail,13.81,6,3,Ya,Aktif Normal,1,Domestik Indonesia,MFA Biometrik / Token Valid,Tidak,1,2,-
PAYM-0533,Digital Banking Unit,Transfer Internal,Mobile Banking,Individu / Retail,7.21,16,5,Tidak,Aktif Normal,2,Domestik Indonesia,SMS OTP Standar,Tidak,1,1,-
PAYM-0534,Digital Banking Unit,BI-FAST,Mobile Banking,Individu / Retail,11.16,7,3,Tidak,Aktif Normal,1,Domestik Indonesia,SMS OTP Standar,Tidak,1,1,-
PAYM-0535,Head Office,BI-FAST,Teller Cabang,Individu / Retail,52.16,9,5,Tidak,Aktif Normal,1,Domestik Indonesia,MFA Biometrik / Token Valid,Tidak,2,1,-
PAYM-0536,Bandung Branch,Transfer Internal,Mobile Banking,Individu / Retail,1625.18,18,6,Ya,Dormant / Pasif >180 Hari,2,Domestik Indonesia,Override Tanpa 2FA,Ya (Anomali),5,5,Pengurasan Rekening Pasif (Dormant Account Drain): Penarikan Dana Besar Tanpa Otentikasi Memadai
PAYM-0537,Head Office,Transfer Internal,Internet Banking Corporate,Korporasi / Komersial,57.6,21,1,Ya,Aktif Normal,25,Domestik Indonesia,Override Tanpa 2FA,Ya (Anomali),4,5,Lonjakan Frekuensi Transaksi Abnormal (Velocity Risk: 25x dalam 24 Jam) ke Penerima Baru
PAYM-0538,Bandung Branch,BI-FAST,ATM,Individu / Retail,6.05,11,5,Tidak,Aktif Normal,3,Domestik Indonesia,MFA Biometrik / Token Valid,Tidak,1,1,-
PAYM-0539,Medan Branch,Transfer Internal,Mobile Banking,Individu / Retail,17.12,8,5,Tidak,Aktif Normal,1,Domestik Indonesia,MFA Biometrik / Token Valid,Tidak,2,2,-
PAYM-0540,Medan Branch,SKN / Kliring,Mobile Banking,Individu / Retail,25.04,19,4,Tidak,Aktif Normal,1,Domestik Indonesia,MFA Biometrik / Token Valid,Tidak,1,1,-
PAYM-0541,Medan Branch,BI-FAST,ATM,Individu / Retail,10.74,20,3,Tidak,Aktif Normal,3,Domestik Indonesia,MFA Biometrik / Token Valid,Tidak,1,2,-
PAYM-0542,Jakarta Branch,BI-FAST,Mobile Banking,Individu / Retail,26.98,17,2,Ya,Aktif Normal,2,Domestik Indonesia,MFA Biometrik / Token Valid,Tidak,2,1,-
PAYM-0543,Jakarta Branch,BI-FAST,Mobile Banking,Individu / Retail,9.09,10,2,Tidak,Aktif Normal,2,Domestik Indonesia,SMS OTP Standar,Tidak,2,1,-
PAYM-0544,Digital Banking Unit,SKN / Kliring,Mobile Banking,Individu / Retail,25.15,15,3,Tidak,Aktif Normal,1,Domestik Indonesia,MFA Biometrik / Token Valid,Tidak,2,1,-
PAYM-0545,Jakarta Branch,SKN / Kliring,Internet Banking Corporate,Korporasi / Komersial,748.19,18,4,Tidak,Aktif Normal,1,Domestik Indonesia,MFA Biometrik / Token Valid,Tidak,1,1,-
PAYM-0546,Medan Branch,RTGS,Internet Banking Corporate,Korporasi / Komersial,676.99,20,2,Tidak,Aktif Normal,1,Domestik Indonesia,MFA Biometrik / Token Valid,Tidak,1,1,-
PAYM-0547,Jakarta Branch,BI-FAST,Teller Cabang,Individu / Retail,17.35,19,5,Tidak,Aktif Normal,3,Domestik Indonesia,SMS OTP Standar,Tidak,1,1,-
PAYM-0548,Bandung Branch,Transfer Internal,Internet Banking Corporate,Korporasi / Komersial,738.95,16,5,Tidak,Aktif Normal,1,Domestik Indonesia,MFA Biometrik / Token Valid,Tidak,1,2,-
PAYM-0549,Jakarta Branch,RTGS,API Host-to-Host,Korporasi / Komersial,748.91,8,4,Tidak,Aktif Normal,2,Domestik Indonesia,SMS OTP Standar,Tidak,1,1,-
PAYM-0550,Bandung Branch,RTGS,Internet Banking Corporate,Korporasi / Komersial,408.75,18,1,Tidak,Aktif Normal,2,Domestik Indonesia,MFA Biometrik / Token Valid,Tidak,2,2,-
PAYM-0551,Digital Banking Unit,BI-FAST,ATM,Individu / Retail,15.05,17,4,Tidak,Aktif Normal,1,Domestik Indonesia,MFA Biometrik / Token Valid,Tidak,1,2,-
PAYM-0552,Digital Banking Unit,Transfer Internal,Internet Banking Corporate,Korporasi / Komersial,352.27,10,1,Tidak,Aktif Normal,2,Domestik Indonesia,MFA Biometrik / Token Valid,Tidak,1,1,-
PAYM-0553,Digital Banking Unit,BI-FAST,ATM,Individu / Retail,2.46,14,1,Tidak,Aktif Normal,1,Domestik Indonesia,MFA Biometrik / Token Valid,Tidak,1,2,-
PAYM-0554,Jakarta Branch,BI-FAST,Mobile Banking,Individu / Retail,1.25,8,3,Tidak,Aktif Normal,1,Domestik Indonesia,MFA Biometrik / Token Valid,Tidak,1,2,-
PAYM-0555,Medan Branch,BI-FAST,Mobile Banking,Individu / Retail,20.61,14,5,Tidak,Aktif Normal,3,Domestik Indonesia,MFA Biometrik / Token Valid,Tidak,2,1,-
PAYM-0556,Medan Branch,RTGS,API Host-to-Host,Korporasi / Komersial,436.17,17,1,Tidak,Aktif Normal,1,Domestik Indonesia,MFA Biometrik / Token Valid,Tidak,1,2,-
PAYM-0557,Digital Banking Unit,Transfer Internal,Mobile Banking,Individu / Retail,75.73,17,3,Ya,Aktif Normal,1,Domestik Indonesia,MFA Biometrik / Token Valid,Tidak,1,1,-
PAYM-0558,Jakarta Branch,Transfer Internal,Mobile Banking,Individu / Retail,22.7,14,2,Tidak,Akun Baru <7 Hari,1,Domestik Indonesia,SMS OTP Standar,Tidak,1,1,-
PAYM-0559,Jakarta Branch,BI-FAST,ATM,Individu / Retail,4.67,14,5,Tidak,Aktif Normal,1,Domestik Indonesia,MFA Biometrik / Token Valid,Tidak,1,2,-
PAYM-0560,Medan Branch,BI-FAST,Mobile Banking,Individu / Retail,1.25,20,2,Tidak,Aktif Normal,1,Domestik Indonesia,SMS OTP Standar,Tidak,1,1,-
PAYM-0561,Jakarta Branch,BI-FAST,ATM,Individu / Retail,5.4,15,3,Tidak,Aktif Normal,1,Domestik Indonesia,SMS OTP Standar,Tidak,1,2,-
PAYM-0562,Bandung Branch,Transfer Internal,API Host-to-Host,Korporasi / Komersial,693.4,16,1,Tidak,Aktif Normal,1,Domestik Indonesia,SMS OTP Standar,Tidak,1,2,-
PAYM-0563,Surabaya Branch,BI-FAST,ATM,Individu / Retail,14.69,13,1,Tidak,Akun Baru <7 Hari,1,Domestik Indonesia,MFA Biometrik / Token Valid,Tidak,1,1,-
PAYM-0564,Surabaya Branch,BI-FAST,ATM,Individu / Retail,13.0,15,3,Tidak,Aktif Normal,4,Domestik Indonesia,MFA Biometrik / Token Valid,Tidak,1,1,-
PAYM-0565,Digital Banking Unit,SWIFT / Remittance Valas,API Host-to-Host,Korporasi / Komersial,79.09,12,4,Tidak,Aktif Normal,2,Standard International,SMS OTP Standar,Tidak,1,2,-
PAYM-0566,Digital Banking Unit,RTGS,Internet Banking Corporate,Korporasi / Komersial,611.37,19,4,Tidak,Aktif Normal,2,Domestik Indonesia,SMS OTP Standar,Tidak,2,1,-
PAYM-0567,Bandung Branch,Transfer Internal,Mobile Banking,Individu / Retail,71.25,11,4,Tidak,Aktif Normal,1,Domestik Indonesia,MFA Biometrik / Token Valid,Tidak,1,2,-
PAYM-0568,Medan Branch,BI-FAST,Mobile Banking,Individu / Retail,8.03,15,5,Tidak,Aktif Normal,2,Domestik Indonesia,SMS OTP Standar,Tidak,1,2,-
PAYM-0569,Surabaya Branch,BI-FAST,Mobile Banking,Individu / Retail,4.77,14,4,Tidak,Aktif Normal,1,Domestik Indonesia,SMS OTP Standar,Tidak,1,1,-
PAYM-0570,Bandung Branch,Transfer Internal,Mobile Banking,Individu / Retail,76.33,7,3,Ya,Aktif Normal,2,Domestik Indonesia,MFA Biometrik / Token Valid,Tidak,1,1,-
PAYM-0571,Medan Branch,Transfer Internal,Mobile Banking,Individu / Retail,43.38,18,1,Tidak,Aktif Normal,1,Domestik Indonesia,MFA Biometrik / Token Valid,Tidak,2,1,-
PAYM-0572,Digital Banking Unit,Transfer Internal,ATM,Individu / Retail,11.97,7,5,Ya,Aktif Normal,1,Domestik Indonesia,MFA Biometrik / Token Valid,Tidak,1,2,-
PAYM-0573,Digital Banking Unit,Transfer Internal,Mobile Banking,Individu / Retail,37.14,13,4,Tidak,Akun Baru <7 Hari,1,Domestik Indonesia,MFA Biometrik / Token Valid,Tidak,1,1,-
PAYM-0574,Jakarta Branch,RTGS,Internet Banking Corporate,Korporasi / Komersial,134.03,20,4,Ya,Aktif Normal,1,Domestik Indonesia,MFA Biometrik / Token Valid,Tidak,1,1,-
PAYM-0575,Jakarta Branch,SKN / Kliring,Mobile Banking,Individu / Retail,17.44,9,4,Tidak,Aktif Normal,1,Domestik Indonesia,MFA Biometrik / Token Valid,Tidak,1,2,-
PAYM-0576,Medan Branch,SWIFT / Remittance Valas,Internet Banking Corporate,Korporasi / Komersial,1827.07,9,2,Ya,Aktif Normal,2,High-Risk Offshore Jurisdiction,MFA Biometrik / Token Valid,Ya (Anomali),5,4,Transfer Valas Lintas Negara ke Yurisdiksi Berisiko Tinggi (High-Risk Offshore Tax Haven)
PAYM-0577,Jakarta Branch,BI-FAST,Mobile Banking,Individu / Retail,19.68,21,5,Tidak,Aktif Normal,1,Domestik Indonesia,SMS OTP Standar,Tidak,1,1,-
PAYM-0578,Digital Banking Unit,BI-FAST,Mobile Banking,Individu / Retail,9.73,13,1,Tidak,Aktif Normal,2,Domestik Indonesia,SMS OTP Standar,Tidak,1,1,-
PAYM-0579,Head Office,Transfer Internal,Mobile Banking,Individu / Retail,29.47,20,2,Ya,Aktif Normal,1,Domestik Indonesia,MFA Biometrik / Token Valid,Tidak,1,2,-
PAYM-0580,Head Office,SKN / Kliring,Mobile Banking,Individu / Retail,18.65,6,3,Tidak,Aktif Normal,1,Domestik Indonesia,MFA Biometrik / Token Valid,Tidak,1,1,-
PAYM-0581,Jakarta Branch,RTGS,API Host-to-Host,Korporasi / Komersial,927.95,3,6,Ya,Aktif Normal,1,Domestik Indonesia,SMS OTP Standar,Ya (Anomali),5,5,Transfer Jumlah Sangat Besar di Dini Hari (Jam 3) Akhir Pekan ke Penerima Baru
PAYM-0582,Digital Banking Unit,Transfer Internal,Internet Banking Corporate,Korporasi / Komersial,268.63,14,1,Ya,Aktif Normal,16,Domestik Indonesia,SMS OTP Standar,Ya (Anomali),5,5,Lonjakan Frekuensi Transaksi Abnormal (Velocity Risk: 16x dalam 24 Jam) ke Penerima Baru
PAYM-0583,Medan Branch,Transfer Internal,Mobile Banking,Individu / Retail,89.31,17,7,Tidak,Aktif Normal,1,Domestik Indonesia,MFA Biometrik / Token Valid,Tidak,2,1,-
PAYM-0584,Medan Branch,BI-FAST,Mobile Banking,Individu / Retail,6.82,17,1,Tidak,Aktif Normal,2,Domestik Indonesia,MFA Biometrik / Token Valid,Tidak,1,1,-
PAYM-0585,Bandung Branch,RTGS,API Host-to-Host,Korporasi / Komersial,30.16,21,2,Tidak,Aktif Normal,3,Domestik Indonesia,SMS OTP Standar,Tidak,1,1,-
PAYM-0586,Bandung Branch,RTGS,Internet Banking Corporate,Korporasi / Komersial,280.17,15,4,Tidak,Aktif Normal,2,Domestik Indonesia,SMS OTP Standar,Tidak,2,1,-
PAYM-0587,Surabaya Branch,Transfer Internal,Internet Banking Corporate,Korporasi / Komersial,464.04,12,2,Tidak,Aktif Normal,2,Domestik Indonesia,MFA Biometrik / Token Valid,Tidak,1,1,-
PAYM-0588,Medan Branch,SKN / Kliring,Mobile Banking,Individu / Retail,53.9,20,3,Tidak,Aktif Normal,3,Domestik Indonesia,MFA Biometrik / Token Valid,Tidak,1,1,-
PAYM-0589,Medan Branch,Transfer Internal,Internet Banking Corporate,Korporasi / Komersial,173.58,13,1,Tidak,Aktif Normal,3,Domestik Indonesia,SMS OTP Standar,Tidak,2,1,-
PAYM-0590,Head Office,SKN / Kliring,Internet Banking Corporate,Korporasi / Komersial,314.49,15,5,Tidak,Aktif Normal,1,Domestik Indonesia,SMS OTP Standar,Tidak,2,1,-
PAYM-0591,Medan Branch,RTGS,Internet Banking Corporate,Korporasi / Komersial,313.22,3,1,Ya,Aktif Normal,22,Domestik Indonesia,SMS OTP Standar,Ya (Anomali),4,5,Lonjakan Frekuensi Transaksi Abnormal (Velocity Risk: 22x dalam 24 Jam) ke Penerima Baru
PAYM-0592,Head Office,Transfer Internal,ATM,Individu / Retail,25.58,8,5,Tidak,Aktif Normal,1,Domestik Indonesia,MFA Biometrik / Token Valid,Tidak,1,1,-
PAYM-0593,Head Office,BI-FAST,Mobile Banking,Individu / Retail,629.43,14,2,Tidak,Aktif Normal,2,Domestik Indonesia,MFA Biometrik / Token Valid,Ya (Anomali),4,4,Pelanggaran Limit Kanal Pembayaran: Transaksi BI-FAST Melebihi Batas Maksimal Regulasi Bank Indonesia (>Rp 250 Juta)
PAYM-0594,Surabaya Branch,SWIFT / Remittance Valas,API Host-to-Host,Korporasi / Komersial,113.26,10,3,Tidak,Aktif Normal,1,Standard International,MFA Biometrik / Token Valid,Tidak,1,1,-
PAYM-0595,Medan Branch,SKN / Kliring,Teller Cabang,Individu / Retail,12.61,19,3,Tidak,Aktif Normal,1,Domestik Indonesia,MFA Biometrik / Token Valid,Tidak,1,2,-
PAYM-0596,Medan Branch,BI-FAST,Mobile Banking,Individu / Retail,20.83,9,3,Tidak,Akun Baru <7 Hari,4,Domestik Indonesia,MFA Biometrik / Token Valid,Tidak,1,1,-
PAYM-0597,Bandung Branch,Transfer Internal,Mobile Banking,Individu / Retail,38.48,7,3,Tidak,Aktif Normal,1,Domestik Indonesia,MFA Biometrik / Token Valid,Tidak,1,1,-
PAYM-0598,Surabaya Branch,SWIFT / Remittance Valas,Internet Banking Corporate,Korporasi / Komersial,69.14,19,2,Tidak,Aktif Normal,1,Standard International,SMS OTP Standar,Tidak,1,1,-
PAYM-0599,Medan Branch,Transfer Internal,Mobile Banking,Individu / Retail,33.37,20,3,Ya,Aktif Normal,1,Domestik Indonesia,MFA Biometrik / Token Valid,Tidak,1,1,-
PAYM-0600,Surabaya Branch,Transfer Internal,Mobile Banking,Individu / Retail,10.48,13,5,Tidak,Aktif Normal,1,Domestik Indonesia,MFA Biometrik / Token Valid,Tidak,1,1,-
PAYM-0601,Surabaya Branch,BI-FAST,Mobile Banking,Individu / Retail,19.96,8,1,Ya,Aktif Normal,1,Domestik Indonesia,SMS OTP Standar,Tidak,1,1,-
PAYM-0602,Bandung Branch,BI-FAST,Mobile Banking,Individu / Retail,394.36,14,2,Tidak,Aktif Normal,1,Domestik Indonesia,MFA Biometrik / Token Valid,Ya (Anomali),4,4,Pelanggaran Limit Kanal Pembayaran: Transaksi BI-FAST Melebihi Batas Maksimal Regulasi Bank Indonesia (>Rp 250 Juta)
PAYM-0603,Jakarta Branch,Transfer Internal,Mobile Banking,Individu / Retail,482.9,14,3,Ya,Aktif Normal,7,Domestik Indonesia,MFA Biometrik / Token Valid,Ya (Anomali),5,5,Indikasi Smurfing / Structuring: Transaksi Terpecah Berulang Tepat di Bawah Batas Lapor PPATK Rp 500 Juta (482.9 Juta)
PAYM-0604,Jakarta Branch,SWIFT / Remittance Valas,Teller Cabang,Korporasi / Komersial,2794.9,0,6,Ya,Aktif Normal,2,Domestik Indonesia,SMS OTP Standar,Ya (Anomali),5,5,Transfer Jumlah Sangat Besar di Dini Hari (Jam 0) Akhir Pekan ke Penerima Baru
PAYM-0605,Surabaya Branch,BI-FAST,ATM,Individu / Retail,18.1,7,2,Ya,Aktif Normal,2,Domestik Indonesia,MFA Biometrik / Token Valid,Tidak,1,1,-
PAYM-0606,Bandung Branch,SWIFT / Remittance Valas,Internet Banking Corporate,Korporasi / Komersial,59.42,12,2,Tidak,Aktif Normal,2,Standard International,MFA Biometrik / Token Valid,Tidak,2,1,-
PAYM-0607,Digital Banking Unit,BI-FAST,Mobile Banking,Individu / Retail,58.91,16,1,Ya,Aktif Normal,2,Domestik Indonesia,MFA Biometrik / Token Valid,Tidak,2,1,-
PAYM-0608,Surabaya Branch,BI-FAST,ATM,Individu / Retail,2.36,12,1,Tidak,Aktif Normal,1,Domestik Indonesia,MFA Biometrik / Token Valid,Tidak,1,1,-
PAYM-0609,Surabaya Branch,SKN / Kliring,Mobile Banking,Individu / Retail,27.4,12,2,Tidak,Aktif Normal,1,Domestik Indonesia,SMS OTP Standar,Tidak,1,1,-
PAYM-0610,Surabaya Branch,BI-FAST,ATM,Individu / Retail,30.71,9,5,Tidak,Aktif Normal,2,Domestik Indonesia,MFA Biometrik / Token Valid,Tidak,1,1,-
PAYM-0611,Jakarta Branch,SKN / Kliring,Internet Banking Corporate,Korporasi / Komersial,947.74,20,2,Tidak,Aktif Normal,1,Domestik Indonesia,MFA Biometrik / Token Valid,Tidak,1,2,-
PAYM-0612,Bandung Branch,BI-FAST,Mobile Banking,Individu / Retail,11.24,16,4,Ya,Aktif Normal,3,Domestik Indonesia,MFA Biometrik / Token Valid,Tidak,2,2,-
PAYM-0613,Digital Banking Unit,BI-FAST,Mobile Banking,Individu / Retail,386.89,16,4,Tidak,Aktif Normal,1,Domestik Indonesia,MFA Biometrik / Token Valid,Ya (Anomali),4,3,Pelanggaran Limit Kanal Pembayaran: Transaksi BI-FAST Melebihi Batas Maksimal Regulasi Bank Indonesia (>Rp 250 Juta)
PAYM-0614,Medan Branch,Transfer Internal,Mobile Banking,Individu / Retail,31.84,13,1,Tidak,Akun Baru <7 Hari,1,Domestik Indonesia,MFA Biometrik / Token Valid,Tidak,2,2,-
PAYM-0615,Bandung Branch,RTGS,API Host-to-Host,Korporasi / Komersial,1496.37,10,5,Ya,Aktif Normal,1,Domestik Indonesia,MFA Biometrik / Token Valid,Tidak,1,2,-
PAYM-0616,Bandung Branch,BI-FAST,ATM,Individu / Retail,28.25,16,3,Tidak,Akun Baru <7 Hari,1,Domestik Indonesia,MFA Biometrik / Token Valid,Tidak,2,2,-
PAYM-0617,Bandung Branch,BI-FAST,ATM,Individu / Retail,13.86,7,4,Tidak,Akun Baru <7 Hari,1,Domestik Indonesia,SMS OTP Standar,Tidak,1,2,-
PAYM-0618,Medan Branch,BI-FAST,Mobile Banking,Korporasi / Komersial,410.3,17,3,Tidak,Aktif Normal,1,Domestik Indonesia,MFA Biometrik / Token Valid,Ya (Anomali),4,3,Pelanggaran Limit Kanal Pembayaran: Transaksi BI-FAST Melebihi Batas Maksimal Regulasi Bank Indonesia (>Rp 250 Juta)
PAYM-0619,Bandung Branch,BI-FAST,Mobile Banking,Individu / Retail,7.53,20,4,Tidak,Aktif Normal,1,Domestik Indonesia,MFA Biometrik / Token Valid,Tidak,2,1,-
PAYM-0620,Head Office,BI-FAST,Mobile Banking,Individu / Retail,34.14,15,4,Tidak,Aktif Normal,1,Domestik Indonesia,SMS OTP Standar,Tidak,2,1,-
PAYM-0621,Medan Branch,BI-FAST,Mobile Banking,Individu / Retail,21.33,17,5,Tidak,Akun Baru <7 Hari,3,Domestik Indonesia,MFA Biometrik / Token Valid,Tidak,1,2,-
PAYM-0622,Digital Banking Unit,Transfer Internal,Mobile Banking,Individu / Retail,14.79,17,1,Tidak,Aktif Normal,1,Domestik Indonesia,MFA Biometrik / Token Valid,Tidak,1,1,-
PAYM-0623,Digital Banking Unit,BI-FAST,ATM,Individu / Retail,15.19,10,7,Tidak,Aktif Normal,3,Domestik Indonesia,MFA Biometrik / Token Valid,Tidak,1,1,-
PAYM-0624,Head Office,BI-FAST,Mobile Banking,Individu / Retail,13.51,9,1,Tidak,Akun Baru <7 Hari,1,Domestik Indonesia,MFA Biometrik / Token Valid,Tidak,2,1,-
PAYM-0625,Jakarta Branch,BI-FAST,Mobile Banking,Individu / Retail,20.34,11,2,Ya,Aktif Normal,2,Domestik Indonesia,MFA Biometrik / Token Valid,Tidak,2,1,-
PAYM-0626,Jakarta Branch,BI-FAST,Teller Cabang,Individu / Retail,33.11,12,4,Tidak,Aktif Normal,1,Domestik Indonesia,MFA Biometrik / Token Valid,Tidak,2,2,-
PAYM-0627,Bandung Branch,BI-FAST,Mobile Banking,Individu / Retail,7.26,12,3,Tidak,Aktif Normal,4,Domestik Indonesia,MFA Biometrik / Token Valid,Tidak,2,2,-
PAYM-0628,Head Office,Transfer Internal,Internet Banking Corporate,Korporasi / Komersial,67.2,7,4,Ya,Aktif Normal,1,Domestik Indonesia,MFA Biometrik / Token Valid,Tidak,1,2,-
PAYM-0629,Head Office,SWIFT / Remittance Valas,Internet Banking Corporate,Korporasi / Komersial,526.13,7,4,Tidak,Aktif Normal,2,Standard International,SMS OTP Standar,Tidak,2,1,-
PAYM-0630,Head Office,Transfer Internal,Internet Banking Corporate,Korporasi / Komersial,1681.49,13,4,Tidak,Aktif Normal,3,Domestik Indonesia,MFA Biometrik / Token Valid,Tidak,2,1,-
PAYM-0631,Surabaya Branch,BI-FAST,ATM,Individu / Retail,13.02,7,3,Tidak,Aktif Normal,2,Domestik Indonesia,MFA Biometrik / Token Valid,Tidak,1,1,-
PAYM-0632,Bandung Branch,Transfer Internal,Mobile Banking,Individu / Retail,20.59,17,4,Tidak,Aktif Normal,1,Domestik Indonesia,MFA Biometrik / Token Valid,Tidak,1,1,-
PAYM-0633,Digital Banking Unit,Transfer Internal,Mobile Banking,Individu / Retail,10.01,15,3,Tidak,Aktif Normal,1,Domestik Indonesia,MFA Biometrik / Token Valid,Tidak,1,2,-
PAYM-0634,Bandung Branch,Transfer Internal,Mobile Banking,Individu / Retail,8.21,11,1,Ya,Aktif Normal,1,Domestik Indonesia,MFA Biometrik / Token Valid,Tidak,2,1,-
PAYM-0635,Head Office,Transfer Internal,Mobile Banking,Individu / Retail,17.94,11,1,Tidak,Akun Baru <7 Hari,2,Domestik Indonesia,SMS OTP Standar,Tidak,1,2,-
PAYM-0636,Surabaya Branch,BI-FAST,Mobile Banking,Individu / Retail,1398.59,17,3,Ya,Dormant / Pasif >180 Hari,1,Domestik Indonesia,Override Tanpa 2FA,Ya (Anomali),5,5,Pengurasan Rekening Pasif (Dormant Account Drain): Penarikan Dana Besar Tanpa Otentikasi Memadai
PAYM-0637,Medan Branch,BI-FAST,Mobile Banking,Individu / Retail,20.21,10,1,Tidak,Aktif Normal,2,Domestik Indonesia,MFA Biometrik / Token Valid,Tidak,2,1,-
PAYM-0638,Medan Branch,RTGS,Internet Banking Corporate,Korporasi / Komersial,352.36,15,4,Tidak,Aktif Normal,1,Domestik Indonesia,MFA Biometrik / Token Valid,Tidak,1,1,-
PAYM-0639,Bandung Branch,BI-FAST,Mobile Banking,Individu / Retail,14.64,21,5,Tidak,Aktif Normal,1,Domestik Indonesia,MFA Biometrik / Token Valid,Tidak,1,1,-
PAYM-0640,Jakarta Branch,Transfer Internal,Mobile Banking,Individu / Retail,78.69,13,3,Tidak,Aktif Normal,1,Domestik Indonesia,SMS OTP Standar,Tidak,1,1,-
PAYM-0641,Jakarta Branch,BI-FAST,Mobile Banking,Individu / Retail,4.12,11,1,Tidak,Aktif Normal,1,Domestik Indonesia,MFA Biometrik / Token Valid,Tidak,1,1,-
PAYM-0642,Digital Banking Unit,RTGS,Internet Banking Corporate,Korporasi / Komersial,609.06,16,4,Tidak,Aktif Normal,3,Domestik Indonesia,SMS OTP Standar,Tidak,1,1,-
PAYM-0643,Jakarta Branch,SKN / Kliring,Mobile Banking,Individu / Retail,2.68,7,4,Tidak,Aktif Normal,1,Domestik Indonesia,MFA Biometrik / Token Valid,Tidak,1,2,-
PAYM-0644,Digital Banking Unit,Transfer Internal,Mobile Banking,Individu / Retail,35.03,13,2,Tidak,Aktif Normal,1,Domestik Indonesia,MFA Biometrik / Token Valid,Tidak,1,1,-
PAYM-0645,Head Office,BI-FAST,Mobile Banking,Individu / Retail,12.15,12,4,Tidak,Aktif Normal,1,Domestik Indonesia,SMS OTP Standar,Tidak,2,2,-
PAYM-0646,Jakarta Branch,RTGS,Internet Banking Corporate,Korporasi / Komersial,1719.98,13,1,Tidak,Aktif Normal,4,Domestik Indonesia,MFA Biometrik / Token Valid,Tidak,1,1,-
PAYM-0647,Jakarta Branch,BI-FAST,Mobile Banking,Individu / Retail,25.01,13,5,Tidak,Akun Baru <7 Hari,3,Domestik Indonesia,MFA Biometrik / Token Valid,Tidak,1,2,-
PAYM-0648,Surabaya Branch,Transfer Internal,Mobile Banking,Individu / Retail,16.88,21,4,Tidak,Aktif Normal,1,Domestik Indonesia,MFA Biometrik / Token Valid,Tidak,2,1,-
PAYM-0649,Head Office,BI-FAST,Mobile Banking,Individu / Retail,11.75,16,2,Tidak,Aktif Normal,1,Domestik Indonesia,MFA Biometrik / Token Valid,Tidak,1,1,-
PAYM-0650,Surabaya Branch,BI-FAST,Mobile Banking,Individu / Retail,17.85,9,3,Tidak,Aktif Normal,2,Domestik Indonesia,MFA Biometrik / Token Valid,Tidak,1,1,-
PAYM-0651,Head Office,Transfer Internal,Internet Banking Corporate,Korporasi / Komersial,321.37,17,1,Tidak,Aktif Normal,1,Domestik Indonesia,SMS OTP Standar,Tidak,1,1,-
PAYM-0652,Head Office,BI-FAST,Mobile Banking,Individu / Retail,38.5,20,1,Tidak,Aktif Normal,1,Domestik Indonesia,MFA Biometrik / Token Valid,Tidak,1,2,-
PAYM-0653,Digital Banking Unit,Transfer Internal,Internet Banking Corporate,Korporasi / Komersial,49.47,15,1,Tidak,Aktif Normal,2,Domestik Indonesia,SMS OTP Standar,Tidak,2,2,-
PAYM-0654,Surabaya Branch,BI-FAST,Mobile Banking,Individu / Retail,18.95,12,5,Tidak,Aktif Normal,1,Domestik Indonesia,MFA Biometrik / Token Valid,Tidak,2,1,-
PAYM-0655,Medan Branch,Transfer Internal,Mobile Banking,Individu / Retail,1543.84,18,5,Ya,Dormant / Pasif >180 Hari,2,Domestik Indonesia,Override Tanpa 2FA,Ya (Anomali),5,5,Pengurasan Rekening Pasif (Dormant Account Drain): Penarikan Dana Besar Tanpa Otentikasi Memadai
PAYM-0656,Jakarta Branch,SWIFT / Remittance Valas,API Host-to-Host,Korporasi / Komersial,290.87,11,2,Tidak,Aktif Normal,2,Standard International,MFA Biometrik / Token Valid,Tidak,2,2,-
PAYM-0657,Head Office,SKN / Kliring,ATM,Individu / Retail,124.5,15,4,Ya,Aktif Normal,1,Domestik Indonesia,MFA Biometrik / Token Valid,Tidak,2,2,-
PAYM-0658,Surabaya Branch,Transfer Internal,Mobile Banking,Individu / Retail,26.18,8,2,Tidak,Aktif Normal,1,Domestik Indonesia,MFA Biometrik / Token Valid,Tidak,2,1,-
PAYM-0659,Digital Banking Unit,SKN / Kliring,ATM,Individu / Retail,59.64,21,7,Tidak,Aktif Normal,1,Domestik Indonesia,MFA Biometrik / Token Valid,Tidak,1,1,-
PAYM-0660,Medan Branch,Transfer Internal,ATM,Individu / Retail,41.29,20,5,Tidak,Aktif Normal,2,Domestik Indonesia,MFA Biometrik / Token Valid,Tidak,1,1,-
PAYM-0661,Jakarta Branch,Transfer Internal,Mobile Banking,Individu / Retail,14.27,18,5,Ya,Aktif Normal,2,Domestik Indonesia,MFA Biometrik / Token Valid,Tidak,1,1,-
PAYM-0662,Head Office,Transfer Internal,Mobile Banking,Individu / Retail,10.39,8,4,Tidak,Aktif Normal,1,Domestik Indonesia,MFA Biometrik / Token Valid,Tidak,2,2,-
PAYM-0663,Bandung Branch,BI-FAST,Mobile Banking,Individu / Retail,59.54,10,5,Tidak,Aktif Normal,3,Domestik Indonesia,MFA Biometrik / Token Valid,Tidak,1,1,-
PAYM-0664,Surabaya Branch,Transfer Internal,ATM,Individu / Retail,1553.94,23,7,Ya,Aktif Normal,1,Domestik Indonesia,Override Tanpa 2FA,Ya (Anomali),5,4,Transfer Jumlah Sangat Besar di Dini Hari (Jam 23) Akhir Pekan ke Penerima Baru
PAYM-0665,Surabaya Branch,RTGS,API Host-to-Host,Korporasi / Komersial,610.4,7,4,Tidak,Aktif Normal,4,Domestik Indonesia,MFA Biometrik / Token Valid,Tidak,1,1,-
PAYM-0666,Digital Banking Unit,BI-FAST,ATM,Individu / Retail,4.61,14,5,Ya,Akun Baru <7 Hari,1,Domestik Indonesia,MFA Biometrik / Token Valid,Tidak,1,2,-
PAYM-0667,Medan Branch,Transfer Internal,API Host-to-Host,Korporasi / Komersial,820.45,17,1,Tidak,Aktif Normal,1,Domestik Indonesia,MFA Biometrik / Token Valid,Tidak,1,2,-
PAYM-0668,Surabaya Branch,BI-FAST,Mobile Banking,Individu / Retail,34.41,14,2,Tidak,Akun Baru <7 Hari,1,Domestik Indonesia,MFA Biometrik / Token Valid,Tidak,2,1,-
PAYM-0669,Medan Branch,BI-FAST,ATM,Individu / Retail,492.19,10,5,Tidak,Aktif Normal,7,Domestik Indonesia,MFA Biometrik / Token Valid,Ya (Anomali),5,5,Indikasi Smurfing / Structuring: Transaksi Terpecah Berulang Tepat di Bawah Batas Lapor PPATK Rp 500 Juta (492.19 Juta)
PAYM-0670,Jakarta Branch,Transfer Internal,API Host-to-Host,Korporasi / Komersial,314.58,8,2,Tidak,Akun Baru <7 Hari,1,Domestik Indonesia,MFA Biometrik / Token Valid,Tidak,1,1,-
PAYM-0671,Digital Banking Unit,BI-FAST,ATM,Individu / Retail,14.55,14,3,Ya,Aktif Normal,2,Domestik Indonesia,MFA Biometrik / Token Valid,Tidak,2,2,-
PAYM-0672,Digital Banking Unit,BI-FAST,Mobile Banking,Korporasi / Komersial,546.94,14,5,Tidak,Aktif Normal,2,Domestik Indonesia,MFA Biometrik / Token Valid,Ya (Anomali),4,4,Pelanggaran Limit Kanal Pembayaran: Transaksi BI-FAST Melebihi Batas Maksimal Regulasi Bank Indonesia (>Rp 250 Juta)
PAYM-0673,Bandung Branch,SKN / Kliring,API Host-to-Host,Korporasi / Komersial,299.12,16,4,Tidak,Aktif Normal,2,Domestik Indonesia,MFA Biometrik / Token Valid,Tidak,1,1,-
PAYM-0674,Surabaya Branch,RTGS,Internet Banking Corporate,Korporasi / Komersial,339.46,17,5,Tidak,Aktif Normal,1,Domestik Indonesia,SMS OTP Standar,Tidak,2,1,-
PAYM-0675,Bandung Branch,BI-FAST,ATM,Individu / Retail,77.23,20,1,Tidak,Aktif Normal,3,Domestik Indonesia,MFA Biometrik / Token Valid,Tidak,1,1,-
PAYM-0676,Digital Banking Unit,SKN / Kliring,Mobile Banking,Individu / Retail,12.14,15,1,Tidak,Akun Baru <7 Hari,1,Domestik Indonesia,MFA Biometrik / Token Valid,Tidak,2,1,-
PAYM-0677,Medan Branch,BI-FAST,Mobile Banking,Individu / Retail,2.15,14,5,Tidak,Aktif Normal,1,Domestik Indonesia,MFA Biometrik / Token Valid,Tidak,1,1,-
PAYM-0678,Digital Banking Unit,BI-FAST,ATM,Individu / Retail,6.81,14,3,Ya,Aktif Normal,1,Domestik Indonesia,SMS OTP Standar,Tidak,1,1,-
PAYM-0679,Medan Branch,BI-FAST,Mobile Banking,Individu / Retail,7.39,18,1,Tidak,Aktif Normal,1,Domestik Indonesia,MFA Biometrik / Token Valid,Tidak,1,2,-
PAYM-0680,Digital Banking Unit,SKN / Kliring,Internet Banking Corporate,Korporasi / Komersial,105.53,7,5,Tidak,Aktif Normal,1,Domestik Indonesia,MFA Biometrik / Token Valid,Tidak,1,1,-
PAYM-0681,Head Office,Transfer Internal,Mobile Banking,Individu / Retail,9.63,19,5,Tidak,Aktif Normal,1,Domestik Indonesia,MFA Biometrik / Token Valid,Tidak,1,1,-
PAYM-0682,Surabaya Branch,BI-FAST,Mobile Banking,Individu / Retail,7.61,18,3,Ya,Aktif Normal,2,Domestik Indonesia,SMS OTP Standar,Tidak,1,2,-
PAYM-0683,Head Office,BI-FAST,Mobile Banking,Individu / Retail,35.43,10,5,Tidak,Aktif Normal,1,Domestik Indonesia,MFA Biometrik / Token Valid,Tidak,1,1,-
PAYM-0684,Bandung Branch,BI-FAST,Mobile Banking,Individu / Retail,3.8,20,4,Tidak,Aktif Normal,2,Domestik Indonesia,MFA Biometrik / Token Valid,Tidak,1,2,-
PAYM-0685,Jakarta Branch,RTGS,Internet Banking Corporate,Korporasi / Komersial,120.04,21,1,Tidak,Aktif Normal,1,Domestik Indonesia,MFA Biometrik / Token Valid,Tidak,1,2,-
PAYM-0686,Bandung Branch,BI-FAST,Mobile Banking,Individu / Retail,22.3,8,5,Ya,Aktif Normal,1,Domestik Indonesia,MFA Biometrik / Token Valid,Tidak,1,1,-
PAYM-0687,Jakarta Branch,Transfer Internal,Mobile Banking,Individu / Retail,14.26,11,1,Tidak,Aktif Normal,1,Domestik Indonesia,MFA Biometrik / Token Valid,Tidak,1,2,-
PAYM-0688,Bandung Branch,SKN / Kliring,Mobile Banking,Individu / Retail,2541.19,23,7,Ya,Aktif Normal,2,Domestik Indonesia,SMS OTP Standar,Ya (Anomali),5,5,Transfer Jumlah Sangat Besar di Dini Hari (Jam 23) Akhir Pekan ke Penerima Baru
PAYM-0689,Surabaya Branch,BI-FAST,ATM,Individu / Retail,6.04,17,4,Tidak,Aktif Normal,1,Domestik Indonesia,SMS OTP Standar,Tidak,2,1,-
PAYM-0690,Digital Banking Unit,SWIFT / Remittance Valas,Internet Banking Corporate,Korporasi / Komersial,241.07,6,6,Tidak,Aktif Normal,1,Standard International,SMS OTP Standar,Tidak,1,2,-
PAYM-0691,Head Office,BI-FAST,ATM,Individu / Retail,40.71,8,5,Tidak,Aktif Normal,3,Domestik Indonesia,MFA Biometrik / Token Valid,Tidak,1,1,-
PAYM-0692,Digital Banking Unit,SKN / Kliring,API Host-to-Host,Korporasi / Komersial,393.97,21,4,Tidak,Aktif Normal,2,Domestik Indonesia,SMS OTP Standar,Tidak,1,1,-
PAYM-0693,Surabaya Branch,SKN / Kliring,API Host-to-Host,Korporasi / Komersial,339.6,15,2,Tidak,Aktif Normal,3,Domestik Indonesia,MFA Biometrik / Token Valid,Tidak,1,2,-
PAYM-0694,Digital Banking Unit,BI-FAST,Mobile Banking,Individu / Retail,4.37,9,7,Tidak,Aktif Normal,1,Domestik Indonesia,MFA Biometrik / Token Valid,Tidak,1,1,-
PAYM-0695,Digital Banking Unit,Transfer Internal,Mobile Banking,Individu / Retail,22.72,10,3,Tidak,Aktif Normal,1,Domestik Indonesia,MFA Biometrik / Token Valid,Tidak,1,2,-
PAYM-0696,Surabaya Branch,BI-FAST,Mobile Banking,Individu / Retail,34.96,14,4,Tidak,Aktif Normal,1,Domestik Indonesia,SMS OTP Standar,Tidak,2,2,-
PAYM-0697,Digital Banking Unit,BI-FAST,Mobile Banking,Individu / Retail,9.18,11,5,Ya,Aktif Normal,1,Domestik Indonesia,MFA Biometrik / Token Valid,Tidak,1,2,-
PAYM-0698,Bandung Branch,BI-FAST,Teller Cabang,Individu / Retail,6.11,12,2,Ya,Akun Baru <7 Hari,1,Domestik Indonesia,MFA Biometrik / Token Valid,Tidak,1,2,-
PAYM-0699,Head Office,BI-FAST,ATM,Individu / Retail,3491.67,1,7,Ya,Aktif Normal,3,Domestik Indonesia,Override Tanpa 2FA,Ya (Anomali),5,4,Transfer Jumlah Sangat Besar di Dini Hari (Jam 1) Akhir Pekan ke Penerima Baru
PAYM-0700,Surabaya Branch,Transfer Internal,ATM,Individu / Retail,42.01,20,2,Tidak,Aktif Normal,4,Domestik Indonesia,MFA Biometrik / Token Valid,Tidak,2,2,-
PAYM-0701,Medan Branch,Transfer Internal,Internet Banking Corporate,Korporasi / Komersial,276.01,9,6,Tidak,Aktif Normal,1,Domestik Indonesia,MFA Biometrik / Token Valid,Tidak,1,1,-
PAYM-0702,Bandung Branch,BI-FAST,Mobile Banking,Individu / Retail,24.87,21,3,Tidak,Akun Baru <7 Hari,1,Domestik Indonesia,MFA Biometrik / Token Valid,Tidak,1,2,-
PAYM-0703,Surabaya Branch,BI-FAST,Mobile Banking,Individu / Retail,10.07,15,5,Tidak,Aktif Normal,2,Domestik Indonesia,MFA Biometrik / Token Valid,Tidak,1,1,-
PAYM-0704,Jakarta Branch,Transfer Internal,API Host-to-Host,Korporasi / Komersial,387.66,13,4,Ya,Aktif Normal,1,Domestik Indonesia,SMS OTP Standar,Tidak,1,1,-
PAYM-0705,Bandung Branch,Transfer Internal,Mobile Banking,Individu / Retail,2.73,19,5,Tidak,Aktif Normal,2,Domestik Indonesia,MFA Biometrik / Token Valid,Tidak,1,1,-
PAYM-0706,Bandung Branch,Transfer Internal,Mobile Banking,Individu / Retail,11.25,21,1,Tidak,Aktif Normal,1,Domestik Indonesia,MFA Biometrik / Token Valid,Tidak,1,1,-
PAYM-0707,Medan Branch,BI-FAST,Teller Cabang,Individu / Retail,3.83,17,2,Tidak,Aktif Normal,4,Domestik Indonesia,MFA Biometrik / Token Valid,Tidak,1,1,-
PAYM-0708,Surabaya Branch,BI-FAST,ATM,Individu / Retail,491.32,17,1,Tidak,Aktif Normal,11,Domestik Indonesia,MFA Biometrik / Token Valid,Ya (Anomali),5,5,Indikasi Smurfing / Structuring: Transaksi Terpecah Berulang Tepat di Bawah Batas Lapor PPATK Rp 500 Juta (491.32 Juta)
PAYM-0709,Surabaya Branch,BI-FAST,Mobile Banking,Individu / Retail,11.34,7,2,Tidak,Aktif Normal,1,Domestik Indonesia,MFA Biometrik / Token Valid,Tidak,2,1,-
PAYM-0710,Jakarta Branch,SKN / Kliring,Mobile Banking,Individu / Retail,42.58,20,5,Tidak,Akun Baru <7 Hari,3,Domestik Indonesia,SMS OTP Standar,Tidak,1,1,-
PAYM-0711,Jakarta Branch,SWIFT / Remittance Valas,Teller Cabang,Korporasi / Komersial,8061.89,8,1,Ya,Aktif Normal,1,High-Risk Offshore Jurisdiction,MFA Biometrik / Token Valid,Ya (Anomali),5,4,Transfer Valas Lintas Negara ke Yurisdiksi Berisiko Tinggi (High-Risk Offshore Tax Haven)
PAYM-0712,Jakarta Branch,Transfer Internal,Mobile Banking,Individu / Retail,11.76,14,4,Tidak,Aktif Normal,2,Domestik Indonesia,MFA Biometrik / Token Valid,Tidak,1,2,-
PAYM-0713,Head Office,Transfer Internal,Mobile Banking,Individu / Retail,269.43,13,3,Ya,Aktif Normal,18,Domestik Indonesia,Override Tanpa 2FA,Ya (Anomali),4,5,Lonjakan Frekuensi Transaksi Abnormal (Velocity Risk: 18x dalam 24 Jam) ke Penerima Baru
PAYM-0714,Jakarta Branch,BI-FAST,Mobile Banking,Individu / Retail,1.49,17,4,Tidak,Akun Baru <7 Hari,1,Domestik Indonesia,MFA Biometrik / Token Valid,Tidak,1,1,-
PAYM-0715,Digital Banking Unit,Transfer Internal,Mobile Banking,Individu / Retail,1.96,14,2,Tidak,Aktif Normal,1,Domestik Indonesia,MFA Biometrik / Token Valid,Tidak,1,1,-
PAYM-0716,Jakarta Branch,SKN / Kliring,Mobile Banking,Individu / Retail,489.06,17,1,Tidak,Aktif Normal,9,Domestik Indonesia,MFA Biometrik / Token Valid,Ya (Anomali),5,5,Indikasi Smurfing / Structuring: Transaksi Terpecah Berulang Tepat di Bawah Batas Lapor PPATK Rp 500 Juta (489.06 Juta)
PAYM-0717,Head Office,BI-FAST,Mobile Banking,Individu / Retail,2.3,14,1,Tidak,Aktif Normal,1,Domestik Indonesia,MFA Biometrik / Token Valid,Tidak,1,1,-
PAYM-0718,Bandung Branch,RTGS,Internet Banking Corporate,Korporasi / Komersial,210.44,15,1,Tidak,Aktif Normal,1,Domestik Indonesia,MFA Biometrik / Token Valid,Tidak,2,2,-
PAYM-0719,Medan Branch,SWIFT / Remittance Valas,Internet Banking Corporate,Korporasi / Komersial,6321.16,17,2,Ya,Aktif Normal,1,High-Risk Offshore Jurisdiction,SMS OTP Standar,Ya (Anomali),5,4,Transfer Valas Lintas Negara ke Yurisdiksi Berisiko Tinggi (High-Risk Offshore Tax Haven)
PAYM-0720,Medan Branch,BI-FAST,ATM,Individu / Retail,5.75,18,4,Tidak,Aktif Normal,1,Domestik Indonesia,MFA Biometrik / Token Valid,Tidak,1,2,-
PAYM-0721,Head Office,BI-FAST,Mobile Banking,Individu / Retail,14.27,10,1,Tidak,Aktif Normal,2,Domestik Indonesia,MFA Biometrik / Token Valid,Tidak,2,1,-
PAYM-0722,Bandung Branch,Transfer Internal,Mobile Banking,Individu / Retail,480.58,15,2,Tidak,Aktif Normal,11,Domestik Indonesia,MFA Biometrik / Token Valid,Ya (Anomali),5,5,Indikasi Smurfing / Structuring: Transaksi Terpecah Berulang Tepat di Bawah Batas Lapor PPATK Rp 500 Juta (480.58 Juta)
PAYM-0723,Bandung Branch,Transfer Internal,Internet Banking Corporate,Korporasi / Komersial,493.93,9,3,Ya,Aktif Normal,8,Domestik Indonesia,MFA Biometrik / Token Valid,Ya (Anomali),5,5,Indikasi Smurfing / Structuring: Transaksi Terpecah Berulang Tepat di Bawah Batas Lapor PPATK Rp 500 Juta (493.93 Juta)
PAYM-0724,Digital Banking Unit,BI-FAST,ATM,Individu / Retail,15.15,10,1,Ya,Aktif Normal,3,Domestik Indonesia,SMS OTP Standar,Tidak,1,2,-
PAYM-0725,Jakarta Branch,BI-FAST,Mobile Banking,Korporasi / Komersial,497.77,10,2,Tidak,Aktif Normal,2,Domestik Indonesia,MFA Biometrik / Token Valid,Ya (Anomali),4,3,Pelanggaran Limit Kanal Pembayaran: Transaksi BI-FAST Melebihi Batas Maksimal Regulasi Bank Indonesia (>Rp 250 Juta)
PAYM-0726,Digital Banking Unit,SWIFT / Remittance Valas,Internet Banking Corporate,Korporasi / Komersial,303.82,10,3,Tidak,Aktif Normal,3,Standard International,SMS OTP Standar,Tidak,2,1,-
PAYM-0727,Surabaya Branch,SKN / Kliring,ATM,Individu / Retail,100.0,10,6,Tidak,Aktif Normal,3,Domestik Indonesia,MFA Biometrik / Token Valid,Tidak,2,1,-
PAYM-0728,Bandung Branch,SKN / Kliring,Mobile Banking,Individu / Retail,30.63,12,4,Tidak,Aktif Normal,1,Domestik Indonesia,MFA Biometrik / Token Valid,Tidak,2,1,-
PAYM-0729,Medan Branch,BI-FAST,Mobile Banking,Individu / Retail,22.25,17,3,Tidak,Aktif Normal,3,Domestik Indonesia,MFA Biometrik / Token Valid,Tidak,1,1,-
PAYM-0730,Head Office,SWIFT / Remittance Valas,Teller Cabang,Korporasi / Komersial,5964.43,8,5,Ya,Aktif Normal,2,High-Risk Offshore Jurisdiction,SMS OTP Standar,Ya (Anomali),5,4,Transfer Valas Lintas Negara ke Yurisdiksi Berisiko Tinggi (High-Risk Offshore Tax Haven)
PAYM-0731,Jakarta Branch,BI-FAST,Mobile Banking,Individu / Retail,33.29,8,5,Tidak,Akun Baru <7 Hari,3,Domestik Indonesia,MFA Biometrik / Token Valid,Tidak,1,2,-
PAYM-0732,Medan Branch,BI-FAST,Mobile Banking,Individu / Retail,4.53,18,3,Tidak,Aktif Normal,4,Domestik Indonesia,MFA Biometrik / Token Valid,Tidak,2,1,-
PAYM-0733,Digital Banking Unit,Transfer Internal,Internet Banking Corporate,Korporasi / Komersial,71.3,15,2,Tidak,Aktif Normal,1,Domestik Indonesia,MFA Biometrik / Token Valid,Tidak,1,1,-
PAYM-0734,Digital Banking Unit,Transfer Internal,Mobile Banking,Individu / Retail,18.53,12,3,Tidak,Aktif Normal,2,Domestik Indonesia,SMS OTP Standar,Tidak,1,2,-
PAYM-0735,Surabaya Branch,Transfer Internal,Mobile Banking,Individu / Retail,9.37,14,1,Tidak,Aktif Normal,4,Domestik Indonesia,MFA Biometrik / Token Valid,Tidak,2,1,-
PAYM-0736,Surabaya Branch,SKN / Kliring,Internet Banking Corporate,Korporasi / Komersial,334.93,15,1,Tidak,Aktif Normal,1,Domestik Indonesia,MFA Biometrik / Token Valid,Tidak,2,1,-
PAYM-0737,Digital Banking Unit,BI-FAST,Mobile Banking,Individu / Retail,6.18,15,4,Tidak,Aktif Normal,4,Domestik Indonesia,MFA Biometrik / Token Valid,Tidak,1,2,-
PAYM-0738,Bandung Branch,Transfer Internal,ATM,Individu / Retail,13.0,14,5,Tidak,Aktif Normal,1,Domestik Indonesia,MFA Biometrik / Token Valid,Tidak,1,1,-
PAYM-0739,Digital Banking Unit,BI-FAST,Mobile Banking,Individu / Retail,321.82,16,3,Tidak,Aktif Normal,2,Domestik Indonesia,MFA Biometrik / Token Valid,Ya (Anomali),4,3,Pelanggaran Limit Kanal Pembayaran: Transaksi BI-FAST Melebihi Batas Maksimal Regulasi Bank Indonesia (>Rp 250 Juta)
PAYM-0740,Medan Branch,BI-FAST,Mobile Banking,Individu / Retail,9.53,10,5,Tidak,Aktif Normal,1,Domestik Indonesia,MFA Biometrik / Token Valid,Tidak,1,2,-
PAYM-0741,Surabaya Branch,BI-FAST,ATM,Individu / Retail,22.13,19,4,Tidak,Aktif Normal,3,Domestik Indonesia,MFA Biometrik / Token Valid,Tidak,1,2,-
PAYM-0742,Jakarta Branch,RTGS,Internet Banking Corporate,Korporasi / Komersial,681.18,8,1,Tidak,Aktif Normal,2,Domestik Indonesia,MFA Biometrik / Token Valid,Tidak,1,1,-
PAYM-0743,Head Office,BI-FAST,ATM,Individu / Retail,3.87,10,6,Tidak,Akun Baru <7 Hari,1,Domestik Indonesia,MFA Biometrik / Token Valid,Tidak,2,1,-
PAYM-0744,Surabaya Branch,Transfer Internal,Mobile Banking,Individu / Retail,2.72,9,2,Tidak,Aktif Normal,1,Domestik Indonesia,SMS OTP Standar,Tidak,2,2,-
PAYM-0745,Digital Banking Unit,RTGS,Internet Banking Corporate,Korporasi / Komersial,263.58,15,2,Tidak,Aktif Normal,1,Domestik Indonesia,MFA Biometrik / Token Valid,Tidak,1,1,-
PAYM-0746,Head Office,BI-FAST,Mobile Banking,Individu / Retail,0.76,10,2,Tidak,Aktif Normal,4,Domestik Indonesia,SMS OTP Standar,Tidak,2,1,-
PAYM-0747,Surabaya Branch,BI-FAST,Mobile Banking,Individu / Retail,8.57,14,5,Tidak,Aktif Normal,2,Domestik Indonesia,MFA Biometrik / Token Valid,Tidak,1,1,-
PAYM-0748,Surabaya Branch,RTGS,Teller Cabang,Korporasi / Komersial,101.2,2,6,Ya,Aktif Normal,25,Domestik Indonesia,Override Tanpa 2FA,Ya (Anomali),4,5,Lonjakan Frekuensi Transaksi Abnormal (Velocity Risk: 25x dalam 24 Jam) ke Penerima Baru
PAYM-0749,Bandung Branch,BI-FAST,Mobile Banking,Individu / Retail,8.44,13,4,Tidak,Aktif Normal,1,Domestik Indonesia,SMS OTP Standar,Tidak,1,1,-
PAYM-0750,Surabaya Branch,RTGS,Internet Banking Corporate,Korporasi / Komersial,494.32,11,4,Ya,Aktif Normal,6,Domestik Indonesia,MFA Biometrik / Token Valid,Ya (Anomali),5,5,Indikasi Smurfing / Structuring: Transaksi Terpecah Berulang Tepat di Bawah Batas Lapor PPATK Rp 500 Juta (494.32 Juta)
PAYM-0751,Bandung Branch,RTGS,API Host-to-Host,Korporasi / Komersial,283.33,21,6,Tidak,Aktif Normal,1,Domestik Indonesia,MFA Biometrik / Token Valid,Tidak,1,1,-
PAYM-0752,Jakarta Branch,SKN / Kliring,Mobile Banking,Individu / Retail,22.99,19,4,Tidak,Akun Baru <7 Hari,4,Domestik Indonesia,SMS OTP Standar,Tidak,2,1,-
PAYM-0753,Head Office,SKN / Kliring,Mobile Banking,Individu / Retail,62.33,10,4,Tidak,Aktif Normal,1,Domestik Indonesia,SMS OTP Standar,Tidak,1,2,-
PAYM-0754,Head Office,SKN / Kliring,Mobile Banking,Individu / Retail,20.97,22,4,Tidak,Aktif Normal,1,Domestik Indonesia,MFA Biometrik / Token Valid,Tidak,1,2,-
PAYM-0755,Medan Branch,RTGS,Internet Banking Corporate,Korporasi / Komersial,171.81,7,1,Tidak,Akun Baru <7 Hari,1,Domestik Indonesia,SMS OTP Standar,Tidak,1,2,-
PAYM-0756,Bandung Branch,BI-FAST,Mobile Banking,Individu / Retail,6.67,21,2,Tidak,Aktif Normal,3,Domestik Indonesia,MFA Biometrik / Token Valid,Tidak,1,1,-
PAYM-0757,Medan Branch,Transfer Internal,Internet Banking Corporate,Korporasi / Komersial,36.31,9,4,Tidak,Aktif Normal,1,Domestik Indonesia,MFA Biometrik / Token Valid,Tidak,1,1,-
PAYM-0758,Jakarta Branch,Transfer Internal,Mobile Banking,Individu / Retail,2.97,8,5,Tidak,Aktif Normal,1,Domestik Indonesia,MFA Biometrik / Token Valid,Tidak,1,1,-
PAYM-0759,Digital Banking Unit,BI-FAST,Mobile Banking,Individu / Retail,22.35,17,2,Tidak,Aktif Normal,2,Domestik Indonesia,MFA Biometrik / Token Valid,Tidak,2,1,-
PAYM-0760,Medan Branch,SWIFT / Remittance Valas,Internet Banking Corporate,Korporasi / Komersial,154.98,13,5,Tidak,Aktif Normal,1,Standard International,MFA Biometrik / Token Valid,Tidak,1,1,-
PAYM-0761,Digital Banking Unit,BI-FAST,Mobile Banking,Individu / Retail,20.56,13,6,Tidak,Aktif Normal,1,Domestik Indonesia,MFA Biometrik / Token Valid,Tidak,1,1,-
PAYM-0762,Jakarta Branch,Transfer Internal,Internet Banking Corporate,Korporasi / Komersial,647.63,12,3,Ya,Aktif Normal,2,Domestik Indonesia,MFA Biometrik / Token Valid,Tidak,1,1,-
PAYM-0763,Surabaya Branch,Transfer Internal,Internet Banking Corporate,Korporasi / Komersial,129.58,12,1,Tidak,Aktif Normal,1,Domestik Indonesia,MFA Biometrik / Token Valid,Tidak,1,1,-
PAYM-0764,Head Office,Transfer Internal,Mobile Banking,Individu / Retail,25.63,14,3,Tidak,Aktif Normal,1,Domestik Indonesia,MFA Biometrik / Token Valid,Tidak,1,1,-
PAYM-0765,Head Office,RTGS,Internet Banking Corporate,Korporasi / Komersial,278.21,14,1,Tidak,Aktif Normal,1,Domestik Indonesia,MFA Biometrik / Token Valid,Tidak,1,1,-
PAYM-0766,Head Office,BI-FAST,Mobile Banking,Individu / Retail,14.68,10,5,Tidak,Aktif Normal,1,Domestik Indonesia,SMS OTP Standar,Tidak,1,1,-
PAYM-0767,Head Office,BI-FAST,Mobile Banking,Individu / Retail,9.96,18,1,Tidak,Aktif Normal,1,Domestik Indonesia,MFA Biometrik / Token Valid,Tidak,1,1,-
PAYM-0768,Digital Banking Unit,BI-FAST,Mobile Banking,Individu / Retail,39.81,11,1,Tidak,Aktif Normal,1,Domestik Indonesia,SMS OTP Standar,Tidak,1,1,-
PAYM-0769,Surabaya Branch,RTGS,Internet Banking Corporate,Korporasi / Komersial,914.85,10,3,Tidak,Akun Baru <7 Hari,4,Domestik Indonesia,MFA Biometrik / Token Valid,Tidak,1,1,-
PAYM-0770,Medan Branch,RTGS,Internet Banking Corporate,Korporasi / Komersial,38.83,18,7,Tidak,Aktif Normal,1,Domestik Indonesia,MFA Biometrik / Token Valid,Tidak,2,1,-
PAYM-0771,Jakarta Branch,Transfer Internal,Mobile Banking,Individu / Retail,1224.02,23,7,Ya,Aktif Normal,1,Domestik Indonesia,Override Tanpa 2FA,Ya (Anomali),5,5,Transfer Jumlah Sangat Besar di Dini Hari (Jam 23) Akhir Pekan ke Penerima Baru
PAYM-0772,Head Office,BI-FAST,Mobile Banking,Individu / Retail,1.09,12,4,Tidak,Akun Baru <7 Hari,1,Domestik Indonesia,MFA Biometrik / Token Valid,Tidak,1,1,-
PAYM-0773,Bandung Branch,Transfer Internal,Mobile Banking,Individu / Retail,20.8,9,2,Tidak,Aktif Normal,2,Domestik Indonesia,MFA Biometrik / Token Valid,Tidak,1,1,-
PAYM-0774,Jakarta Branch,BI-FAST,Mobile Banking,Individu / Retail,7.05,13,1,Tidak,Aktif Normal,1,Domestik Indonesia,MFA Biometrik / Token Valid,Tidak,2,2,-
PAYM-0775,Medan Branch,BI-FAST,Mobile Banking,Individu / Retail,21.43,18,6,Tidak,Aktif Normal,1,Domestik Indonesia,MFA Biometrik / Token Valid,Tidak,1,1,-
PAYM-0776,Medan Branch,BI-FAST,Teller Cabang,Individu / Retail,2424.31,4,7,Ya,Aktif Normal,1,Domestik Indonesia,Override Tanpa 2FA,Ya (Anomali),5,5,Transfer Jumlah Sangat Besar di Dini Hari (Jam 4) Akhir Pekan ke Penerima Baru
PAYM-0777,Surabaya Branch,BI-FAST,Mobile Banking,Individu / Retail,365.98,13,4,Tidak,Aktif Normal,1,Domestik Indonesia,MFA Biometrik / Token Valid,Ya (Anomali),4,4,Pelanggaran Limit Kanal Pembayaran: Transaksi BI-FAST Melebihi Batas Maksimal Regulasi Bank Indonesia (>Rp 250 Juta)
PAYM-0778,Jakarta Branch,SKN / Kliring,ATM,Individu / Retail,162.47,5,4,Ya,Aktif Normal,26,Domestik Indonesia,SMS OTP Standar,Ya (Anomali),5,5,Lonjakan Frekuensi Transaksi Abnormal (Velocity Risk: 26x dalam 24 Jam) ke Penerima Baru
PAYM-0779,Head Office,Transfer Internal,Mobile Banking,Individu / Retail,36.76,15,3,Tidak,Aktif Normal,1,Domestik Indonesia,MFA Biometrik / Token Valid,Tidak,1,1,-
PAYM-0780,Jakarta Branch,BI-FAST,Mobile Banking,Individu / Retail,2.92,16,2,Ya,Aktif Normal,1,Domestik Indonesia,SMS OTP Standar,Tidak,1,2,-
PAYM-0781,Bandung Branch,SKN / Kliring,Mobile Banking,Individu / Retail,4.73,9,2,Tidak,Aktif Normal,1,Domestik Indonesia,SMS OTP Standar,Tidak,2,1,-
PAYM-0782,Bandung Branch,BI-FAST,Mobile Banking,Individu / Retail,17.61,7,1,Ya,Aktif Normal,1,Domestik Indonesia,MFA Biometrik / Token Valid,Tidak,1,2,-
PAYM-0783,Head Office,Transfer Internal,Mobile Banking,Individu / Retail,2.75,18,1,Tidak,Aktif Normal,1,Domestik Indonesia,MFA Biometrik / Token Valid,Tidak,1,1,-
PAYM-0784,Surabaya Branch,SKN / Kliring,Mobile Banking,Individu / Retail,57.8,13,3,Tidak,Aktif Normal,1,Domestik Indonesia,MFA Biometrik / Token Valid,Tidak,2,1,-
PAYM-0785,Jakarta Branch,Transfer Internal,Internet Banking Corporate,Korporasi / Komersial,858.41,13,5,Tidak,Aktif Normal,1,Domestik Indonesia,MFA Biometrik / Token Valid,Tidak,1,1,-
PAYM-0786,Bandung Branch,BI-FAST,Mobile Banking,Individu / Retail,4.04,17,3,Tidak,Aktif Normal,1,Domestik Indonesia,SMS OTP Standar,Tidak,1,1,-
PAYM-0787,Digital Banking Unit,Transfer Internal,Mobile Banking,Individu / Retail,17.78,16,5,Tidak,Aktif Normal,2,Domestik Indonesia,MFA Biometrik / Token Valid,Tidak,1,2,-
PAYM-0788,Digital Banking Unit,Transfer Internal,Mobile Banking,Individu / Retail,3.54,17,4,Tidak,Aktif Normal,2,Domestik Indonesia,MFA Biometrik / Token Valid,Tidak,1,2,-
PAYM-0789,Surabaya Branch,RTGS,Teller Cabang,Korporasi / Komersial,30.37,18,1,Tidak,Aktif Normal,1,Domestik Indonesia,SMS OTP Standar,Tidak,1,2,-
PAYM-0790,Bandung Branch,BI-FAST,ATM,Individu / Retail,43.71,22,3,Tidak,Aktif Normal,1,Domestik Indonesia,MFA Biometrik / Token Valid,Tidak,2,2,-
PAYM-0791,Digital Banking Unit,Transfer Internal,Mobile Banking,Individu / Retail,6.53,16,2,Tidak,Aktif Normal,3,Domestik Indonesia,MFA Biometrik / Token Valid,Tidak,2,1,-
PAYM-0792,Head Office,BI-FAST,Mobile Banking,Individu / Retail,0.79,7,4,Tidak,Aktif Normal,1,Domestik Indonesia,MFA Biometrik / Token Valid,Tidak,1,1,-
PAYM-0793,Bandung Branch,Transfer Internal,Internet Banking Corporate,Korporasi / Komersial,390.62,20,2,Tidak,Aktif Normal,1,Domestik Indonesia,MFA Biometrik / Token Valid,Tidak,1,1,-
PAYM-0794,Bandung Branch,RTGS,Internet Banking Corporate,Korporasi / Komersial,907.69,15,2,Tidak,Aktif Normal,1,Domestik Indonesia,MFA Biometrik / Token Valid,Tidak,1,1,-
PAYM-0795,Bandung Branch,SKN / Kliring,Mobile Banking,Individu / Retail,39.75,13,1,Tidak,Aktif Normal,3,Domestik Indonesia,SMS OTP Standar,Tidak,1,1,-
PAYM-0796,Medan Branch,BI-FAST,Mobile Banking,Individu / Retail,6.08,20,1,Ya,Aktif Normal,1,Domestik Indonesia,MFA Biometrik / Token Valid,Tidak,1,1,-
PAYM-0797,Medan Branch,BI-FAST,Mobile Banking,Individu / Retail,0.87,9,3,Tidak,Aktif Normal,1,Domestik Indonesia,MFA Biometrik / Token Valid,Tidak,2,1,-
PAYM-0798,Digital Banking Unit,SKN / Kliring,Mobile Banking,Individu / Retail,390.82,15,7,Ya,Dormant / Pasif >180 Hari,2,Domestik Indonesia,Override Tanpa 2FA,Ya (Anomali),5,4,Pengurasan Rekening Pasif (Dormant Account Drain): Penarikan Dana Besar Tanpa Otentikasi Memadai
PAYM-0799,Head Office,BI-FAST,Mobile Banking,Individu / Retail,1.68,9,5,Tidak,Aktif Normal,2,Domestik Indonesia,MFA Biometrik / Token Valid,Tidak,2,1,-
PAYM-0800,Surabaya Branch,BI-FAST,Mobile Banking,Individu / Retail,4.39,11,1,Tidak,Aktif Normal,1,Domestik Indonesia,SMS OTP Standar,Tidak,1,2,-
PAYM-0801,Head Office,RTGS,Internet Banking Corporate,Korporasi / Komersial,478.15,15,1,Tidak,Aktif Normal,1,Domestik Indonesia,MFA Biometrik / Token Valid,Tidak,2,2,-
PAYM-0802,Medan Branch,Transfer Internal,Mobile Banking,Individu / Retail,96.03,8,2,Ya,Aktif Normal,23,Domestik Indonesia,SMS OTP Standar,Ya (Anomali),5,5,Lonjakan Frekuensi Transaksi Abnormal (Velocity Risk: 23x dalam 24 Jam) ke Penerima Baru
PAYM-0803,Jakarta Branch,BI-FAST,Mobile Banking,Individu / Retail,1714.86,20,3,Ya,Dormant / Pasif >180 Hari,1,Domestik Indonesia,Override Tanpa 2FA,Ya (Anomali),5,5,Pengurasan Rekening Pasif (Dormant Account Drain): Penarikan Dana Besar Tanpa Otentikasi Memadai
PAYM-0804,Medan Branch,Transfer Internal,Mobile Banking,Individu / Retail,4.82,19,2,Ya,Aktif Normal,1,Domestik Indonesia,MFA Biometrik / Token Valid,Tidak,1,1,-
PAYM-0805,Head Office,Transfer Internal,Mobile Banking,Individu / Retail,15.5,14,4,Tidak,Aktif Normal,1,Domestik Indonesia,MFA Biometrik / Token Valid,Tidak,2,1,-
PAYM-0806,Digital Banking Unit,RTGS,API Host-to-Host,Korporasi / Komersial,108.33,14,5,Ya,Akun Baru <7 Hari,1,Domestik Indonesia,MFA Biometrik / Token Valid,Tidak,1,1,-
PAYM-0807,Jakarta Branch,BI-FAST,Mobile Banking,Individu / Retail,238.89,5,4,Ya,Aktif Normal,17,Domestik Indonesia,Override Tanpa 2FA,Ya (Anomali),4,5,Lonjakan Frekuensi Transaksi Abnormal (Velocity Risk: 17x dalam 24 Jam) ke Penerima Baru
PAYM-0808,Digital Banking Unit,BI-FAST,Mobile Banking,Individu / Retail,50.02,19,3,Tidak,Aktif Normal,1,Domestik Indonesia,MFA Biometrik / Token Valid,Tidak,1,1,-
PAYM-0809,Bandung Branch,Transfer Internal,Mobile Banking,Individu / Retail,14.53,12,5,Tidak,Aktif Normal,1,Domestik Indonesia,MFA Biometrik / Token Valid,Tidak,1,1,-
PAYM-0810,Jakarta Branch,BI-FAST,Mobile Banking,Individu / Retail,29.17,15,2,Tidak,Aktif Normal,1,Domestik Indonesia,SMS OTP Standar,Tidak,2,2,-
PAYM-0811,Head Office,SKN / Kliring,ATM,Individu / Retail,1071.46,2,6,Ya,Aktif Normal,3,Domestik Indonesia,Override Tanpa 2FA,Ya (Anomali),5,5,Transfer Jumlah Sangat Besar di Dini Hari (Jam 2) Akhir Pekan ke Penerima Baru
PAYM-0812,Medan Branch,Transfer Internal,Mobile Banking,Individu / Retail,37.29,19,1,Tidak,Aktif Normal,3,Domestik Indonesia,MFA Biometrik / Token Valid,Tidak,2,1,-
PAYM-0813,Head Office,BI-FAST,Mobile Banking,Individu / Retail,12.74,7,1,Tidak,Aktif Normal,1,Domestik Indonesia,MFA Biometrik / Token Valid,Tidak,2,1,-
PAYM-0814,Digital Banking Unit,Transfer Internal,Mobile Banking,Individu / Retail,3.34,16,4,Ya,Aktif Normal,1,Domestik Indonesia,MFA Biometrik / Token Valid,Tidak,1,1,-
PAYM-0815,Digital Banking Unit,Transfer Internal,Mobile Banking,Individu / Retail,39.57,15,1,Tidak,Aktif Normal,1,Domestik Indonesia,MFA Biometrik / Token Valid,Tidak,1,1,-
PAYM-0816,Head Office,BI-FAST,Mobile Banking,Individu / Retail,0.63,17,1,Ya,Aktif Normal,1,Domestik Indonesia,MFA Biometrik / Token Valid,Tidak,2,2,-
PAYM-0817,Jakarta Branch,BI-FAST,Mobile Banking,Individu / Retail,21.0,10,2,Tidak,Aktif Normal,3,Domestik Indonesia,SMS OTP Standar,Tidak,1,2,-
PAYM-0818,Head Office,RTGS,Internet Banking Corporate,Korporasi / Komersial,642.27,7,4,Ya,Aktif Normal,1,Domestik Indonesia,SMS OTP Standar,Tidak,1,2,-
PAYM-0819,Bandung Branch,BI-FAST,Mobile Banking,Individu / Retail,22.55,11,3,Ya,Aktif Normal,1,Domestik Indonesia,MFA Biometrik / Token Valid,Tidak,1,1,-
PAYM-0820,Jakarta Branch,RTGS,API Host-to-Host,Korporasi / Komersial,430.14,15,5,Tidak,Aktif Normal,1,Domestik Indonesia,MFA Biometrik / Token Valid,Tidak,1,1,-
PAYM-0821,Digital Banking Unit,BI-FAST,Mobile Banking,Individu / Retail,30.6,11,1,Tidak,Aktif Normal,3,Domestik Indonesia,MFA Biometrik / Token Valid,Tidak,2,1,-
PAYM-0822,Jakarta Branch,BI-FAST,Mobile Banking,Individu / Retail,8.42,21,1,Tidak,Aktif Normal,1,Domestik Indonesia,MFA Biometrik / Token Valid,Tidak,2,1,-
PAYM-0823,Digital Banking Unit,Transfer Internal,Mobile Banking,Individu / Retail,4.36,15,7,Tidak,Aktif Normal,1,Domestik Indonesia,MFA Biometrik / Token Valid,Tidak,1,1,-
PAYM-0824,Head Office,BI-FAST,Mobile Banking,Individu / Retail,12.75,13,3,Tidak,Aktif Normal,1,Domestik Indonesia,MFA Biometrik / Token Valid,Tidak,1,2,-
PAYM-0825,Surabaya Branch,Transfer Internal,API Host-to-Host,Korporasi / Komersial,115.36,14,5,Tidak,Aktif Normal,1,Domestik Indonesia,SMS OTP Standar,Tidak,1,1,-
PAYM-0826,Medan Branch,RTGS,API Host-to-Host,Korporasi / Komersial,513.7,13,2,Tidak,Aktif Normal,1,Domestik Indonesia,SMS OTP Standar,Tidak,1,1,-
PAYM-0827,Digital Banking Unit,SKN / Kliring,ATM,Individu / Retail,935.05,1,6,Ya,Aktif Normal,2,Domestik Indonesia,SMS OTP Standar,Ya (Anomali),5,4,Transfer Jumlah Sangat Besar di Dini Hari (Jam 1) Akhir Pekan ke Penerima Baru
PAYM-0828,Digital Banking Unit,SKN / Kliring,Mobile Banking,Individu / Retail,13.87,19,4,Tidak,Aktif Normal,3,Domestik Indonesia,MFA Biometrik / Token Valid,Tidak,1,2,-
PAYM-0829,Bandung Branch,Transfer Internal,ATM,Individu / Retail,3.76,8,1,Tidak,Aktif Normal,1,Domestik Indonesia,MFA Biometrik / Token Valid,Tidak,1,2,-
PAYM-0830,Surabaya Branch,BI-FAST,Mobile Banking,Individu / Retail,4.09,14,1,Tidak,Aktif Normal,1,Domestik Indonesia,MFA Biometrik / Token Valid,Tidak,1,2,-
PAYM-0831,Head Office,RTGS,API Host-to-Host,Korporasi / Komersial,1162.92,7,3,Ya,Aktif Normal,1,Domestik Indonesia,SMS OTP Standar,Tidak,2,1,-
PAYM-0832,Surabaya Branch,Transfer Internal,ATM,Individu / Retail,3.81,17,4,Tidak,Aktif Normal,1,Domestik Indonesia,SMS OTP Standar,Tidak,2,1,-
PAYM-0833,Surabaya Branch,SWIFT / Remittance Valas,Internet Banking Corporate,Korporasi / Komersial,59.61,21,7,Ya,Aktif Normal,1,Standard International,MFA Biometrik / Token Valid,Tidak,1,1,-
PAYM-0834,Head Office,Transfer Internal,Mobile Banking,Individu / Retail,35.15,12,1,Tidak,Aktif Normal,1,Domestik Indonesia,MFA Biometrik / Token Valid,Tidak,2,1,-
PAYM-0835,Bandung Branch,RTGS,Internet Banking Corporate,Korporasi / Komersial,809.31,8,3,Tidak,Aktif Normal,1,Domestik Indonesia,MFA Biometrik / Token Valid,Tidak,2,1,-
PAYM-0836,Medan Branch,Transfer Internal,ATM,Individu / Retail,5.35,21,5,Tidak,Aktif Normal,3,Domestik Indonesia,SMS OTP Standar,Tidak,2,2,-
PAYM-0837,Surabaya Branch,BI-FAST,Mobile Banking,Individu / Retail,16.13,15,3,Ya,Aktif Normal,2,Domestik Indonesia,MFA Biometrik / Token Valid,Tidak,1,1,-
PAYM-0838,Jakarta Branch,Transfer Internal,Mobile Banking,Individu / Retail,27.78,19,5,Tidak,Aktif Normal,1,Domestik Indonesia,SMS OTP Standar,Tidak,1,1,-
PAYM-0839,Jakarta Branch,Transfer Internal,Internet Banking Corporate,Korporasi / Komersial,945.18,10,2,Ya,Aktif Normal,1,Domestik Indonesia,MFA Biometrik / Token Valid,Tidak,1,1,-
PAYM-0840,Medan Branch,RTGS,API Host-to-Host,Korporasi / Komersial,253.55,16,4,Tidak,Aktif Normal,3,Domestik Indonesia,MFA Biometrik / Token Valid,Tidak,1,1,-
PAYM-0841,Surabaya Branch,BI-FAST,Mobile Banking,Individu / Retail,26.08,11,4,Ya,Aktif Normal,2,Domestik Indonesia,MFA Biometrik / Token Valid,Tidak,1,1,-
PAYM-0842,Bandung Branch,SKN / Kliring,ATM,Individu / Retail,22.82,21,7,Ya,Aktif Normal,1,Domestik Indonesia,SMS OTP Standar,Tidak,1,1,-
PAYM-0843,Digital Banking Unit,RTGS,API Host-to-Host,Korporasi / Komersial,409.37,11,3,Tidak,Aktif Normal,2,Domestik Indonesia,SMS OTP Standar,Tidak,1,1,-
PAYM-0844,Head Office,BI-FAST,Mobile Banking,Individu / Retail,24.05,7,1,Tidak,Aktif Normal,1,Domestik Indonesia,MFA Biometrik / Token Valid,Tidak,1,1,-
PAYM-0845,Bandung Branch,SWIFT / Remittance Valas,Internet Banking Corporate,Korporasi / Komersial,5358.12,17,1,Ya,Aktif Normal,1,High-Risk Offshore Jurisdiction,MFA Biometrik / Token Valid,Ya (Anomali),5,4,Transfer Valas Lintas Negara ke Yurisdiksi Berisiko Tinggi (High-Risk Offshore Tax Haven)
PAYM-0846,Digital Banking Unit,Transfer Internal,ATM,Individu / Retail,38.94,13,1,Tidak,Aktif Normal,2,Domestik Indonesia,MFA Biometrik / Token Valid,Tidak,1,2,-
PAYM-0847,Medan Branch,BI-FAST,Mobile Banking,Individu / Retail,16.3,9,4,Tidak,Aktif Normal,2,Domestik Indonesia,MFA Biometrik / Token Valid,Tidak,2,2,-
PAYM-0848,Medan Branch,BI-FAST,Mobile Banking,Individu / Retail,2.44,20,4,Ya,Aktif Normal,2,Domestik Indonesia,SMS OTP Standar,Tidak,2,1,-
PAYM-0849,Digital Banking Unit,Transfer Internal,Teller Cabang,Korporasi / Komersial,463.01,19,2,Tidak,Aktif Normal,1,Domestik Indonesia,MFA Biometrik / Token Valid,Tidak,1,1,-
PAYM-0850,Digital Banking Unit,BI-FAST,Teller Cabang,Individu / Retail,9.47,16,3,Tidak,Aktif Normal,2,Domestik Indonesia,MFA Biometrik / Token Valid,Tidak,2,1,-
PAYM-0851,Jakarta Branch,RTGS,Teller Cabang,Korporasi / Komersial,78.92,16,1,Ya,Aktif Normal,1,Domestik Indonesia,MFA Biometrik / Token Valid,Tidak,1,2,-
PAYM-0852,Medan Branch,BI-FAST,Teller Cabang,Individu / Retail,19.71,13,4,Ya,Aktif Normal,3,Domestik Indonesia,MFA Biometrik / Token Valid,Tidak,1,1,-
PAYM-0853,Medan Branch,Transfer Internal,Mobile Banking,Individu / Retail,5.95,9,5,Tidak,Aktif Normal,1,Domestik Indonesia,MFA Biometrik / Token Valid,Tidak,1,1,-
PAYM-0854,Digital Banking Unit,SKN / Kliring,Teller Cabang,Korporasi / Komersial,917.57,8,4,Ya,Aktif Normal,2,Domestik Indonesia,SMS OTP Standar,Tidak,2,2,-
PAYM-0855,Digital Banking Unit,Transfer Internal,ATM,Individu / Retail,10.7,15,5,Tidak,Aktif Normal,1,Domestik Indonesia,MFA Biometrik / Token Valid,Tidak,2,2,-
PAYM-0856,Bandung Branch,Transfer Internal,ATM,Individu / Retail,35.22,19,3,Tidak,Akun Baru <7 Hari,1,Domestik Indonesia,MFA Biometrik / Token Valid,Tidak,2,1,-
PAYM-0857,Digital Banking Unit,BI-FAST,ATM,Individu / Retail,41.69,10,1,Tidak,Aktif Normal,3,Domestik Indonesia,MFA Biometrik / Token Valid,Tidak,1,1,-
PAYM-0858,Jakarta Branch,Transfer Internal,Teller Cabang,Individu / Retail,94.65,20,5,Tidak,Aktif Normal,3,Domestik Indonesia,MFA Biometrik / Token Valid,Tidak,1,1,-
PAYM-0859,Surabaya Branch,BI-FAST,Mobile Banking,Individu / Retail,12.88,16,5,Ya,Aktif Normal,1,Domestik Indonesia,SMS OTP Standar,Tidak,2,1,-
PAYM-0860,Medan Branch,BI-FAST,Mobile Banking,Individu / Retail,15.89,12,2,Tidak,Aktif Normal,3,Domestik Indonesia,SMS OTP Standar,Tidak,2,1,-
PAYM-0861,Bandung Branch,SWIFT / Remittance Valas,Internet Banking Corporate,Korporasi / Komersial,7606.78,9,1,Ya,Aktif Normal,1,High-Risk Offshore Jurisdiction,SMS OTP Standar,Ya (Anomali),5,4,Transfer Valas Lintas Negara ke Yurisdiksi Berisiko Tinggi (High-Risk Offshore Tax Haven)
PAYM-0862,Jakarta Branch,Transfer Internal,Mobile Banking,Individu / Retail,3603.38,4,7,Ya,Aktif Normal,1,Domestik Indonesia,SMS OTP Standar,Ya (Anomali),5,4,Transfer Jumlah Sangat Besar di Dini Hari (Jam 4) Akhir Pekan ke Penerima Baru
PAYM-0863,Surabaya Branch,BI-FAST,ATM,Individu / Retail,20.65,19,5,Tidak,Aktif Normal,3,Domestik Indonesia,MFA Biometrik / Token Valid,Tidak,1,2,-
PAYM-0864,Jakarta Branch,BI-FAST,Mobile Banking,Individu / Retail,6.89,7,3,Tidak,Aktif Normal,1,Domestik Indonesia,SMS OTP Standar,Tidak,1,1,-
PAYM-0865,Jakarta Branch,BI-FAST,Mobile Banking,Individu / Retail,3.53,21,3,Tidak,Aktif Normal,1,Domestik Indonesia,SMS OTP Standar,Tidak,2,1,-
PAYM-0866,Medan Branch,SWIFT / Remittance Valas,Teller Cabang,Korporasi / Komersial,193.57,20,3,Ya,Aktif Normal,17,Domestik Indonesia,SMS OTP Standar,Ya (Anomali),4,5,Lonjakan Frekuensi Transaksi Abnormal (Velocity Risk: 17x dalam 24 Jam) ke Penerima Baru
PAYM-0867,Bandung Branch,SWIFT / Remittance Valas,API Host-to-Host,Korporasi / Komersial,573.67,20,1,Tidak,Aktif Normal,1,Standard International,MFA Biometrik / Token Valid,Tidak,1,1,-
PAYM-0868,Head Office,RTGS,Internet Banking Corporate,Korporasi / Komersial,443.14,18,2,Ya,Dormant / Pasif >180 Hari,2,Domestik Indonesia,Override Tanpa 2FA,Ya (Anomali),5,5,Pengurasan Rekening Pasif (Dormant Account Drain): Penarikan Dana Besar Tanpa Otentikasi Memadai
PAYM-0869,Medan Branch,Transfer Internal,Internet Banking Corporate,Korporasi / Komersial,114.0,19,5,Tidak,Akun Baru <7 Hari,1,Domestik Indonesia,SMS OTP Standar,Tidak,2,1,-
PAYM-0870,Head Office,BI-FAST,Mobile Banking,Individu / Retail,3326.22,2,6,Ya,Aktif Normal,2,Domestik Indonesia,Override Tanpa 2FA,Ya (Anomali),5,4,Transfer Jumlah Sangat Besar di Dini Hari (Jam 2) Akhir Pekan ke Penerima Baru
PAYM-0871,Jakarta Branch,BI-FAST,Mobile Banking,Individu / Retail,17.57,19,4,Tidak,Aktif Normal,2,Domestik Indonesia,SMS OTP Standar,Tidak,1,2,-
PAYM-0872,Bandung Branch,SKN / Kliring,Internet Banking Corporate,Korporasi / Komersial,618.66,9,2,Tidak,Aktif Normal,2,Domestik Indonesia,MFA Biometrik / Token Valid,Tidak,1,1,-
PAYM-0873,Surabaya Branch,SKN / Kliring,ATM,Individu / Retail,34.37,15,3,Tidak,Aktif Normal,1,Domestik Indonesia,MFA Biometrik / Token Valid,Tidak,1,1,-
PAYM-0874,Head Office,RTGS,Teller Cabang,Korporasi / Komersial,266.44,16,2,Tidak,Aktif Normal,1,Domestik Indonesia,MFA Biometrik / Token Valid,Tidak,1,1,-
PAYM-0875,Digital Banking Unit,BI-FAST,Mobile Banking,Individu / Retail,67.16,18,2,Tidak,Aktif Normal,1,Domestik Indonesia,MFA Biometrik / Token Valid,Tidak,1,2,-
PAYM-0876,Medan Branch,Transfer Internal,Teller Cabang,Korporasi / Komersial,423.98,14,4,Tidak,Aktif Normal,1,Domestik Indonesia,MFA Biometrik / Token Valid,Tidak,1,1,-
PAYM-0877,Surabaya Branch,BI-FAST,Mobile Banking,Individu / Retail,2.01,16,2,Ya,Aktif Normal,1,Domestik Indonesia,MFA Biometrik / Token Valid,Tidak,2,1,-
PAYM-0878,Jakarta Branch,BI-FAST,Mobile Banking,Individu / Retail,1.62,8,4,Tidak,Aktif Normal,1,Domestik Indonesia,SMS OTP Standar,Tidak,1,1,-
PAYM-0879,Digital Banking Unit,BI-FAST,Mobile Banking,Korporasi / Komersial,527.51,17,4,Tidak,Aktif Normal,1,Domestik Indonesia,MFA Biometrik / Token Valid,Ya (Anomali),4,3,Pelanggaran Limit Kanal Pembayaran: Transaksi BI-FAST Melebihi Batas Maksimal Regulasi Bank Indonesia (>Rp 250 Juta)
PAYM-0880,Surabaya Branch,BI-FAST,Mobile Banking,Individu / Retail,7.34,18,2,Tidak,Aktif Normal,1,Domestik Indonesia,SMS OTP Standar,Tidak,2,1,-
PAYM-0881,Head Office,RTGS,Internet Banking Corporate,Korporasi / Komersial,3363.68,23,6,Ya,Aktif Normal,1,Domestik Indonesia,Override Tanpa 2FA,Ya (Anomali),5,4,Transfer Jumlah Sangat Besar di Dini Hari (Jam 23) Akhir Pekan ke Penerima Baru
PAYM-0882,Medan Branch,Transfer Internal,Teller Cabang,Korporasi / Komersial,380.86,19,1,Tidak,Aktif Normal,1,Domestik Indonesia,MFA Biometrik / Token Valid,Tidak,1,2,-
PAYM-0883,Jakarta Branch,BI-FAST,ATM,Individu / Retail,151.4,20,5,Ya,Aktif Normal,20,Domestik Indonesia,Override Tanpa 2FA,Ya (Anomali),5,5,Lonjakan Frekuensi Transaksi Abnormal (Velocity Risk: 20x dalam 24 Jam) ke Penerima Baru
PAYM-0884,Bandung Branch,RTGS,Internet Banking Corporate,Korporasi / Komersial,300.63,16,4,Ya,Aktif Normal,2,Domestik Indonesia,MFA Biometrik / Token Valid,Tidak,2,1,-
PAYM-0885,Jakarta Branch,RTGS,API Host-to-Host,Korporasi / Komersial,1332.33,14,1,Tidak,Aktif Normal,2,Domestik Indonesia,MFA Biometrik / Token Valid,Tidak,1,2,-
PAYM-0886,Jakarta Branch,BI-FAST,ATM,Individu / Retail,38.45,9,4,Tidak,Aktif Normal,2,Domestik Indonesia,SMS OTP Standar,Tidak,1,1,-
PAYM-0887,Medan Branch,Transfer Internal,Mobile Banking,Individu / Retail,13.05,17,4,Tidak,Aktif Normal,1,Domestik Indonesia,SMS OTP Standar,Tidak,1,1,-
PAYM-0888,Jakarta Branch,BI-FAST,Mobile Banking,Individu / Retail,3.68,16,5,Tidak,Aktif Normal,3,Domestik Indonesia,MFA Biometrik / Token Valid,Tidak,1,1,-
PAYM-0889,Jakarta Branch,Transfer Internal,Internet Banking Corporate,Korporasi / Komersial,114.03,20,4,Tidak,Aktif Normal,1,Domestik Indonesia,MFA Biometrik / Token Valid,Tidak,1,2,-
PAYM-0890,Jakarta Branch,Transfer Internal,Internet Banking Corporate,Korporasi / Komersial,176.34,17,2,Ya,Aktif Normal,1,Domestik Indonesia,SMS OTP Standar,Tidak,1,2,-
PAYM-0891,Digital Banking Unit,Transfer Internal,Mobile Banking,Individu / Retail,73.36,8,7,Tidak,Aktif Normal,1,Domestik Indonesia,MFA Biometrik / Token Valid,Tidak,1,1,-
PAYM-0892,Digital Banking Unit,BI-FAST,ATM,Individu / Retail,7.23,14,5,Tidak,Aktif Normal,2,Domestik Indonesia,MFA Biometrik / Token Valid,Tidak,1,2,-
PAYM-0893,Digital Banking Unit,Transfer Internal,Mobile Banking,Individu / Retail,29.01,7,1,Tidak,Aktif Normal,1,Domestik Indonesia,MFA Biometrik / Token Valid,Tidak,1,1,-
PAYM-0894,Digital Banking Unit,RTGS,API Host-to-Host,Korporasi / Komersial,64.78,13,4,Ya,Aktif Normal,21,Domestik Indonesia,Override Tanpa 2FA,Ya (Anomali),5,5,Lonjakan Frekuensi Transaksi Abnormal (Velocity Risk: 21x dalam 24 Jam) ke Penerima Baru
PAYM-0895,Digital Banking Unit,BI-FAST,Mobile Banking,Individu / Retail,92.8,18,4,Ya,Aktif Normal,25,Domestik Indonesia,Override Tanpa 2FA,Ya (Anomali),5,5,Lonjakan Frekuensi Transaksi Abnormal (Velocity Risk: 25x dalam 24 Jam) ke Penerima Baru
PAYM-0896,Jakarta Branch,BI-FAST,Mobile Banking,Individu / Retail,16.41,21,3,Tidak,Aktif Normal,1,Domestik Indonesia,MFA Biometrik / Token Valid,Tidak,1,1,-
PAYM-0897,Head Office,BI-FAST,Mobile Banking,Individu / Retail,0.69,19,2,Tidak,Aktif Normal,1,Domestik Indonesia,MFA Biometrik / Token Valid,Tidak,1,1,-
PAYM-0898,Digital Banking Unit,BI-FAST,Mobile Banking,Individu / Retail,393.41,11,1,Tidak,Aktif Normal,2,Domestik Indonesia,MFA Biometrik / Token Valid,Ya (Anomali),4,3,Pelanggaran Limit Kanal Pembayaran: Transaksi BI-FAST Melebihi Batas Maksimal Regulasi Bank Indonesia (>Rp 250 Juta)
PAYM-0899,Medan Branch,RTGS,Internet Banking Corporate,Korporasi / Komersial,178.59,20,2,Tidak,Aktif Normal,1,Domestik Indonesia,MFA Biometrik / Token Valid,Tidak,2,1,-
PAYM-0900,Head Office,RTGS,Internet Banking Corporate,Korporasi / Komersial,88.13,7,4,Tidak,Aktif Normal,3,Domestik Indonesia,SMS OTP Standar,Tidak,1,1,-
PAYM-0901,Head Office,SWIFT / Remittance Valas,Teller Cabang,Korporasi / Komersial,4626.99,18,5,Ya,Aktif Normal,3,High-Risk Offshore Jurisdiction,MFA Biometrik / Token Valid,Ya (Anomali),5,4,Transfer Valas Lintas Negara ke Yurisdiksi Berisiko Tinggi (High-Risk Offshore Tax Haven)
PAYM-0902,Head Office,SKN / Kliring,API Host-to-Host,Korporasi / Komersial,1226.83,18,1,Ya,Dormant / Pasif >180 Hari,1,Domestik Indonesia,Override Tanpa 2FA,Ya (Anomali),5,4,Pengurasan Rekening Pasif (Dormant Account Drain): Penarikan Dana Besar Tanpa Otentikasi Memadai
PAYM-0903,Surabaya Branch,BI-FAST,Mobile Banking,Individu / Retail,12.53,13,2,Tidak,Aktif Normal,3,Domestik Indonesia,SMS OTP Standar,Tidak,1,1,-
PAYM-0904,Medan Branch,Transfer Internal,Teller Cabang,Individu / Retail,60.87,11,3,Tidak,Aktif Normal,4,Domestik Indonesia,MFA Biometrik / Token Valid,Tidak,1,1,-
PAYM-0905,Jakarta Branch,SKN / Kliring,Mobile Banking,Individu / Retail,36.47,18,3,Tidak,Akun Baru <7 Hari,1,Domestik Indonesia,MFA Biometrik / Token Valid,Tidak,2,1,-
PAYM-0906,Medan Branch,Transfer Internal,ATM,Individu / Retail,5.77,14,1,Tidak,Akun Baru <7 Hari,2,Domestik Indonesia,SMS OTP Standar,Tidak,2,1,-
PAYM-0907,Medan Branch,BI-FAST,Mobile Banking,Individu / Retail,10.36,18,2,Tidak,Aktif Normal,1,Domestik Indonesia,MFA Biometrik / Token Valid,Tidak,1,1,-
PAYM-0908,Surabaya Branch,BI-FAST,Mobile Banking,Individu / Retail,25.49,13,4,Tidak,Aktif Normal,1,Domestik Indonesia,SMS OTP Standar,Tidak,2,2,-
PAYM-0909,Medan Branch,RTGS,Internet Banking Corporate,Korporasi / Komersial,92.57,11,2,Tidak,Akun Baru <7 Hari,1,Domestik Indonesia,SMS OTP Standar,Tidak,1,1,-
PAYM-0910,Digital Banking Unit,BI-FAST,Mobile Banking,Individu / Retail,20.15,7,3,Ya,Aktif Normal,1,Domestik Indonesia,MFA Biometrik / Token Valid,Tidak,2,2,-
PAYM-0911,Bandung Branch,RTGS,API Host-to-Host,Korporasi / Komersial,80.2,14,2,Tidak,Aktif Normal,1,Domestik Indonesia,MFA Biometrik / Token Valid,Tidak,1,1,-
PAYM-0912,Bandung Branch,Transfer Internal,ATM,Individu / Retail,43.23,16,5,Tidak,Aktif Normal,4,Domestik Indonesia,MFA Biometrik / Token Valid,Tidak,1,2,-
PAYM-0913,Bandung Branch,RTGS,Internet Banking Corporate,Korporasi / Komersial,1056.78,21,1,Tidak,Aktif Normal,3,Domestik Indonesia,MFA Biometrik / Token Valid,Tidak,2,1,-
PAYM-0914,Bandung Branch,Transfer Internal,Internet Banking Corporate,Korporasi / Komersial,1585.93,15,2,Ya,Dormant / Pasif >180 Hari,2,Domestik Indonesia,Override Tanpa 2FA,Ya (Anomali),5,4,Pengurasan Rekening Pasif (Dormant Account Drain): Penarikan Dana Besar Tanpa Otentikasi Memadai
PAYM-0915,Head Office,BI-FAST,ATM,Individu / Retail,21.47,19,1,Tidak,Aktif Normal,3,Domestik Indonesia,SMS OTP Standar,Tidak,1,2,-
PAYM-0916,Head Office,Transfer Internal,ATM,Individu / Retail,12.89,16,3,Tidak,Aktif Normal,1,Domestik Indonesia,MFA Biometrik / Token Valid,Tidak,1,1,-
PAYM-0917,Medan Branch,BI-FAST,Mobile Banking,Individu / Retail,30.88,15,3,Tidak,Aktif Normal,1,Domestik Indonesia,SMS OTP Standar,Tidak,2,1,-
PAYM-0918,Bandung Branch,BI-FAST,Teller Cabang,Individu / Retail,2868.84,3,6,Ya,Aktif Normal,1,Domestik Indonesia,Override Tanpa 2FA,Ya (Anomali),5,4,Transfer Jumlah Sangat Besar di Dini Hari (Jam 3) Akhir Pekan ke Penerima Baru
PAYM-0919,Jakarta Branch,BI-FAST,Mobile Banking,Individu / Retail,491.19,15,1,Ya,Aktif Normal,10,Domestik Indonesia,MFA Biometrik / Token Valid,Ya (Anomali),5,5,Indikasi Smurfing / Structuring: Transaksi Terpecah Berulang Tepat di Bawah Batas Lapor PPATK Rp 500 Juta (491.19 Juta)
PAYM-0920,Jakarta Branch,Transfer Internal,ATM,Individu / Retail,14.64,21,1,Tidak,Aktif Normal,1,Domestik Indonesia,MFA Biometrik / Token Valid,Tidak,1,1,-
PAYM-0921,Bandung Branch,Transfer Internal,API Host-to-Host,Korporasi / Komersial,161.58,20,5,Tidak,Aktif Normal,2,Domestik Indonesia,SMS OTP Standar,Tidak,1,1,-
PAYM-0922,Digital Banking Unit,BI-FAST,Teller Cabang,Individu / Retail,5.29,13,2,Tidak,Aktif Normal,3,Domestik Indonesia,MFA Biometrik / Token Valid,Tidak,1,2,-
PAYM-0923,Medan Branch,BI-FAST,Mobile Banking,Individu / Retail,27.55,9,3,Tidak,Aktif Normal,1,Domestik Indonesia,MFA Biometrik / Token Valid,Tidak,1,1,-
PAYM-0924,Surabaya Branch,Transfer Internal,Mobile Banking,Individu / Retail,7.39,8,3,Tidak,Aktif Normal,1,Domestik Indonesia,SMS OTP Standar,Tidak,1,1,-
PAYM-0925,Medan Branch,BI-FAST,Mobile Banking,Individu / Retail,12.88,6,3,Tidak,Aktif Normal,1,Domestik Indonesia,SMS OTP Standar,Tidak,1,1,-
PAYM-0926,Jakarta Branch,BI-FAST,Mobile Banking,Individu / Retail,9.7,17,5,Tidak,Aktif Normal,1,Domestik Indonesia,MFA Biometrik / Token Valid,Tidak,1,1,-
PAYM-0927,Jakarta Branch,Transfer Internal,Mobile Banking,Individu / Retail,66.92,19,5,Tidak,Aktif Normal,1,Domestik Indonesia,MFA Biometrik / Token Valid,Tidak,1,1,-
PAYM-0928,Jakarta Branch,BI-FAST,Mobile Banking,Individu / Retail,2.09,7,4,Tidak,Aktif Normal,1,Domestik Indonesia,MFA Biometrik / Token Valid,Tidak,1,1,-
PAYM-0929,Digital Banking Unit,Transfer Internal,Mobile Banking,Individu / Retail,120.83,11,1,Tidak,Aktif Normal,2,Domestik Indonesia,SMS OTP Standar,Tidak,1,1,-
PAYM-0930,Jakarta Branch,BI-FAST,Mobile Banking,Individu / Retail,18.33,7,2,Ya,Aktif Normal,2,Domestik Indonesia,SMS OTP Standar,Tidak,1,2,-
PAYM-0931,Digital Banking Unit,BI-FAST,Mobile Banking,Individu / Retail,14.99,7,3,Tidak,Akun Baru <7 Hari,2,Domestik Indonesia,SMS OTP Standar,Tidak,1,2,-
PAYM-0932,Medan Branch,BI-FAST,ATM,Individu / Retail,3.4,13,2,Tidak,Aktif Normal,1,Domestik Indonesia,SMS OTP Standar,Tidak,1,1,-
PAYM-0933,Surabaya Branch,SKN / Kliring,Mobile Banking,Individu / Retail,29.51,7,3,Tidak,Aktif Normal,1,Domestik Indonesia,MFA Biometrik / Token Valid,Tidak,2,1,-
PAYM-0934,Medan Branch,Transfer Internal,ATM,Individu / Retail,12.31,16,4,Tidak,Aktif Normal,1,Domestik Indonesia,MFA Biometrik / Token Valid,Tidak,1,1,-
PAYM-0935,Bandung Branch,BI-FAST,Mobile Banking,Individu / Retail,1.59,17,6,Tidak,Akun Baru <7 Hari,1,Domestik Indonesia,MFA Biometrik / Token Valid,Tidak,1,1,-
PAYM-0936,Bandung Branch,BI-FAST,Mobile Banking,Individu / Retail,3.22,15,1,Tidak,Aktif Normal,1,Domestik Indonesia,SMS OTP Standar,Tidak,1,2,-
PAYM-0937,Jakarta Branch,BI-FAST,Mobile Banking,Individu / Retail,36.33,21,5,Tidak,Aktif Normal,3,Domestik Indonesia,MFA Biometrik / Token Valid,Tidak,1,2,-
PAYM-0938,Jakarta Branch,SKN / Kliring,Mobile Banking,Individu / Retail,63.63,18,2,Tidak,Aktif Normal,3,Domestik Indonesia,SMS OTP Standar,Tidak,1,1,-
PAYM-0939,Surabaya Branch,SKN / Kliring,API Host-to-Host,Korporasi / Komersial,80.11,21,2,Tidak,Aktif Normal,1,Domestik Indonesia,SMS OTP Standar,Tidak,2,1,-
PAYM-0940,Surabaya Branch,Transfer Internal,Mobile Banking,Individu / Retail,6.97,14,1,Ya,Akun Baru <7 Hari,1,Domestik Indonesia,MFA Biometrik / Token Valid,Tidak,1,2,-
PAYM-0941,Digital Banking Unit,BI-FAST,Mobile Banking,Individu / Retail,1497.46,16,2,Ya,Dormant / Pasif >180 Hari,2,Domestik Indonesia,Override Tanpa 2FA,Ya (Anomali),5,5,Pengurasan Rekening Pasif (Dormant Account Drain): Penarikan Dana Besar Tanpa Otentikasi Memadai
PAYM-0942,Jakarta Branch,RTGS,Internet Banking Corporate,Korporasi / Komersial,879.96,16,3,Tidak,Aktif Normal,1,Domestik Indonesia,MFA Biometrik / Token Valid,Tidak,1,2,-
PAYM-0943,Surabaya Branch,Transfer Internal,Mobile Banking,Individu / Retail,6.8,17,4,Tidak,Aktif Normal,1,Domestik Indonesia,SMS OTP Standar,Tidak,2,1,-
PAYM-0944,Medan Branch,SWIFT / Remittance Valas,Internet Banking Corporate,Korporasi / Komersial,321.96,21,4,Ya,Aktif Normal,1,Standard International,MFA Biometrik / Token Valid,Tidak,1,2,-
PAYM-0945,Jakarta Branch,Transfer Internal,Mobile Banking,Individu / Retail,8.32,7,5,Tidak,Aktif Normal,1,Domestik Indonesia,MFA Biometrik / Token Valid,Tidak,2,1,-
PAYM-0946,Jakarta Branch,BI-FAST,Mobile Banking,Individu / Retail,6.27,8,5,Tidak,Aktif Normal,3,Domestik Indonesia,MFA Biometrik / Token Valid,Tidak,2,1,-
PAYM-0947,Surabaya Branch,SWIFT / Remittance Valas,API Host-to-Host,Korporasi / Komersial,689.53,15,2,Tidak,Aktif Normal,1,Standard International,MFA Biometrik / Token Valid,Tidak,2,2,-
PAYM-0948,Surabaya Branch,BI-FAST,ATM,Individu / Retail,1.9,10,2,Tidak,Aktif Normal,1,Domestik Indonesia,SMS OTP Standar,Tidak,1,1,-
PAYM-0949,Surabaya Branch,RTGS,API Host-to-Host,Korporasi / Komersial,230.23,14,2,Tidak,Aktif Normal,1,Domestik Indonesia,MFA Biometrik / Token Valid,Tidak,2,2,-
PAYM-0950,Head Office,Transfer Internal,Teller Cabang,Korporasi / Komersial,440.63,17,5,Tidak,Aktif Normal,1,Domestik Indonesia,SMS OTP Standar,Tidak,2,2,-
PAYM-0951,Jakarta Branch,BI-FAST,Mobile Banking,Individu / Retail,521.32,10,3,Tidak,Aktif Normal,1,Domestik Indonesia,MFA Biometrik / Token Valid,Ya (Anomali),4,4,Pelanggaran Limit Kanal Pembayaran: Transaksi BI-FAST Melebihi Batas Maksimal Regulasi Bank Indonesia (>Rp 250 Juta)
PAYM-0952,Digital Banking Unit,SKN / Kliring,Mobile Banking,Individu / Retail,18.61,8,2,Ya,Akun Baru <7 Hari,1,Domestik Indonesia,MFA Biometrik / Token Valid,Tidak,1,1,-
PAYM-0953,Jakarta Branch,BI-FAST,ATM,Individu / Retail,19.14,7,2,Tidak,Aktif Normal,1,Domestik Indonesia,MFA Biometrik / Token Valid,Tidak,2,1,-
PAYM-0954,Head Office,SWIFT / Remittance Valas,Internet Banking Corporate,Korporasi / Komersial,4215.24,19,3,Ya,Aktif Normal,3,High-Risk Offshore Jurisdiction,MFA Biometrik / Token Valid,Ya (Anomali),5,4,Transfer Valas Lintas Negara ke Yurisdiksi Berisiko Tinggi (High-Risk Offshore Tax Haven)
PAYM-0955,Jakarta Branch,BI-FAST,ATM,Individu / Retail,37.84,14,4,Tidak,Aktif Normal,1,Domestik Indonesia,SMS OTP Standar,Tidak,2,1,-
PAYM-0956,Bandung Branch,BI-FAST,Mobile Banking,Individu / Retail,22.58,13,2,Tidak,Aktif Normal,2,Domestik Indonesia,MFA Biometrik / Token Valid,Tidak,1,1,-
PAYM-0957,Digital Banking Unit,RTGS,Teller Cabang,Korporasi / Komersial,409.51,18,1,Tidak,Aktif Normal,2,Domestik Indonesia,SMS OTP Standar,Tidak,1,1,-
PAYM-0958,Medan Branch,Transfer Internal,Internet Banking Corporate,Korporasi / Komersial,228.49,16,2,Ya,Aktif Normal,3,Domestik Indonesia,MFA Biometrik / Token Valid,Tidak,2,1,-
PAYM-0959,Medan Branch,BI-FAST,ATM,Individu / Retail,36.15,16,3,Tidak,Aktif Normal,1,Domestik Indonesia,MFA Biometrik / Token Valid,Tidak,1,2,-
PAYM-0960,Jakarta Branch,SKN / Kliring,ATM,Individu / Retail,48.66,9,1,Tidak,Aktif Normal,2,Domestik Indonesia,MFA Biometrik / Token Valid,Tidak,1,2,-
PAYM-0961,Digital Banking Unit,SKN / Kliring,ATM,Individu / Retail,6.48,9,3,Tidak,Aktif Normal,2,Domestik Indonesia,MFA Biometrik / Token Valid,Tidak,1,2,-
PAYM-0962,Bandung Branch,BI-FAST,Mobile Banking,Individu / Retail,23.53,22,2,Tidak,Aktif Normal,4,Domestik Indonesia,MFA Biometrik / Token Valid,Tidak,2,1,-
PAYM-0963,Jakarta Branch,BI-FAST,Mobile Banking,Individu / Retail,20.46,16,5,Tidak,Aktif Normal,1,Domestik Indonesia,MFA Biometrik / Token Valid,Tidak,2,1,-
PAYM-0964,Jakarta Branch,Transfer Internal,Mobile Banking,Individu / Retail,27.62,16,1,Tidak,Aktif Normal,2,Domestik Indonesia,MFA Biometrik / Token Valid,Tidak,2,1,-
PAYM-0965,Bandung Branch,BI-FAST,ATM,Individu / Retail,7.48,14,2,Ya,Aktif Normal,1,Domestik Indonesia,MFA Biometrik / Token Valid,Tidak,1,1,-
PAYM-0966,Bandung Branch,Transfer Internal,Internet Banking Corporate,Korporasi / Komersial,79.49,14,4,Ya,Akun Baru <7 Hari,1,Domestik Indonesia,MFA Biometrik / Token Valid,Tidak,2,2,-
PAYM-0967,Surabaya Branch,SKN / Kliring,Mobile Banking,Individu / Retail,10.18,12,1,Tidak,Aktif Normal,1,Domestik Indonesia,MFA Biometrik / Token Valid,Tidak,1,1,-
PAYM-0968,Bandung Branch,SKN / Kliring,Mobile Banking,Individu / Retail,7.86,21,1,Ya,Aktif Normal,1,Domestik Indonesia,MFA Biometrik / Token Valid,Tidak,2,1,-
PAYM-0969,Digital Banking Unit,BI-FAST,ATM,Individu / Retail,22.49,18,2,Tidak,Aktif Normal,1,Domestik Indonesia,SMS OTP Standar,Tidak,2,2,-
PAYM-0970,Bandung Branch,Transfer Internal,Mobile Banking,Individu / Retail,24.07,18,4,Tidak,Aktif Normal,1,Domestik Indonesia,MFA Biometrik / Token Valid,Tidak,1,1,-
PAYM-0971,Bandung Branch,Transfer Internal,API Host-to-Host,Korporasi / Komersial,268.7,12,1,Tidak,Aktif Normal,2,Domestik Indonesia,SMS OTP Standar,Tidak,1,2,-
PAYM-0972,Head Office,BI-FAST,Mobile Banking,Individu / Retail,3.14,14,3,Tidak,Aktif Normal,1,Domestik Indonesia,MFA Biometrik / Token Valid,Tidak,2,1,-
PAYM-0973,Bandung Branch,SKN / Kliring,Mobile Banking,Individu / Retail,21.86,8,1,Tidak,Aktif Normal,1,Domestik Indonesia,MFA Biometrik / Token Valid,Tidak,2,1,-
PAYM-0974,Digital Banking Unit,Transfer Internal,Mobile Banking,Individu / Retail,16.38,14,2,Ya,Aktif Normal,1,Domestik Indonesia,MFA Biometrik / Token Valid,Tidak,1,2,-
PAYM-0975,Digital Banking Unit,BI-FAST,Teller Cabang,Individu / Retail,5.47,19,5,Tidak,Akun Baru <7 Hari,1,Domestik Indonesia,MFA Biometrik / Token Valid,Tidak,1,2,-
PAYM-0976,Digital Banking Unit,Transfer Internal,Mobile Banking,Individu / Retail,356.14,17,2,Ya,Dormant / Pasif >180 Hari,2,Domestik Indonesia,Override Tanpa 2FA,Ya (Anomali),5,4,Pengurasan Rekening Pasif (Dormant Account Drain): Penarikan Dana Besar Tanpa Otentikasi Memadai
PAYM-0977,Jakarta Branch,BI-FAST,ATM,Individu / Retail,1.28,19,2,Tidak,Aktif Normal,1,Domestik Indonesia,MFA Biometrik / Token Valid,Tidak,1,2,-
PAYM-0978,Medan Branch,SKN / Kliring,Mobile Banking,Individu / Retail,12.4,12,2,Tidak,Aktif Normal,1,Domestik Indonesia,MFA Biometrik / Token Valid,Tidak,2,2,-
PAYM-0979,Head Office,SWIFT / Remittance Valas,API Host-to-Host,Korporasi / Komersial,35.53,11,4,Tidak,Aktif Normal,2,Standard International,MFA Biometrik / Token Valid,Tidak,1,1,-
PAYM-0980,Surabaya Branch,BI-FAST,Mobile Banking,Individu / Retail,26.14,9,4,Ya,Aktif Normal,1,Domestik Indonesia,MFA Biometrik / Token Valid,Tidak,1,1,-
PAYM-0981,Head Office,Transfer Internal,API Host-to-Host,Korporasi / Komersial,171.92,16,4,Tidak,Aktif Normal,1,Domestik Indonesia,MFA Biometrik / Token Valid,Tidak,1,2,-
PAYM-0982,Medan Branch,BI-FAST,Mobile Banking,Individu / Retail,415.25,18,3,Ya,Dormant / Pasif >180 Hari,1,Domestik Indonesia,Override Tanpa 2FA,Ya (Anomali),5,4,Pengurasan Rekening Pasif (Dormant Account Drain): Penarikan Dana Besar Tanpa Otentikasi Memadai
PAYM-0983,Bandung Branch,SKN / Kliring,Mobile Banking,Individu / Retail,5.87,18,3,Tidak,Aktif Normal,3,Domestik Indonesia,MFA Biometrik / Token Valid,Tidak,2,1,-
PAYM-0984,Medan Branch,BI-FAST,Mobile Banking,Individu / Retail,3.24,13,2,Tidak,Aktif Normal,4,Domestik Indonesia,MFA Biometrik / Token Valid,Tidak,2,2,-
PAYM-0985,Jakarta Branch,BI-FAST,ATM,Individu / Retail,15.4,16,3,Tidak,Aktif Normal,2,Domestik Indonesia,MFA Biometrik / Token Valid,Tidak,2,1,-
PAYM-0986,Head Office,BI-FAST,Mobile Banking,Individu / Retail,8.97,13,2,Tidak,Aktif Normal,4,Domestik Indonesia,MFA Biometrik / Token Valid,Tidak,1,1,-
PAYM-0987,Medan Branch,BI-FAST,Mobile Banking,Individu / Retail,3.84,14,5,Tidak,Aktif Normal,3,Domestik Indonesia,MFA Biometrik / Token Valid,Tidak,1,2,-
PAYM-0988,Jakarta Branch,Transfer Internal,Mobile Banking,Individu / Retail,5.09,12,1,Ya,Aktif Normal,2,Domestik Indonesia,MFA Biometrik / Token Valid,Tidak,2,2,-
PAYM-0989,Surabaya Branch,BI-FAST,Mobile Banking,Individu / Retail,21.39,10,5,Ya,Aktif Normal,2,Domestik Indonesia,MFA Biometrik / Token Valid,Tidak,1,1,-
PAYM-0990,Head Office,Transfer Internal,Teller Cabang,Individu / Retail,22.27,8,1,Tidak,Aktif Normal,3,Domestik Indonesia,MFA Biometrik / Token Valid,Tidak,2,1,-
PAYM-0991,Bandung Branch,BI-FAST,Mobile Banking,Individu / Retail,6.25,7,5,Tidak,Aktif Normal,4,Domestik Indonesia,MFA Biometrik / Token Valid,Tidak,2,1,-
PAYM-0992,Jakarta Branch,Transfer Internal,ATM,Individu / Retail,7.58,7,3,Tidak,Aktif Normal,1,Domestik Indonesia,SMS OTP Standar,Tidak,1,1,-
PAYM-0993,Digital Banking Unit,BI-FAST,Mobile Banking,Individu / Retail,588.26,16,4,Tidak,Aktif Normal,2,Domestik Indonesia,MFA Biometrik / Token Valid,Ya (Anomali),4,3,Pelanggaran Limit Kanal Pembayaran: Transaksi BI-FAST Melebihi Batas Maksimal Regulasi Bank Indonesia (>Rp 250 Juta)
PAYM-0994,Bandung Branch,BI-FAST,Mobile Banking,Individu / Retail,36.47,11,5,Tidak,Aktif Normal,1,Domestik Indonesia,SMS OTP Standar,Tidak,2,1,-
PAYM-0995,Digital Banking Unit,BI-FAST,Mobile Banking,Individu / Retail,546.87,16,5,Tidak,Aktif Normal,1,Domestik Indonesia,MFA Biometrik / Token Valid,Ya (Anomali),4,4,Pelanggaran Limit Kanal Pembayaran: Transaksi BI-FAST Melebihi Batas Maksimal Regulasi Bank Indonesia (>Rp 250 Juta)
PAYM-0996,Medan Branch,SKN / Kliring,Mobile Banking,Individu / Retail,5.43,15,4,Tidak,Aktif Normal,3,Domestik Indonesia,MFA Biometrik / Token Valid,Tidak,2,1,-
PAYM-0997,Jakarta Branch,BI-FAST,Mobile Banking,Individu / Retail,18.13,15,4,Tidak,Aktif Normal,4,Domestik Indonesia,MFA Biometrik / Token Valid,Tidak,1,1,-
PAYM-0998,Digital Banking Unit,Transfer Internal,Mobile Banking,Individu / Retail,4.07,10,3,Ya,Aktif Normal,1,Domestik Indonesia,MFA Biometrik / Token Valid,Tidak,2,1,-
PAYM-0999,Bandung Branch,Transfer Internal,Mobile Banking,Individu / Retail,15.7,18,3,Tidak,Aktif Normal,3,Domestik Indonesia,MFA Biometrik / Token Valid,Tidak,1,1,-
PAYM-1000,Bandung Branch,BI-FAST,Mobile Banking,Individu / Retail,6.23,11,2,Tidak,Aktif Normal,2,Domestik Indonesia,MFA Biometrik / Token Valid,Tidak,1,1,-
PAYM-1001,Digital Banking Unit,BI-FAST,Mobile Banking,Individu / Retail,14.88,15,2,Tidak,Aktif Normal,1,Domestik Indonesia,SMS OTP Standar,Tidak,1,1,-
PAYM-1002,Digital Banking Unit,RTGS,Internet Banking Corporate,Korporasi / Komersial,765.65,13,5,Tidak,Aktif Normal,1,Domestik Indonesia,MFA Biometrik / Token Valid,Tidak,2,2,-
PAYM-1003,Jakarta Branch,BI-FAST,Mobile Banking,Individu / Retail,17.45,13,5,Tidak,Aktif Normal,1,Domestik Indonesia,MFA Biometrik / Token Valid,Tidak,2,1,-
PAYM-1004,Jakarta Branch,RTGS,Internet Banking Corporate,Korporasi / Komersial,329.1,7,2,Tidak,Aktif Normal,1,Domestik Indonesia,MFA Biometrik / Token Valid,Tidak,1,1,-
PAYM-1005,Digital Banking Unit,Transfer Internal,Mobile Banking,Individu / Retail,5.83,8,1,Tidak,Aktif Normal,1,Domestik Indonesia,SMS OTP Standar,Tidak,2,1,-
PAYM-1006,Head Office,RTGS,Internet Banking Corporate,Korporasi / Komersial,940.2,3,6,Ya,Aktif Normal,1,Domestik Indonesia,Override Tanpa 2FA,Ya (Anomali),5,4,Transfer Jumlah Sangat Besar di Dini Hari (Jam 3) Akhir Pekan ke Penerima Baru
PAYM-1007,Digital Banking Unit,Transfer Internal,Mobile Banking,Individu / Retail,22.31,16,2,Ya,Aktif Normal,1,Domestik Indonesia,SMS OTP Standar,Tidak,2,2,-
PAYM-1008,Surabaya Branch,BI-FAST,Mobile Banking,Individu / Retail,17.9,21,3,Tidak,Aktif Normal,2,Domestik Indonesia,SMS OTP Standar,Tidak,1,1,-
PAYM-1009,Digital Banking Unit,BI-FAST,Mobile Banking,Individu / Retail,17.29,16,2,Tidak,Aktif Normal,1,Domestik Indonesia,SMS OTP Standar,Tidak,2,1,-
PAYM-1010,Jakarta Branch,BI-FAST,Mobile Banking,Individu / Retail,1.84,15,4,Tidak,Aktif Normal,2,Domestik Indonesia,MFA Biometrik / Token Valid,Tidak,2,1,-
PAYM-1011,Surabaya Branch,Transfer Internal,Mobile Banking,Individu / Retail,28.23,17,4,Tidak,Aktif Normal,4,Domestik Indonesia,MFA Biometrik / Token Valid,Tidak,1,2,-
PAYM-1012,Medan Branch,BI-FAST,ATM,Individu / Retail,306.93,6,5,Ya,Aktif Normal,20,Domestik Indonesia,Override Tanpa 2FA,Ya (Anomali),5,5,Lonjakan Frekuensi Transaksi Abnormal (Velocity Risk: 20x dalam 24 Jam) ke Penerima Baru
PAYM-1013,Head Office,BI-FAST,ATM,Individu / Retail,64.45,7,2,Tidak,Akun Baru <7 Hari,1,Domestik Indonesia,MFA Biometrik / Token Valid,Tidak,1,1,-
PAYM-1014,Head Office,Transfer Internal,Mobile Banking,Individu / Retail,117.08,16,2,Tidak,Aktif Normal,1,Domestik Indonesia,SMS OTP Standar,Tidak,2,1,-
PAYM-1015,Surabaya Branch,BI-FAST,Mobile Banking,Individu / Retail,46.21,14,5,Tidak,Aktif Normal,1,Domestik Indonesia,MFA Biometrik / Token Valid,Tidak,1,1,-
PAYM-1016,Surabaya Branch,SWIFT / Remittance Valas,Internet Banking Corporate,Korporasi / Komersial,794.31,17,4,Tidak,Aktif Normal,1,Standard International,SMS OTP Standar,Tidak,2,2,-
PAYM-1017,Digital Banking Unit,RTGS,Teller Cabang,Korporasi / Komersial,430.43,7,5,Ya,Aktif Normal,1,Domestik Indonesia,MFA Biometrik / Token Valid,Tidak,2,1,-
PAYM-1018,Medan Branch,BI-FAST,ATM,Individu / Retail,6.41,14,3,Ya,Aktif Normal,1,Domestik Indonesia,MFA Biometrik / Token Valid,Tidak,1,1,-
PAYM-1019,Medan Branch,BI-FAST,Mobile Banking,Individu / Retail,31.63,12,5,Tidak,Aktif Normal,1,Domestik Indonesia,MFA Biometrik / Token Valid,Tidak,1,1,-
PAYM-1020,Surabaya Branch,Transfer Internal,Mobile Banking,Individu / Retail,47.3,10,5,Tidak,Aktif Normal,1,Domestik Indonesia,SMS OTP Standar,Tidak,2,1,-
PAYM-1021,Surabaya Branch,Transfer Internal,Mobile Banking,Individu / Retail,7.28,9,5,Tidak,Aktif Normal,2,Domestik Indonesia,MFA Biometrik / Token Valid,Tidak,1,1,-
PAYM-1022,Jakarta Branch,SWIFT / Remittance Valas,Internet Banking Corporate,Korporasi / Komersial,219.98,14,1,Ya,Aktif Normal,3,Standard International,MFA Biometrik / Token Valid,Tidak,1,1,-
PAYM-1023,Jakarta Branch,BI-FAST,Mobile Banking,Individu / Retail,17.36,14,3,Tidak,Aktif Normal,1,Domestik Indonesia,MFA Biometrik / Token Valid,Tidak,2,1,-
PAYM-1024,Surabaya Branch,Transfer Internal,Mobile Banking,Individu / Retail,7.28,11,5,Tidak,Aktif Normal,2,Domestik Indonesia,MFA Biometrik / Token Valid,Tidak,1,1,-
PAYM-1025,Bandung Branch,SKN / Kliring,Mobile Banking,Individu / Retail,58.79,8,7,Tidak,Aktif Normal,2,Domestik Indonesia,MFA Biometrik / Token Valid,Tidak,2,2,-
PAYM-1026,Digital Banking Unit,Transfer Internal,Mobile Banking,Individu / Retail,9.22,14,2,Tidak,Aktif Normal,1,Domestik Indonesia,MFA Biometrik / Token Valid,Tidak,1,1,-
PAYM-1027,Medan Branch,Transfer Internal,Teller Cabang,Individu / Retail,1.5,16,5,Tidak,Aktif Normal,1,Domestik Indonesia,MFA Biometrik / Token Valid,Tidak,2,1,-
PAYM-1028,Jakarta Branch,BI-FAST,Mobile Banking,Individu / Retail,15.45,18,5,Tidak,Aktif Normal,1,Domestik Indonesia,SMS OTP Standar,Tidak,1,1,-
PAYM-1029,Jakarta Branch,Transfer Internal,Mobile Banking,Individu / Retail,55.02,10,3,Tidak,Aktif Normal,2,Domestik Indonesia,MFA Biometrik / Token Valid,Tidak,1,1,-
PAYM-1030,Head Office,BI-FAST,Mobile Banking,Individu / Retail,8.03,21,5,Ya,Aktif Normal,1,Domestik Indonesia,MFA Biometrik / Token Valid,Tidak,1,1,-
PAYM-1031,Head Office,BI-FAST,Mobile Banking,Individu / Retail,22.43,20,1,Tidak,Akun Baru <7 Hari,1,Domestik Indonesia,SMS OTP Standar,Tidak,1,2,-
PAYM-1032,Medan Branch,SKN / Kliring,Teller Cabang,Korporasi / Komersial,222.62,20,4,Tidak,Aktif Normal,1,Domestik Indonesia,MFA Biometrik / Token Valid,Tidak,2,1,-
PAYM-1033,Surabaya Branch,SWIFT / Remittance Valas,Teller Cabang,Korporasi / Komersial,4178.49,9,2,Ya,Aktif Normal,3,High-Risk Offshore Jurisdiction,SMS OTP Standar,Ya (Anomali),5,4,Transfer Valas Lintas Negara ke Yurisdiksi Berisiko Tinggi (High-Risk Offshore Tax Haven)
PAYM-1034,Digital Banking Unit,BI-FAST,ATM,Individu / Retail,0.96,10,1,Ya,Aktif Normal,1,Domestik Indonesia,MFA Biometrik / Token Valid,Tidak,1,1,-
PAYM-1035,Jakarta Branch,BI-FAST,Mobile Banking,Individu / Retail,50.08,21,3,Ya,Akun Baru <7 Hari,2,Domestik Indonesia,SMS OTP Standar,Tidak,2,2,-
PAYM-1036,Bandung Branch,BI-FAST,Mobile Banking,Individu / Retail,10.71,16,3,Ya,Aktif Normal,2,Domestik Indonesia,MFA Biometrik / Token Valid,Tidak,1,1,-
PAYM-1037,Bandung Branch,SKN / Kliring,Mobile Banking,Individu / Retail,3376.12,3,6,Ya,Aktif Normal,1,Domestik Indonesia,SMS OTP Standar,Ya (Anomali),5,5,Transfer Jumlah Sangat Besar di Dini Hari (Jam 3) Akhir Pekan ke Penerima Baru
PAYM-1038,Surabaya Branch,BI-FAST,Mobile Banking,Individu / Retail,25.24,21,2,Tidak,Akun Baru <7 Hari,1,Domestik Indonesia,MFA Biometrik / Token Valid,Tidak,1,1,-
PAYM-1039,Surabaya Branch,Transfer Internal,ATM,Individu / Retail,16.1,20,4,Ya,Aktif Normal,1,Domestik Indonesia,MFA Biometrik / Token Valid,Tidak,1,1,-
PAYM-1040,Head Office,BI-FAST,ATM,Individu / Retail,18.84,8,1,Tidak,Aktif Normal,1,Domestik Indonesia,MFA Biometrik / Token Valid,Tidak,1,1,-
PAYM-1041,Bandung Branch,BI-FAST,Mobile Banking,Individu / Retail,12.76,6,7,Ya,Aktif Normal,1,Domestik Indonesia,MFA Biometrik / Token Valid,Tidak,2,1,-
PAYM-1042,Bandung Branch,RTGS,API Host-to-Host,Korporasi / Komersial,103.77,18,4,Tidak,Aktif Normal,1,Domestik Indonesia,MFA Biometrik / Token Valid,Tidak,1,1,-
PAYM-1043,Jakarta Branch,SKN / Kliring,API Host-to-Host,Korporasi / Komersial,288.43,9,3,Tidak,Aktif Normal,1,Domestik Indonesia,MFA Biometrik / Token Valid,Tidak,1,1,-
PAYM-1044,Surabaya Branch,RTGS,Internet Banking Corporate,Korporasi / Komersial,443.14,18,3,Tidak,Aktif Normal,1,Domestik Indonesia,SMS OTP Standar,Tidak,2,2,-
PAYM-1045,Medan Branch,Transfer Internal,Internet Banking Corporate,Korporasi / Komersial,43.12,17,1,Ya,Aktif Normal,2,Domestik Indonesia,MFA Biometrik / Token Valid,Tidak,2,1,-
PAYM-1046,Medan Branch,Transfer Internal,Mobile Banking,Individu / Retail,59.59,17,2,Tidak,Aktif Normal,2,Domestik Indonesia,MFA Biometrik / Token Valid,Tidak,1,1,-
PAYM-1047,Surabaya Branch,BI-FAST,Mobile Banking,Individu / Retail,21.91,15,5,Tidak,Aktif Normal,2,Domestik Indonesia,MFA Biometrik / Token Valid,Tidak,2,1,-
PAYM-1048,Jakarta Branch,Transfer Internal,Teller Cabang,Korporasi / Komersial,314.6,7,4,Tidak,Aktif Normal,2,Domestik Indonesia,MFA Biometrik / Token Valid,Tidak,2,1,-
PAYM-1049,Bandung Branch,BI-FAST,ATM,Individu / Retail,4.2,12,2,Tidak,Aktif Normal,1,Domestik Indonesia,MFA Biometrik / Token Valid,Tidak,1,1,-
PAYM-1050,Digital Banking Unit,Transfer Internal,ATM,Individu / Retail,487.52,11,2,Tidak,Aktif Normal,7,Domestik Indonesia,MFA Biometrik / Token Valid,Ya (Anomali),5,5,Indikasi Smurfing / Structuring: Transaksi Terpecah Berulang Tepat di Bawah Batas Lapor PPATK Rp 500 Juta (487.52 Juta)
PAYM-1051,Head Office,BI-FAST,Mobile Banking,Individu / Retail,2749.49,0,6,Ya,Aktif Normal,3,Domestik Indonesia,Override Tanpa 2FA,Ya (Anomali),5,4,Transfer Jumlah Sangat Besar di Dini Hari (Jam 0) Akhir Pekan ke Penerima Baru
PAYM-1052,Surabaya Branch,Transfer Internal,ATM,Individu / Retail,43.59,14,1,Tidak,Aktif Normal,1,Domestik Indonesia,SMS OTP Standar,Tidak,1,1,-
PAYM-1053,Digital Banking Unit,BI-FAST,Mobile Banking,Individu / Retail,46.12,8,5,Tidak,Aktif Normal,3,Domestik Indonesia,MFA Biometrik / Token Valid,Tidak,1,2,-
PAYM-1054,Medan Branch,Transfer Internal,ATM,Individu / Retail,21.33,13,3,Tidak,Aktif Normal,1,Domestik Indonesia,MFA Biometrik / Token Valid,Tidak,1,1,-
PAYM-1055,Bandung Branch,Transfer Internal,Teller Cabang,Individu / Retail,54.23,9,1,Tidak,Akun Baru <7 Hari,1,Domestik Indonesia,SMS OTP Standar,Tidak,2,1,-
PAYM-1056,Surabaya Branch,BI-FAST,Mobile Banking,Individu / Retail,15.41,16,1,Tidak,Aktif Normal,1,Domestik Indonesia,SMS OTP Standar,Tidak,2,1,-
PAYM-1057,Digital Banking Unit,Transfer Internal,Internet Banking Corporate,Korporasi / Komersial,170.65,10,3,Tidak,Aktif Normal,2,Domestik Indonesia,MFA Biometrik / Token Valid,Tidak,1,1,-
PAYM-1058,Jakarta Branch,RTGS,Teller Cabang,Korporasi / Komersial,208.99,10,2,Ya,Aktif Normal,4,Domestik Indonesia,MFA Biometrik / Token Valid,Tidak,1,2,-
PAYM-1059,Surabaya Branch,BI-FAST,Mobile Banking,Individu / Retail,13.19,12,1,Tidak,Aktif Normal,1,Domestik Indonesia,MFA Biometrik / Token Valid,Tidak,1,1,-
PAYM-1060,Head Office,SWIFT / Remittance Valas,API Host-to-Host,Korporasi / Komersial,665.62,22,1,Tidak,Aktif Normal,1,Standard International,SMS OTP Standar,Tidak,2,2,-
PAYM-1061,Head Office,Transfer Internal,ATM,Individu / Retail,52.64,9,4,Tidak,Aktif Normal,1,Domestik Indonesia,MFA Biometrik / Token Valid,Tidak,1,1,-
PAYM-1062,Bandung Branch,Transfer Internal,Mobile Banking,Individu / Retail,9.43,17,4,Tidak,Aktif Normal,3,Domestik Indonesia,SMS OTP Standar,Tidak,2,1,-
PAYM-1063,Medan Branch,RTGS,Teller Cabang,Korporasi / Komersial,434.06,18,1,Tidak,Aktif Normal,1,Domestik Indonesia,MFA Biometrik / Token Valid,Tidak,2,1,-
PAYM-1064,Bandung Branch,BI-FAST,Mobile Banking,Individu / Retail,52.78,9,5,Tidak,Aktif Normal,1,Domestik Indonesia,MFA Biometrik / Token Valid,Tidak,1,1,-
PAYM-1065,Jakarta Branch,BI-FAST,Mobile Banking,Individu / Retail,15.66,14,5,Tidak,Akun Baru <7 Hari,3,Domestik Indonesia,SMS OTP Standar,Tidak,1,2,-
PAYM-1066,Bandung Branch,SWIFT / Remittance Valas,Internet Banking Corporate,Korporasi / Komersial,365.39,17,5,Tidak,Aktif Normal,1,Standard International,MFA Biometrik / Token Valid,Tidak,1,2,-
PAYM-1067,Surabaya Branch,SKN / Kliring,ATM,Individu / Retail,30.14,10,2,Tidak,Aktif Normal,1,Domestik Indonesia,MFA Biometrik / Token Valid,Tidak,2,2,-
PAYM-1068,Digital Banking Unit,RTGS,API Host-to-Host,Korporasi / Komersial,81.4,6,6,Ya,Aktif Normal,21,Domestik Indonesia,SMS OTP Standar,Ya (Anomali),4,5,Lonjakan Frekuensi Transaksi Abnormal (Velocity Risk: 21x dalam 24 Jam) ke Penerima Baru
PAYM-1069,Head Office,RTGS,Internet Banking Corporate,Korporasi / Komersial,64.44,7,3,Tidak,Aktif Normal,1,Domestik Indonesia,SMS OTP Standar,Tidak,2,2,-
PAYM-1070,Bandung Branch,Transfer Internal,ATM,Individu / Retail,486.46,12,2,Ya,Aktif Normal,9,Domestik Indonesia,MFA Biometrik / Token Valid,Ya (Anomali),5,5,Indikasi Smurfing / Structuring: Transaksi Terpecah Berulang Tepat di Bawah Batas Lapor PPATK Rp 500 Juta (486.46 Juta)
PAYM-1071,Bandung Branch,BI-FAST,Mobile Banking,Individu / Retail,7.88,9,7,Tidak,Aktif Normal,2,Domestik Indonesia,SMS OTP Standar,Tidak,2,1,-
PAYM-1072,Jakarta Branch,SWIFT / Remittance Valas,Internet Banking Corporate,Korporasi / Komersial,1902.29,16,5,Ya,Aktif Normal,1,High-Risk Offshore Jurisdiction,MFA Biometrik / Token Valid,Ya (Anomali),5,4,Transfer Valas Lintas Negara ke Yurisdiksi Berisiko Tinggi (High-Risk Offshore Tax Haven)
PAYM-1073,Head Office,SKN / Kliring,API Host-to-Host,Korporasi / Komersial,219.53,20,4,Tidak,Aktif Normal,1,Domestik Indonesia,MFA Biometrik / Token Valid,Tidak,2,1,-
PAYM-1074,Medan Branch,Transfer Internal,Internet Banking Corporate,Korporasi / Komersial,130.98,14,3,Tidak,Aktif Normal,3,Domestik Indonesia,MFA Biometrik / Token Valid,Tidak,2,2,-
PAYM-1075,Jakarta Branch,Transfer Internal,ATM,Individu / Retail,76.42,11,3,Tidak,Aktif Normal,1,Domestik Indonesia,SMS OTP Standar,Tidak,1,2,-
PAYM-1076,Medan Branch,BI-FAST,Mobile Banking,Individu / Retail,27.77,7,5,Tidak,Aktif Normal,2,Domestik Indonesia,MFA Biometrik / Token Valid,Tidak,1,1,-
PAYM-1077,Head Office,RTGS,Internet Banking Corporate,Korporasi / Komersial,338.59,17,2,Ya,Akun Baru <7 Hari,1,Domestik Indonesia,MFA Biometrik / Token Valid,Tidak,2,1,-
PAYM-1078,Medan Branch,BI-FAST,Mobile Banking,Individu / Retail,6.86,18,3,Tidak,Aktif Normal,1,Domestik Indonesia,MFA Biometrik / Token Valid,Tidak,2,2,-
PAYM-1079,Digital Banking Unit,BI-FAST,Mobile Banking,Individu / Retail,10.03,9,3,Tidak,Aktif Normal,2,Domestik Indonesia,MFA Biometrik / Token Valid,Tidak,1,2,-
PAYM-1080,Medan Branch,SWIFT / Remittance Valas,Teller Cabang,Korporasi / Komersial,1904.01,16,4,Ya,Aktif Normal,2,High-Risk Offshore Jurisdiction,SMS OTP Standar,Ya (Anomali),5,4,Transfer Valas Lintas Negara ke Yurisdiksi Berisiko Tinggi (High-Risk Offshore Tax Haven)
PAYM-1081,Medan Branch,Transfer Internal,ATM,Individu / Retail,25.26,11,3,Tidak,Aktif Normal,2,Domestik Indonesia,SMS OTP Standar,Tidak,1,2,-
PAYM-1082,Digital Banking Unit,SKN / Kliring,Internet Banking Corporate,Korporasi / Komersial,325.2,18,6,Ya,Aktif Normal,1,Domestik Indonesia,MFA Biometrik / Token Valid,Tidak,1,2,-
PAYM-1083,Bandung Branch,BI-FAST,Mobile Banking,Individu / Retail,14.98,11,2,Tidak,Aktif Normal,1,Domestik Indonesia,MFA Biometrik / Token Valid,Tidak,2,1,-
PAYM-1084,Jakarta Branch,BI-FAST,Mobile Banking,Individu / Retail,4.38,10,5,Tidak,Akun Baru <7 Hari,1,Domestik Indonesia,MFA Biometrik / Token Valid,Tidak,1,1,-
PAYM-1085,Medan Branch,SWIFT / Remittance Valas,Internet Banking Corporate,Korporasi / Komersial,117.84,6,4,Ya,Aktif Normal,2,Standard International,SMS OTP Standar,Tidak,2,1,-
PAYM-1086,Head Office,Transfer Internal,Mobile Banking,Individu / Retail,3.02,10,4,Tidak,Aktif Normal,1,Domestik Indonesia,MFA Biometrik / Token Valid,Tidak,2,1,-
PAYM-1087,Bandung Branch,Transfer Internal,Mobile Banking,Individu / Retail,21.56,17,4,Tidak,Aktif Normal,2,Domestik Indonesia,SMS OTP Standar,Tidak,2,1,-
PAYM-1088,Jakarta Branch,BI-FAST,Mobile Banking,Individu / Retail,330.64,16,7,Ya,Aktif Normal,16,Domestik Indonesia,SMS OTP Standar,Ya (Anomali),4,5,Lonjakan Frekuensi Transaksi Abnormal (Velocity Risk: 16x dalam 24 Jam) ke Penerima Baru
PAYM-1089,Surabaya Branch,RTGS,Teller Cabang,Korporasi / Komersial,339.2,21,2,Tidak,Aktif Normal,1,Domestik Indonesia,MFA Biometrik / Token Valid,Tidak,2,1,-
PAYM-1090,Head Office,BI-FAST,Mobile Banking,Individu / Retail,26.93,14,2,Tidak,Aktif Normal,1,Domestik Indonesia,MFA Biometrik / Token Valid,Tidak,1,1,-
PAYM-1091,Head Office,RTGS,Internet Banking Corporate,Korporasi / Komersial,442.09,10,2,Tidak,Aktif Normal,1,Domestik Indonesia,SMS OTP Standar,Tidak,1,2,-
PAYM-1092,Surabaya Branch,SWIFT / Remittance Valas,Teller Cabang,Korporasi / Komersial,6012.84,19,1,Ya,Aktif Normal,3,High-Risk Offshore Jurisdiction,SMS OTP Standar,Ya (Anomali),5,4,Transfer Valas Lintas Negara ke Yurisdiksi Berisiko Tinggi (High-Risk Offshore Tax Haven)
PAYM-1093,Bandung Branch,BI-FAST,Mobile Banking,Individu / Retail,37.44,18,1,Tidak,Aktif Normal,3,Domestik Indonesia,MFA Biometrik / Token Valid,Tidak,1,1,-
PAYM-1094,Surabaya Branch,RTGS,API Host-to-Host,Korporasi / Komersial,271.02,19,4,Tidak,Aktif Normal,1,Domestik Indonesia,MFA Biometrik / Token Valid,Tidak,2,1,-
PAYM-1095,Bandung Branch,RTGS,Internet Banking Corporate,Korporasi / Komersial,348.33,19,4,Tidak,Akun Baru <7 Hari,1,Domestik Indonesia,MFA Biometrik / Token Valid,Tidak,2,2,-
PAYM-1096,Bandung Branch,Transfer Internal,Mobile Banking,Individu / Retail,1.84,12,3,Ya,Aktif Normal,1,Domestik Indonesia,MFA Biometrik / Token Valid,Tidak,2,1,-
PAYM-1097,Digital Banking Unit,Transfer Internal,Mobile Banking,Individu / Retail,13.09,11,2,Ya,Aktif Normal,1,Domestik Indonesia,MFA Biometrik / Token Valid,Tidak,1,1,-
PAYM-1098,Digital Banking Unit,BI-FAST,Mobile Banking,Individu / Retail,108.32,7,4,Tidak,Aktif Normal,2,Domestik Indonesia,MFA Biometrik / Token Valid,Tidak,1,1,-
PAYM-1099,Medan Branch,BI-FAST,ATM,Individu / Retail,32.36,7,5,Tidak,Aktif Normal,1,Domestik Indonesia,MFA Biometrik / Token Valid,Tidak,1,1,-
PAYM-1100,Surabaya Branch,BI-FAST,Mobile Banking,Individu / Retail,10.1,13,3,Tidak,Aktif Normal,3,Domestik Indonesia,MFA Biometrik / Token Valid,Tidak,1,1,-
PAYM-1101,Bandung Branch,BI-FAST,ATM,Individu / Retail,20.48,14,1,Tidak,Akun Baru <7 Hari,3,Domestik Indonesia,MFA Biometrik / Token Valid,Tidak,1,1,-
PAYM-1102,Digital Banking Unit,BI-FAST,Mobile Banking,Individu / Retail,5.87,18,5,Tidak,Aktif Normal,2,Domestik Indonesia,MFA Biometrik / Token Valid,Tidak,2,1,-
PAYM-1103,Surabaya Branch,RTGS,Internet Banking Corporate,Korporasi / Komersial,198.62,8,4,Tidak,Aktif Normal,1,Domestik Indonesia,MFA Biometrik / Token Valid,Tidak,2,1,-
PAYM-1104,Digital Banking Unit,Transfer Internal,ATM,Individu / Retail,59.18,16,5,Tidak,Aktif Normal,1,Domestik Indonesia,MFA Biometrik / Token Valid,Tidak,1,1,-
PAYM-1105,Surabaya Branch,BI-FAST,Mobile Banking,Individu / Retail,2.7,17,4,Tidak,Aktif Normal,1,Domestik Indonesia,MFA Biometrik / Token Valid,Tidak,1,1,-
PAYM-1106,Medan Branch,Transfer Internal,Teller Cabang,Individu / Retail,5.57,14,1,Tidak,Aktif Normal,1,Domestik Indonesia,MFA Biometrik / Token Valid,Tidak,1,1,-
PAYM-1107,Surabaya Branch,Transfer Internal,Mobile Banking,Individu / Retail,17.6,17,3,Tidak,Aktif Normal,1,Domestik Indonesia,MFA Biometrik / Token Valid,Tidak,1,2,-
PAYM-1108,Surabaya Branch,SWIFT / Remittance Valas,Internet Banking Corporate,Korporasi / Komersial,59.42,12,1,Ya,Aktif Normal,1,Standard International,MFA Biometrik / Token Valid,Tidak,2,1,-
PAYM-1109,Digital Banking Unit,BI-FAST,Mobile Banking,Individu / Retail,18.08,9,2,Tidak,Akun Baru <7 Hari,1,Domestik Indonesia,MFA Biometrik / Token Valid,Tidak,2,1,-
PAYM-1110,Head Office,RTGS,Teller Cabang,Korporasi / Komersial,251.75,17,4,Tidak,Aktif Normal,1,Domestik Indonesia,MFA Biometrik / Token Valid,Tidak,2,2,-
PAYM-1111,Head Office,RTGS,Internet Banking Corporate,Korporasi / Komersial,45.55,13,1,Tidak,Aktif Normal,3,Domestik Indonesia,MFA Biometrik / Token Valid,Tidak,2,1,-
PAYM-1112,Digital Banking Unit,SKN / Kliring,Mobile Banking,Individu / Retail,23.94,10,2,Tidak,Aktif Normal,2,Domestik Indonesia,MFA Biometrik / Token Valid,Tidak,1,2,-
PAYM-1113,Medan Branch,BI-FAST,Teller Cabang,Individu / Retail,25.39,19,4,Tidak,Aktif Normal,2,Domestik Indonesia,MFA Biometrik / Token Valid,Tidak,1,2,-
PAYM-1114,Medan Branch,Transfer Internal,ATM,Individu / Retail,11.01,8,1,Tidak,Akun Baru <7 Hari,2,Domestik Indonesia,MFA Biometrik / Token Valid,Tidak,2,1,-
PAYM-1115,Jakarta Branch,RTGS,Teller Cabang,Korporasi / Komersial,109.15,21,2,Tidak,Akun Baru <7 Hari,1,Domestik Indonesia,MFA Biometrik / Token Valid,Tidak,2,1,-
PAYM-1116,Surabaya Branch,RTGS,Internet Banking Corporate,Korporasi / Komersial,2022.13,15,5,Tidak,Aktif Normal,4,Domestik Indonesia,MFA Biometrik / Token Valid,Tidak,2,1,-
PAYM-1117,Digital Banking Unit,BI-FAST,Mobile Banking,Individu / Retail,3.24,15,5,Tidak,Akun Baru <7 Hari,2,Domestik Indonesia,SMS OTP Standar,Tidak,1,2,-
PAYM-1118,Medan Branch,Transfer Internal,Mobile Banking,Individu / Retail,449.49,8,5,Ya,Dormant / Pasif >180 Hari,1,Domestik Indonesia,Override Tanpa 2FA,Ya (Anomali),5,5,Pengurasan Rekening Pasif (Dormant Account Drain): Penarikan Dana Besar Tanpa Otentikasi Memadai
PAYM-1119,Medan Branch,Transfer Internal,Mobile Banking,Individu / Retail,24.2,8,4,Tidak,Aktif Normal,1,Domestik Indonesia,MFA Biometrik / Token Valid,Tidak,2,1,-
PAYM-1120,Head Office,RTGS,Internet Banking Corporate,Korporasi / Komersial,158.14,7,3,Tidak,Aktif Normal,1,Domestik Indonesia,MFA Biometrik / Token Valid,Tidak,1,1,-
PAYM-1121,Head Office,BI-FAST,Mobile Banking,Individu / Retail,40.47,16,4,Tidak,Aktif Normal,4,Domestik Indonesia,SMS OTP Standar,Tidak,1,1,-
PAYM-1122,Digital Banking Unit,BI-FAST,Mobile Banking,Individu / Retail,18.13,15,4,Tidak,Aktif Normal,2,Domestik Indonesia,MFA Biometrik / Token Valid,Tidak,1,2,-
PAYM-1123,Head Office,SKN / Kliring,Mobile Banking,Individu / Retail,41.29,8,1,Tidak,Aktif Normal,3,Domestik Indonesia,MFA Biometrik / Token Valid,Tidak,1,1,-
PAYM-1124,Bandung Branch,Transfer Internal,Mobile Banking,Individu / Retail,21.84,21,7,Ya,Aktif Normal,1,Domestik Indonesia,SMS OTP Standar,Tidak,1,1,-
PAYM-1125,Digital Banking Unit,BI-FAST,Mobile Banking,Individu / Retail,18.53,17,1,Tidak,Aktif Normal,1,Domestik Indonesia,MFA Biometrik / Token Valid,Tidak,1,2,-
PAYM-1126,Digital Banking Unit,Transfer Internal,Mobile Banking,Individu / Retail,13.67,7,3,Tidak,Aktif Normal,2,Domestik Indonesia,MFA Biometrik / Token Valid,Tidak,1,1,-
PAYM-1127,Jakarta Branch,BI-FAST,Mobile Banking,Individu / Retail,3.41,15,2,Tidak,Aktif Normal,1,Domestik Indonesia,MFA Biometrik / Token Valid,Tidak,1,1,-
PAYM-1128,Digital Banking Unit,Transfer Internal,Mobile Banking,Individu / Retail,9.82,7,3,Tidak,Aktif Normal,2,Domestik Indonesia,MFA Biometrik / Token Valid,Tidak,2,2,-
PAYM-1129,Digital Banking Unit,SKN / Kliring,Internet Banking Corporate,Korporasi / Komersial,81.63,10,2,Tidak,Aktif Normal,2,Domestik Indonesia,SMS OTP Standar,Tidak,2,1,-
PAYM-1130,Surabaya Branch,BI-FAST,Mobile Banking,Individu / Retail,16.33,21,4,Tidak,Aktif Normal,1,Domestik Indonesia,MFA Biometrik / Token Valid,Tidak,1,1,-
PAYM-1131,Surabaya Branch,Transfer Internal,Mobile Banking,Individu / Retail,946.12,12,6,Ya,Dormant / Pasif >180 Hari,2,Domestik Indonesia,Override Tanpa 2FA,Ya (Anomali),5,4,Pengurasan Rekening Pasif (Dormant Account Drain): Penarikan Dana Besar Tanpa Otentikasi Memadai
PAYM-1132,Jakarta Branch,BI-FAST,Mobile Banking,Individu / Retail,10.54,7,4,Tidak,Aktif Normal,1,Domestik Indonesia,MFA Biometrik / Token Valid,Tidak,2,2,-
PAYM-1133,Head Office,Transfer Internal,Internet Banking Corporate,Korporasi / Komersial,202.01,21,2,Tidak,Aktif Normal,1,Domestik Indonesia,MFA Biometrik / Token Valid,Tidak,1,1,-
PAYM-1134,Surabaya Branch,BI-FAST,ATM,Individu / Retail,8.71,18,3,Tidak,Aktif Normal,1,Domestik Indonesia,SMS OTP Standar,Tidak,2,1,-
PAYM-1135,Medan Branch,BI-FAST,ATM,Individu / Retail,15.28,18,5,Tidak,Aktif Normal,3,Domestik Indonesia,SMS OTP Standar,Tidak,2,1,-
PAYM-1136,Bandung Branch,BI-FAST,ATM,Individu / Retail,4.15,21,7,Tidak,Aktif Normal,2,Domestik Indonesia,MFA Biometrik / Token Valid,Tidak,1,1,-
PAYM-1137,Head Office,SWIFT / Remittance Valas,Internet Banking Corporate,Korporasi / Komersial,537.46,9,4,Tidak,Aktif Normal,1,Standard International,MFA Biometrik / Token Valid,Tidak,1,2,-
PAYM-1138,Medan Branch,BI-FAST,Mobile Banking,Individu / Retail,1.28,7,1,Tidak,Aktif Normal,4,Domestik Indonesia,MFA Biometrik / Token Valid,Tidak,2,1,-
PAYM-1139,Medan Branch,SWIFT / Remittance Valas,Teller Cabang,Korporasi / Komersial,3535.18,17,3,Ya,Aktif Normal,3,High-Risk Offshore Jurisdiction,MFA Biometrik / Token Valid,Ya (Anomali),5,4,Transfer Valas Lintas Negara ke Yurisdiksi Berisiko Tinggi (High-Risk Offshore Tax Haven)
PAYM-1140,Medan Branch,RTGS,Teller Cabang,Korporasi / Komersial,627.55,9,4,Ya,Aktif Normal,2,Domestik Indonesia,MFA Biometrik / Token Valid,Tidak,2,1,-
PAYM-1141,Head Office,Transfer Internal,ATM,Individu / Retail,5.65,21,4,Tidak,Aktif Normal,1,Domestik Indonesia,MFA Biometrik / Token Valid,Tidak,2,1,-
PAYM-1142,Bandung Branch,BI-FAST,Mobile Banking,Individu / Retail,6.03,21,2,Tidak,Aktif Normal,1,Domestik Indonesia,SMS OTP Standar,Tidak,1,1,-
PAYM-1143,Digital Banking Unit,Transfer Internal,Mobile Banking,Individu / Retail,4.92,16,5,Tidak,Aktif Normal,2,Domestik Indonesia,MFA Biometrik / Token Valid,Tidak,1,2,-
PAYM-1144,Digital Banking Unit,Transfer Internal,Mobile Banking,Individu / Retail,23.6,19,2,Ya,Aktif Normal,3,Domestik Indonesia,SMS OTP Standar,Tidak,1,1,-
PAYM-1145,Surabaya Branch,BI-FAST,Mobile Banking,Individu / Retail,5.65,12,1,Tidak,Aktif Normal,2,Domestik Indonesia,SMS OTP Standar,Tidak,1,2,-
PAYM-1146,Bandung Branch,SKN / Kliring,Mobile Banking,Individu / Retail,114.59,21,3,Tidak,Aktif Normal,1,Domestik Indonesia,MFA Biometrik / Token Valid,Tidak,1,1,-
PAYM-1147,Head Office,RTGS,API Host-to-Host,Korporasi / Komersial,541.11,21,2,Tidak,Aktif Normal,1,Domestik Indonesia,MFA Biometrik / Token Valid,Tidak,1,1,-
PAYM-1148,Bandung Branch,BI-FAST,Mobile Banking,Individu / Retail,36.98,18,1,Ya,Aktif Normal,1,Domestik Indonesia,MFA Biometrik / Token Valid,Tidak,1,1,-
PAYM-1149,Surabaya Branch,Transfer Internal,Mobile Banking,Individu / Retail,2.23,18,5,Tidak,Aktif Normal,1,Domestik Indonesia,MFA Biometrik / Token Valid,Tidak,1,1,-
PAYM-1150,Jakarta Branch,Transfer Internal,Mobile Banking,Individu / Retail,48.51,12,4,Tidak,Aktif Normal,2,Domestik Indonesia,MFA Biometrik / Token Valid,Tidak,1,1,-
PAYM-1151,Bandung Branch,SKN / Kliring,Mobile Banking,Individu / Retail,45.28,17,1,Tidak,Aktif Normal,1,Domestik Indonesia,MFA Biometrik / Token Valid,Tidak,2,2,-
PAYM-1152,Surabaya Branch,Transfer Internal,Mobile Banking,Individu / Retail,3.61,21,3,Ya,Akun Baru <7 Hari,3,Domestik Indonesia,MFA Biometrik / Token Valid,Tidak,1,1,-
PAYM-1153,Medan Branch,Transfer Internal,Mobile Banking,Individu / Retail,2.01,8,4,Tidak,Aktif Normal,3,Domestik Indonesia,MFA Biometrik / Token Valid,Tidak,2,1,-
PAYM-1154,Digital Banking Unit,BI-FAST,Mobile Banking,Individu / Retail,1.02,14,1,Tidak,Akun Baru <7 Hari,1,Domestik Indonesia,MFA Biometrik / Token Valid,Tidak,2,1,-
PAYM-1155,Head Office,Transfer Internal,ATM,Individu / Retail,23.22,15,4,Ya,Aktif Normal,1,Domestik Indonesia,MFA Biometrik / Token Valid,Tidak,2,1,-
PAYM-1156,Bandung Branch,BI-FAST,Mobile Banking,Individu / Retail,25.16,18,4,Tidak,Aktif Normal,4,Domestik Indonesia,MFA Biometrik / Token Valid,Tidak,2,1,-
PAYM-1157,Bandung Branch,SWIFT / Remittance Valas,Internet Banking Corporate,Korporasi / Komersial,1149.31,20,7,Tidak,Aktif Normal,1,Standard International,MFA Biometrik / Token Valid,Tidak,1,2,-
PAYM-1158,Medan Branch,BI-FAST,Mobile Banking,Individu / Retail,1.9,17,5,Tidak,Aktif Normal,1,Domestik Indonesia,MFA Biometrik / Token Valid,Tidak,1,1,-
PAYM-1159,Jakarta Branch,BI-FAST,Mobile Banking,Individu / Retail,7.19,15,5,Ya,Aktif Normal,2,Domestik Indonesia,MFA Biometrik / Token Valid,Tidak,2,1,-
PAYM-1160,Head Office,BI-FAST,Mobile Banking,Individu / Retail,3.91,21,5,Ya,Aktif Normal,3,Domestik Indonesia,MFA Biometrik / Token Valid,Tidak,1,1,-
PAYM-1161,Bandung Branch,BI-FAST,Mobile Banking,Individu / Retail,3.2,19,3,Ya,Aktif Normal,2,Domestik Indonesia,MFA Biometrik / Token Valid,Tidak,1,1,-
PAYM-1162,Jakarta Branch,BI-FAST,Mobile Banking,Individu / Retail,6.76,13,3,Tidak,Aktif Normal,1,Domestik Indonesia,MFA Biometrik / Token Valid,Tidak,1,2,-
PAYM-1163,Jakarta Branch,BI-FAST,Mobile Banking,Individu / Retail,2.13,13,4,Tidak,Aktif Normal,3,Domestik Indonesia,SMS OTP Standar,Tidak,1,1,-
PAYM-1164,Medan Branch,BI-FAST,Mobile Banking,Individu / Retail,2.74,15,5,Tidak,Aktif Normal,1,Domestik Indonesia,MFA Biometrik / Token Valid,Tidak,1,2,-
PAYM-1165,Head Office,RTGS,Internet Banking Corporate,Korporasi / Komersial,27.52,9,4,Tidak,Aktif Normal,1,Domestik Indonesia,MFA Biometrik / Token Valid,Tidak,1,2,-
PAYM-1166,Jakarta Branch,Transfer Internal,Mobile Banking,Individu / Retail,992.68,18,3,Ya,Dormant / Pasif >180 Hari,2,Domestik Indonesia,Override Tanpa 2FA,Ya (Anomali),5,5,Pengurasan Rekening Pasif (Dormant Account Drain): Penarikan Dana Besar Tanpa Otentikasi Memadai
PAYM-1167,Surabaya Branch,BI-FAST,ATM,Individu / Retail,9.5,7,2,Tidak,Aktif Normal,1,Domestik Indonesia,MFA Biometrik / Token Valid,Tidak,2,2,-
PAYM-1168,Jakarta Branch,BI-FAST,Mobile Banking,Individu / Retail,8.5,21,5,Tidak,Aktif Normal,1,Domestik Indonesia,SMS OTP Standar,Tidak,2,1,-
PAYM-1169,Surabaya Branch,SWIFT / Remittance Valas,Internet Banking Corporate,Korporasi / Komersial,2235.63,17,1,Ya,Aktif Normal,2,High-Risk Offshore Jurisdiction,SMS OTP Standar,Ya (Anomali),5,4,Transfer Valas Lintas Negara ke Yurisdiksi Berisiko Tinggi (High-Risk Offshore Tax Haven)
PAYM-1170,Head Office,BI-FAST,Mobile Banking,Individu / Retail,3.24,21,1,Tidak,Aktif Normal,1,Domestik Indonesia,MFA Biometrik / Token Valid,Tidak,2,1,-
PAYM-1171,Medan Branch,BI-FAST,Mobile Banking,Individu / Retail,3.82,15,1,Tidak,Aktif Normal,1,Domestik Indonesia,MFA Biometrik / Token Valid,Tidak,1,2,-
PAYM-1172,Medan Branch,Transfer Internal,Mobile Banking,Individu / Retail,3088.12,3,7,Ya,Aktif Normal,2,Domestik Indonesia,SMS OTP Standar,Ya (Anomali),5,4,Transfer Jumlah Sangat Besar di Dini Hari (Jam 3) Akhir Pekan ke Penerima Baru
PAYM-1173,Digital Banking Unit,SWIFT / Remittance Valas,Internet Banking Corporate,Korporasi / Komersial,7426.73,11,4,Ya,Aktif Normal,1,High-Risk Offshore Jurisdiction,MFA Biometrik / Token Valid,Ya (Anomali),5,4,Transfer Valas Lintas Negara ke Yurisdiksi Berisiko Tinggi (High-Risk Offshore Tax Haven)
PAYM-1174,Jakarta Branch,SKN / Kliring,ATM,Individu / Retail,51.53,8,5,Ya,Aktif Normal,2,Domestik Indonesia,MFA Biometrik / Token Valid,Tidak,1,1,-
PAYM-1175,Bandung Branch,BI-FAST,Mobile Banking,Individu / Retail,33.03,16,5,Tidak,Aktif Normal,4,Domestik Indonesia,MFA Biometrik / Token Valid,Tidak,1,1,-
PAYM-1176,Digital Banking Unit,BI-FAST,Mobile Banking,Individu / Retail,18.64,14,1,Tidak,Aktif Normal,1,Domestik Indonesia,MFA Biometrik / Token Valid,Tidak,1,1,-
PAYM-1177,Head Office,SKN / Kliring,Mobile Banking,Individu / Retail,5.51,14,2,Ya,Aktif Normal,1,Domestik Indonesia,MFA Biometrik / Token Valid,Tidak,1,1,-
PAYM-1178,Jakarta Branch,Transfer Internal,Mobile Banking,Individu / Retail,37.72,9,4,Tidak,Aktif Normal,2,Domestik Indonesia,MFA Biometrik / Token Valid,Tidak,1,1,-
PAYM-1179,Head Office,Transfer Internal,Mobile Banking,Individu / Retail,20.83,9,1,Tidak,Aktif Normal,1,Domestik Indonesia,MFA Biometrik / Token Valid,Tidak,1,2,-
PAYM-1180,Surabaya Branch,RTGS,Internet Banking Corporate,Korporasi / Komersial,486.77,15,5,Tidak,Aktif Normal,5,Domestik Indonesia,MFA Biometrik / Token Valid,Ya (Anomali),5,5,Indikasi Smurfing / Structuring: Transaksi Terpecah Berulang Tepat di Bawah Batas Lapor PPATK Rp 500 Juta (486.77 Juta)
PAYM-1181,Digital Banking Unit,Transfer Internal,Mobile Banking,Individu / Retail,25.12,17,5,Ya,Aktif Normal,2,Domestik Indonesia,MFA Biometrik / Token Valid,Tidak,2,1,-
PAYM-1182,Bandung Branch,Transfer Internal,Internet Banking Corporate,Korporasi / Komersial,138.79,13,1,Tidak,Aktif Normal,3,Domestik Indonesia,MFA Biometrik / Token Valid,Tidak,2,1,-
PAYM-1183,Jakarta Branch,BI-FAST,ATM,Individu / Retail,6.74,9,1,Tidak,Aktif Normal,1,Domestik Indonesia,MFA Biometrik / Token Valid,Tidak,1,1,-
PAYM-1184,Digital Banking Unit,BI-FAST,Mobile Banking,Individu / Retail,1.38,13,3,Tidak,Aktif Normal,1,Domestik Indonesia,MFA Biometrik / Token Valid,Tidak,1,2,-
PAYM-1185,Bandung Branch,BI-FAST,Mobile Banking,Individu / Retail,27.01,10,4,Ya,Aktif Normal,2,Domestik Indonesia,SMS OTP Standar,Tidak,1,1,-
PAYM-1186,Head Office,BI-FAST,Teller Cabang,Individu / Retail,3359.55,0,7,Ya,Aktif Normal,2,Domestik Indonesia,Override Tanpa 2FA,Ya (Anomali),5,5,Transfer Jumlah Sangat Besar di Dini Hari (Jam 0) Akhir Pekan ke Penerima Baru
PAYM-1187,Head Office,SWIFT / Remittance Valas,API Host-to-Host,Korporasi / Komersial,150.18,11,5,Tidak,Akun Baru <7 Hari,2,Standard International,SMS OTP Standar,Tidak,1,1,-
PAYM-1188,Jakarta Branch,Transfer Internal,API Host-to-Host,Korporasi / Komersial,1245.88,17,4,Tidak,Aktif Normal,1,Domestik Indonesia,MFA Biometrik / Token Valid,Tidak,2,1,-
PAYM-1189,Head Office,Transfer Internal,API Host-to-Host,Korporasi / Komersial,61.44,21,7,Tidak,Aktif Normal,3,Domestik Indonesia,MFA Biometrik / Token Valid,Tidak,2,1,-
PAYM-1190,Head Office,BI-FAST,ATM,Individu / Retail,20.91,15,2,Tidak,Aktif Normal,2,Domestik Indonesia,SMS OTP Standar,Tidak,1,2,-
PAYM-1191,Bandung Branch,BI-FAST,Mobile Banking,Individu / Retail,5.53,14,5,Ya,Aktif Normal,3,Domestik Indonesia,MFA Biometrik / Token Valid,Tidak,1,1,-
PAYM-1192,Medan Branch,BI-FAST,Mobile Banking,Individu / Retail,14.04,9,5,Tidak,Akun Baru <7 Hari,1,Domestik Indonesia,SMS OTP Standar,Tidak,1,2,-
PAYM-1193,Head Office,Transfer Internal,ATM,Individu / Retail,15.93,19,5,Tidak,Aktif Normal,1,Domestik Indonesia,MFA Biometrik / Token Valid,Tidak,1,1,-
PAYM-1194,Jakarta Branch,RTGS,API Host-to-Host,Korporasi / Komersial,144.58,15,1,Tidak,Aktif Normal,4,Domestik Indonesia,MFA Biometrik / Token Valid,Tidak,2,2,-
PAYM-1195,Bandung Branch,SWIFT / Remittance Valas,Teller Cabang,Korporasi / Komersial,104.62,16,5,Tidak,Aktif Normal,1,Standard International,MFA Biometrik / Token Valid,Tidak,1,2,-
PAYM-1196,Jakarta Branch,Transfer Internal,API Host-to-Host,Korporasi / Komersial,109.79,7,1,Ya,Aktif Normal,2,Domestik Indonesia,SMS OTP Standar,Tidak,1,1,-
PAYM-1197,Surabaya Branch,BI-FAST,Mobile Banking,Individu / Retail,7.18,11,5,Tidak,Aktif Normal,2,Domestik Indonesia,MFA Biometrik / Token Valid,Tidak,1,2,-
PAYM-1198,Surabaya Branch,Transfer Internal,ATM,Individu / Retail,486.36,12,3,Ya,Aktif Normal,10,Domestik Indonesia,MFA Biometrik / Token Valid,Ya (Anomali),5,5,Indikasi Smurfing / Structuring: Transaksi Terpecah Berulang Tepat di Bawah Batas Lapor PPATK Rp 500 Juta (486.36 Juta)
PAYM-1199,Bandung Branch,Transfer Internal,Mobile Banking,Individu / Retail,32.48,13,4,Tidak,Aktif Normal,1,Domestik Indonesia,MFA Biometrik / Token Valid,Tidak,1,1,-
PAYM-1200,Medan Branch,BI-FAST,Mobile Banking,Individu / Retail,498.0,13,4,Tidak,Aktif Normal,8,Domestik Indonesia,MFA Biometrik / Token Valid,Ya (Anomali),5,5,Indikasi Smurfing / Structuring: Transaksi Terpecah Berulang Tepat di Bawah Batas Lapor PPATK Rp 500 Juta (498.0 Juta)
