ID Temuan,Entitas Auditee,Kategori Risiko,Deskripsi Temuan,repeat_count_last_year,finding_similarity_pct,"is_same_root_cause (1=Ya, 0=Tidak)","is_previously_closed (1=Ya, 0=Tidak)",severity_category,TARGET: is_anomaly,TARGET: Impact (1-5),TARGET: Likelihood (1-5)
FND-0001,Surabaya Branch,Legal & Kepatuhan,Deskripsi Temuan Audit Berulang #1,2,63.0,1,1,Kritis,Tidak,4,4
FND-0002,Surabaya Branch,Keamanan TI,Deskripsi Temuan Audit Berulang #2,0,38.5,0,1,Sedang,Tidak,1,3
FND-0003,Finance Dept,Reputasi,Deskripsi Temuan Audit Berulang #3,0,70.4,0,1,Sedang,Tidak,1,5
FND-0004,Medan Branch,Reputasi,Deskripsi Temuan Audit Berulang #4,1,84.8,0,0,Kritis,Tidak,2,4
FND-0005,Bandung Branch,Legal & Kepatuhan,Deskripsi Temuan Audit Berulang #5,4,23.3,0,1,Sedang,Tidak,5,2
FND-0006,Medan Branch,Reputasi,Deskripsi Temuan Audit Berulang #6,1,59.4,0,1,Sedang,Tidak,3,5
FND-0007,Surabaya Branch,Reputasi,Deskripsi Temuan Audit Berulang #7,0,74.5,0,1,Sedang,Tidak,1,4
FND-0008,Medan Branch,Reputasi,Deskripsi Temuan Audit Berulang #8,0,39.9,0,0,Tinggi,Tidak,1,2
FND-0009,Surabaya Branch,Finansial,Deskripsi Temuan Audit Berulang #9,1,44.3,0,1,Kritis,Tidak,2,4
FND-0010,Finance Dept,Operasional,Deskripsi Temuan Audit Berulang #10,1,68.5,0,1,Rendah,Tidak,3,4
FND-0011,Operations Dept,Legal & Kepatuhan,Deskripsi Temuan Audit Berulang #11,0,90.9,1,1,Tinggi,Ya (Anomali),2,5
FND-0012,Finance Dept,Legal & Kepatuhan,Deskripsi Temuan Audit Berulang #12,2,84.0,0,1,Rendah,Ya (Anomali),4,5
FND-0013,Finance Dept,Finansial,Deskripsi Temuan Audit Berulang #13,0,66.1,0,0,Kritis,Tidak,1,4
FND-0014,Bandung Branch,Operasional,Deskripsi Temuan Audit Berulang #14,1,77.7,0,1,Kritis,Tidak,3,5
FND-0015,Operations Dept,Operasional,Deskripsi Temuan Audit Berulang #15,0,48.8,1,0,Kritis,Tidak,2,2
FND-0016,Bandung Branch,Finansial,Deskripsi Temuan Audit Berulang #16,4,70.6,0,0,Sedang,Tidak,5,3
FND-0017,Surabaya Branch,Keamanan TI,Deskripsi Temuan Audit Berulang #17,2,56.8,1,1,Tinggi,Tidak,4,4
FND-0018,Jakarta Branch,Keamanan TI,Deskripsi Temuan Audit Berulang #18,3,35.0,1,0,Kritis,Tidak,5,2
FND-0019,IT Dept,Operasional,Deskripsi Temuan Audit Berulang #19,0,75.4,0,1,Rendah,Tidak,1,5
FND-0020,Bandung Branch,Keamanan TI,Deskripsi Temuan Audit Berulang #20,0,64.0,0,1,Sedang,Tidak,1,4
FND-0021,Surabaya Branch,Keamanan TI,Deskripsi Temuan Audit Berulang #21,2,48.3,1,0,Sedang,Tidak,4,2
FND-0022,Operations Dept,Keamanan TI,Deskripsi Temuan Audit Berulang #22,1,92.0,0,1,Tinggi,Tidak,2,5
FND-0023,Medan Branch,Operasional,Deskripsi Temuan Audit Berulang #23,2,21.7,0,0,Tinggi,Ya (Anomali),4,2
FND-0024,Operations Dept,Keamanan TI,Deskripsi Temuan Audit Berulang #24,3,44.9,1,1,Tinggi,Ya (Anomali),5,4
FND-0025,Finance Dept,Legal & Kepatuhan,Deskripsi Temuan Audit Berulang #25,0,24.5,0,0,Sedang,Tidak,1,2
FND-0026,Finance Dept,Operasional,Deskripsi Temuan Audit Berulang #26,2,80.6,1,1,Kritis,Ya (Anomali),5,5
FND-0027,Finance Dept,Finansial,Deskripsi Temuan Audit Berulang #27,0,75.5,0,1,Rendah,Tidak,1,5
FND-0028,Surabaya Branch,Keamanan TI,Deskripsi Temuan Audit Berulang #28,3,46.2,1,1,Kritis,Ya (Anomali),5,4
FND-0029,Finance Dept,Reputasi,Deskripsi Temuan Audit Berulang #29,4,73.4,0,0,Rendah,Tidak,5,3
FND-0030,Bandung Branch,Operasional,Deskripsi Temuan Audit Berulang #30,0,51.3,0,0,Kritis,Tidak,1,3
FND-0031,Medan Branch,Finansial,Deskripsi Temuan Audit Berulang #31,0,79.7,0,1,Tinggi,Tidak,1,5
FND-0032,Finance Dept,Legal & Kepatuhan,Deskripsi Temuan Audit Berulang #32,1,55.9,1,0,Rendah,Tidak,3,3
FND-0033,Surabaya Branch,Finansial,Deskripsi Temuan Audit Berulang #33,3,52.6,0,1,Sedang,Tidak,5,4
FND-0034,Medan Branch,Keamanan TI,Deskripsi Temuan Audit Berulang #34,0,93.8,0,1,Rendah,Tidak,1,5
FND-0035,Finance Dept,Reputasi,Deskripsi Temuan Audit Berulang #35,1,39.8,0,0,Sedang,Tidak,2,3
FND-0036,Jakarta Branch,Keamanan TI,Deskripsi Temuan Audit Berulang #36,2,29.5,0,0,Kritis,Tidak,4,2
FND-0037,Finance Dept,Finansial,Deskripsi Temuan Audit Berulang #37,4,66.2,0,0,Tinggi,Tidak,5,3
FND-0038,IT Dept,Operasional,Deskripsi Temuan Audit Berulang #38,0,96.6,0,0,Rendah,Tidak,1,5
FND-0039,Operations Dept,Reputasi,Deskripsi Temuan Audit Berulang #39,1,49.8,0,1,Sedang,Tidak,3,3
FND-0040,Bandung Branch,Reputasi,Deskripsi Temuan Audit Berulang #40,1,24.9,0,0,Kritis,Tidak,2,2
FND-0041,Medan Branch,Finansial,Deskripsi Temuan Audit Berulang #41,0,46.8,0,1,Tinggi,Tidak,1,3
FND-0042,Bandung Branch,Keamanan TI,Deskripsi Temuan Audit Berulang #42,6,60.0,0,1,Tinggi,Tidak,5,5
FND-0043,Jakarta Branch,Finansial,Deskripsi Temuan Audit Berulang #43,0,32.8,1,1,Tinggi,Tidak,2,3
FND-0044,Jakarta Branch,Reputasi,Deskripsi Temuan Audit Berulang #44,0,72.0,0,1,Kritis,Tidak,1,4
FND-0045,IT Dept,Finansial,Deskripsi Temuan Audit Berulang #45,1,98.8,0,1,Kritis,Tidak,2,5
FND-0046,Bandung Branch,Reputasi,Deskripsi Temuan Audit Berulang #46,1,55.7,0,1,Kritis,Tidak,2,5
FND-0047,Medan Branch,Keamanan TI,Deskripsi Temuan Audit Berulang #47,0,48.0,1,1,Tinggi,Tidak,2,4
FND-0048,Jakarta Branch,Operasional,Deskripsi Temuan Audit Berulang #48,8,51.7,1,1,Rendah,Ya (Anomali),5,4
FND-0049,Jakarta Branch,Operasional,Deskripsi Temuan Audit Berulang #49,0,29.1,1,1,Sedang,Tidak,3,4
FND-0050,Finance Dept,Finansial,Deskripsi Temuan Audit Berulang #50,0,89.8,0,1,Kritis,Tidak,1,5
FND-0051,IT Dept,Reputasi,Deskripsi Temuan Audit Berulang #51,0,52.8,0,1,Rendah,Tidak,1,4
FND-0052,Operations Dept,Operasional,Deskripsi Temuan Audit Berulang #52,0,50.6,0,0,Sedang,Tidak,1,4
FND-0053,Surabaya Branch,Reputasi,Deskripsi Temuan Audit Berulang #53,0,72.1,0,0,Tinggi,Tidak,1,3
FND-0054,Operations Dept,Keamanan TI,Deskripsi Temuan Audit Berulang #54,0,54.9,0,0,Rendah,Tidak,1,3
FND-0055,Operations Dept,Finansial,Deskripsi Temuan Audit Berulang #55,2,71.2,1,1,Tinggi,Ya (Anomali),4,5
FND-0056,Jakarta Branch,Reputasi,Deskripsi Temuan Audit Berulang #56,0,24.9,1,0,Sedang,Tidak,2,2
FND-0057,Medan Branch,Finansial,Deskripsi Temuan Audit Berulang #57,6,84.3,1,1,Kritis,Ya (Anomali),5,5
FND-0058,Medan Branch,Reputasi,Deskripsi Temuan Audit Berulang #58,1,94.3,0,1,Tinggi,Tidak,2,5
FND-0059,Finance Dept,Reputasi,Deskripsi Temuan Audit Berulang #59,1,71.3,1,1,Rendah,Tidak,4,4
FND-0060,Medan Branch,Keamanan TI,Deskripsi Temuan Audit Berulang #60,4,95.4,0,0,Kritis,Tidak,5,5
FND-0061,Finance Dept,Finansial,Deskripsi Temuan Audit Berulang #61,1,32.0,0,1,Rendah,Tidak,2,3
FND-0062,Jakarta Branch,Legal & Kepatuhan,Deskripsi Temuan Audit Berulang #62,0,57.7,1,1,Sedang,Tidak,2,5
FND-0063,Jakarta Branch,Reputasi,Deskripsi Temuan Audit Berulang #63,0,67.5,0,1,Sedang,Tidak,1,4
FND-0064,Operations Dept,Reputasi,Deskripsi Temuan Audit Berulang #64,0,66.0,0,0,Kritis,Tidak,1,3
FND-0065,Jakarta Branch,Operasional,Deskripsi Temuan Audit Berulang #65,1,51.7,0,0,Rendah,Tidak,2,3
FND-0066,Jakarta Branch,Finansial,Deskripsi Temuan Audit Berulang #66,1,46.7,1,1,Rendah,Tidak,4,3
FND-0067,Surabaya Branch,Legal & Kepatuhan,Deskripsi Temuan Audit Berulang #67,4,30.0,1,1,Rendah,Tidak,5,3
FND-0068,IT Dept,Keamanan TI,Deskripsi Temuan Audit Berulang #68,0,50.9,0,1,Rendah,Tidak,1,5
FND-0069,Operations Dept,Legal & Kepatuhan,Deskripsi Temuan Audit Berulang #69,1,32.9,1,0,Sedang,Tidak,3,3
FND-0070,Operations Dept,Keamanan TI,Deskripsi Temuan Audit Berulang #70,5,78.0,0,1,Rendah,Ya (Anomali),5,5
FND-0071,IT Dept,Legal & Kepatuhan,Deskripsi Temuan Audit Berulang #71,1,36.5,0,0,Sedang,Tidak,3,3
FND-0072,Surabaya Branch,Legal & Kepatuhan,Deskripsi Temuan Audit Berulang #72,0,24.6,1,1,Rendah,Tidak,3,2
FND-0073,Jakarta Branch,Finansial,Deskripsi Temuan Audit Berulang #73,3,63.6,1,0,Rendah,Ya (Anomali),5,3
FND-0074,Medan Branch,Operasional,Deskripsi Temuan Audit Berulang #74,7,67.0,1,1,Tinggi,Tidak,5,4
FND-0075,Finance Dept,Legal & Kepatuhan,Deskripsi Temuan Audit Berulang #75,0,88.9,0,1,Tinggi,Tidak,1,5
FND-0076,Operations Dept,Reputasi,Deskripsi Temuan Audit Berulang #76,5,65.6,1,1,Rendah,Tidak,5,5
FND-0077,IT Dept,Reputasi,Deskripsi Temuan Audit Berulang #77,3,47.3,0,1,Sedang,Tidak,4,3
FND-0078,Bandung Branch,Reputasi,Deskripsi Temuan Audit Berulang #78,0,83.4,1,1,Rendah,Tidak,2,5
FND-0079,Finance Dept,Operasional,Deskripsi Temuan Audit Berulang #79,7,62.7,0,0,Tinggi,Tidak,5,3
FND-0080,Bandung Branch,Legal & Kepatuhan,Deskripsi Temuan Audit Berulang #80,3,26.3,1,1,Rendah,Ya (Anomali),5,3
FND-0081,Bandung Branch,Keamanan TI,Deskripsi Temuan Audit Berulang #81,0,64.7,0,0,Tinggi,Tidak,1,3
FND-0082,Operations Dept,Keamanan TI,Deskripsi Temuan Audit Berulang #82,1,91.7,0,0,Rendah,Tidak,2,4
FND-0083,Jakarta Branch,Finansial,Deskripsi Temuan Audit Berulang #83,0,51.3,0,1,Kritis,Tidak,1,4
FND-0084,Bandung Branch,Operasional,Deskripsi Temuan Audit Berulang #84,0,43.4,0,0,Rendah,Tidak,1,3
FND-0085,Jakarta Branch,Legal & Kepatuhan,Deskripsi Temuan Audit Berulang #85,0,31.3,0,0,Sedang,Tidak,1,2
FND-0086,Surabaya Branch,Reputasi,Deskripsi Temuan Audit Berulang #86,1,32.0,1,1,Tinggi,Tidak,3,3
FND-0087,Medan Branch,Operasional,Deskripsi Temuan Audit Berulang #87,0,54.2,0,0,Kritis,Tidak,1,3
FND-0088,Bandung Branch,Operasional,Deskripsi Temuan Audit Berulang #88,0,67.1,0,1,Tinggi,Tidak,1,5
FND-0089,Operations Dept,Legal & Kepatuhan,Deskripsi Temuan Audit Berulang #89,3,26.4,0,1,Tinggi,Tidak,4,4
FND-0090,Medan Branch,Finansial,Deskripsi Temuan Audit Berulang #90,1,94.2,0,0,Sedang,Tidak,2,5
FND-0091,Jakarta Branch,Finansial,Deskripsi Temuan Audit Berulang #91,0,79.7,0,1,Rendah,Tidak,1,5
FND-0092,Bandung Branch,Finansial,Deskripsi Temuan Audit Berulang #92,1,66.3,0,1,Sedang,Tidak,2,5
FND-0093,Finance Dept,Reputasi,Deskripsi Temuan Audit Berulang #93,1,85.4,0,1,Rendah,Tidak,3,5
FND-0094,Operations Dept,Reputasi,Deskripsi Temuan Audit Berulang #94,0,26.3,0,0,Kritis,Tidak,1,2
FND-0095,Surabaya Branch,Legal & Kepatuhan,Deskripsi Temuan Audit Berulang #95,2,57.7,0,0,Sedang,Tidak,3,3
FND-0096,IT Dept,Finansial,Deskripsi Temuan Audit Berulang #96,5,69.8,0,1,Sedang,Tidak,5,4
FND-0097,Surabaya Branch,Legal & Kepatuhan,Deskripsi Temuan Audit Berulang #97,0,85.5,0,0,Tinggi,Tidak,1,5
FND-0098,Bandung Branch,Finansial,Deskripsi Temuan Audit Berulang #98,0,81.9,0,0,Sedang,Tidak,1,5
FND-0099,Operations Dept,Operasional,Deskripsi Temuan Audit Berulang #99,0,41.9,0,1,Rendah,Tidak,1,3
FND-0100,Surabaya Branch,Keamanan TI,Deskripsi Temuan Audit Berulang #100,1,94.3,1,1,Sedang,Tidak,3,5
FND-0101,IT Dept,Keamanan TI,Deskripsi Temuan Audit Berulang #101,1,29.8,1,0,Sedang,Tidak,4,2
FND-0102,Finance Dept,Finansial,Deskripsi Temuan Audit Berulang #102,0,89.1,1,0,Kritis,Tidak,2,4
FND-0103,Medan Branch,Legal & Kepatuhan,Deskripsi Temuan Audit Berulang #103,1,96.7,0,0,Rendah,Tidak,2,4
FND-0104,Finance Dept,Reputasi,Deskripsi Temuan Audit Berulang #104,1,34.0,1,1,Tinggi,Tidak,3,4
FND-0105,Surabaya Branch,Finansial,Deskripsi Temuan Audit Berulang #105,2,77.0,1,1,Rendah,Ya (Anomali),5,5
FND-0106,IT Dept,Finansial,Deskripsi Temuan Audit Berulang #106,0,23.2,1,1,Kritis,Tidak,3,2
FND-0107,Medan Branch,Reputasi,Deskripsi Temuan Audit Berulang #107,2,52.0,0,1,Rendah,Tidak,3,5
FND-0108,Operations Dept,Finansial,Deskripsi Temuan Audit Berulang #108,3,60.8,0,1,Rendah,Tidak,5,4
FND-0109,IT Dept,Operasional,Deskripsi Temuan Audit Berulang #109,3,65.9,1,0,Sedang,Tidak,5,3
FND-0110,Finance Dept,Reputasi,Deskripsi Temuan Audit Berulang #110,0,93.9,0,1,Sedang,Tidak,1,5
FND-0111,Jakarta Branch,Operasional,Deskripsi Temuan Audit Berulang #111,0,73.1,0,0,Rendah,Tidak,1,3
FND-0112,Jakarta Branch,Keamanan TI,Deskripsi Temuan Audit Berulang #112,1,58.0,0,1,Rendah,Tidak,2,5
FND-0113,Medan Branch,Reputasi,Deskripsi Temuan Audit Berulang #113,1,84.0,0,1,Tinggi,Tidak,3,5
FND-0114,Medan Branch,Reputasi,Deskripsi Temuan Audit Berulang #114,4,95.1,0,1,Kritis,Ya (Anomali),5,5
FND-0115,Medan Branch,Legal & Kepatuhan,Deskripsi Temuan Audit Berulang #115,1,21.7,0,1,Sedang,Tidak,2,2
FND-0116,Jakarta Branch,Legal & Kepatuhan,Deskripsi Temuan Audit Berulang #116,9,97.6,0,1,Sedang,Ya (Anomali),5,5
FND-0117,Finance Dept,Reputasi,Deskripsi Temuan Audit Berulang #117,5,26.8,0,0,Sedang,Tidak,5,2
FND-0118,Medan Branch,Keamanan TI,Deskripsi Temuan Audit Berulang #118,2,84.3,0,0,Sedang,Tidak,3,5
FND-0119,Jakarta Branch,Finansial,Deskripsi Temuan Audit Berulang #119,5,42.1,0,1,Rendah,Tidak,5,4
FND-0120,Medan Branch,Legal & Kepatuhan,Deskripsi Temuan Audit Berulang #120,2,30.4,0,1,Rendah,Tidak,4,3
FND-0121,Medan Branch,Keamanan TI,Deskripsi Temuan Audit Berulang #121,0,54.7,1,0,Tinggi,Tidak,2,3
FND-0122,IT Dept,Keamanan TI,Deskripsi Temuan Audit Berulang #122,2,70.9,1,1,Sedang,Tidak,4,5
FND-0123,Medan Branch,Legal & Kepatuhan,Deskripsi Temuan Audit Berulang #123,0,50.1,0,1,Sedang,Tidak,1,4
FND-0124,Jakarta Branch,Finansial,Deskripsi Temuan Audit Berulang #124,1,24.3,0,1,Rendah,Tidak,2,3
FND-0125,Finance Dept,Legal & Kepatuhan,Deskripsi Temuan Audit Berulang #125,0,67.4,0,0,Tinggi,Tidak,1,3
FND-0126,Jakarta Branch,Keamanan TI,Deskripsi Temuan Audit Berulang #126,0,91.3,1,1,Rendah,Ya (Anomali),2,5
FND-0127,Jakarta Branch,Operasional,Deskripsi Temuan Audit Berulang #127,0,50.3,0,1,Sedang,Tidak,1,5
FND-0128,Medan Branch,Legal & Kepatuhan,Deskripsi Temuan Audit Berulang #128,1,37.1,0,0,Sedang,Tidak,3,3
FND-0129,IT Dept,Keamanan TI,Deskripsi Temuan Audit Berulang #129,4,55.0,0,1,Kritis,Tidak,5,5
FND-0130,Bandung Branch,Legal & Kepatuhan,Deskripsi Temuan Audit Berulang #130,0,23.8,0,1,Kritis,Tidak,1,2
FND-0131,Operations Dept,Keamanan TI,Deskripsi Temuan Audit Berulang #131,2,84.8,1,1,Kritis,Ya (Anomali),4,5
FND-0132,Bandung Branch,Finansial,Deskripsi Temuan Audit Berulang #132,0,85.3,1,0,Tinggi,Tidak,2,5
FND-0133,Bandung Branch,Keamanan TI,Deskripsi Temuan Audit Berulang #133,0,66.5,0,1,Rendah,Tidak,1,5
FND-0134,Jakarta Branch,Reputasi,Deskripsi Temuan Audit Berulang #134,0,47.9,0,0,Sedang,Tidak,1,2
FND-0135,Medan Branch,Operasional,Deskripsi Temuan Audit Berulang #135,3,83.2,0,0,Sedang,Tidak,5,4
FND-0136,Operations Dept,Keamanan TI,Deskripsi Temuan Audit Berulang #136,1,63.8,0,1,Tinggi,Tidak,2,5
FND-0137,Bandung Branch,Legal & Kepatuhan,Deskripsi Temuan Audit Berulang #137,2,85.2,0,0,Sedang,Tidak,3,4
FND-0138,Surabaya Branch,Legal & Kepatuhan,Deskripsi Temuan Audit Berulang #138,3,69.9,0,1,Sedang,Tidak,5,4
FND-0139,Surabaya Branch,Keamanan TI,Deskripsi Temuan Audit Berulang #139,7,82.0,0,1,Rendah,Ya (Anomali),5,5
FND-0140,Surabaya Branch,Reputasi,Deskripsi Temuan Audit Berulang #140,2,67.3,0,1,Kritis,Ya (Anomali),3,4
FND-0141,Finance Dept,Keamanan TI,Deskripsi Temuan Audit Berulang #141,1,52.7,1,1,Kritis,Tidak,3,4
FND-0142,Medan Branch,Finansial,Deskripsi Temuan Audit Berulang #142,0,95.7,0,1,Tinggi,Tidak,1,5
FND-0143,Jakarta Branch,Reputasi,Deskripsi Temuan Audit Berulang #143,0,62.7,1,1,Kritis,Tidak,3,5
FND-0144,Jakarta Branch,Keamanan TI,Deskripsi Temuan Audit Berulang #144,11,67.8,1,1,Kritis,Tidak,5,4
FND-0145,Medan Branch,Operasional,Deskripsi Temuan Audit Berulang #145,2,37.4,0,0,Tinggi,Tidak,4,2
FND-0146,IT Dept,Reputasi,Deskripsi Temuan Audit Berulang #146,0,69.4,1,1,Tinggi,Tidak,3,4
FND-0147,Operations Dept,Keamanan TI,Deskripsi Temuan Audit Berulang #147,3,65.2,0,0,Kritis,Ya (Anomali),5,3
FND-0148,IT Dept,Operasional,Deskripsi Temuan Audit Berulang #148,5,34.6,0,1,Rendah,Ya (Anomali),5,3
FND-0149,Finance Dept,Keamanan TI,Deskripsi Temuan Audit Berulang #149,8,24.7,0,1,Tinggi,Tidak,5,3
FND-0150,Medan Branch,Finansial,Deskripsi Temuan Audit Berulang #150,1,67.7,1,1,Sedang,Tidak,3,4
FND-0151,IT Dept,Legal & Kepatuhan,Deskripsi Temuan Audit Berulang #151,0,80.3,0,1,Tinggi,Tidak,1,5
FND-0152,Operations Dept,Keamanan TI,Deskripsi Temuan Audit Berulang #152,1,61.3,0,1,Sedang,Tidak,2,4
FND-0153,Finance Dept,Reputasi,Deskripsi Temuan Audit Berulang #153,3,37.9,1,0,Tinggi,Tidak,5,2
FND-0154,Bandung Branch,Keamanan TI,Deskripsi Temuan Audit Berulang #154,2,72.7,0,0,Tinggi,Tidak,3,3
FND-0155,Bandung Branch,Keamanan TI,Deskripsi Temuan Audit Berulang #155,0,26.3,1,0,Kritis,Tidak,3,2
FND-0156,Finance Dept,Keamanan TI,Deskripsi Temuan Audit Berulang #156,2,54.9,1,1,Kritis,Ya (Anomali),5,5
FND-0157,Medan Branch,Keamanan TI,Deskripsi Temuan Audit Berulang #157,0,32.9,1,0,Kritis,Tidak,3,3
FND-0158,Bandung Branch,Reputasi,Deskripsi Temuan Audit Berulang #158,1,34.6,1,1,Rendah,Tidak,4,3
FND-0159,Medan Branch,Reputasi,Deskripsi Temuan Audit Berulang #159,1,36.0,1,1,Kritis,Tidak,3,3
FND-0160,IT Dept,Keamanan TI,Deskripsi Temuan Audit Berulang #160,1,50.5,0,0,Kritis,Tidak,2,3
FND-0161,Bandung Branch,Legal & Kepatuhan,Deskripsi Temuan Audit Berulang #161,2,24.0,1,0,Tinggi,Ya (Anomali),4,1
FND-0162,Operations Dept,Keamanan TI,Deskripsi Temuan Audit Berulang #162,5,51.4,0,1,Tinggi,Tidak,5,5
FND-0163,Operations Dept,Reputasi,Deskripsi Temuan Audit Berulang #163,1,60.4,0,1,Rendah,Tidak,2,4
FND-0164,IT Dept,Finansial,Deskripsi Temuan Audit Berulang #164,0,58.2,0,1,Sedang,Tidak,1,5
FND-0165,Operations Dept,Keamanan TI,Deskripsi Temuan Audit Berulang #165,0,50.2,1,0,Tinggi,Tidak,3,3
FND-0166,Medan Branch,Keamanan TI,Deskripsi Temuan Audit Berulang #166,0,86.3,1,1,Tinggi,Ya (Anomali),2,5
FND-0167,Medan Branch,Keamanan TI,Deskripsi Temuan Audit Berulang #167,1,31.5,1,0,Sedang,Tidak,3,2
FND-0168,Operations Dept,Keamanan TI,Deskripsi Temuan Audit Berulang #168,0,60.0,0,1,Rendah,Tidak,1,4
FND-0169,Surabaya Branch,Operasional,Deskripsi Temuan Audit Berulang #169,0,24.9,0,1,Tinggi,Tidak,1,3
FND-0170,Finance Dept,Keamanan TI,Deskripsi Temuan Audit Berulang #170,0,25.6,0,1,Kritis,Tidak,1,3
FND-0171,Jakarta Branch,Reputasi,Deskripsi Temuan Audit Berulang #171,0,65.3,1,1,Rendah,Tidak,2,5
FND-0172,Finance Dept,Reputasi,Deskripsi Temuan Audit Berulang #172,0,64.7,1,1,Sedang,Tidak,2,4
FND-0173,Operations Dept,Operasional,Deskripsi Temuan Audit Berulang #173,0,89.4,0,0,Sedang,Tidak,1,5
FND-0174,Medan Branch,Keamanan TI,Deskripsi Temuan Audit Berulang #174,1,64.1,0,0,Kritis,Tidak,2,3
FND-0175,Medan Branch,Legal & Kepatuhan,Deskripsi Temuan Audit Berulang #175,1,95.8,0,0,Kritis,Tidak,2,5
FND-0176,Finance Dept,Keamanan TI,Deskripsi Temuan Audit Berulang #176,2,23.8,0,0,Kritis,Tidak,3,2
FND-0177,Medan Branch,Reputasi,Deskripsi Temuan Audit Berulang #177,2,27.7,1,0,Rendah,Tidak,4,3
FND-0178,IT Dept,Finansial,Deskripsi Temuan Audit Berulang #178,0,23.5,0,1,Sedang,Tidak,1,2
FND-0179,Bandung Branch,Finansial,Deskripsi Temuan Audit Berulang #179,1,34.6,0,0,Kritis,Tidak,3,3
FND-0180,Medan Branch,Legal & Kepatuhan,Deskripsi Temuan Audit Berulang #180,0,62.8,0,1,Kritis,Tidak,1,4
FND-0181,Operations Dept,Keamanan TI,Deskripsi Temuan Audit Berulang #181,1,71.0,0,1,Sedang,Tidak,2,4
FND-0182,Operations Dept,Operasional,Deskripsi Temuan Audit Berulang #182,1,23.6,1,1,Tinggi,Tidak,4,2
FND-0183,Finance Dept,Keamanan TI,Deskripsi Temuan Audit Berulang #183,1,94.7,0,1,Rendah,Tidak,2,5
FND-0184,Finance Dept,Legal & Kepatuhan,Deskripsi Temuan Audit Berulang #184,0,86.5,0,1,Tinggi,Tidak,1,5
FND-0185,Finance Dept,Legal & Kepatuhan,Deskripsi Temuan Audit Berulang #185,0,43.4,0,0,Kritis,Tidak,1,2
FND-0186,Operations Dept,Legal & Kepatuhan,Deskripsi Temuan Audit Berulang #186,0,26.1,1,1,Rendah,Tidak,2,3
FND-0187,Surabaya Branch,Finansial,Deskripsi Temuan Audit Berulang #187,1,33.4,1,1,Tinggi,Tidak,3,3
FND-0188,Operations Dept,Keamanan TI,Deskripsi Temuan Audit Berulang #188,2,30.0,1,1,Sedang,Tidak,4,3
FND-0189,IT Dept,Keamanan TI,Deskripsi Temuan Audit Berulang #189,2,29.7,0,1,Kritis,Tidak,3,3
FND-0190,Operations Dept,Operasional,Deskripsi Temuan Audit Berulang #190,0,61.0,0,1,Rendah,Tidak,1,4
FND-0191,IT Dept,Legal & Kepatuhan,Deskripsi Temuan Audit Berulang #191,1,39.4,0,1,Rendah,Tidak,2,3
FND-0192,Operations Dept,Legal & Kepatuhan,Deskripsi Temuan Audit Berulang #192,2,48.3,1,1,Rendah,Ya (Anomali),4,3
FND-0193,Operations Dept,Reputasi,Deskripsi Temuan Audit Berulang #193,0,98.2,0,1,Rendah,Tidak,1,5
FND-0194,Surabaya Branch,Reputasi,Deskripsi Temuan Audit Berulang #194,0,74.1,0,0,Kritis,Tidak,1,4
FND-0195,IT Dept,Finansial,Deskripsi Temuan Audit Berulang #195,0,95.0,1,0,Kritis,Ya (Anomali),2,5
FND-0196,Surabaya Branch,Keamanan TI,Deskripsi Temuan Audit Berulang #196,1,31.3,1,1,Sedang,Tidak,3,3
FND-0197,IT Dept,Operasional,Deskripsi Temuan Audit Berulang #197,2,50.2,0,1,Sedang,Tidak,3,4
FND-0198,Surabaya Branch,Operasional,Deskripsi Temuan Audit Berulang #198,3,63.8,0,1,Sedang,Ya (Anomali),5,4
FND-0199,Surabaya Branch,Legal & Kepatuhan,Deskripsi Temuan Audit Berulang #199,0,26.1,0,0,Tinggi,Tidak,1,2
FND-0200,IT Dept,Operasional,Deskripsi Temuan Audit Berulang #200,4,20.3,1,1,Sedang,Tidak,5,2
FND-0201,Surabaya Branch,Legal & Kepatuhan,Deskripsi Temuan Audit Berulang #201,0,73.0,1,1,Kritis,Tidak,2,4
FND-0202,Operations Dept,Keamanan TI,Deskripsi Temuan Audit Berulang #202,0,70.7,0,0,Tinggi,Tidak,1,3
FND-0203,IT Dept,Operasional,Deskripsi Temuan Audit Berulang #203,0,52.5,0,1,Kritis,Tidak,1,4
FND-0204,Surabaya Branch,Legal & Kepatuhan,Deskripsi Temuan Audit Berulang #204,0,58.7,1,1,Tinggi,Tidak,2,5
FND-0205,Operations Dept,Keamanan TI,Deskripsi Temuan Audit Berulang #205,0,52.8,1,1,Sedang,Tidak,2,4
FND-0206,Operations Dept,Keamanan TI,Deskripsi Temuan Audit Berulang #206,0,21.9,0,0,Sedang,Tidak,1,1
FND-0207,Finance Dept,Legal & Kepatuhan,Deskripsi Temuan Audit Berulang #207,0,46.5,0,0,Sedang,Tidak,1,2
FND-0208,Jakarta Branch,Legal & Kepatuhan,Deskripsi Temuan Audit Berulang #208,1,34.0,0,0,Tinggi,Tidak,2,2
FND-0209,IT Dept,Finansial,Deskripsi Temuan Audit Berulang #209,3,27.8,0,1,Kritis,Ya (Anomali),5,3
FND-0210,Surabaya Branch,Keamanan TI,Deskripsi Temuan Audit Berulang #210,1,95.6,1,1,Rendah,Ya (Anomali),4,5
FND-0211,Finance Dept,Legal & Kepatuhan,Deskripsi Temuan Audit Berulang #211,5,67.3,1,0,Kritis,Tidak,5,3
FND-0212,Jakarta Branch,Keamanan TI,Deskripsi Temuan Audit Berulang #212,0,77.6,1,0,Sedang,Tidak,3,5
FND-0213,Surabaya Branch,Operasional,Deskripsi Temuan Audit Berulang #213,1,44.9,0,1,Tinggi,Tidak,2,4
FND-0214,Jakarta Branch,Reputasi,Deskripsi Temuan Audit Berulang #214,1,51.1,1,0,Tinggi,Tidak,4,3
FND-0215,IT Dept,Reputasi,Deskripsi Temuan Audit Berulang #215,1,38.7,0,1,Sedang,Tidak,2,3
FND-0216,Operations Dept,Legal & Kepatuhan,Deskripsi Temuan Audit Berulang #216,1,27.7,0,1,Tinggi,Tidak,2,3
FND-0217,Operations Dept,Legal & Kepatuhan,Deskripsi Temuan Audit Berulang #217,1,34.1,0,0,Sedang,Tidak,2,3
FND-0218,Jakarta Branch,Keamanan TI,Deskripsi Temuan Audit Berulang #218,0,83.0,0,1,Kritis,Tidak,1,5
FND-0219,Operations Dept,Legal & Kepatuhan,Deskripsi Temuan Audit Berulang #219,1,73.5,1,0,Tinggi,Tidak,3,3
FND-0220,Bandung Branch,Keamanan TI,Deskripsi Temuan Audit Berulang #220,1,63.2,0,1,Rendah,Tidak,2,4
FND-0221,Medan Branch,Legal & Kepatuhan,Deskripsi Temuan Audit Berulang #221,2,57.5,0,1,Tinggi,Tidak,3,4
FND-0222,Operations Dept,Keamanan TI,Deskripsi Temuan Audit Berulang #222,4,92.9,0,0,Sedang,Tidak,5,5
FND-0223,Bandung Branch,Legal & Kepatuhan,Deskripsi Temuan Audit Berulang #223,2,25.7,0,0,Rendah,Ya (Anomali),3,2
FND-0224,IT Dept,Finansial,Deskripsi Temuan Audit Berulang #224,0,42.2,0,1,Sedang,Tidak,1,3
FND-0225,IT Dept,Keamanan TI,Deskripsi Temuan Audit Berulang #225,0,47.6,0,1,Tinggi,Tidak,1,3
FND-0226,Jakarta Branch,Finansial,Deskripsi Temuan Audit Berulang #226,2,81.8,1,0,Rendah,Ya (Anomali),4,4
FND-0227,Operations Dept,Finansial,Deskripsi Temuan Audit Berulang #227,2,98.4,0,1,Rendah,Ya (Anomali),3,5
FND-0228,Operations Dept,Finansial,Deskripsi Temuan Audit Berulang #228,1,39.0,0,0,Tinggi,Tidak,2,3
FND-0229,Operations Dept,Finansial,Deskripsi Temuan Audit Berulang #229,1,89.1,0,0,Rendah,Tidak,2,4
FND-0230,Finance Dept,Operasional,Deskripsi Temuan Audit Berulang #230,2,85.6,1,1,Kritis,Ya (Anomali),5,5
FND-0231,Surabaya Branch,Reputasi,Deskripsi Temuan Audit Berulang #231,0,37.7,0,1,Rendah,Tidak,1,3
FND-0232,Medan Branch,Operasional,Deskripsi Temuan Audit Berulang #232,4,51.5,0,1,Rendah,Tidak,5,4
FND-0233,Operations Dept,Legal & Kepatuhan,Deskripsi Temuan Audit Berulang #233,2,52.4,0,0,Kritis,Ya (Anomali),4,3
FND-0234,Surabaya Branch,Legal & Kepatuhan,Deskripsi Temuan Audit Berulang #234,5,97.3,0,1,Sedang,Ya (Anomali),5,5
FND-0235,Finance Dept,Reputasi,Deskripsi Temuan Audit Berulang #235,1,34.3,0,1,Sedang,Tidak,2,3
FND-0236,IT Dept,Reputasi,Deskripsi Temuan Audit Berulang #236,3,83.1,1,1,Kritis,Ya (Anomali),5,5
FND-0237,Medan Branch,Reputasi,Deskripsi Temuan Audit Berulang #237,7,46.4,0,1,Rendah,Tidak,5,3
FND-0238,Bandung Branch,Finansial,Deskripsi Temuan Audit Berulang #238,1,77.7,0,1,Tinggi,Tidak,2,5
FND-0239,IT Dept,Operasional,Deskripsi Temuan Audit Berulang #239,0,53.2,1,1,Kritis,Tidak,2,4
FND-0240,IT Dept,Legal & Kepatuhan,Deskripsi Temuan Audit Berulang #240,2,65.7,1,0,Tinggi,Ya (Anomali),4,4
FND-0241,Jakarta Branch,Operasional,Deskripsi Temuan Audit Berulang #241,1,85.8,0,0,Sedang,Tidak,3,4
FND-0242,Finance Dept,Operasional,Deskripsi Temuan Audit Berulang #242,0,83.5,0,0,Kritis,Tidak,1,4
FND-0243,Jakarta Branch,Operasional,Deskripsi Temuan Audit Berulang #243,0,88.4,0,1,Tinggi,Tidak,1,5
FND-0244,Jakarta Branch,Reputasi,Deskripsi Temuan Audit Berulang #244,1,24.7,0,1,Rendah,Tidak,2,2
FND-0245,Surabaya Branch,Reputasi,Deskripsi Temuan Audit Berulang #245,1,74.7,1,0,Kritis,Tidak,3,4
FND-0246,IT Dept,Legal & Kepatuhan,Deskripsi Temuan Audit Berulang #246,0,31.1,1,1,Tinggi,Tidak,2,3
FND-0247,Finance Dept,Legal & Kepatuhan,Deskripsi Temuan Audit Berulang #247,2,52.8,1,0,Kritis,Tidak,4,3
FND-0248,Jakarta Branch,Legal & Kepatuhan,Deskripsi Temuan Audit Berulang #248,7,63.3,0,0,Kritis,Tidak,5,3
FND-0249,Bandung Branch,Operasional,Deskripsi Temuan Audit Berulang #249,0,51.8,0,1,Sedang,Tidak,1,4
FND-0250,Medan Branch,Reputasi,Deskripsi Temuan Audit Berulang #250,0,61.0,0,0,Sedang,Tidak,1,3
FND-0251,Operations Dept,Finansial,Deskripsi Temuan Audit Berulang #251,2,98.7,1,0,Rendah,Ya (Anomali),4,4
FND-0252,Finance Dept,Operasional,Deskripsi Temuan Audit Berulang #252,1,30.7,0,1,Sedang,Tidak,2,3
FND-0253,Surabaya Branch,Keamanan TI,Deskripsi Temuan Audit Berulang #253,2,73.4,0,1,Sedang,Tidak,3,4
FND-0254,Finance Dept,Operasional,Deskripsi Temuan Audit Berulang #254,1,51.3,1,1,Sedang,Tidak,3,4
FND-0255,IT Dept,Reputasi,Deskripsi Temuan Audit Berulang #255,0,30.5,1,1,Tinggi,Tidak,2,3
FND-0256,Surabaya Branch,Keamanan TI,Deskripsi Temuan Audit Berulang #256,1,32.5,1,1,Kritis,Tidak,3,3
FND-0257,Medan Branch,Operasional,Deskripsi Temuan Audit Berulang #257,0,95.0,0,1,Sedang,Tidak,1,5
FND-0258,Bandung Branch,Reputasi,Deskripsi Temuan Audit Berulang #258,0,89.5,1,0,Tinggi,Tidak,3,5
FND-0259,Jakarta Branch,Reputasi,Deskripsi Temuan Audit Berulang #259,0,91.7,1,1,Kritis,Ya (Anomali),2,5
FND-0260,Finance Dept,Finansial,Deskripsi Temuan Audit Berulang #260,0,98.3,0,1,Sedang,Tidak,1,5
FND-0261,Surabaya Branch,Operasional,Deskripsi Temuan Audit Berulang #261,0,36.5,0,0,Sedang,Tidak,1,3
FND-0262,Medan Branch,Reputasi,Deskripsi Temuan Audit Berulang #262,1,48.1,0,1,Kritis,Tidak,2,3
FND-0263,Jakarta Branch,Legal & Kepatuhan,Deskripsi Temuan Audit Berulang #263,2,72.9,1,0,Tinggi,Tidak,4,4
FND-0264,Operations Dept,Reputasi,Deskripsi Temuan Audit Berulang #264,1,58.2,0,1,Tinggi,Tidak,2,5
FND-0265,Medan Branch,Finansial,Deskripsi Temuan Audit Berulang #265,0,53.1,0,1,Rendah,Tidak,1,5
FND-0266,Bandung Branch,Reputasi,Deskripsi Temuan Audit Berulang #266,0,48.3,0,1,Kritis,Tidak,1,3
FND-0267,Jakarta Branch,Operasional,Deskripsi Temuan Audit Berulang #267,3,66.9,1,0,Rendah,Ya (Anomali),5,3
FND-0268,Jakarta Branch,Operasional,Deskripsi Temuan Audit Berulang #268,0,65.5,0,1,Tinggi,Tidak,1,4
FND-0269,Operations Dept,Keamanan TI,Deskripsi Temuan Audit Berulang #269,1,32.8,0,0,Sedang,Tidak,2,3
FND-0270,Jakarta Branch,Operasional,Deskripsi Temuan Audit Berulang #270,1,57.3,0,1,Rendah,Tidak,3,4
FND-0271,Surabaya Branch,Keamanan TI,Deskripsi Temuan Audit Berulang #271,2,63.7,1,1,Tinggi,Tidak,4,5
FND-0272,Jakarta Branch,Legal & Kepatuhan,Deskripsi Temuan Audit Berulang #272,4,65.1,0,1,Tinggi,Ya (Anomali),5,4
FND-0273,Medan Branch,Finansial,Deskripsi Temuan Audit Berulang #273,0,36.6,0,0,Sedang,Tidak,1,3
FND-0274,Surabaya Branch,Legal & Kepatuhan,Deskripsi Temuan Audit Berulang #274,1,78.6,1,0,Kritis,Tidak,3,4
FND-0275,Jakarta Branch,Keamanan TI,Deskripsi Temuan Audit Berulang #275,3,22.0,0,1,Tinggi,Tidak,4,2
FND-0276,Medan Branch,Reputasi,Deskripsi Temuan Audit Berulang #276,0,48.0,1,1,Rendah,Tidak,2,3
FND-0277,Medan Branch,Reputasi,Deskripsi Temuan Audit Berulang #277,0,81.6,0,1,Sedang,Tidak,1,5
FND-0278,Finance Dept,Legal & Kepatuhan,Deskripsi Temuan Audit Berulang #278,0,64.5,0,1,Kritis,Tidak,1,4
FND-0279,Medan Branch,Reputasi,Deskripsi Temuan Audit Berulang #279,1,40.6,0,1,Kritis,Tidak,2,4
FND-0280,Operations Dept,Keamanan TI,Deskripsi Temuan Audit Berulang #280,0,74.9,0,0,Kritis,Tidak,1,3
FND-0281,IT Dept,Finansial,Deskripsi Temuan Audit Berulang #281,6,64.8,1,0,Tinggi,Tidak,5,3
FND-0282,Bandung Branch,Operasional,Deskripsi Temuan Audit Berulang #282,1,82.9,0,1,Kritis,Tidak,3,5
FND-0283,Jakarta Branch,Keamanan TI,Deskripsi Temuan Audit Berulang #283,0,78.1,1,1,Tinggi,Tidak,2,5
FND-0284,Operations Dept,Keamanan TI,Deskripsi Temuan Audit Berulang #284,0,68.2,0,0,Sedang,Tidak,1,4
FND-0285,Jakarta Branch,Operasional,Deskripsi Temuan Audit Berulang #285,0,58.6,0,0,Sedang,Tidak,1,4
FND-0286,Jakarta Branch,Operasional,Deskripsi Temuan Audit Berulang #286,0,30.5,0,1,Kritis,Tidak,1,3
FND-0287,Medan Branch,Finansial,Deskripsi Temuan Audit Berulang #287,2,40.6,1,1,Sedang,Tidak,5,3
FND-0288,Medan Branch,Finansial,Deskripsi Temuan Audit Berulang #288,2,53.1,0,1,Rendah,Ya (Anomali),3,4
FND-0289,Jakarta Branch,Finansial,Deskripsi Temuan Audit Berulang #289,0,67.3,0,1,Rendah,Tidak,1,5
FND-0290,IT Dept,Reputasi,Deskripsi Temuan Audit Berulang #290,0,60.6,0,1,Tinggi,Tidak,1,4
FND-0291,Surabaya Branch,Keamanan TI,Deskripsi Temuan Audit Berulang #291,1,42.8,0,1,Kritis,Tidak,2,3
FND-0292,Surabaya Branch,Operasional,Deskripsi Temuan Audit Berulang #292,0,20.5,0,0,Tinggi,Tidak,1,2
FND-0293,Bandung Branch,Keamanan TI,Deskripsi Temuan Audit Berulang #293,0,59.2,1,1,Sedang,Tidak,3,4
FND-0294,Finance Dept,Keamanan TI,Deskripsi Temuan Audit Berulang #294,1,42.6,0,1,Kritis,Tidak,2,4
FND-0295,Operations Dept,Finansial,Deskripsi Temuan Audit Berulang #295,2,78.0,1,1,Tinggi,Ya (Anomali),5,5
FND-0296,Bandung Branch,Finansial,Deskripsi Temuan Audit Berulang #296,0,21.9,0,0,Kritis,Tidak,1,1
FND-0297,Jakarta Branch,Keamanan TI,Deskripsi Temuan Audit Berulang #297,0,66.2,1,0,Kritis,Tidak,2,4
FND-0298,Operations Dept,Finansial,Deskripsi Temuan Audit Berulang #298,3,94.4,1,1,Tinggi,Ya (Anomali),5,5
FND-0299,Jakarta Branch,Reputasi,Deskripsi Temuan Audit Berulang #299,4,33.8,0,1,Kritis,Tidak,5,3
FND-0300,Jakarta Branch,Operasional,Deskripsi Temuan Audit Berulang #300,2,57.3,1,0,Sedang,Tidak,4,3
FND-0301,Finance Dept,Keamanan TI,Deskripsi Temuan Audit Berulang #301,7,27.2,0,1,Rendah,Tidak,5,3
FND-0302,Medan Branch,Operasional,Deskripsi Temuan Audit Berulang #302,4,69.4,1,1,Rendah,Ya (Anomali),5,4
FND-0303,Finance Dept,Reputasi,Deskripsi Temuan Audit Berulang #303,3,63.5,1,1,Kritis,Tidak,5,5
FND-0304,Bandung Branch,Finansial,Deskripsi Temuan Audit Berulang #304,0,52.2,0,1,Rendah,Tidak,1,4
FND-0305,Medan Branch,Legal & Kepatuhan,Deskripsi Temuan Audit Berulang #305,0,61.2,0,1,Kritis,Tidak,1,4
FND-0306,Medan Branch,Reputasi,Deskripsi Temuan Audit Berulang #306,2,90.8,0,0,Tinggi,Tidak,3,4
FND-0307,Bandung Branch,Legal & Kepatuhan,Deskripsi Temuan Audit Berulang #307,0,35.5,0,0,Sedang,Tidak,1,2
FND-0308,Medan Branch,Operasional,Deskripsi Temuan Audit Berulang #308,4,21.8,0,1,Rendah,Tidak,5,3
FND-0309,Operations Dept,Keamanan TI,Deskripsi Temuan Audit Berulang #309,0,88.1,0,0,Tinggi,Tidak,1,5
FND-0310,Surabaya Branch,Finansial,Deskripsi Temuan Audit Berulang #310,0,65.6,0,1,Sedang,Tidak,1,4
FND-0311,Bandung Branch,Reputasi,Deskripsi Temuan Audit Berulang #311,3,90.4,1,1,Rendah,Ya (Anomali),5,5
FND-0312,Bandung Branch,Finansial,Deskripsi Temuan Audit Berulang #312,3,67.2,0,1,Rendah,Tidak,4,4
FND-0313,Surabaya Branch,Legal & Kepatuhan,Deskripsi Temuan Audit Berulang #313,6,84.0,0,0,Sedang,Tidak,5,4
FND-0314,Finance Dept,Legal & Kepatuhan,Deskripsi Temuan Audit Berulang #314,0,53.9,0,1,Tinggi,Tidak,1,4
FND-0315,Finance Dept,Keamanan TI,Deskripsi Temuan Audit Berulang #315,0,79.2,0,1,Tinggi,Tidak,1,5
FND-0316,Finance Dept,Legal & Kepatuhan,Deskripsi Temuan Audit Berulang #316,1,92.1,0,0,Rendah,Tidak,2,5
FND-0317,Medan Branch,Keamanan TI,Deskripsi Temuan Audit Berulang #317,1,65.2,0,0,Sedang,Tidak,3,3
FND-0318,Surabaya Branch,Reputasi,Deskripsi Temuan Audit Berulang #318,6,34.3,1,0,Tinggi,Tidak,5,3
FND-0319,Operations Dept,Keamanan TI,Deskripsi Temuan Audit Berulang #319,1,41.2,1,1,Sedang,Tidak,3,3
FND-0320,Bandung Branch,Legal & Kepatuhan,Deskripsi Temuan Audit Berulang #320,4,35.7,0,1,Sedang,Tidak,5,3
FND-0321,Bandung Branch,Operasional,Deskripsi Temuan Audit Berulang #321,0,39.5,1,1,Rendah,Tidak,2,4
FND-0322,Bandung Branch,Keamanan TI,Deskripsi Temuan Audit Berulang #322,1,44.2,0,1,Sedang,Tidak,2,3
FND-0323,Medan Branch,Finansial,Deskripsi Temuan Audit Berulang #323,7,63.9,1,0,Sedang,Tidak,5,4
FND-0324,Medan Branch,Operasional,Deskripsi Temuan Audit Berulang #324,1,66.5,1,1,Kritis,Tidak,3,4
FND-0325,IT Dept,Keamanan TI,Deskripsi Temuan Audit Berulang #325,2,53.7,0,1,Sedang,Ya (Anomali),3,4
FND-0326,Operations Dept,Finansial,Deskripsi Temuan Audit Berulang #326,1,68.6,0,0,Tinggi,Tidak,2,4
FND-0327,Finance Dept,Operasional,Deskripsi Temuan Audit Berulang #327,5,26.4,0,1,Rendah,Tidak,5,3
FND-0328,IT Dept,Keamanan TI,Deskripsi Temuan Audit Berulang #328,0,26.9,0,1,Rendah,Tidak,1,4
FND-0329,IT Dept,Reputasi,Deskripsi Temuan Audit Berulang #329,1,33.6,1,0,Sedang,Tidak,3,3
FND-0330,Medan Branch,Finansial,Deskripsi Temuan Audit Berulang #330,0,60.9,0,0,Sedang,Tidak,1,3
FND-0331,Finance Dept,Reputasi,Deskripsi Temuan Audit Berulang #331,0,36.9,1,0,Tinggi,Tidak,2,2
FND-0332,Finance Dept,Legal & Kepatuhan,Deskripsi Temuan Audit Berulang #332,4,42.4,1,1,Kritis,Tidak,5,3
FND-0333,Bandung Branch,Keamanan TI,Deskripsi Temuan Audit Berulang #333,1,51.6,0,1,Rendah,Tidak,2,4
FND-0334,Medan Branch,Keamanan TI,Deskripsi Temuan Audit Berulang #334,10,84.1,1,0,Kritis,Ya (Anomali),5,5
FND-0335,Finance Dept,Finansial,Deskripsi Temuan Audit Berulang #335,1,21.1,1,1,Tinggi,Tidak,3,2
FND-0336,IT Dept,Keamanan TI,Deskripsi Temuan Audit Berulang #336,1,71.3,1,1,Rendah,Tidak,3,4
FND-0337,Surabaya Branch,Legal & Kepatuhan,Deskripsi Temuan Audit Berulang #337,2,72.8,1,0,Tinggi,Ya (Anomali),5,4
FND-0338,Surabaya Branch,Keamanan TI,Deskripsi Temuan Audit Berulang #338,0,83.1,1,1,Sedang,Ya (Anomali),2,5
FND-0339,Medan Branch,Operasional,Deskripsi Temuan Audit Berulang #339,2,93.7,0,0,Tinggi,Tidak,3,5
FND-0340,Bandung Branch,Reputasi,Deskripsi Temuan Audit Berulang #340,0,21.6,1,1,Sedang,Tidak,3,2
FND-0341,Bandung Branch,Legal & Kepatuhan,Deskripsi Temuan Audit Berulang #341,1,32.1,0,1,Kritis,Tidak,2,4
FND-0342,Finance Dept,Legal & Kepatuhan,Deskripsi Temuan Audit Berulang #342,3,90.0,1,1,Rendah,Ya (Anomali),5,5
FND-0343,Operations Dept,Reputasi,Deskripsi Temuan Audit Berulang #343,3,56.2,1,0,Rendah,Tidak,5,3
FND-0344,Medan Branch,Reputasi,Deskripsi Temuan Audit Berulang #344,1,64.6,0,1,Kritis,Tidak,2,4
FND-0345,Operations Dept,Legal & Kepatuhan,Deskripsi Temuan Audit Berulang #345,1,72.4,0,1,Sedang,Tidak,2,4
FND-0346,Surabaya Branch,Reputasi,Deskripsi Temuan Audit Berulang #346,0,73.6,0,0,Rendah,Tidak,1,4
FND-0347,IT Dept,Finansial,Deskripsi Temuan Audit Berulang #347,4,93.6,0,0,Tinggi,Tidak,5,4
FND-0348,Finance Dept,Reputasi,Deskripsi Temuan Audit Berulang #348,0,98.8,0,0,Sedang,Tidak,1,5
FND-0349,IT Dept,Operasional,Deskripsi Temuan Audit Berulang #349,2,76.9,1,1,Rendah,Ya (Anomali),5,5
FND-0350,Operations Dept,Operasional,Deskripsi Temuan Audit Berulang #350,1,42.7,1,1,Tinggi,Tidak,4,3
FND-0351,Finance Dept,Finansial,Deskripsi Temuan Audit Berulang #351,0,89.5,1,0,Tinggi,Ya (Anomali),2,4
FND-0352,Jakarta Branch,Reputasi,Deskripsi Temuan Audit Berulang #352,2,23.9,0,0,Rendah,Tidak,3,1
FND-0353,IT Dept,Operasional,Deskripsi Temuan Audit Berulang #353,1,38.3,1,1,Kritis,Tidak,3,3
FND-0354,Medan Branch,Keamanan TI,Deskripsi Temuan Audit Berulang #354,5,90.9,1,1,Kritis,Ya (Anomali),5,5
FND-0355,IT Dept,Reputasi,Deskripsi Temuan Audit Berulang #355,1,40.2,0,0,Rendah,Tidak,2,3
FND-0356,IT Dept,Finansial,Deskripsi Temuan Audit Berulang #356,2,37.4,0,1,Tinggi,Ya (Anomali),3,3
FND-0357,Finance Dept,Reputasi,Deskripsi Temuan Audit Berulang #357,2,30.9,0,0,Kritis,Tidak,4,2
FND-0358,Surabaya Branch,Legal & Kepatuhan,Deskripsi Temuan Audit Berulang #358,7,87.9,1,1,Kritis,Ya (Anomali),5,5
FND-0359,Operations Dept,Legal & Kepatuhan,Deskripsi Temuan Audit Berulang #359,0,59.5,0,1,Kritis,Tidak,1,4
FND-0360,Jakarta Branch,Operasional,Deskripsi Temuan Audit Berulang #360,2,73.3,1,0,Sedang,Tidak,4,4
FND-0361,IT Dept,Legal & Kepatuhan,Deskripsi Temuan Audit Berulang #361,0,38.9,0,1,Kritis,Tidak,1,3
FND-0362,Operations Dept,Finansial,Deskripsi Temuan Audit Berulang #362,0,79.9,1,1,Rendah,Tidak,2,5
FND-0363,Operations Dept,Operasional,Deskripsi Temuan Audit Berulang #363,0,80.0,0,1,Rendah,Tidak,1,5
FND-0364,Surabaya Branch,Finansial,Deskripsi Temuan Audit Berulang #364,0,44.7,0,1,Sedang,Tidak,1,3
FND-0365,Bandung Branch,Finansial,Deskripsi Temuan Audit Berulang #365,2,52.4,0,0,Sedang,Tidak,3,3
FND-0366,Jakarta Branch,Legal & Kepatuhan,Deskripsi Temuan Audit Berulang #366,0,36.6,0,0,Rendah,Tidak,1,2
FND-0367,Jakarta Branch,Legal & Kepatuhan,Deskripsi Temuan Audit Berulang #367,1,97.1,1,0,Sedang,Tidak,3,4
FND-0368,Operations Dept,Finansial,Deskripsi Temuan Audit Berulang #368,2,71.0,0,1,Kritis,Ya (Anomali),3,4
FND-0369,Finance Dept,Legal & Kepatuhan,Deskripsi Temuan Audit Berulang #369,0,93.8,1,1,Tinggi,Ya (Anomali),2,5
FND-0370,IT Dept,Legal & Kepatuhan,Deskripsi Temuan Audit Berulang #370,1,44.0,0,1,Tinggi,Tidak,3,3
FND-0371,Bandung Branch,Legal & Kepatuhan,Deskripsi Temuan Audit Berulang #371,2,81.8,0,0,Tinggi,Tidak,4,5
FND-0372,Finance Dept,Reputasi,Deskripsi Temuan Audit Berulang #372,0,80.5,0,0,Rendah,Tidak,1,4
FND-0373,Medan Branch,Finansial,Deskripsi Temuan Audit Berulang #373,0,74.6,0,0,Sedang,Tidak,1,4
FND-0374,Surabaya Branch,Keamanan TI,Deskripsi Temuan Audit Berulang #374,0,96.3,1,1,Tinggi,Ya (Anomali),3,5
FND-0375,Surabaya Branch,Finansial,Deskripsi Temuan Audit Berulang #375,0,51.1,0,1,Kritis,Tidak,1,4
FND-0376,Finance Dept,Operasional,Deskripsi Temuan Audit Berulang #376,0,30.3,1,1,Kritis,Tidak,2,3
FND-0377,Operations Dept,Legal & Kepatuhan,Deskripsi Temuan Audit Berulang #377,1,73.1,1,1,Kritis,Tidak,3,4
FND-0378,Surabaya Branch,Legal & Kepatuhan,Deskripsi Temuan Audit Berulang #378,0,77.6,0,1,Sedang,Tidak,1,5
FND-0379,IT Dept,Keamanan TI,Deskripsi Temuan Audit Berulang #379,1,65.4,0,0,Tinggi,Tidak,2,3
FND-0380,Surabaya Branch,Operasional,Deskripsi Temuan Audit Berulang #380,4,36.3,1,1,Kritis,Ya (Anomali),5,3
FND-0381,IT Dept,Reputasi,Deskripsi Temuan Audit Berulang #381,2,59.9,1,1,Sedang,Tidak,5,4
FND-0382,Medan Branch,Finansial,Deskripsi Temuan Audit Berulang #382,6,44.7,1,1,Kritis,Ya (Anomali),5,3
FND-0383,Bandung Branch,Reputasi,Deskripsi Temuan Audit Berulang #383,0,53.8,0,0,Tinggi,Tidak,1,4
FND-0384,Jakarta Branch,Operasional,Deskripsi Temuan Audit Berulang #384,1,71.0,1,1,Tinggi,Tidak,4,4
FND-0385,Finance Dept,Keamanan TI,Deskripsi Temuan Audit Berulang #385,7,78.9,0,0,Tinggi,Tidak,5,4
FND-0386,Finance Dept,Operasional,Deskripsi Temuan Audit Berulang #386,5,38.3,1,0,Tinggi,Tidak,5,2
FND-0387,IT Dept,Keamanan TI,Deskripsi Temuan Audit Berulang #387,0,52.0,1,1,Tinggi,Tidak,2,4
FND-0388,Medan Branch,Reputasi,Deskripsi Temuan Audit Berulang #388,4,41.3,0,0,Kritis,Tidak,5,2
FND-0389,Medan Branch,Reputasi,Deskripsi Temuan Audit Berulang #389,8,35.7,0,1,Tinggi,Tidak,5,4
FND-0390,Operations Dept,Operasional,Deskripsi Temuan Audit Berulang #390,0,81.9,0,1,Kritis,Tidak,1,5
FND-0391,Jakarta Branch,Operasional,Deskripsi Temuan Audit Berulang #391,4,91.8,0,0,Tinggi,Tidak,5,4
FND-0392,Bandung Branch,Legal & Kepatuhan,Deskripsi Temuan Audit Berulang #392,2,49.2,1,0,Kritis,Tidak,5,2
FND-0393,Finance Dept,Keamanan TI,Deskripsi Temuan Audit Berulang #393,6,79.4,0,1,Tinggi,Ya (Anomali),5,5
FND-0394,IT Dept,Legal & Kepatuhan,Deskripsi Temuan Audit Berulang #394,1,90.9,0,1,Kritis,Tidak,2,5
FND-0395,Medan Branch,Finansial,Deskripsi Temuan Audit Berulang #395,1,86.8,0,1,Tinggi,Tidak,2,5
FND-0396,Finance Dept,Finansial,Deskripsi Temuan Audit Berulang #396,2,34.4,1,1,Sedang,Ya (Anomali),4,3
FND-0397,IT Dept,Operasional,Deskripsi Temuan Audit Berulang #397,3,95.5,0,1,Kritis,Ya (Anomali),4,5
FND-0398,Surabaya Branch,Reputasi,Deskripsi Temuan Audit Berulang #398,1,49.8,0,1,Sedang,Tidak,2,3
FND-0399,Finance Dept,Finansial,Deskripsi Temuan Audit Berulang #399,0,46.8,0,1,Kritis,Tidak,1,3
FND-0400,Bandung Branch,Finansial,Deskripsi Temuan Audit Berulang #400,1,24.9,1,0,Kritis,Tidak,4,1
FND-0401,IT Dept,Legal & Kepatuhan,Deskripsi Temuan Audit Berulang #401,0,58.4,1,1,Kritis,Tidak,3,5
FND-0402,Bandung Branch,Legal & Kepatuhan,Deskripsi Temuan Audit Berulang #402,4,28.6,0,1,Rendah,Ya (Anomali),5,3
FND-0403,Finance Dept,Finansial,Deskripsi Temuan Audit Berulang #403,1,39.6,0,1,Tinggi,Tidak,3,3
FND-0404,Surabaya Branch,Operasional,Deskripsi Temuan Audit Berulang #404,0,45.0,0,0,Sedang,Tidak,1,2
FND-0405,Bandung Branch,Legal & Kepatuhan,Deskripsi Temuan Audit Berulang #405,1,83.9,0,1,Sedang,Tidak,2,5
FND-0406,Medan Branch,Finansial,Deskripsi Temuan Audit Berulang #406,0,89.2,0,1,Kritis,Tidak,1,5
FND-0407,IT Dept,Reputasi,Deskripsi Temuan Audit Berulang #407,2,43.9,1,1,Sedang,Tidak,5,4
FND-0408,Finance Dept,Legal & Kepatuhan,Deskripsi Temuan Audit Berulang #408,2,87.8,0,0,Sedang,Ya (Anomali),3,4
FND-0409,Surabaya Branch,Finansial,Deskripsi Temuan Audit Berulang #409,6,87.7,1,1,Sedang,Ya (Anomali),5,5
FND-0410,Medan Branch,Keamanan TI,Deskripsi Temuan Audit Berulang #410,0,80.4,0,0,Sedang,Tidak,1,5
FND-0411,Finance Dept,Legal & Kepatuhan,Deskripsi Temuan Audit Berulang #411,1,31.6,1,0,Rendah,Tidak,3,3
FND-0412,Operations Dept,Keamanan TI,Deskripsi Temuan Audit Berulang #412,4,74.5,1,0,Kritis,Tidak,5,3
FND-0413,Surabaya Branch,Legal & Kepatuhan,Deskripsi Temuan Audit Berulang #413,4,94.7,0,0,Sedang,Tidak,5,4
FND-0414,Medan Branch,Legal & Kepatuhan,Deskripsi Temuan Audit Berulang #414,1,73.9,0,1,Rendah,Tidak,3,5
FND-0415,Bandung Branch,Keamanan TI,Deskripsi Temuan Audit Berulang #415,5,46.2,0,1,Rendah,Tidak,5,3
FND-0416,Finance Dept,Operasional,Deskripsi Temuan Audit Berulang #416,0,59.5,0,0,Kritis,Tidak,1,3
FND-0417,Finance Dept,Finansial,Deskripsi Temuan Audit Berulang #417,10,71.0,0,1,Tinggi,Ya (Anomali),5,5
FND-0418,Bandung Branch,Operasional,Deskripsi Temuan Audit Berulang #418,4,60.3,0,1,Tinggi,Tidak,5,4
FND-0419,Operations Dept,Operasional,Deskripsi Temuan Audit Berulang #419,4,29.5,1,0,Tinggi,Tidak,5,2
FND-0420,Jakarta Branch,Finansial,Deskripsi Temuan Audit Berulang #420,0,44.7,0,1,Sedang,Tidak,1,3
FND-0421,Medan Branch,Reputasi,Deskripsi Temuan Audit Berulang #421,0,83.4,1,1,Kritis,Ya (Anomali),2,5
FND-0422,Bandung Branch,Operasional,Deskripsi Temuan Audit Berulang #422,0,88.1,0,1,Tinggi,Tidak,1,5
FND-0423,Finance Dept,Operasional,Deskripsi Temuan Audit Berulang #423,2,30.8,1,1,Sedang,Tidak,5,3
FND-0424,Medan Branch,Operasional,Deskripsi Temuan Audit Berulang #424,0,95.2,0,0,Kritis,Tidak,1,4
FND-0425,Operations Dept,Reputasi,Deskripsi Temuan Audit Berulang #425,0,46.0,1,1,Sedang,Tidak,2,3
FND-0426,Medan Branch,Legal & Kepatuhan,Deskripsi Temuan Audit Berulang #426,2,72.3,0,1,Tinggi,Tidak,3,4
FND-0427,Jakarta Branch,Keamanan TI,Deskripsi Temuan Audit Berulang #427,2,79.4,0,1,Tinggi,Ya (Anomali),4,5
FND-0428,Finance Dept,Keamanan TI,Deskripsi Temuan Audit Berulang #428,0,84.1,0,0,Rendah,Tidak,1,5
FND-0429,Surabaya Branch,Reputasi,Deskripsi Temuan Audit Berulang #429,1,94.7,0,0,Rendah,Tidak,2,4
FND-0430,Jakarta Branch,Operasional,Deskripsi Temuan Audit Berulang #430,4,44.7,0,1,Kritis,Tidak,5,4
FND-0431,Jakarta Branch,Keamanan TI,Deskripsi Temuan Audit Berulang #431,0,87.8,0,0,Sedang,Tidak,1,4
FND-0432,Surabaya Branch,Reputasi,Deskripsi Temuan Audit Berulang #432,2,30.4,0,1,Sedang,Tidak,3,4
FND-0433,Surabaya Branch,Finansial,Deskripsi Temuan Audit Berulang #433,1,75.7,1,0,Tinggi,Tidak,3,4
FND-0434,Operations Dept,Keamanan TI,Deskripsi Temuan Audit Berulang #434,0,78.6,0,1,Tinggi,Tidak,1,5
FND-0435,Operations Dept,Finansial,Deskripsi Temuan Audit Berulang #435,0,73.5,0,0,Kritis,Tidak,1,4
FND-0436,Jakarta Branch,Operasional,Deskripsi Temuan Audit Berulang #436,1,39.9,1,1,Rendah,Tidak,3,4
FND-0437,Medan Branch,Keamanan TI,Deskripsi Temuan Audit Berulang #437,1,89.0,0,1,Tinggi,Tidak,2,5
FND-0438,Bandung Branch,Reputasi,Deskripsi Temuan Audit Berulang #438,0,33.3,0,1,Sedang,Tidak,1,4
FND-0439,Bandung Branch,Legal & Kepatuhan,Deskripsi Temuan Audit Berulang #439,0,24.2,0,0,Tinggi,Tidak,1,1
FND-0440,Jakarta Branch,Keamanan TI,Deskripsi Temuan Audit Berulang #440,1,76.7,1,1,Rendah,Tidak,3,5
FND-0441,Medan Branch,Keamanan TI,Deskripsi Temuan Audit Berulang #441,0,57.6,1,0,Sedang,Tidak,3,3
FND-0442,Surabaya Branch,Keamanan TI,Deskripsi Temuan Audit Berulang #442,0,87.1,1,1,Rendah,Ya (Anomali),2,5
FND-0443,IT Dept,Keamanan TI,Deskripsi Temuan Audit Berulang #443,4,50.3,0,1,Kritis,Tidak,5,4
FND-0444,Jakarta Branch,Reputasi,Deskripsi Temuan Audit Berulang #444,6,33.3,1,1,Kritis,Ya (Anomali),5,3
FND-0445,Finance Dept,Reputasi,Deskripsi Temuan Audit Berulang #445,3,86.1,0,0,Rendah,Tidak,5,5
FND-0446,Medan Branch,Legal & Kepatuhan,Deskripsi Temuan Audit Berulang #446,1,63.4,0,1,Sedang,Tidak,2,4
FND-0447,Finance Dept,Reputasi,Deskripsi Temuan Audit Berulang #447,0,34.9,0,0,Rendah,Tidak,1,2
FND-0448,Finance Dept,Reputasi,Deskripsi Temuan Audit Berulang #448,2,76.9,0,0,Tinggi,Tidak,4,4
FND-0449,Jakarta Branch,Operasional,Deskripsi Temuan Audit Berulang #449,2,60.4,0,0,Tinggi,Tidak,4,3
FND-0450,Medan Branch,Operasional,Deskripsi Temuan Audit Berulang #450,0,67.7,0,1,Rendah,Tidak,1,4
FND-0451,Finance Dept,Finansial,Deskripsi Temuan Audit Berulang #451,1,56.4,0,0,Tinggi,Tidak,3,3
FND-0452,Operations Dept,Legal & Kepatuhan,Deskripsi Temuan Audit Berulang #452,1,85.5,0,0,Rendah,Tidak,2,5
FND-0453,Operations Dept,Operasional,Deskripsi Temuan Audit Berulang #453,7,85.5,1,1,Tinggi,Ya (Anomali),5,5
FND-0454,Medan Branch,Legal & Kepatuhan,Deskripsi Temuan Audit Berulang #454,0,76.0,0,0,Rendah,Tidak,1,4
FND-0455,Bandung Branch,Legal & Kepatuhan,Deskripsi Temuan Audit Berulang #455,1,28.3,1,1,Tinggi,Tidak,4,4
FND-0456,IT Dept,Keamanan TI,Deskripsi Temuan Audit Berulang #456,1,86.3,0,1,Sedang,Tidak,2,5
FND-0457,Finance Dept,Legal & Kepatuhan,Deskripsi Temuan Audit Berulang #457,0,73.0,1,1,Sedang,Tidak,2,5
FND-0458,Finance Dept,Keamanan TI,Deskripsi Temuan Audit Berulang #458,0,75.1,0,1,Tinggi,Ya (Anomali),1,5
FND-0459,Medan Branch,Finansial,Deskripsi Temuan Audit Berulang #459,0,48.7,0,1,Rendah,Tidak,1,3
FND-0460,Operations Dept,Finansial,Deskripsi Temuan Audit Berulang #460,3,89.5,0,1,Tinggi,Ya (Anomali),4,5
FND-0461,IT Dept,Finansial,Deskripsi Temuan Audit Berulang #461,1,77.3,0,0,Kritis,Tidak,2,4
FND-0462,Bandung Branch,Keamanan TI,Deskripsi Temuan Audit Berulang #462,4,28.9,1,1,Kritis,Ya (Anomali),5,3
FND-0463,Finance Dept,Keamanan TI,Deskripsi Temuan Audit Berulang #463,0,52.2,0,1,Rendah,Tidak,1,5
FND-0464,Jakarta Branch,Finansial,Deskripsi Temuan Audit Berulang #464,4,90.0,0,1,Tinggi,Ya (Anomali),5,5
FND-0465,Operations Dept,Keamanan TI,Deskripsi Temuan Audit Berulang #465,1,23.7,1,1,Tinggi,Tidak,3,2
FND-0466,Medan Branch,Reputasi,Deskripsi Temuan Audit Berulang #466,2,96.0,1,0,Sedang,Ya (Anomali),5,4
FND-0467,Medan Branch,Reputasi,Deskripsi Temuan Audit Berulang #467,0,73.7,0,1,Rendah,Tidak,1,4
FND-0468,Operations Dept,Keamanan TI,Deskripsi Temuan Audit Berulang #468,10,69.9,0,0,Kritis,Tidak,5,3
FND-0469,Finance Dept,Keamanan TI,Deskripsi Temuan Audit Berulang #469,0,41.4,0,1,Kritis,Tidak,1,4
FND-0470,Bandung Branch,Operasional,Deskripsi Temuan Audit Berulang #470,0,39.7,0,0,Rendah,Tidak,1,2
FND-0471,Finance Dept,Operasional,Deskripsi Temuan Audit Berulang #471,1,94.4,0,1,Kritis,Tidak,2,5
FND-0472,Operations Dept,Legal & Kepatuhan,Deskripsi Temuan Audit Berulang #472,0,43.6,1,1,Rendah,Tidak,2,3
FND-0473,Surabaya Branch,Legal & Kepatuhan,Deskripsi Temuan Audit Berulang #473,1,81.3,0,0,Kritis,Tidak,2,5
FND-0474,Finance Dept,Legal & Kepatuhan,Deskripsi Temuan Audit Berulang #474,5,51.1,0,1,Kritis,Tidak,5,4
FND-0475,IT Dept,Finansial,Deskripsi Temuan Audit Berulang #475,5,31.0,0,0,Rendah,Tidak,5,3
FND-0476,Operations Dept,Reputasi,Deskripsi Temuan Audit Berulang #476,0,20.8,1,0,Rendah,Tidak,2,1
FND-0477,IT Dept,Finansial,Deskripsi Temuan Audit Berulang #477,0,63.0,1,1,Kritis,Tidak,3,5
FND-0478,Operations Dept,Keamanan TI,Deskripsi Temuan Audit Berulang #478,2,97.1,0,1,Kritis,Ya (Anomali),3,5
FND-0479,Surabaya Branch,Operasional,Deskripsi Temuan Audit Berulang #479,1,49.2,1,1,Sedang,Tidak,3,3
FND-0480,IT Dept,Keamanan TI,Deskripsi Temuan Audit Berulang #480,2,48.2,0,0,Tinggi,Tidak,4,2
FND-0481,IT Dept,Keamanan TI,Deskripsi Temuan Audit Berulang #481,1,47.2,0,0,Rendah,Tidak,3,2
FND-0482,Jakarta Branch,Operasional,Deskripsi Temuan Audit Berulang #482,0,61.1,0,1,Rendah,Tidak,1,4
FND-0483,Medan Branch,Keamanan TI,Deskripsi Temuan Audit Berulang #483,0,54.8,0,1,Tinggi,Tidak,1,4
FND-0484,IT Dept,Legal & Kepatuhan,Deskripsi Temuan Audit Berulang #484,6,89.5,0,1,Sedang,Ya (Anomali),5,5
FND-0485,Medan Branch,Operasional,Deskripsi Temuan Audit Berulang #485,1,59.9,1,0,Kritis,Tidak,3,3
FND-0486,Operations Dept,Keamanan TI,Deskripsi Temuan Audit Berulang #486,0,60.1,0,1,Kritis,Tidak,1,5
FND-0487,Bandung Branch,Legal & Kepatuhan,Deskripsi Temuan Audit Berulang #487,0,30.9,1,1,Sedang,Tidak,3,3
FND-0488,Finance Dept,Legal & Kepatuhan,Deskripsi Temuan Audit Berulang #488,0,97.6,0,0,Sedang,Tidak,1,5
FND-0489,Jakarta Branch,Reputasi,Deskripsi Temuan Audit Berulang #489,5,39.7,0,1,Tinggi,Tidak,5,3
FND-0490,Operations Dept,Legal & Kepatuhan,Deskripsi Temuan Audit Berulang #490,0,25.8,0,1,Tinggi,Tidak,1,3
FND-0491,Surabaya Branch,Finansial,Deskripsi Temuan Audit Berulang #491,0,72.4,0,0,Kritis,Tidak,1,3
FND-0492,Bandung Branch,Operasional,Deskripsi Temuan Audit Berulang #492,3,67.0,0,0,Sedang,Tidak,5,3
FND-0493,Jakarta Branch,Operasional,Deskripsi Temuan Audit Berulang #493,1,52.8,0,1,Sedang,Tidak,2,5
FND-0494,Jakarta Branch,Operasional,Deskripsi Temuan Audit Berulang #494,1,53.4,0,1,Kritis,Tidak,3,4
FND-0495,Operations Dept,Keamanan TI,Deskripsi Temuan Audit Berulang #495,0,82.0,0,1,Kritis,Tidak,1,5
FND-0496,Surabaya Branch,Keamanan TI,Deskripsi Temuan Audit Berulang #496,3,35.5,1,1,Kritis,Tidak,5,4
FND-0497,Surabaya Branch,Finansial,Deskripsi Temuan Audit Berulang #497,1,84.8,0,0,Kritis,Tidak,2,4
FND-0498,Medan Branch,Legal & Kepatuhan,Deskripsi Temuan Audit Berulang #498,1,71.3,0,1,Kritis,Tidak,2,5
FND-0499,Finance Dept,Keamanan TI,Deskripsi Temuan Audit Berulang #499,0,53.1,0,0,Tinggi,Tidak,1,3
FND-0500,Operations Dept,Legal & Kepatuhan,Deskripsi Temuan Audit Berulang #500,0,56.2,1,0,Kritis,Tidak,2,4
FND-0501,Bandung Branch,Legal & Kepatuhan,Deskripsi Temuan Audit Berulang #501,7,40.3,1,1,Sedang,Tidak,5,4
FND-0502,Finance Dept,Keamanan TI,Deskripsi Temuan Audit Berulang #502,0,79.4,0,1,Rendah,Tidak,1,5
FND-0503,Bandung Branch,Keamanan TI,Deskripsi Temuan Audit Berulang #503,1,60.5,0,1,Tinggi,Tidak,2,5
FND-0504,Jakarta Branch,Finansial,Deskripsi Temuan Audit Berulang #504,0,45.3,0,0,Sedang,Tidak,1,2
FND-0505,IT Dept,Reputasi,Deskripsi Temuan Audit Berulang #505,4,67.1,1,0,Rendah,Ya (Anomali),5,3
FND-0506,IT Dept,Operasional,Deskripsi Temuan Audit Berulang #506,1,98.7,1,1,Tinggi,Ya (Anomali),4,5
FND-0507,Operations Dept,Keamanan TI,Deskripsi Temuan Audit Berulang #507,0,54.4,0,0,Kritis,Tidak,1,3
FND-0508,Surabaya Branch,Keamanan TI,Deskripsi Temuan Audit Berulang #508,6,92.7,0,1,Tinggi,Tidak,5,5
FND-0509,Surabaya Branch,Legal & Kepatuhan,Deskripsi Temuan Audit Berulang #509,0,47.3,0,0,Kritis,Tidak,1,3
FND-0510,Jakarta Branch,Reputasi,Deskripsi Temuan Audit Berulang #510,2,24.3,1,1,Kritis,Tidak,4,2
FND-0511,Jakarta Branch,Keamanan TI,Deskripsi Temuan Audit Berulang #511,0,36.1,0,1,Kritis,Tidak,1,3
FND-0512,Bandung Branch,Reputasi,Deskripsi Temuan Audit Berulang #512,0,53.1,0,0,Rendah,Tidak,1,3
FND-0513,Jakarta Branch,Operasional,Deskripsi Temuan Audit Berulang #513,0,37.4,0,1,Tinggi,Tidak,1,3
FND-0514,Operations Dept,Legal & Kepatuhan,Deskripsi Temuan Audit Berulang #514,1,20.0,1,1,Kritis,Tidak,4,3
FND-0515,Bandung Branch,Finansial,Deskripsi Temuan Audit Berulang #515,1,92.3,1,1,Sedang,Ya (Anomali),3,5
FND-0516,Finance Dept,Operasional,Deskripsi Temuan Audit Berulang #516,0,86.7,1,1,Tinggi,Ya (Anomali),2,5
FND-0517,Surabaya Branch,Reputasi,Deskripsi Temuan Audit Berulang #517,0,78.6,0,1,Sedang,Tidak,1,5
FND-0518,Surabaya Branch,Reputasi,Deskripsi Temuan Audit Berulang #518,1,33.3,1,0,Rendah,Tidak,3,2
FND-0519,IT Dept,Operasional,Deskripsi Temuan Audit Berulang #519,1,29.5,0,1,Rendah,Tidak,3,4
FND-0520,IT Dept,Reputasi,Deskripsi Temuan Audit Berulang #520,2,25.3,0,1,Tinggi,Ya (Anomali),4,4
FND-0521,Operations Dept,Finansial,Deskripsi Temuan Audit Berulang #521,0,77.2,0,0,Rendah,Tidak,1,4
FND-0522,Surabaya Branch,Finansial,Deskripsi Temuan Audit Berulang #522,2,93.4,1,1,Rendah,Ya (Anomali),5,5
FND-0523,Operations Dept,Reputasi,Deskripsi Temuan Audit Berulang #523,8,54.0,0,1,Tinggi,Tidak,5,5
FND-0524,Finance Dept,Reputasi,Deskripsi Temuan Audit Berulang #524,1,29.4,1,0,Sedang,Tidak,4,3
FND-0525,Finance Dept,Finansial,Deskripsi Temuan Audit Berulang #525,0,60.5,1,0,Kritis,Tidak,2,3
FND-0526,Medan Branch,Reputasi,Deskripsi Temuan Audit Berulang #526,2,47.6,0,0,Tinggi,Tidak,3,3
FND-0527,Bandung Branch,Keamanan TI,Deskripsi Temuan Audit Berulang #527,0,49.6,0,0,Tinggi,Tidak,1,2
FND-0528,IT Dept,Legal & Kepatuhan,Deskripsi Temuan Audit Berulang #528,6,69.1,0,1,Kritis,Tidak,5,4
FND-0529,Bandung Branch,Keamanan TI,Deskripsi Temuan Audit Berulang #529,5,76.8,0,0,Sedang,Tidak,5,4
FND-0530,IT Dept,Reputasi,Deskripsi Temuan Audit Berulang #530,2,28.7,0,1,Kritis,Tidak,3,3
FND-0531,Medan Branch,Reputasi,Deskripsi Temuan Audit Berulang #531,0,22.8,0,0,Kritis,Tidak,1,1
FND-0532,Surabaya Branch,Legal & Kepatuhan,Deskripsi Temuan Audit Berulang #532,2,98.6,1,1,Sedang,Ya (Anomali),5,5
FND-0533,Operations Dept,Reputasi,Deskripsi Temuan Audit Berulang #533,4,38.4,1,0,Sedang,Tidak,5,2
FND-0534,Bandung Branch,Legal & Kepatuhan,Deskripsi Temuan Audit Berulang #534,4,24.3,0,0,Kritis,Tidak,5,2
FND-0535,IT Dept,Finansial,Deskripsi Temuan Audit Berulang #535,0,35.0,0,0,Kritis,Tidak,1,3
FND-0536,Bandung Branch,Legal & Kepatuhan,Deskripsi Temuan Audit Berulang #536,2,23.1,0,1,Tinggi,Tidak,3,2
FND-0537,Surabaya Branch,Legal & Kepatuhan,Deskripsi Temuan Audit Berulang #537,1,51.0,1,1,Sedang,Tidak,3,4
FND-0538,Operations Dept,Keamanan TI,Deskripsi Temuan Audit Berulang #538,2,83.4,1,0,Rendah,Ya (Anomali),4,5
FND-0539,Jakarta Branch,Reputasi,Deskripsi Temuan Audit Berulang #539,1,47.0,0,0,Sedang,Tidak,2,2
FND-0540,IT Dept,Finansial,Deskripsi Temuan Audit Berulang #540,0,55.1,0,1,Kritis,Tidak,1,5
FND-0541,Jakarta Branch,Operasional,Deskripsi Temuan Audit Berulang #541,0,73.4,1,0,Kritis,Tidak,3,4
FND-0542,Medan Branch,Legal & Kepatuhan,Deskripsi Temuan Audit Berulang #542,1,60.2,0,0,Kritis,Tidak,2,3
FND-0543,Operations Dept,Operasional,Deskripsi Temuan Audit Berulang #543,0,88.1,0,1,Kritis,Tidak,1,5
FND-0544,Finance Dept,Reputasi,Deskripsi Temuan Audit Berulang #544,2,88.4,0,0,Rendah,Tidak,4,5
FND-0545,Bandung Branch,Legal & Kepatuhan,Deskripsi Temuan Audit Berulang #545,2,20.8,0,1,Sedang,Ya (Anomali),3,2
FND-0546,IT Dept,Operasional,Deskripsi Temuan Audit Berulang #546,0,81.5,0,1,Rendah,Tidak,1,5
FND-0547,Bandung Branch,Keamanan TI,Deskripsi Temuan Audit Berulang #547,0,56.4,1,1,Rendah,Tidak,2,4
FND-0548,Medan Branch,Operasional,Deskripsi Temuan Audit Berulang #548,2,98.1,1,1,Kritis,Ya (Anomali),4,5
FND-0549,Medan Branch,Keamanan TI,Deskripsi Temuan Audit Berulang #549,2,58.2,0,0,Rendah,Tidak,4,3
FND-0550,Bandung Branch,Finansial,Deskripsi Temuan Audit Berulang #550,2,98.0,1,1,Kritis,Ya (Anomali),4,5
FND-0551,IT Dept,Reputasi,Deskripsi Temuan Audit Berulang #551,2,79.6,0,0,Kritis,Tidak,3,4
FND-0552,Operations Dept,Operasional,Deskripsi Temuan Audit Berulang #552,0,39.6,1,0,Kritis,Tidak,2,3
FND-0553,Surabaya Branch,Legal & Kepatuhan,Deskripsi Temuan Audit Berulang #553,0,62.5,0,0,Rendah,Tidak,1,3
FND-0554,Operations Dept,Reputasi,Deskripsi Temuan Audit Berulang #554,4,98.4,1,1,Kritis,Ya (Anomali),5,5
FND-0555,Surabaya Branch,Operasional,Deskripsi Temuan Audit Berulang #555,0,87.7,1,0,Rendah,Tidak,2,4
FND-0556,Finance Dept,Legal & Kepatuhan,Deskripsi Temuan Audit Berulang #556,0,27.7,0,1,Sedang,Tidak,1,3
FND-0557,Operations Dept,Legal & Kepatuhan,Deskripsi Temuan Audit Berulang #557,4,75.8,1,1,Kritis,Ya (Anomali),5,5
FND-0558,Bandung Branch,Legal & Kepatuhan,Deskripsi Temuan Audit Berulang #558,1,47.3,1,1,Tinggi,Tidak,3,3
FND-0559,Bandung Branch,Legal & Kepatuhan,Deskripsi Temuan Audit Berulang #559,1,20.6,1,1,Tinggi,Tidak,4,2
FND-0560,IT Dept,Operasional,Deskripsi Temuan Audit Berulang #560,1,51.9,0,0,Tinggi,Tidak,2,4
FND-0561,Bandung Branch,Finansial,Deskripsi Temuan Audit Berulang #561,0,38.5,1,1,Tinggi,Tidak,2,4
FND-0562,IT Dept,Keamanan TI,Deskripsi Temuan Audit Berulang #562,0,84.7,1,0,Tinggi,Tidak,2,4
FND-0563,Bandung Branch,Keamanan TI,Deskripsi Temuan Audit Berulang #563,2,46.6,0,1,Rendah,Ya (Anomali),3,3
FND-0564,Medan Branch,Keamanan TI,Deskripsi Temuan Audit Berulang #564,5,85.4,1,1,Sedang,Ya (Anomali),5,5
FND-0565,Jakarta Branch,Finansial,Deskripsi Temuan Audit Berulang #565,1,20.0,0,0,Rendah,Tidak,2,2
FND-0566,Bandung Branch,Legal & Kepatuhan,Deskripsi Temuan Audit Berulang #566,0,44.3,0,0,Kritis,Tidak,1,2
FND-0567,Jakarta Branch,Legal & Kepatuhan,Deskripsi Temuan Audit Berulang #567,1,39.1,0,1,Sedang,Tidak,3,4
FND-0568,Surabaya Branch,Reputasi,Deskripsi Temuan Audit Berulang #568,1,38.5,0,1,Sedang,Tidak,3,3
FND-0569,Finance Dept,Keamanan TI,Deskripsi Temuan Audit Berulang #569,0,25.4,0,1,Sedang,Tidak,1,3
FND-0570,Operations Dept,Keamanan TI,Deskripsi Temuan Audit Berulang #570,1,34.8,0,1,Sedang,Tidak,2,3
FND-0571,Operations Dept,Legal & Kepatuhan,Deskripsi Temuan Audit Berulang #571,0,63.9,1,0,Tinggi,Tidak,3,4
FND-0572,Surabaya Branch,Keamanan TI,Deskripsi Temuan Audit Berulang #572,0,43.0,0,0,Kritis,Tidak,1,3
FND-0573,Bandung Branch,Legal & Kepatuhan,Deskripsi Temuan Audit Berulang #573,3,53.0,0,1,Sedang,Tidak,5,4
FND-0574,Operations Dept,Legal & Kepatuhan,Deskripsi Temuan Audit Berulang #574,0,49.8,0,0,Sedang,Tidak,1,2
FND-0575,IT Dept,Legal & Kepatuhan,Deskripsi Temuan Audit Berulang #575,0,89.2,0,1,Tinggi,Tidak,1,5
FND-0576,Surabaya Branch,Operasional,Deskripsi Temuan Audit Berulang #576,0,91.5,1,1,Rendah,Ya (Anomali),2,5
FND-0577,Medan Branch,Operasional,Deskripsi Temuan Audit Berulang #577,0,58.9,1,1,Rendah,Tidak,3,5
FND-0578,Jakarta Branch,Operasional,Deskripsi Temuan Audit Berulang #578,0,46.1,1,0,Rendah,Tidak,2,3
FND-0579,IT Dept,Operasional,Deskripsi Temuan Audit Berulang #579,0,28.4,0,1,Kritis,Tidak,1,4
FND-0580,Operations Dept,Finansial,Deskripsi Temuan Audit Berulang #580,3,95.3,0,1,Rendah,Ya (Anomali),4,5
FND-0581,IT Dept,Reputasi,Deskripsi Temuan Audit Berulang #581,0,24.8,0,1,Sedang,Tidak,1,2
FND-0582,Bandung Branch,Reputasi,Deskripsi Temuan Audit Berulang #582,3,43.5,0,1,Tinggi,Tidak,4,4
FND-0583,Medan Branch,Legal & Kepatuhan,Deskripsi Temuan Audit Berulang #583,2,43.5,0,0,Tinggi,Ya (Anomali),3,3
FND-0584,Jakarta Branch,Keamanan TI,Deskripsi Temuan Audit Berulang #584,0,45.3,1,1,Rendah,Tidak,2,3
FND-0585,Medan Branch,Operasional,Deskripsi Temuan Audit Berulang #585,0,33.0,0,1,Tinggi,Tidak,1,4
FND-0586,Surabaya Branch,Reputasi,Deskripsi Temuan Audit Berulang #586,1,81.9,1,0,Sedang,Tidak,3,4
FND-0587,Bandung Branch,Reputasi,Deskripsi Temuan Audit Berulang #587,0,29.7,0,0,Rendah,Tidak,1,3
FND-0588,IT Dept,Operasional,Deskripsi Temuan Audit Berulang #588,1,70.2,0,0,Sedang,Tidak,2,3
FND-0589,IT Dept,Finansial,Deskripsi Temuan Audit Berulang #589,1,29.8,0,1,Kritis,Tidak,2,3
FND-0590,Surabaya Branch,Finansial,Deskripsi Temuan Audit Berulang #590,1,25.6,0,1,Sedang,Tidak,2,3
FND-0591,IT Dept,Reputasi,Deskripsi Temuan Audit Berulang #591,6,91.8,1,1,Sedang,Ya (Anomali),5,5
FND-0592,Finance Dept,Finansial,Deskripsi Temuan Audit Berulang #592,2,35.0,0,1,Sedang,Tidak,4,3
FND-0593,Bandung Branch,Operasional,Deskripsi Temuan Audit Berulang #593,1,84.9,0,0,Sedang,Tidak,2,4
FND-0594,Surabaya Branch,Reputasi,Deskripsi Temuan Audit Berulang #594,0,63.0,1,1,Kritis,Tidak,2,4
FND-0595,Bandung Branch,Operasional,Deskripsi Temuan Audit Berulang #595,1,26.2,0,1,Rendah,Tidak,2,3
FND-0596,Jakarta Branch,Finansial,Deskripsi Temuan Audit Berulang #596,6,95.5,0,1,Sedang,Ya (Anomali),5,5
FND-0597,Bandung Branch,Operasional,Deskripsi Temuan Audit Berulang #597,0,39.5,0,1,Rendah,Tidak,1,4
FND-0598,Bandung Branch,Finansial,Deskripsi Temuan Audit Berulang #598,3,87.9,0,0,Tinggi,Tidak,4,4
FND-0599,Jakarta Branch,Finansial,Deskripsi Temuan Audit Berulang #599,3,33.3,1,1,Sedang,Tidak,5,4
FND-0600,Surabaya Branch,Operasional,Deskripsi Temuan Audit Berulang #600,0,87.5,1,1,Sedang,Tidak,2,5
FND-0601,Bandung Branch,Finansial,Deskripsi Temuan Audit Berulang #601,5,21.0,1,1,Tinggi,Tidak,5,3
FND-0602,Medan Branch,Legal & Kepatuhan,Deskripsi Temuan Audit Berulang #602,0,60.4,0,1,Rendah,Tidak,1,4
FND-0603,Bandung Branch,Operasional,Deskripsi Temuan Audit Berulang #603,3,80.8,0,1,Kritis,Ya (Anomali),4,5
FND-0604,Surabaya Branch,Legal & Kepatuhan,Deskripsi Temuan Audit Berulang #604,5,93.8,1,0,Sedang,Ya (Anomali),5,4
FND-0605,IT Dept,Operasional,Deskripsi Temuan Audit Berulang #605,1,91.8,0,1,Tinggi,Tidak,2,5
FND-0606,Operations Dept,Finansial,Deskripsi Temuan Audit Berulang #606,7,84.8,0,0,Tinggi,Tidak,5,5
FND-0607,Jakarta Branch,Finansial,Deskripsi Temuan Audit Berulang #607,2,90.2,0,0,Sedang,Tidak,3,5
FND-0608,IT Dept,Reputasi,Deskripsi Temuan Audit Berulang #608,3,35.7,0,0,Rendah,Ya (Anomali),5,2
FND-0609,Surabaya Branch,Reputasi,Deskripsi Temuan Audit Berulang #609,2,42.5,0,0,Rendah,Tidak,4,2
FND-0610,Finance Dept,Legal & Kepatuhan,Deskripsi Temuan Audit Berulang #610,1,42.8,1,1,Sedang,Tidak,4,4
FND-0611,Operations Dept,Finansial,Deskripsi Temuan Audit Berulang #611,1,49.8,1,1,Tinggi,Tidak,4,4
FND-0612,IT Dept,Reputasi,Deskripsi Temuan Audit Berulang #612,0,51.1,0,1,Sedang,Tidak,1,4
FND-0613,Bandung Branch,Finansial,Deskripsi Temuan Audit Berulang #613,1,63.0,0,0,Kritis,Tidak,2,3
FND-0614,Operations Dept,Operasional,Deskripsi Temuan Audit Berulang #614,1,32.6,0,0,Kritis,Tidak,2,2
FND-0615,Bandung Branch,Reputasi,Deskripsi Temuan Audit Berulang #615,0,74.6,1,0,Rendah,Tidak,2,3
FND-0616,Jakarta Branch,Legal & Kepatuhan,Deskripsi Temuan Audit Berulang #616,0,33.2,0,1,Kritis,Tidak,1,3
FND-0617,Bandung Branch,Reputasi,Deskripsi Temuan Audit Berulang #617,3,44.5,1,0,Tinggi,Tidak,5,2
FND-0618,Operations Dept,Finansial,Deskripsi Temuan Audit Berulang #618,2,59.8,0,1,Kritis,Tidak,3,5
FND-0619,Medan Branch,Keamanan TI,Deskripsi Temuan Audit Berulang #619,2,82.9,0,1,Sedang,Ya (Anomali),4,5
FND-0620,Medan Branch,Keamanan TI,Deskripsi Temuan Audit Berulang #620,1,78.4,0,1,Tinggi,Tidak,3,5
FND-0621,IT Dept,Finansial,Deskripsi Temuan Audit Berulang #621,3,71.0,1,1,Rendah,Ya (Anomali),5,5
FND-0622,Surabaya Branch,Operasional,Deskripsi Temuan Audit Berulang #622,0,32.3,0,1,Rendah,Tidak,1,4
FND-0623,Jakarta Branch,Reputasi,Deskripsi Temuan Audit Berulang #623,0,63.2,0,1,Kritis,Tidak,1,4
FND-0624,Finance Dept,Keamanan TI,Deskripsi Temuan Audit Berulang #624,5,26.9,0,1,Rendah,Tidak,5,4
FND-0625,IT Dept,Operasional,Deskripsi Temuan Audit Berulang #625,3,49.8,1,0,Sedang,Ya (Anomali),5,2
FND-0626,Surabaya Branch,Finansial,Deskripsi Temuan Audit Berulang #626,2,52.7,1,0,Tinggi,Tidak,4,3
FND-0627,Jakarta Branch,Operasional,Deskripsi Temuan Audit Berulang #627,2,23.1,0,0,Sedang,Tidak,3,1
FND-0628,Operations Dept,Finansial,Deskripsi Temuan Audit Berulang #628,3,41.6,1,1,Sedang,Tidak,5,3
FND-0629,Jakarta Branch,Reputasi,Deskripsi Temuan Audit Berulang #629,2,95.5,0,0,Sedang,Ya (Anomali),3,5
FND-0630,Operations Dept,Operasional,Deskripsi Temuan Audit Berulang #630,5,95.3,0,0,Sedang,Tidak,5,5
FND-0631,IT Dept,Reputasi,Deskripsi Temuan Audit Berulang #631,1,47.8,0,1,Tinggi,Tidak,2,3
FND-0632,Surabaya Branch,Operasional,Deskripsi Temuan Audit Berulang #632,0,23.4,0,1,Tinggi,Tidak,1,2
FND-0633,Surabaya Branch,Finansial,Deskripsi Temuan Audit Berulang #633,0,34.1,1,1,Sedang,Tidak,2,3
FND-0634,Bandung Branch,Finansial,Deskripsi Temuan Audit Berulang #634,1,51.0,1,1,Sedang,Tidak,3,4
FND-0635,Finance Dept,Operasional,Deskripsi Temuan Audit Berulang #635,0,94.9,0,0,Rendah,Tidak,1,5
FND-0636,Medan Branch,Finansial,Deskripsi Temuan Audit Berulang #636,5,31.2,0,0,Rendah,Tidak,5,2
FND-0637,Bandung Branch,Legal & Kepatuhan,Deskripsi Temuan Audit Berulang #637,1,80.3,1,1,Tinggi,Ya (Anomali),4,5
FND-0638,Jakarta Branch,Legal & Kepatuhan,Deskripsi Temuan Audit Berulang #638,3,28.6,1,0,Rendah,Tidak,5,2
FND-0639,Finance Dept,Reputasi,Deskripsi Temuan Audit Berulang #639,1,97.5,0,0,Tinggi,Tidak,2,4
FND-0640,Finance Dept,Legal & Kepatuhan,Deskripsi Temuan Audit Berulang #640,1,50.1,1,0,Tinggi,Tidak,3,3
FND-0641,Surabaya Branch,Legal & Kepatuhan,Deskripsi Temuan Audit Berulang #641,4,81.2,0,1,Kritis,Ya (Anomali),5,5
FND-0642,Finance Dept,Keamanan TI,Deskripsi Temuan Audit Berulang #642,2,47.1,0,0,Tinggi,Ya (Anomali),3,2
FND-0643,IT Dept,Keamanan TI,Deskripsi Temuan Audit Berulang #643,1,69.6,1,1,Rendah,Tidak,3,5
FND-0644,Finance Dept,Keamanan TI,Deskripsi Temuan Audit Berulang #644,1,35.2,0,1,Kritis,Tidak,2,4
FND-0645,Jakarta Branch,Keamanan TI,Deskripsi Temuan Audit Berulang #645,0,31.5,0,1,Rendah,Tidak,1,3
FND-0646,IT Dept,Finansial,Deskripsi Temuan Audit Berulang #646,1,94.1,0,1,Tinggi,Tidak,2,5
FND-0647,IT Dept,Reputasi,Deskripsi Temuan Audit Berulang #647,4,92.5,1,0,Tinggi,Ya (Anomali),5,4
FND-0648,Bandung Branch,Reputasi,Deskripsi Temuan Audit Berulang #648,0,90.1,1,1,Sedang,Ya (Anomali),2,5
FND-0649,Finance Dept,Legal & Kepatuhan,Deskripsi Temuan Audit Berulang #649,0,69.4,0,1,Tinggi,Tidak,1,4
FND-0650,Surabaya Branch,Reputasi,Deskripsi Temuan Audit Berulang #650,0,83.9,0,1,Kritis,Tidak,1,5
FND-0651,Operations Dept,Legal & Kepatuhan,Deskripsi Temuan Audit Berulang #651,5,25.5,0,0,Tinggi,Tidak,5,3
FND-0652,Bandung Branch,Reputasi,Deskripsi Temuan Audit Berulang #652,0,46.4,0,1,Sedang,Tidak,1,4
FND-0653,Surabaya Branch,Operasional,Deskripsi Temuan Audit Berulang #653,0,44.8,0,0,Tinggi,Tidak,1,3
FND-0654,Finance Dept,Operasional,Deskripsi Temuan Audit Berulang #654,0,70.2,1,1,Tinggi,Tidak,2,4
FND-0655,Bandung Branch,Reputasi,Deskripsi Temuan Audit Berulang #655,1,48.1,0,1,Tinggi,Tidak,2,4
FND-0656,Finance Dept,Finansial,Deskripsi Temuan Audit Berulang #656,0,31.7,0,1,Sedang,Tidak,1,3
FND-0657,Jakarta Branch,Legal & Kepatuhan,Deskripsi Temuan Audit Berulang #657,3,67.1,0,1,Rendah,Tidak,4,4
FND-0658,Bandung Branch,Reputasi,Deskripsi Temuan Audit Berulang #658,0,84.3,0,1,Tinggi,Tidak,1,5
FND-0659,Surabaya Branch,Legal & Kepatuhan,Deskripsi Temuan Audit Berulang #659,4,50.2,1,1,Kritis,Tidak,5,4
FND-0660,Jakarta Branch,Keamanan TI,Deskripsi Temuan Audit Berulang #660,0,30.4,0,0,Sedang,Tidak,1,2
FND-0661,Medan Branch,Reputasi,Deskripsi Temuan Audit Berulang #661,2,35.5,0,0,Kritis,Tidak,3,3
FND-0662,Surabaya Branch,Finansial,Deskripsi Temuan Audit Berulang #662,3,38.8,0,1,Tinggi,Tidak,4,4
FND-0663,Operations Dept,Keamanan TI,Deskripsi Temuan Audit Berulang #663,0,43.7,0,1,Sedang,Tidak,1,4
FND-0664,Finance Dept,Reputasi,Deskripsi Temuan Audit Berulang #664,0,70.8,0,0,Tinggi,Tidak,1,3
FND-0665,Surabaya Branch,Operasional,Deskripsi Temuan Audit Berulang #665,1,67.5,0,1,Kritis,Tidak,3,4
FND-0666,Medan Branch,Reputasi,Deskripsi Temuan Audit Berulang #666,0,75.0,0,1,Sedang,Tidak,1,5
FND-0667,Surabaya Branch,Operasional,Deskripsi Temuan Audit Berulang #667,0,48.6,0,0,Rendah,Tidak,1,2
FND-0668,Jakarta Branch,Operasional,Deskripsi Temuan Audit Berulang #668,1,85.1,0,0,Rendah,Tidak,2,4
FND-0669,IT Dept,Reputasi,Deskripsi Temuan Audit Berulang #669,0,36.1,0,1,Rendah,Tidak,1,3
FND-0670,Surabaya Branch,Reputasi,Deskripsi Temuan Audit Berulang #670,4,57.1,1,1,Tinggi,Tidak,5,4
FND-0671,Bandung Branch,Operasional,Deskripsi Temuan Audit Berulang #671,4,83.3,0,1,Sedang,Ya (Anomali),5,5
FND-0672,Operations Dept,Legal & Kepatuhan,Deskripsi Temuan Audit Berulang #672,2,34.2,0,0,Kritis,Tidak,3,2
FND-0673,Medan Branch,Keamanan TI,Deskripsi Temuan Audit Berulang #673,0,28.7,0,1,Kritis,Tidak,1,3
FND-0674,Surabaya Branch,Finansial,Deskripsi Temuan Audit Berulang #674,0,89.8,0,1,Tinggi,Tidak,1,5
FND-0675,Medan Branch,Reputasi,Deskripsi Temuan Audit Berulang #675,0,47.1,1,1,Tinggi,Tidak,2,3
FND-0676,IT Dept,Keamanan TI,Deskripsi Temuan Audit Berulang #676,0,74.0,0,1,Kritis,Tidak,1,4
FND-0677,Jakarta Branch,Keamanan TI,Deskripsi Temuan Audit Berulang #677,1,22.0,1,0,Sedang,Tidak,4,2
FND-0678,Bandung Branch,Legal & Kepatuhan,Deskripsi Temuan Audit Berulang #678,3,74.5,0,0,Tinggi,Tidak,5,3
FND-0679,Finance Dept,Keamanan TI,Deskripsi Temuan Audit Berulang #679,1,45.0,0,0,Sedang,Tidak,2,2
FND-0680,Surabaya Branch,Reputasi,Deskripsi Temuan Audit Berulang #680,4,24.4,1,1,Kritis,Tidak,5,3
FND-0681,Jakarta Branch,Keamanan TI,Deskripsi Temuan Audit Berulang #681,1,68.2,0,1,Sedang,Tidak,2,4
FND-0682,Medan Branch,Reputasi,Deskripsi Temuan Audit Berulang #682,2,39.0,0,1,Rendah,Tidak,3,3
FND-0683,IT Dept,Reputasi,Deskripsi Temuan Audit Berulang #683,0,50.6,0,1,Kritis,Tidak,1,4
FND-0684,Operations Dept,Operasional,Deskripsi Temuan Audit Berulang #684,2,26.4,1,0,Rendah,Tidak,4,3
FND-0685,Medan Branch,Legal & Kepatuhan,Deskripsi Temuan Audit Berulang #685,2,31.6,0,1,Kritis,Tidak,3,4
FND-0686,Operations Dept,Finansial,Deskripsi Temuan Audit Berulang #686,0,43.5,1,1,Rendah,Tidak,3,4
FND-0687,IT Dept,Operasional,Deskripsi Temuan Audit Berulang #687,2,27.1,0,1,Sedang,Ya (Anomali),3,4
FND-0688,Operations Dept,Finansial,Deskripsi Temuan Audit Berulang #688,4,92.0,1,0,Kritis,Ya (Anomali),5,4
FND-0689,IT Dept,Reputasi,Deskripsi Temuan Audit Berulang #689,2,20.5,0,1,Kritis,Ya (Anomali),4,2
FND-0690,Jakarta Branch,Operasional,Deskripsi Temuan Audit Berulang #690,0,58.2,1,1,Rendah,Tidak,3,4
FND-0691,Surabaya Branch,Keamanan TI,Deskripsi Temuan Audit Berulang #691,0,29.7,0,1,Sedang,Tidak,1,3
FND-0692,Finance Dept,Keamanan TI,Deskripsi Temuan Audit Berulang #692,2,44.3,1,0,Kritis,Tidak,5,3
FND-0693,Surabaya Branch,Finansial,Deskripsi Temuan Audit Berulang #693,1,93.2,0,1,Tinggi,Ya (Anomali),3,5
FND-0694,Bandung Branch,Reputasi,Deskripsi Temuan Audit Berulang #694,6,32.8,0,0,Rendah,Tidak,5,2
FND-0695,Surabaya Branch,Finansial,Deskripsi Temuan Audit Berulang #695,1,96.3,0,0,Kritis,Tidak,2,5
FND-0696,IT Dept,Legal & Kepatuhan,Deskripsi Temuan Audit Berulang #696,3,36.3,0,1,Sedang,Tidak,4,3
FND-0697,IT Dept,Keamanan TI,Deskripsi Temuan Audit Berulang #697,0,78.6,0,0,Sedang,Tidak,1,4
FND-0698,Bandung Branch,Operasional,Deskripsi Temuan Audit Berulang #698,0,63.2,1,1,Sedang,Tidak,2,4
FND-0699,Medan Branch,Operasional,Deskripsi Temuan Audit Berulang #699,0,89.9,1,0,Sedang,Tidak,2,4
FND-0700,IT Dept,Operasional,Deskripsi Temuan Audit Berulang #700,5,63.8,0,1,Rendah,Ya (Anomali),5,4
FND-0701,Bandung Branch,Keamanan TI,Deskripsi Temuan Audit Berulang #701,2,62.2,1,1,Kritis,Tidak,4,4
FND-0702,IT Dept,Reputasi,Deskripsi Temuan Audit Berulang #702,2,35.4,0,1,Rendah,Tidak,3,3
FND-0703,Finance Dept,Keamanan TI,Deskripsi Temuan Audit Berulang #703,0,33.1,0,1,Rendah,Tidak,1,4
FND-0704,IT Dept,Keamanan TI,Deskripsi Temuan Audit Berulang #704,1,92.4,1,0,Sedang,Tidak,3,5
FND-0705,Jakarta Branch,Operasional,Deskripsi Temuan Audit Berulang #705,6,45.9,1,1,Tinggi,Tidak,5,3
FND-0706,Bandung Branch,Keamanan TI,Deskripsi Temuan Audit Berulang #706,3,49.4,1,0,Sedang,Ya (Anomali),5,2
FND-0707,Operations Dept,Operasional,Deskripsi Temuan Audit Berulang #707,3,80.0,0,1,Tinggi,Ya (Anomali),5,5
FND-0708,Surabaya Branch,Reputasi,Deskripsi Temuan Audit Berulang #708,0,46.8,1,0,Rendah,Tidak,3,3
FND-0709,Bandung Branch,Legal & Kepatuhan,Deskripsi Temuan Audit Berulang #709,1,95.2,0,1,Sedang,Tidak,2,5
FND-0710,Medan Branch,Operasional,Deskripsi Temuan Audit Berulang #710,1,78.3,0,1,Sedang,Tidak,2,5
FND-0711,IT Dept,Finansial,Deskripsi Temuan Audit Berulang #711,6,67.2,0,1,Rendah,Ya (Anomali),5,5
FND-0712,Bandung Branch,Legal & Kepatuhan,Deskripsi Temuan Audit Berulang #712,1,89.6,1,0,Sedang,Tidak,4,4
FND-0713,Finance Dept,Reputasi,Deskripsi Temuan Audit Berulang #713,1,23.9,1,1,Kritis,Tidak,4,2
FND-0714,Bandung Branch,Legal & Kepatuhan,Deskripsi Temuan Audit Berulang #714,4,40.3,1,1,Tinggi,Tidak,5,3
FND-0715,Finance Dept,Operasional,Deskripsi Temuan Audit Berulang #715,2,56.7,0,1,Tinggi,Tidak,3,4
FND-0716,IT Dept,Reputasi,Deskripsi Temuan Audit Berulang #716,0,37.9,0,0,Tinggi,Tidak,1,2
FND-0717,Surabaya Branch,Finansial,Deskripsi Temuan Audit Berulang #717,1,78.8,0,1,Sedang,Tidak,3,5
FND-0718,IT Dept,Operasional,Deskripsi Temuan Audit Berulang #718,1,92.6,0,1,Kritis,Tidak,2,5
FND-0719,Medan Branch,Operasional,Deskripsi Temuan Audit Berulang #719,9,53.5,0,1,Sedang,Tidak,5,4
FND-0720,Jakarta Branch,Reputasi,Deskripsi Temuan Audit Berulang #720,3,47.0,1,0,Tinggi,Tidak,5,2
FND-0721,Surabaya Branch,Reputasi,Deskripsi Temuan Audit Berulang #721,0,96.0,0,0,Sedang,Tidak,1,4
FND-0722,Surabaya Branch,Legal & Kepatuhan,Deskripsi Temuan Audit Berulang #722,0,55.1,0,1,Tinggi,Tidak,1,5
FND-0723,Jakarta Branch,Finansial,Deskripsi Temuan Audit Berulang #723,0,58.6,0,1,Rendah,Tidak,1,4
FND-0724,Bandung Branch,Legal & Kepatuhan,Deskripsi Temuan Audit Berulang #724,0,47.8,0,1,Tinggi,Tidak,1,3
FND-0725,IT Dept,Legal & Kepatuhan,Deskripsi Temuan Audit Berulang #725,3,91.9,0,1,Rendah,Ya (Anomali),5,5
FND-0726,Bandung Branch,Operasional,Deskripsi Temuan Audit Berulang #726,0,64.9,1,1,Rendah,Tidak,2,5
FND-0727,Bandung Branch,Reputasi,Deskripsi Temuan Audit Berulang #727,1,80.2,0,0,Rendah,Tidak,2,4
FND-0728,IT Dept,Operasional,Deskripsi Temuan Audit Berulang #728,0,84.1,1,1,Tinggi,Ya (Anomali),2,5
FND-0729,Medan Branch,Finansial,Deskripsi Temuan Audit Berulang #729,0,47.0,0,0,Kritis,Tidak,1,2
FND-0730,Surabaya Branch,Legal & Kepatuhan,Deskripsi Temuan Audit Berulang #730,2,54.3,0,1,Tinggi,Tidak,4,5
FND-0731,Finance Dept,Finansial,Deskripsi Temuan Audit Berulang #731,3,87.0,0,0,Sedang,Tidak,5,4
FND-0732,Jakarta Branch,Reputasi,Deskripsi Temuan Audit Berulang #732,7,48.7,1,1,Sedang,Ya (Anomali),5,4
FND-0733,Surabaya Branch,Reputasi,Deskripsi Temuan Audit Berulang #733,0,82.7,1,1,Kritis,Ya (Anomali),3,5
FND-0734,Bandung Branch,Keamanan TI,Deskripsi Temuan Audit Berulang #734,1,94.3,0,1,Kritis,Tidak,2,5
FND-0735,Jakarta Branch,Finansial,Deskripsi Temuan Audit Berulang #735,3,69.2,0,1,Kritis,Ya (Anomali),4,4
FND-0736,Finance Dept,Operasional,Deskripsi Temuan Audit Berulang #736,2,78.6,0,1,Rendah,Ya (Anomali),3,5
FND-0737,Surabaya Branch,Finansial,Deskripsi Temuan Audit Berulang #737,0,83.6,0,0,Kritis,Tidak,1,4
FND-0738,Surabaya Branch,Legal & Kepatuhan,Deskripsi Temuan Audit Berulang #738,0,86.8,1,0,Kritis,Tidak,3,4
FND-0739,Medan Branch,Reputasi,Deskripsi Temuan Audit Berulang #739,0,51.2,0,1,Kritis,Tidak,1,5
FND-0740,Surabaya Branch,Reputasi,Deskripsi Temuan Audit Berulang #740,0,24.0,0,1,Tinggi,Tidak,1,2
FND-0741,Surabaya Branch,Finansial,Deskripsi Temuan Audit Berulang #741,1,51.7,0,1,Sedang,Tidak,2,4
FND-0742,Finance Dept,Finansial,Deskripsi Temuan Audit Berulang #742,0,73.2,0,1,Sedang,Tidak,1,4
FND-0743,Finance Dept,Finansial,Deskripsi Temuan Audit Berulang #743,1,55.6,0,1,Kritis,Tidak,2,4
FND-0744,Jakarta Branch,Legal & Kepatuhan,Deskripsi Temuan Audit Berulang #744,0,79.2,0,0,Sedang,Tidak,1,4
FND-0745,Bandung Branch,Legal & Kepatuhan,Deskripsi Temuan Audit Berulang #745,1,48.2,1,0,Tinggi,Tidak,3,3
FND-0746,Finance Dept,Operasional,Deskripsi Temuan Audit Berulang #746,5,70.1,1,0,Sedang,Tidak,5,4
FND-0747,Jakarta Branch,Finansial,Deskripsi Temuan Audit Berulang #747,2,34.7,0,1,Rendah,Tidak,3,3
FND-0748,Surabaya Branch,Operasional,Deskripsi Temuan Audit Berulang #748,0,79.2,1,0,Tinggi,Tidak,3,4
FND-0749,Jakarta Branch,Keamanan TI,Deskripsi Temuan Audit Berulang #749,0,63.1,0,0,Sedang,Tidak,1,4
FND-0750,Jakarta Branch,Legal & Kepatuhan,Deskripsi Temuan Audit Berulang #750,4,36.1,0,1,Sedang,Tidak,5,3
FND-0751,Jakarta Branch,Reputasi,Deskripsi Temuan Audit Berulang #751,0,43.1,0,1,Tinggi,Tidak,1,3
FND-0752,IT Dept,Keamanan TI,Deskripsi Temuan Audit Berulang #752,0,79.1,0,0,Sedang,Tidak,1,4
FND-0753,Jakarta Branch,Reputasi,Deskripsi Temuan Audit Berulang #753,1,58.1,0,1,Sedang,Tidak,2,4
FND-0754,Finance Dept,Keamanan TI,Deskripsi Temuan Audit Berulang #754,1,37.1,0,1,Kritis,Tidak,2,3
FND-0755,Operations Dept,Operasional,Deskripsi Temuan Audit Berulang #755,0,96.4,0,1,Rendah,Tidak,1,5
FND-0756,Operations Dept,Operasional,Deskripsi Temuan Audit Berulang #756,0,76.5,1,1,Tinggi,Tidak,2,5
FND-0757,Operations Dept,Legal & Kepatuhan,Deskripsi Temuan Audit Berulang #757,2,95.6,0,1,Kritis,Ya (Anomali),3,5
FND-0758,Operations Dept,Reputasi,Deskripsi Temuan Audit Berulang #758,2,53.7,0,0,Sedang,Ya (Anomali),3,3
FND-0759,IT Dept,Keamanan TI,Deskripsi Temuan Audit Berulang #759,1,57.5,0,0,Tinggi,Tidak,2,4
FND-0760,Bandung Branch,Finansial,Deskripsi Temuan Audit Berulang #760,0,90.9,0,0,Tinggi,Tidak,1,5
FND-0761,Jakarta Branch,Finansial,Deskripsi Temuan Audit Berulang #761,2,61.5,0,1,Rendah,Tidak,3,4
FND-0762,Medan Branch,Legal & Kepatuhan,Deskripsi Temuan Audit Berulang #762,2,75.9,1,0,Rendah,Ya (Anomali),4,4
FND-0763,Operations Dept,Reputasi,Deskripsi Temuan Audit Berulang #763,0,39.9,0,1,Tinggi,Tidak,1,4
FND-0764,Surabaya Branch,Finansial,Deskripsi Temuan Audit Berulang #764,0,55.3,0,1,Rendah,Tidak,1,4
FND-0765,Operations Dept,Legal & Kepatuhan,Deskripsi Temuan Audit Berulang #765,1,29.8,0,1,Rendah,Tidak,2,4
FND-0766,Operations Dept,Legal & Kepatuhan,Deskripsi Temuan Audit Berulang #766,0,36.3,0,1,Sedang,Tidak,1,3
FND-0767,Surabaya Branch,Reputasi,Deskripsi Temuan Audit Berulang #767,0,20.1,0,1,Rendah,Tidak,1,3
FND-0768,IT Dept,Finansial,Deskripsi Temuan Audit Berulang #768,1,23.1,0,1,Rendah,Tidak,2,2
FND-0769,Surabaya Branch,Finansial,Deskripsi Temuan Audit Berulang #769,1,97.2,0,1,Kritis,Tidak,3,5
FND-0770,Surabaya Branch,Finansial,Deskripsi Temuan Audit Berulang #770,2,39.1,0,1,Sedang,Tidak,3,4
FND-0771,IT Dept,Operasional,Deskripsi Temuan Audit Berulang #771,2,72.4,0,0,Sedang,Tidak,3,3
FND-0772,Surabaya Branch,Finansial,Deskripsi Temuan Audit Berulang #772,1,86.3,1,1,Tinggi,Ya (Anomali),3,5
FND-0773,Jakarta Branch,Keamanan TI,Deskripsi Temuan Audit Berulang #773,1,63.5,0,0,Rendah,Tidak,2,3
FND-0774,Operations Dept,Operasional,Deskripsi Temuan Audit Berulang #774,0,32.1,1,1,Kritis,Tidak,3,4
FND-0775,Bandung Branch,Operasional,Deskripsi Temuan Audit Berulang #775,1,77.5,1,1,Kritis,Tidak,4,5
FND-0776,IT Dept,Operasional,Deskripsi Temuan Audit Berulang #776,0,67.4,0,0,Sedang,Tidak,1,3
FND-0777,Medan Branch,Operasional,Deskripsi Temuan Audit Berulang #777,0,77.8,0,1,Rendah,Tidak,1,5
FND-0778,IT Dept,Legal & Kepatuhan,Deskripsi Temuan Audit Berulang #778,2,80.8,0,1,Kritis,Ya (Anomali),4,5
FND-0779,Finance Dept,Keamanan TI,Deskripsi Temuan Audit Berulang #779,5,97.1,1,0,Tinggi,Ya (Anomali),5,4
FND-0780,Medan Branch,Reputasi,Deskripsi Temuan Audit Berulang #780,0,65.3,0,1,Rendah,Tidak,1,4
FND-0781,Finance Dept,Finansial,Deskripsi Temuan Audit Berulang #781,1,47.0,1,0,Rendah,Tidak,4,2
FND-0782,IT Dept,Operasional,Deskripsi Temuan Audit Berulang #782,1,71.2,1,1,Rendah,Tidak,3,4
FND-0783,Finance Dept,Reputasi,Deskripsi Temuan Audit Berulang #783,3,25.4,1,1,Kritis,Tidak,5,3
FND-0784,Medan Branch,Legal & Kepatuhan,Deskripsi Temuan Audit Berulang #784,0,90.9,0,1,Sedang,Tidak,1,5
FND-0785,Jakarta Branch,Reputasi,Deskripsi Temuan Audit Berulang #785,0,29.4,0,1,Sedang,Tidak,1,3
FND-0786,IT Dept,Operasional,Deskripsi Temuan Audit Berulang #786,2,45.9,1,0,Tinggi,Ya (Anomali),4,2
FND-0787,IT Dept,Keamanan TI,Deskripsi Temuan Audit Berulang #787,3,84.4,0,0,Kritis,Ya (Anomali),4,5
FND-0788,Surabaya Branch,Reputasi,Deskripsi Temuan Audit Berulang #788,1,67.2,0,1,Rendah,Tidak,2,4
FND-0789,IT Dept,Operasional,Deskripsi Temuan Audit Berulang #789,2,51.1,1,1,Tinggi,Tidak,4,5
FND-0790,Operations Dept,Operasional,Deskripsi Temuan Audit Berulang #790,0,57.4,0,0,Tinggi,Tidak,1,3
FND-0791,Operations Dept,Finansial,Deskripsi Temuan Audit Berulang #791,1,87.5,1,1,Sedang,Ya (Anomali),3,5
FND-0792,IT Dept,Finansial,Deskripsi Temuan Audit Berulang #792,4,46.9,1,1,Rendah,Ya (Anomali),5,3
FND-0793,Jakarta Branch,Keamanan TI,Deskripsi Temuan Audit Berulang #793,1,88.7,0,1,Rendah,Tidak,3,5
FND-0794,Surabaya Branch,Finansial,Deskripsi Temuan Audit Berulang #794,1,27.0,1,1,Kritis,Tidak,3,4
FND-0795,Bandung Branch,Keamanan TI,Deskripsi Temuan Audit Berulang #795,0,81.4,0,0,Kritis,Tidak,1,5
FND-0796,Finance Dept,Legal & Kepatuhan,Deskripsi Temuan Audit Berulang #796,0,87.0,0,0,Kritis,Tidak,1,5
FND-0797,Medan Branch,Legal & Kepatuhan,Deskripsi Temuan Audit Berulang #797,5,34.4,0,1,Tinggi,Tidak,5,3
FND-0798,Bandung Branch,Finansial,Deskripsi Temuan Audit Berulang #798,7,54.0,0,1,Rendah,Tidak,5,4
FND-0799,Surabaya Branch,Legal & Kepatuhan,Deskripsi Temuan Audit Berulang #799,1,33.1,0,1,Sedang,Tidak,2,3
FND-0800,Operations Dept,Reputasi,Deskripsi Temuan Audit Berulang #800,6,75.8,0,1,Tinggi,Ya (Anomali),5,5
FND-0801,Operations Dept,Reputasi,Deskripsi Temuan Audit Berulang #801,1,62.3,0,1,Tinggi,Tidak,2,4
FND-0802,Operations Dept,Reputasi,Deskripsi Temuan Audit Berulang #802,1,70.2,0,0,Sedang,Tidak,2,3
FND-0803,Jakarta Branch,Legal & Kepatuhan,Deskripsi Temuan Audit Berulang #803,2,35.5,1,1,Sedang,Ya (Anomali),5,3
FND-0804,Operations Dept,Reputasi,Deskripsi Temuan Audit Berulang #804,0,36.7,1,1,Kritis,Tidak,3,3
FND-0805,Medan Branch,Keamanan TI,Deskripsi Temuan Audit Berulang #805,3,23.3,0,1,Sedang,Ya (Anomali),4,3
FND-0806,Finance Dept,Operasional,Deskripsi Temuan Audit Berulang #806,2,45.4,0,1,Sedang,Tidak,4,3
FND-0807,IT Dept,Finansial,Deskripsi Temuan Audit Berulang #807,0,64.2,0,1,Sedang,Tidak,1,4
FND-0808,IT Dept,Keamanan TI,Deskripsi Temuan Audit Berulang #808,0,87.8,0,0,Sedang,Tidak,1,4
FND-0809,Bandung Branch,Reputasi,Deskripsi Temuan Audit Berulang #809,0,72.7,1,1,Kritis,Tidak,2,5
FND-0810,Finance Dept,Operasional,Deskripsi Temuan Audit Berulang #810,3,54.4,1,0,Tinggi,Tidak,5,3
FND-0811,Surabaya Branch,Finansial,Deskripsi Temuan Audit Berulang #811,3,95.3,0,1,Rendah,Ya (Anomali),5,5
FND-0812,Finance Dept,Keamanan TI,Deskripsi Temuan Audit Berulang #812,1,76.8,0,1,Rendah,Tidak,2,5
FND-0813,Jakarta Branch,Finansial,Deskripsi Temuan Audit Berulang #813,1,93.5,0,1,Tinggi,Tidak,2,5
FND-0814,Bandung Branch,Legal & Kepatuhan,Deskripsi Temuan Audit Berulang #814,0,61.7,0,1,Rendah,Tidak,1,5
FND-0815,Bandung Branch,Reputasi,Deskripsi Temuan Audit Berulang #815,2,40.5,0,1,Rendah,Tidak,3,3
FND-0816,Jakarta Branch,Keamanan TI,Deskripsi Temuan Audit Berulang #816,0,24.2,1,1,Tinggi,Tidak,2,2
FND-0817,Finance Dept,Keamanan TI,Deskripsi Temuan Audit Berulang #817,1,77.4,1,0,Rendah,Tidak,3,4
FND-0818,Operations Dept,Operasional,Deskripsi Temuan Audit Berulang #818,6,29.6,0,0,Rendah,Ya (Anomali),5,2
FND-0819,Jakarta Branch,Operasional,Deskripsi Temuan Audit Berulang #819,6,43.9,0,1,Tinggi,Ya (Anomali),5,4
FND-0820,Operations Dept,Operasional,Deskripsi Temuan Audit Berulang #820,0,62.1,1,1,Rendah,Tidak,2,4
FND-0821,Medan Branch,Finansial,Deskripsi Temuan Audit Berulang #821,1,64.6,0,1,Sedang,Tidak,2,4
FND-0822,Jakarta Branch,Reputasi,Deskripsi Temuan Audit Berulang #822,0,67.4,0,1,Tinggi,Tidak,1,4
FND-0823,Operations Dept,Finansial,Deskripsi Temuan Audit Berulang #823,8,33.1,0,1,Kritis,Ya (Anomali),5,3
FND-0824,Finance Dept,Reputasi,Deskripsi Temuan Audit Berulang #824,3,50.0,1,0,Rendah,Tidak,5,3
FND-0825,Operations Dept,Keamanan TI,Deskripsi Temuan Audit Berulang #825,0,68.8,0,1,Kritis,Tidak,1,4
FND-0826,Jakarta Branch,Finansial,Deskripsi Temuan Audit Berulang #826,0,96.6,1,1,Rendah,Ya (Anomali),3,5
FND-0827,Surabaya Branch,Finansial,Deskripsi Temuan Audit Berulang #827,0,77.5,1,1,Sedang,Tidak,3,5
FND-0828,IT Dept,Finansial,Deskripsi Temuan Audit Berulang #828,4,92.9,1,1,Tinggi,Ya (Anomali),5,5
FND-0829,Jakarta Branch,Legal & Kepatuhan,Deskripsi Temuan Audit Berulang #829,3,80.2,1,0,Kritis,Ya (Anomali),5,4
FND-0830,IT Dept,Reputasi,Deskripsi Temuan Audit Berulang #830,2,66.7,0,1,Tinggi,Tidak,3,5
FND-0831,Jakarta Branch,Reputasi,Deskripsi Temuan Audit Berulang #831,1,35.2,0,1,Kritis,Tidak,3,3
FND-0832,Finance Dept,Finansial,Deskripsi Temuan Audit Berulang #832,4,72.7,1,0,Rendah,Ya (Anomali),5,3
FND-0833,Medan Branch,Legal & Kepatuhan,Deskripsi Temuan Audit Berulang #833,1,69.2,1,1,Sedang,Tidak,3,4
FND-0834,Medan Branch,Finansial,Deskripsi Temuan Audit Berulang #834,1,67.6,0,0,Kritis,Tidak,2,3
FND-0835,IT Dept,Reputasi,Deskripsi Temuan Audit Berulang #835,2,58.7,0,1,Kritis,Tidak,4,5
FND-0836,Finance Dept,Keamanan TI,Deskripsi Temuan Audit Berulang #836,0,61.8,1,1,Sedang,Tidak,2,4
FND-0837,Operations Dept,Legal & Kepatuhan,Deskripsi Temuan Audit Berulang #837,1,46.4,1,0,Sedang,Tidak,3,2
FND-0838,Finance Dept,Legal & Kepatuhan,Deskripsi Temuan Audit Berulang #838,0,61.0,0,1,Sedang,Tidak,1,5
FND-0839,Finance Dept,Finansial,Deskripsi Temuan Audit Berulang #839,2,35.6,0,1,Sedang,Tidak,4,4
FND-0840,Surabaya Branch,Keamanan TI,Deskripsi Temuan Audit Berulang #840,4,83.6,0,1,Sedang,Ya (Anomali),5,5
FND-0841,Bandung Branch,Reputasi,Deskripsi Temuan Audit Berulang #841,2,34.7,0,1,Tinggi,Ya (Anomali),3,4
FND-0842,Jakarta Branch,Operasional,Deskripsi Temuan Audit Berulang #842,0,26.7,0,0,Rendah,Tidak,1,2
FND-0843,Finance Dept,Reputasi,Deskripsi Temuan Audit Berulang #843,10,54.5,0,0,Rendah,Tidak,5,4
FND-0844,Finance Dept,Reputasi,Deskripsi Temuan Audit Berulang #844,0,72.0,0,0,Kritis,Tidak,1,3
FND-0845,Finance Dept,Keamanan TI,Deskripsi Temuan Audit Berulang #845,0,54.6,0,0,Sedang,Tidak,1,3
FND-0846,Medan Branch,Legal & Kepatuhan,Deskripsi Temuan Audit Berulang #846,6,41.9,1,1,Tinggi,Tidak,5,4
FND-0847,Finance Dept,Reputasi,Deskripsi Temuan Audit Berulang #847,2,64.1,1,1,Tinggi,Ya (Anomali),4,4
FND-0848,Jakarta Branch,Legal & Kepatuhan,Deskripsi Temuan Audit Berulang #848,2,47.4,0,1,Kritis,Tidak,3,4
FND-0849,Operations Dept,Keamanan TI,Deskripsi Temuan Audit Berulang #849,1,93.7,0,1,Sedang,Tidak,2,5
FND-0850,Operations Dept,Keamanan TI,Deskripsi Temuan Audit Berulang #850,1,92.9,1,1,Rendah,Ya (Anomali),3,5
FND-0851,Finance Dept,Finansial,Deskripsi Temuan Audit Berulang #851,2,59.7,0,0,Sedang,Ya (Anomali),3,4
FND-0852,Jakarta Branch,Operasional,Deskripsi Temuan Audit Berulang #852,1,45.9,1,1,Tinggi,Tidak,3,3
FND-0853,Surabaya Branch,Keamanan TI,Deskripsi Temuan Audit Berulang #853,0,78.2,1,1,Sedang,Tidak,2,5
FND-0854,Operations Dept,Keamanan TI,Deskripsi Temuan Audit Berulang #854,0,22.9,0,1,Rendah,Tidak,1,2
FND-0855,Bandung Branch,Legal & Kepatuhan,Deskripsi Temuan Audit Berulang #855,0,57.5,1,0,Rendah,Tidak,2,4
FND-0856,Medan Branch,Keamanan TI,Deskripsi Temuan Audit Berulang #856,2,46.6,0,0,Kritis,Tidak,3,2
FND-0857,Jakarta Branch,Reputasi,Deskripsi Temuan Audit Berulang #857,0,92.7,0,0,Tinggi,Tidak,1,5
FND-0858,Operations Dept,Finansial,Deskripsi Temuan Audit Berulang #858,0,20.9,0,1,Sedang,Tidak,1,2
FND-0859,Operations Dept,Finansial,Deskripsi Temuan Audit Berulang #859,1,63.7,0,0,Sedang,Tidak,2,3
FND-0860,IT Dept,Reputasi,Deskripsi Temuan Audit Berulang #860,2,78.5,1,1,Kritis,Ya (Anomali),5,5
FND-0861,Surabaya Branch,Keamanan TI,Deskripsi Temuan Audit Berulang #861,0,58.3,0,0,Kritis,Tidak,1,3
FND-0862,Bandung Branch,Operasional,Deskripsi Temuan Audit Berulang #862,1,26.7,0,1,Kritis,Tidak,2,4
FND-0863,Bandung Branch,Keamanan TI,Deskripsi Temuan Audit Berulang #863,0,96.8,0,1,Tinggi,Tidak,1,5
FND-0864,Bandung Branch,Finansial,Deskripsi Temuan Audit Berulang #864,1,60.9,1,1,Sedang,Tidak,3,4
FND-0865,Jakarta Branch,Operasional,Deskripsi Temuan Audit Berulang #865,0,68.5,0,0,Kritis,Tidak,1,3
FND-0866,Surabaya Branch,Legal & Kepatuhan,Deskripsi Temuan Audit Berulang #866,5,38.7,0,1,Tinggi,Tidak,5,3
FND-0867,Finance Dept,Legal & Kepatuhan,Deskripsi Temuan Audit Berulang #867,0,58.2,1,0,Sedang,Tidak,3,3
FND-0868,IT Dept,Keamanan TI,Deskripsi Temuan Audit Berulang #868,0,53.9,0,1,Rendah,Tidak,1,5
FND-0869,Surabaya Branch,Keamanan TI,Deskripsi Temuan Audit Berulang #869,0,25.9,1,1,Kritis,Tidak,2,4
FND-0870,Surabaya Branch,Operasional,Deskripsi Temuan Audit Berulang #870,2,28.4,0,1,Tinggi,Tidak,3,3
FND-0871,Operations Dept,Operasional,Deskripsi Temuan Audit Berulang #871,1,86.2,1,1,Sedang,Ya (Anomali),3,5
FND-0872,Surabaya Branch,Keamanan TI,Deskripsi Temuan Audit Berulang #872,0,38.9,1,1,Sedang,Tidak,2,3
FND-0873,Jakarta Branch,Finansial,Deskripsi Temuan Audit Berulang #873,1,35.4,0,1,Kritis,Tidak,2,3
FND-0874,IT Dept,Legal & Kepatuhan,Deskripsi Temuan Audit Berulang #874,0,59.9,0,0,Kritis,Tidak,1,3
FND-0875,Jakarta Branch,Operasional,Deskripsi Temuan Audit Berulang #875,1,80.7,1,1,Sedang,Ya (Anomali),3,5
FND-0876,IT Dept,Finansial,Deskripsi Temuan Audit Berulang #876,1,24.9,0,0,Tinggi,Tidak,3,1
FND-0877,IT Dept,Keamanan TI,Deskripsi Temuan Audit Berulang #877,2,65.6,1,1,Rendah,Tidak,5,5
FND-0878,Operations Dept,Reputasi,Deskripsi Temuan Audit Berulang #878,1,29.4,0,0,Sedang,Tidak,3,2
FND-0879,Jakarta Branch,Operasional,Deskripsi Temuan Audit Berulang #879,4,22.9,0,1,Tinggi,Ya (Anomali),5,2
FND-0880,IT Dept,Reputasi,Deskripsi Temuan Audit Berulang #880,0,24.2,0,1,Kritis,Tidak,1,2
FND-0881,Surabaya Branch,Finansial,Deskripsi Temuan Audit Berulang #881,0,85.9,1,1,Sedang,Ya (Anomali),2,5
FND-0882,Jakarta Branch,Legal & Kepatuhan,Deskripsi Temuan Audit Berulang #882,5,29.3,0,1,Kritis,Tidak,5,3
FND-0883,IT Dept,Finansial,Deskripsi Temuan Audit Berulang #883,0,23.6,1,0,Rendah,Tidak,2,2
FND-0884,Bandung Branch,Legal & Kepatuhan,Deskripsi Temuan Audit Berulang #884,0,54.6,1,1,Kritis,Tidak,2,4
FND-0885,Jakarta Branch,Finansial,Deskripsi Temuan Audit Berulang #885,4,86.7,0,1,Rendah,Ya (Anomali),5,5
FND-0886,Operations Dept,Operasional,Deskripsi Temuan Audit Berulang #886,2,40.7,0,0,Kritis,Tidak,3,2
FND-0887,Medan Branch,Operasional,Deskripsi Temuan Audit Berulang #887,0,53.3,1,1,Kritis,Tidak,3,4
FND-0888,Jakarta Branch,Reputasi,Deskripsi Temuan Audit Berulang #888,1,23.2,0,0,Rendah,Tidak,2,1
FND-0889,Jakarta Branch,Finansial,Deskripsi Temuan Audit Berulang #889,0,55.5,1,1,Kritis,Tidak,2,4
FND-0890,Jakarta Branch,Finansial,Deskripsi Temuan Audit Berulang #890,0,65.6,0,0,Tinggi,Tidak,1,3
FND-0891,IT Dept,Reputasi,Deskripsi Temuan Audit Berulang #891,0,65.1,0,1,Kritis,Tidak,1,4
FND-0892,Jakarta Branch,Keamanan TI,Deskripsi Temuan Audit Berulang #892,2,46.3,1,1,Sedang,Tidak,4,3
FND-0893,Medan Branch,Finansial,Deskripsi Temuan Audit Berulang #893,1,44.9,0,1,Kritis,Tidak,2,3
FND-0894,Finance Dept,Finansial,Deskripsi Temuan Audit Berulang #894,3,28.4,0,0,Tinggi,Tidak,4,2
FND-0895,Jakarta Branch,Finansial,Deskripsi Temuan Audit Berulang #895,3,49.0,0,1,Sedang,Ya (Anomali),5,3
FND-0896,Bandung Branch,Keamanan TI,Deskripsi Temuan Audit Berulang #896,2,27.9,0,1,Tinggi,Tidak,4,3
FND-0897,Medan Branch,Operasional,Deskripsi Temuan Audit Berulang #897,0,80.6,0,0,Sedang,Tidak,1,5
FND-0898,Finance Dept,Reputasi,Deskripsi Temuan Audit Berulang #898,5,96.3,1,0,Kritis,Ya (Anomali),5,4
FND-0899,IT Dept,Keamanan TI,Deskripsi Temuan Audit Berulang #899,1,96.6,0,0,Tinggi,Tidak,2,5
FND-0900,Jakarta Branch,Legal & Kepatuhan,Deskripsi Temuan Audit Berulang #900,2,88.3,0,0,Kritis,Tidak,3,4
FND-0901,Finance Dept,Legal & Kepatuhan,Deskripsi Temuan Audit Berulang #901,0,67.5,1,1,Sedang,Tidak,2,5
FND-0902,Bandung Branch,Keamanan TI,Deskripsi Temuan Audit Berulang #902,0,75.4,0,1,Tinggi,Tidak,1,5
FND-0903,Medan Branch,Keamanan TI,Deskripsi Temuan Audit Berulang #903,0,42.5,0,0,Rendah,Tidak,1,3
FND-0904,Medan Branch,Operasional,Deskripsi Temuan Audit Berulang #904,4,69.8,1,0,Tinggi,Ya (Anomali),5,3
FND-0905,IT Dept,Legal & Kepatuhan,Deskripsi Temuan Audit Berulang #905,0,56.0,1,1,Kritis,Tidak,2,5
FND-0906,IT Dept,Reputasi,Deskripsi Temuan Audit Berulang #906,0,58.1,0,1,Rendah,Tidak,1,4
FND-0907,IT Dept,Finansial,Deskripsi Temuan Audit Berulang #907,3,79.9,0,0,Rendah,Tidak,5,4
FND-0908,Finance Dept,Finansial,Deskripsi Temuan Audit Berulang #908,0,42.3,0,1,Sedang,Tidak,1,3
FND-0909,Jakarta Branch,Operasional,Deskripsi Temuan Audit Berulang #909,0,45.1,0,1,Rendah,Tidak,1,3
FND-0910,Surabaya Branch,Operasional,Deskripsi Temuan Audit Berulang #910,1,93.0,0,1,Rendah,Tidak,2,5
FND-0911,Medan Branch,Legal & Kepatuhan,Deskripsi Temuan Audit Berulang #911,4,24.4,0,1,Sedang,Tidak,5,2
FND-0912,Surabaya Branch,Reputasi,Deskripsi Temuan Audit Berulang #912,0,58.4,0,0,Tinggi,Tidak,1,3
FND-0913,Operations Dept,Reputasi,Deskripsi Temuan Audit Berulang #913,4,92.1,0,1,Kritis,Ya (Anomali),5,5
FND-0914,Medan Branch,Keamanan TI,Deskripsi Temuan Audit Berulang #914,1,68.2,0,0,Tinggi,Tidak,2,3
FND-0915,IT Dept,Operasional,Deskripsi Temuan Audit Berulang #915,4,63.2,1,1,Rendah,Ya (Anomali),5,5
FND-0916,Jakarta Branch,Finansial,Deskripsi Temuan Audit Berulang #916,0,39.7,0,1,Kritis,Tidak,1,3
FND-0917,Jakarta Branch,Finansial,Deskripsi Temuan Audit Berulang #917,1,47.1,0,0,Tinggi,Tidak,3,2
FND-0918,Medan Branch,Legal & Kepatuhan,Deskripsi Temuan Audit Berulang #918,0,87.3,0,1,Kritis,Tidak,1,5
FND-0919,Finance Dept,Finansial,Deskripsi Temuan Audit Berulang #919,2,64.2,0,1,Rendah,Ya (Anomali),4,5
FND-0920,Operations Dept,Reputasi,Deskripsi Temuan Audit Berulang #920,0,60.7,1,1,Tinggi,Tidak,2,5
FND-0921,IT Dept,Reputasi,Deskripsi Temuan Audit Berulang #921,1,27.9,0,1,Kritis,Tidak,2,3
FND-0922,Jakarta Branch,Operasional,Deskripsi Temuan Audit Berulang #922,0,21.3,0,1,Kritis,Tidak,1,2
FND-0923,Operations Dept,Legal & Kepatuhan,Deskripsi Temuan Audit Berulang #923,0,96.1,0,0,Tinggi,Tidak,1,4
FND-0924,Operations Dept,Finansial,Deskripsi Temuan Audit Berulang #924,0,49.8,1,0,Tinggi,Tidak,2,2
FND-0925,Jakarta Branch,Operasional,Deskripsi Temuan Audit Berulang #925,0,67.7,0,0,Rendah,Tidak,1,3
FND-0926,Bandung Branch,Keamanan TI,Deskripsi Temuan Audit Berulang #926,0,26.3,0,1,Sedang,Tidak,1,4
FND-0927,Operations Dept,Keamanan TI,Deskripsi Temuan Audit Berulang #927,7,74.0,0,1,Kritis,Tidak,5,5
FND-0928,Jakarta Branch,Finansial,Deskripsi Temuan Audit Berulang #928,2,93.7,0,1,Tinggi,Ya (Anomali),4,5
FND-0929,Bandung Branch,Finansial,Deskripsi Temuan Audit Berulang #929,0,65.5,0,1,Tinggi,Tidak,1,4
FND-0930,Jakarta Branch,Finansial,Deskripsi Temuan Audit Berulang #930,0,30.0,0,1,Tinggi,Tidak,1,4
FND-0931,Jakarta Branch,Reputasi,Deskripsi Temuan Audit Berulang #931,0,66.0,1,1,Kritis,Tidak,2,4
FND-0932,Operations Dept,Finansial,Deskripsi Temuan Audit Berulang #932,1,80.5,1,0,Rendah,Tidak,3,4
FND-0933,Finance Dept,Keamanan TI,Deskripsi Temuan Audit Berulang #933,3,52.1,0,1,Sedang,Tidak,4,4
FND-0934,Finance Dept,Finansial,Deskripsi Temuan Audit Berulang #934,0,89.5,0,1,Kritis,Tidak,1,5
FND-0935,IT Dept,Legal & Kepatuhan,Deskripsi Temuan Audit Berulang #935,1,71.2,0,0,Rendah,Tidak,3,4
FND-0936,Jakarta Branch,Keamanan TI,Deskripsi Temuan Audit Berulang #936,1,91.0,1,1,Kritis,Ya (Anomali),3,5
FND-0937,IT Dept,Legal & Kepatuhan,Deskripsi Temuan Audit Berulang #937,5,69.3,0,0,Kritis,Tidak,5,3
FND-0938,IT Dept,Keamanan TI,Deskripsi Temuan Audit Berulang #938,1,30.4,1,0,Tinggi,Tidak,3,2
FND-0939,IT Dept,Operasional,Deskripsi Temuan Audit Berulang #939,2,44.5,0,0,Rendah,Ya (Anomali),4,3
FND-0940,IT Dept,Keamanan TI,Deskripsi Temuan Audit Berulang #940,2,35.9,0,1,Tinggi,Tidak,3,4
FND-0941,Medan Branch,Keamanan TI,Deskripsi Temuan Audit Berulang #941,0,91.8,0,0,Tinggi,Tidak,1,4
FND-0942,Operations Dept,Legal & Kepatuhan,Deskripsi Temuan Audit Berulang #942,2,80.1,0,1,Rendah,Ya (Anomali),3,5
FND-0943,Operations Dept,Legal & Kepatuhan,Deskripsi Temuan Audit Berulang #943,0,73.4,1,0,Tinggi,Tidak,2,3
FND-0944,Medan Branch,Keamanan TI,Deskripsi Temuan Audit Berulang #944,1,43.8,1,1,Tinggi,Tidak,4,3
FND-0945,Jakarta Branch,Keamanan TI,Deskripsi Temuan Audit Berulang #945,6,34.5,0,1,Sedang,Tidak,5,3
FND-0946,Medan Branch,Reputasi,Deskripsi Temuan Audit Berulang #946,2,79.8,0,1,Rendah,Ya (Anomali),3,5
FND-0947,Jakarta Branch,Operasional,Deskripsi Temuan Audit Berulang #947,0,57.5,1,1,Rendah,Tidak,2,4
FND-0948,Finance Dept,Operasional,Deskripsi Temuan Audit Berulang #948,1,37.8,1,0,Tinggi,Tidak,3,2
FND-0949,Operations Dept,Finansial,Deskripsi Temuan Audit Berulang #949,2,68.7,0,0,Tinggi,Ya (Anomali),3,3
FND-0950,Surabaya Branch,Keamanan TI,Deskripsi Temuan Audit Berulang #950,5,23.2,0,0,Rendah,Tidak,5,2
FND-0951,Bandung Branch,Keamanan TI,Deskripsi Temuan Audit Berulang #951,2,45.8,0,1,Rendah,Tidak,3,3
FND-0952,Operations Dept,Keamanan TI,Deskripsi Temuan Audit Berulang #952,1,57.0,0,0,Kritis,Tidak,2,3
FND-0953,Medan Branch,Keamanan TI,Deskripsi Temuan Audit Berulang #953,6,31.7,0,1,Rendah,Tidak,5,4
FND-0954,Medan Branch,Operasional,Deskripsi Temuan Audit Berulang #954,1,97.8,0,0,Kritis,Tidak,2,4
FND-0955,Finance Dept,Legal & Kepatuhan,Deskripsi Temuan Audit Berulang #955,0,36.5,0,0,Tinggi,Tidak,1,3
FND-0956,Medan Branch,Reputasi,Deskripsi Temuan Audit Berulang #956,0,30.3,0,1,Sedang,Tidak,1,3
FND-0957,Jakarta Branch,Legal & Kepatuhan,Deskripsi Temuan Audit Berulang #957,2,36.1,0,0,Sedang,Ya (Anomali),3,2
FND-0958,Jakarta Branch,Legal & Kepatuhan,Deskripsi Temuan Audit Berulang #958,0,80.8,1,1,Kritis,Ya (Anomali),3,5
FND-0959,Surabaya Branch,Operasional,Deskripsi Temuan Audit Berulang #959,2,53.6,1,1,Tinggi,Ya (Anomali),4,4
FND-0960,Surabaya Branch,Reputasi,Deskripsi Temuan Audit Berulang #960,1,64.7,0,1,Tinggi,Tidak,2,5
FND-0961,Operations Dept,Keamanan TI,Deskripsi Temuan Audit Berulang #961,3,21.7,1,1,Tinggi,Ya (Anomali),5,2
FND-0962,Surabaya Branch,Operasional,Deskripsi Temuan Audit Berulang #962,1,22.7,1,0,Rendah,Tidak,3,1
FND-0963,Jakarta Branch,Operasional,Deskripsi Temuan Audit Berulang #963,1,55.2,0,1,Tinggi,Tidak,3,4
FND-0964,IT Dept,Reputasi,Deskripsi Temuan Audit Berulang #964,2,84.5,0,1,Rendah,Ya (Anomali),4,5
FND-0965,IT Dept,Finansial,Deskripsi Temuan Audit Berulang #965,1,89.9,1,1,Kritis,Ya (Anomali),3,5
FND-0966,Surabaya Branch,Operasional,Deskripsi Temuan Audit Berulang #966,0,26.8,1,0,Sedang,Tidak,2,2
FND-0967,Surabaya Branch,Legal & Kepatuhan,Deskripsi Temuan Audit Berulang #967,0,62.5,1,0,Kritis,Tidak,2,3
FND-0968,Jakarta Branch,Legal & Kepatuhan,Deskripsi Temuan Audit Berulang #968,0,92.1,1,0,Tinggi,Tidak,2,4
FND-0969,Finance Dept,Keamanan TI,Deskripsi Temuan Audit Berulang #969,0,50.6,0,0,Tinggi,Tidak,1,4
FND-0970,Operations Dept,Operasional,Deskripsi Temuan Audit Berulang #970,2,85.5,0,1,Kritis,Ya (Anomali),3,5
FND-0971,Medan Branch,Keamanan TI,Deskripsi Temuan Audit Berulang #971,5,30.6,0,1,Rendah,Tidak,5,4
FND-0972,Operations Dept,Operasional,Deskripsi Temuan Audit Berulang #972,1,93.9,0,1,Rendah,Tidak,2,5
FND-0973,Bandung Branch,Reputasi,Deskripsi Temuan Audit Berulang #973,4,79.4,0,1,Rendah,Ya (Anomali),5,5
FND-0974,IT Dept,Operasional,Deskripsi Temuan Audit Berulang #974,0,94.4,0,0,Sedang,Tidak,1,5
FND-0975,IT Dept,Finansial,Deskripsi Temuan Audit Berulang #975,0,73.5,0,1,Sedang,Tidak,1,4
FND-0976,Jakarta Branch,Legal & Kepatuhan,Deskripsi Temuan Audit Berulang #976,3,48.7,1,0,Tinggi,Tidak,5,2
FND-0977,Operations Dept,Reputasi,Deskripsi Temuan Audit Berulang #977,0,94.1,0,1,Kritis,Tidak,1,5
FND-0978,Jakarta Branch,Legal & Kepatuhan,Deskripsi Temuan Audit Berulang #978,1,41.8,0,1,Kritis,Tidak,2,3
FND-0979,Bandung Branch,Keamanan TI,Deskripsi Temuan Audit Berulang #979,5,46.2,0,1,Tinggi,Tidak,5,3
FND-0980,Operations Dept,Reputasi,Deskripsi Temuan Audit Berulang #980,10,75.4,0,0,Rendah,Tidak,5,5
FND-0981,Bandung Branch,Finansial,Deskripsi Temuan Audit Berulang #981,11,80.5,1,0,Sedang,Ya (Anomali),5,4
FND-0982,Surabaya Branch,Legal & Kepatuhan,Deskripsi Temuan Audit Berulang #982,2,93.4,1,0,Kritis,Ya (Anomali),5,5
FND-0983,Operations Dept,Operasional,Deskripsi Temuan Audit Berulang #983,0,36.2,1,1,Tinggi,Tidak,2,3
FND-0984,Bandung Branch,Operasional,Deskripsi Temuan Audit Berulang #984,1,83.0,0,0,Rendah,Tidak,3,4
FND-0985,Medan Branch,Operasional,Deskripsi Temuan Audit Berulang #985,3,78.3,0,1,Rendah,Tidak,4,5
FND-0986,Medan Branch,Reputasi,Deskripsi Temuan Audit Berulang #986,0,25.0,0,1,Sedang,Tidak,1,3
FND-0987,IT Dept,Finansial,Deskripsi Temuan Audit Berulang #987,4,50.6,0,0,Sedang,Tidak,5,4
FND-0988,Medan Branch,Finansial,Deskripsi Temuan Audit Berulang #988,1,42.3,1,1,Tinggi,Tidak,3,3
FND-0989,Operations Dept,Finansial,Deskripsi Temuan Audit Berulang #989,0,44.1,1,0,Tinggi,Tidak,3,2
FND-0990,Medan Branch,Legal & Kepatuhan,Deskripsi Temuan Audit Berulang #990,3,97.7,1,1,Rendah,Ya (Anomali),5,5
FND-0991,Medan Branch,Reputasi,Deskripsi Temuan Audit Berulang #991,0,70.8,0,1,Rendah,Tidak,1,4
FND-0992,Surabaya Branch,Operasional,Deskripsi Temuan Audit Berulang #992,0,76.7,1,0,Kritis,Tidak,2,4
FND-0993,IT Dept,Legal & Kepatuhan,Deskripsi Temuan Audit Berulang #993,5,97.2,0,1,Rendah,Ya (Anomali),5,5
FND-0994,Jakarta Branch,Finansial,Deskripsi Temuan Audit Berulang #994,3,49.8,1,0,Tinggi,Tidak,5,2
FND-0995,IT Dept,Operasional,Deskripsi Temuan Audit Berulang #995,4,83.3,0,1,Sedang,Ya (Anomali),5,5
FND-0996,IT Dept,Reputasi,Deskripsi Temuan Audit Berulang #996,0,54.3,0,0,Tinggi,Tidak,1,3
FND-0997,IT Dept,Keamanan TI,Deskripsi Temuan Audit Berulang #997,5,88.7,0,1,Kritis,Ya (Anomali),5,5
FND-0998,Bandung Branch,Finansial,Deskripsi Temuan Audit Berulang #998,0,34.3,1,1,Kritis,Tidak,2,3
FND-0999,Jakarta Branch,Finansial,Deskripsi Temuan Audit Berulang #999,0,94.9,0,1,Sedang,Tidak,1,5
FND-1000,Bandung Branch,Finansial,Deskripsi Temuan Audit Berulang #1000,0,37.3,0,1,Tinggi,Tidak,1,4
FND-1001,Surabaya Branch,Finansial,Deskripsi Temuan Audit Berulang #1001,1,45.8,1,0,Kritis,Tidak,3,2
FND-1002,Surabaya Branch,Operasional,Deskripsi Temuan Audit Berulang #1002,5,79.7,0,1,Tinggi,Ya (Anomali),5,5
FND-1003,Finance Dept,Reputasi,Deskripsi Temuan Audit Berulang #1003,0,51.1,0,1,Kritis,Tidak,1,4
FND-1004,Finance Dept,Legal & Kepatuhan,Deskripsi Temuan Audit Berulang #1004,1,68.0,0,1,Sedang,Tidak,2,4
FND-1005,Surabaya Branch,Operasional,Deskripsi Temuan Audit Berulang #1005,1,55.1,0,1,Kritis,Tidak,2,4
FND-1006,Surabaya Branch,Reputasi,Deskripsi Temuan Audit Berulang #1006,1,78.6,1,0,Tinggi,Tidak,3,5
FND-1007,Bandung Branch,Legal & Kepatuhan,Deskripsi Temuan Audit Berulang #1007,0,38.0,1,0,Tinggi,Tidak,2,2
FND-1008,Surabaya Branch,Finansial,Deskripsi Temuan Audit Berulang #1008,0,24.6,0,1,Kritis,Tidak,1,3
FND-1009,Operations Dept,Reputasi,Deskripsi Temuan Audit Berulang #1009,1,43.7,1,0,Rendah,Tidak,3,2
FND-1010,Jakarta Branch,Finansial,Deskripsi Temuan Audit Berulang #1010,0,57.5,0,1,Sedang,Tidak,1,4
FND-1011,Bandung Branch,Reputasi,Deskripsi Temuan Audit Berulang #1011,1,33.3,0,1,Sedang,Tidak,3,4
FND-1012,Surabaya Branch,Keamanan TI,Deskripsi Temuan Audit Berulang #1012,0,48.0,0,0,Kritis,Tidak,1,2
FND-1013,Bandung Branch,Finansial,Deskripsi Temuan Audit Berulang #1013,1,51.6,0,1,Kritis,Tidak,2,5
FND-1014,Bandung Branch,Finansial,Deskripsi Temuan Audit Berulang #1014,1,24.5,0,0,Rendah,Tidak,2,1
FND-1015,Medan Branch,Finansial,Deskripsi Temuan Audit Berulang #1015,3,66.1,1,0,Sedang,Tidak,5,3
FND-1016,Finance Dept,Operasional,Deskripsi Temuan Audit Berulang #1016,3,89.9,1,1,Rendah,Ya (Anomali),5,5
FND-1017,Bandung Branch,Legal & Kepatuhan,Deskripsi Temuan Audit Berulang #1017,0,32.0,0,0,Sedang,Tidak,1,3
FND-1018,IT Dept,Finansial,Deskripsi Temuan Audit Berulang #1018,3,67.2,0,0,Kritis,Tidak,4,3
FND-1019,Operations Dept,Finansial,Deskripsi Temuan Audit Berulang #1019,3,72.5,1,1,Sedang,Ya (Anomali),5,4
FND-1020,Operations Dept,Operasional,Deskripsi Temuan Audit Berulang #1020,0,53.1,1,0,Sedang,Tidak,3,4
FND-1021,Bandung Branch,Operasional,Deskripsi Temuan Audit Berulang #1021,5,75.4,1,1,Sedang,Ya (Anomali),5,5
FND-1022,IT Dept,Keamanan TI,Deskripsi Temuan Audit Berulang #1022,1,52.4,0,0,Rendah,Tidak,2,3
FND-1023,Operations Dept,Reputasi,Deskripsi Temuan Audit Berulang #1023,0,59.9,1,0,Rendah,Tidak,2,4
FND-1024,Medan Branch,Finansial,Deskripsi Temuan Audit Berulang #1024,0,20.6,0,1,Sedang,Tidak,1,2
FND-1025,Surabaya Branch,Reputasi,Deskripsi Temuan Audit Berulang #1025,0,74.6,0,1,Tinggi,Tidak,1,4
FND-1026,Bandung Branch,Operasional,Deskripsi Temuan Audit Berulang #1026,4,72.2,0,0,Rendah,Tidak,5,3
FND-1027,Medan Branch,Operasional,Deskripsi Temuan Audit Berulang #1027,1,23.0,0,1,Kritis,Tidak,2,2
FND-1028,Jakarta Branch,Keamanan TI,Deskripsi Temuan Audit Berulang #1028,0,49.1,0,1,Kritis,Tidak,1,4
FND-1029,Medan Branch,Legal & Kepatuhan,Deskripsi Temuan Audit Berulang #1029,3,97.3,0,1,Sedang,Ya (Anomali),4,5
FND-1030,Finance Dept,Operasional,Deskripsi Temuan Audit Berulang #1030,1,53.2,0,1,Kritis,Tidak,2,5
FND-1031,Finance Dept,Finansial,Deskripsi Temuan Audit Berulang #1031,0,59.7,1,1,Rendah,Tidak,2,4
FND-1032,Surabaya Branch,Keamanan TI,Deskripsi Temuan Audit Berulang #1032,4,91.9,0,1,Tinggi,Ya (Anomali),5,5
FND-1033,IT Dept,Legal & Kepatuhan,Deskripsi Temuan Audit Berulang #1033,0,76.7,0,1,Tinggi,Tidak,1,5
FND-1034,Surabaya Branch,Keamanan TI,Deskripsi Temuan Audit Berulang #1034,1,66.0,0,0,Tinggi,Tidak,3,3
FND-1035,Operations Dept,Operasional,Deskripsi Temuan Audit Berulang #1035,0,83.0,1,1,Kritis,Ya (Anomali),2,5
FND-1036,IT Dept,Legal & Kepatuhan,Deskripsi Temuan Audit Berulang #1036,1,88.3,0,1,Sedang,Tidak,2,5
FND-1037,IT Dept,Reputasi,Deskripsi Temuan Audit Berulang #1037,1,56.1,0,1,Kritis,Tidak,3,5
FND-1038,IT Dept,Legal & Kepatuhan,Deskripsi Temuan Audit Berulang #1038,1,57.5,0,1,Sedang,Tidak,2,5
FND-1039,IT Dept,Finansial,Deskripsi Temuan Audit Berulang #1039,15,50.5,1,1,Tinggi,Ya (Anomali),5,4
FND-1040,Finance Dept,Reputasi,Deskripsi Temuan Audit Berulang #1040,1,96.4,1,1,Rendah,Ya (Anomali),3,5
FND-1041,Operations Dept,Reputasi,Deskripsi Temuan Audit Berulang #1041,0,75.1,0,1,Kritis,Tidak,1,5
FND-1042,Finance Dept,Finansial,Deskripsi Temuan Audit Berulang #1042,2,26.6,0,0,Rendah,Tidak,4,2
FND-1043,Bandung Branch,Reputasi,Deskripsi Temuan Audit Berulang #1043,0,88.2,1,0,Tinggi,Ya (Anomali),3,5
FND-1044,Operations Dept,Operasional,Deskripsi Temuan Audit Berulang #1044,0,58.0,0,0,Sedang,Tidak,1,3
FND-1045,Finance Dept,Legal & Kepatuhan,Deskripsi Temuan Audit Berulang #1045,1,25.4,0,0,Rendah,Tidak,2,3
FND-1046,Surabaya Branch,Legal & Kepatuhan,Deskripsi Temuan Audit Berulang #1046,0,63.4,0,0,Kritis,Tidak,1,3
FND-1047,Finance Dept,Finansial,Deskripsi Temuan Audit Berulang #1047,0,53.0,0,1,Rendah,Tidak,1,4
FND-1048,Operations Dept,Operasional,Deskripsi Temuan Audit Berulang #1048,0,89.3,0,0,Rendah,Tidak,1,4
FND-1049,Operations Dept,Reputasi,Deskripsi Temuan Audit Berulang #1049,1,36.1,0,1,Kritis,Tidak,2,3
FND-1050,Surabaya Branch,Legal & Kepatuhan,Deskripsi Temuan Audit Berulang #1050,1,85.3,1,0,Sedang,Tidak,3,5
FND-1051,Jakarta Branch,Legal & Kepatuhan,Deskripsi Temuan Audit Berulang #1051,1,64.1,1,0,Kritis,Tidak,3,3
FND-1052,Operations Dept,Legal & Kepatuhan,Deskripsi Temuan Audit Berulang #1052,1,24.3,0,1,Tinggi,Tidak,3,2
FND-1053,Finance Dept,Legal & Kepatuhan,Deskripsi Temuan Audit Berulang #1053,2,96.8,1,1,Sedang,Ya (Anomali),4,5
FND-1054,Surabaya Branch,Keamanan TI,Deskripsi Temuan Audit Berulang #1054,3,60.5,0,1,Rendah,Ya (Anomali),4,4
FND-1055,IT Dept,Finansial,Deskripsi Temuan Audit Berulang #1055,1,43.0,0,0,Kritis,Tidak,3,3
FND-1056,Operations Dept,Reputasi,Deskripsi Temuan Audit Berulang #1056,8,57.1,0,0,Tinggi,Tidak,5,3
FND-1057,Medan Branch,Reputasi,Deskripsi Temuan Audit Berulang #1057,1,87.8,1,0,Kritis,Tidak,3,4
FND-1058,IT Dept,Finansial,Deskripsi Temuan Audit Berulang #1058,3,44.1,1,1,Sedang,Tidak,5,4
FND-1059,Bandung Branch,Operasional,Deskripsi Temuan Audit Berulang #1059,0,35.2,1,0,Tinggi,Tidak,3,2
FND-1060,Operations Dept,Finansial,Deskripsi Temuan Audit Berulang #1060,0,30.2,1,1,Rendah,Tidak,3,4
FND-1061,Surabaya Branch,Legal & Kepatuhan,Deskripsi Temuan Audit Berulang #1061,2,43.5,0,0,Sedang,Tidak,4,2
FND-1062,IT Dept,Legal & Kepatuhan,Deskripsi Temuan Audit Berulang #1062,1,81.6,1,1,Tinggi,Ya (Anomali),4,5
FND-1063,Finance Dept,Finansial,Deskripsi Temuan Audit Berulang #1063,0,57.3,1,1,Sedang,Tidak,2,5
FND-1064,Finance Dept,Finansial,Deskripsi Temuan Audit Berulang #1064,0,38.0,1,1,Rendah,Tidak,3,4
FND-1065,Operations Dept,Reputasi,Deskripsi Temuan Audit Berulang #1065,7,33.1,0,0,Tinggi,Ya (Anomali),5,2
FND-1066,Jakarta Branch,Reputasi,Deskripsi Temuan Audit Berulang #1066,3,46.3,0,0,Kritis,Tidak,4,2
FND-1067,Medan Branch,Keamanan TI,Deskripsi Temuan Audit Berulang #1067,0,94.3,0,1,Kritis,Tidak,1,5
FND-1068,Operations Dept,Keamanan TI,Deskripsi Temuan Audit Berulang #1068,0,47.1,0,1,Rendah,Tidak,1,3
FND-1069,Surabaya Branch,Legal & Kepatuhan,Deskripsi Temuan Audit Berulang #1069,5,98.1,0,0,Tinggi,Tidak,5,5
FND-1070,IT Dept,Keamanan TI,Deskripsi Temuan Audit Berulang #1070,0,58.3,0,1,Rendah,Tidak,1,4
FND-1071,Medan Branch,Keamanan TI,Deskripsi Temuan Audit Berulang #1071,1,34.2,0,0,Rendah,Tidak,3,2
FND-1072,Jakarta Branch,Operasional,Deskripsi Temuan Audit Berulang #1072,2,90.4,0,1,Sedang,Ya (Anomali),3,5
FND-1073,Operations Dept,Finansial,Deskripsi Temuan Audit Berulang #1073,1,56.4,0,1,Kritis,Tidak,2,4
FND-1074,Bandung Branch,Reputasi,Deskripsi Temuan Audit Berulang #1074,0,76.1,0,0,Rendah,Tidak,1,4
FND-1075,Medan Branch,Keamanan TI,Deskripsi Temuan Audit Berulang #1075,2,97.7,1,0,Sedang,Ya (Anomali),4,5
FND-1076,Jakarta Branch,Reputasi,Deskripsi Temuan Audit Berulang #1076,5,24.0,0,1,Rendah,Ya (Anomali),5,3
FND-1077,Operations Dept,Keamanan TI,Deskripsi Temuan Audit Berulang #1077,0,27.6,0,1,Rendah,Tidak,1,3
FND-1078,Operations Dept,Keamanan TI,Deskripsi Temuan Audit Berulang #1078,2,76.9,1,0,Rendah,Ya (Anomali),4,4
FND-1079,Surabaya Branch,Legal & Kepatuhan,Deskripsi Temuan Audit Berulang #1079,0,42.3,0,1,Kritis,Tidak,1,3
FND-1080,Operations Dept,Operasional,Deskripsi Temuan Audit Berulang #1080,4,34.6,0,0,Tinggi,Ya (Anomali),5,2
FND-1081,Bandung Branch,Finansial,Deskripsi Temuan Audit Berulang #1081,1,23.1,0,1,Kritis,Tidak,2,2
FND-1082,Operations Dept,Finansial,Deskripsi Temuan Audit Berulang #1082,0,21.7,0,1,Sedang,Tidak,1,3
FND-1083,Finance Dept,Legal & Kepatuhan,Deskripsi Temuan Audit Berulang #1083,3,81.2,1,0,Tinggi,Ya (Anomali),5,5
FND-1084,Jakarta Branch,Legal & Kepatuhan,Deskripsi Temuan Audit Berulang #1084,3,30.6,0,0,Sedang,Tidak,4,3
FND-1085,Finance Dept,Finansial,Deskripsi Temuan Audit Berulang #1085,1,56.9,0,1,Rendah,Tidak,3,4
FND-1086,Operations Dept,Finansial,Deskripsi Temuan Audit Berulang #1086,1,67.9,0,0,Tinggi,Tidak,2,4
FND-1087,Bandung Branch,Operasional,Deskripsi Temuan Audit Berulang #1087,2,53.8,0,1,Sedang,Tidak,3,4
FND-1088,Jakarta Branch,Keamanan TI,Deskripsi Temuan Audit Berulang #1088,0,22.1,1,1,Rendah,Tidak,2,2
FND-1089,Jakarta Branch,Operasional,Deskripsi Temuan Audit Berulang #1089,1,81.9,0,0,Sedang,Tidak,2,4
FND-1090,Operations Dept,Finansial,Deskripsi Temuan Audit Berulang #1090,0,20.8,0,0,Sedang,Tidak,1,1
FND-1091,Bandung Branch,Keamanan TI,Deskripsi Temuan Audit Berulang #1091,1,80.2,0,0,Kritis,Tidak,3,5
FND-1092,Surabaya Branch,Finansial,Deskripsi Temuan Audit Berulang #1092,2,90.6,0,1,Rendah,Ya (Anomali),4,5
FND-1093,Jakarta Branch,Operasional,Deskripsi Temuan Audit Berulang #1093,0,54.2,0,1,Kritis,Tidak,1,4
FND-1094,Bandung Branch,Operasional,Deskripsi Temuan Audit Berulang #1094,4,62.3,1,1,Tinggi,Tidak,5,5
FND-1095,Medan Branch,Operasional,Deskripsi Temuan Audit Berulang #1095,1,57.7,1,1,Rendah,Tidak,4,4
FND-1096,Finance Dept,Keamanan TI,Deskripsi Temuan Audit Berulang #1096,3,50.7,1,0,Kritis,Tidak,5,4
FND-1097,Jakarta Branch,Reputasi,Deskripsi Temuan Audit Berulang #1097,0,90.1,1,1,Kritis,Ya (Anomali),2,5
FND-1098,Medan Branch,Reputasi,Deskripsi Temuan Audit Berulang #1098,2,90.6,1,0,Tinggi,Ya (Anomali),4,4
FND-1099,Jakarta Branch,Finansial,Deskripsi Temuan Audit Berulang #1099,1,46.5,0,1,Sedang,Tidak,2,4
FND-1100,Surabaya Branch,Keamanan TI,Deskripsi Temuan Audit Berulang #1100,3,68.6,1,1,Sedang,Ya (Anomali),5,4
FND-1101,Operations Dept,Legal & Kepatuhan,Deskripsi Temuan Audit Berulang #1101,0,93.2,1,1,Sedang,Ya (Anomali),2,5
FND-1102,Bandung Branch,Reputasi,Deskripsi Temuan Audit Berulang #1102,1,96.0,1,1,Tinggi,Ya (Anomali),3,5
FND-1103,Jakarta Branch,Keamanan TI,Deskripsi Temuan Audit Berulang #1103,0,60.2,0,1,Kritis,Tidak,1,4
FND-1104,Bandung Branch,Keamanan TI,Deskripsi Temuan Audit Berulang #1104,0,55.8,0,0,Rendah,Tidak,1,3
FND-1105,IT Dept,Reputasi,Deskripsi Temuan Audit Berulang #1105,0,42.0,1,1,Tinggi,Tidak,3,3
FND-1106,Jakarta Branch,Keamanan TI,Deskripsi Temuan Audit Berulang #1106,0,95.8,1,0,Sedang,Tidak,3,4
FND-1107,Surabaya Branch,Keamanan TI,Deskripsi Temuan Audit Berulang #1107,5,31.3,1,1,Sedang,Tidak,5,4
FND-1108,Surabaya Branch,Reputasi,Deskripsi Temuan Audit Berulang #1108,7,65.8,0,0,Rendah,Ya (Anomali),5,3
FND-1109,Operations Dept,Operasional,Deskripsi Temuan Audit Berulang #1109,2,42.3,0,1,Tinggi,Tidak,3,3
FND-1110,Operations Dept,Finansial,Deskripsi Temuan Audit Berulang #1110,4,42.0,0,0,Sedang,Tidak,5,2
FND-1111,Medan Branch,Legal & Kepatuhan,Deskripsi Temuan Audit Berulang #1111,1,52.0,1,1,Tinggi,Tidak,3,5
FND-1112,Surabaya Branch,Finansial,Deskripsi Temuan Audit Berulang #1112,0,98.9,0,0,Kritis,Tidak,1,5
FND-1113,Bandung Branch,Operasional,Deskripsi Temuan Audit Berulang #1113,1,24.3,0,0,Tinggi,Tidak,2,2
FND-1114,IT Dept,Operasional,Deskripsi Temuan Audit Berulang #1114,0,65.7,1,1,Kritis,Tidak,2,5
FND-1115,Surabaya Branch,Keamanan TI,Deskripsi Temuan Audit Berulang #1115,11,26.5,0,1,Rendah,Tidak,5,3
FND-1116,Jakarta Branch,Finansial,Deskripsi Temuan Audit Berulang #1116,2,32.2,1,1,Kritis,Tidak,4,3
FND-1117,Surabaya Branch,Operasional,Deskripsi Temuan Audit Berulang #1117,3,54.7,0,0,Kritis,Ya (Anomali),4,3
FND-1118,IT Dept,Finansial,Deskripsi Temuan Audit Berulang #1118,1,60.3,1,1,Rendah,Tidak,3,4
FND-1119,Bandung Branch,Operasional,Deskripsi Temuan Audit Berulang #1119,0,40.4,0,1,Sedang,Tidak,1,3
FND-1120,Jakarta Branch,Legal & Kepatuhan,Deskripsi Temuan Audit Berulang #1120,1,45.0,1,1,Rendah,Tidak,3,3
FND-1121,Medan Branch,Operasional,Deskripsi Temuan Audit Berulang #1121,0,26.9,1,1,Tinggi,Tidak,2,4
FND-1122,Medan Branch,Finansial,Deskripsi Temuan Audit Berulang #1122,0,44.0,0,0,Rendah,Tidak,1,3
FND-1123,Medan Branch,Keamanan TI,Deskripsi Temuan Audit Berulang #1123,0,96.4,0,1,Tinggi,Tidak,1,5
FND-1124,Operations Dept,Finansial,Deskripsi Temuan Audit Berulang #1124,0,94.6,0,0,Sedang,Tidak,1,5
FND-1125,Jakarta Branch,Reputasi,Deskripsi Temuan Audit Berulang #1125,2,46.5,1,0,Tinggi,Tidak,4,2
FND-1126,Medan Branch,Finansial,Deskripsi Temuan Audit Berulang #1126,2,65.1,1,1,Rendah,Ya (Anomali),5,4
FND-1127,Operations Dept,Legal & Kepatuhan,Deskripsi Temuan Audit Berulang #1127,0,91.9,0,0,Rendah,Tidak,1,4
FND-1128,Surabaya Branch,Legal & Kepatuhan,Deskripsi Temuan Audit Berulang #1128,0,20.5,0,1,Sedang,Tidak,1,2
FND-1129,Jakarta Branch,Legal & Kepatuhan,Deskripsi Temuan Audit Berulang #1129,0,84.0,0,0,Rendah,Tidak,1,4
FND-1130,Jakarta Branch,Operasional,Deskripsi Temuan Audit Berulang #1130,1,94.9,1,1,Sedang,Ya (Anomali),4,5
FND-1131,Jakarta Branch,Legal & Kepatuhan,Deskripsi Temuan Audit Berulang #1131,2,27.2,1,0,Sedang,Ya (Anomali),5,2
FND-1132,Finance Dept,Finansial,Deskripsi Temuan Audit Berulang #1132,1,32.8,0,1,Rendah,Tidak,3,3
FND-1133,Operations Dept,Keamanan TI,Deskripsi Temuan Audit Berulang #1133,2,95.9,0,1,Kritis,Ya (Anomali),4,5
FND-1134,Bandung Branch,Legal & Kepatuhan,Deskripsi Temuan Audit Berulang #1134,2,62.5,0,1,Tinggi,Tidak,4,4
FND-1135,Finance Dept,Finansial,Deskripsi Temuan Audit Berulang #1135,2,21.1,0,1,Kritis,Tidak,4,3
FND-1136,Finance Dept,Operasional,Deskripsi Temuan Audit Berulang #1136,0,40.4,0,0,Sedang,Tidak,1,2
FND-1137,Finance Dept,Operasional,Deskripsi Temuan Audit Berulang #1137,1,55.5,0,1,Tinggi,Tidak,2,5
FND-1138,Bandung Branch,Keamanan TI,Deskripsi Temuan Audit Berulang #1138,0,74.7,0,0,Kritis,Tidak,1,4
FND-1139,Finance Dept,Keamanan TI,Deskripsi Temuan Audit Berulang #1139,1,77.9,0,1,Rendah,Tidak,2,5
FND-1140,Medan Branch,Finansial,Deskripsi Temuan Audit Berulang #1140,1,98.6,0,0,Kritis,Tidak,2,4
FND-1141,Jakarta Branch,Keamanan TI,Deskripsi Temuan Audit Berulang #1141,2,42.7,0,1,Tinggi,Tidak,3,4
FND-1142,Jakarta Branch,Keamanan TI,Deskripsi Temuan Audit Berulang #1142,0,62.5,0,1,Tinggi,Tidak,1,5
FND-1143,Operations Dept,Operasional,Deskripsi Temuan Audit Berulang #1143,0,62.1,1,1,Tinggi,Tidak,3,4
FND-1144,Surabaya Branch,Finansial,Deskripsi Temuan Audit Berulang #1144,0,52.0,1,0,Tinggi,Tidak,3,4
FND-1145,IT Dept,Keamanan TI,Deskripsi Temuan Audit Berulang #1145,0,33.4,0,1,Kritis,Tidak,1,4
FND-1146,Medan Branch,Finansial,Deskripsi Temuan Audit Berulang #1146,1,97.2,0,0,Rendah,Tidak,2,4
FND-1147,Bandung Branch,Legal & Kepatuhan,Deskripsi Temuan Audit Berulang #1147,2,87.4,1,0,Rendah,Ya (Anomali),4,4
FND-1148,IT Dept,Operasional,Deskripsi Temuan Audit Berulang #1148,0,59.4,1,1,Tinggi,Tidak,2,5
FND-1149,Jakarta Branch,Operasional,Deskripsi Temuan Audit Berulang #1149,1,67.7,0,0,Rendah,Tidak,3,3
FND-1150,Finance Dept,Operasional,Deskripsi Temuan Audit Berulang #1150,2,38.0,0,1,Kritis,Tidak,3,3
FND-1151,Operations Dept,Reputasi,Deskripsi Temuan Audit Berulang #1151,2,63.0,0,1,Rendah,Ya (Anomali),3,4
FND-1152,Operations Dept,Finansial,Deskripsi Temuan Audit Berulang #1152,1,74.9,0,0,Sedang,Tidak,3,3
FND-1153,Surabaya Branch,Legal & Kepatuhan,Deskripsi Temuan Audit Berulang #1153,11,60.7,0,0,Rendah,Tidak,5,3
FND-1154,Surabaya Branch,Keamanan TI,Deskripsi Temuan Audit Berulang #1154,5,98.2,0,0,Tinggi,Tidak,5,5
FND-1155,Jakarta Branch,Legal & Kepatuhan,Deskripsi Temuan Audit Berulang #1155,0,68.3,1,1,Rendah,Tidak,3,4
FND-1156,Medan Branch,Finansial,Deskripsi Temuan Audit Berulang #1156,0,49.3,0,1,Rendah,Tidak,1,3
FND-1157,Operations Dept,Operasional,Deskripsi Temuan Audit Berulang #1157,6,81.0,0,1,Rendah,Ya (Anomali),5,5
FND-1158,IT Dept,Reputasi,Deskripsi Temuan Audit Berulang #1158,9,33.5,0,0,Rendah,Tidak,5,2
FND-1159,Surabaya Branch,Finansial,Deskripsi Temuan Audit Berulang #1159,2,50.4,0,1,Sedang,Tidak,3,4
FND-1160,Jakarta Branch,Finansial,Deskripsi Temuan Audit Berulang #1160,1,47.4,0,0,Kritis,Tidak,2,2
FND-1161,Medan Branch,Keamanan TI,Deskripsi Temuan Audit Berulang #1161,0,54.1,0,1,Tinggi,Tidak,1,4
FND-1162,Jakarta Branch,Legal & Kepatuhan,Deskripsi Temuan Audit Berulang #1162,1,81.8,1,1,Tinggi,Ya (Anomali),3,5
FND-1163,Jakarta Branch,Legal & Kepatuhan,Deskripsi Temuan Audit Berulang #1163,3,58.2,0,1,Rendah,Tidak,5,4
FND-1164,Medan Branch,Keamanan TI,Deskripsi Temuan Audit Berulang #1164,0,82.7,1,1,Kritis,Ya (Anomali),2,5
FND-1165,Medan Branch,Reputasi,Deskripsi Temuan Audit Berulang #1165,0,65.5,1,1,Rendah,Tidak,2,5
FND-1166,Medan Branch,Operasional,Deskripsi Temuan Audit Berulang #1166,0,47.0,0,0,Sedang,Tidak,1,2
FND-1167,Jakarta Branch,Operasional,Deskripsi Temuan Audit Berulang #1167,1,84.0,0,0,Kritis,Tidak,2,4
FND-1168,Surabaya Branch,Reputasi,Deskripsi Temuan Audit Berulang #1168,2,38.8,0,1,Kritis,Tidak,4,4
FND-1169,Bandung Branch,Keamanan TI,Deskripsi Temuan Audit Berulang #1169,3,37.7,1,1,Kritis,Tidak,5,3
FND-1170,Bandung Branch,Finansial,Deskripsi Temuan Audit Berulang #1170,0,59.9,1,1,Kritis,Tidak,2,4
FND-1171,Jakarta Branch,Legal & Kepatuhan,Deskripsi Temuan Audit Berulang #1171,1,40.6,1,0,Rendah,Tidak,3,2
FND-1172,Jakarta Branch,Finansial,Deskripsi Temuan Audit Berulang #1172,0,20.7,0,1,Sedang,Tidak,1,2
FND-1173,Surabaya Branch,Legal & Kepatuhan,Deskripsi Temuan Audit Berulang #1173,0,71.2,1,0,Kritis,Tidak,2,4
FND-1174,Medan Branch,Finansial,Deskripsi Temuan Audit Berulang #1174,5,60.4,0,1,Tinggi,Tidak,5,5
FND-1175,Jakarta Branch,Keamanan TI,Deskripsi Temuan Audit Berulang #1175,0,55.2,0,1,Tinggi,Tidak,1,4
FND-1176,Operations Dept,Keamanan TI,Deskripsi Temuan Audit Berulang #1176,0,96.4,0,0,Sedang,Tidak,1,4
FND-1177,Finance Dept,Reputasi,Deskripsi Temuan Audit Berulang #1177,1,65.1,0,1,Tinggi,Tidak,2,4
FND-1178,Medan Branch,Finansial,Deskripsi Temuan Audit Berulang #1178,2,88.2,1,1,Rendah,Ya (Anomali),4,5
FND-1179,Operations Dept,Finansial,Deskripsi Temuan Audit Berulang #1179,0,31.0,0,1,Rendah,Tidak,1,4
FND-1180,Jakarta Branch,Reputasi,Deskripsi Temuan Audit Berulang #1180,0,65.0,0,1,Sedang,Tidak,1,4
FND-1181,Finance Dept,Reputasi,Deskripsi Temuan Audit Berulang #1181,3,88.6,0,1,Kritis,Ya (Anomali),4,5
FND-1182,Operations Dept,Keamanan TI,Deskripsi Temuan Audit Berulang #1182,1,66.1,1,0,Tinggi,Tidak,3,3
FND-1183,IT Dept,Keamanan TI,Deskripsi Temuan Audit Berulang #1183,1,76.7,1,0,Tinggi,Tidak,4,4
FND-1184,Surabaya Branch,Finansial,Deskripsi Temuan Audit Berulang #1184,0,49.4,0,1,Sedang,Tidak,1,3
FND-1185,Finance Dept,Keamanan TI,Deskripsi Temuan Audit Berulang #1185,3,27.3,0,0,Sedang,Tidak,5,2
FND-1186,Jakarta Branch,Keamanan TI,Deskripsi Temuan Audit Berulang #1186,1,56.2,0,1,Tinggi,Tidak,2,4
FND-1187,Bandung Branch,Finansial,Deskripsi Temuan Audit Berulang #1187,0,51.2,1,1,Kritis,Tidak,2,5
FND-1188,Operations Dept,Reputasi,Deskripsi Temuan Audit Berulang #1188,0,88.5,0,1,Sedang,Tidak,1,5
FND-1189,Jakarta Branch,Finansial,Deskripsi Temuan Audit Berulang #1189,0,39.3,0,1,Rendah,Tidak,1,3
FND-1190,Bandung Branch,Operasional,Deskripsi Temuan Audit Berulang #1190,11,96.4,0,1,Tinggi,Ya (Anomali),5,5
FND-1191,Surabaya Branch,Finansial,Deskripsi Temuan Audit Berulang #1191,0,95.7,0,0,Sedang,Tidak,1,5
FND-1192,Surabaya Branch,Operasional,Deskripsi Temuan Audit Berulang #1192,0,39.6,1,1,Sedang,Tidak,2,3
FND-1193,Medan Branch,Finansial,Deskripsi Temuan Audit Berulang #1193,4,47.5,0,1,Sedang,Tidak,5,3
FND-1194,Operations Dept,Operasional,Deskripsi Temuan Audit Berulang #1194,0,90.7,0,1,Tinggi,Tidak,1,5
FND-1195,Medan Branch,Operasional,Deskripsi Temuan Audit Berulang #1195,0,96.4,0,0,Rendah,Tidak,1,4
FND-1196,Bandung Branch,Finansial,Deskripsi Temuan Audit Berulang #1196,2,55.0,0,0,Rendah,Tidak,3,3
FND-1197,Bandung Branch,Keamanan TI,Deskripsi Temuan Audit Berulang #1197,1,45.4,1,1,Tinggi,Tidak,3,3
FND-1198,Surabaya Branch,Legal & Kepatuhan,Deskripsi Temuan Audit Berulang #1198,1,61.6,0,1,Sedang,Tidak,2,4
FND-1199,Finance Dept,Keamanan TI,Deskripsi Temuan Audit Berulang #1199,0,74.3,1,1,Tinggi,Tidak,3,4
FND-1200,Bandung Branch,Operasional,Deskripsi Temuan Audit Berulang #1200,0,41.6,1,1,Tinggi,Tidak,3,3
