ID Penilaian Risiko,Entitas Auditee,Kategori Risiko,Deskripsi Evaluasi Risiko,current_risk_score,previous_risk_score,risk_score_diff,new_findings_count,risk_score_volatility,"is_unexplained_spike (1=Ya, 0=Tidak)",TARGET: is_anomaly,TARGET: Impact (1-5),TARGET: Likelihood (1-5)
RSK-0001,Bandung Branch,Keamanan TI,Evaluasi Lonjakan Skor Risiko #1,16.4,8.6,7.8,4,0.25,0,Tidak,4,3
RSK-0002,Surabaya Branch,Keamanan TI,Evaluasi Lonjakan Skor Risiko #2,18.5,17.3,1.2,2,0.01,0,Tidak,4,1
RSK-0003,Bandung Branch,Finansial,Evaluasi Lonjakan Skor Risiko #3,13.3,14.0,-0.7,0,0.15,0,Tidak,4,2
RSK-0004,Jakarta Branch,Reputasi,Evaluasi Lonjakan Skor Risiko #4,21.0,12.0,9.0,3,0.37,0,Ya (Anomali),5,3
RSK-0005,Operations Dept,Keamanan TI,Evaluasi Lonjakan Skor Risiko #5,1.0,5.3,-4.3,3,0.04,0,Tidak,1,1
RSK-0006,Jakarta Branch,Operasional,Evaluasi Lonjakan Skor Risiko #6,1.0,5.3,-7.3,5,0.16,0,Tidak,1,3
RSK-0007,IT Dept,Finansial,Evaluasi Lonjakan Skor Risiko #7,7.2,3.9,3.3,0,0.01,0,Tidak,2,2
RSK-0008,Finance Dept,Reputasi,Evaluasi Lonjakan Skor Risiko #8,15.5,16.0,-0.5,2,0.14,0,Tidak,4,2
RSK-0009,Medan Branch,Operasional,Evaluasi Lonjakan Skor Risiko #9,9.4,12.0,-2.6,8,0.03,0,Tidak,3,1
RSK-0010,Operations Dept,Operasional,Evaluasi Lonjakan Skor Risiko #10,17.9,13.6,4.3,0,0.2,0,Tidak,4,3
RSK-0011,Surabaya Branch,Reputasi,Evaluasi Lonjakan Skor Risiko #11,5.8,3.3,2.5,4,0.05,0,Tidak,2,1
RSK-0012,Operations Dept,Finansial,Evaluasi Lonjakan Skor Risiko #12,16.7,17.5,-0.8,3,0.09,0,Tidak,4,1
RSK-0013,Finance Dept,Operasional,Evaluasi Lonjakan Skor Risiko #13,11.9,15.5,-3.6,2,0.14,0,Tidak,3,2
RSK-0014,Surabaya Branch,Legal & Kepatuhan,Evaluasi Lonjakan Skor Risiko #14,11.2,6.2,5.0,0,0.03,0,Tidak,3,1
RSK-0015,Jakarta Branch,Reputasi,Evaluasi Lonjakan Skor Risiko #15,9.8,5.7,4.1,1,0.2,0,Tidak,2,2
RSK-0016,Operations Dept,Reputasi,Evaluasi Lonjakan Skor Risiko #16,6.9,5.8,1.1,7,0.05,0,Tidak,2,2
RSK-0017,Medan Branch,Keamanan TI,Evaluasi Lonjakan Skor Risiko #17,16.5,7.6,8.9,1,0.16,1,Ya (Anomali),4,5
RSK-0018,Medan Branch,Finansial,Evaluasi Lonjakan Skor Risiko #18,8.1,10.9,-2.8,0,0.03,0,Tidak,2,1
RSK-0019,Jakarta Branch,Legal & Kepatuhan,Evaluasi Lonjakan Skor Risiko #19,4.9,9.5,-4.6,0,0.17,0,Tidak,1,2
RSK-0020,Bandung Branch,Legal & Kepatuhan,Evaluasi Lonjakan Skor Risiko #20,6.1,7.4,-1.3,10,0.02,0,Tidak,3,1
RSK-0021,Medan Branch,Keamanan TI,Evaluasi Lonjakan Skor Risiko #21,13.5,12.2,1.3,0,0.08,0,Tidak,3,1
RSK-0022,Bandung Branch,Operasional,Evaluasi Lonjakan Skor Risiko #22,7.6,5.1,2.5,0,0.04,0,Tidak,2,1
RSK-0023,Surabaya Branch,Operasional,Evaluasi Lonjakan Skor Risiko #23,7.9,7.4,0.5,6,0.21,0,Tidak,3,2
RSK-0024,Medan Branch,Legal & Kepatuhan,Evaluasi Lonjakan Skor Risiko #24,11.4,8.5,2.9,11,0.05,0,Tidak,3,2
RSK-0025,IT Dept,Finansial,Evaluasi Lonjakan Skor Risiko #25,6.3,9.8,-3.5,0,0.32,0,Tidak,2,4
RSK-0026,Jakarta Branch,Operasional,Evaluasi Lonjakan Skor Risiko #26,22.1,14.8,7.3,6,0.33,0,Tidak,5,3
RSK-0027,Operations Dept,Reputasi,Evaluasi Lonjakan Skor Risiko #27,7.2,6.0,1.2,0,0.03,0,Tidak,2,1
RSK-0028,Bandung Branch,Keamanan TI,Evaluasi Lonjakan Skor Risiko #28,16.7,10.7,6.0,1,0.14,0,Tidak,5,2
RSK-0029,IT Dept,Finansial,Evaluasi Lonjakan Skor Risiko #29,14.8,11.9,2.9,0,0.01,0,Tidak,4,2
RSK-0030,Surabaya Branch,Operasional,Evaluasi Lonjakan Skor Risiko #30,7.0,3.7,3.3,8,0.07,0,Tidak,2,1
RSK-0031,Surabaya Branch,Legal & Kepatuhan,Evaluasi Lonjakan Skor Risiko #31,15.9,12.1,3.8,1,0.19,0,Tidak,4,2
RSK-0032,Medan Branch,Keamanan TI,Evaluasi Lonjakan Skor Risiko #32,8.9,5.6,3.3,2,0.16,0,Tidak,2,2
RSK-0033,Medan Branch,Operasional,Evaluasi Lonjakan Skor Risiko #33,8.1,4.0,4.1,1,0.15,0,Tidak,3,3
RSK-0034,IT Dept,Legal & Kepatuhan,Evaluasi Lonjakan Skor Risiko #34,24.0,17.2,6.8,1,0.05,1,Tidak,5,4
RSK-0035,Finance Dept,Operasional,Evaluasi Lonjakan Skor Risiko #35,19.8,17.5,2.3,0,0.07,0,Tidak,4,1
RSK-0036,Finance Dept,Keamanan TI,Evaluasi Lonjakan Skor Risiko #36,19.4,15.1,4.3,7,0.02,0,Tidak,4,2
RSK-0037,Medan Branch,Reputasi,Evaluasi Lonjakan Skor Risiko #37,8.7,7.6,1.1,3,0.19,0,Tidak,2,2
RSK-0038,Finance Dept,Reputasi,Evaluasi Lonjakan Skor Risiko #38,11.8,4.5,7.3,3,0.11,0,Tidak,3,1
RSK-0039,Jakarta Branch,Legal & Kepatuhan,Evaluasi Lonjakan Skor Risiko #39,12.1,13.3,-1.2,0,0.19,0,Tidak,3,3
RSK-0040,IT Dept,Reputasi,Evaluasi Lonjakan Skor Risiko #40,18.3,9.6,8.7,2,0.04,0,Tidak,4,2
RSK-0041,Jakarta Branch,Keamanan TI,Evaluasi Lonjakan Skor Risiko #41,6.1,4.8,1.3,10,0.06,0,Tidak,2,1
RSK-0042,Finance Dept,Legal & Kepatuhan,Evaluasi Lonjakan Skor Risiko #42,6.2,10.4,-4.2,0,0.06,0,Tidak,3,1
RSK-0043,Medan Branch,Operasional,Evaluasi Lonjakan Skor Risiko #43,5.5,3.5,2.0,0,0.0,0,Tidak,3,1
RSK-0044,Jakarta Branch,Finansial,Evaluasi Lonjakan Skor Risiko #44,15.4,16.6,-1.2,0,0.06,0,Tidak,4,2
RSK-0045,Surabaya Branch,Operasional,Evaluasi Lonjakan Skor Risiko #45,11.8,6.9,4.9,1,0.24,0,Tidak,3,3
RSK-0046,Operations Dept,Keamanan TI,Evaluasi Lonjakan Skor Risiko #46,11.8,12.9,-1.1,4,0.34,0,Tidak,4,3
RSK-0047,Medan Branch,Legal & Kepatuhan,Evaluasi Lonjakan Skor Risiko #47,7.4,7.7,-0.3,5,0.11,0,Tidak,2,2
RSK-0048,IT Dept,Operasional,Evaluasi Lonjakan Skor Risiko #48,4.7,10.8,-6.1,0,0.09,0,Tidak,1,2
RSK-0049,Bandung Branch,Legal & Kepatuhan,Evaluasi Lonjakan Skor Risiko #49,10.9,11.2,-0.3,3,0.0,0,Tidak,3,1
RSK-0050,Bandung Branch,Reputasi,Evaluasi Lonjakan Skor Risiko #50,1.0,5.8,-8.2,5,0.32,0,Tidak,1,4
RSK-0051,Medan Branch,Finansial,Evaluasi Lonjakan Skor Risiko #51,12.7,17.5,-4.8,1,0.0,0,Tidak,3,1
RSK-0052,Finance Dept,Keamanan TI,Evaluasi Lonjakan Skor Risiko #52,19.1,14.6,4.5,2,0.43,0,Tidak,4,4
RSK-0053,Jakarta Branch,Operasional,Evaluasi Lonjakan Skor Risiko #53,21.7,17.1,4.6,1,0.1,0,Tidak,5,1
RSK-0054,Jakarta Branch,Finansial,Evaluasi Lonjakan Skor Risiko #54,19.6,16.4,3.2,2,0.06,0,Tidak,4,1
RSK-0055,Medan Branch,Keamanan TI,Evaluasi Lonjakan Skor Risiko #55,9.6,12.0,-2.4,4,0.39,0,Tidak,2,4
RSK-0056,Surabaya Branch,Keamanan TI,Evaluasi Lonjakan Skor Risiko #56,18.1,16.8,1.3,4,0.0,0,Tidak,4,1
RSK-0057,IT Dept,Reputasi,Evaluasi Lonjakan Skor Risiko #57,5.8,4.3,1.5,4,0.13,0,Tidak,3,2
RSK-0058,Finance Dept,Legal & Kepatuhan,Evaluasi Lonjakan Skor Risiko #58,2.8,5.9,-3.1,5,0.12,0,Tidak,1,1
RSK-0059,Surabaya Branch,Legal & Kepatuhan,Evaluasi Lonjakan Skor Risiko #59,11.2,3.7,7.5,2,0.04,0,Tidak,3,2
RSK-0060,Medan Branch,Finansial,Evaluasi Lonjakan Skor Risiko #60,12.9,7.9,5.0,0,0.08,0,Tidak,3,1
RSK-0061,Medan Branch,Reputasi,Evaluasi Lonjakan Skor Risiko #61,9.4,8.8,0.6,4,0.16,0,Tidak,2,2
RSK-0062,Surabaya Branch,Keamanan TI,Evaluasi Lonjakan Skor Risiko #62,8.7,7.1,1.6,1,0.19,0,Tidak,2,2
RSK-0063,Bandung Branch,Reputasi,Evaluasi Lonjakan Skor Risiko #63,17.7,15.4,2.3,2,0.0,0,Tidak,5,1
RSK-0064,Medan Branch,Reputasi,Evaluasi Lonjakan Skor Risiko #64,1.7,8.4,-6.7,4,0.41,0,Tidak,1,4
RSK-0065,IT Dept,Finansial,Evaluasi Lonjakan Skor Risiko #65,7.7,7.2,0.5,0,0.03,0,Tidak,2,2
RSK-0066,Operations Dept,Legal & Kepatuhan,Evaluasi Lonjakan Skor Risiko #66,9.9,11.1,-1.2,7,0.04,0,Tidak,3,1
RSK-0067,Finance Dept,Reputasi,Evaluasi Lonjakan Skor Risiko #67,2.6,5.1,-2.5,0,0.05,0,Tidak,1,2
RSK-0068,Surabaya Branch,Reputasi,Evaluasi Lonjakan Skor Risiko #68,15.4,15.0,0.4,1,0.01,0,Tidak,4,1
RSK-0069,Bandung Branch,Reputasi,Evaluasi Lonjakan Skor Risiko #69,12.8,4.1,8.7,1,0.02,1,Ya (Anomali),3,3
RSK-0070,Surabaya Branch,Operasional,Evaluasi Lonjakan Skor Risiko #70,21.9,17.8,4.1,1,0.64,0,Tidak,5,5
RSK-0071,Bandung Branch,Reputasi,Evaluasi Lonjakan Skor Risiko #71,13.8,14.6,-0.8,4,0.06,0,Tidak,4,2
RSK-0072,Bandung Branch,Reputasi,Evaluasi Lonjakan Skor Risiko #72,9.8,6.0,3.8,3,0.02,0,Tidak,2,1
RSK-0073,IT Dept,Keamanan TI,Evaluasi Lonjakan Skor Risiko #73,10.2,3.1,7.1,0,0.02,1,Ya (Anomali),3,3
RSK-0074,Finance Dept,Operasional,Evaluasi Lonjakan Skor Risiko #74,20.4,15.2,5.2,1,0.19,0,Tidak,5,2
RSK-0075,Medan Branch,Reputasi,Evaluasi Lonjakan Skor Risiko #75,15.3,13.6,1.7,0,0.29,0,Tidak,4,3
RSK-0076,Bandung Branch,Reputasi,Evaluasi Lonjakan Skor Risiko #76,12.8,13.9,-1.1,8,0.04,0,Tidak,3,1
RSK-0077,Medan Branch,Finansial,Evaluasi Lonjakan Skor Risiko #77,18.9,14.6,4.3,1,0.0,0,Tidak,4,1
RSK-0078,Finance Dept,Finansial,Evaluasi Lonjakan Skor Risiko #78,7.2,4.1,3.1,0,0.04,0,Tidak,2,1
RSK-0079,Medan Branch,Operasional,Evaluasi Lonjakan Skor Risiko #79,13.5,8.4,5.1,0,0.01,0,Tidak,4,2
RSK-0080,IT Dept,Keamanan TI,Evaluasi Lonjakan Skor Risiko #80,8.7,4.7,4.0,2,0.02,0,Tidak,3,1
RSK-0081,IT Dept,Operasional,Evaluasi Lonjakan Skor Risiko #81,21.6,15.9,5.7,1,0.08,0,Tidak,5,1
RSK-0082,Jakarta Branch,Operasional,Evaluasi Lonjakan Skor Risiko #82,11.7,12.3,-0.6,0,0.04,0,Tidak,3,1
RSK-0083,IT Dept,Finansial,Evaluasi Lonjakan Skor Risiko #83,14.8,8.0,6.8,2,0.11,0,Tidak,3,1
RSK-0084,Bandung Branch,Finansial,Evaluasi Lonjakan Skor Risiko #84,6.3,4.0,2.3,9,0.04,0,Tidak,2,2
RSK-0085,Finance Dept,Keamanan TI,Evaluasi Lonjakan Skor Risiko #85,17.5,7.7,9.8,2,0.42,0,Ya (Anomali),4,4
RSK-0086,IT Dept,Reputasi,Evaluasi Lonjakan Skor Risiko #86,6.6,7.9,-1.3,0,0.35,0,Tidak,2,3
RSK-0087,Surabaya Branch,Keamanan TI,Evaluasi Lonjakan Skor Risiko #87,22.3,13.9,8.4,2,0.13,0,Tidak,5,3
RSK-0088,Finance Dept,Reputasi,Evaluasi Lonjakan Skor Risiko #88,14.9,12.6,2.3,1,0.07,0,Tidak,4,1
RSK-0089,Bandung Branch,Legal & Kepatuhan,Evaluasi Lonjakan Skor Risiko #89,15.2,16.3,-1.1,6,0.07,0,Tidak,4,1
RSK-0090,Finance Dept,Finansial,Evaluasi Lonjakan Skor Risiko #90,9.7,10.1,-0.4,0,0.08,0,Tidak,2,1
RSK-0091,IT Dept,Legal & Kepatuhan,Evaluasi Lonjakan Skor Risiko #91,5.0,4.8,0.2,4,0.2,0,Tidak,1,3
RSK-0092,Surabaya Branch,Legal & Kepatuhan,Evaluasi Lonjakan Skor Risiko #92,16.9,13.7,3.2,0,0.09,0,Tidak,5,2
RSK-0093,Jakarta Branch,Finansial,Evaluasi Lonjakan Skor Risiko #93,18.0,14.4,3.6,3,0.29,0,Tidak,5,4
RSK-0094,Bandung Branch,Legal & Kepatuhan,Evaluasi Lonjakan Skor Risiko #94,10.6,11.4,-0.8,2,0.43,0,Tidak,4,4
RSK-0095,Operations Dept,Operasional,Evaluasi Lonjakan Skor Risiko #95,16.0,14.6,1.4,0,0.06,0,Tidak,4,2
RSK-0096,Bandung Branch,Reputasi,Evaluasi Lonjakan Skor Risiko #96,20.5,10.4,10.1,0,0.12,0,Tidak,5,1
RSK-0097,Finance Dept,Keamanan TI,Evaluasi Lonjakan Skor Risiko #97,19.2,10.8,8.4,0,0.01,1,Ya (Anomali),4,3
RSK-0098,Operations Dept,Finansial,Evaluasi Lonjakan Skor Risiko #98,12.6,9.4,3.2,2,0.03,0,Tidak,3,2
RSK-0099,Operations Dept,Operasional,Evaluasi Lonjakan Skor Risiko #99,5.1,3.4,1.7,10,0.08,0,Tidak,2,1
RSK-0100,Medan Branch,Keamanan TI,Evaluasi Lonjakan Skor Risiko #100,6.6,4.6,2.0,2,0.03,0,Tidak,2,1
RSK-0101,Operations Dept,Keamanan TI,Evaluasi Lonjakan Skor Risiko #101,7.5,3.5,4.0,0,0.31,0,Tidak,2,3
RSK-0102,Medan Branch,Keamanan TI,Evaluasi Lonjakan Skor Risiko #102,9.9,12.5,-2.6,7,0.03,0,Tidak,2,1
RSK-0103,Operations Dept,Legal & Kepatuhan,Evaluasi Lonjakan Skor Risiko #103,8.2,7.7,0.5,1,0.09,0,Tidak,2,2
RSK-0104,Surabaya Branch,Legal & Kepatuhan,Evaluasi Lonjakan Skor Risiko #104,5.4,10.6,-5.2,2,0.14,0,Tidak,2,2
RSK-0105,Jakarta Branch,Legal & Kepatuhan,Evaluasi Lonjakan Skor Risiko #105,19.7,16.6,3.1,1,0.18,0,Tidak,4,2
RSK-0106,Jakarta Branch,Legal & Kepatuhan,Evaluasi Lonjakan Skor Risiko #106,10.8,6.7,4.1,1,0.07,0,Tidak,3,1
RSK-0107,Operations Dept,Operasional,Evaluasi Lonjakan Skor Risiko #107,8.8,9.2,-0.4,3,0.3,0,Tidak,2,4
RSK-0108,Finance Dept,Legal & Kepatuhan,Evaluasi Lonjakan Skor Risiko #108,22.1,14.3,7.8,0,0.13,1,Ya (Anomali),5,5
RSK-0109,Finance Dept,Finansial,Evaluasi Lonjakan Skor Risiko #109,3.0,6.4,-3.4,1,0.09,0,Tidak,1,1
RSK-0110,Medan Branch,Keamanan TI,Evaluasi Lonjakan Skor Risiko #110,1.0,4.2,-4.4,3,0.01,0,Tidak,2,2
RSK-0111,IT Dept,Operasional,Evaluasi Lonjakan Skor Risiko #111,9.7,7.3,2.4,1,0.09,0,Tidak,2,2
RSK-0112,Jakarta Branch,Legal & Kepatuhan,Evaluasi Lonjakan Skor Risiko #112,11.1,5.4,5.7,0,0.26,0,Tidak,3,3
RSK-0113,IT Dept,Keamanan TI,Evaluasi Lonjakan Skor Risiko #113,25.0,16.9,8.2,6,0.14,0,Tidak,5,2
RSK-0114,Jakarta Branch,Operasional,Evaluasi Lonjakan Skor Risiko #114,14.8,15.1,-0.3,7,0.27,0,Tidak,4,3
RSK-0115,IT Dept,Keamanan TI,Evaluasi Lonjakan Skor Risiko #115,18.3,12.5,5.8,6,0.1,0,Tidak,4,2
RSK-0116,IT Dept,Operasional,Evaluasi Lonjakan Skor Risiko #116,17.4,16.1,1.3,1,0.02,0,Tidak,4,1
RSK-0117,Jakarta Branch,Reputasi,Evaluasi Lonjakan Skor Risiko #117,15.9,15.1,0.8,0,0.0,0,Tidak,4,1
RSK-0118,Surabaya Branch,Operasional,Evaluasi Lonjakan Skor Risiko #118,10.8,5.8,5.0,3,0.05,0,Tidak,4,1
RSK-0119,Surabaya Branch,Legal & Kepatuhan,Evaluasi Lonjakan Skor Risiko #119,20.5,16.4,4.1,0,0.18,0,Tidak,5,3
RSK-0120,Finance Dept,Keamanan TI,Evaluasi Lonjakan Skor Risiko #120,6.3,11.1,-4.8,3,0.23,0,Tidak,2,2
RSK-0121,IT Dept,Keamanan TI,Evaluasi Lonjakan Skor Risiko #121,22.5,15.1,7.4,1,0.05,1,Tidak,5,4
RSK-0122,IT Dept,Keamanan TI,Evaluasi Lonjakan Skor Risiko #122,23.4,16.4,7.0,0,0.1,1,Tidak,5,5
RSK-0123,IT Dept,Finansial,Evaluasi Lonjakan Skor Risiko #123,6.8,7.8,-1.0,0,0.08,0,Tidak,2,1
RSK-0124,IT Dept,Finansial,Evaluasi Lonjakan Skor Risiko #124,7.8,4.7,3.1,10,0.08,0,Tidak,2,1
RSK-0125,IT Dept,Legal & Kepatuhan,Evaluasi Lonjakan Skor Risiko #125,9.9,6.4,3.5,1,0.04,0,Tidak,2,1
RSK-0126,Medan Branch,Reputasi,Evaluasi Lonjakan Skor Risiko #126,11.9,9.4,2.5,1,0.02,0,Tidak,4,2
RSK-0127,Bandung Branch,Finansial,Evaluasi Lonjakan Skor Risiko #127,14.6,15.3,-0.7,0,0.03,0,Tidak,3,1
RSK-0128,IT Dept,Operasional,Evaluasi Lonjakan Skor Risiko #128,14.7,15.9,-1.2,0,0.01,0,Tidak,4,1
RSK-0129,Medan Branch,Legal & Kepatuhan,Evaluasi Lonjakan Skor Risiko #129,4.5,3.1,1.4,3,0.03,0,Tidak,1,1
RSK-0130,Surabaya Branch,Reputasi,Evaluasi Lonjakan Skor Risiko #130,16.9,10.7,6.2,2,0.0,0,Tidak,4,1
RSK-0131,IT Dept,Operasional,Evaluasi Lonjakan Skor Risiko #131,13.0,9.3,3.7,2,0.15,0,Tidak,4,3
RSK-0132,Surabaya Branch,Keamanan TI,Evaluasi Lonjakan Skor Risiko #132,6.3,6.3,0.0,6,0.06,0,Tidak,2,1
RSK-0133,Finance Dept,Finansial,Evaluasi Lonjakan Skor Risiko #133,9.4,4.8,4.6,0,0.54,0,Tidak,2,5
RSK-0134,Bandung Branch,Operasional,Evaluasi Lonjakan Skor Risiko #134,1.0,8.1,-9.9,4,0.03,0,Tidak,1,1
RSK-0135,Jakarta Branch,Reputasi,Evaluasi Lonjakan Skor Risiko #135,23.2,17.1,6.1,4,0.06,0,Tidak,5,1
RSK-0136,Bandung Branch,Legal & Kepatuhan,Evaluasi Lonjakan Skor Risiko #136,2.3,7.8,-5.5,7,0.07,0,Tidak,1,2
RSK-0137,IT Dept,Operasional,Evaluasi Lonjakan Skor Risiko #137,10.9,10.8,0.1,0,0.0,0,Tidak,3,1
RSK-0138,IT Dept,Legal & Kepatuhan,Evaluasi Lonjakan Skor Risiko #138,10.5,13.5,-3.0,1,0.27,0,Tidak,3,4
RSK-0139,Bandung Branch,Keamanan TI,Evaluasi Lonjakan Skor Risiko #139,4.8,8.5,-3.7,1,0.0,0,Tidak,2,1
RSK-0140,Bandung Branch,Reputasi,Evaluasi Lonjakan Skor Risiko #140,23.7,17.6,6.1,1,0.42,1,Ya (Anomali),5,5
RSK-0141,Finance Dept,Reputasi,Evaluasi Lonjakan Skor Risiko #141,17.0,17.4,-0.4,1,0.33,0,Tidak,4,3
RSK-0142,Operations Dept,Finansial,Evaluasi Lonjakan Skor Risiko #142,9.7,6.8,2.9,0,0.12,0,Tidak,3,2
RSK-0143,Surabaya Branch,Reputasi,Evaluasi Lonjakan Skor Risiko #143,11.8,10.5,1.3,2,0.12,0,Tidak,3,2
RSK-0144,Jakarta Branch,Operasional,Evaluasi Lonjakan Skor Risiko #144,10.9,7.5,3.4,4,0.16,0,Tidak,3,2
RSK-0145,Operations Dept,Operasional,Evaluasi Lonjakan Skor Risiko #145,9.1,7.3,1.8,3,0.07,0,Tidak,2,1
RSK-0146,Bandung Branch,Operasional,Evaluasi Lonjakan Skor Risiko #146,1.0,3.6,-3.6,9,0.16,0,Tidak,2,2
RSK-0147,Jakarta Branch,Keamanan TI,Evaluasi Lonjakan Skor Risiko #147,17.6,12.1,5.5,2,0.01,0,Tidak,5,1
RSK-0148,Bandung Branch,Reputasi,Evaluasi Lonjakan Skor Risiko #148,10.0,10.5,-0.5,0,0.01,0,Tidak,2,2
RSK-0149,Surabaya Branch,Reputasi,Evaluasi Lonjakan Skor Risiko #149,1.0,3.8,-4.7,2,0.09,0,Tidak,1,1
RSK-0150,Jakarta Branch,Operasional,Evaluasi Lonjakan Skor Risiko #150,7.0,7.2,-0.2,0,0.12,0,Tidak,2,2
RSK-0151,Operations Dept,Finansial,Evaluasi Lonjakan Skor Risiko #151,24.1,16.6,7.5,3,0.33,0,Tidak,5,3
RSK-0152,Medan Branch,Finansial,Evaluasi Lonjakan Skor Risiko #152,11.5,6.6,4.9,3,0.02,0,Tidak,3,2
RSK-0153,Surabaya Branch,Reputasi,Evaluasi Lonjakan Skor Risiko #153,5.3,5.2,0.1,0,0.26,0,Tidak,2,3
RSK-0154,Operations Dept,Reputasi,Evaluasi Lonjakan Skor Risiko #154,10.4,10.3,0.1,2,0.04,0,Tidak,4,1
RSK-0155,Jakarta Branch,Legal & Kepatuhan,Evaluasi Lonjakan Skor Risiko #155,18.0,17.8,0.2,4,0.08,0,Tidak,4,2
RSK-0156,Bandung Branch,Reputasi,Evaluasi Lonjakan Skor Risiko #156,16.4,6.6,9.8,2,0.06,0,Tidak,5,1
RSK-0157,Operations Dept,Operasional,Evaluasi Lonjakan Skor Risiko #157,16.1,13.1,3.0,0,0.08,0,Tidak,4,2
RSK-0158,Bandung Branch,Keamanan TI,Evaluasi Lonjakan Skor Risiko #158,17.6,14.4,3.2,2,0.02,0,Tidak,4,2
RSK-0159,Surabaya Branch,Reputasi,Evaluasi Lonjakan Skor Risiko #159,12.2,6.6,5.6,4,0.11,0,Tidak,4,1
RSK-0160,Surabaya Branch,Reputasi,Evaluasi Lonjakan Skor Risiko #160,16.4,13.9,2.5,10,0.24,0,Tidak,5,2
RSK-0161,Operations Dept,Operasional,Evaluasi Lonjakan Skor Risiko #161,9.0,8.5,0.5,0,0.09,0,Tidak,2,1
RSK-0162,Bandung Branch,Legal & Kepatuhan,Evaluasi Lonjakan Skor Risiko #162,13.2,12.5,0.7,14,0.1,0,Tidak,3,1
RSK-0163,Jakarta Branch,Reputasi,Evaluasi Lonjakan Skor Risiko #163,13.7,12.5,1.2,3,0.28,0,Tidak,4,3
RSK-0164,Operations Dept,Finansial,Evaluasi Lonjakan Skor Risiko #164,12.4,11.0,1.4,0,0.18,0,Tidak,3,2
RSK-0165,Medan Branch,Finansial,Evaluasi Lonjakan Skor Risiko #165,8.8,4.4,4.4,0,0.1,0,Tidak,2,1
RSK-0166,Finance Dept,Finansial,Evaluasi Lonjakan Skor Risiko #166,17.2,15.5,1.7,3,0.04,0,Tidak,4,1
RSK-0167,Surabaya Branch,Keamanan TI,Evaluasi Lonjakan Skor Risiko #167,12.2,7.8,4.4,0,0.32,0,Tidak,4,3
RSK-0168,Bandung Branch,Keamanan TI,Evaluasi Lonjakan Skor Risiko #168,7.0,5.8,1.2,1,0.13,0,Tidak,3,2
RSK-0169,Jakarta Branch,Reputasi,Evaluasi Lonjakan Skor Risiko #169,5.4,3.6,1.8,10,0.04,0,Tidak,3,1
RSK-0170,Surabaya Branch,Reputasi,Evaluasi Lonjakan Skor Risiko #170,5.4,11.9,-6.5,2,0.05,0,Tidak,2,1
RSK-0171,Jakarta Branch,Reputasi,Evaluasi Lonjakan Skor Risiko #171,18.4,13.2,5.2,1,0.24,0,Tidak,4,2
RSK-0172,Surabaya Branch,Keamanan TI,Evaluasi Lonjakan Skor Risiko #172,6.1,3.2,2.9,16,0.01,0,Tidak,2,1
RSK-0173,Bandung Branch,Reputasi,Evaluasi Lonjakan Skor Risiko #173,16.2,10.7,5.5,0,0.73,0,Tidak,5,5
RSK-0174,Jakarta Branch,Operasional,Evaluasi Lonjakan Skor Risiko #174,1.0,6.4,-10.1,2,0.02,0,Tidak,1,1
RSK-0175,Bandung Branch,Legal & Kepatuhan,Evaluasi Lonjakan Skor Risiko #175,22.6,12.7,9.9,6,0.24,0,Tidak,5,3
RSK-0176,Jakarta Branch,Finansial,Evaluasi Lonjakan Skor Risiko #176,6.5,5.6,0.9,2,0.08,0,Tidak,2,1
RSK-0177,Surabaya Branch,Finansial,Evaluasi Lonjakan Skor Risiko #177,19.3,13.4,5.9,2,0.1,0,Tidak,4,1
RSK-0178,Finance Dept,Operasional,Evaluasi Lonjakan Skor Risiko #178,6.1,8.8,-2.7,0,0.32,0,Tidak,3,4
RSK-0179,Finance Dept,Reputasi,Evaluasi Lonjakan Skor Risiko #179,21.1,17.1,4.0,6,0.08,0,Tidak,5,2
RSK-0180,Operations Dept,Keamanan TI,Evaluasi Lonjakan Skor Risiko #180,2.4,5.1,-2.7,0,0.12,0,Tidak,2,1
RSK-0181,Medan Branch,Reputasi,Evaluasi Lonjakan Skor Risiko #181,7.1,8.1,-1.0,2,0.01,0,Tidak,2,1
RSK-0182,Medan Branch,Reputasi,Evaluasi Lonjakan Skor Risiko #182,13.9,4.7,9.2,0,0.0,1,Ya (Anomali),4,3
RSK-0183,Operations Dept,Finansial,Evaluasi Lonjakan Skor Risiko #183,17.6,16.9,0.7,0,0.04,0,Tidak,5,1
RSK-0184,Operations Dept,Finansial,Evaluasi Lonjakan Skor Risiko #184,18.6,16.2,2.4,0,0.17,0,Tidak,4,3
RSK-0185,IT Dept,Keamanan TI,Evaluasi Lonjakan Skor Risiko #185,11.9,6.9,5.0,7,0.02,0,Tidak,4,1
RSK-0186,Bandung Branch,Finansial,Evaluasi Lonjakan Skor Risiko #186,16.4,12.9,3.5,3,0.02,0,Tidak,4,2
RSK-0187,Jakarta Branch,Reputasi,Evaluasi Lonjakan Skor Risiko #187,17.4,15.3,2.1,9,0.08,0,Tidak,5,1
RSK-0188,Medan Branch,Operasional,Evaluasi Lonjakan Skor Risiko #188,14.3,11.3,3.0,0,0.16,0,Tidak,4,3
RSK-0189,Surabaya Branch,Keamanan TI,Evaluasi Lonjakan Skor Risiko #189,22.0,10.9,11.1,0,0.19,1,Ya (Anomali),5,5
RSK-0190,Operations Dept,Operasional,Evaluasi Lonjakan Skor Risiko #190,7.9,6.6,1.3,1,0.03,0,Tidak,2,1
RSK-0191,Finance Dept,Reputasi,Evaluasi Lonjakan Skor Risiko #191,6.7,4.4,2.3,0,0.01,0,Tidak,2,1
RSK-0192,Jakarta Branch,Keamanan TI,Evaluasi Lonjakan Skor Risiko #192,22.2,16.5,5.7,8,0.42,0,Tidak,5,4
RSK-0193,IT Dept,Operasional,Evaluasi Lonjakan Skor Risiko #193,22.4,16.5,5.9,0,0.05,0,Tidak,5,1
RSK-0194,Finance Dept,Keamanan TI,Evaluasi Lonjakan Skor Risiko #194,18.7,12.5,6.2,0,0.29,1,Ya (Anomali),5,5
RSK-0195,Operations Dept,Reputasi,Evaluasi Lonjakan Skor Risiko #195,12.2,8.1,4.1,1,0.3,0,Tidak,4,3
RSK-0196,Jakarta Branch,Keamanan TI,Evaluasi Lonjakan Skor Risiko #196,5.1,8.2,-3.1,1,0.22,0,Tidak,3,3
RSK-0197,Operations Dept,Reputasi,Evaluasi Lonjakan Skor Risiko #197,21.9,13.9,8.0,0,0.03,0,Tidak,5,1
RSK-0198,Medan Branch,Keamanan TI,Evaluasi Lonjakan Skor Risiko #198,13.4,16.5,-3.1,2,0.26,0,Tidak,4,3
RSK-0199,Medan Branch,Keamanan TI,Evaluasi Lonjakan Skor Risiko #199,19.0,16.3,2.7,1,0.22,0,Tidak,5,3
RSK-0200,Bandung Branch,Finansial,Evaluasi Lonjakan Skor Risiko #200,13.2,14.7,-1.5,2,0.14,0,Tidak,4,2
RSK-0201,IT Dept,Reputasi,Evaluasi Lonjakan Skor Risiko #201,13.8,12.6,1.2,2,0.06,0,Tidak,3,1
RSK-0202,Jakarta Branch,Legal & Kepatuhan,Evaluasi Lonjakan Skor Risiko #202,7.1,4.3,2.8,2,0.05,0,Tidak,2,1
RSK-0203,IT Dept,Keamanan TI,Evaluasi Lonjakan Skor Risiko #203,8.2,5.4,2.8,7,0.02,0,Tidak,2,1
RSK-0204,Surabaya Branch,Operasional,Evaluasi Lonjakan Skor Risiko #204,19.7,16.5,3.2,0,0.11,0,Tidak,4,2
RSK-0205,IT Dept,Finansial,Evaluasi Lonjakan Skor Risiko #205,20.1,12.1,8.0,5,0.13,0,Tidak,5,2
RSK-0206,Operations Dept,Finansial,Evaluasi Lonjakan Skor Risiko #206,6.4,3.1,3.3,1,0.07,0,Tidak,3,1
RSK-0207,Operations Dept,Keamanan TI,Evaluasi Lonjakan Skor Risiko #207,5.0,4.5,0.5,0,0.1,0,Tidak,1,2
RSK-0208,Medan Branch,Legal & Kepatuhan,Evaluasi Lonjakan Skor Risiko #208,18.4,13.0,5.4,8,0.07,0,Tidak,4,1
RSK-0209,Bandung Branch,Finansial,Evaluasi Lonjakan Skor Risiko #209,9.4,3.1,6.3,0,0.15,1,Tidak,2,4
RSK-0210,Operations Dept,Reputasi,Evaluasi Lonjakan Skor Risiko #210,2.0,5.4,-3.4,0,0.35,0,Tidak,2,4
RSK-0211,Medan Branch,Keamanan TI,Evaluasi Lonjakan Skor Risiko #211,15.1,11.2,3.9,0,0.03,0,Tidak,5,1
RSK-0212,Finance Dept,Keamanan TI,Evaluasi Lonjakan Skor Risiko #212,17.7,13.4,4.3,5,0.07,0,Tidak,5,2
RSK-0213,Medan Branch,Legal & Kepatuhan,Evaluasi Lonjakan Skor Risiko #213,13.1,12.8,0.3,2,0.02,0,Tidak,3,1
RSK-0214,Jakarta Branch,Reputasi,Evaluasi Lonjakan Skor Risiko #214,13.4,6.4,7.0,4,0.15,0,Tidak,3,3
RSK-0215,Bandung Branch,Reputasi,Evaluasi Lonjakan Skor Risiko #215,14.6,13.7,0.9,2,0.2,0,Tidak,4,3
RSK-0216,Operations Dept,Legal & Kepatuhan,Evaluasi Lonjakan Skor Risiko #216,8.6,6.6,2.0,6,0.4,0,Tidak,2,4
RSK-0217,Jakarta Branch,Operasional,Evaluasi Lonjakan Skor Risiko #217,8.7,7.9,0.8,1,0.05,0,Tidak,2,1
RSK-0218,Surabaya Branch,Reputasi,Evaluasi Lonjakan Skor Risiko #218,15.8,14.2,1.6,0,0.45,0,Tidak,4,4
RSK-0219,Surabaya Branch,Operasional,Evaluasi Lonjakan Skor Risiko #219,9.8,12.7,-2.9,1,0.01,0,Tidak,2,2
RSK-0220,Medan Branch,Operasional,Evaluasi Lonjakan Skor Risiko #220,11.4,15.7,-4.3,1,0.14,0,Tidak,4,2
RSK-0221,Bandung Branch,Keamanan TI,Evaluasi Lonjakan Skor Risiko #221,20.8,12.9,7.9,3,0.01,0,Tidak,5,1
RSK-0222,IT Dept,Keamanan TI,Evaluasi Lonjakan Skor Risiko #222,9.6,11.5,-1.9,1,0.34,0,Tidak,2,3
RSK-0223,Bandung Branch,Finansial,Evaluasi Lonjakan Skor Risiko #223,1.9,4.4,-2.5,0,0.11,0,Tidak,1,2
RSK-0224,Bandung Branch,Keamanan TI,Evaluasi Lonjakan Skor Risiko #224,1.4,8.5,-7.1,1,0.17,0,Tidak,1,2
RSK-0225,Bandung Branch,Reputasi,Evaluasi Lonjakan Skor Risiko #225,5.9,7.0,-1.1,3,0.27,0,Tidak,2,3
RSK-0226,Medan Branch,Reputasi,Evaluasi Lonjakan Skor Risiko #226,2.9,6.7,-3.8,2,0.02,0,Tidak,1,1
RSK-0227,Jakarta Branch,Operasional,Evaluasi Lonjakan Skor Risiko #227,25.0,17.6,8.1,0,0.01,1,Ya (Anomali),5,3
RSK-0228,Medan Branch,Reputasi,Evaluasi Lonjakan Skor Risiko #228,14.4,8.9,5.5,0,0.32,0,Tidak,3,3
RSK-0229,IT Dept,Keamanan TI,Evaluasi Lonjakan Skor Risiko #229,15.1,16.4,-1.3,2,0.06,0,Tidak,4,1
RSK-0230,Jakarta Branch,Keamanan TI,Evaluasi Lonjakan Skor Risiko #230,23.0,12.5,10.5,0,0.02,1,Ya (Anomali),5,4
RSK-0231,IT Dept,Keamanan TI,Evaluasi Lonjakan Skor Risiko #231,20.3,14.9,5.4,4,0.09,0,Tidak,5,2
RSK-0232,Finance Dept,Legal & Kepatuhan,Evaluasi Lonjakan Skor Risiko #232,10.7,10.5,0.2,3,0.14,0,Tidak,3,2
RSK-0233,Finance Dept,Reputasi,Evaluasi Lonjakan Skor Risiko #233,3.2,11.7,-8.5,0,0.0,0,Tidak,2,1
RSK-0234,Operations Dept,Finansial,Evaluasi Lonjakan Skor Risiko #234,21.1,10.4,10.7,2,0.05,0,Tidak,5,1
RSK-0235,Operations Dept,Reputasi,Evaluasi Lonjakan Skor Risiko #235,1.8,5.9,-4.1,1,0.01,0,Tidak,1,1
RSK-0236,Jakarta Branch,Reputasi,Evaluasi Lonjakan Skor Risiko #236,8.7,13.8,-5.1,9,0.08,0,Tidak,2,1
RSK-0237,Medan Branch,Legal & Kepatuhan,Evaluasi Lonjakan Skor Risiko #237,12.8,7.2,5.6,6,0.34,0,Tidak,4,3
RSK-0238,IT Dept,Reputasi,Evaluasi Lonjakan Skor Risiko #238,14.7,3.4,11.3,0,0.61,1,Ya (Anomali),3,5
RSK-0239,IT Dept,Operasional,Evaluasi Lonjakan Skor Risiko #239,19.7,12.7,7.0,0,0.15,0,Tidak,4,3
RSK-0240,Operations Dept,Keamanan TI,Evaluasi Lonjakan Skor Risiko #240,9.5,5.7,3.8,4,0.03,0,Tidak,3,2
RSK-0241,Operations Dept,Keamanan TI,Evaluasi Lonjakan Skor Risiko #241,21.0,17.1,3.9,0,0.35,0,Tidak,5,3
RSK-0242,Surabaya Branch,Legal & Kepatuhan,Evaluasi Lonjakan Skor Risiko #242,22.2,17.3,4.9,2,0.11,0,Tidak,5,1
RSK-0243,IT Dept,Keamanan TI,Evaluasi Lonjakan Skor Risiko #243,21.2,16.7,4.5,1,0.03,0,Tidak,5,2
RSK-0244,Medan Branch,Operasional,Evaluasi Lonjakan Skor Risiko #244,11.2,8.6,2.6,6,0.38,0,Tidak,3,5
RSK-0245,Surabaya Branch,Legal & Kepatuhan,Evaluasi Lonjakan Skor Risiko #245,5.1,3.2,1.9,0,0.21,0,Tidak,2,2
RSK-0246,Medan Branch,Finansial,Evaluasi Lonjakan Skor Risiko #246,18.1,16.9,1.2,5,0.2,0,Tidak,5,2
RSK-0247,Bandung Branch,Keamanan TI,Evaluasi Lonjakan Skor Risiko #247,7.9,9.4,-1.5,1,0.19,0,Tidak,2,2
RSK-0248,IT Dept,Reputasi,Evaluasi Lonjakan Skor Risiko #248,17.9,17.5,0.4,0,0.03,0,Tidak,4,1
RSK-0249,Bandung Branch,Operasional,Evaluasi Lonjakan Skor Risiko #249,12.2,17.5,-5.3,1,0.04,0,Tidak,4,1
RSK-0250,Finance Dept,Operasional,Evaluasi Lonjakan Skor Risiko #250,16.9,15.8,1.1,3,0.17,0,Tidak,5,2
RSK-0251,Finance Dept,Keamanan TI,Evaluasi Lonjakan Skor Risiko #251,4.9,7.4,-2.5,1,0.04,0,Tidak,2,1
RSK-0252,Jakarta Branch,Finansial,Evaluasi Lonjakan Skor Risiko #252,5.9,8.8,-2.9,0,0.09,0,Tidak,3,1
RSK-0253,IT Dept,Reputasi,Evaluasi Lonjakan Skor Risiko #253,18.0,15.8,2.2,10,0.23,0,Tidak,5,2
RSK-0254,Operations Dept,Finansial,Evaluasi Lonjakan Skor Risiko #254,14.9,7.8,7.1,4,0.23,0,Tidak,3,3
RSK-0255,Surabaya Branch,Finansial,Evaluasi Lonjakan Skor Risiko #255,10.7,5.5,5.2,6,0.09,0,Tidak,4,1
RSK-0256,Bandung Branch,Keamanan TI,Evaluasi Lonjakan Skor Risiko #256,6.6,11.4,-4.8,0,0.24,0,Tidak,3,2
RSK-0257,Medan Branch,Reputasi,Evaluasi Lonjakan Skor Risiko #257,14.5,17.0,-2.5,4,0.27,0,Tidak,3,3
RSK-0258,IT Dept,Keamanan TI,Evaluasi Lonjakan Skor Risiko #258,18.7,13.4,5.3,4,0.16,0,Tidak,4,2
RSK-0259,Jakarta Branch,Keamanan TI,Evaluasi Lonjakan Skor Risiko #259,9.2,11.6,-2.4,0,0.04,0,Tidak,3,1
RSK-0260,Medan Branch,Operasional,Evaluasi Lonjakan Skor Risiko #260,5.1,4.5,0.6,2,0.05,0,Tidak,2,1
RSK-0261,Bandung Branch,Keamanan TI,Evaluasi Lonjakan Skor Risiko #261,15.9,12.2,3.7,5,0.06,0,Tidak,5,1
RSK-0262,IT Dept,Legal & Kepatuhan,Evaluasi Lonjakan Skor Risiko #262,15.5,17.9,-2.4,0,0.02,0,Tidak,4,1
RSK-0263,Operations Dept,Reputasi,Evaluasi Lonjakan Skor Risiko #263,7.0,5.1,1.9,2,0.05,0,Tidak,2,1
RSK-0264,Bandung Branch,Operasional,Evaluasi Lonjakan Skor Risiko #264,7.0,10.8,-3.8,2,0.04,0,Tidak,2,2
RSK-0265,IT Dept,Reputasi,Evaluasi Lonjakan Skor Risiko #265,15.3,16.2,-0.9,2,0.09,0,Tidak,4,1
RSK-0266,IT Dept,Operasional,Evaluasi Lonjakan Skor Risiko #266,16.9,14.1,2.8,5,0.36,0,Tidak,4,3
RSK-0267,Bandung Branch,Legal & Kepatuhan,Evaluasi Lonjakan Skor Risiko #267,8.6,13.5,-4.9,3,0.02,0,Tidak,2,1
RSK-0268,Bandung Branch,Keamanan TI,Evaluasi Lonjakan Skor Risiko #268,16.8,13.5,3.3,0,0.19,0,Tidak,4,2
RSK-0269,Medan Branch,Operasional,Evaluasi Lonjakan Skor Risiko #269,9.8,8.4,1.4,2,0.17,0,Tidak,2,2
RSK-0270,Jakarta Branch,Operasional,Evaluasi Lonjakan Skor Risiko #270,11.1,7.4,3.7,1,0.02,0,Tidak,3,1
RSK-0271,Bandung Branch,Operasional,Evaluasi Lonjakan Skor Risiko #271,17.5,15.1,2.4,4,0.38,0,Tidak,4,5
RSK-0272,Finance Dept,Legal & Kepatuhan,Evaluasi Lonjakan Skor Risiko #272,22.2,15.2,7.0,1,0.13,0,Tidak,5,3
RSK-0273,Jakarta Branch,Reputasi,Evaluasi Lonjakan Skor Risiko #273,18.0,16.0,2.0,0,0.07,0,Tidak,4,1
RSK-0274,Finance Dept,Legal & Kepatuhan,Evaluasi Lonjakan Skor Risiko #274,16.5,16.7,-0.2,0,0.21,0,Tidak,4,3
RSK-0275,Medan Branch,Operasional,Evaluasi Lonjakan Skor Risiko #275,12.7,10.7,2.0,1,0.04,0,Tidak,3,1
RSK-0276,Bandung Branch,Operasional,Evaluasi Lonjakan Skor Risiko #276,14.2,10.5,3.7,0,0.18,0,Tidak,3,3
RSK-0277,Jakarta Branch,Keamanan TI,Evaluasi Lonjakan Skor Risiko #277,16.7,15.0,1.7,9,0.01,0,Tidak,4,1
RSK-0278,Operations Dept,Legal & Kepatuhan,Evaluasi Lonjakan Skor Risiko #278,14.4,12.7,1.7,4,0.27,0,Tidak,3,3
RSK-0279,Bandung Branch,Legal & Kepatuhan,Evaluasi Lonjakan Skor Risiko #279,12.2,13.5,-1.3,4,0.09,0,Tidak,4,1
RSK-0280,IT Dept,Finansial,Evaluasi Lonjakan Skor Risiko #280,13.7,14.9,-1.2,2,0.15,0,Tidak,4,2
RSK-0281,Bandung Branch,Reputasi,Evaluasi Lonjakan Skor Risiko #281,12.3,16.4,-4.1,5,0.04,0,Tidak,4,2
RSK-0282,Operations Dept,Finansial,Evaluasi Lonjakan Skor Risiko #282,16.6,8.1,8.5,0,0.17,1,Ya (Anomali),4,5
RSK-0283,Jakarta Branch,Finansial,Evaluasi Lonjakan Skor Risiko #283,5.1,8.6,-3.5,11,0.22,0,Tidak,2,2
RSK-0284,Bandung Branch,Reputasi,Evaluasi Lonjakan Skor Risiko #284,3.1,4.4,-1.3,2,0.1,0,Tidak,1,2
RSK-0285,Bandung Branch,Keamanan TI,Evaluasi Lonjakan Skor Risiko #285,10.3,11.7,-1.4,6,0.14,0,Tidak,4,3
RSK-0286,Surabaya Branch,Keamanan TI,Evaluasi Lonjakan Skor Risiko #286,8.6,3.5,5.1,0,0.09,0,Tidak,3,1
RSK-0287,Surabaya Branch,Reputasi,Evaluasi Lonjakan Skor Risiko #287,10.3,10.0,0.3,2,0.34,0,Tidak,3,3
RSK-0288,Jakarta Branch,Reputasi,Evaluasi Lonjakan Skor Risiko #288,17.6,11.1,6.5,0,0.1,1,Ya (Anomali),4,4
RSK-0289,Jakarta Branch,Legal & Kepatuhan,Evaluasi Lonjakan Skor Risiko #289,6.1,7.3,-1.2,2,0.28,0,Tidak,2,3
RSK-0290,IT Dept,Legal & Kepatuhan,Evaluasi Lonjakan Skor Risiko #290,14.5,11.9,2.6,0,0.24,0,Tidak,4,2
RSK-0291,IT Dept,Legal & Kepatuhan,Evaluasi Lonjakan Skor Risiko #291,1.7,3.5,-1.8,6,0.08,0,Tidak,2,1
RSK-0292,Bandung Branch,Legal & Kepatuhan,Evaluasi Lonjakan Skor Risiko #292,13.7,3.6,10.1,1,0.04,0,Tidak,3,1
RSK-0293,Finance Dept,Operasional,Evaluasi Lonjakan Skor Risiko #293,12.0,15.3,-3.3,0,0.08,0,Tidak,4,1
RSK-0294,Jakarta Branch,Operasional,Evaluasi Lonjakan Skor Risiko #294,11.1,8.4,2.7,1,0.26,0,Tidak,3,4
RSK-0295,Operations Dept,Keamanan TI,Evaluasi Lonjakan Skor Risiko #295,8.9,4.9,4.0,3,0.04,0,Tidak,3,1
RSK-0296,Bandung Branch,Operasional,Evaluasi Lonjakan Skor Risiko #296,14.0,10.8,3.2,3,0.11,0,Tidak,4,1
RSK-0297,Finance Dept,Operasional,Evaluasi Lonjakan Skor Risiko #297,15.3,14.5,0.8,0,0.25,0,Tidak,5,2
RSK-0298,Surabaya Branch,Legal & Kepatuhan,Evaluasi Lonjakan Skor Risiko #298,7.2,6.2,1.0,5,0.07,0,Tidak,2,1
RSK-0299,IT Dept,Legal & Kepatuhan,Evaluasi Lonjakan Skor Risiko #299,14.0,12.3,1.7,2,0.15,0,Tidak,3,2
RSK-0300,Operations Dept,Reputasi,Evaluasi Lonjakan Skor Risiko #300,5.2,4.3,0.9,1,0.04,0,Tidak,2,1
RSK-0301,Jakarta Branch,Legal & Kepatuhan,Evaluasi Lonjakan Skor Risiko #301,9.2,3.8,5.4,1,0.02,0,Tidak,2,1
RSK-0302,Bandung Branch,Reputasi,Evaluasi Lonjakan Skor Risiko #302,21.3,11.0,10.3,1,0.24,1,Ya (Anomali),5,5
RSK-0303,Surabaya Branch,Reputasi,Evaluasi Lonjakan Skor Risiko #303,10.4,11.1,-0.7,2,0.02,0,Tidak,3,1
RSK-0304,Medan Branch,Operasional,Evaluasi Lonjakan Skor Risiko #304,8.6,12.6,-4.0,0,0.05,0,Tidak,2,1
RSK-0305,Surabaya Branch,Legal & Kepatuhan,Evaluasi Lonjakan Skor Risiko #305,15.0,13.9,1.1,1,0.29,0,Tidak,4,3
RSK-0306,Bandung Branch,Operasional,Evaluasi Lonjakan Skor Risiko #306,25.0,17.6,11.8,0,0.06,1,Ya (Anomali),5,3
RSK-0307,IT Dept,Legal & Kepatuhan,Evaluasi Lonjakan Skor Risiko #307,9.0,10.7,-1.7,1,0.54,0,Tidak,2,5
RSK-0308,Finance Dept,Operasional,Evaluasi Lonjakan Skor Risiko #308,15.9,7.8,8.1,3,0.58,0,Ya (Anomali),4,5
RSK-0309,Operations Dept,Operasional,Evaluasi Lonjakan Skor Risiko #309,23.1,14.9,8.2,0,0.05,1,Ya (Anomali),5,4
RSK-0310,Operations Dept,Operasional,Evaluasi Lonjakan Skor Risiko #310,6.4,7.1,-0.7,2,0.01,0,Tidak,2,1
RSK-0311,Medan Branch,Keamanan TI,Evaluasi Lonjakan Skor Risiko #311,13.4,9.6,3.8,3,0.18,0,Tidak,4,3
RSK-0312,Operations Dept,Operasional,Evaluasi Lonjakan Skor Risiko #312,12.2,4.2,8.0,1,0.09,1,Ya (Anomali),3,5
RSK-0313,Medan Branch,Finansial,Evaluasi Lonjakan Skor Risiko #313,3.4,3.4,-0.0,13,0.02,0,Tidak,2,1
RSK-0314,IT Dept,Finansial,Evaluasi Lonjakan Skor Risiko #314,18.1,17.4,0.7,5,0.18,0,Tidak,4,2
RSK-0315,Medan Branch,Finansial,Evaluasi Lonjakan Skor Risiko #315,14.7,15.5,-0.8,3,0.0,0,Tidak,3,1
RSK-0316,Jakarta Branch,Reputasi,Evaluasi Lonjakan Skor Risiko #316,10.8,13.4,-2.6,2,0.31,0,Tidak,3,3
RSK-0317,Bandung Branch,Operasional,Evaluasi Lonjakan Skor Risiko #317,8.0,9.1,-1.1,3,0.02,0,Tidak,2,1
RSK-0318,Operations Dept,Finansial,Evaluasi Lonjakan Skor Risiko #318,2.2,5.6,-3.4,1,0.02,0,Tidak,1,1
RSK-0319,Medan Branch,Reputasi,Evaluasi Lonjakan Skor Risiko #319,6.9,5.3,1.6,3,0.03,0,Tidak,2,1
RSK-0320,Surabaya Branch,Finansial,Evaluasi Lonjakan Skor Risiko #320,5.2,6.8,-1.6,7,0.48,0,Tidak,2,4
RSK-0321,Finance Dept,Legal & Kepatuhan,Evaluasi Lonjakan Skor Risiko #321,13.6,11.2,2.4,3,0.18,0,Tidak,3,3
RSK-0322,Bandung Branch,Keamanan TI,Evaluasi Lonjakan Skor Risiko #322,9.0,13.7,-4.7,1,0.24,0,Tidak,2,2
RSK-0323,IT Dept,Operasional,Evaluasi Lonjakan Skor Risiko #323,15.7,12.9,2.8,0,0.08,0,Tidak,4,2
RSK-0324,Operations Dept,Keamanan TI,Evaluasi Lonjakan Skor Risiko #324,12.0,7.2,4.8,2,0.06,0,Tidak,4,2
RSK-0325,Surabaya Branch,Keamanan TI,Evaluasi Lonjakan Skor Risiko #325,10.8,17.3,-6.5,2,0.04,0,Tidak,4,2
RSK-0326,Jakarta Branch,Legal & Kepatuhan,Evaluasi Lonjakan Skor Risiko #326,17.1,14.1,3.0,0,0.1,0,Tidak,4,2
RSK-0327,Medan Branch,Legal & Kepatuhan,Evaluasi Lonjakan Skor Risiko #327,17.7,11.3,6.4,0,0.12,1,Tidak,4,4
RSK-0328,Surabaya Branch,Legal & Kepatuhan,Evaluasi Lonjakan Skor Risiko #328,8.9,12.2,-3.3,2,0.15,0,Tidak,3,2
RSK-0329,Bandung Branch,Reputasi,Evaluasi Lonjakan Skor Risiko #329,17.5,9.3,8.2,2,0.04,0,Tidak,4,1
RSK-0330,Operations Dept,Finansial,Evaluasi Lonjakan Skor Risiko #330,9.9,6.7,3.2,4,0.45,0,Tidak,3,4
RSK-0331,Surabaya Branch,Operasional,Evaluasi Lonjakan Skor Risiko #331,7.0,8.3,-1.3,3,0.03,0,Tidak,2,2
RSK-0332,Jakarta Branch,Legal & Kepatuhan,Evaluasi Lonjakan Skor Risiko #332,15.7,14.4,1.3,5,0.51,0,Tidak,5,5
RSK-0333,Finance Dept,Operasional,Evaluasi Lonjakan Skor Risiko #333,6.9,3.2,3.7,2,0.0,0,Tidak,2,1
RSK-0334,Medan Branch,Operasional,Evaluasi Lonjakan Skor Risiko #334,6.5,4.7,1.8,0,0.1,0,Tidak,3,1
RSK-0335,Bandung Branch,Operasional,Evaluasi Lonjakan Skor Risiko #335,7.4,3.7,3.7,2,0.06,0,Tidak,2,1
RSK-0336,Operations Dept,Legal & Kepatuhan,Evaluasi Lonjakan Skor Risiko #336,1.4,3.6,-2.2,3,0.09,0,Tidak,1,1
RSK-0337,Medan Branch,Legal & Kepatuhan,Evaluasi Lonjakan Skor Risiko #337,18.0,15.8,2.2,0,0.13,0,Tidak,4,2
RSK-0338,Medan Branch,Finansial,Evaluasi Lonjakan Skor Risiko #338,9.4,13.6,-4.2,5,0.09,0,Tidak,2,1
RSK-0339,IT Dept,Legal & Kepatuhan,Evaluasi Lonjakan Skor Risiko #339,11.2,10.1,1.1,0,0.08,0,Tidak,4,2
RSK-0340,Medan Branch,Legal & Kepatuhan,Evaluasi Lonjakan Skor Risiko #340,2.4,4.5,-2.1,2,0.2,0,Tidak,1,2
RSK-0341,Surabaya Branch,Operasional,Evaluasi Lonjakan Skor Risiko #341,9.0,10.4,-1.4,4,0.17,0,Tidak,3,3
RSK-0342,Surabaya Branch,Finansial,Evaluasi Lonjakan Skor Risiko #342,16.5,10.1,6.4,2,0.27,0,Tidak,4,3
RSK-0343,Finance Dept,Keamanan TI,Evaluasi Lonjakan Skor Risiko #343,11.5,5.6,5.9,0,0.04,0,Tidak,4,2
RSK-0344,Jakarta Branch,Legal & Kepatuhan,Evaluasi Lonjakan Skor Risiko #344,13.4,9.5,3.9,0,0.14,0,Tidak,3,2
RSK-0345,Operations Dept,Legal & Kepatuhan,Evaluasi Lonjakan Skor Risiko #345,6.1,9.0,-2.9,1,0.13,0,Tidak,3,3
RSK-0346,Operations Dept,Keamanan TI,Evaluasi Lonjakan Skor Risiko #346,12.4,12.2,0.2,4,0.07,0,Tidak,4,1
RSK-0347,Bandung Branch,Operasional,Evaluasi Lonjakan Skor Risiko #347,18.9,12.5,6.4,0,0.1,1,Ya (Anomali),4,4
RSK-0348,Surabaya Branch,Finansial,Evaluasi Lonjakan Skor Risiko #348,5.8,3.7,2.1,2,0.06,0,Tidak,3,1
RSK-0349,Medan Branch,Operasional,Evaluasi Lonjakan Skor Risiko #349,19.4,8.6,10.8,1,0.02,0,Tidak,5,2
RSK-0350,Jakarta Branch,Reputasi,Evaluasi Lonjakan Skor Risiko #350,15.5,12.4,3.1,6,0.04,0,Tidak,4,1
RSK-0351,Bandung Branch,Legal & Kepatuhan,Evaluasi Lonjakan Skor Risiko #351,12.8,10.5,2.3,0,0.02,0,Tidak,3,1
RSK-0352,Operations Dept,Reputasi,Evaluasi Lonjakan Skor Risiko #352,16.1,15.8,0.3,2,0.17,0,Tidak,4,2
RSK-0353,Bandung Branch,Legal & Kepatuhan,Evaluasi Lonjakan Skor Risiko #353,14.9,12.9,2.0,1,0.16,0,Tidak,4,2
RSK-0354,Bandung Branch,Reputasi,Evaluasi Lonjakan Skor Risiko #354,6.3,5.4,0.9,2,0.45,0,Tidak,2,5
RSK-0355,Operations Dept,Keamanan TI,Evaluasi Lonjakan Skor Risiko #355,8.4,4.1,4.3,0,0.2,0,Tidak,2,2
RSK-0356,Bandung Branch,Legal & Kepatuhan,Evaluasi Lonjakan Skor Risiko #356,17.9,12.6,5.3,1,0.01,0,Tidak,4,1
RSK-0357,Finance Dept,Legal & Kepatuhan,Evaluasi Lonjakan Skor Risiko #357,1.8,3.4,-1.6,1,0.32,0,Tidak,1,4
RSK-0358,Bandung Branch,Reputasi,Evaluasi Lonjakan Skor Risiko #358,8.0,11.8,-3.8,1,0.3,0,Tidak,3,4
RSK-0359,Jakarta Branch,Finansial,Evaluasi Lonjakan Skor Risiko #359,11.3,17.1,-5.8,3,0.09,0,Tidak,4,2
RSK-0360,Surabaya Branch,Reputasi,Evaluasi Lonjakan Skor Risiko #360,15.1,11.6,3.5,3,0.13,0,Tidak,4,2
RSK-0361,Jakarta Branch,Legal & Kepatuhan,Evaluasi Lonjakan Skor Risiko #361,5.9,8.8,-2.9,3,0.56,0,Tidak,2,5
RSK-0362,Medan Branch,Legal & Kepatuhan,Evaluasi Lonjakan Skor Risiko #362,5.5,12.6,-7.1,0,0.11,0,Tidak,3,1
RSK-0363,IT Dept,Finansial,Evaluasi Lonjakan Skor Risiko #363,13.0,9.9,3.1,5,0.35,0,Tidak,3,4
RSK-0364,Finance Dept,Operasional,Evaluasi Lonjakan Skor Risiko #364,22.7,11.2,11.5,1,0.01,0,Tidak,5,1
RSK-0365,Finance Dept,Finansial,Evaluasi Lonjakan Skor Risiko #365,18.6,17.1,1.5,0,0.03,0,Tidak,4,1
RSK-0366,Medan Branch,Operasional,Evaluasi Lonjakan Skor Risiko #366,13.7,8.8,4.9,7,0.09,0,Tidak,3,1
RSK-0367,Operations Dept,Legal & Kepatuhan,Evaluasi Lonjakan Skor Risiko #367,19.2,17.4,1.8,1,0.13,0,Tidak,4,2
RSK-0368,Jakarta Branch,Keamanan TI,Evaluasi Lonjakan Skor Risiko #368,17.7,16.6,1.1,5,0.25,0,Tidak,5,3
RSK-0369,Jakarta Branch,Keamanan TI,Evaluasi Lonjakan Skor Risiko #369,11.1,5.9,5.2,6,0.67,0,Tidak,3,5
RSK-0370,Medan Branch,Reputasi,Evaluasi Lonjakan Skor Risiko #370,4.3,4.0,0.3,1,0.07,0,Tidak,2,1
RSK-0371,Operations Dept,Finansial,Evaluasi Lonjakan Skor Risiko #371,7.1,4.5,2.6,0,0.01,0,Tidak,2,2
RSK-0372,IT Dept,Finansial,Evaluasi Lonjakan Skor Risiko #372,6.1,3.3,2.8,1,0.24,0,Tidak,2,2
RSK-0373,Bandung Branch,Keamanan TI,Evaluasi Lonjakan Skor Risiko #373,3.2,4.4,-1.2,3,0.14,0,Tidak,2,2
RSK-0374,Operations Dept,Operasional,Evaluasi Lonjakan Skor Risiko #374,18.7,13.2,5.5,3,0.03,0,Tidak,4,2
RSK-0375,Bandung Branch,Finansial,Evaluasi Lonjakan Skor Risiko #375,4.9,4.1,0.8,0,0.1,0,Tidak,1,2
RSK-0376,Surabaya Branch,Operasional,Evaluasi Lonjakan Skor Risiko #376,6.3,7.8,-1.5,0,0.2,0,Tidak,2,2
RSK-0377,Jakarta Branch,Operasional,Evaluasi Lonjakan Skor Risiko #377,19.3,15.7,3.6,1,0.22,0,Tidak,4,2
RSK-0378,Jakarta Branch,Operasional,Evaluasi Lonjakan Skor Risiko #378,1.2,3.3,-2.1,10,0.1,0,Tidak,2,1
RSK-0379,Medan Branch,Operasional,Evaluasi Lonjakan Skor Risiko #379,16.8,15.2,1.6,3,0.05,0,Tidak,4,2
RSK-0380,Medan Branch,Reputasi,Evaluasi Lonjakan Skor Risiko #380,8.7,7.2,1.5,2,0.55,0,Tidak,3,5
RSK-0381,Bandung Branch,Reputasi,Evaluasi Lonjakan Skor Risiko #381,10.6,4.8,5.8,3,0.16,0,Tidak,3,2
RSK-0382,Operations Dept,Keamanan TI,Evaluasi Lonjakan Skor Risiko #382,16.9,13.5,3.4,7,0.08,0,Tidak,4,1
RSK-0383,Jakarta Branch,Reputasi,Evaluasi Lonjakan Skor Risiko #383,13.8,12.4,1.4,2,0.05,0,Tidak,4,1
RSK-0384,Jakarta Branch,Finansial,Evaluasi Lonjakan Skor Risiko #384,21.0,16.2,4.8,0,0.2,0,Tidak,5,2
RSK-0385,Finance Dept,Reputasi,Evaluasi Lonjakan Skor Risiko #385,21.1,14.0,7.1,9,0.04,0,Tidak,5,1
RSK-0386,Surabaya Branch,Finansial,Evaluasi Lonjakan Skor Risiko #386,18.8,15.1,3.7,6,0.03,0,Tidak,4,2
RSK-0387,Surabaya Branch,Finansial,Evaluasi Lonjakan Skor Risiko #387,8.7,7.2,1.5,2,0.11,0,Tidak,2,1
RSK-0388,Bandung Branch,Operasional,Evaluasi Lonjakan Skor Risiko #388,2.0,5.7,-3.7,1,0.05,0,Tidak,1,1
RSK-0389,IT Dept,Keamanan TI,Evaluasi Lonjakan Skor Risiko #389,11.5,14.3,-2.8,0,0.15,0,Tidak,4,2
RSK-0390,Operations Dept,Operasional,Evaluasi Lonjakan Skor Risiko #390,15.4,15.1,0.3,0,0.02,0,Tidak,5,1
RSK-0391,Jakarta Branch,Operasional,Evaluasi Lonjakan Skor Risiko #391,17.0,17.9,-0.9,0,0.16,0,Tidak,4,2
RSK-0392,Finance Dept,Reputasi,Evaluasi Lonjakan Skor Risiko #392,10.0,9.2,0.8,1,0.05,0,Tidak,3,1
RSK-0393,Operations Dept,Reputasi,Evaluasi Lonjakan Skor Risiko #393,10.3,8.6,1.7,2,0.0,0,Tidak,3,1
RSK-0394,Jakarta Branch,Finansial,Evaluasi Lonjakan Skor Risiko #394,18.2,14.6,3.6,0,0.02,0,Tidak,4,1
RSK-0395,Medan Branch,Reputasi,Evaluasi Lonjakan Skor Risiko #395,9.3,8.1,1.2,3,0.41,0,Tidak,2,4
RSK-0396,Operations Dept,Reputasi,Evaluasi Lonjakan Skor Risiko #396,20.4,17.0,3.4,0,0.3,0,Tidak,5,4
RSK-0397,Bandung Branch,Legal & Kepatuhan,Evaluasi Lonjakan Skor Risiko #397,17.7,15.9,1.8,0,0.04,0,Tidak,5,1
RSK-0398,Operations Dept,Finansial,Evaluasi Lonjakan Skor Risiko #398,3.0,9.4,-6.4,0,0.23,0,Tidak,1,2
RSK-0399,IT Dept,Finansial,Evaluasi Lonjakan Skor Risiko #399,12.0,14.3,-2.3,4,0.14,0,Tidak,3,3
RSK-0400,Operations Dept,Legal & Kepatuhan,Evaluasi Lonjakan Skor Risiko #400,15.2,14.3,0.9,0,0.53,0,Tidak,5,5
RSK-0401,Operations Dept,Finansial,Evaluasi Lonjakan Skor Risiko #401,1.2,4.5,-3.3,0,0.07,0,Tidak,1,2
RSK-0402,Operations Dept,Keamanan TI,Evaluasi Lonjakan Skor Risiko #402,20.4,16.5,3.9,6,0.17,0,Tidak,5,2
RSK-0403,Surabaya Branch,Keamanan TI,Evaluasi Lonjakan Skor Risiko #403,18.2,10.6,7.6,0,0.01,1,Ya (Anomali),5,4
RSK-0404,Jakarta Branch,Legal & Kepatuhan,Evaluasi Lonjakan Skor Risiko #404,21.8,15.4,6.4,0,0.08,1,Ya (Anomali),5,5
RSK-0405,IT Dept,Reputasi,Evaluasi Lonjakan Skor Risiko #405,8.4,7.8,0.6,2,0.5,0,Tidak,2,5
RSK-0406,Bandung Branch,Keamanan TI,Evaluasi Lonjakan Skor Risiko #406,23.9,16.4,7.5,0,0.12,1,Tidak,5,4
RSK-0407,Surabaya Branch,Legal & Kepatuhan,Evaluasi Lonjakan Skor Risiko #407,10.9,8.8,2.1,0,0.05,0,Tidak,3,1
RSK-0408,Jakarta Branch,Keamanan TI,Evaluasi Lonjakan Skor Risiko #408,3.4,3.2,0.2,6,0.02,0,Tidak,1,1
RSK-0409,Finance Dept,Operasional,Evaluasi Lonjakan Skor Risiko #409,15.6,16.6,-1.0,4,0.18,0,Tidak,5,2
RSK-0410,Bandung Branch,Legal & Kepatuhan,Evaluasi Lonjakan Skor Risiko #410,4.7,4.4,0.3,0,0.16,0,Tidak,1,3
RSK-0411,Jakarta Branch,Finansial,Evaluasi Lonjakan Skor Risiko #411,7.7,7.8,-0.1,5,0.07,0,Tidak,3,1
RSK-0412,Surabaya Branch,Keamanan TI,Evaluasi Lonjakan Skor Risiko #412,19.5,17.3,2.2,1,0.45,0,Tidak,4,4
RSK-0413,Surabaya Branch,Finansial,Evaluasi Lonjakan Skor Risiko #413,19.4,17.3,2.1,7,0.0,0,Tidak,4,1
RSK-0414,Finance Dept,Legal & Kepatuhan,Evaluasi Lonjakan Skor Risiko #414,13.1,11.6,1.5,1,0.05,0,Tidak,3,1
RSK-0415,Bandung Branch,Keamanan TI,Evaluasi Lonjakan Skor Risiko #415,15.7,12.5,3.2,3,0.38,0,Tidak,5,5
RSK-0416,Bandung Branch,Finansial,Evaluasi Lonjakan Skor Risiko #416,16.0,9.7,6.3,1,0.06,1,Ya (Anomali),4,4
RSK-0417,IT Dept,Reputasi,Evaluasi Lonjakan Skor Risiko #417,12.7,7.4,5.3,4,0.04,0,Tidak,3,1
RSK-0418,Jakarta Branch,Reputasi,Evaluasi Lonjakan Skor Risiko #418,3.5,7.9,-4.4,1,0.11,0,Tidak,1,1
RSK-0419,IT Dept,Operasional,Evaluasi Lonjakan Skor Risiko #419,4.4,13.1,-8.7,1,0.26,0,Tidak,1,3
RSK-0420,Surabaya Branch,Legal & Kepatuhan,Evaluasi Lonjakan Skor Risiko #420,19.5,14.3,5.2,1,0.02,0,Tidak,4,1
RSK-0421,Surabaya Branch,Finansial,Evaluasi Lonjakan Skor Risiko #421,10.9,14.9,-4.0,1,0.43,0,Tidak,3,5
RSK-0422,Operations Dept,Operasional,Evaluasi Lonjakan Skor Risiko #422,15.4,14.8,0.6,0,0.24,0,Tidak,4,3
RSK-0423,Finance Dept,Legal & Kepatuhan,Evaluasi Lonjakan Skor Risiko #423,1.2,4.4,-3.2,2,0.03,0,Tidak,1,1
RSK-0424,Finance Dept,Reputasi,Evaluasi Lonjakan Skor Risiko #424,4.7,10.4,-5.7,5,0.19,0,Tidak,1,2
RSK-0425,Bandung Branch,Finansial,Evaluasi Lonjakan Skor Risiko #425,7.6,3.9,3.7,0,0.07,0,Tidak,2,1
RSK-0426,IT Dept,Keamanan TI,Evaluasi Lonjakan Skor Risiko #426,15.7,11.2,4.5,2,0.08,0,Tidak,4,1
RSK-0427,Surabaya Branch,Reputasi,Evaluasi Lonjakan Skor Risiko #427,8.8,9.6,-0.8,2,0.23,0,Tidak,2,2
RSK-0428,Operations Dept,Keamanan TI,Evaluasi Lonjakan Skor Risiko #428,7.4,16.3,-8.9,2,0.49,0,Tidak,2,4
RSK-0429,Jakarta Branch,Keamanan TI,Evaluasi Lonjakan Skor Risiko #429,7.6,8.3,-0.7,0,0.02,0,Tidak,3,1
RSK-0430,Operations Dept,Finansial,Evaluasi Lonjakan Skor Risiko #430,7.9,4.8,3.1,3,0.08,0,Tidak,2,1
RSK-0431,Medan Branch,Finansial,Evaluasi Lonjakan Skor Risiko #431,1.0,5.1,-4.4,0,0.1,0,Tidak,1,1
RSK-0432,Jakarta Branch,Keamanan TI,Evaluasi Lonjakan Skor Risiko #432,16.6,14.4,2.2,5,0.07,0,Tidak,4,2
RSK-0433,Finance Dept,Operasional,Evaluasi Lonjakan Skor Risiko #433,13.7,12.3,1.4,1,0.07,0,Tidak,4,2
RSK-0434,Jakarta Branch,Keamanan TI,Evaluasi Lonjakan Skor Risiko #434,8.3,4.5,3.8,0,0.01,0,Tidak,3,1
RSK-0435,Surabaya Branch,Keamanan TI,Evaluasi Lonjakan Skor Risiko #435,6.3,4.3,2.0,1,0.17,0,Tidak,2,2
RSK-0436,IT Dept,Finansial,Evaluasi Lonjakan Skor Risiko #436,11.1,13.5,-2.4,1,0.09,0,Tidak,3,1
RSK-0437,Operations Dept,Legal & Kepatuhan,Evaluasi Lonjakan Skor Risiko #437,10.4,4.1,6.3,0,0.03,1,Ya (Anomali),3,3
RSK-0438,Bandung Branch,Reputasi,Evaluasi Lonjakan Skor Risiko #438,16.2,15.3,0.9,1,0.25,0,Tidak,5,2
RSK-0439,IT Dept,Finansial,Evaluasi Lonjakan Skor Risiko #439,15.0,13.6,1.4,1,0.24,0,Tidak,4,3
RSK-0440,Medan Branch,Operasional,Evaluasi Lonjakan Skor Risiko #440,2.0,4.2,-2.2,3,0.1,0,Tidak,1,1
RSK-0441,Bandung Branch,Reputasi,Evaluasi Lonjakan Skor Risiko #441,4.0,4.3,-0.3,1,0.05,0,Tidak,2,1
RSK-0442,Medan Branch,Finansial,Evaluasi Lonjakan Skor Risiko #442,15.8,17.8,-2.0,5,0.15,0,Tidak,5,2
RSK-0443,Medan Branch,Finansial,Evaluasi Lonjakan Skor Risiko #443,9.4,8.6,0.8,3,0.05,0,Tidak,2,2
RSK-0444,Surabaya Branch,Legal & Kepatuhan,Evaluasi Lonjakan Skor Risiko #444,16.9,8.6,8.3,0,0.04,1,Ya (Anomali),4,4
RSK-0445,Surabaya Branch,Operasional,Evaluasi Lonjakan Skor Risiko #445,11.2,15.2,-4.0,6,0.2,0,Tidak,3,2
RSK-0446,Finance Dept,Operasional,Evaluasi Lonjakan Skor Risiko #446,12.2,17.2,-5.0,3,0.01,0,Tidak,3,1
RSK-0447,Finance Dept,Finansial,Evaluasi Lonjakan Skor Risiko #447,25.0,17.8,7.4,4,0.01,0,Tidak,5,1
RSK-0448,Medan Branch,Legal & Kepatuhan,Evaluasi Lonjakan Skor Risiko #448,15.0,14.3,0.7,3,0.0,0,Tidak,3,1
RSK-0449,IT Dept,Finansial,Evaluasi Lonjakan Skor Risiko #449,7.4,8.6,-1.2,1,0.02,0,Tidak,3,1
RSK-0450,Finance Dept,Keamanan TI,Evaluasi Lonjakan Skor Risiko #450,10.0,4.3,5.7,2,0.01,0,Tidak,3,1
RSK-0451,Surabaya Branch,Keamanan TI,Evaluasi Lonjakan Skor Risiko #451,13.8,14.7,-0.9,2,0.82,0,Tidak,3,5
RSK-0452,Finance Dept,Legal & Kepatuhan,Evaluasi Lonjakan Skor Risiko #452,20.2,11.4,8.8,5,0.05,0,Tidak,5,1
RSK-0453,Medan Branch,Finansial,Evaluasi Lonjakan Skor Risiko #453,13.6,9.4,4.2,0,0.02,0,Tidak,4,1
RSK-0454,Operations Dept,Legal & Kepatuhan,Evaluasi Lonjakan Skor Risiko #454,16.1,16.6,-0.5,0,0.04,0,Tidak,5,2
RSK-0455,Bandung Branch,Finansial,Evaluasi Lonjakan Skor Risiko #455,14.8,4.7,10.1,2,0.41,0,Ya (Anomali),4,4
RSK-0456,IT Dept,Finansial,Evaluasi Lonjakan Skor Risiko #456,9.5,10.4,-0.9,7,0.11,0,Tidak,2,1
RSK-0457,IT Dept,Keamanan TI,Evaluasi Lonjakan Skor Risiko #457,7.7,3.2,4.5,1,0.07,0,Tidak,2,1
RSK-0458,Jakarta Branch,Reputasi,Evaluasi Lonjakan Skor Risiko #458,12.7,10.0,2.7,2,0.31,0,Tidak,3,3
RSK-0459,Finance Dept,Operasional,Evaluasi Lonjakan Skor Risiko #459,10.5,3.8,6.7,11,0.08,0,Tidak,4,1
RSK-0460,IT Dept,Operasional,Evaluasi Lonjakan Skor Risiko #460,12.5,4.8,7.7,2,0.06,0,Tidak,3,1
RSK-0461,Operations Dept,Legal & Kepatuhan,Evaluasi Lonjakan Skor Risiko #461,6.4,4.8,1.6,2,0.03,0,Tidak,3,1
RSK-0462,Operations Dept,Operasional,Evaluasi Lonjakan Skor Risiko #462,11.2,12.7,-1.5,5,0.07,0,Tidak,3,1
RSK-0463,Surabaya Branch,Keamanan TI,Evaluasi Lonjakan Skor Risiko #463,17.5,14.2,3.3,6,0.06,0,Tidak,5,1
RSK-0464,Bandung Branch,Reputasi,Evaluasi Lonjakan Skor Risiko #464,10.6,11.8,-1.2,4,0.17,0,Tidak,3,2
RSK-0465,Surabaya Branch,Finansial,Evaluasi Lonjakan Skor Risiko #465,25.0,17.4,9.6,8,0.05,0,Tidak,5,2
RSK-0466,Finance Dept,Finansial,Evaluasi Lonjakan Skor Risiko #466,10.6,8.6,2.0,0,0.13,0,Tidak,3,2
RSK-0467,Medan Branch,Keamanan TI,Evaluasi Lonjakan Skor Risiko #467,7.3,7.3,0.0,10,0.01,0,Tidak,2,1
RSK-0468,Operations Dept,Operasional,Evaluasi Lonjakan Skor Risiko #468,18.2,16.0,2.2,0,0.03,0,Tidak,4,1
RSK-0469,Operations Dept,Finansial,Evaluasi Lonjakan Skor Risiko #469,2.5,6.4,-3.9,3,0.08,0,Tidak,1,2
RSK-0470,Jakarta Branch,Operasional,Evaluasi Lonjakan Skor Risiko #470,15.0,17.4,-2.4,5,0.41,0,Tidak,3,4
RSK-0471,Jakarta Branch,Keamanan TI,Evaluasi Lonjakan Skor Risiko #471,9.5,3.2,6.3,2,0.07,0,Tidak,2,2
RSK-0472,Operations Dept,Finansial,Evaluasi Lonjakan Skor Risiko #472,16.4,17.5,-1.1,3,0.16,0,Tidak,5,3
RSK-0473,Bandung Branch,Legal & Kepatuhan,Evaluasi Lonjakan Skor Risiko #473,1.0,3.6,-2.7,0,0.04,0,Tidak,1,1
RSK-0474,IT Dept,Reputasi,Evaluasi Lonjakan Skor Risiko #474,20.0,16.4,3.6,4,0.02,0,Tidak,4,1
RSK-0475,IT Dept,Operasional,Evaluasi Lonjakan Skor Risiko #475,17.1,10.9,6.2,2,0.01,0,Tidak,5,1
RSK-0476,Operations Dept,Operasional,Evaluasi Lonjakan Skor Risiko #476,22.3,17.9,4.4,1,0.05,0,Tidak,5,2
RSK-0477,IT Dept,Operasional,Evaluasi Lonjakan Skor Risiko #477,9.6,4.1,5.5,1,0.03,0,Tidak,3,1
RSK-0478,Jakarta Branch,Operasional,Evaluasi Lonjakan Skor Risiko #478,9.8,11.3,-1.5,1,0.03,0,Tidak,2,1
RSK-0479,Medan Branch,Keamanan TI,Evaluasi Lonjakan Skor Risiko #479,13.3,17.5,-4.2,0,0.21,0,Tidak,3,2
RSK-0480,IT Dept,Keamanan TI,Evaluasi Lonjakan Skor Risiko #480,18.3,10.8,7.5,0,0.0,1,Ya (Anomali),4,3
RSK-0481,Surabaya Branch,Keamanan TI,Evaluasi Lonjakan Skor Risiko #481,12.6,12.4,0.2,6,0.12,0,Tidak,3,1
RSK-0482,Operations Dept,Keamanan TI,Evaluasi Lonjakan Skor Risiko #482,13.9,13.4,0.5,6,0.07,0,Tidak,3,1
RSK-0483,IT Dept,Finansial,Evaluasi Lonjakan Skor Risiko #483,16.6,9.8,6.8,15,0.11,0,Tidak,4,1
RSK-0484,Medan Branch,Keamanan TI,Evaluasi Lonjakan Skor Risiko #484,16.1,12.4,3.7,1,0.12,0,Tidak,4,1
RSK-0485,Operations Dept,Finansial,Evaluasi Lonjakan Skor Risiko #485,15.1,11.8,3.3,0,0.06,0,Tidak,4,1
RSK-0486,Bandung Branch,Legal & Kepatuhan,Evaluasi Lonjakan Skor Risiko #486,25.0,16.5,10.2,2,0.05,0,Tidak,5,2
RSK-0487,Bandung Branch,Keamanan TI,Evaluasi Lonjakan Skor Risiko #487,2.6,3.7,-1.1,0,0.2,0,Tidak,1,2
RSK-0488,Jakarta Branch,Legal & Kepatuhan,Evaluasi Lonjakan Skor Risiko #488,12.4,7.2,5.2,0,0.31,0,Tidak,3,4
RSK-0489,Medan Branch,Keamanan TI,Evaluasi Lonjakan Skor Risiko #489,19.0,17.3,1.7,0,0.03,0,Tidak,4,1
RSK-0490,Surabaya Branch,Legal & Kepatuhan,Evaluasi Lonjakan Skor Risiko #490,19.0,16.4,2.6,0,0.02,0,Tidak,4,1
RSK-0491,Medan Branch,Reputasi,Evaluasi Lonjakan Skor Risiko #491,17.4,9.8,7.6,3,0.34,0,Tidak,4,4
RSK-0492,Surabaya Branch,Legal & Kepatuhan,Evaluasi Lonjakan Skor Risiko #492,15.8,12.3,3.5,1,0.06,0,Tidak,4,1
RSK-0493,Surabaya Branch,Finansial,Evaluasi Lonjakan Skor Risiko #493,10.9,7.2,3.7,0,0.12,0,Tidak,3,2
RSK-0494,Medan Branch,Operasional,Evaluasi Lonjakan Skor Risiko #494,11.6,5.8,5.8,0,0.07,0,Tidak,3,2
RSK-0495,Operations Dept,Legal & Kepatuhan,Evaluasi Lonjakan Skor Risiko #495,10.0,10.0,0.0,2,0.02,0,Tidak,2,1
RSK-0496,Finance Dept,Operasional,Evaluasi Lonjakan Skor Risiko #496,6.4,8.3,-1.9,1,0.13,0,Tidak,2,2
RSK-0497,Medan Branch,Reputasi,Evaluasi Lonjakan Skor Risiko #497,9.1,11.8,-2.7,3,0.11,0,Tidak,2,1
RSK-0498,Operations Dept,Reputasi,Evaluasi Lonjakan Skor Risiko #498,1.0,4.2,-6.4,2,0.03,0,Tidak,1,1
RSK-0499,Surabaya Branch,Finansial,Evaluasi Lonjakan Skor Risiko #499,25.0,17.6,9.7,5,0.09,0,Tidak,5,1
RSK-0500,Operations Dept,Finansial,Evaluasi Lonjakan Skor Risiko #500,14.9,17.8,-2.9,0,0.24,0,Tidak,3,2
RSK-0501,Operations Dept,Legal & Kepatuhan,Evaluasi Lonjakan Skor Risiko #501,14.1,13.5,0.6,1,0.13,0,Tidak,3,2
RSK-0502,IT Dept,Keamanan TI,Evaluasi Lonjakan Skor Risiko #502,11.4,11.0,0.4,1,0.02,0,Tidak,4,1
RSK-0503,Bandung Branch,Reputasi,Evaluasi Lonjakan Skor Risiko #503,10.3,7.6,2.7,1,0.12,0,Tidak,4,2
RSK-0504,Bandung Branch,Operasional,Evaluasi Lonjakan Skor Risiko #504,20.0,15.2,4.8,3,0.18,0,Tidak,4,3
RSK-0505,Jakarta Branch,Keamanan TI,Evaluasi Lonjakan Skor Risiko #505,18.2,13.3,4.9,1,0.24,0,Tidak,4,2
RSK-0506,Bandung Branch,Reputasi,Evaluasi Lonjakan Skor Risiko #506,4.6,5.4,-0.8,2,0.15,0,Tidak,1,3
RSK-0507,Finance Dept,Legal & Kepatuhan,Evaluasi Lonjakan Skor Risiko #507,17.5,16.7,0.8,0,0.02,0,Tidak,5,1
RSK-0508,Surabaya Branch,Reputasi,Evaluasi Lonjakan Skor Risiko #508,17.9,15.3,2.6,1,0.19,0,Tidak,4,2
RSK-0509,Medan Branch,Finansial,Evaluasi Lonjakan Skor Risiko #509,17.7,17.2,0.5,3,0.17,0,Tidak,5,2
RSK-0510,Medan Branch,Operasional,Evaluasi Lonjakan Skor Risiko #510,21.8,13.9,7.9,1,0.0,1,Tidak,5,3
RSK-0511,Finance Dept,Operasional,Evaluasi Lonjakan Skor Risiko #511,15.7,12.2,3.5,3,0.08,0,Tidak,4,1
RSK-0512,Bandung Branch,Finansial,Evaluasi Lonjakan Skor Risiko #512,13.7,9.3,4.4,2,0.06,0,Tidak,3,2
RSK-0513,Surabaya Branch,Keamanan TI,Evaluasi Lonjakan Skor Risiko #513,21.2,17.0,4.2,1,0.17,0,Tidak,5,3
RSK-0514,Bandung Branch,Finansial,Evaluasi Lonjakan Skor Risiko #514,22.2,16.0,6.2,2,0.04,0,Tidak,5,1
RSK-0515,Operations Dept,Operasional,Evaluasi Lonjakan Skor Risiko #515,5.9,3.7,2.2,0,0.13,0,Tidak,2,3
RSK-0516,Jakarta Branch,Legal & Kepatuhan,Evaluasi Lonjakan Skor Risiko #516,1.0,3.4,-3.7,1,0.37,0,Tidak,1,3
RSK-0517,Bandung Branch,Keamanan TI,Evaluasi Lonjakan Skor Risiko #517,11.7,8.6,3.1,2,0.24,0,Tidak,4,2
RSK-0518,Jakarta Branch,Reputasi,Evaluasi Lonjakan Skor Risiko #518,14.1,15.2,-1.1,1,0.38,0,Tidak,3,5
RSK-0519,Medan Branch,Legal & Kepatuhan,Evaluasi Lonjakan Skor Risiko #519,17.2,17.8,-0.6,1,0.58,0,Tidak,4,5
RSK-0520,Surabaya Branch,Keamanan TI,Evaluasi Lonjakan Skor Risiko #520,9.1,5.3,3.8,0,0.0,0,Tidak,2,1
RSK-0521,IT Dept,Operasional,Evaluasi Lonjakan Skor Risiko #521,18.4,11.9,6.5,1,0.15,1,Ya (Anomali),5,4
RSK-0522,Operations Dept,Operasional,Evaluasi Lonjakan Skor Risiko #522,10.3,8.7,1.6,1,0.08,0,Tidak,4,1
RSK-0523,Jakarta Branch,Legal & Kepatuhan,Evaluasi Lonjakan Skor Risiko #523,20.2,17.5,2.7,0,0.29,0,Tidak,5,3
RSK-0524,Bandung Branch,Keamanan TI,Evaluasi Lonjakan Skor Risiko #524,23.9,15.6,8.3,0,0.04,1,Ya (Anomali),5,3
RSK-0525,Operations Dept,Reputasi,Evaluasi Lonjakan Skor Risiko #525,18.1,15.6,2.5,1,0.59,0,Tidak,4,5
RSK-0526,Bandung Branch,Reputasi,Evaluasi Lonjakan Skor Risiko #526,21.9,10.0,11.9,0,0.14,1,Ya (Anomali),5,4
RSK-0527,Operations Dept,Finansial,Evaluasi Lonjakan Skor Risiko #527,13.0,9.2,3.8,8,0.24,0,Tidak,3,2
RSK-0528,Medan Branch,Legal & Kepatuhan,Evaluasi Lonjakan Skor Risiko #528,1.6,7.1,-5.5,1,0.01,0,Tidak,2,1
RSK-0529,Finance Dept,Keamanan TI,Evaluasi Lonjakan Skor Risiko #529,8.3,3.8,4.5,1,0.03,0,Tidak,2,2
RSK-0530,Operations Dept,Legal & Kepatuhan,Evaluasi Lonjakan Skor Risiko #530,19.0,16.0,3.0,6,0.21,0,Tidak,4,2
RSK-0531,IT Dept,Reputasi,Evaluasi Lonjakan Skor Risiko #531,21.9,15.2,6.7,5,0.0,0,Tidak,5,1
RSK-0532,Finance Dept,Keamanan TI,Evaluasi Lonjakan Skor Risiko #532,22.2,18.0,4.2,3,0.25,0,Tidak,5,2
RSK-0533,Bandung Branch,Operasional,Evaluasi Lonjakan Skor Risiko #533,18.8,17.9,0.9,1,0.0,0,Tidak,4,1
RSK-0534,Finance Dept,Operasional,Evaluasi Lonjakan Skor Risiko #534,7.9,11.3,-3.4,3,0.16,0,Tidak,2,2
RSK-0535,Operations Dept,Keamanan TI,Evaluasi Lonjakan Skor Risiko #535,15.2,14.5,0.7,2,0.07,0,Tidak,4,1
RSK-0536,IT Dept,Legal & Kepatuhan,Evaluasi Lonjakan Skor Risiko #536,15.3,17.2,-1.9,2,0.14,0,Tidak,4,3
RSK-0537,IT Dept,Legal & Kepatuhan,Evaluasi Lonjakan Skor Risiko #537,14.9,15.7,-0.8,1,0.18,0,Tidak,4,2
RSK-0538,Surabaya Branch,Operasional,Evaluasi Lonjakan Skor Risiko #538,10.6,6.7,3.9,2,0.06,0,Tidak,3,1
RSK-0539,Finance Dept,Operasional,Evaluasi Lonjakan Skor Risiko #539,18.0,9.8,8.2,5,0.02,0,Tidak,5,1
RSK-0540,Surabaya Branch,Reputasi,Evaluasi Lonjakan Skor Risiko #540,8.0,4.9,3.1,3,0.01,0,Tidak,2,1
RSK-0541,Bandung Branch,Keamanan TI,Evaluasi Lonjakan Skor Risiko #541,14.0,17.3,-3.3,0,0.13,0,Tidak,3,2
RSK-0542,Bandung Branch,Legal & Kepatuhan,Evaluasi Lonjakan Skor Risiko #542,15.4,12.1,3.3,0,0.11,0,Tidak,5,1
RSK-0543,Bandung Branch,Reputasi,Evaluasi Lonjakan Skor Risiko #543,12.7,6.4,6.3,1,0.2,0,Tidak,3,3
RSK-0544,Medan Branch,Legal & Kepatuhan,Evaluasi Lonjakan Skor Risiko #544,12.2,13.1,-0.9,2,0.11,0,Tidak,3,1
RSK-0545,Finance Dept,Operasional,Evaluasi Lonjakan Skor Risiko #545,13.3,12.3,1.0,6,0.08,0,Tidak,3,2
RSK-0546,Jakarta Branch,Keamanan TI,Evaluasi Lonjakan Skor Risiko #546,10.0,8.4,1.6,1,0.08,0,Tidak,2,1
RSK-0547,IT Dept,Finansial,Evaluasi Lonjakan Skor Risiko #547,3.1,4.7,-1.6,2,0.0,0,Tidak,1,1
RSK-0548,Jakarta Branch,Keamanan TI,Evaluasi Lonjakan Skor Risiko #548,17.2,13.1,4.1,3,0.06,0,Tidak,5,1
RSK-0549,Bandung Branch,Finansial,Evaluasi Lonjakan Skor Risiko #549,11.8,10.8,1.0,3,0.56,0,Tidak,4,5
RSK-0550,Operations Dept,Reputasi,Evaluasi Lonjakan Skor Risiko #550,17.8,14.6,3.2,3,0.31,0,Tidak,4,4
RSK-0551,Operations Dept,Finansial,Evaluasi Lonjakan Skor Risiko #551,8.8,10.8,-2.0,0,0.06,0,Tidak,2,1
RSK-0552,Finance Dept,Finansial,Evaluasi Lonjakan Skor Risiko #552,15.6,15.8,-0.2,6,0.13,0,Tidak,4,2
RSK-0553,Operations Dept,Reputasi,Evaluasi Lonjakan Skor Risiko #553,15.7,11.3,4.4,0,0.28,0,Tidak,4,4
RSK-0554,Surabaya Branch,Keamanan TI,Evaluasi Lonjakan Skor Risiko #554,11.4,11.4,0.0,1,0.09,0,Tidak,3,2
RSK-0555,Jakarta Branch,Reputasi,Evaluasi Lonjakan Skor Risiko #555,24.5,16.1,8.4,2,0.0,0,Tidak,5,1
RSK-0556,Operations Dept,Operasional,Evaluasi Lonjakan Skor Risiko #556,9.0,9.1,-0.1,4,0.01,0,Tidak,2,2
RSK-0557,Bandung Branch,Operasional,Evaluasi Lonjakan Skor Risiko #557,7.4,5.0,2.4,2,0.11,0,Tidak,2,1
RSK-0558,Jakarta Branch,Finansial,Evaluasi Lonjakan Skor Risiko #558,8.6,3.4,5.2,2,0.52,0,Tidak,2,5
RSK-0559,Jakarta Branch,Reputasi,Evaluasi Lonjakan Skor Risiko #559,10.1,14.3,-4.2,1,0.18,0,Tidak,3,2
RSK-0560,IT Dept,Reputasi,Evaluasi Lonjakan Skor Risiko #560,6.8,12.3,-5.5,0,0.01,0,Tidak,3,2
RSK-0561,Jakarta Branch,Reputasi,Evaluasi Lonjakan Skor Risiko #561,9.0,13.6,-4.6,2,0.03,0,Tidak,2,2
RSK-0562,Bandung Branch,Keamanan TI,Evaluasi Lonjakan Skor Risiko #562,12.8,6.2,6.6,4,0.22,0,Tidak,3,2
RSK-0563,IT Dept,Legal & Kepatuhan,Evaluasi Lonjakan Skor Risiko #563,4.3,5.0,-0.7,0,0.28,0,Tidak,1,4
RSK-0564,Bandung Branch,Legal & Kepatuhan,Evaluasi Lonjakan Skor Risiko #564,14.9,3.2,11.7,2,0.14,0,Tidak,3,2
RSK-0565,Medan Branch,Legal & Kepatuhan,Evaluasi Lonjakan Skor Risiko #565,7.5,8.3,-0.8,2,0.16,0,Tidak,2,2
RSK-0566,Operations Dept,Keamanan TI,Evaluasi Lonjakan Skor Risiko #566,14.0,11.8,2.2,6,0.0,0,Tidak,3,1
RSK-0567,Medan Branch,Reputasi,Evaluasi Lonjakan Skor Risiko #567,16.6,8.9,7.7,4,0.26,0,Tidak,5,4
RSK-0568,Operations Dept,Legal & Kepatuhan,Evaluasi Lonjakan Skor Risiko #568,19.1,9.6,9.5,0,0.23,1,Ya (Anomali),4,5
RSK-0569,Medan Branch,Reputasi,Evaluasi Lonjakan Skor Risiko #569,25.0,16.6,9.7,0,0.04,1,Ya (Anomali),5,3
RSK-0570,Jakarta Branch,Finansial,Evaluasi Lonjakan Skor Risiko #570,14.5,8.2,6.3,1,0.18,1,Tidak,3,4
RSK-0571,Finance Dept,Legal & Kepatuhan,Evaluasi Lonjakan Skor Risiko #571,16.3,10.7,5.6,1,0.04,0,Tidak,5,2
RSK-0572,Bandung Branch,Finansial,Evaluasi Lonjakan Skor Risiko #572,18.7,14.8,3.9,0,0.01,0,Tidak,5,1
RSK-0573,Medan Branch,Keamanan TI,Evaluasi Lonjakan Skor Risiko #573,13.5,8.9,4.6,2,0.03,0,Tidak,4,2
RSK-0574,Finance Dept,Operasional,Evaluasi Lonjakan Skor Risiko #574,11.6,12.3,-0.7,0,0.03,0,Tidak,3,2
RSK-0575,Medan Branch,Keamanan TI,Evaluasi Lonjakan Skor Risiko #575,14.1,15.9,-1.8,0,0.06,0,Tidak,4,1
RSK-0576,Operations Dept,Keamanan TI,Evaluasi Lonjakan Skor Risiko #576,18.7,17.2,1.5,7,0.08,0,Tidak,4,1
RSK-0577,Medan Branch,Keamanan TI,Evaluasi Lonjakan Skor Risiko #577,6.0,5.2,0.8,1,0.11,0,Tidak,2,2
RSK-0578,Finance Dept,Legal & Kepatuhan,Evaluasi Lonjakan Skor Risiko #578,16.6,16.9,-0.3,1,0.1,0,Tidak,5,2
RSK-0579,Medan Branch,Finansial,Evaluasi Lonjakan Skor Risiko #579,14.7,10.4,4.3,3,0.05,0,Tidak,4,2
RSK-0580,Jakarta Branch,Legal & Kepatuhan,Evaluasi Lonjakan Skor Risiko #580,12.2,6.9,5.3,2,0.0,0,Tidak,3,1
RSK-0581,Jakarta Branch,Operasional,Evaluasi Lonjakan Skor Risiko #581,11.8,9.9,1.9,0,0.14,0,Tidak,3,3
RSK-0582,IT Dept,Keamanan TI,Evaluasi Lonjakan Skor Risiko #582,25.0,17.7,7.4,8,0.08,0,Tidak,5,1
RSK-0583,Jakarta Branch,Reputasi,Evaluasi Lonjakan Skor Risiko #583,7.3,10.4,-3.1,4,0.05,0,Tidak,2,1
RSK-0584,Surabaya Branch,Operasional,Evaluasi Lonjakan Skor Risiko #584,8.6,7.9,0.7,0,0.3,0,Tidak,2,4
RSK-0585,IT Dept,Finansial,Evaluasi Lonjakan Skor Risiko #585,11.1,12.5,-1.4,6,0.21,0,Tidak,4,2
RSK-0586,Medan Branch,Operasional,Evaluasi Lonjakan Skor Risiko #586,1.0,6.6,-6.0,0,0.29,0,Tidak,1,4
RSK-0587,Surabaya Branch,Legal & Kepatuhan,Evaluasi Lonjakan Skor Risiko #587,5.3,4.1,1.2,1,0.1,0,Tidak,3,1
RSK-0588,Bandung Branch,Reputasi,Evaluasi Lonjakan Skor Risiko #588,5.9,4.9,1.0,6,0.02,0,Tidak,3,2
RSK-0589,Finance Dept,Legal & Kepatuhan,Evaluasi Lonjakan Skor Risiko #589,12.5,4.9,7.6,0,0.18,1,Ya (Anomali),3,4
RSK-0590,Bandung Branch,Keamanan TI,Evaluasi Lonjakan Skor Risiko #590,9.3,5.3,4.0,4,0.03,0,Tidak,3,1
RSK-0591,Surabaya Branch,Keamanan TI,Evaluasi Lonjakan Skor Risiko #591,2.5,5.1,-2.6,7,0.09,0,Tidak,1,2
RSK-0592,Jakarta Branch,Operasional,Evaluasi Lonjakan Skor Risiko #592,21.5,12.6,8.9,3,0.01,0,Tidak,5,1
RSK-0593,Operations Dept,Keamanan TI,Evaluasi Lonjakan Skor Risiko #593,12.1,5.7,6.4,2,0.26,0,Tidak,3,3
RSK-0594,Medan Branch,Keamanan TI,Evaluasi Lonjakan Skor Risiko #594,12.0,8.2,3.8,0,0.02,0,Tidak,3,2
RSK-0595,IT Dept,Finansial,Evaluasi Lonjakan Skor Risiko #595,17.1,16.5,0.6,14,0.35,0,Tidak,5,3
RSK-0596,Operations Dept,Finansial,Evaluasi Lonjakan Skor Risiko #596,7.8,10.1,-2.3,1,0.3,0,Tidak,3,4
RSK-0597,Operations Dept,Legal & Kepatuhan,Evaluasi Lonjakan Skor Risiko #597,13.0,13.0,0.0,1,0.09,0,Tidak,3,1
RSK-0598,Medan Branch,Legal & Kepatuhan,Evaluasi Lonjakan Skor Risiko #598,11.5,5.6,5.9,1,0.2,0,Tidak,4,2
RSK-0599,Jakarta Branch,Finansial,Evaluasi Lonjakan Skor Risiko #599,14.9,5.9,9.0,2,0.14,0,Tidak,3,3
RSK-0600,Medan Branch,Operasional,Evaluasi Lonjakan Skor Risiko #600,11.3,3.6,7.7,3,0.24,0,Tidak,4,2
RSK-0601,Finance Dept,Finansial,Evaluasi Lonjakan Skor Risiko #601,5.0,5.5,-0.5,0,0.08,0,Tidak,1,1
RSK-0602,Operations Dept,Legal & Kepatuhan,Evaluasi Lonjakan Skor Risiko #602,4.2,7.2,-3.0,0,0.23,0,Tidak,1,2
RSK-0603,Finance Dept,Reputasi,Evaluasi Lonjakan Skor Risiko #603,7.8,5.7,2.1,2,0.09,0,Tidak,2,2
RSK-0604,Finance Dept,Keamanan TI,Evaluasi Lonjakan Skor Risiko #604,1.0,4.3,-5.6,9,0.42,0,Tidak,1,4
RSK-0605,Bandung Branch,Reputasi,Evaluasi Lonjakan Skor Risiko #605,7.6,4.8,2.8,3,0.1,0,Tidak,2,1
RSK-0606,Jakarta Branch,Reputasi,Evaluasi Lonjakan Skor Risiko #606,10.8,9.9,0.9,3,0.09,0,Tidak,4,1
RSK-0607,Finance Dept,Keamanan TI,Evaluasi Lonjakan Skor Risiko #607,5.7,6.1,-0.4,7,0.23,0,Tidak,2,2
RSK-0608,Surabaya Branch,Finansial,Evaluasi Lonjakan Skor Risiko #608,3.6,8.5,-4.9,2,0.26,0,Tidak,2,3
RSK-0609,Finance Dept,Operasional,Evaluasi Lonjakan Skor Risiko #609,14.2,10.6,3.6,1,0.12,0,Tidak,4,1
RSK-0610,IT Dept,Reputasi,Evaluasi Lonjakan Skor Risiko #610,12.8,13.4,-0.6,10,0.03,0,Tidak,3,1
RSK-0611,Bandung Branch,Operasional,Evaluasi Lonjakan Skor Risiko #611,1.0,3.6,-3.2,4,0.09,0,Tidak,1,1
RSK-0612,Surabaya Branch,Legal & Kepatuhan,Evaluasi Lonjakan Skor Risiko #612,5.0,15.0,-10.0,2,0.52,0,Tidak,2,5
RSK-0613,Operations Dept,Reputasi,Evaluasi Lonjakan Skor Risiko #613,13.8,12.4,1.4,0,0.21,0,Tidak,3,2
RSK-0614,Jakarta Branch,Legal & Kepatuhan,Evaluasi Lonjakan Skor Risiko #614,12.8,4.2,8.6,0,0.25,1,Ya (Anomali),3,5
RSK-0615,Jakarta Branch,Finansial,Evaluasi Lonjakan Skor Risiko #615,24.2,16.1,8.1,1,0.01,1,Ya (Anomali),5,4
RSK-0616,IT Dept,Reputasi,Evaluasi Lonjakan Skor Risiko #616,16.5,16.8,-0.3,0,0.09,0,Tidak,4,1
RSK-0617,Operations Dept,Legal & Kepatuhan,Evaluasi Lonjakan Skor Risiko #617,3.0,3.9,-0.9,5,0.16,0,Tidak,2,2
RSK-0618,Finance Dept,Legal & Kepatuhan,Evaluasi Lonjakan Skor Risiko #618,10.6,7.2,3.4,8,0.27,0,Tidak,3,3
RSK-0619,Surabaya Branch,Finansial,Evaluasi Lonjakan Skor Risiko #619,12.6,15.1,-2.5,1,0.01,0,Tidak,3,1
RSK-0620,IT Dept,Operasional,Evaluasi Lonjakan Skor Risiko #620,16.9,14.2,2.7,1,0.29,0,Tidak,4,4
RSK-0621,Surabaya Branch,Operasional,Evaluasi Lonjakan Skor Risiko #621,10.4,5.8,4.6,0,0.12,0,Tidak,4,2
RSK-0622,Finance Dept,Reputasi,Evaluasi Lonjakan Skor Risiko #622,12.5,6.1,6.4,0,0.03,1,Ya (Anomali),4,3
RSK-0623,Operations Dept,Finansial,Evaluasi Lonjakan Skor Risiko #623,9.7,8.6,1.1,1,0.06,0,Tidak,2,1
RSK-0624,Finance Dept,Reputasi,Evaluasi Lonjakan Skor Risiko #624,11.0,10.3,0.7,0,0.05,0,Tidak,3,1
RSK-0625,Medan Branch,Operasional,Evaluasi Lonjakan Skor Risiko #625,10.3,12.3,-2.0,7,0.11,0,Tidak,3,1
RSK-0626,Medan Branch,Finansial,Evaluasi Lonjakan Skor Risiko #626,6.7,8.5,-1.8,1,0.01,0,Tidak,2,2
RSK-0627,Finance Dept,Keamanan TI,Evaluasi Lonjakan Skor Risiko #627,10.5,9.9,0.6,0,0.03,0,Tidak,3,1
RSK-0628,Bandung Branch,Finansial,Evaluasi Lonjakan Skor Risiko #628,17.2,14.2,3.0,3,0.25,0,Tidak,5,2
RSK-0629,IT Dept,Finansial,Evaluasi Lonjakan Skor Risiko #629,8.8,3.6,5.2,2,0.02,0,Tidak,2,1
RSK-0630,Medan Branch,Keamanan TI,Evaluasi Lonjakan Skor Risiko #630,5.1,6.8,-1.7,12,0.04,0,Tidak,2,2
RSK-0631,Finance Dept,Legal & Kepatuhan,Evaluasi Lonjakan Skor Risiko #631,21.2,13.7,7.5,1,0.09,1,Tidak,5,4
RSK-0632,Surabaya Branch,Legal & Kepatuhan,Evaluasi Lonjakan Skor Risiko #632,16.8,16.4,0.4,2,0.11,0,Tidak,4,2
RSK-0633,IT Dept,Legal & Kepatuhan,Evaluasi Lonjakan Skor Risiko #633,12.1,10.7,1.4,3,0.22,0,Tidak,3,2
RSK-0634,Operations Dept,Operasional,Evaluasi Lonjakan Skor Risiko #634,9.5,11.0,-1.5,0,0.09,0,Tidak,2,1
RSK-0635,Medan Branch,Finansial,Evaluasi Lonjakan Skor Risiko #635,1.0,4.6,-8.2,4,0.23,0,Tidak,1,3
RSK-0636,Operations Dept,Keamanan TI,Evaluasi Lonjakan Skor Risiko #636,14.7,9.7,5.0,3,0.14,0,Tidak,4,2
RSK-0637,Bandung Branch,Operasional,Evaluasi Lonjakan Skor Risiko #637,15.4,11.0,4.4,0,0.02,0,Tidak,4,1
RSK-0638,IT Dept,Keamanan TI,Evaluasi Lonjakan Skor Risiko #638,7.0,6.6,0.4,1,0.03,0,Tidak,2,1
RSK-0639,IT Dept,Operasional,Evaluasi Lonjakan Skor Risiko #639,8.8,7.0,1.8,11,0.09,0,Tidak,2,1
RSK-0640,Jakarta Branch,Operasional,Evaluasi Lonjakan Skor Risiko #640,12.3,8.7,3.6,0,0.08,0,Tidak,4,1
RSK-0641,Surabaya Branch,Operasional,Evaluasi Lonjakan Skor Risiko #641,1.0,3.3,-4.8,0,0.2,0,Tidak,1,3
RSK-0642,Bandung Branch,Keamanan TI,Evaluasi Lonjakan Skor Risiko #642,7.2,7.8,-0.6,1,0.13,0,Tidak,2,2
RSK-0643,Bandung Branch,Reputasi,Evaluasi Lonjakan Skor Risiko #643,10.9,6.2,4.7,1,0.07,0,Tidak,4,2
RSK-0644,Operations Dept,Operasional,Evaluasi Lonjakan Skor Risiko #644,4.4,7.9,-3.5,2,0.03,0,Tidak,1,1
RSK-0645,Bandung Branch,Legal & Kepatuhan,Evaluasi Lonjakan Skor Risiko #645,7.5,4.8,2.7,2,0.04,0,Tidak,3,1
RSK-0646,Surabaya Branch,Finansial,Evaluasi Lonjakan Skor Risiko #646,12.5,16.4,-3.9,0,0.13,0,Tidak,3,2
RSK-0647,Bandung Branch,Reputasi,Evaluasi Lonjakan Skor Risiko #647,15.3,11.9,3.4,3,0.08,0,Tidak,4,2
RSK-0648,Jakarta Branch,Reputasi,Evaluasi Lonjakan Skor Risiko #648,14.6,13.2,1.4,3,0.11,0,Tidak,3,2
RSK-0649,Medan Branch,Keamanan TI,Evaluasi Lonjakan Skor Risiko #649,9.8,14.8,-5.0,0,0.03,0,Tidak,2,2
RSK-0650,Surabaya Branch,Reputasi,Evaluasi Lonjakan Skor Risiko #650,16.7,10.5,6.2,1,0.16,1,Ya (Anomali),4,4
RSK-0651,Bandung Branch,Keamanan TI,Evaluasi Lonjakan Skor Risiko #651,2.9,4.3,-1.4,0,0.29,0,Tidak,1,3
RSK-0652,Finance Dept,Keamanan TI,Evaluasi Lonjakan Skor Risiko #652,9.4,11.1,-1.7,0,0.04,0,Tidak,2,1
RSK-0653,Medan Branch,Legal & Kepatuhan,Evaluasi Lonjakan Skor Risiko #653,14.1,11.8,2.3,1,0.1,0,Tidak,3,2
RSK-0654,Operations Dept,Operasional,Evaluasi Lonjakan Skor Risiko #654,20.3,14.2,6.1,3,0.56,0,Tidak,5,5
RSK-0655,IT Dept,Reputasi,Evaluasi Lonjakan Skor Risiko #655,6.9,9.5,-2.6,0,0.06,0,Tidak,3,1
RSK-0656,Surabaya Branch,Operasional,Evaluasi Lonjakan Skor Risiko #656,6.6,4.9,1.7,0,0.14,0,Tidak,2,2
RSK-0657,Finance Dept,Operasional,Evaluasi Lonjakan Skor Risiko #657,10.5,7.3,3.2,4,0.01,0,Tidak,4,1
RSK-0658,IT Dept,Operasional,Evaluasi Lonjakan Skor Risiko #658,12.7,8.4,4.3,0,0.14,0,Tidak,3,2
RSK-0659,Finance Dept,Keamanan TI,Evaluasi Lonjakan Skor Risiko #659,14.9,12.7,2.2,0,0.01,0,Tidak,3,2
RSK-0660,Bandung Branch,Operasional,Evaluasi Lonjakan Skor Risiko #660,11.6,11.6,0.0,1,0.48,0,Tidak,3,4
RSK-0661,Surabaya Branch,Reputasi,Evaluasi Lonjakan Skor Risiko #661,6.5,8.3,-1.8,3,0.19,0,Tidak,3,3
RSK-0662,Operations Dept,Keamanan TI,Evaluasi Lonjakan Skor Risiko #662,19.6,17.8,1.8,6,0.23,0,Tidak,5,3
RSK-0663,Bandung Branch,Reputasi,Evaluasi Lonjakan Skor Risiko #663,9.3,12.1,-2.8,3,0.18,0,Tidak,2,2
RSK-0664,IT Dept,Keamanan TI,Evaluasi Lonjakan Skor Risiko #664,1.0,6.6,-10.2,4,0.13,0,Tidak,2,2
RSK-0665,Operations Dept,Finansial,Evaluasi Lonjakan Skor Risiko #665,7.7,4.5,3.2,0,0.09,0,Tidak,2,1
RSK-0666,Jakarta Branch,Finansial,Evaluasi Lonjakan Skor Risiko #666,10.4,5.3,5.1,0,0.29,0,Tidak,3,4
RSK-0667,Finance Dept,Finansial,Evaluasi Lonjakan Skor Risiko #667,1.0,6.7,-8.0,1,0.47,0,Tidak,2,4
RSK-0668,Jakarta Branch,Finansial,Evaluasi Lonjakan Skor Risiko #668,2.9,5.4,-2.5,0,0.1,0,Tidak,2,1
RSK-0669,IT Dept,Keamanan TI,Evaluasi Lonjakan Skor Risiko #669,9.8,5.8,4.0,8,0.4,0,Tidak,3,4
RSK-0670,Bandung Branch,Operasional,Evaluasi Lonjakan Skor Risiko #670,17.0,7.3,9.7,3,0.13,0,Tidak,4,2
RSK-0671,Operations Dept,Legal & Kepatuhan,Evaluasi Lonjakan Skor Risiko #671,7.2,5.6,1.6,0,0.12,0,Tidak,2,1
RSK-0672,Operations Dept,Legal & Kepatuhan,Evaluasi Lonjakan Skor Risiko #672,15.1,16.5,-1.4,1,0.09,0,Tidak,4,1
RSK-0673,Operations Dept,Finansial,Evaluasi Lonjakan Skor Risiko #673,5.0,4.2,0.8,0,0.04,0,Tidak,1,2
RSK-0674,Medan Branch,Operasional,Evaluasi Lonjakan Skor Risiko #674,17.9,10.9,7.0,1,0.0,0,Tidak,5,1
RSK-0675,Finance Dept,Reputasi,Evaluasi Lonjakan Skor Risiko #675,8.1,9.2,-1.1,1,0.04,0,Tidak,2,1
RSK-0676,Medan Branch,Operasional,Evaluasi Lonjakan Skor Risiko #676,16.0,17.7,-1.7,0,0.11,0,Tidak,4,1
RSK-0677,Surabaya Branch,Reputasi,Evaluasi Lonjakan Skor Risiko #677,4.3,4.7,-0.4,3,0.07,0,Tidak,1,2
RSK-0678,Finance Dept,Legal & Kepatuhan,Evaluasi Lonjakan Skor Risiko #678,6.7,9.0,-2.3,0,0.09,0,Tidak,2,1
RSK-0679,Jakarta Branch,Operasional,Evaluasi Lonjakan Skor Risiko #679,19.5,17.5,2.0,0,0.59,0,Tidak,4,5
RSK-0680,Medan Branch,Operasional,Evaluasi Lonjakan Skor Risiko #680,24.0,16.0,8.0,0,0.06,0,Tidak,5,1
RSK-0681,IT Dept,Legal & Kepatuhan,Evaluasi Lonjakan Skor Risiko #681,18.1,15.3,2.8,9,0.09,0,Tidak,5,1
RSK-0682,Surabaya Branch,Operasional,Evaluasi Lonjakan Skor Risiko #682,7.4,6.9,0.5,1,0.02,0,Tidak,2,1
RSK-0683,Finance Dept,Reputasi,Evaluasi Lonjakan Skor Risiko #683,5.9,5.6,0.3,4,0.01,0,Tidak,3,1
RSK-0684,Operations Dept,Operasional,Evaluasi Lonjakan Skor Risiko #684,8.2,13.0,-4.8,6,0.22,0,Tidak,2,3
RSK-0685,IT Dept,Reputasi,Evaluasi Lonjakan Skor Risiko #685,21.9,16.9,5.0,0,0.13,0,Tidak,5,2
RSK-0686,Surabaya Branch,Finansial,Evaluasi Lonjakan Skor Risiko #686,12.6,11.4,1.2,3,0.21,0,Tidak,3,2
RSK-0687,Jakarta Branch,Operasional,Evaluasi Lonjakan Skor Risiko #687,12.4,11.6,0.8,2,0.02,0,Tidak,4,1
RSK-0688,Operations Dept,Reputasi,Evaluasi Lonjakan Skor Risiko #688,21.5,7.2,14.3,0,0.13,1,Ya (Anomali),5,5
RSK-0689,IT Dept,Legal & Kepatuhan,Evaluasi Lonjakan Skor Risiko #689,17.2,14.5,2.7,8,0.04,0,Tidak,4,1
RSK-0690,Finance Dept,Finansial,Evaluasi Lonjakan Skor Risiko #690,4.3,5.8,-1.5,0,0.04,0,Tidak,1,2
RSK-0691,Surabaya Branch,Operasional,Evaluasi Lonjakan Skor Risiko #691,7.7,7.9,-0.2,4,0.0,0,Tidak,2,1
RSK-0692,Bandung Branch,Reputasi,Evaluasi Lonjakan Skor Risiko #692,15.5,9.4,6.1,3,0.02,0,Tidak,5,1
RSK-0693,Finance Dept,Operasional,Evaluasi Lonjakan Skor Risiko #693,12.6,10.6,2.0,3,0.06,0,Tidak,4,2
RSK-0694,Finance Dept,Reputasi,Evaluasi Lonjakan Skor Risiko #694,2.3,6.6,-4.3,6,0.02,0,Tidak,1,1
RSK-0695,Operations Dept,Operasional,Evaluasi Lonjakan Skor Risiko #695,9.9,4.7,5.2,0,0.64,0,Tidak,2,5
RSK-0696,Finance Dept,Finansial,Evaluasi Lonjakan Skor Risiko #696,11.0,12.2,-1.2,1,0.06,0,Tidak,4,1
RSK-0697,Operations Dept,Finansial,Evaluasi Lonjakan Skor Risiko #697,16.3,7.3,9.0,0,0.02,1,Ya (Anomali),4,3
RSK-0698,Finance Dept,Operasional,Evaluasi Lonjakan Skor Risiko #698,17.5,11.7,5.8,1,0.03,0,Tidak,4,1
RSK-0699,Bandung Branch,Operasional,Evaluasi Lonjakan Skor Risiko #699,5.0,5.3,-0.3,0,0.13,0,Tidak,1,2
RSK-0700,IT Dept,Keamanan TI,Evaluasi Lonjakan Skor Risiko #700,16.8,10.2,6.6,4,0.01,0,Tidak,4,1
RSK-0701,IT Dept,Operasional,Evaluasi Lonjakan Skor Risiko #701,12.8,11.0,1.8,4,0.3,0,Tidak,3,3
RSK-0702,IT Dept,Operasional,Evaluasi Lonjakan Skor Risiko #702,8.7,3.8,4.9,0,0.49,0,Tidak,3,4
RSK-0703,Jakarta Branch,Finansial,Evaluasi Lonjakan Skor Risiko #703,11.4,8.0,3.4,0,0.04,0,Tidak,3,1
RSK-0704,Bandung Branch,Operasional,Evaluasi Lonjakan Skor Risiko #704,3.1,5.0,-1.9,4,0.09,0,Tidak,1,2
RSK-0705,Bandung Branch,Legal & Kepatuhan,Evaluasi Lonjakan Skor Risiko #705,2.9,4.0,-1.1,4,0.0,0,Tidak,2,1
RSK-0706,Surabaya Branch,Operasional,Evaluasi Lonjakan Skor Risiko #706,23.4,17.8,5.6,5,0.15,0,Tidak,5,2
RSK-0707,Medan Branch,Keamanan TI,Evaluasi Lonjakan Skor Risiko #707,8.0,7.8,0.2,1,0.08,0,Tidak,2,1
RSK-0708,IT Dept,Reputasi,Evaluasi Lonjakan Skor Risiko #708,15.0,15.1,-0.1,0,0.05,0,Tidak,3,2
RSK-0709,Medan Branch,Finansial,Evaluasi Lonjakan Skor Risiko #709,4.5,6.8,-2.3,1,0.03,0,Tidak,1,1
RSK-0710,Surabaya Branch,Legal & Kepatuhan,Evaluasi Lonjakan Skor Risiko #710,16.4,13.2,3.2,1,0.16,0,Tidak,5,2
RSK-0711,Bandung Branch,Reputasi,Evaluasi Lonjakan Skor Risiko #711,24.2,14.4,9.8,3,0.08,0,Tidak,5,2
RSK-0712,Surabaya Branch,Legal & Kepatuhan,Evaluasi Lonjakan Skor Risiko #712,9.1,11.9,-2.8,3,0.03,0,Tidak,2,1
RSK-0713,Finance Dept,Finansial,Evaluasi Lonjakan Skor Risiko #713,11.7,10.1,1.6,1,0.18,0,Tidak,4,2
RSK-0714,Surabaya Branch,Keamanan TI,Evaluasi Lonjakan Skor Risiko #714,16.3,9.2,7.1,0,0.12,1,Ya (Anomali),4,5
RSK-0715,Surabaya Branch,Finansial,Evaluasi Lonjakan Skor Risiko #715,9.4,8.2,1.2,2,0.29,0,Tidak,3,3
RSK-0716,Operations Dept,Legal & Kepatuhan,Evaluasi Lonjakan Skor Risiko #716,20.2,16.9,3.3,5,0.02,0,Tidak,5,1
RSK-0717,Finance Dept,Legal & Kepatuhan,Evaluasi Lonjakan Skor Risiko #717,12.8,15.5,-2.7,4,0.23,0,Tidak,3,2
RSK-0718,Operations Dept,Finansial,Evaluasi Lonjakan Skor Risiko #718,20.7,17.5,3.2,0,0.17,0,Tidak,5,2
RSK-0719,Medan Branch,Operasional,Evaluasi Lonjakan Skor Risiko #719,5.7,4.9,0.8,1,0.02,0,Tidak,2,2
RSK-0720,Finance Dept,Finansial,Evaluasi Lonjakan Skor Risiko #720,19.4,14.0,5.4,0,0.18,0,Tidak,4,2
RSK-0721,Jakarta Branch,Keamanan TI,Evaluasi Lonjakan Skor Risiko #721,23.3,17.1,6.2,0,0.09,1,Tidak,5,4
RSK-0722,Surabaya Branch,Finansial,Evaluasi Lonjakan Skor Risiko #722,17.6,5.7,11.9,2,0.44,0,Ya (Anomali),5,5
RSK-0723,Surabaya Branch,Reputasi,Evaluasi Lonjakan Skor Risiko #723,7.8,4.0,3.8,4,0.02,0,Tidak,2,1
RSK-0724,Operations Dept,Operasional,Evaluasi Lonjakan Skor Risiko #724,16.9,14.1,2.8,0,0.15,0,Tidak,5,2
RSK-0725,Medan Branch,Reputasi,Evaluasi Lonjakan Skor Risiko #725,13.9,11.6,2.3,10,0.07,0,Tidak,3,1
RSK-0726,Operations Dept,Finansial,Evaluasi Lonjakan Skor Risiko #726,15.7,15.6,0.1,1,0.47,0,Tidak,4,4
RSK-0727,Bandung Branch,Operasional,Evaluasi Lonjakan Skor Risiko #727,8.0,5.1,2.9,1,0.06,0,Tidak,3,1
RSK-0728,Finance Dept,Reputasi,Evaluasi Lonjakan Skor Risiko #728,15.2,14.9,0.3,1,0.49,0,Tidak,4,5
RSK-0729,Bandung Branch,Reputasi,Evaluasi Lonjakan Skor Risiko #729,8.2,6.0,2.2,6,0.35,0,Tidak,3,4
RSK-0730,Jakarta Branch,Operasional,Evaluasi Lonjakan Skor Risiko #730,12.3,5.5,6.8,4,0.05,0,Tidak,4,1
RSK-0731,Finance Dept,Operasional,Evaluasi Lonjakan Skor Risiko #731,3.0,5.5,-2.5,1,0.24,0,Tidak,1,2
RSK-0732,Jakarta Branch,Legal & Kepatuhan,Evaluasi Lonjakan Skor Risiko #732,21.3,15.2,6.1,4,0.81,0,Tidak,5,5
RSK-0733,Jakarta Branch,Operasional,Evaluasi Lonjakan Skor Risiko #733,19.8,13.0,6.8,0,0.04,1,Tidak,4,3
RSK-0734,Jakarta Branch,Finansial,Evaluasi Lonjakan Skor Risiko #734,11.8,10.8,1.0,2,0.09,0,Tidak,3,1
RSK-0735,IT Dept,Keamanan TI,Evaluasi Lonjakan Skor Risiko #735,1.4,8.4,-7.0,3,0.11,0,Tidak,1,2
RSK-0736,Finance Dept,Legal & Kepatuhan,Evaluasi Lonjakan Skor Risiko #736,15.3,16.2,-0.9,3,0.05,0,Tidak,5,1
RSK-0737,Finance Dept,Operasional,Evaluasi Lonjakan Skor Risiko #737,15.6,8.9,6.7,0,0.0,1,Ya (Anomali),4,3
RSK-0738,IT Dept,Keamanan TI,Evaluasi Lonjakan Skor Risiko #738,16.6,15.2,1.4,1,0.04,0,Tidak,4,1
RSK-0739,Medan Branch,Legal & Kepatuhan,Evaluasi Lonjakan Skor Risiko #739,7.1,9.6,-2.5,0,0.05,0,Tidak,2,1
RSK-0740,IT Dept,Finansial,Evaluasi Lonjakan Skor Risiko #740,8.2,8.7,-0.5,7,0.09,0,Tidak,3,1
RSK-0741,Surabaya Branch,Keamanan TI,Evaluasi Lonjakan Skor Risiko #741,14.8,9.9,4.9,0,0.03,0,Tidak,3,1
RSK-0742,Bandung Branch,Operasional,Evaluasi Lonjakan Skor Risiko #742,11.2,7.5,3.7,8,0.31,0,Tidak,3,3
RSK-0743,Bandung Branch,Operasional,Evaluasi Lonjakan Skor Risiko #743,14.7,14.2,0.5,2,0.18,0,Tidak,3,2
RSK-0744,Jakarta Branch,Finansial,Evaluasi Lonjakan Skor Risiko #744,10.5,10.5,0.0,7,0.01,0,Tidak,4,1
RSK-0745,Finance Dept,Legal & Kepatuhan,Evaluasi Lonjakan Skor Risiko #745,6.4,6.5,-0.1,0,0.16,0,Tidak,3,2
RSK-0746,Finance Dept,Keamanan TI,Evaluasi Lonjakan Skor Risiko #746,14.3,16.5,-2.2,0,0.16,0,Tidak,3,2
RSK-0747,Jakarta Branch,Finansial,Evaluasi Lonjakan Skor Risiko #747,16.8,8.8,8.0,0,0.47,1,Ya (Anomali),5,5
RSK-0748,Surabaya Branch,Legal & Kepatuhan,Evaluasi Lonjakan Skor Risiko #748,11.4,11.2,0.2,2,0.0,0,Tidak,3,1
RSK-0749,Bandung Branch,Reputasi,Evaluasi Lonjakan Skor Risiko #749,23.0,16.6,6.4,5,0.04,0,Tidak,5,1
RSK-0750,IT Dept,Reputasi,Evaluasi Lonjakan Skor Risiko #750,20.0,12.4,7.6,0,0.39,1,Ya (Anomali),4,5
RSK-0751,Medan Branch,Legal & Kepatuhan,Evaluasi Lonjakan Skor Risiko #751,10.3,4.8,5.5,1,0.4,0,Tidak,3,5
RSK-0752,Operations Dept,Operasional,Evaluasi Lonjakan Skor Risiko #752,16.9,17.1,-0.2,2,0.19,0,Tidak,4,2
RSK-0753,Surabaya Branch,Operasional,Evaluasi Lonjakan Skor Risiko #753,15.5,12.4,3.1,1,0.22,0,Tidak,4,2
RSK-0754,Finance Dept,Reputasi,Evaluasi Lonjakan Skor Risiko #754,9.4,8.0,1.4,0,0.01,0,Tidak,3,1
RSK-0755,Operations Dept,Operasional,Evaluasi Lonjakan Skor Risiko #755,3.0,5.1,-2.1,2,0.11,0,Tidak,1,1
RSK-0756,Jakarta Branch,Operasional,Evaluasi Lonjakan Skor Risiko #756,17.7,14.9,2.8,5,0.04,0,Tidak,5,1
RSK-0757,Bandung Branch,Legal & Kepatuhan,Evaluasi Lonjakan Skor Risiko #757,9.1,12.3,-3.2,12,0.03,0,Tidak,2,1
RSK-0758,Operations Dept,Legal & Kepatuhan,Evaluasi Lonjakan Skor Risiko #758,17.3,11.0,6.3,4,0.25,0,Tidak,4,3
RSK-0759,Jakarta Branch,Operasional,Evaluasi Lonjakan Skor Risiko #759,16.0,16.4,-0.4,0,0.02,0,Tidak,4,1
RSK-0760,Finance Dept,Legal & Kepatuhan,Evaluasi Lonjakan Skor Risiko #760,17.1,14.8,2.3,1,0.09,0,Tidak,4,1
RSK-0761,Jakarta Branch,Keamanan TI,Evaluasi Lonjakan Skor Risiko #761,7.9,5.3,2.6,2,0.42,0,Tidak,3,4
RSK-0762,IT Dept,Reputasi,Evaluasi Lonjakan Skor Risiko #762,8.2,7.7,0.5,0,0.03,0,Tidak,2,1
RSK-0763,Operations Dept,Keamanan TI,Evaluasi Lonjakan Skor Risiko #763,10.5,6.7,3.8,0,0.57,0,Tidak,3,5
RSK-0764,Operations Dept,Keamanan TI,Evaluasi Lonjakan Skor Risiko #764,13.8,14.2,-0.4,2,0.77,0,Tidak,3,5
RSK-0765,Bandung Branch,Operasional,Evaluasi Lonjakan Skor Risiko #765,8.5,3.5,5.0,0,0.12,0,Tidak,2,2
RSK-0766,Jakarta Branch,Operasional,Evaluasi Lonjakan Skor Risiko #766,7.6,11.5,-3.9,7,0.03,0,Tidak,3,1
RSK-0767,Bandung Branch,Keamanan TI,Evaluasi Lonjakan Skor Risiko #767,16.4,14.4,2.0,1,0.06,0,Tidak,4,1
RSK-0768,Operations Dept,Keamanan TI,Evaluasi Lonjakan Skor Risiko #768,25.0,16.2,9.3,4,0.08,0,Tidak,5,1
RSK-0769,Jakarta Branch,Finansial,Evaluasi Lonjakan Skor Risiko #769,5.6,8.1,-2.5,4,0.06,0,Tidak,2,1
RSK-0770,Jakarta Branch,Finansial,Evaluasi Lonjakan Skor Risiko #770,14.1,15.3,-1.2,2,0.05,0,Tidak,3,1
RSK-0771,Bandung Branch,Reputasi,Evaluasi Lonjakan Skor Risiko #771,8.3,4.7,3.6,0,0.54,0,Tidak,3,5
RSK-0772,IT Dept,Keamanan TI,Evaluasi Lonjakan Skor Risiko #772,17.9,15.7,2.2,0,0.02,0,Tidak,4,2
RSK-0773,Jakarta Branch,Legal & Kepatuhan,Evaluasi Lonjakan Skor Risiko #773,7.8,4.9,2.9,3,0.2,0,Tidak,2,2
RSK-0774,IT Dept,Finansial,Evaluasi Lonjakan Skor Risiko #774,12.5,9.0,3.5,2,0.0,0,Tidak,3,1
RSK-0775,Surabaya Branch,Operasional,Evaluasi Lonjakan Skor Risiko #775,19.0,15.0,4.0,2,0.14,0,Tidak,4,2
RSK-0776,Medan Branch,Keamanan TI,Evaluasi Lonjakan Skor Risiko #776,11.1,5.2,5.9,0,0.37,0,Tidak,4,3
RSK-0777,Surabaya Branch,Legal & Kepatuhan,Evaluasi Lonjakan Skor Risiko #777,9.5,6.4,3.1,8,0.05,0,Tidak,2,1
RSK-0778,Medan Branch,Legal & Kepatuhan,Evaluasi Lonjakan Skor Risiko #778,14.3,13.8,0.5,7,0.03,0,Tidak,4,1
RSK-0779,Surabaya Branch,Legal & Kepatuhan,Evaluasi Lonjakan Skor Risiko #779,18.0,13.8,4.2,0,0.16,0,Tidak,4,2
RSK-0780,Medan Branch,Operasional,Evaluasi Lonjakan Skor Risiko #780,21.7,12.6,9.1,1,0.19,1,Ya (Anomali),5,5
RSK-0781,Jakarta Branch,Finansial,Evaluasi Lonjakan Skor Risiko #781,14.4,13.4,1.0,2,0.17,0,Tidak,3,2
RSK-0782,Bandung Branch,Legal & Kepatuhan,Evaluasi Lonjakan Skor Risiko #782,8.7,11.1,-2.4,3,0.06,0,Tidak,2,2
RSK-0783,Bandung Branch,Finansial,Evaluasi Lonjakan Skor Risiko #783,12.7,6.8,5.9,2,0.04,0,Tidak,4,1
RSK-0784,Finance Dept,Reputasi,Evaluasi Lonjakan Skor Risiko #784,9.2,8.2,1.0,3,0.47,0,Tidak,2,4
RSK-0785,Medan Branch,Operasional,Evaluasi Lonjakan Skor Risiko #785,1.0,5.7,-7.2,3,0.39,0,Tidak,1,4
RSK-0786,Finance Dept,Finansial,Evaluasi Lonjakan Skor Risiko #786,21.5,16.6,4.9,10,0.09,0,Tidak,5,1
RSK-0787,IT Dept,Finansial,Evaluasi Lonjakan Skor Risiko #787,11.2,11.8,-0.6,1,0.28,0,Tidak,4,3
RSK-0788,IT Dept,Legal & Kepatuhan,Evaluasi Lonjakan Skor Risiko #788,10.1,9.0,1.1,2,0.09,0,Tidak,3,1
RSK-0789,Finance Dept,Legal & Kepatuhan,Evaluasi Lonjakan Skor Risiko #789,12.7,9.9,2.8,0,0.08,0,Tidak,4,1
RSK-0790,Medan Branch,Operasional,Evaluasi Lonjakan Skor Risiko #790,19.5,17.2,2.3,3,0.03,0,Tidak,4,1
RSK-0791,Bandung Branch,Finansial,Evaluasi Lonjakan Skor Risiko #791,9.6,5.3,4.3,1,0.08,0,Tidak,2,2
RSK-0792,Medan Branch,Keamanan TI,Evaluasi Lonjakan Skor Risiko #792,11.6,11.8,-0.2,3,0.12,0,Tidak,3,1
RSK-0793,IT Dept,Legal & Kepatuhan,Evaluasi Lonjakan Skor Risiko #793,14.2,10.6,3.6,3,0.0,0,Tidak,3,1
RSK-0794,Jakarta Branch,Legal & Kepatuhan,Evaluasi Lonjakan Skor Risiko #794,12.7,12.2,0.5,2,0.09,0,Tidak,3,1
RSK-0795,Finance Dept,Reputasi,Evaluasi Lonjakan Skor Risiko #795,7.8,3.3,4.5,7,0.23,0,Tidak,2,2
RSK-0796,Finance Dept,Operasional,Evaluasi Lonjakan Skor Risiko #796,20.1,16.1,4.0,3,0.17,0,Tidak,5,3
RSK-0797,IT Dept,Finansial,Evaluasi Lonjakan Skor Risiko #797,14.8,17.0,-2.2,1,0.15,0,Tidak,4,2
RSK-0798,Medan Branch,Finansial,Evaluasi Lonjakan Skor Risiko #798,17.3,11.5,5.8,2,0.36,0,Tidak,5,3
RSK-0799,Finance Dept,Finansial,Evaluasi Lonjakan Skor Risiko #799,12.8,13.4,-0.6,1,0.0,0,Tidak,4,1
RSK-0800,Bandung Branch,Legal & Kepatuhan,Evaluasi Lonjakan Skor Risiko #800,21.5,16.8,4.7,0,0.12,0,Tidak,5,1
RSK-0801,Finance Dept,Operasional,Evaluasi Lonjakan Skor Risiko #801,16.6,13.6,3.0,0,0.23,0,Tidak,4,3
RSK-0802,Medan Branch,Finansial,Evaluasi Lonjakan Skor Risiko #802,14.2,5.3,8.9,1,0.12,1,Ya (Anomali),3,4
RSK-0803,IT Dept,Keamanan TI,Evaluasi Lonjakan Skor Risiko #803,12.2,11.6,0.6,2,0.06,0,Tidak,3,1
RSK-0804,Bandung Branch,Reputasi,Evaluasi Lonjakan Skor Risiko #804,12.2,12.1,0.1,0,0.02,0,Tidak,3,2
RSK-0805,Bandung Branch,Reputasi,Evaluasi Lonjakan Skor Risiko #805,10.8,9.4,1.4,1,0.33,0,Tidak,3,4
RSK-0806,Finance Dept,Finansial,Evaluasi Lonjakan Skor Risiko #806,14.3,14.0,0.3,0,0.1,0,Tidak,4,1
RSK-0807,Medan Branch,Legal & Kepatuhan,Evaluasi Lonjakan Skor Risiko #807,21.7,17.0,4.7,1,0.32,0,Tidak,5,3
RSK-0808,Finance Dept,Reputasi,Evaluasi Lonjakan Skor Risiko #808,11.9,16.9,-5.0,2,0.13,0,Tidak,3,2
RSK-0809,Operations Dept,Reputasi,Evaluasi Lonjakan Skor Risiko #809,7.1,9.8,-2.7,6,0.17,0,Tidak,2,2
RSK-0810,Jakarta Branch,Reputasi,Evaluasi Lonjakan Skor Risiko #810,1.9,4.7,-2.8,0,0.24,0,Tidak,1,3
RSK-0811,IT Dept,Reputasi,Evaluasi Lonjakan Skor Risiko #811,23.1,17.8,5.3,0,0.16,0,Tidak,5,2
RSK-0812,Operations Dept,Finansial,Evaluasi Lonjakan Skor Risiko #812,23.9,15.6,8.3,10,0.08,0,Tidak,5,1
RSK-0813,Jakarta Branch,Operasional,Evaluasi Lonjakan Skor Risiko #813,6.0,4.9,1.1,0,0.11,0,Tidak,2,2
RSK-0814,Bandung Branch,Operasional,Evaluasi Lonjakan Skor Risiko #814,17.6,16.8,0.8,18,0.24,0,Tidak,4,2
RSK-0815,Finance Dept,Legal & Kepatuhan,Evaluasi Lonjakan Skor Risiko #815,17.8,16.0,1.8,0,0.07,0,Tidak,4,1
RSK-0816,Jakarta Branch,Keamanan TI,Evaluasi Lonjakan Skor Risiko #816,16.9,10.8,6.1,2,0.07,0,Tidak,5,2
RSK-0817,Surabaya Branch,Operasional,Evaluasi Lonjakan Skor Risiko #817,9.7,11.9,-2.2,0,0.02,0,Tidak,3,2
RSK-0818,Jakarta Branch,Keamanan TI,Evaluasi Lonjakan Skor Risiko #818,11.5,9.0,2.5,3,0.37,0,Tidak,3,4
RSK-0819,Finance Dept,Operasional,Evaluasi Lonjakan Skor Risiko #819,9.2,3.8,5.4,0,0.01,0,Tidak,2,1
RSK-0820,Finance Dept,Operasional,Evaluasi Lonjakan Skor Risiko #820,11.5,8.0,3.5,7,0.16,0,Tidak,4,3
RSK-0821,IT Dept,Legal & Kepatuhan,Evaluasi Lonjakan Skor Risiko #821,17.3,15.0,2.3,0,0.08,0,Tidak,4,1
RSK-0822,Jakarta Branch,Reputasi,Evaluasi Lonjakan Skor Risiko #822,8.6,3.1,5.5,0,0.08,0,Tidak,2,1
RSK-0823,Finance Dept,Legal & Kepatuhan,Evaluasi Lonjakan Skor Risiko #823,1.0,8.0,-9.3,3,0.17,0,Tidak,1,3
RSK-0824,Finance Dept,Operasional,Evaluasi Lonjakan Skor Risiko #824,13.2,9.0,4.2,0,0.01,0,Tidak,3,1
RSK-0825,Operations Dept,Reputasi,Evaluasi Lonjakan Skor Risiko #825,10.0,11.1,-1.1,0,0.14,0,Tidak,3,3
RSK-0826,IT Dept,Reputasi,Evaluasi Lonjakan Skor Risiko #826,11.0,16.8,-5.8,2,0.22,0,Tidak,4,2
RSK-0827,Operations Dept,Reputasi,Evaluasi Lonjakan Skor Risiko #827,11.7,8.2,3.5,0,0.26,0,Tidak,3,3
RSK-0828,IT Dept,Keamanan TI,Evaluasi Lonjakan Skor Risiko #828,15.2,8.2,7.0,0,0.03,0,Tidak,4,2
RSK-0829,IT Dept,Operasional,Evaluasi Lonjakan Skor Risiko #829,15.1,14.1,1.0,4,0.34,0,Tidak,4,3
RSK-0830,Operations Dept,Finansial,Evaluasi Lonjakan Skor Risiko #830,15.1,9.8,5.3,1,0.16,0,Tidak,4,2
RSK-0831,IT Dept,Legal & Kepatuhan,Evaluasi Lonjakan Skor Risiko #831,14.3,6.4,7.9,1,0.32,0,Tidak,4,3
RSK-0832,Surabaya Branch,Keamanan TI,Evaluasi Lonjakan Skor Risiko #832,16.6,9.8,6.8,3,0.1,0,Tidak,4,2
RSK-0833,Bandung Branch,Legal & Kepatuhan,Evaluasi Lonjakan Skor Risiko #833,13.2,5.1,8.1,4,0.12,0,Tidak,3,1
RSK-0834,Finance Dept,Finansial,Evaluasi Lonjakan Skor Risiko #834,10.1,5.6,4.5,1,0.38,0,Tidak,4,4
RSK-0835,Medan Branch,Reputasi,Evaluasi Lonjakan Skor Risiko #835,12.3,10.5,1.8,0,0.35,0,Tidak,4,3
RSK-0836,IT Dept,Finansial,Evaluasi Lonjakan Skor Risiko #836,4.4,9.3,-4.9,2,0.09,0,Tidak,2,2
RSK-0837,Bandung Branch,Legal & Kepatuhan,Evaluasi Lonjakan Skor Risiko #837,17.2,16.7,0.5,4,0.05,0,Tidak,4,2
RSK-0838,IT Dept,Finansial,Evaluasi Lonjakan Skor Risiko #838,6.5,8.4,-1.9,0,0.07,0,Tidak,2,2
RSK-0839,Bandung Branch,Operasional,Evaluasi Lonjakan Skor Risiko #839,21.9,11.7,10.2,2,0.07,0,Tidak,5,1
RSK-0840,Medan Branch,Finansial,Evaluasi Lonjakan Skor Risiko #840,13.3,12.5,0.8,1,0.05,0,Tidak,3,1
RSK-0841,Jakarta Branch,Operasional,Evaluasi Lonjakan Skor Risiko #841,5.2,3.2,2.0,3,0.05,0,Tidak,3,1
RSK-0842,Surabaya Branch,Finansial,Evaluasi Lonjakan Skor Risiko #842,16.7,13.0,3.7,2,0.3,0,Tidak,4,3
RSK-0843,Finance Dept,Operasional,Evaluasi Lonjakan Skor Risiko #843,7.4,5.7,1.7,2,0.01,0,Tidak,3,1
RSK-0844,Jakarta Branch,Operasional,Evaluasi Lonjakan Skor Risiko #844,25.0,17.4,8.3,0,0.17,1,Ya (Anomali),5,5
RSK-0845,Operations Dept,Finansial,Evaluasi Lonjakan Skor Risiko #845,4.2,5.2,-1.0,7,0.03,0,Tidak,2,2
RSK-0846,Medan Branch,Keamanan TI,Evaluasi Lonjakan Skor Risiko #846,11.5,9.2,2.3,4,0.06,0,Tidak,3,1
RSK-0847,Surabaya Branch,Reputasi,Evaluasi Lonjakan Skor Risiko #847,2.8,4.3,-1.5,0,0.01,0,Tidak,2,1
RSK-0848,Surabaya Branch,Reputasi,Evaluasi Lonjakan Skor Risiko #848,14.2,18.0,-3.8,0,0.05,0,Tidak,3,2
RSK-0849,Surabaya Branch,Reputasi,Evaluasi Lonjakan Skor Risiko #849,9.6,10.5,-0.9,2,0.22,0,Tidak,2,2
RSK-0850,Medan Branch,Operasional,Evaluasi Lonjakan Skor Risiko #850,13.3,11.9,1.4,3,0.32,0,Tidak,4,3
RSK-0851,IT Dept,Reputasi,Evaluasi Lonjakan Skor Risiko #851,3.8,4.0,-0.2,8,0.04,0,Tidak,1,1
RSK-0852,IT Dept,Operasional,Evaluasi Lonjakan Skor Risiko #852,12.9,14.2,-1.3,2,0.09,0,Tidak,3,1
RSK-0853,Operations Dept,Keamanan TI,Evaluasi Lonjakan Skor Risiko #853,2.0,6.1,-4.1,1,0.1,0,Tidak,2,2
RSK-0854,IT Dept,Finansial,Evaluasi Lonjakan Skor Risiko #854,17.7,16.5,1.2,6,0.31,0,Tidak,4,3
RSK-0855,Jakarta Branch,Finansial,Evaluasi Lonjakan Skor Risiko #855,1.6,6.1,-4.5,8,0.22,0,Tidak,1,2
RSK-0856,Finance Dept,Operasional,Evaluasi Lonjakan Skor Risiko #856,10.4,5.9,4.5,4,0.11,0,Tidak,3,1
RSK-0857,Surabaya Branch,Operasional,Evaluasi Lonjakan Skor Risiko #857,5.3,3.5,1.8,1,0.17,0,Tidak,3,3
RSK-0858,Operations Dept,Keamanan TI,Evaluasi Lonjakan Skor Risiko #858,5.8,10.1,-4.3,2,0.28,0,Tidak,2,3
RSK-0859,Operations Dept,Reputasi,Evaluasi Lonjakan Skor Risiko #859,11.8,11.5,0.3,2,0.0,0,Tidak,3,1
RSK-0860,Surabaya Branch,Keamanan TI,Evaluasi Lonjakan Skor Risiko #860,2.5,4.0,-1.5,6,0.08,0,Tidak,1,2
RSK-0861,Jakarta Branch,Finansial,Evaluasi Lonjakan Skor Risiko #861,17.4,14.6,2.8,0,0.36,0,Tidak,4,4
RSK-0862,IT Dept,Finansial,Evaluasi Lonjakan Skor Risiko #862,16.7,9.8,6.9,1,0.2,1,Ya (Anomali),4,5
RSK-0863,Surabaya Branch,Reputasi,Evaluasi Lonjakan Skor Risiko #863,4.9,10.9,-6.0,0,0.12,0,Tidak,1,2
RSK-0864,Surabaya Branch,Finansial,Evaluasi Lonjakan Skor Risiko #864,11.6,9.6,2.0,0,0.11,0,Tidak,3,1
RSK-0865,Medan Branch,Operasional,Evaluasi Lonjakan Skor Risiko #865,9.9,9.0,0.9,1,0.06,0,Tidak,2,1
RSK-0866,Bandung Branch,Finansial,Evaluasi Lonjakan Skor Risiko #866,15.6,11.4,4.2,1,0.11,0,Tidak,4,1
RSK-0867,Operations Dept,Legal & Kepatuhan,Evaluasi Lonjakan Skor Risiko #867,7.7,5.3,2.4,1,0.16,0,Tidak,2,2
RSK-0868,Jakarta Branch,Reputasi,Evaluasi Lonjakan Skor Risiko #868,4.2,5.7,-1.5,3,0.08,0,Tidak,1,2
RSK-0869,Jakarta Branch,Reputasi,Evaluasi Lonjakan Skor Risiko #869,16.1,15.9,0.2,2,0.19,0,Tidak,4,3
RSK-0870,IT Dept,Reputasi,Evaluasi Lonjakan Skor Risiko #870,15.5,17.2,-1.7,0,0.3,0,Tidak,4,4
RSK-0871,Jakarta Branch,Legal & Kepatuhan,Evaluasi Lonjakan Skor Risiko #871,14.4,8.6,5.8,0,0.03,0,Tidak,3,1
RSK-0872,IT Dept,Keamanan TI,Evaluasi Lonjakan Skor Risiko #872,8.7,7.1,1.6,7,0.09,0,Tidak,2,2
RSK-0873,Medan Branch,Operasional,Evaluasi Lonjakan Skor Risiko #873,21.8,12.7,9.1,2,0.08,0,Tidak,5,2
RSK-0874,Medan Branch,Reputasi,Evaluasi Lonjakan Skor Risiko #874,10.4,9.1,1.3,0,0.17,0,Tidak,3,2
RSK-0875,Finance Dept,Finansial,Evaluasi Lonjakan Skor Risiko #875,2.1,3.4,-1.3,5,0.04,0,Tidak,1,2
RSK-0876,IT Dept,Operasional,Evaluasi Lonjakan Skor Risiko #876,1.0,5.3,-4.6,5,0.15,0,Tidak,1,2
RSK-0877,Operations Dept,Finansial,Evaluasi Lonjakan Skor Risiko #877,8.0,13.7,-5.7,0,0.31,0,Tidak,2,3
RSK-0878,Medan Branch,Operasional,Evaluasi Lonjakan Skor Risiko #878,8.1,12.9,-4.8,3,0.08,0,Tidak,3,1
RSK-0879,IT Dept,Operasional,Evaluasi Lonjakan Skor Risiko #879,6.0,3.4,2.6,0,0.36,0,Tidak,2,3
RSK-0880,Operations Dept,Finansial,Evaluasi Lonjakan Skor Risiko #880,9.8,6.3,3.5,4,0.75,0,Tidak,2,5
RSK-0881,Operations Dept,Finansial,Evaluasi Lonjakan Skor Risiko #881,1.7,6.5,-4.8,3,0.02,0,Tidak,1,1
RSK-0882,Jakarta Branch,Operasional,Evaluasi Lonjakan Skor Risiko #882,18.2,13.1,5.1,3,0.04,0,Tidak,4,2
RSK-0883,Finance Dept,Reputasi,Evaluasi Lonjakan Skor Risiko #883,2.9,3.3,-0.4,1,0.45,0,Tidak,1,4
RSK-0884,Bandung Branch,Finansial,Evaluasi Lonjakan Skor Risiko #884,6.7,4.6,2.1,1,0.48,0,Tidak,2,5
RSK-0885,Surabaya Branch,Legal & Kepatuhan,Evaluasi Lonjakan Skor Risiko #885,22.9,15.0,7.9,0,0.02,1,Tidak,5,3
RSK-0886,Surabaya Branch,Legal & Kepatuhan,Evaluasi Lonjakan Skor Risiko #886,10.8,5.7,5.1,4,0.0,0,Tidak,3,1
RSK-0887,Finance Dept,Operasional,Evaluasi Lonjakan Skor Risiko #887,13.2,12.8,0.4,0,0.03,0,Tidak,3,1
RSK-0888,IT Dept,Keamanan TI,Evaluasi Lonjakan Skor Risiko #888,4.5,6.6,-2.1,0,0.83,0,Tidak,1,5
RSK-0889,IT Dept,Operasional,Evaluasi Lonjakan Skor Risiko #889,1.0,4.5,-7.1,11,0.03,0,Tidak,1,1
RSK-0890,IT Dept,Operasional,Evaluasi Lonjakan Skor Risiko #890,5.2,6.6,-1.4,1,0.1,0,Tidak,2,1
RSK-0891,Bandung Branch,Reputasi,Evaluasi Lonjakan Skor Risiko #891,14.5,13.8,0.7,0,0.28,0,Tidak,3,3
RSK-0892,Operations Dept,Reputasi,Evaluasi Lonjakan Skor Risiko #892,13.4,15.8,-2.4,3,0.0,0,Tidak,3,1
RSK-0893,Surabaya Branch,Keamanan TI,Evaluasi Lonjakan Skor Risiko #893,16.5,15.5,1.0,3,0.14,0,Tidak,4,3
RSK-0894,Finance Dept,Keamanan TI,Evaluasi Lonjakan Skor Risiko #894,10.8,9.0,1.8,3,0.05,0,Tidak,4,1
RSK-0895,IT Dept,Keamanan TI,Evaluasi Lonjakan Skor Risiko #895,13.6,13.0,0.6,0,0.3,0,Tidak,3,3
RSK-0896,Medan Branch,Keamanan TI,Evaluasi Lonjakan Skor Risiko #896,5.0,6.1,-1.1,3,0.05,0,Tidak,2,1
RSK-0897,Jakarta Branch,Keamanan TI,Evaluasi Lonjakan Skor Risiko #897,9.6,7.4,2.2,0,0.17,0,Tidak,2,2
RSK-0898,Bandung Branch,Operasional,Evaluasi Lonjakan Skor Risiko #898,19.7,16.4,3.3,10,0.17,0,Tidak,4,2
RSK-0899,IT Dept,Operasional,Evaluasi Lonjakan Skor Risiko #899,1.0,3.2,-2.9,2,0.04,0,Tidak,2,2
RSK-0900,Surabaya Branch,Legal & Kepatuhan,Evaluasi Lonjakan Skor Risiko #900,11.4,4.3,7.1,0,0.01,1,Ya (Anomali),3,4
RSK-0901,Jakarta Branch,Legal & Kepatuhan,Evaluasi Lonjakan Skor Risiko #901,7.2,6.1,1.1,8,0.08,0,Tidak,3,1
RSK-0902,Finance Dept,Finansial,Evaluasi Lonjakan Skor Risiko #902,5.0,3.4,1.6,0,0.05,0,Tidak,2,1
RSK-0903,IT Dept,Operasional,Evaluasi Lonjakan Skor Risiko #903,10.0,5.7,4.3,1,0.25,0,Tidak,2,2
RSK-0904,Surabaya Branch,Keamanan TI,Evaluasi Lonjakan Skor Risiko #904,14.1,11.7,2.4,0,0.24,0,Tidak,3,3
RSK-0905,Jakarta Branch,Finansial,Evaluasi Lonjakan Skor Risiko #905,14.6,9.3,5.3,0,0.09,0,Tidak,3,1
RSK-0906,Medan Branch,Reputasi,Evaluasi Lonjakan Skor Risiko #906,19.0,16.4,2.6,5,0.14,0,Tidak,5,2
RSK-0907,Bandung Branch,Operasional,Evaluasi Lonjakan Skor Risiko #907,14.4,15.3,-0.9,6,0.14,0,Tidak,4,3
RSK-0908,Finance Dept,Legal & Kepatuhan,Evaluasi Lonjakan Skor Risiko #908,11.0,8.1,2.9,0,0.26,0,Tidak,3,4
RSK-0909,Surabaya Branch,Operasional,Evaluasi Lonjakan Skor Risiko #909,3.8,6.9,-3.1,1,0.08,0,Tidak,1,2
RSK-0910,Operations Dept,Operasional,Evaluasi Lonjakan Skor Risiko #910,10.6,8.7,1.9,14,0.05,0,Tidak,3,2
RSK-0911,Medan Branch,Operasional,Evaluasi Lonjakan Skor Risiko #911,13.3,11.9,1.4,2,0.05,0,Tidak,3,2
RSK-0912,Bandung Branch,Operasional,Evaluasi Lonjakan Skor Risiko #912,7.7,7.0,0.7,0,0.12,0,Tidak,2,1
RSK-0913,Bandung Branch,Reputasi,Evaluasi Lonjakan Skor Risiko #913,13.4,12.4,1.0,3,0.09,0,Tidak,3,1
RSK-0914,Operations Dept,Legal & Kepatuhan,Evaluasi Lonjakan Skor Risiko #914,3.1,9.1,-6.0,3,0.09,0,Tidak,1,2
RSK-0915,Medan Branch,Operasional,Evaluasi Lonjakan Skor Risiko #915,10.6,11.3,-0.7,1,0.01,0,Tidak,3,1
RSK-0916,Surabaya Branch,Reputasi,Evaluasi Lonjakan Skor Risiko #916,11.4,9.5,1.9,1,0.19,0,Tidak,4,3
RSK-0917,Bandung Branch,Finansial,Evaluasi Lonjakan Skor Risiko #917,9.5,7.4,2.1,0,0.04,0,Tidak,3,1
RSK-0918,Finance Dept,Operasional,Evaluasi Lonjakan Skor Risiko #918,14.6,17.2,-2.6,2,0.03,0,Tidak,4,1
RSK-0919,Jakarta Branch,Reputasi,Evaluasi Lonjakan Skor Risiko #919,21.1,14.5,6.6,3,0.08,0,Tidak,5,1
RSK-0920,Finance Dept,Keamanan TI,Evaluasi Lonjakan Skor Risiko #920,3.1,5.1,-2.0,1,0.04,0,Tidak,1,1
RSK-0921,IT Dept,Finansial,Evaluasi Lonjakan Skor Risiko #921,21.4,16.0,5.4,3,0.13,0,Tidak,5,2
RSK-0922,Bandung Branch,Legal & Kepatuhan,Evaluasi Lonjakan Skor Risiko #922,13.5,10.3,3.2,0,0.07,0,Tidak,3,2
RSK-0923,Jakarta Branch,Operasional,Evaluasi Lonjakan Skor Risiko #923,15.3,16.4,-1.1,4,0.09,0,Tidak,5,1
RSK-0924,Medan Branch,Operasional,Evaluasi Lonjakan Skor Risiko #924,23.6,15.0,8.6,3,0.12,0,Tidak,5,2
RSK-0925,Jakarta Branch,Reputasi,Evaluasi Lonjakan Skor Risiko #925,6.1,9.4,-3.3,2,0.03,0,Tidak,3,1
RSK-0926,Jakarta Branch,Legal & Kepatuhan,Evaluasi Lonjakan Skor Risiko #926,8.5,3.3,5.2,1,0.03,0,Tidak,3,1
RSK-0927,Operations Dept,Keamanan TI,Evaluasi Lonjakan Skor Risiko #927,12.5,7.0,5.5,0,0.32,0,Tidak,3,3
RSK-0928,Jakarta Branch,Finansial,Evaluasi Lonjakan Skor Risiko #928,9.9,11.1,-1.2,3,0.09,0,Tidak,2,1
RSK-0929,Bandung Branch,Legal & Kepatuhan,Evaluasi Lonjakan Skor Risiko #929,19.6,12.5,7.1,7,0.08,0,Tidak,4,2
RSK-0930,Operations Dept,Operasional,Evaluasi Lonjakan Skor Risiko #930,7.4,6.9,0.5,4,0.01,0,Tidak,2,2
RSK-0931,Operations Dept,Reputasi,Evaluasi Lonjakan Skor Risiko #931,7.8,5.1,2.7,0,0.1,0,Tidak,2,2
RSK-0932,IT Dept,Keamanan TI,Evaluasi Lonjakan Skor Risiko #932,18.0,15.5,2.5,2,0.12,0,Tidak,4,2
RSK-0933,IT Dept,Reputasi,Evaluasi Lonjakan Skor Risiko #933,18.8,17.8,1.0,1,0.12,0,Tidak,4,1
RSK-0934,Operations Dept,Finansial,Evaluasi Lonjakan Skor Risiko #934,15.6,10.9,4.7,2,0.18,0,Tidak,4,3
RSK-0935,Operations Dept,Legal & Kepatuhan,Evaluasi Lonjakan Skor Risiko #935,10.3,5.6,4.7,4,0.03,0,Tidak,3,2
RSK-0936,Surabaya Branch,Reputasi,Evaluasi Lonjakan Skor Risiko #936,1.6,7.1,-5.5,4,0.04,0,Tidak,1,2
RSK-0937,IT Dept,Reputasi,Evaluasi Lonjakan Skor Risiko #937,10.0,3.3,6.7,0,0.25,1,Tidak,2,5
RSK-0938,Bandung Branch,Operasional,Evaluasi Lonjakan Skor Risiko #938,11.6,16.7,-5.1,5,0.44,0,Tidak,3,5
RSK-0939,Surabaya Branch,Reputasi,Evaluasi Lonjakan Skor Risiko #939,10.4,4.8,5.6,5,0.02,0,Tidak,3,1
RSK-0940,Medan Branch,Keamanan TI,Evaluasi Lonjakan Skor Risiko #940,17.6,11.6,6.0,0,0.1,0,Tidak,5,2
RSK-0941,Medan Branch,Legal & Kepatuhan,Evaluasi Lonjakan Skor Risiko #941,4.2,7.1,-2.9,0,0.04,0,Tidak,1,1
RSK-0942,Medan Branch,Finansial,Evaluasi Lonjakan Skor Risiko #942,11.2,11.3,-0.1,0,0.01,0,Tidak,3,1
RSK-0943,Medan Branch,Reputasi,Evaluasi Lonjakan Skor Risiko #943,9.9,12.8,-2.9,2,0.06,0,Tidak,3,1
RSK-0944,Medan Branch,Keamanan TI,Evaluasi Lonjakan Skor Risiko #944,16.0,15.4,0.6,4,0.02,0,Tidak,5,1
RSK-0945,Finance Dept,Finansial,Evaluasi Lonjakan Skor Risiko #945,6.4,6.1,0.3,1,0.19,0,Tidak,3,2
RSK-0946,Operations Dept,Keamanan TI,Evaluasi Lonjakan Skor Risiko #946,7.8,3.2,4.6,0,0.11,0,Tidak,2,2
RSK-0947,Bandung Branch,Reputasi,Evaluasi Lonjakan Skor Risiko #947,11.8,5.1,6.7,5,0.02,0,Tidak,3,1
RSK-0948,Surabaya Branch,Reputasi,Evaluasi Lonjakan Skor Risiko #948,23.6,16.5,7.1,2,0.0,0,Tidak,5,1
RSK-0949,Medan Branch,Legal & Kepatuhan,Evaluasi Lonjakan Skor Risiko #949,15.4,16.1,-0.7,1,0.25,0,Tidak,4,2
RSK-0950,Finance Dept,Operasional,Evaluasi Lonjakan Skor Risiko #950,12.7,12.0,0.7,0,0.03,0,Tidak,4,1
RSK-0951,IT Dept,Keamanan TI,Evaluasi Lonjakan Skor Risiko #951,6.8,12.0,-5.2,1,0.14,0,Tidak,2,2
RSK-0952,Finance Dept,Operasional,Evaluasi Lonjakan Skor Risiko #952,11.3,13.0,-1.7,3,0.06,0,Tidak,3,1
RSK-0953,Finance Dept,Operasional,Evaluasi Lonjakan Skor Risiko #953,11.0,5.6,5.4,1,0.13,0,Tidak,3,2
RSK-0954,Bandung Branch,Finansial,Evaluasi Lonjakan Skor Risiko #954,24.7,16.7,8.0,0,0.06,0,Tidak,5,1
RSK-0955,Medan Branch,Finansial,Evaluasi Lonjakan Skor Risiko #955,5.9,9.3,-3.4,5,0.01,0,Tidak,2,1
RSK-0956,Finance Dept,Keamanan TI,Evaluasi Lonjakan Skor Risiko #956,7.8,8.7,-0.9,2,0.04,0,Tidak,3,1
RSK-0957,Operations Dept,Operasional,Evaluasi Lonjakan Skor Risiko #957,12.2,10.8,1.4,0,0.03,0,Tidak,4,1
RSK-0958,Finance Dept,Legal & Kepatuhan,Evaluasi Lonjakan Skor Risiko #958,6.3,3.7,2.6,0,0.08,0,Tidak,3,2
RSK-0959,Medan Branch,Operasional,Evaluasi Lonjakan Skor Risiko #959,3.8,5.5,-1.7,1,0.16,0,Tidak,1,2
RSK-0960,Bandung Branch,Finansial,Evaluasi Lonjakan Skor Risiko #960,17.3,14.1,3.2,3,0.05,0,Tidak,4,1
RSK-0961,Finance Dept,Operasional,Evaluasi Lonjakan Skor Risiko #961,3.8,4.2,-0.4,1,0.0,0,Tidak,1,1
RSK-0962,Surabaya Branch,Reputasi,Evaluasi Lonjakan Skor Risiko #962,13.4,12.0,1.4,0,0.11,0,Tidak,3,1
RSK-0963,Jakarta Branch,Reputasi,Evaluasi Lonjakan Skor Risiko #963,10.4,6.7,3.7,4,0.14,0,Tidak,4,2
RSK-0964,IT Dept,Legal & Kepatuhan,Evaluasi Lonjakan Skor Risiko #964,10.3,8.8,1.5,1,0.49,0,Tidak,3,4
RSK-0965,Jakarta Branch,Keamanan TI,Evaluasi Lonjakan Skor Risiko #965,7.1,7.3,-0.2,0,0.13,0,Tidak,3,2
RSK-0966,Jakarta Branch,Operasional,Evaluasi Lonjakan Skor Risiko #966,9.4,8.3,1.1,5,0.1,0,Tidak,2,1
RSK-0967,Bandung Branch,Reputasi,Evaluasi Lonjakan Skor Risiko #967,14.9,13.8,1.1,1,0.13,0,Tidak,3,2
RSK-0968,Finance Dept,Keamanan TI,Evaluasi Lonjakan Skor Risiko #968,7.5,7.5,0.0,0,0.39,0,Tidak,2,4
RSK-0969,Jakarta Branch,Reputasi,Evaluasi Lonjakan Skor Risiko #969,12.0,11.5,0.5,3,0.26,0,Tidak,3,4
RSK-0970,Jakarta Branch,Keamanan TI,Evaluasi Lonjakan Skor Risiko #970,18.0,10.1,7.9,0,0.06,1,Ya (Anomali),5,3
RSK-0971,IT Dept,Keamanan TI,Evaluasi Lonjakan Skor Risiko #971,16.7,13.0,3.7,0,0.04,0,Tidak,4,1
RSK-0972,Medan Branch,Reputasi,Evaluasi Lonjakan Skor Risiko #972,17.4,17.1,0.3,5,0.05,0,Tidak,5,2
RSK-0973,Operations Dept,Finansial,Evaluasi Lonjakan Skor Risiko #973,18.3,14.0,4.3,5,0.11,0,Tidak,5,2
RSK-0974,Operations Dept,Keamanan TI,Evaluasi Lonjakan Skor Risiko #974,6.4,6.2,0.2,4,0.2,0,Tidak,2,2
RSK-0975,Finance Dept,Operasional,Evaluasi Lonjakan Skor Risiko #975,9.7,3.5,6.2,1,0.1,1,Ya (Anomali),3,5
RSK-0976,Finance Dept,Reputasi,Evaluasi Lonjakan Skor Risiko #976,9.9,6.9,3.0,7,0.01,0,Tidak,2,1
RSK-0977,IT Dept,Finansial,Evaluasi Lonjakan Skor Risiko #977,13.0,11.9,1.1,1,0.19,0,Tidak,3,2
RSK-0978,Medan Branch,Reputasi,Evaluasi Lonjakan Skor Risiko #978,7.1,3.8,3.3,4,0.25,0,Tidak,3,2
RSK-0979,Finance Dept,Legal & Kepatuhan,Evaluasi Lonjakan Skor Risiko #979,5.6,10.4,-4.8,0,0.05,0,Tidak,3,1
RSK-0980,Operations Dept,Operasional,Evaluasi Lonjakan Skor Risiko #980,9.0,12.0,-3.0,2,0.16,0,Tidak,2,2
RSK-0981,Operations Dept,Legal & Kepatuhan,Evaluasi Lonjakan Skor Risiko #981,4.7,8.0,-3.3,0,0.08,0,Tidak,1,1
RSK-0982,Surabaya Branch,Keamanan TI,Evaluasi Lonjakan Skor Risiko #982,16.7,14.6,2.1,1,0.33,0,Tidak,4,3
RSK-0983,IT Dept,Keamanan TI,Evaluasi Lonjakan Skor Risiko #983,13.0,4.6,8.4,2,0.28,0,Tidak,3,3
RSK-0984,Bandung Branch,Legal & Kepatuhan,Evaluasi Lonjakan Skor Risiko #984,14.5,4.1,10.4,9,0.11,0,Tidak,3,1
RSK-0985,Medan Branch,Legal & Kepatuhan,Evaluasi Lonjakan Skor Risiko #985,18.0,13.9,4.1,2,0.18,0,Tidak,5,2
RSK-0986,IT Dept,Keamanan TI,Evaluasi Lonjakan Skor Risiko #986,13.9,10.4,3.5,2,0.32,0,Tidak,3,3
RSK-0987,Jakarta Branch,Finansial,Evaluasi Lonjakan Skor Risiko #987,7.6,13.3,-5.7,1,0.1,0,Tidak,2,1
RSK-0988,Finance Dept,Operasional,Evaluasi Lonjakan Skor Risiko #988,8.8,9.5,-0.7,5,0.06,0,Tidak,2,2
RSK-0989,Surabaya Branch,Reputasi,Evaluasi Lonjakan Skor Risiko #989,5.0,6.7,-1.7,1,0.21,0,Tidak,1,2
RSK-0990,Operations Dept,Legal & Kepatuhan,Evaluasi Lonjakan Skor Risiko #990,14.3,15.3,-1.0,0,0.04,0,Tidak,3,1
RSK-0991,Surabaya Branch,Operasional,Evaluasi Lonjakan Skor Risiko #991,15.8,15.0,0.8,5,0.07,0,Tidak,4,2
RSK-0992,Bandung Branch,Reputasi,Evaluasi Lonjakan Skor Risiko #992,13.0,13.4,-0.4,4,0.3,0,Tidak,4,3
RSK-0993,IT Dept,Reputasi,Evaluasi Lonjakan Skor Risiko #993,1.0,7.1,-6.4,1,0.19,0,Tidak,1,3
RSK-0994,Surabaya Branch,Legal & Kepatuhan,Evaluasi Lonjakan Skor Risiko #994,16.4,11.9,4.5,0,0.08,0,Tidak,4,1
RSK-0995,IT Dept,Finansial,Evaluasi Lonjakan Skor Risiko #995,5.6,8.4,-2.8,7,0.04,0,Tidak,3,1
RSK-0996,Finance Dept,Finansial,Evaluasi Lonjakan Skor Risiko #996,6.9,4.4,2.5,3,0.07,0,Tidak,2,1
RSK-0997,Finance Dept,Operasional,Evaluasi Lonjakan Skor Risiko #997,25.0,16.8,9.8,2,0.05,0,Tidak,5,1
RSK-0998,Operations Dept,Operasional,Evaluasi Lonjakan Skor Risiko #998,2.9,5.1,-2.2,0,0.03,0,Tidak,1,1
RSK-0999,Surabaya Branch,Keamanan TI,Evaluasi Lonjakan Skor Risiko #999,8.7,17.3,-8.6,3,0.2,0,Tidak,2,3
RSK-1000,Finance Dept,Finansial,Evaluasi Lonjakan Skor Risiko #1000,10.1,9.7,0.4,2,0.04,0,Tidak,3,2
RSK-1001,IT Dept,Operasional,Evaluasi Lonjakan Skor Risiko #1001,11.7,5.8,5.9,1,0.09,0,Tidak,3,1
RSK-1002,Operations Dept,Keamanan TI,Evaluasi Lonjakan Skor Risiko #1002,20.4,11.1,9.3,0,0.07,1,Ya (Anomali),5,5
RSK-1003,Finance Dept,Reputasi,Evaluasi Lonjakan Skor Risiko #1003,12.7,16.1,-3.4,1,0.6,0,Tidak,4,5
RSK-1004,Operations Dept,Operasional,Evaluasi Lonjakan Skor Risiko #1004,17.5,14.0,3.5,2,0.07,0,Tidak,4,1
RSK-1005,Jakarta Branch,Keamanan TI,Evaluasi Lonjakan Skor Risiko #1005,14.7,15.1,-0.4,1,0.01,0,Tidak,3,1
RSK-1006,IT Dept,Finansial,Evaluasi Lonjakan Skor Risiko #1006,14.0,12.9,1.1,0,0.01,0,Tidak,3,2
RSK-1007,Operations Dept,Reputasi,Evaluasi Lonjakan Skor Risiko #1007,25.0,13.4,12.1,0,0.13,1,Ya (Anomali),5,4
RSK-1008,Medan Branch,Operasional,Evaluasi Lonjakan Skor Risiko #1008,11.2,15.7,-4.5,4,0.14,0,Tidak,3,2
RSK-1009,Finance Dept,Finansial,Evaluasi Lonjakan Skor Risiko #1009,9.2,6.7,2.5,1,0.08,0,Tidak,2,2
RSK-1010,Finance Dept,Reputasi,Evaluasi Lonjakan Skor Risiko #1010,13.7,10.3,3.4,2,0.08,0,Tidak,3,1
RSK-1011,IT Dept,Legal & Kepatuhan,Evaluasi Lonjakan Skor Risiko #1011,12.1,6.3,5.8,0,0.01,0,Tidak,4,1
RSK-1012,Bandung Branch,Finansial,Evaluasi Lonjakan Skor Risiko #1012,19.7,17.8,1.9,0,0.11,0,Tidak,4,1
RSK-1013,Medan Branch,Legal & Kepatuhan,Evaluasi Lonjakan Skor Risiko #1013,19.9,17.2,2.7,8,0.11,0,Tidak,5,1
RSK-1014,Operations Dept,Operasional,Evaluasi Lonjakan Skor Risiko #1014,3.5,3.6,-0.1,1,0.02,0,Tidak,2,1
RSK-1015,Medan Branch,Keamanan TI,Evaluasi Lonjakan Skor Risiko #1015,16.2,13.6,2.6,1,0.02,0,Tidak,4,2
RSK-1016,Operations Dept,Operasional,Evaluasi Lonjakan Skor Risiko #1016,17.0,16.9,0.1,2,0.02,0,Tidak,5,1
RSK-1017,Medan Branch,Finansial,Evaluasi Lonjakan Skor Risiko #1017,9.7,5.7,4.0,7,0.02,0,Tidak,3,1
RSK-1018,Surabaya Branch,Legal & Kepatuhan,Evaluasi Lonjakan Skor Risiko #1018,11.5,11.5,0.0,1,0.14,0,Tidak,3,2
RSK-1019,Jakarta Branch,Legal & Kepatuhan,Evaluasi Lonjakan Skor Risiko #1019,19.7,16.7,3.0,5,0.03,0,Tidak,4,1
RSK-1020,Jakarta Branch,Reputasi,Evaluasi Lonjakan Skor Risiko #1020,4.9,3.5,1.4,1,0.04,0,Tidak,1,1
RSK-1021,Bandung Branch,Operasional,Evaluasi Lonjakan Skor Risiko #1021,19.5,13.5,6.0,2,0.03,0,Tidak,5,2
RSK-1022,Medan Branch,Operasional,Evaluasi Lonjakan Skor Risiko #1022,8.8,7.5,1.3,0,0.47,0,Tidak,2,4
RSK-1023,Medan Branch,Finansial,Evaluasi Lonjakan Skor Risiko #1023,11.3,16.9,-5.6,6,0.29,0,Tidak,3,3
RSK-1024,Finance Dept,Legal & Kepatuhan,Evaluasi Lonjakan Skor Risiko #1024,24.1,17.6,6.5,7,0.04,0,Tidak,5,1
RSK-1025,Operations Dept,Finansial,Evaluasi Lonjakan Skor Risiko #1025,15.1,17.2,-2.1,0,0.06,0,Tidak,4,1
RSK-1026,IT Dept,Finansial,Evaluasi Lonjakan Skor Risiko #1026,9.0,10.1,-1.1,2,0.04,0,Tidak,2,2
RSK-1027,Surabaya Branch,Legal & Kepatuhan,Evaluasi Lonjakan Skor Risiko #1027,15.0,15.9,-0.9,1,0.1,0,Tidak,4,2
RSK-1028,Surabaya Branch,Finansial,Evaluasi Lonjakan Skor Risiko #1028,22.7,15.7,7.0,0,0.0,1,Ya (Anomali),5,3
RSK-1029,Bandung Branch,Legal & Kepatuhan,Evaluasi Lonjakan Skor Risiko #1029,1.0,7.8,-7.0,1,0.17,0,Tidak,2,3
RSK-1030,Jakarta Branch,Finansial,Evaluasi Lonjakan Skor Risiko #1030,25.0,15.4,14.1,0,0.11,1,Ya (Anomali),5,4
RSK-1031,Medan Branch,Keamanan TI,Evaluasi Lonjakan Skor Risiko #1031,9.3,3.6,5.7,2,0.34,0,Tidak,2,3
RSK-1032,IT Dept,Finansial,Evaluasi Lonjakan Skor Risiko #1032,14.3,11.9,2.4,6,0.03,0,Tidak,3,1
RSK-1033,Bandung Branch,Finansial,Evaluasi Lonjakan Skor Risiko #1033,7.8,6.5,1.3,11,0.24,0,Tidak,3,2
RSK-1034,Operations Dept,Keamanan TI,Evaluasi Lonjakan Skor Risiko #1034,7.4,4.8,2.6,4,0.24,0,Tidak,3,3
RSK-1035,Surabaya Branch,Operasional,Evaluasi Lonjakan Skor Risiko #1035,7.8,4.2,3.6,0,0.02,0,Tidak,2,1
RSK-1036,Surabaya Branch,Legal & Kepatuhan,Evaluasi Lonjakan Skor Risiko #1036,17.5,13.4,4.1,0,0.08,0,Tidak,4,1
RSK-1037,Surabaya Branch,Reputasi,Evaluasi Lonjakan Skor Risiko #1037,11.8,8.1,3.7,6,0.03,0,Tidak,3,2
RSK-1038,Medan Branch,Keamanan TI,Evaluasi Lonjakan Skor Risiko #1038,15.8,13.9,1.9,7,0.04,0,Tidak,5,1
RSK-1039,Medan Branch,Operasional,Evaluasi Lonjakan Skor Risiko #1039,4.7,4.0,0.7,0,0.05,0,Tidak,2,2
RSK-1040,Medan Branch,Finansial,Evaluasi Lonjakan Skor Risiko #1040,8.6,7.7,0.9,0,0.12,0,Tidak,2,1
RSK-1041,Finance Dept,Operasional,Evaluasi Lonjakan Skor Risiko #1041,11.8,11.1,0.7,1,0.08,0,Tidak,4,1
RSK-1042,Jakarta Branch,Keamanan TI,Evaluasi Lonjakan Skor Risiko #1042,20.9,14.9,6.0,0,0.44,0,Tidak,5,5
RSK-1043,Operations Dept,Finansial,Evaluasi Lonjakan Skor Risiko #1043,11.7,7.8,3.9,3,0.02,0,Tidak,4,1
RSK-1044,Surabaya Branch,Operasional,Evaluasi Lonjakan Skor Risiko #1044,2.1,12.4,-10.3,3,0.55,0,Tidak,1,5
RSK-1045,Surabaya Branch,Reputasi,Evaluasi Lonjakan Skor Risiko #1045,20.4,16.3,4.1,2,0.04,0,Tidak,5,1
RSK-1046,Finance Dept,Legal & Kepatuhan,Evaluasi Lonjakan Skor Risiko #1046,14.5,12.2,2.3,1,0.22,0,Tidak,3,3
RSK-1047,Surabaya Branch,Legal & Kepatuhan,Evaluasi Lonjakan Skor Risiko #1047,7.9,6.5,1.4,0,0.06,0,Tidak,2,1
RSK-1048,Operations Dept,Keamanan TI,Evaluasi Lonjakan Skor Risiko #1048,3.3,3.4,-0.1,1,0.02,0,Tidak,1,1
RSK-1049,Surabaya Branch,Finansial,Evaluasi Lonjakan Skor Risiko #1049,22.1,16.1,6.0,1,0.29,0,Tidak,5,4
RSK-1050,Medan Branch,Finansial,Evaluasi Lonjakan Skor Risiko #1050,8.6,3.3,5.3,1,0.06,0,Tidak,2,1
RSK-1051,Medan Branch,Legal & Kepatuhan,Evaluasi Lonjakan Skor Risiko #1051,14.5,16.1,-1.6,0,0.16,0,Tidak,3,3
RSK-1052,Jakarta Branch,Operasional,Evaluasi Lonjakan Skor Risiko #1052,14.0,10.9,3.1,0,0.13,0,Tidak,3,3
RSK-1053,Operations Dept,Finansial,Evaluasi Lonjakan Skor Risiko #1053,14.7,17.1,-2.4,8,0.1,0,Tidak,4,2
RSK-1054,Operations Dept,Reputasi,Evaluasi Lonjakan Skor Risiko #1054,11.0,15.0,-4.0,2,0.1,0,Tidak,4,2
RSK-1055,Surabaya Branch,Reputasi,Evaluasi Lonjakan Skor Risiko #1055,17.0,18.0,-1.0,3,0.2,0,Tidak,4,2
RSK-1056,Bandung Branch,Finansial,Evaluasi Lonjakan Skor Risiko #1056,13.2,8.3,4.9,0,0.01,0,Tidak,3,1
RSK-1057,Surabaya Branch,Finansial,Evaluasi Lonjakan Skor Risiko #1057,19.8,14.5,5.3,9,0.17,0,Tidak,4,2
RSK-1058,Surabaya Branch,Legal & Kepatuhan,Evaluasi Lonjakan Skor Risiko #1058,12.6,9.0,3.6,8,0.34,0,Tidak,4,3
RSK-1059,Jakarta Branch,Keamanan TI,Evaluasi Lonjakan Skor Risiko #1059,14.6,10.2,4.4,3,0.01,0,Tidak,4,1
RSK-1060,Bandung Branch,Legal & Kepatuhan,Evaluasi Lonjakan Skor Risiko #1060,16.0,12.4,3.6,5,0.02,0,Tidak,4,1
RSK-1061,Surabaya Branch,Keamanan TI,Evaluasi Lonjakan Skor Risiko #1061,15.0,16.1,-1.1,2,0.19,0,Tidak,4,2
RSK-1062,IT Dept,Reputasi,Evaluasi Lonjakan Skor Risiko #1062,21.0,17.8,3.2,5,0.09,0,Tidak,5,1
RSK-1063,IT Dept,Keamanan TI,Evaluasi Lonjakan Skor Risiko #1063,19.2,14.5,4.7,3,0.08,0,Tidak,5,1
RSK-1064,Operations Dept,Legal & Kepatuhan,Evaluasi Lonjakan Skor Risiko #1064,13.8,9.3,4.5,0,0.02,0,Tidak,3,2
RSK-1065,Operations Dept,Finansial,Evaluasi Lonjakan Skor Risiko #1065,15.6,9.3,6.3,0,0.11,0,Tidak,4,1
RSK-1066,Bandung Branch,Keamanan TI,Evaluasi Lonjakan Skor Risiko #1066,18.4,14.1,4.3,5,0.02,0,Tidak,4,1
RSK-1067,IT Dept,Legal & Kepatuhan,Evaluasi Lonjakan Skor Risiko #1067,9.5,6.6,2.9,3,0.1,0,Tidak,2,2
RSK-1068,Medan Branch,Reputasi,Evaluasi Lonjakan Skor Risiko #1068,10.5,4.7,5.8,5,0.22,0,Tidak,3,2
RSK-1069,Medan Branch,Keamanan TI,Evaluasi Lonjakan Skor Risiko #1069,9.7,8.3,1.4,0,0.04,0,Tidak,2,2
RSK-1070,Bandung Branch,Reputasi,Evaluasi Lonjakan Skor Risiko #1070,5.3,7.3,-2.0,1,0.1,0,Tidak,2,1
RSK-1071,Surabaya Branch,Reputasi,Evaluasi Lonjakan Skor Risiko #1071,8.2,7.4,0.8,0,0.72,0,Tidak,2,5
RSK-1072,Operations Dept,Operasional,Evaluasi Lonjakan Skor Risiko #1072,5.0,6.5,-1.5,2,0.17,0,Tidak,1,2
RSK-1073,Bandung Branch,Keamanan TI,Evaluasi Lonjakan Skor Risiko #1073,2.4,3.6,-1.2,1,0.28,0,Tidak,1,4
RSK-1074,IT Dept,Legal & Kepatuhan,Evaluasi Lonjakan Skor Risiko #1074,4.2,3.3,0.9,5,0.08,0,Tidak,2,1
RSK-1075,Bandung Branch,Keamanan TI,Evaluasi Lonjakan Skor Risiko #1075,16.1,17.8,-1.7,0,0.22,0,Tidak,5,3
RSK-1076,IT Dept,Keamanan TI,Evaluasi Lonjakan Skor Risiko #1076,9.7,9.4,0.3,5,0.01,0,Tidak,2,1
RSK-1077,Operations Dept,Reputasi,Evaluasi Lonjakan Skor Risiko #1077,2.7,8.8,-6.1,0,0.02,0,Tidak,1,1
RSK-1078,Medan Branch,Reputasi,Evaluasi Lonjakan Skor Risiko #1078,15.6,13.2,2.4,2,0.03,0,Tidak,4,1
RSK-1079,Bandung Branch,Reputasi,Evaluasi Lonjakan Skor Risiko #1079,7.8,6.3,1.5,6,0.08,0,Tidak,2,1
RSK-1080,Operations Dept,Reputasi,Evaluasi Lonjakan Skor Risiko #1080,15.4,17.2,-1.8,0,0.28,0,Tidak,5,3
RSK-1081,Operations Dept,Legal & Kepatuhan,Evaluasi Lonjakan Skor Risiko #1081,18.9,14.8,4.1,6,0.06,0,Tidak,4,2
RSK-1082,Finance Dept,Finansial,Evaluasi Lonjakan Skor Risiko #1082,9.6,4.3,5.3,0,0.16,0,Tidak,2,2
RSK-1083,IT Dept,Operasional,Evaluasi Lonjakan Skor Risiko #1083,4.4,9.3,-4.9,0,0.19,0,Tidak,2,2
RSK-1084,Finance Dept,Reputasi,Evaluasi Lonjakan Skor Risiko #1084,14.6,16.2,-1.6,1,0.13,0,Tidak,3,2
RSK-1085,Medan Branch,Reputasi,Evaluasi Lonjakan Skor Risiko #1085,15.6,17.2,-1.6,0,0.07,0,Tidak,4,2
RSK-1086,Operations Dept,Operasional,Evaluasi Lonjakan Skor Risiko #1086,7.7,10.0,-2.3,1,0.13,0,Tidak,2,3
RSK-1087,Operations Dept,Reputasi,Evaluasi Lonjakan Skor Risiko #1087,17.0,12.2,4.8,1,0.06,0,Tidak,4,2
RSK-1088,Surabaya Branch,Finansial,Evaluasi Lonjakan Skor Risiko #1088,6.2,5.5,0.7,2,0.01,0,Tidak,2,2
RSK-1089,IT Dept,Keamanan TI,Evaluasi Lonjakan Skor Risiko #1089,18.3,17.9,0.4,1,0.74,0,Tidak,4,5
RSK-1090,Surabaya Branch,Operasional,Evaluasi Lonjakan Skor Risiko #1090,1.0,6.5,-6.5,0,0.02,0,Tidak,1,2
RSK-1091,Medan Branch,Legal & Kepatuhan,Evaluasi Lonjakan Skor Risiko #1091,21.1,17.1,4.0,1,0.01,0,Tidak,5,2
RSK-1092,Surabaya Branch,Operasional,Evaluasi Lonjakan Skor Risiko #1092,9.2,12.7,-3.5,0,0.32,0,Tidak,2,3
RSK-1093,Operations Dept,Finansial,Evaluasi Lonjakan Skor Risiko #1093,13.8,12.1,1.7,0,0.05,0,Tidak,4,1
RSK-1094,IT Dept,Legal & Kepatuhan,Evaluasi Lonjakan Skor Risiko #1094,13.3,10.7,2.6,4,0.16,0,Tidak,3,2
RSK-1095,Jakarta Branch,Keamanan TI,Evaluasi Lonjakan Skor Risiko #1095,13.4,6.5,6.9,0,0.06,0,Tidak,3,1
RSK-1096,IT Dept,Reputasi,Evaluasi Lonjakan Skor Risiko #1096,1.9,5.6,-3.7,1,0.07,0,Tidak,1,1
RSK-1097,IT Dept,Operasional,Evaluasi Lonjakan Skor Risiko #1097,1.0,6.3,-10.6,2,0.05,0,Tidak,1,1
RSK-1098,Finance Dept,Legal & Kepatuhan,Evaluasi Lonjakan Skor Risiko #1098,8.0,5.8,2.2,1,0.06,0,Tidak,2,2
RSK-1099,Jakarta Branch,Operasional,Evaluasi Lonjakan Skor Risiko #1099,23.4,14.7,8.7,1,0.08,0,Tidak,5,1
RSK-1100,Jakarta Branch,Keamanan TI,Evaluasi Lonjakan Skor Risiko #1100,14.8,8.3,6.5,1,0.19,0,Tidak,4,3
RSK-1101,Jakarta Branch,Operasional,Evaluasi Lonjakan Skor Risiko #1101,6.2,3.9,2.3,5,0.11,0,Tidak,2,2
RSK-1102,IT Dept,Legal & Kepatuhan,Evaluasi Lonjakan Skor Risiko #1102,17.0,17.5,-0.5,3,0.43,0,Tidak,4,5
RSK-1103,Medan Branch,Finansial,Evaluasi Lonjakan Skor Risiko #1103,21.0,16.3,4.7,1,0.01,0,Tidak,5,2
RSK-1104,Jakarta Branch,Legal & Kepatuhan,Evaluasi Lonjakan Skor Risiko #1104,14.5,16.9,-2.4,0,0.1,0,Tidak,3,2
RSK-1105,Bandung Branch,Operasional,Evaluasi Lonjakan Skor Risiko #1105,21.3,17.9,3.4,2,0.13,0,Tidak,5,2
RSK-1106,Surabaya Branch,Keamanan TI,Evaluasi Lonjakan Skor Risiko #1106,9.1,5.6,3.5,4,0.38,0,Tidak,3,4
RSK-1107,Medan Branch,Reputasi,Evaluasi Lonjakan Skor Risiko #1107,14.6,8.9,5.7,1,0.01,0,Tidak,3,1
RSK-1108,Bandung Branch,Reputasi,Evaluasi Lonjakan Skor Risiko #1108,25.0,14.4,12.5,9,0.13,0,Tidak,5,3
RSK-1109,IT Dept,Keamanan TI,Evaluasi Lonjakan Skor Risiko #1109,16.5,13.4,3.1,0,0.29,0,Tidak,4,4
RSK-1110,IT Dept,Operasional,Evaluasi Lonjakan Skor Risiko #1110,4.8,5.3,-0.5,1,0.04,0,Tidak,1,2
RSK-1111,Bandung Branch,Keamanan TI,Evaluasi Lonjakan Skor Risiko #1111,16.6,15.2,1.4,15,0.31,0,Tidak,4,3
RSK-1112,Finance Dept,Operasional,Evaluasi Lonjakan Skor Risiko #1112,1.0,6.4,-5.6,1,0.0,0,Tidak,1,1
RSK-1113,Finance Dept,Legal & Kepatuhan,Evaluasi Lonjakan Skor Risiko #1113,5.1,6.4,-1.3,2,0.2,0,Tidak,3,2
RSK-1114,Bandung Branch,Finansial,Evaluasi Lonjakan Skor Risiko #1114,11.0,11.1,-0.1,0,0.41,0,Tidak,4,4
RSK-1115,Finance Dept,Operasional,Evaluasi Lonjakan Skor Risiko #1115,11.3,11.9,-0.6,11,0.16,0,Tidak,3,2
RSK-1116,Surabaya Branch,Reputasi,Evaluasi Lonjakan Skor Risiko #1116,13.8,11.7,2.1,0,0.09,0,Tidak,3,1
RSK-1117,Surabaya Branch,Reputasi,Evaluasi Lonjakan Skor Risiko #1117,2.6,4.4,-1.8,7,0.01,0,Tidak,2,2
RSK-1118,IT Dept,Finansial,Evaluasi Lonjakan Skor Risiko #1118,22.2,16.2,6.0,1,0.38,0,Tidak,5,4
RSK-1119,Finance Dept,Operasional,Evaluasi Lonjakan Skor Risiko #1119,8.5,7.0,1.5,0,0.1,0,Tidak,2,1
RSK-1120,Jakarta Branch,Finansial,Evaluasi Lonjakan Skor Risiko #1120,6.4,4.9,1.5,3,0.0,0,Tidak,2,1
RSK-1121,Bandung Branch,Legal & Kepatuhan,Evaluasi Lonjakan Skor Risiko #1121,16.5,16.3,0.2,3,0.18,0,Tidak,5,2
RSK-1122,Surabaya Branch,Finansial,Evaluasi Lonjakan Skor Risiko #1122,19.4,17.3,2.1,1,0.1,0,Tidak,4,1
RSK-1123,Operations Dept,Legal & Kepatuhan,Evaluasi Lonjakan Skor Risiko #1123,20.7,15.9,4.8,1,0.02,0,Tidak,5,1
RSK-1124,Finance Dept,Reputasi,Evaluasi Lonjakan Skor Risiko #1124,13.1,15.1,-2.0,0,0.04,0,Tidak,3,1
RSK-1125,Operations Dept,Legal & Kepatuhan,Evaluasi Lonjakan Skor Risiko #1125,11.7,12.8,-1.1,2,0.01,0,Tidak,3,1
RSK-1126,Finance Dept,Operasional,Evaluasi Lonjakan Skor Risiko #1126,11.6,11.3,0.3,1,0.13,0,Tidak,3,2
RSK-1127,Surabaya Branch,Operasional,Evaluasi Lonjakan Skor Risiko #1127,1.0,4.3,-3.9,0,0.15,0,Tidak,1,2
RSK-1128,Surabaya Branch,Operasional,Evaluasi Lonjakan Skor Risiko #1128,7.3,9.1,-1.8,3,0.11,0,Tidak,3,1
RSK-1129,Jakarta Branch,Operasional,Evaluasi Lonjakan Skor Risiko #1129,8.2,8.6,-0.4,0,0.25,0,Tidak,3,2
RSK-1130,Finance Dept,Keamanan TI,Evaluasi Lonjakan Skor Risiko #1130,11.9,6.9,5.0,3,0.3,0,Tidak,3,4
RSK-1131,Finance Dept,Legal & Kepatuhan,Evaluasi Lonjakan Skor Risiko #1131,16.5,13.9,2.6,0,0.14,0,Tidak,5,2
RSK-1132,Medan Branch,Operasional,Evaluasi Lonjakan Skor Risiko #1132,12.7,10.4,2.3,0,0.0,0,Tidak,4,1
RSK-1133,IT Dept,Finansial,Evaluasi Lonjakan Skor Risiko #1133,9.1,4.2,4.9,2,0.18,0,Tidak,2,2
RSK-1134,Jakarta Branch,Finansial,Evaluasi Lonjakan Skor Risiko #1134,7.3,6.3,1.0,1,0.08,0,Tidak,2,1
RSK-1135,Surabaya Branch,Keamanan TI,Evaluasi Lonjakan Skor Risiko #1135,16.3,13.2,3.1,1,0.13,0,Tidak,4,3
RSK-1136,Operations Dept,Legal & Kepatuhan,Evaluasi Lonjakan Skor Risiko #1136,5.2,4.1,1.1,5,0.16,0,Tidak,2,2
RSK-1137,Surabaya Branch,Legal & Kepatuhan,Evaluasi Lonjakan Skor Risiko #1137,18.4,15.8,2.6,1,0.06,0,Tidak,4,1
RSK-1138,Bandung Branch,Legal & Kepatuhan,Evaluasi Lonjakan Skor Risiko #1138,9.6,10.4,-0.8,1,0.37,0,Tidak,2,3
RSK-1139,IT Dept,Keamanan TI,Evaluasi Lonjakan Skor Risiko #1139,1.9,10.2,-8.3,3,0.02,0,Tidak,1,1
RSK-1140,Surabaya Branch,Legal & Kepatuhan,Evaluasi Lonjakan Skor Risiko #1140,12.9,11.9,1.0,4,0.17,0,Tidak,4,3
RSK-1141,Finance Dept,Legal & Kepatuhan,Evaluasi Lonjakan Skor Risiko #1141,22.6,15.4,7.2,4,0.0,0,Tidak,5,1
RSK-1142,Surabaya Branch,Operasional,Evaluasi Lonjakan Skor Risiko #1142,13.4,8.2,5.2,1,0.39,0,Tidak,3,4
RSK-1143,Finance Dept,Legal & Kepatuhan,Evaluasi Lonjakan Skor Risiko #1143,18.6,13.2,5.4,7,0.02,0,Tidak,4,1
RSK-1144,Finance Dept,Operasional,Evaluasi Lonjakan Skor Risiko #1144,17.9,11.5,6.4,1,0.01,1,Ya (Anomali),4,3
RSK-1145,Jakarta Branch,Operasional,Evaluasi Lonjakan Skor Risiko #1145,8.9,7.0,1.9,2,0.06,0,Tidak,2,2
RSK-1146,Surabaya Branch,Legal & Kepatuhan,Evaluasi Lonjakan Skor Risiko #1146,18.5,16.2,2.3,0,0.07,0,Tidak,4,2
RSK-1147,Jakarta Branch,Finansial,Evaluasi Lonjakan Skor Risiko #1147,14.0,15.0,-1.0,7,0.04,0,Tidak,3,2
RSK-1148,Operations Dept,Reputasi,Evaluasi Lonjakan Skor Risiko #1148,13.1,12.9,0.2,2,0.13,0,Tidak,3,2
RSK-1149,Operations Dept,Finansial,Evaluasi Lonjakan Skor Risiko #1149,19.8,15.8,4.0,1,0.09,0,Tidak,4,2
RSK-1150,IT Dept,Legal & Kepatuhan,Evaluasi Lonjakan Skor Risiko #1150,22.3,16.0,6.3,2,0.01,0,Tidak,5,1
RSK-1151,Finance Dept,Legal & Kepatuhan,Evaluasi Lonjakan Skor Risiko #1151,14.5,13.6,0.9,3,0.06,0,Tidak,3,1
RSK-1152,Operations Dept,Finansial,Evaluasi Lonjakan Skor Risiko #1152,15.3,15.6,-0.3,0,0.25,0,Tidak,5,3
RSK-1153,IT Dept,Legal & Kepatuhan,Evaluasi Lonjakan Skor Risiko #1153,15.0,13.5,1.5,0,0.18,0,Tidak,4,2
RSK-1154,Surabaya Branch,Operasional,Evaluasi Lonjakan Skor Risiko #1154,17.1,13.2,3.9,5,0.19,0,Tidak,4,3
RSK-1155,IT Dept,Keamanan TI,Evaluasi Lonjakan Skor Risiko #1155,8.0,12.3,-4.3,0,0.18,0,Tidak,2,2
RSK-1156,IT Dept,Legal & Kepatuhan,Evaluasi Lonjakan Skor Risiko #1156,6.6,14.3,-7.7,7,0.06,0,Tidak,2,2
RSK-1157,Surabaya Branch,Legal & Kepatuhan,Evaluasi Lonjakan Skor Risiko #1157,4.7,5.4,-0.7,6,0.02,0,Tidak,1,1
RSK-1158,Jakarta Branch,Finansial,Evaluasi Lonjakan Skor Risiko #1158,12.8,16.2,-3.4,1,0.05,0,Tidak,3,1
RSK-1159,Jakarta Branch,Operasional,Evaluasi Lonjakan Skor Risiko #1159,15.6,16.1,-0.5,4,0.27,0,Tidak,4,3
RSK-1160,Finance Dept,Finansial,Evaluasi Lonjakan Skor Risiko #1160,4.3,3.4,0.9,3,0.59,0,Tidak,2,5
RSK-1161,Finance Dept,Finansial,Evaluasi Lonjakan Skor Risiko #1161,15.1,15.4,-0.3,1,0.1,0,Tidak,4,1
RSK-1162,Surabaya Branch,Legal & Kepatuhan,Evaluasi Lonjakan Skor Risiko #1162,12.2,4.9,7.3,0,0.0,0,Tidak,4,1
RSK-1163,Surabaya Branch,Operasional,Evaluasi Lonjakan Skor Risiko #1163,10.8,8.0,2.8,0,0.02,0,Tidak,3,1
RSK-1164,Medan Branch,Legal & Kepatuhan,Evaluasi Lonjakan Skor Risiko #1164,16.9,14.2,2.7,0,0.06,0,Tidak,4,1
RSK-1165,Medan Branch,Legal & Kepatuhan,Evaluasi Lonjakan Skor Risiko #1165,9.4,5.4,4.0,4,0.13,0,Tidak,2,2
RSK-1166,Bandung Branch,Legal & Kepatuhan,Evaluasi Lonjakan Skor Risiko #1166,12.2,15.3,-3.1,0,0.01,0,Tidak,3,1
RSK-1167,Operations Dept,Legal & Kepatuhan,Evaluasi Lonjakan Skor Risiko #1167,21.2,15.5,5.7,3,0.43,0,Tidak,5,5
RSK-1168,Finance Dept,Keamanan TI,Evaluasi Lonjakan Skor Risiko #1168,11.8,10.6,1.2,2,0.07,0,Tidak,3,2
RSK-1169,IT Dept,Reputasi,Evaluasi Lonjakan Skor Risiko #1169,7.3,3.1,4.2,1,0.37,0,Tidak,2,3
RSK-1170,Operations Dept,Operasional,Evaluasi Lonjakan Skor Risiko #1170,4.5,7.3,-2.8,1,0.23,0,Tidak,1,2
RSK-1171,Bandung Branch,Keamanan TI,Evaluasi Lonjakan Skor Risiko #1171,7.6,12.3,-4.7,3,0.21,0,Tidak,2,3
RSK-1172,Operations Dept,Reputasi,Evaluasi Lonjakan Skor Risiko #1172,22.5,17.7,4.8,2,0.14,0,Tidak,5,2
RSK-1173,Bandung Branch,Reputasi,Evaluasi Lonjakan Skor Risiko #1173,15.5,12.5,3.0,0,0.15,0,Tidak,4,2
RSK-1174,Jakarta Branch,Reputasi,Evaluasi Lonjakan Skor Risiko #1174,4.8,6.9,-2.1,1,0.15,0,Tidak,1,2
RSK-1175,IT Dept,Keamanan TI,Evaluasi Lonjakan Skor Risiko #1175,10.5,12.5,-2.0,0,0.15,0,Tidak,3,2
RSK-1176,Jakarta Branch,Operasional,Evaluasi Lonjakan Skor Risiko #1176,17.1,11.1,6.0,2,0.12,0,Tidak,5,1
RSK-1177,Medan Branch,Finansial,Evaluasi Lonjakan Skor Risiko #1177,11.4,14.7,-3.3,6,0.64,0,Tidak,3,5
RSK-1178,Bandung Branch,Reputasi,Evaluasi Lonjakan Skor Risiko #1178,12.7,4.6,8.1,6,0.2,0,Tidak,3,2
RSK-1179,Operations Dept,Finansial,Evaluasi Lonjakan Skor Risiko #1179,12.3,14.4,-2.1,1,0.23,0,Tidak,3,2
RSK-1180,Medan Branch,Finansial,Evaluasi Lonjakan Skor Risiko #1180,15.2,11.1,4.1,0,0.31,0,Tidak,4,3
RSK-1181,IT Dept,Legal & Kepatuhan,Evaluasi Lonjakan Skor Risiko #1181,17.6,17.4,0.2,1,0.04,0,Tidak,4,1
RSK-1182,IT Dept,Finansial,Evaluasi Lonjakan Skor Risiko #1182,12.0,8.1,3.9,1,0.01,0,Tidak,4,1
RSK-1183,Finance Dept,Legal & Kepatuhan,Evaluasi Lonjakan Skor Risiko #1183,11.8,12.5,-0.7,0,0.1,0,Tidak,4,1
RSK-1184,Surabaya Branch,Operasional,Evaluasi Lonjakan Skor Risiko #1184,17.8,17.0,0.8,0,0.11,0,Tidak,4,2
RSK-1185,Jakarta Branch,Operasional,Evaluasi Lonjakan Skor Risiko #1185,6.2,4.5,1.7,0,0.27,0,Tidak,2,3
RSK-1186,Finance Dept,Legal & Kepatuhan,Evaluasi Lonjakan Skor Risiko #1186,14.6,17.1,-2.5,6,0.09,0,Tidak,3,1
RSK-1187,Operations Dept,Operasional,Evaluasi Lonjakan Skor Risiko #1187,17.8,13.3,4.5,3,0.13,0,Tidak,4,2
RSK-1188,Finance Dept,Reputasi,Evaluasi Lonjakan Skor Risiko #1188,3.4,4.0,-0.6,4,0.11,0,Tidak,2,1
RSK-1189,Operations Dept,Operasional,Evaluasi Lonjakan Skor Risiko #1189,8.1,7.5,0.6,6,0.01,0,Tidak,2,1
RSK-1190,Jakarta Branch,Legal & Kepatuhan,Evaluasi Lonjakan Skor Risiko #1190,11.1,13.6,-2.5,7,0.14,0,Tidak,3,2
RSK-1191,Jakarta Branch,Reputasi,Evaluasi Lonjakan Skor Risiko #1191,1.0,4.0,-8.7,3,0.26,0,Tidak,1,4
RSK-1192,IT Dept,Finansial,Evaluasi Lonjakan Skor Risiko #1192,12.4,11.7,0.7,9,0.03,0,Tidak,4,1
RSK-1193,IT Dept,Finansial,Evaluasi Lonjakan Skor Risiko #1193,19.4,8.2,11.2,0,0.14,0,Tidak,4,3
RSK-1194,Bandung Branch,Finansial,Evaluasi Lonjakan Skor Risiko #1194,16.9,12.3,4.6,2,0.14,0,Tidak,4,2
RSK-1195,Medan Branch,Legal & Kepatuhan,Evaluasi Lonjakan Skor Risiko #1195,5.1,3.7,1.4,0,0.03,0,Tidak,2,2
RSK-1196,IT Dept,Finansial,Evaluasi Lonjakan Skor Risiko #1196,16.5,16.1,0.4,0,0.02,0,Tidak,4,2
RSK-1197,Finance Dept,Operasional,Evaluasi Lonjakan Skor Risiko #1197,19.2,17.6,1.6,6,0.59,0,Tidak,5,5
RSK-1198,Bandung Branch,Finansial,Evaluasi Lonjakan Skor Risiko #1198,21.2,17.5,3.7,2,0.08,0,Tidak,5,1
RSK-1199,Operations Dept,Keamanan TI,Evaluasi Lonjakan Skor Risiko #1199,11.0,14.2,-3.2,2,0.04,0,Tidak,3,1
RSK-1200,Bandung Branch,Keamanan TI,Evaluasi Lonjakan Skor Risiko #1200,11.0,5.0,6.0,0,0.03,0,Tidak,3,2
