ID Transaksi,Entitas,Produk,Tipe Transaksi,Nilai Transaksi (Juta Rp),Jam Transaksi (0-23),Hari Transaksi (1-7),Deviasi Kurs / Yield (%),Status Limit Dealer,Status Limit Counterparty,Status Konfirmasi Deal,Verifikasi Middle Office,Indikasi Batas PDN,TARGET: is_anomaly,TARGET: Impact (1-5),TARGET: Likelihood (1-5),Alasan Anomali
TRSY-0001,Head Office,SRBI / Sekuritas Rupiah BI,Buy / Purchase,10570.45,16,1,0.02,Dalam Limit Dealer,Limit Tersedia,Konfirmasi Match,Terverifikasi Middle Office,Sesuai Ketentuan BI <20%,Tidak,1,1,-
TRSY-0002,Treasury Jakarta,SRBI / Sekuritas Rupiah BI,Buy / Purchase,29235.79,12,5,1.83,Dalam Limit Dealer,Limit Tersedia,Unconfirmed Deal Slip,Tanpa Verifikasi / Override Dealer,Sesuai Ketentuan BI <20%,Ya (Anomali),5,5,Transaksi dengan Deviasi Kurs / Yield Tidak Wajar (Off-Market Rate: 1.83%)
TRSY-0003,Treasury Jakarta,SRBI / Sekuritas Rupiah BI,Sell / Placement,11596.71,11,5,0.15,Dalam Limit Dealer,Limit Tersedia,Konfirmasi Match,Terverifikasi Middle Office,Sesuai Ketentuan BI <20%,Tidak,1,1,-
TRSY-0004,Head Office,FX Forward / Swap,Sell / Placement,2274.01,14,5,0.09,Dalam Limit Dealer,Limit Tersedia,Konfirmasi Match,Terverifikasi Middle Office,Sesuai Ketentuan BI <20%,Tidak,1,1,-
TRSY-0005,Treasury Jakarta,SBN / Government Bonds,Sell / Placement,40000.0,12,4,0.06,Dalam Limit Dealer,Limit Tersedia,Konfirmasi Match,Terverifikasi Middle Office,Sesuai Ketentuan BI <20%,Tidak,1,1,-
TRSY-0006,Treasury Surabaya,PUAB / Call Money,Buy / Purchase,34157.6,16,4,0.06,Dalam Limit Dealer,Limit Tersedia,Konfirmasi Match,Terverifikasi Middle Office,Sesuai Ketentuan BI <20%,Tidak,1,1,-
TRSY-0007,Treasury Surabaya,PUAB / Call Money,Buy / Purchase,82388.58,2,7,0.16,Dalam Limit Dealer,Limit Tersedia,Unconfirmed Deal Slip,Tanpa Verifikasi / Override Dealer,Sesuai Ketentuan BI <20%,Ya (Anomali),5,4,Transaksi Nilai Sangat Besar Dini Hari di Luar Jam Pasar Tanpa Otorisasi (Jam 2)
TRSY-0008,Head Office,FX Spot,Buy / Purchase,11271.55,13,4,0.04,Dalam Limit Dealer,Limit Tersedia,Konfirmasi Match,Terverifikasi Middle Office,Sesuai Ketentuan BI <20%,Tidak,1,1,-
TRSY-0009,Treasury Jakarta,FX Spot,Buy / Purchase,21065.07,14,4,0.06,Dalam Limit Dealer,Limit Tersedia,Konfirmasi Match,Terverifikasi Middle Office,Sesuai Ketentuan BI <20%,Tidak,2,1,-
TRSY-0010,Head Office,SBN / Government Bonds,Buy / Purchase,31421.84,2,6,0.24,Dalam Limit Dealer,Limit Tersedia,Unconfirmed Deal Slip,Tanpa Verifikasi / Override Dealer,Sesuai Ketentuan BI <20%,Ya (Anomali),5,5,Transaksi Nilai Sangat Besar Dini Hari di Luar Jam Pasar Tanpa Otorisasi (Jam 2)
TRSY-0011,Treasury Surabaya,Repo / Reverse Repo,Sell / Placement,19153.78,10,4,0.04,Dalam Limit Dealer,Limit Tersedia,Konfirmasi Match,Terverifikasi Middle Office,Sesuai Ketentuan BI <20%,Tidak,1,1,-
TRSY-0012,Singapore Branch,FX Spot,Sell / Placement,2851.1,18,4,0.05,Dalam Limit Dealer,Limit Tersedia,Konfirmasi Match,Terverifikasi Middle Office,Sesuai Ketentuan BI <20%,Tidak,2,2,-
TRSY-0013,Treasury Surabaya,FX Spot,Buy / Purchase,25000.0,13,2,0.12,Dalam Limit Dealer,Limit Tersedia,Konfirmasi Match,Terverifikasi Middle Office,Sesuai Ketentuan BI <20%,Tidak,1,1,-
TRSY-0014,Treasury Surabaya,SRBI / Sekuritas Rupiah BI,Sell / Placement,8262.67,9,4,0.01,Dalam Limit Dealer,Limit Tersedia,Konfirmasi Match,Terverifikasi Middle Office,Sesuai Ketentuan BI <20%,Tidak,2,1,-
TRSY-0015,Singapore Branch,Repo / Reverse Repo,Sell / Placement,5530.57,13,1,0.01,Dalam Limit Dealer,Limit Tersedia,Konfirmasi Match,Terverifikasi Middle Office,Sesuai Ketentuan BI <20%,Tidak,1,2,-
TRSY-0016,Treasury Jakarta,PUAB / Call Money,Sell / Placement,4573.47,10,4,0.1,Dalam Limit Dealer,Limit Tersedia,Konfirmasi Match,Terverifikasi Middle Office,Sesuai Ketentuan BI <20%,Tidak,2,1,-
TRSY-0017,Treasury Medan,SBN / Government Bonds,Sell / Placement,25497.44,11,3,0.07,Dalam Limit Dealer,Limit Tersedia,Konfirmasi Match,Terverifikasi Middle Office,Sesuai Ketentuan BI <20%,Tidak,1,1,-
TRSY-0018,Treasury Medan,SBN / Government Bonds,Sell / Placement,30927.47,12,2,0.04,Dalam Limit Dealer,Limit Tersedia,Konfirmasi Match,Terverifikasi Middle Office,Sesuai Ketentuan BI <20%,Tidak,2,1,-
TRSY-0019,Singapore Branch,FX Spot,Buy / Purchase,66810.58,12,5,0.07,Dalam Limit Dealer,Melampaui Limit Counterparty,Konfirmasi Match,Tanpa Verifikasi / Override Dealer,Sesuai Ketentuan BI <20%,Ya (Anomali),4,4,Pelanggaran Limit Kredit Counterparty Bank Lawan (Exceeded Counterparty Exposure Limit)
TRSY-0020,Singapore Branch,SBN / Government Bonds,Sell / Placement,11962.6,14,2,0.17,Dalam Limit Dealer,Limit Tersedia,Konfirmasi Match,Terverifikasi Middle Office,Sesuai Ketentuan BI <20%,Tidak,2,1,-
TRSY-0021,Treasury Jakarta,SBN / Government Bonds,Sell / Placement,12202.87,16,4,0.01,Dalam Limit Dealer,Limit Tersedia,Konfirmasi Match,Terverifikasi Middle Office,Sesuai Ketentuan BI <20%,Tidak,1,1,-
TRSY-0022,Head Office,SRBI / Sekuritas Rupiah BI,Buy / Purchase,24312.81,10,2,0.05,Dalam Limit Dealer,Limit Tersedia,Konfirmasi Match,Terverifikasi Middle Office,Sesuai Ketentuan BI <20%,Tidak,1,1,-
TRSY-0023,Treasury Jakarta,FX Spot,Sell / Placement,3192.57,9,4,0.1,Dalam Limit Dealer,Limit Tersedia,Konfirmasi Match,Terverifikasi Middle Office,Sesuai Ketentuan BI <20%,Tidak,1,1,-
TRSY-0024,Treasury Medan,FX Spot,Sell / Placement,73084.16,15,4,0.06,Melampaui Limit Dealer,Limit Tersedia,Konfirmasi Match,Tanpa Verifikasi / Override Dealer,Sesuai Ketentuan BI <20%,Ya (Anomali),5,5,Pelanggaran Limit Wewenang Dealer (Dealer Trading Limit Breach: Rp 73084.16 Juta)
TRSY-0025,Head Office,FX Spot,Sell / Placement,5153.64,18,5,0.04,Dalam Limit Dealer,Limit Tersedia,Konfirmasi Match,Terverifikasi Middle Office,Sesuai Ketentuan BI <20%,Tidak,1,1,-
TRSY-0026,Treasury Medan,FX Forward / Swap,Buy / Purchase,2680.87,14,2,0.2,Dalam Limit Dealer,Limit Tersedia,Konfirmasi Match,Terverifikasi Middle Office,Sesuai Ketentuan BI <20%,Tidak,2,1,-
TRSY-0027,Treasury Medan,FX Forward / Swap,Sell / Placement,23187.77,13,3,0.02,Dalam Limit Dealer,Limit Tersedia,Konfirmasi Match,Terverifikasi Middle Office,Sesuai Ketentuan BI <20%,Tidak,2,1,-
TRSY-0028,Treasury Surabaya,SBN / Government Bonds,Sell / Placement,29099.34,13,5,0.01,Dalam Limit Dealer,Limit Tersedia,Konfirmasi Match,Terverifikasi Middle Office,Sesuai Ketentuan BI <20%,Tidak,1,1,-
TRSY-0029,Treasury Surabaya,SRBI / Sekuritas Rupiah BI,Sell / Placement,9550.07,10,5,0.12,Dalam Limit Dealer,Limit Tersedia,Konfirmasi Match,Terverifikasi Middle Office,Sesuai Ketentuan BI <20%,Tidak,1,1,-
TRSY-0030,Singapore Branch,FX Spot,Buy / Purchase,12142.42,14,1,0.06,Dalam Limit Dealer,Limit Tersedia,Konfirmasi Match,Terverifikasi Middle Office,Sesuai Ketentuan BI <20%,Tidak,1,1,-
TRSY-0031,Treasury Jakarta,SBN / Government Bonds,Buy / Purchase,8401.13,15,4,0.1,Dalam Limit Dealer,Limit Tersedia,Konfirmasi Match,Terverifikasi Middle Office,Sesuai Ketentuan BI <20%,Tidak,2,2,-
TRSY-0032,Head Office,FX Spot,Sell / Placement,2927.93,17,5,0.02,Dalam Limit Dealer,Limit Tersedia,Konfirmasi Match,Terverifikasi Middle Office,Sesuai Ketentuan BI <20%,Tidak,1,1,-
TRSY-0033,Treasury Surabaya,SBN / Government Bonds,Sell / Placement,8041.42,16,4,0.11,Dalam Limit Dealer,Limit Tersedia,Konfirmasi Match,Terverifikasi Middle Office,Sesuai Ketentuan BI <20%,Tidak,2,2,-
TRSY-0034,Singapore Branch,FX Spot,Sell / Placement,2344.48,14,2,0.16,Dalam Limit Dealer,Limit Tersedia,Konfirmasi Match,Terverifikasi Middle Office,Sesuai Ketentuan BI <20%,Tidak,2,1,-
TRSY-0035,Singapore Branch,SRBI / Sekuritas Rupiah BI,Sell / Placement,40000.0,8,4,0.09,Dalam Limit Dealer,Limit Tersedia,Konfirmasi Match,Terverifikasi Middle Office,Sesuai Ketentuan BI <20%,Tidak,1,2,-
TRSY-0036,Treasury Surabaya,FX Forward / Swap,Sell / Placement,25000.0,7,3,0.14,Dalam Limit Dealer,Limit Tersedia,Konfirmasi Match,Terverifikasi Middle Office,Sesuai Ketentuan BI <20%,Tidak,1,1,-
TRSY-0037,Treasury Medan,PUAB / Call Money,Sell / Placement,21659.12,10,5,0.05,Dalam Limit Dealer,Limit Tersedia,Konfirmasi Match,Terverifikasi Middle Office,Sesuai Ketentuan BI <20%,Tidak,1,1,-
TRSY-0038,Singapore Branch,SRBI / Sekuritas Rupiah BI,Sell / Placement,9674.46,10,1,0.04,Dalam Limit Dealer,Limit Tersedia,Konfirmasi Match,Terverifikasi Middle Office,Sesuai Ketentuan BI <20%,Tidak,2,1,-
TRSY-0039,Singapore Branch,SRBI / Sekuritas Rupiah BI,Buy / Purchase,8777.39,14,3,0.06,Dalam Limit Dealer,Limit Tersedia,Konfirmasi Match,Terverifikasi Middle Office,Sesuai Ketentuan BI <20%,Tidak,2,2,-
TRSY-0040,Treasury Jakarta,FX Spot,Buy / Purchase,7629.12,17,2,0.05,Dalam Limit Dealer,Limit Tersedia,Konfirmasi Match,Terverifikasi Middle Office,Sesuai Ketentuan BI <20%,Tidak,2,2,-
TRSY-0041,Treasury Jakarta,PUAB / Call Money,Buy / Purchase,9694.09,16,1,0.06,Dalam Limit Dealer,Limit Tersedia,Konfirmasi Match,Terverifikasi Middle Office,Sesuai Ketentuan BI <20%,Tidak,1,1,-
TRSY-0042,Treasury Surabaya,FX Forward / Swap,Sell / Placement,4065.76,15,5,0.11,Dalam Limit Dealer,Limit Tersedia,Konfirmasi Match,Terverifikasi Middle Office,Sesuai Ketentuan BI <20%,Tidak,1,2,-
TRSY-0043,Singapore Branch,SBN / Government Bonds,Sell / Placement,40000.0,13,2,0.03,Dalam Limit Dealer,Limit Tersedia,Konfirmasi Match,Terverifikasi Middle Office,Sesuai Ketentuan BI <20%,Tidak,1,1,-
TRSY-0044,Treasury Surabaya,SBN / Government Bonds,Sell / Placement,12563.59,13,4,0.11,Dalam Limit Dealer,Limit Tersedia,Konfirmasi Match,Terverifikasi Middle Office,Sesuai Ketentuan BI <20%,Tidak,1,2,-
TRSY-0045,Treasury Jakarta,SBN / Government Bonds,Buy / Purchase,9741.83,17,2,0.17,Dalam Limit Dealer,Limit Tersedia,Konfirmasi Match,Terverifikasi Middle Office,Sesuai Ketentuan BI <20%,Tidak,1,1,-
TRSY-0046,Treasury Medan,FX Forward / Swap,Buy / Purchase,22872.12,8,2,0.01,Dalam Limit Dealer,Limit Tersedia,Konfirmasi Match,Terverifikasi Middle Office,Sesuai Ketentuan BI <20%,Tidak,2,2,-
TRSY-0047,Treasury Surabaya,FX Forward / Swap,Sell / Placement,1941.58,11,4,0.04,Dalam Limit Dealer,Limit Tersedia,Konfirmasi Match,Terverifikasi Middle Office,Sesuai Ketentuan BI <20%,Tidak,1,2,-
TRSY-0048,Treasury Surabaya,Repo / Reverse Repo,Buy / Purchase,35000.0,15,4,0.08,Dalam Limit Dealer,Limit Tersedia,Konfirmasi Match,Terverifikasi Middle Office,Sesuai Ketentuan BI <20%,Tidak,1,2,-
TRSY-0049,Treasury Surabaya,FX Forward / Swap,Sell / Placement,9009.12,8,2,0.08,Dalam Limit Dealer,Limit Tersedia,Konfirmasi Match,Terverifikasi Middle Office,Sesuai Ketentuan BI <20%,Tidak,2,2,-
TRSY-0050,Head Office,SRBI / Sekuritas Rupiah BI,Buy / Purchase,9041.83,7,4,0.03,Dalam Limit Dealer,Limit Tersedia,Konfirmasi Match,Terverifikasi Middle Office,Sesuai Ketentuan BI <20%,Tidak,1,1,-
TRSY-0051,Treasury Jakarta,FX Forward / Swap,Buy / Purchase,4115.86,18,2,0.12,Dalam Limit Dealer,Limit Tersedia,Konfirmasi Match,Terverifikasi Middle Office,Sesuai Ketentuan BI <20%,Tidak,1,1,-
TRSY-0052,Singapore Branch,SRBI / Sekuritas Rupiah BI,Buy / Purchase,40000.0,11,1,0.06,Dalam Limit Dealer,Limit Tersedia,Konfirmasi Match,Terverifikasi Middle Office,Sesuai Ketentuan BI <20%,Tidak,2,2,-
TRSY-0053,Treasury Medan,SBN / Government Bonds,Buy / Purchase,30740.7,12,4,0.03,Dalam Limit Dealer,Limit Tersedia,Konfirmasi Match,Terverifikasi Middle Office,Sesuai Ketentuan BI <20%,Tidak,1,1,-
TRSY-0054,Treasury Surabaya,Repo / Reverse Repo,Sell / Placement,12287.12,13,4,0.04,Dalam Limit Dealer,Limit Tersedia,Konfirmasi Match,Terverifikasi Middle Office,Sesuai Ketentuan BI <20%,Tidak,1,2,-
TRSY-0055,Treasury Jakarta,PUAB / Call Money,Buy / Purchase,4237.95,10,1,0.12,Dalam Limit Dealer,Limit Tersedia,Konfirmasi Match,Terverifikasi Middle Office,Sesuai Ketentuan BI <20%,Tidak,1,2,-
TRSY-0056,Singapore Branch,PUAB / Call Money,Sell / Placement,3891.45,14,1,0.05,Dalam Limit Dealer,Limit Tersedia,Konfirmasi Match,Terverifikasi Middle Office,Sesuai Ketentuan BI <20%,Tidak,1,1,-
TRSY-0057,Singapore Branch,FX Forward / Swap,Buy / Purchase,9337.15,17,3,0.02,Dalam Limit Dealer,Limit Tersedia,Konfirmasi Match,Terverifikasi Middle Office,Sesuai Ketentuan BI <20%,Tidak,1,1,-
TRSY-0058,Singapore Branch,PUAB / Call Money,Buy / Purchase,28734.4,14,2,0.02,Dalam Limit Dealer,Limit Tersedia,Konfirmasi Match,Terverifikasi Middle Office,Sesuai Ketentuan BI <20%,Tidak,2,1,-
TRSY-0059,Head Office,SRBI / Sekuritas Rupiah BI,Sell / Placement,10411.53,8,3,0.05,Dalam Limit Dealer,Limit Tersedia,Konfirmasi Match,Terverifikasi Middle Office,Sesuai Ketentuan BI <20%,Tidak,1,1,-
TRSY-0060,Treasury Surabaya,SBN / Government Bonds,Sell / Placement,29473.96,9,1,0.01,Dalam Limit Dealer,Limit Tersedia,Konfirmasi Match,Terverifikasi Middle Office,Sesuai Ketentuan BI <20%,Tidak,1,2,-
TRSY-0061,Singapore Branch,FX Spot,Buy / Purchase,4410.06,13,3,0.02,Dalam Limit Dealer,Limit Tersedia,Konfirmasi Match,Terverifikasi Middle Office,Sesuai Ketentuan BI <20%,Tidak,1,1,-
TRSY-0062,Treasury Jakarta,FX Spot,Buy / Purchase,17501.59,9,1,0.09,Dalam Limit Dealer,Limit Tersedia,Konfirmasi Match,Terverifikasi Middle Office,Sesuai Ketentuan BI <20%,Tidak,1,1,-
TRSY-0063,Treasury Medan,PUAB / Call Money,Sell / Placement,17063.6,8,3,0.34,Dalam Limit Dealer,Limit Tersedia,Konfirmasi Match,Terverifikasi Middle Office,Sesuai Ketentuan BI <20%,Tidak,1,1,-
TRSY-0064,Treasury Jakarta,FX Forward / Swap,Sell / Placement,22549.0,11,3,0.09,Dalam Limit Dealer,Limit Tersedia,Mismatched Deal,Tanpa Verifikasi / Override Dealer,Sesuai Ketentuan BI <20%,Ya (Anomali),4,4,Risiko Operasional & Settlement: Konfirmasi Transaksi Mismatched Deal
TRSY-0065,Treasury Jakarta,FX Spot,Sell / Placement,25000.0,8,1,0.02,Dalam Limit Dealer,Limit Tersedia,Konfirmasi Match,Terverifikasi Middle Office,Sesuai Ketentuan BI <20%,Tidak,1,1,-
TRSY-0066,Head Office,SRBI / Sekuritas Rupiah BI,Sell / Placement,17242.28,14,4,4.21,Dalam Limit Dealer,Limit Tersedia,Konfirmasi Match,Tanpa Verifikasi / Override Dealer,Sesuai Ketentuan BI <20%,Ya (Anomali),5,5,Transaksi dengan Deviasi Kurs / Yield Tidak Wajar (Off-Market Rate: 4.21%)
TRSY-0067,Head Office,Repo / Reverse Repo,Buy / Purchase,3556.18,14,3,0.05,Dalam Limit Dealer,Limit Tersedia,Konfirmasi Match,Terverifikasi Middle Office,Sesuai Ketentuan BI <20%,Tidak,2,1,-
TRSY-0068,Treasury Jakarta,FX Spot,Buy / Purchase,4479.11,10,2,0.03,Dalam Limit Dealer,Limit Tersedia,Konfirmasi Match,Terverifikasi Middle Office,Sesuai Ketentuan BI <20%,Tidak,1,2,-
TRSY-0069,Head Office,PUAB / Call Money,Sell / Placement,6841.13,13,4,0.18,Dalam Limit Dealer,Limit Tersedia,Konfirmasi Match,Terverifikasi Middle Office,Sesuai Ketentuan BI <20%,Tidak,1,2,-
TRSY-0070,Treasury Jakarta,SRBI / Sekuritas Rupiah BI,Buy / Purchase,33968.55,11,2,0.19,Dalam Limit Dealer,Limit Tersedia,Konfirmasi Match,Terverifikasi Middle Office,Sesuai Ketentuan BI <20%,Tidak,1,1,-
TRSY-0071,Treasury Jakarta,SRBI / Sekuritas Rupiah BI,Buy / Purchase,14878.9,10,1,0.13,Dalam Limit Dealer,Limit Tersedia,Konfirmasi Match,Terverifikasi Middle Office,Sesuai Ketentuan BI <20%,Tidak,2,1,-
TRSY-0072,Treasury Medan,Repo / Reverse Repo,Buy / Purchase,18879.51,9,1,0.04,Dalam Limit Dealer,Limit Tersedia,Konfirmasi Match,Terverifikasi Middle Office,Sesuai Ketentuan BI <20%,Tidak,1,1,-
TRSY-0073,Head Office,SBN / Government Bonds,Buy / Purchase,15850.82,11,5,0.01,Dalam Limit Dealer,Limit Tersedia,Konfirmasi Match,Terverifikasi Middle Office,Sesuai Ketentuan BI <20%,Tidak,2,2,-
TRSY-0074,Treasury Surabaya,SBN / Government Bonds,Buy / Purchase,17990.78,13,2,0.05,Dalam Limit Dealer,Limit Tersedia,Konfirmasi Match,Terverifikasi Middle Office,Sesuai Ketentuan BI <20%,Tidak,2,1,-
TRSY-0075,Treasury Surabaya,SBN / Government Bonds,Buy / Purchase,13110.79,10,1,0.21,Dalam Limit Dealer,Limit Tersedia,Konfirmasi Match,Terverifikasi Middle Office,Sesuai Ketentuan BI <20%,Tidak,1,1,-
TRSY-0076,Head Office,Repo / Reverse Repo,Buy / Purchase,12458.35,16,5,0.03,Dalam Limit Dealer,Limit Tersedia,Konfirmasi Match,Terverifikasi Middle Office,Sesuai Ketentuan BI <20%,Tidak,1,2,-
TRSY-0077,Singapore Branch,Repo / Reverse Repo,Sell / Placement,48147.93,8,3,0.2,Dalam Limit Dealer,Melampaui Limit Counterparty,Konfirmasi Match,Tanpa Verifikasi / Override Dealer,Sesuai Ketentuan BI <20%,Ya (Anomali),4,4,Pelanggaran Limit Kredit Counterparty Bank Lawan (Exceeded Counterparty Exposure Limit)
TRSY-0078,Treasury Surabaya,SRBI / Sekuritas Rupiah BI,Buy / Purchase,12566.07,18,3,0.05,Dalam Limit Dealer,Limit Tersedia,Konfirmasi Match,Terverifikasi Middle Office,Sesuai Ketentuan BI <20%,Tidak,1,2,-
TRSY-0079,Singapore Branch,PUAB / Call Money,Buy / Purchase,3608.95,16,1,0.06,Dalam Limit Dealer,Limit Tersedia,Konfirmasi Match,Terverifikasi Middle Office,Sesuai Ketentuan BI <20%,Tidak,1,2,-
TRSY-0080,Treasury Medan,PUAB / Call Money,Buy / Purchase,20960.29,14,3,0.2,Dalam Limit Dealer,Limit Tersedia,Konfirmasi Match,Terverifikasi Middle Office,Sesuai Ketentuan BI <20%,Tidak,2,2,-
TRSY-0081,Treasury Medan,PUAB / Call Money,Buy / Purchase,2936.13,15,3,0.04,Dalam Limit Dealer,Limit Tersedia,Konfirmasi Match,Terverifikasi Middle Office,Sesuai Ketentuan BI <20%,Tidak,1,1,-
TRSY-0082,Treasury Jakarta,SRBI / Sekuritas Rupiah BI,Buy / Purchase,29702.37,11,1,0.34,Dalam Limit Dealer,Limit Tersedia,Mismatched Deal,Tanpa Verifikasi / Override Dealer,Sesuai Ketentuan BI <20%,Ya (Anomali),4,5,Risiko Operasional & Settlement: Konfirmasi Transaksi Mismatched Deal
TRSY-0083,Treasury Jakarta,SBN / Government Bonds,Sell / Placement,12224.66,14,4,0.04,Dalam Limit Dealer,Limit Tersedia,Konfirmasi Match,Terverifikasi Middle Office,Sesuai Ketentuan BI <20%,Tidak,1,2,-
TRSY-0084,Treasury Medan,FX Spot,Buy / Purchase,9904.33,12,2,0.09,Dalam Limit Dealer,Limit Tersedia,Konfirmasi Match,Terverifikasi Middle Office,Sesuai Ketentuan BI <20%,Tidak,2,2,-
TRSY-0085,Singapore Branch,FX Spot,Buy / Purchase,5647.79,8,3,0.05,Dalam Limit Dealer,Limit Tersedia,Konfirmasi Match,Terverifikasi Middle Office,Sesuai Ketentuan BI <20%,Tidak,1,1,-
TRSY-0086,Head Office,Repo / Reverse Repo,Buy / Purchase,6848.88,9,1,0.03,Dalam Limit Dealer,Limit Tersedia,Konfirmasi Match,Terverifikasi Middle Office,Sesuai Ketentuan BI <20%,Tidak,1,2,-
TRSY-0087,Treasury Surabaya,FX Forward / Swap,Sell / Placement,8367.86,9,5,0.06,Dalam Limit Dealer,Limit Tersedia,Konfirmasi Match,Terverifikasi Middle Office,Sesuai Ketentuan BI <20%,Tidak,1,1,-
TRSY-0088,Treasury Jakarta,FX Spot,Sell / Placement,8393.63,12,4,0.13,Dalam Limit Dealer,Limit Tersedia,Konfirmasi Match,Terverifikasi Middle Office,Sesuai Ketentuan BI <20%,Tidak,1,1,-
TRSY-0089,Treasury Jakarta,Repo / Reverse Repo,Buy / Purchase,8201.29,15,3,0.13,Dalam Limit Dealer,Limit Tersedia,Konfirmasi Match,Terverifikasi Middle Office,Sesuai Ketentuan BI <20%,Tidak,2,2,-
TRSY-0090,Treasury Jakarta,Repo / Reverse Repo,Sell / Placement,3849.06,8,2,0.08,Dalam Limit Dealer,Limit Tersedia,Konfirmasi Match,Terverifikasi Middle Office,Sesuai Ketentuan BI <20%,Tidak,2,1,-
TRSY-0091,Treasury Jakarta,Repo / Reverse Repo,Buy / Purchase,22719.37,14,3,0.08,Dalam Limit Dealer,Limit Tersedia,Konfirmasi Match,Terverifikasi Middle Office,Sesuai Ketentuan BI <20%,Tidak,1,2,-
TRSY-0092,Singapore Branch,SRBI / Sekuritas Rupiah BI,Sell / Placement,6632.74,14,1,0.02,Dalam Limit Dealer,Limit Tersedia,Konfirmasi Match,Terverifikasi Middle Office,Sesuai Ketentuan BI <20%,Tidak,1,1,-
TRSY-0093,Treasury Surabaya,SBN / Government Bonds,Buy / Purchase,18758.25,13,3,0.05,Dalam Limit Dealer,Limit Tersedia,Konfirmasi Match,Terverifikasi Middle Office,Sesuai Ketentuan BI <20%,Tidak,2,2,-
TRSY-0094,Singapore Branch,FX Spot,Sell / Placement,7462.46,8,3,0.1,Dalam Limit Dealer,Limit Tersedia,Konfirmasi Match,Terverifikasi Middle Office,Sesuai Ketentuan BI <20%,Tidak,2,1,-
TRSY-0095,Singapore Branch,PUAB / Call Money,Buy / Purchase,11335.83,13,1,0.05,Dalam Limit Dealer,Limit Tersedia,Konfirmasi Match,Terverifikasi Middle Office,Sesuai Ketentuan BI <20%,Tidak,2,1,-
TRSY-0096,Treasury Jakarta,FX Spot,Buy / Purchase,74417.61,9,4,0.28,Dalam Limit Dealer,Limit Tersedia,Konfirmasi Match,Tanpa Verifikasi / Override Dealer,Potensi Melanggar Batas PDN,Ya (Anomali),5,5,Pelanggaran SoD: Dealer Melakukan Eksekusi Mandiri Tanpa Verifikasi Middle Office & Berisiko Melanggar Batas PDN BI
TRSY-0097,Treasury Surabaya,FX Forward / Swap,Buy / Purchase,25000.0,17,1,0.08,Dalam Limit Dealer,Limit Tersedia,Konfirmasi Match,Terverifikasi Middle Office,Sesuai Ketentuan BI <20%,Tidak,2,2,-
TRSY-0098,Treasury Surabaya,FX Forward / Swap,Sell / Placement,6063.82,8,1,0.13,Dalam Limit Dealer,Limit Tersedia,Konfirmasi Match,Terverifikasi Middle Office,Sesuai Ketentuan BI <20%,Tidak,1,1,-
TRSY-0099,Treasury Medan,FX Spot,Sell / Placement,7817.88,14,5,0.07,Dalam Limit Dealer,Limit Tersedia,Konfirmasi Match,Terverifikasi Middle Office,Sesuai Ketentuan BI <20%,Tidak,1,1,-
TRSY-0100,Treasury Surabaya,SBN / Government Bonds,Buy / Purchase,37600.15,13,4,0.13,Dalam Limit Dealer,Limit Tersedia,Unconfirmed Deal Slip,Tanpa Verifikasi / Override Dealer,Sesuai Ketentuan BI <20%,Ya (Anomali),4,4,Risiko Operasional & Settlement: Konfirmasi Transaksi Unconfirmed Deal Slip
TRSY-0101,Singapore Branch,SRBI / Sekuritas Rupiah BI,Buy / Purchase,10739.23,16,1,0.01,Dalam Limit Dealer,Limit Tersedia,Konfirmasi Match,Terverifikasi Middle Office,Sesuai Ketentuan BI <20%,Tidak,2,1,-
TRSY-0102,Head Office,FX Forward / Swap,Buy / Purchase,25000.0,12,2,0.07,Dalam Limit Dealer,Limit Tersedia,Konfirmasi Match,Terverifikasi Middle Office,Sesuai Ketentuan BI <20%,Tidak,1,2,-
TRSY-0103,Head Office,SBN / Government Bonds,Buy / Purchase,40000.0,13,4,0.11,Dalam Limit Dealer,Limit Tersedia,Konfirmasi Match,Terverifikasi Middle Office,Sesuai Ketentuan BI <20%,Tidak,2,1,-
TRSY-0104,Treasury Medan,FX Forward / Swap,Buy / Purchase,1406.58,7,1,0.02,Dalam Limit Dealer,Limit Tersedia,Konfirmasi Match,Terverifikasi Middle Office,Sesuai Ketentuan BI <20%,Tidak,1,1,-
TRSY-0105,Head Office,PUAB / Call Money,Sell / Placement,8425.33,8,3,0.21,Dalam Limit Dealer,Limit Tersedia,Konfirmasi Match,Terverifikasi Middle Office,Sesuai Ketentuan BI <20%,Tidak,1,1,-
TRSY-0106,Treasury Jakarta,SRBI / Sekuritas Rupiah BI,Buy / Purchase,15063.1,7,3,0.2,Dalam Limit Dealer,Limit Tersedia,Konfirmasi Match,Terverifikasi Middle Office,Sesuai Ketentuan BI <20%,Tidak,2,1,-
TRSY-0107,Treasury Medan,SBN / Government Bonds,Buy / Purchase,8485.1,15,5,0.07,Dalam Limit Dealer,Limit Tersedia,Konfirmasi Match,Terverifikasi Middle Office,Sesuai Ketentuan BI <20%,Tidak,1,1,-
TRSY-0108,Treasury Surabaya,SBN / Government Bonds,Sell / Placement,26201.87,2,6,0.31,Dalam Limit Dealer,Limit Tersedia,Unconfirmed Deal Slip,Tanpa Verifikasi / Override Dealer,Sesuai Ketentuan BI <20%,Ya (Anomali),5,4,Transaksi Nilai Sangat Besar Dini Hari di Luar Jam Pasar Tanpa Otorisasi (Jam 2)
TRSY-0109,Singapore Branch,SRBI / Sekuritas Rupiah BI,Buy / Purchase,15851.17,13,3,0.19,Dalam Limit Dealer,Limit Tersedia,Konfirmasi Match,Terverifikasi Middle Office,Sesuai Ketentuan BI <20%,Tidak,2,1,-
TRSY-0110,Head Office,Repo / Reverse Repo,Buy / Purchase,15238.33,12,3,0.03,Dalam Limit Dealer,Limit Tersedia,Konfirmasi Match,Terverifikasi Middle Office,Sesuai Ketentuan BI <20%,Tidak,1,1,-
TRSY-0111,Treasury Jakarta,FX Forward / Swap,Sell / Placement,9959.69,9,1,0.09,Dalam Limit Dealer,Limit Tersedia,Konfirmasi Match,Terverifikasi Middle Office,Sesuai Ketentuan BI <20%,Tidak,2,2,-
TRSY-0112,Singapore Branch,Repo / Reverse Repo,Sell / Placement,7691.92,16,4,0.03,Dalam Limit Dealer,Limit Tersedia,Konfirmasi Match,Terverifikasi Middle Office,Sesuai Ketentuan BI <20%,Tidak,1,1,-
TRSY-0113,Singapore Branch,Repo / Reverse Repo,Buy / Purchase,8926.82,16,3,0.04,Dalam Limit Dealer,Limit Tersedia,Konfirmasi Match,Terverifikasi Middle Office,Sesuai Ketentuan BI <20%,Tidak,1,2,-
TRSY-0114,Treasury Surabaya,FX Forward / Swap,Buy / Purchase,15300.55,16,3,0.04,Dalam Limit Dealer,Limit Tersedia,Konfirmasi Match,Terverifikasi Middle Office,Sesuai Ketentuan BI <20%,Tidak,1,1,-
TRSY-0115,Singapore Branch,FX Forward / Swap,Buy / Purchase,6505.23,8,3,0.01,Dalam Limit Dealer,Limit Tersedia,Konfirmasi Match,Terverifikasi Middle Office,Sesuai Ketentuan BI <20%,Tidak,1,1,-
TRSY-0116,Singapore Branch,FX Spot,Sell / Placement,8695.93,13,5,0.01,Dalam Limit Dealer,Limit Tersedia,Konfirmasi Match,Terverifikasi Middle Office,Sesuai Ketentuan BI <20%,Tidak,2,2,-
TRSY-0117,Treasury Surabaya,SRBI / Sekuritas Rupiah BI,Sell / Placement,9696.7,11,4,0.04,Dalam Limit Dealer,Limit Tersedia,Konfirmasi Match,Terverifikasi Middle Office,Sesuai Ketentuan BI <20%,Tidak,2,2,-
TRSY-0118,Treasury Surabaya,SBN / Government Bonds,Sell / Placement,10697.59,8,2,0.18,Dalam Limit Dealer,Limit Tersedia,Konfirmasi Match,Terverifikasi Middle Office,Sesuai Ketentuan BI <20%,Tidak,1,1,-
TRSY-0119,Treasury Medan,SBN / Government Bonds,Sell / Placement,15735.94,11,5,0.1,Dalam Limit Dealer,Limit Tersedia,Konfirmasi Match,Terverifikasi Middle Office,Sesuai Ketentuan BI <20%,Tidak,1,1,-
TRSY-0120,Treasury Medan,FX Forward / Swap,Sell / Placement,12582.39,12,4,0.04,Dalam Limit Dealer,Limit Tersedia,Konfirmasi Match,Terverifikasi Middle Office,Sesuai Ketentuan BI <20%,Tidak,1,1,-
TRSY-0121,Treasury Surabaya,FX Spot,Sell / Placement,11603.7,11,4,0.12,Dalam Limit Dealer,Limit Tersedia,Konfirmasi Match,Terverifikasi Middle Office,Sesuai Ketentuan BI <20%,Tidak,1,2,-
TRSY-0122,Treasury Jakarta,Repo / Reverse Repo,Buy / Purchase,10579.95,11,5,0.03,Dalam Limit Dealer,Limit Tersedia,Konfirmasi Match,Terverifikasi Middle Office,Sesuai Ketentuan BI <20%,Tidak,1,2,-
TRSY-0123,Treasury Surabaya,PUAB / Call Money,Buy / Purchase,6102.92,9,3,0.04,Dalam Limit Dealer,Limit Tersedia,Konfirmasi Match,Terverifikasi Middle Office,Sesuai Ketentuan BI <20%,Tidak,2,1,-
TRSY-0124,Treasury Medan,FX Spot,Buy / Purchase,3899.17,12,2,0.07,Dalam Limit Dealer,Limit Tersedia,Konfirmasi Match,Terverifikasi Middle Office,Sesuai Ketentuan BI <20%,Tidak,1,1,-
TRSY-0125,Singapore Branch,FX Spot,Buy / Purchase,12666.12,12,4,5.76,Dalam Limit Dealer,Limit Tersedia,Konfirmasi Match,Tanpa Verifikasi / Override Dealer,Sesuai Ketentuan BI <20%,Ya (Anomali),5,5,Transaksi dengan Deviasi Kurs / Yield Tidak Wajar (Off-Market Rate: 5.76%)
TRSY-0126,Treasury Jakarta,FX Spot,Sell / Placement,3785.01,11,3,0.01,Dalam Limit Dealer,Limit Tersedia,Konfirmasi Match,Terverifikasi Middle Office,Sesuai Ketentuan BI <20%,Tidak,1,2,-
TRSY-0127,Treasury Surabaya,PUAB / Call Money,Sell / Placement,3175.15,8,2,0.05,Dalam Limit Dealer,Limit Tersedia,Konfirmasi Match,Terverifikasi Middle Office,Sesuai Ketentuan BI <20%,Tidak,1,1,-
TRSY-0128,Head Office,SBN / Government Bonds,Sell / Placement,10399.78,15,2,0.04,Dalam Limit Dealer,Limit Tersedia,Konfirmasi Match,Terverifikasi Middle Office,Sesuai Ketentuan BI <20%,Tidak,2,1,-
TRSY-0129,Head Office,SBN / Government Bonds,Buy / Purchase,9440.49,11,3,0.11,Dalam Limit Dealer,Limit Tersedia,Konfirmasi Match,Terverifikasi Middle Office,Sesuai Ketentuan BI <20%,Tidak,1,1,-
TRSY-0130,Treasury Jakarta,FX Forward / Swap,Sell / Placement,2243.97,13,4,0.03,Dalam Limit Dealer,Limit Tersedia,Konfirmasi Match,Terverifikasi Middle Office,Sesuai Ketentuan BI <20%,Tidak,1,1,-
TRSY-0131,Singapore Branch,SBN / Government Bonds,Sell / Placement,9359.94,13,3,0.04,Dalam Limit Dealer,Limit Tersedia,Konfirmasi Match,Terverifikasi Middle Office,Sesuai Ketentuan BI <20%,Tidak,2,1,-
TRSY-0132,Treasury Jakarta,FX Spot,Sell / Placement,4085.0,13,1,0.12,Dalam Limit Dealer,Limit Tersedia,Konfirmasi Match,Terverifikasi Middle Office,Sesuai Ketentuan BI <20%,Tidak,2,1,-
TRSY-0133,Treasury Jakarta,SRBI / Sekuritas Rupiah BI,Sell / Placement,5229.6,9,4,0.03,Dalam Limit Dealer,Limit Tersedia,Konfirmasi Match,Terverifikasi Middle Office,Sesuai Ketentuan BI <20%,Tidak,2,1,-
TRSY-0134,Head Office,Repo / Reverse Repo,Buy / Purchase,2616.93,9,4,0.03,Dalam Limit Dealer,Limit Tersedia,Konfirmasi Match,Terverifikasi Middle Office,Sesuai Ketentuan BI <20%,Tidak,1,2,-
TRSY-0135,Treasury Jakarta,FX Spot,Sell / Placement,2977.95,15,2,0.08,Dalam Limit Dealer,Limit Tersedia,Konfirmasi Match,Terverifikasi Middle Office,Sesuai Ketentuan BI <20%,Tidak,2,1,-
TRSY-0136,Singapore Branch,FX Forward / Swap,Sell / Placement,4516.67,10,4,0.05,Dalam Limit Dealer,Limit Tersedia,Konfirmasi Match,Terverifikasi Middle Office,Sesuai Ketentuan BI <20%,Tidak,1,1,-
TRSY-0137,Treasury Jakarta,SBN / Government Bonds,Sell / Placement,40000.0,16,5,0.04,Dalam Limit Dealer,Limit Tersedia,Konfirmasi Match,Terverifikasi Middle Office,Sesuai Ketentuan BI <20%,Tidak,1,2,-
TRSY-0138,Treasury Medan,PUAB / Call Money,Sell / Placement,3157.73,8,1,0.05,Dalam Limit Dealer,Limit Tersedia,Konfirmasi Match,Terverifikasi Middle Office,Sesuai Ketentuan BI <20%,Tidak,2,1,-
TRSY-0139,Singapore Branch,SRBI / Sekuritas Rupiah BI,Buy / Purchase,9702.61,17,3,0.05,Dalam Limit Dealer,Limit Tersedia,Konfirmasi Match,Terverifikasi Middle Office,Sesuai Ketentuan BI <20%,Tidak,1,2,-
TRSY-0140,Singapore Branch,FX Spot,Sell / Placement,11310.32,17,1,0.13,Dalam Limit Dealer,Limit Tersedia,Konfirmasi Match,Terverifikasi Middle Office,Sesuai Ketentuan BI <20%,Tidak,1,1,-
TRSY-0141,Treasury Jakarta,FX Spot,Buy / Purchase,30741.06,10,2,5.65,Dalam Limit Dealer,Limit Tersedia,Konfirmasi Match,Tanpa Verifikasi / Override Dealer,Sesuai Ketentuan BI <20%,Ya (Anomali),5,5,Transaksi dengan Deviasi Kurs / Yield Tidak Wajar (Off-Market Rate: 5.65%)
TRSY-0142,Treasury Medan,PUAB / Call Money,Sell / Placement,9356.93,13,2,0.21,Dalam Limit Dealer,Limit Tersedia,Konfirmasi Match,Terverifikasi Middle Office,Sesuai Ketentuan BI <20%,Tidak,2,1,-
TRSY-0143,Singapore Branch,Repo / Reverse Repo,Sell / Placement,2013.89,8,3,0.1,Dalam Limit Dealer,Limit Tersedia,Konfirmasi Match,Terverifikasi Middle Office,Sesuai Ketentuan BI <20%,Tidak,1,2,-
TRSY-0144,Treasury Jakarta,SRBI / Sekuritas Rupiah BI,Sell / Placement,13577.4,15,1,0.23,Dalam Limit Dealer,Limit Tersedia,Konfirmasi Match,Terverifikasi Middle Office,Sesuai Ketentuan BI <20%,Tidak,1,2,-
TRSY-0145,Singapore Branch,Repo / Reverse Repo,Buy / Purchase,14674.04,17,3,0.13,Dalam Limit Dealer,Limit Tersedia,Konfirmasi Match,Terverifikasi Middle Office,Sesuai Ketentuan BI <20%,Tidak,1,1,-
TRSY-0146,Head Office,SRBI / Sekuritas Rupiah BI,Buy / Purchase,11369.26,9,1,4.69,Dalam Limit Dealer,Limit Tersedia,Konfirmasi Match,Tanpa Verifikasi / Override Dealer,Sesuai Ketentuan BI <20%,Ya (Anomali),5,5,Transaksi dengan Deviasi Kurs / Yield Tidak Wajar (Off-Market Rate: 4.69%)
TRSY-0147,Head Office,FX Forward / Swap,Buy / Purchase,24299.02,12,3,0.05,Dalam Limit Dealer,Limit Tersedia,Konfirmasi Match,Terverifikasi Middle Office,Sesuai Ketentuan BI <20%,Tidak,1,1,-
TRSY-0148,Singapore Branch,SBN / Government Bonds,Buy / Purchase,13098.42,7,1,0.16,Dalam Limit Dealer,Limit Tersedia,Konfirmasi Match,Terverifikasi Middle Office,Sesuai Ketentuan BI <20%,Tidak,2,1,-
TRSY-0149,Treasury Surabaya,SBN / Government Bonds,Sell / Placement,7269.46,15,2,0.04,Dalam Limit Dealer,Limit Tersedia,Konfirmasi Match,Terverifikasi Middle Office,Sesuai Ketentuan BI <20%,Tidak,2,1,-
TRSY-0150,Treasury Jakarta,FX Spot,Sell / Placement,6255.39,14,5,0.22,Dalam Limit Dealer,Limit Tersedia,Konfirmasi Match,Terverifikasi Middle Office,Sesuai Ketentuan BI <20%,Tidak,2,1,-
TRSY-0151,Treasury Surabaya,SBN / Government Bonds,Buy / Purchase,19328.99,11,5,0.04,Dalam Limit Dealer,Limit Tersedia,Konfirmasi Match,Terverifikasi Middle Office,Sesuai Ketentuan BI <20%,Tidak,1,1,-
TRSY-0152,Treasury Jakarta,PUAB / Call Money,Sell / Placement,7138.99,8,2,0.19,Dalam Limit Dealer,Limit Tersedia,Konfirmasi Match,Terverifikasi Middle Office,Sesuai Ketentuan BI <20%,Tidak,1,1,-
TRSY-0153,Head Office,Repo / Reverse Repo,Sell / Placement,18330.66,16,5,0.04,Dalam Limit Dealer,Limit Tersedia,Konfirmasi Match,Terverifikasi Middle Office,Sesuai Ketentuan BI <20%,Tidak,1,1,-
TRSY-0154,Head Office,SBN / Government Bonds,Sell / Placement,6852.92,11,4,0.09,Dalam Limit Dealer,Limit Tersedia,Konfirmasi Match,Terverifikasi Middle Office,Sesuai Ketentuan BI <20%,Tidak,1,1,-
TRSY-0155,Treasury Medan,SBN / Government Bonds,Sell / Placement,40000.0,14,3,0.04,Dalam Limit Dealer,Limit Tersedia,Konfirmasi Match,Terverifikasi Middle Office,Sesuai Ketentuan BI <20%,Tidak,1,2,-
TRSY-0156,Treasury Jakarta,Repo / Reverse Repo,Buy / Purchase,8157.91,12,2,0.06,Dalam Limit Dealer,Limit Tersedia,Konfirmasi Match,Terverifikasi Middle Office,Sesuai Ketentuan BI <20%,Tidak,2,1,-
TRSY-0157,Singapore Branch,PUAB / Call Money,Sell / Placement,34927.78,9,3,0.08,Dalam Limit Dealer,Limit Tersedia,Konfirmasi Match,Terverifikasi Middle Office,Sesuai Ketentuan BI <20%,Tidak,1,1,-
TRSY-0158,Treasury Medan,SRBI / Sekuritas Rupiah BI,Buy / Purchase,10472.29,16,5,0.06,Dalam Limit Dealer,Limit Tersedia,Konfirmasi Match,Terverifikasi Middle Office,Sesuai Ketentuan BI <20%,Tidak,1,2,-
TRSY-0159,Singapore Branch,SRBI / Sekuritas Rupiah BI,Sell / Placement,30744.06,9,3,0.05,Dalam Limit Dealer,Limit Tersedia,Konfirmasi Match,Terverifikasi Middle Office,Sesuai Ketentuan BI <20%,Tidak,1,1,-
TRSY-0160,Singapore Branch,Repo / Reverse Repo,Sell / Placement,14137.59,7,5,0.09,Dalam Limit Dealer,Limit Tersedia,Konfirmasi Match,Terverifikasi Middle Office,Sesuai Ketentuan BI <20%,Tidak,1,2,-
TRSY-0161,Singapore Branch,SRBI / Sekuritas Rupiah BI,Sell / Placement,5427.05,12,3,0.28,Dalam Limit Dealer,Limit Tersedia,Konfirmasi Match,Terverifikasi Middle Office,Sesuai Ketentuan BI <20%,Tidak,1,2,-
TRSY-0162,Treasury Jakarta,FX Spot,Buy / Purchase,2415.73,15,2,0.06,Dalam Limit Dealer,Limit Tersedia,Konfirmasi Match,Terverifikasi Middle Office,Sesuai Ketentuan BI <20%,Tidak,1,2,-
TRSY-0163,Treasury Medan,SRBI / Sekuritas Rupiah BI,Sell / Placement,29907.15,17,4,0.35,Dalam Limit Dealer,Limit Tersedia,Konfirmasi Match,Terverifikasi Middle Office,Sesuai Ketentuan BI <20%,Tidak,1,1,-
TRSY-0164,Head Office,Repo / Reverse Repo,Buy / Purchase,10369.04,9,2,0.02,Dalam Limit Dealer,Limit Tersedia,Konfirmasi Match,Terverifikasi Middle Office,Sesuai Ketentuan BI <20%,Tidak,1,1,-
TRSY-0165,Singapore Branch,SBN / Government Bonds,Sell / Placement,16127.45,8,5,0.02,Dalam Limit Dealer,Limit Tersedia,Konfirmasi Match,Terverifikasi Middle Office,Sesuai Ketentuan BI <20%,Tidak,1,1,-
TRSY-0166,Singapore Branch,SRBI / Sekuritas Rupiah BI,Sell / Placement,20983.07,8,1,0.06,Dalam Limit Dealer,Limit Tersedia,Konfirmasi Match,Terverifikasi Middle Office,Sesuai Ketentuan BI <20%,Tidak,2,1,-
TRSY-0167,Singapore Branch,SRBI / Sekuritas Rupiah BI,Sell / Placement,20339.95,7,2,0.03,Dalam Limit Dealer,Limit Tersedia,Konfirmasi Match,Terverifikasi Middle Office,Sesuai Ketentuan BI <20%,Tidak,1,1,-
TRSY-0168,Treasury Surabaya,FX Spot,Buy / Purchase,7440.87,14,1,0.04,Dalam Limit Dealer,Limit Tersedia,Konfirmasi Match,Terverifikasi Middle Office,Sesuai Ketentuan BI <20%,Tidak,2,2,-
TRSY-0169,Head Office,Repo / Reverse Repo,Sell / Placement,12438.91,15,4,0.07,Dalam Limit Dealer,Limit Tersedia,Konfirmasi Match,Terverifikasi Middle Office,Sesuai Ketentuan BI <20%,Tidak,2,1,-
TRSY-0170,Treasury Jakarta,SBN / Government Bonds,Sell / Placement,16572.15,15,2,0.03,Dalam Limit Dealer,Limit Tersedia,Konfirmasi Match,Terverifikasi Middle Office,Sesuai Ketentuan BI <20%,Tidak,2,1,-
TRSY-0171,Treasury Medan,FX Spot,Sell / Placement,7826.57,13,4,0.06,Dalam Limit Dealer,Limit Tersedia,Konfirmasi Match,Terverifikasi Middle Office,Sesuai Ketentuan BI <20%,Tidak,2,1,-
TRSY-0172,Head Office,FX Spot,Buy / Purchase,10409.16,8,1,0.1,Dalam Limit Dealer,Limit Tersedia,Konfirmasi Match,Terverifikasi Middle Office,Sesuai Ketentuan BI <20%,Tidak,1,1,-
TRSY-0173,Treasury Surabaya,SBN / Government Bonds,Buy / Purchase,70030.58,23,6,0.42,Dalam Limit Dealer,Limit Tersedia,Unconfirmed Deal Slip,Tanpa Verifikasi / Override Dealer,Sesuai Ketentuan BI <20%,Ya (Anomali),5,5,Transaksi Nilai Sangat Besar Dini Hari di Luar Jam Pasar Tanpa Otorisasi (Jam 23)
TRSY-0174,Singapore Branch,SRBI / Sekuritas Rupiah BI,Sell / Placement,19071.0,8,3,0.07,Dalam Limit Dealer,Limit Tersedia,Konfirmasi Match,Terverifikasi Middle Office,Sesuai Ketentuan BI <20%,Tidak,1,1,-
TRSY-0175,Singapore Branch,PUAB / Call Money,Buy / Purchase,3334.62,11,1,0.17,Dalam Limit Dealer,Limit Tersedia,Konfirmasi Match,Terverifikasi Middle Office,Sesuai Ketentuan BI <20%,Tidak,1,1,-
TRSY-0176,Treasury Surabaya,Repo / Reverse Repo,Sell / Placement,20927.0,9,3,0.05,Dalam Limit Dealer,Limit Tersedia,Konfirmasi Match,Terverifikasi Middle Office,Sesuai Ketentuan BI <20%,Tidak,2,1,-
TRSY-0177,Treasury Jakarta,SBN / Government Bonds,Buy / Purchase,40000.0,12,4,0.04,Dalam Limit Dealer,Limit Tersedia,Konfirmasi Match,Terverifikasi Middle Office,Sesuai Ketentuan BI <20%,Tidak,1,2,-
TRSY-0178,Treasury Surabaya,FX Spot,Buy / Purchase,6272.22,10,2,0.02,Dalam Limit Dealer,Limit Tersedia,Konfirmasi Match,Terverifikasi Middle Office,Sesuai Ketentuan BI <20%,Tidak,1,2,-
TRSY-0179,Treasury Jakarta,PUAB / Call Money,Buy / Purchase,12827.38,13,2,0.1,Dalam Limit Dealer,Limit Tersedia,Konfirmasi Match,Terverifikasi Middle Office,Sesuai Ketentuan BI <20%,Tidak,2,1,-
TRSY-0180,Singapore Branch,PUAB / Call Money,Buy / Purchase,10066.81,10,3,0.09,Dalam Limit Dealer,Limit Tersedia,Konfirmasi Match,Terverifikasi Middle Office,Sesuai Ketentuan BI <20%,Tidak,2,1,-
TRSY-0181,Singapore Branch,SBN / Government Bonds,Buy / Purchase,24234.14,14,1,0.03,Dalam Limit Dealer,Limit Tersedia,Konfirmasi Match,Terverifikasi Middle Office,Sesuai Ketentuan BI <20%,Tidak,2,1,-
TRSY-0182,Treasury Surabaya,Repo / Reverse Repo,Sell / Placement,2854.95,17,4,0.04,Dalam Limit Dealer,Limit Tersedia,Konfirmasi Match,Terverifikasi Middle Office,Sesuai Ketentuan BI <20%,Tidak,2,1,-
TRSY-0183,Singapore Branch,PUAB / Call Money,Sell / Placement,71933.82,8,1,0.25,Melampaui Limit Dealer,Limit Tersedia,Konfirmasi Match,Tanpa Verifikasi / Override Dealer,Sesuai Ketentuan BI <20%,Ya (Anomali),5,4,Pelanggaran Limit Wewenang Dealer (Dealer Trading Limit Breach: Rp 71933.82 Juta)
TRSY-0184,Treasury Medan,SRBI / Sekuritas Rupiah BI,Sell / Placement,27436.0,9,4,0.01,Dalam Limit Dealer,Limit Tersedia,Konfirmasi Match,Terverifikasi Middle Office,Sesuai Ketentuan BI <20%,Tidak,2,1,-
TRSY-0185,Treasury Surabaya,Repo / Reverse Repo,Buy / Purchase,13893.75,16,5,0.11,Dalam Limit Dealer,Limit Tersedia,Konfirmasi Match,Terverifikasi Middle Office,Sesuai Ketentuan BI <20%,Tidak,1,1,-
TRSY-0186,Treasury Jakarta,SRBI / Sekuritas Rupiah BI,Buy / Purchase,11817.83,15,2,0.01,Dalam Limit Dealer,Limit Tersedia,Konfirmasi Match,Terverifikasi Middle Office,Sesuai Ketentuan BI <20%,Tidak,2,2,-
TRSY-0187,Treasury Jakarta,Repo / Reverse Repo,Buy / Purchase,43179.17,1,7,0.42,Dalam Limit Dealer,Limit Tersedia,Unconfirmed Deal Slip,Tanpa Verifikasi / Override Dealer,Sesuai Ketentuan BI <20%,Ya (Anomali),5,4,Transaksi Nilai Sangat Besar Dini Hari di Luar Jam Pasar Tanpa Otorisasi (Jam 1)
TRSY-0188,Head Office,FX Forward / Swap,Buy / Purchase,25000.0,16,2,0.07,Dalam Limit Dealer,Limit Tersedia,Konfirmasi Match,Terverifikasi Middle Office,Sesuai Ketentuan BI <20%,Tidak,2,1,-
TRSY-0189,Treasury Medan,FX Forward / Swap,Sell / Placement,5139.98,13,2,0.06,Dalam Limit Dealer,Limit Tersedia,Konfirmasi Match,Terverifikasi Middle Office,Sesuai Ketentuan BI <20%,Tidak,1,2,-
TRSY-0190,Head Office,PUAB / Call Money,Sell / Placement,8513.54,14,4,0.02,Dalam Limit Dealer,Limit Tersedia,Konfirmasi Match,Terverifikasi Middle Office,Sesuai Ketentuan BI <20%,Tidak,1,1,-
TRSY-0191,Treasury Medan,SBN / Government Bonds,Buy / Purchase,7835.53,15,5,0.12,Dalam Limit Dealer,Limit Tersedia,Konfirmasi Match,Terverifikasi Middle Office,Sesuai Ketentuan BI <20%,Tidak,1,1,-
TRSY-0192,Head Office,FX Spot,Buy / Purchase,2189.6,11,2,0.01,Dalam Limit Dealer,Limit Tersedia,Konfirmasi Match,Terverifikasi Middle Office,Sesuai Ketentuan BI <20%,Tidak,1,2,-
TRSY-0193,Treasury Surabaya,SRBI / Sekuritas Rupiah BI,Sell / Placement,20475.92,16,2,0.06,Dalam Limit Dealer,Limit Tersedia,Konfirmasi Match,Terverifikasi Middle Office,Sesuai Ketentuan BI <20%,Tidak,1,1,-
TRSY-0194,Treasury Jakarta,FX Spot,Buy / Purchase,1092.46,16,3,0.05,Dalam Limit Dealer,Limit Tersedia,Konfirmasi Match,Terverifikasi Middle Office,Sesuai Ketentuan BI <20%,Tidak,1,1,-
TRSY-0195,Treasury Surabaya,FX Forward / Swap,Sell / Placement,3845.8,13,5,0.06,Dalam Limit Dealer,Limit Tersedia,Konfirmasi Match,Terverifikasi Middle Office,Sesuai Ketentuan BI <20%,Tidak,1,1,-
TRSY-0196,Treasury Medan,SBN / Government Bonds,Buy / Purchase,78422.66,22,7,0.42,Dalam Limit Dealer,Limit Tersedia,Unconfirmed Deal Slip,Tanpa Verifikasi / Override Dealer,Sesuai Ketentuan BI <20%,Ya (Anomali),5,5,Transaksi Nilai Sangat Besar Dini Hari di Luar Jam Pasar Tanpa Otorisasi (Jam 22)
TRSY-0197,Treasury Surabaya,PUAB / Call Money,Sell / Placement,3048.78,14,4,0.19,Dalam Limit Dealer,Limit Tersedia,Konfirmasi Match,Terverifikasi Middle Office,Sesuai Ketentuan BI <20%,Tidak,2,1,-
TRSY-0198,Singapore Branch,Repo / Reverse Repo,Buy / Purchase,12447.28,14,1,0.04,Dalam Limit Dealer,Limit Tersedia,Konfirmasi Match,Terverifikasi Middle Office,Sesuai Ketentuan BI <20%,Tidak,1,1,-
TRSY-0199,Treasury Medan,PUAB / Call Money,Sell / Placement,4906.98,18,5,0.14,Dalam Limit Dealer,Limit Tersedia,Konfirmasi Match,Terverifikasi Middle Office,Sesuai Ketentuan BI <20%,Tidak,2,2,-
TRSY-0200,Treasury Surabaya,SRBI / Sekuritas Rupiah BI,Buy / Purchase,34753.38,13,1,0.13,Dalam Limit Dealer,Limit Tersedia,Konfirmasi Match,Terverifikasi Middle Office,Sesuai Ketentuan BI <20%,Tidak,1,2,-
TRSY-0201,Singapore Branch,SRBI / Sekuritas Rupiah BI,Buy / Purchase,40000.0,13,5,0.09,Dalam Limit Dealer,Limit Tersedia,Konfirmasi Match,Terverifikasi Middle Office,Sesuai Ketentuan BI <20%,Tidak,1,1,-
TRSY-0202,Treasury Medan,SBN / Government Bonds,Sell / Placement,9293.88,8,5,0.14,Dalam Limit Dealer,Limit Tersedia,Konfirmasi Match,Terverifikasi Middle Office,Sesuai Ketentuan BI <20%,Tidak,2,1,-
TRSY-0203,Singapore Branch,SRBI / Sekuritas Rupiah BI,Buy / Purchase,12479.84,15,3,0.04,Dalam Limit Dealer,Limit Tersedia,Konfirmasi Match,Terverifikasi Middle Office,Sesuai Ketentuan BI <20%,Tidak,2,1,-
TRSY-0204,Head Office,SRBI / Sekuritas Rupiah BI,Buy / Purchase,12289.95,10,4,0.02,Dalam Limit Dealer,Limit Tersedia,Konfirmasi Match,Terverifikasi Middle Office,Sesuai Ketentuan BI <20%,Tidak,1,1,-
TRSY-0205,Head Office,Repo / Reverse Repo,Buy / Purchase,8461.01,7,2,0.09,Dalam Limit Dealer,Limit Tersedia,Konfirmasi Match,Terverifikasi Middle Office,Sesuai Ketentuan BI <20%,Tidak,1,2,-
TRSY-0206,Singapore Branch,SBN / Government Bonds,Buy / Purchase,6703.5,10,1,0.08,Dalam Limit Dealer,Limit Tersedia,Konfirmasi Match,Terverifikasi Middle Office,Sesuai Ketentuan BI <20%,Tidak,1,1,-
TRSY-0207,Treasury Surabaya,PUAB / Call Money,Sell / Placement,16332.65,14,4,4.74,Dalam Limit Dealer,Limit Tersedia,Unconfirmed Deal Slip,Tanpa Verifikasi / Override Dealer,Sesuai Ketentuan BI <20%,Ya (Anomali),5,5,Transaksi dengan Deviasi Kurs / Yield Tidak Wajar (Off-Market Rate: 4.74%)
TRSY-0208,Treasury Medan,Repo / Reverse Repo,Sell / Placement,2156.8,11,3,0.02,Dalam Limit Dealer,Limit Tersedia,Konfirmasi Match,Terverifikasi Middle Office,Sesuai Ketentuan BI <20%,Tidak,2,1,-
TRSY-0209,Treasury Jakarta,SRBI / Sekuritas Rupiah BI,Buy / Purchase,56465.28,9,2,0.11,Dalam Limit Dealer,Melampaui Limit Counterparty,Konfirmasi Match,Tanpa Verifikasi / Override Dealer,Sesuai Ketentuan BI <20%,Ya (Anomali),4,4,Pelanggaran Limit Kredit Counterparty Bank Lawan (Exceeded Counterparty Exposure Limit)
TRSY-0210,Head Office,FX Spot,Buy / Purchase,12268.93,13,4,0.02,Dalam Limit Dealer,Limit Tersedia,Konfirmasi Match,Terverifikasi Middle Office,Sesuai Ketentuan BI <20%,Tidak,2,1,-
TRSY-0211,Head Office,FX Forward / Swap,Sell / Placement,10104.66,8,1,0.05,Dalam Limit Dealer,Limit Tersedia,Konfirmasi Match,Terverifikasi Middle Office,Sesuai Ketentuan BI <20%,Tidak,1,1,-
TRSY-0212,Treasury Jakarta,Repo / Reverse Repo,Buy / Purchase,22239.94,8,2,0.28,Dalam Limit Dealer,Limit Tersedia,Mismatched Deal,Tanpa Verifikasi / Override Dealer,Sesuai Ketentuan BI <20%,Ya (Anomali),4,5,Risiko Operasional & Settlement: Konfirmasi Transaksi Mismatched Deal
TRSY-0213,Singapore Branch,SBN / Government Bonds,Sell / Placement,6698.8,10,2,0.03,Dalam Limit Dealer,Limit Tersedia,Konfirmasi Match,Terverifikasi Middle Office,Sesuai Ketentuan BI <20%,Tidak,1,1,-
TRSY-0214,Treasury Jakarta,Repo / Reverse Repo,Buy / Purchase,9098.24,18,1,0.03,Dalam Limit Dealer,Limit Tersedia,Konfirmasi Match,Terverifikasi Middle Office,Sesuai Ketentuan BI <20%,Tidak,2,2,-
TRSY-0215,Treasury Surabaya,SRBI / Sekuritas Rupiah BI,Buy / Purchase,10551.13,15,4,0.03,Dalam Limit Dealer,Limit Tersedia,Konfirmasi Match,Terverifikasi Middle Office,Sesuai Ketentuan BI <20%,Tidak,1,1,-
TRSY-0216,Treasury Jakarta,PUAB / Call Money,Buy / Purchase,3027.49,16,4,0.01,Dalam Limit Dealer,Limit Tersedia,Konfirmasi Match,Terverifikasi Middle Office,Sesuai Ketentuan BI <20%,Tidak,1,1,-
TRSY-0217,Treasury Medan,Repo / Reverse Repo,Buy / Purchase,4134.42,14,1,0.06,Dalam Limit Dealer,Limit Tersedia,Konfirmasi Match,Terverifikasi Middle Office,Sesuai Ketentuan BI <20%,Tidak,1,1,-
TRSY-0218,Head Office,Repo / Reverse Repo,Sell / Placement,3741.2,17,3,0.02,Dalam Limit Dealer,Limit Tersedia,Konfirmasi Match,Terverifikasi Middle Office,Sesuai Ketentuan BI <20%,Tidak,1,2,-
TRSY-0219,Treasury Surabaya,SRBI / Sekuritas Rupiah BI,Buy / Purchase,17421.27,12,5,0.06,Dalam Limit Dealer,Limit Tersedia,Konfirmasi Match,Terverifikasi Middle Office,Sesuai Ketentuan BI <20%,Tidak,2,2,-
TRSY-0220,Treasury Jakarta,FX Spot,Sell / Placement,3415.97,14,5,0.08,Dalam Limit Dealer,Limit Tersedia,Konfirmasi Match,Terverifikasi Middle Office,Sesuai Ketentuan BI <20%,Tidak,1,1,-
TRSY-0221,Treasury Surabaya,FX Spot,Sell / Placement,8650.91,14,4,0.05,Dalam Limit Dealer,Limit Tersedia,Konfirmasi Match,Terverifikasi Middle Office,Sesuai Ketentuan BI <20%,Tidak,2,2,-
TRSY-0222,Treasury Jakarta,FX Spot,Buy / Purchase,9798.0,14,2,0.05,Dalam Limit Dealer,Limit Tersedia,Konfirmasi Match,Terverifikasi Middle Office,Sesuai Ketentuan BI <20%,Tidak,1,1,-
TRSY-0223,Head Office,PUAB / Call Money,Sell / Placement,3040.84,16,5,0.07,Dalam Limit Dealer,Limit Tersedia,Konfirmasi Match,Terverifikasi Middle Office,Sesuai Ketentuan BI <20%,Tidak,1,1,-
TRSY-0224,Treasury Jakarta,SBN / Government Bonds,Buy / Purchase,65636.82,16,3,0.24,Melampaui Limit Dealer,Limit Tersedia,Konfirmasi Match,Tanpa Verifikasi / Override Dealer,Sesuai Ketentuan BI <20%,Ya (Anomali),5,5,Pelanggaran Limit Wewenang Dealer (Dealer Trading Limit Breach: Rp 65636.82 Juta)
TRSY-0225,Treasury Medan,Repo / Reverse Repo,Sell / Placement,79891.89,10,2,0.2,Melampaui Limit Dealer,Limit Tersedia,Konfirmasi Match,Tanpa Verifikasi / Override Dealer,Sesuai Ketentuan BI <20%,Ya (Anomali),5,4,Pelanggaran Limit Wewenang Dealer (Dealer Trading Limit Breach: Rp 79891.89 Juta)
TRSY-0226,Treasury Jakarta,PUAB / Call Money,Sell / Placement,10301.81,16,3,0.12,Dalam Limit Dealer,Limit Tersedia,Konfirmasi Match,Terverifikasi Middle Office,Sesuai Ketentuan BI <20%,Tidak,1,1,-
TRSY-0227,Treasury Surabaya,SRBI / Sekuritas Rupiah BI,Buy / Purchase,109268.57,8,1,0.25,Melampaui Limit Dealer,Limit Tersedia,Konfirmasi Match,Tanpa Verifikasi / Override Dealer,Sesuai Ketentuan BI <20%,Ya (Anomali),5,5,Pelanggaran Limit Wewenang Dealer (Dealer Trading Limit Breach: Rp 109268.57 Juta)
TRSY-0228,Head Office,PUAB / Call Money,Buy / Purchase,9842.43,8,2,0.2,Dalam Limit Dealer,Limit Tersedia,Konfirmasi Match,Terverifikasi Middle Office,Sesuai Ketentuan BI <20%,Tidak,2,2,-
TRSY-0229,Head Office,PUAB / Call Money,Sell / Placement,45340.41,11,1,3.09,Dalam Limit Dealer,Limit Tersedia,Unconfirmed Deal Slip,Tanpa Verifikasi / Override Dealer,Sesuai Ketentuan BI <20%,Ya (Anomali),5,5,Transaksi dengan Deviasi Kurs / Yield Tidak Wajar (Off-Market Rate: 3.09%)
TRSY-0230,Treasury Surabaya,SBN / Government Bonds,Sell / Placement,9239.85,9,4,0.03,Dalam Limit Dealer,Limit Tersedia,Konfirmasi Match,Terverifikasi Middle Office,Sesuai Ketentuan BI <20%,Tidak,1,2,-
TRSY-0231,Head Office,PUAB / Call Money,Sell / Placement,5114.94,16,3,0.14,Dalam Limit Dealer,Limit Tersedia,Konfirmasi Match,Terverifikasi Middle Office,Sesuai Ketentuan BI <20%,Tidak,1,1,-
TRSY-0232,Treasury Surabaya,SRBI / Sekuritas Rupiah BI,Sell / Placement,32224.21,9,5,0.31,Dalam Limit Dealer,Limit Tersedia,Unconfirmed Deal Slip,Tanpa Verifikasi / Override Dealer,Sesuai Ketentuan BI <20%,Ya (Anomali),4,5,Risiko Operasional & Settlement: Konfirmasi Transaksi Unconfirmed Deal Slip
TRSY-0233,Head Office,PUAB / Call Money,Buy / Purchase,5201.22,14,3,0.03,Dalam Limit Dealer,Limit Tersedia,Konfirmasi Match,Terverifikasi Middle Office,Sesuai Ketentuan BI <20%,Tidak,2,1,-
TRSY-0234,Treasury Surabaya,Repo / Reverse Repo,Sell / Placement,4171.57,9,1,0.05,Dalam Limit Dealer,Limit Tersedia,Konfirmasi Match,Terverifikasi Middle Office,Sesuai Ketentuan BI <20%,Tidak,1,2,-
TRSY-0235,Treasury Jakarta,SBN / Government Bonds,Sell / Placement,40000.0,14,1,0.13,Dalam Limit Dealer,Limit Tersedia,Konfirmasi Match,Terverifikasi Middle Office,Sesuai Ketentuan BI <20%,Tidak,2,1,-
TRSY-0236,Singapore Branch,Repo / Reverse Repo,Buy / Purchase,55732.95,11,5,0.2,Melampaui Limit Dealer,Limit Tersedia,Konfirmasi Match,Tanpa Verifikasi / Override Dealer,Sesuai Ketentuan BI <20%,Ya (Anomali),5,4,Pelanggaran Limit Wewenang Dealer (Dealer Trading Limit Breach: Rp 55732.95 Juta)
TRSY-0237,Head Office,FX Spot,Sell / Placement,25000.0,13,3,0.16,Dalam Limit Dealer,Limit Tersedia,Konfirmasi Match,Terverifikasi Middle Office,Sesuai Ketentuan BI <20%,Tidak,1,2,-
TRSY-0238,Treasury Jakarta,Repo / Reverse Repo,Sell / Placement,4772.21,9,2,0.04,Dalam Limit Dealer,Limit Tersedia,Konfirmasi Match,Terverifikasi Middle Office,Sesuai Ketentuan BI <20%,Tidak,1,1,-
TRSY-0239,Treasury Jakarta,Repo / Reverse Repo,Buy / Purchase,7266.15,12,4,0.05,Dalam Limit Dealer,Limit Tersedia,Konfirmasi Match,Terverifikasi Middle Office,Sesuai Ketentuan BI <20%,Tidak,2,1,-
TRSY-0240,Head Office,FX Forward / Swap,Buy / Purchase,3007.72,9,5,0.05,Dalam Limit Dealer,Limit Tersedia,Konfirmasi Match,Terverifikasi Middle Office,Sesuai Ketentuan BI <20%,Tidak,2,2,-
TRSY-0241,Head Office,Repo / Reverse Repo,Sell / Placement,4151.11,17,3,0.03,Dalam Limit Dealer,Limit Tersedia,Konfirmasi Match,Terverifikasi Middle Office,Sesuai Ketentuan BI <20%,Tidak,1,1,-
TRSY-0242,Head Office,Repo / Reverse Repo,Sell / Placement,3275.52,13,5,0.22,Dalam Limit Dealer,Limit Tersedia,Konfirmasi Match,Terverifikasi Middle Office,Sesuai Ketentuan BI <20%,Tidak,2,1,-
TRSY-0243,Treasury Surabaya,FX Forward / Swap,Sell / Placement,13572.64,14,1,0.01,Dalam Limit Dealer,Limit Tersedia,Konfirmasi Match,Terverifikasi Middle Office,Sesuai Ketentuan BI <20%,Tidak,2,1,-
TRSY-0244,Treasury Medan,PUAB / Call Money,Buy / Purchase,19768.84,12,4,0.22,Dalam Limit Dealer,Limit Tersedia,Konfirmasi Match,Terverifikasi Middle Office,Sesuai Ketentuan BI <20%,Tidak,1,2,-
TRSY-0245,Head Office,FX Forward / Swap,Buy / Purchase,2902.52,14,3,0.06,Dalam Limit Dealer,Limit Tersedia,Konfirmasi Match,Terverifikasi Middle Office,Sesuai Ketentuan BI <20%,Tidak,1,1,-
TRSY-0246,Singapore Branch,SRBI / Sekuritas Rupiah BI,Buy / Purchase,9279.09,10,4,0.03,Dalam Limit Dealer,Limit Tersedia,Konfirmasi Match,Terverifikasi Middle Office,Sesuai Ketentuan BI <20%,Tidak,2,1,-
TRSY-0247,Head Office,PUAB / Call Money,Sell / Placement,3939.06,11,5,0.06,Dalam Limit Dealer,Limit Tersedia,Konfirmasi Match,Terverifikasi Middle Office,Sesuai Ketentuan BI <20%,Tidak,2,2,-
TRSY-0248,Singapore Branch,SBN / Government Bonds,Buy / Purchase,11529.37,16,3,0.08,Dalam Limit Dealer,Limit Tersedia,Konfirmasi Match,Terverifikasi Middle Office,Sesuai Ketentuan BI <20%,Tidak,1,2,-
TRSY-0249,Treasury Jakarta,FX Spot,Buy / Purchase,2627.96,11,1,0.08,Dalam Limit Dealer,Limit Tersedia,Konfirmasi Match,Terverifikasi Middle Office,Sesuai Ketentuan BI <20%,Tidak,2,1,-
TRSY-0250,Treasury Jakarta,SBN / Government Bonds,Sell / Placement,7986.97,14,4,0.29,Dalam Limit Dealer,Limit Tersedia,Konfirmasi Match,Terverifikasi Middle Office,Sesuai Ketentuan BI <20%,Tidak,2,1,-
TRSY-0251,Treasury Medan,Repo / Reverse Repo,Sell / Placement,9462.99,9,3,0.19,Dalam Limit Dealer,Limit Tersedia,Konfirmasi Match,Terverifikasi Middle Office,Sesuai Ketentuan BI <20%,Tidak,1,2,-
TRSY-0252,Treasury Medan,FX Forward / Swap,Sell / Placement,11022.27,12,5,0.09,Dalam Limit Dealer,Limit Tersedia,Konfirmasi Match,Terverifikasi Middle Office,Sesuai Ketentuan BI <20%,Tidak,1,1,-
TRSY-0253,Treasury Surabaya,SBN / Government Bonds,Sell / Placement,11535.7,14,3,0.12,Dalam Limit Dealer,Limit Tersedia,Konfirmasi Match,Terverifikasi Middle Office,Sesuai Ketentuan BI <20%,Tidak,1,1,-
TRSY-0254,Head Office,Repo / Reverse Repo,Sell / Placement,21164.05,8,3,0.07,Dalam Limit Dealer,Limit Tersedia,Konfirmasi Match,Terverifikasi Middle Office,Sesuai Ketentuan BI <20%,Tidak,1,2,-
TRSY-0255,Treasury Jakarta,Repo / Reverse Repo,Buy / Purchase,3404.27,8,1,0.08,Dalam Limit Dealer,Limit Tersedia,Konfirmasi Match,Terverifikasi Middle Office,Sesuai Ketentuan BI <20%,Tidak,1,2,-
TRSY-0256,Treasury Surabaya,Repo / Reverse Repo,Sell / Placement,35000.0,11,1,0.02,Dalam Limit Dealer,Limit Tersedia,Konfirmasi Match,Terverifikasi Middle Office,Sesuai Ketentuan BI <20%,Tidak,1,2,-
TRSY-0257,Head Office,FX Forward / Swap,Sell / Placement,5791.89,18,2,0.07,Dalam Limit Dealer,Limit Tersedia,Konfirmasi Match,Terverifikasi Middle Office,Sesuai Ketentuan BI <20%,Tidak,2,1,-
TRSY-0258,Treasury Jakarta,FX Spot,Buy / Purchase,11269.94,17,5,0.05,Dalam Limit Dealer,Limit Tersedia,Konfirmasi Match,Terverifikasi Middle Office,Sesuai Ketentuan BI <20%,Tidak,2,1,-
TRSY-0259,Treasury Jakarta,FX Spot,Sell / Placement,2100.15,18,4,0.11,Dalam Limit Dealer,Limit Tersedia,Konfirmasi Match,Terverifikasi Middle Office,Sesuai Ketentuan BI <20%,Tidak,2,2,-
TRSY-0260,Treasury Medan,PUAB / Call Money,Buy / Purchase,14786.94,12,2,0.07,Dalam Limit Dealer,Limit Tersedia,Konfirmasi Match,Terverifikasi Middle Office,Sesuai Ketentuan BI <20%,Tidak,1,1,-
TRSY-0261,Treasury Medan,SBN / Government Bonds,Buy / Purchase,5643.83,15,1,0.01,Dalam Limit Dealer,Limit Tersedia,Konfirmasi Match,Terverifikasi Middle Office,Sesuai Ketentuan BI <20%,Tidak,1,1,-
TRSY-0262,Treasury Surabaya,PUAB / Call Money,Buy / Purchase,2515.57,7,4,0.1,Dalam Limit Dealer,Limit Tersedia,Konfirmasi Match,Terverifikasi Middle Office,Sesuai Ketentuan BI <20%,Tidak,1,1,-
TRSY-0263,Head Office,SBN / Government Bonds,Buy / Purchase,39135.48,13,2,0.03,Dalam Limit Dealer,Limit Tersedia,Konfirmasi Match,Terverifikasi Middle Office,Sesuai Ketentuan BI <20%,Tidak,1,1,-
TRSY-0264,Treasury Medan,FX Forward / Swap,Buy / Purchase,5869.25,8,4,0.03,Dalam Limit Dealer,Limit Tersedia,Konfirmasi Match,Terverifikasi Middle Office,Sesuai Ketentuan BI <20%,Tidak,1,2,-
TRSY-0265,Treasury Surabaya,SBN / Government Bonds,Sell / Placement,25694.7,7,4,0.01,Dalam Limit Dealer,Limit Tersedia,Konfirmasi Match,Terverifikasi Middle Office,Sesuai Ketentuan BI <20%,Tidak,2,1,-
TRSY-0266,Singapore Branch,FX Spot,Buy / Purchase,6183.69,14,1,0.09,Dalam Limit Dealer,Limit Tersedia,Konfirmasi Match,Terverifikasi Middle Office,Sesuai Ketentuan BI <20%,Tidak,1,1,-
TRSY-0267,Singapore Branch,FX Forward / Swap,Buy / Purchase,1994.67,9,4,0.05,Dalam Limit Dealer,Limit Tersedia,Konfirmasi Match,Terverifikasi Middle Office,Sesuai Ketentuan BI <20%,Tidak,1,1,-
TRSY-0268,Treasury Jakarta,Repo / Reverse Repo,Sell / Placement,15090.59,10,5,0.08,Dalam Limit Dealer,Limit Tersedia,Konfirmasi Match,Terverifikasi Middle Office,Sesuai Ketentuan BI <20%,Tidak,2,1,-
TRSY-0269,Singapore Branch,PUAB / Call Money,Sell / Placement,5351.78,8,2,0.07,Dalam Limit Dealer,Limit Tersedia,Konfirmasi Match,Terverifikasi Middle Office,Sesuai Ketentuan BI <20%,Tidak,1,1,-
TRSY-0270,Treasury Surabaya,SBN / Government Bonds,Buy / Purchase,31983.71,16,4,0.04,Dalam Limit Dealer,Melampaui Limit Counterparty,Konfirmasi Match,Tanpa Verifikasi / Override Dealer,Sesuai Ketentuan BI <20%,Ya (Anomali),4,4,Pelanggaran Limit Kredit Counterparty Bank Lawan (Exceeded Counterparty Exposure Limit)
TRSY-0271,Head Office,FX Forward / Swap,Buy / Purchase,7222.42,14,1,0.12,Dalam Limit Dealer,Limit Tersedia,Konfirmasi Match,Terverifikasi Middle Office,Sesuai Ketentuan BI <20%,Tidak,1,1,-
TRSY-0272,Treasury Medan,Repo / Reverse Repo,Buy / Purchase,3256.81,10,5,0.01,Dalam Limit Dealer,Limit Tersedia,Konfirmasi Match,Terverifikasi Middle Office,Sesuai Ketentuan BI <20%,Tidak,1,1,-
TRSY-0273,Head Office,PUAB / Call Money,Buy / Purchase,4133.42,12,5,0.1,Dalam Limit Dealer,Limit Tersedia,Konfirmasi Match,Terverifikasi Middle Office,Sesuai Ketentuan BI <20%,Tidak,2,1,-
TRSY-0274,Treasury Jakarta,SRBI / Sekuritas Rupiah BI,Buy / Purchase,6278.71,16,1,0.06,Dalam Limit Dealer,Limit Tersedia,Konfirmasi Match,Terverifikasi Middle Office,Sesuai Ketentuan BI <20%,Tidak,1,2,-
TRSY-0275,Treasury Surabaya,Repo / Reverse Repo,Sell / Placement,21848.16,8,5,0.07,Dalam Limit Dealer,Limit Tersedia,Konfirmasi Match,Terverifikasi Middle Office,Sesuai Ketentuan BI <20%,Tidak,2,1,-
TRSY-0276,Treasury Medan,FX Forward / Swap,Sell / Placement,33486.3,11,2,0.06,Dalam Limit Dealer,Melampaui Limit Counterparty,Konfirmasi Match,Tanpa Verifikasi / Override Dealer,Sesuai Ketentuan BI <20%,Ya (Anomali),5,4,Pelanggaran Limit Kredit Counterparty Bank Lawan (Exceeded Counterparty Exposure Limit)
TRSY-0277,Treasury Jakarta,SRBI / Sekuritas Rupiah BI,Buy / Purchase,15834.18,8,2,0.01,Dalam Limit Dealer,Limit Tersedia,Konfirmasi Match,Terverifikasi Middle Office,Sesuai Ketentuan BI <20%,Tidak,1,1,-
TRSY-0278,Treasury Surabaya,PUAB / Call Money,Sell / Placement,13210.91,8,5,0.05,Dalam Limit Dealer,Limit Tersedia,Konfirmasi Match,Terverifikasi Middle Office,Sesuai Ketentuan BI <20%,Tidak,2,1,-
TRSY-0279,Singapore Branch,PUAB / Call Money,Sell / Placement,7780.09,15,4,0.05,Dalam Limit Dealer,Limit Tersedia,Konfirmasi Match,Terverifikasi Middle Office,Sesuai Ketentuan BI <20%,Tidak,2,1,-
TRSY-0280,Treasury Medan,SBN / Government Bonds,Buy / Purchase,6492.53,17,4,0.11,Dalam Limit Dealer,Limit Tersedia,Konfirmasi Match,Terverifikasi Middle Office,Sesuai Ketentuan BI <20%,Tidak,1,1,-
TRSY-0281,Treasury Surabaya,FX Forward / Swap,Buy / Purchase,7323.0,10,4,0.03,Dalam Limit Dealer,Limit Tersedia,Konfirmasi Match,Terverifikasi Middle Office,Sesuai Ketentuan BI <20%,Tidak,1,2,-
TRSY-0282,Singapore Branch,PUAB / Call Money,Buy / Purchase,9842.86,16,4,0.21,Dalam Limit Dealer,Limit Tersedia,Konfirmasi Match,Terverifikasi Middle Office,Sesuai Ketentuan BI <20%,Tidak,2,1,-
TRSY-0283,Singapore Branch,FX Forward / Swap,Buy / Purchase,1838.19,13,1,0.02,Dalam Limit Dealer,Limit Tersedia,Konfirmasi Match,Terverifikasi Middle Office,Sesuai Ketentuan BI <20%,Tidak,1,1,-
TRSY-0284,Treasury Medan,Repo / Reverse Repo,Buy / Purchase,13908.45,12,3,0.06,Dalam Limit Dealer,Limit Tersedia,Konfirmasi Match,Terverifikasi Middle Office,Sesuai Ketentuan BI <20%,Tidak,2,2,-
TRSY-0285,Singapore Branch,PUAB / Call Money,Buy / Purchase,20214.94,13,1,2.07,Dalam Limit Dealer,Limit Tersedia,Unconfirmed Deal Slip,Tanpa Verifikasi / Override Dealer,Sesuai Ketentuan BI <20%,Ya (Anomali),5,5,Transaksi dengan Deviasi Kurs / Yield Tidak Wajar (Off-Market Rate: 2.07%)
TRSY-0286,Singapore Branch,PUAB / Call Money,Sell / Placement,8719.14,12,3,0.06,Dalam Limit Dealer,Limit Tersedia,Konfirmasi Match,Terverifikasi Middle Office,Sesuai Ketentuan BI <20%,Tidak,2,1,-
TRSY-0287,Treasury Surabaya,SBN / Government Bonds,Sell / Placement,39357.3,15,3,1.74,Dalam Limit Dealer,Limit Tersedia,Konfirmasi Match,Tanpa Verifikasi / Override Dealer,Sesuai Ketentuan BI <20%,Ya (Anomali),5,5,Transaksi dengan Deviasi Kurs / Yield Tidak Wajar (Off-Market Rate: 1.74%)
TRSY-0288,Treasury Jakarta,SRBI / Sekuritas Rupiah BI,Sell / Placement,31263.92,17,4,0.08,Dalam Limit Dealer,Limit Tersedia,Konfirmasi Match,Terverifikasi Middle Office,Sesuai Ketentuan BI <20%,Tidak,2,1,-
TRSY-0289,Treasury Surabaya,Repo / Reverse Repo,Sell / Placement,8679.44,18,4,0.25,Dalam Limit Dealer,Limit Tersedia,Konfirmasi Match,Terverifikasi Middle Office,Sesuai Ketentuan BI <20%,Tidak,1,1,-
TRSY-0290,Treasury Medan,PUAB / Call Money,Buy / Purchase,25128.14,11,3,0.24,Dalam Limit Dealer,Limit Tersedia,Konfirmasi Match,Terverifikasi Middle Office,Sesuai Ketentuan BI <20%,Tidak,1,2,-
TRSY-0291,Singapore Branch,SBN / Government Bonds,Buy / Purchase,12106.08,17,1,0.03,Dalam Limit Dealer,Limit Tersedia,Konfirmasi Match,Terverifikasi Middle Office,Sesuai Ketentuan BI <20%,Tidak,2,1,-
TRSY-0292,Treasury Jakarta,FX Forward / Swap,Buy / Purchase,60300.14,23,7,0.27,Dalam Limit Dealer,Limit Tersedia,Unconfirmed Deal Slip,Tanpa Verifikasi / Override Dealer,Sesuai Ketentuan BI <20%,Ya (Anomali),5,5,Transaksi Nilai Sangat Besar Dini Hari di Luar Jam Pasar Tanpa Otorisasi (Jam 23)
TRSY-0293,Treasury Surabaya,SBN / Government Bonds,Sell / Placement,5593.5,17,1,0.08,Dalam Limit Dealer,Limit Tersedia,Konfirmasi Match,Terverifikasi Middle Office,Sesuai Ketentuan BI <20%,Tidak,2,1,-
TRSY-0294,Treasury Jakarta,PUAB / Call Money,Sell / Placement,3216.39,16,4,0.07,Dalam Limit Dealer,Limit Tersedia,Konfirmasi Match,Terverifikasi Middle Office,Sesuai Ketentuan BI <20%,Tidak,1,1,-
TRSY-0295,Head Office,PUAB / Call Money,Sell / Placement,29855.41,17,3,0.03,Dalam Limit Dealer,Limit Tersedia,Konfirmasi Match,Terverifikasi Middle Office,Sesuai Ketentuan BI <20%,Tidak,2,2,-
TRSY-0296,Singapore Branch,SBN / Government Bonds,Sell / Placement,16204.44,13,3,0.08,Dalam Limit Dealer,Limit Tersedia,Konfirmasi Match,Terverifikasi Middle Office,Sesuai Ketentuan BI <20%,Tidak,2,1,-
TRSY-0297,Head Office,Repo / Reverse Repo,Sell / Placement,11002.0,11,5,0.02,Dalam Limit Dealer,Limit Tersedia,Konfirmasi Match,Terverifikasi Middle Office,Sesuai Ketentuan BI <20%,Tidak,1,1,-
TRSY-0298,Treasury Jakarta,SRBI / Sekuritas Rupiah BI,Sell / Placement,38191.94,15,5,0.06,Dalam Limit Dealer,Limit Tersedia,Konfirmasi Match,Terverifikasi Middle Office,Sesuai Ketentuan BI <20%,Tidak,1,2,-
TRSY-0299,Treasury Medan,SBN / Government Bonds,Sell / Placement,38444.86,11,2,1.72,Dalam Limit Dealer,Limit Tersedia,Unconfirmed Deal Slip,Tanpa Verifikasi / Override Dealer,Sesuai Ketentuan BI <20%,Ya (Anomali),5,5,Transaksi dengan Deviasi Kurs / Yield Tidak Wajar (Off-Market Rate: 1.72%)
TRSY-0300,Head Office,Repo / Reverse Repo,Sell / Placement,13287.5,14,1,0.06,Dalam Limit Dealer,Limit Tersedia,Konfirmasi Match,Terverifikasi Middle Office,Sesuai Ketentuan BI <20%,Tidak,1,1,-
TRSY-0301,Treasury Jakarta,SRBI / Sekuritas Rupiah BI,Sell / Placement,25241.13,10,2,0.2,Dalam Limit Dealer,Limit Tersedia,Konfirmasi Match,Terverifikasi Middle Office,Sesuai Ketentuan BI <20%,Tidak,2,1,-
TRSY-0302,Treasury Medan,Repo / Reverse Repo,Buy / Purchase,9512.19,9,2,0.22,Dalam Limit Dealer,Limit Tersedia,Konfirmasi Match,Terverifikasi Middle Office,Sesuai Ketentuan BI <20%,Tidak,1,1,-
TRSY-0303,Treasury Jakarta,PUAB / Call Money,Sell / Placement,5558.25,10,2,0.05,Dalam Limit Dealer,Limit Tersedia,Konfirmasi Match,Terverifikasi Middle Office,Sesuai Ketentuan BI <20%,Tidak,2,1,-
TRSY-0304,Treasury Surabaya,FX Forward / Swap,Sell / Placement,1714.96,16,2,0.09,Dalam Limit Dealer,Limit Tersedia,Konfirmasi Match,Terverifikasi Middle Office,Sesuai Ketentuan BI <20%,Tidak,1,1,-
TRSY-0305,Treasury Surabaya,SRBI / Sekuritas Rupiah BI,Buy / Purchase,8257.1,9,1,0.02,Dalam Limit Dealer,Limit Tersedia,Konfirmasi Match,Terverifikasi Middle Office,Sesuai Ketentuan BI <20%,Tidak,1,1,-
TRSY-0306,Treasury Medan,SRBI / Sekuritas Rupiah BI,Buy / Purchase,9513.4,10,2,0.05,Dalam Limit Dealer,Limit Tersedia,Konfirmasi Match,Terverifikasi Middle Office,Sesuai Ketentuan BI <20%,Tidak,1,1,-
TRSY-0307,Head Office,PUAB / Call Money,Sell / Placement,17985.19,8,4,0.21,Dalam Limit Dealer,Limit Tersedia,Konfirmasi Match,Terverifikasi Middle Office,Sesuai Ketentuan BI <20%,Tidak,1,1,-
TRSY-0308,Singapore Branch,SBN / Government Bonds,Sell / Placement,12382.12,9,3,0.03,Dalam Limit Dealer,Limit Tersedia,Konfirmasi Match,Terverifikasi Middle Office,Sesuai Ketentuan BI <20%,Tidak,2,1,-
TRSY-0309,Treasury Medan,Repo / Reverse Repo,Sell / Placement,35000.0,11,1,0.04,Dalam Limit Dealer,Limit Tersedia,Konfirmasi Match,Terverifikasi Middle Office,Sesuai Ketentuan BI <20%,Tidak,2,1,-
TRSY-0310,Treasury Jakarta,Repo / Reverse Repo,Sell / Placement,6504.03,9,2,0.07,Dalam Limit Dealer,Limit Tersedia,Konfirmasi Match,Terverifikasi Middle Office,Sesuai Ketentuan BI <20%,Tidak,1,2,-
TRSY-0311,Treasury Surabaya,SRBI / Sekuritas Rupiah BI,Sell / Placement,12038.34,14,1,0.02,Dalam Limit Dealer,Limit Tersedia,Konfirmasi Match,Terverifikasi Middle Office,Sesuai Ketentuan BI <20%,Tidak,2,1,-
TRSY-0312,Treasury Jakarta,FX Spot,Sell / Placement,9494.05,7,4,0.34,Dalam Limit Dealer,Limit Tersedia,Konfirmasi Match,Terverifikasi Middle Office,Sesuai Ketentuan BI <20%,Tidak,2,1,-
TRSY-0313,Head Office,PUAB / Call Money,Buy / Purchase,3127.46,10,4,0.2,Dalam Limit Dealer,Limit Tersedia,Konfirmasi Match,Terverifikasi Middle Office,Sesuai Ketentuan BI <20%,Tidak,2,2,-
TRSY-0314,Head Office,FX Forward / Swap,Buy / Purchase,10144.11,7,2,0.04,Dalam Limit Dealer,Limit Tersedia,Konfirmasi Match,Terverifikasi Middle Office,Sesuai Ketentuan BI <20%,Tidak,1,2,-
TRSY-0315,Treasury Jakarta,SBN / Government Bonds,Sell / Placement,6095.08,13,4,0.08,Dalam Limit Dealer,Limit Tersedia,Konfirmasi Match,Terverifikasi Middle Office,Sesuai Ketentuan BI <20%,Tidak,2,2,-
TRSY-0316,Treasury Medan,PUAB / Call Money,Sell / Placement,10089.0,14,4,0.03,Dalam Limit Dealer,Limit Tersedia,Konfirmasi Match,Terverifikasi Middle Office,Sesuai Ketentuan BI <20%,Tidak,2,1,-
TRSY-0317,Head Office,SBN / Government Bonds,Buy / Purchase,6436.38,8,5,0.04,Dalam Limit Dealer,Limit Tersedia,Konfirmasi Match,Terverifikasi Middle Office,Sesuai Ketentuan BI <20%,Tidak,1,1,-
TRSY-0318,Singapore Branch,SBN / Government Bonds,Sell / Placement,6412.53,7,3,0.04,Dalam Limit Dealer,Limit Tersedia,Konfirmasi Match,Terverifikasi Middle Office,Sesuai Ketentuan BI <20%,Tidak,1,1,-
TRSY-0319,Treasury Medan,FX Forward / Swap,Buy / Purchase,12303.11,11,1,0.1,Dalam Limit Dealer,Limit Tersedia,Konfirmasi Match,Terverifikasi Middle Office,Sesuai Ketentuan BI <20%,Tidak,1,2,-
TRSY-0320,Singapore Branch,SRBI / Sekuritas Rupiah BI,Buy / Purchase,27661.78,9,4,0.08,Dalam Limit Dealer,Limit Tersedia,Konfirmasi Match,Terverifikasi Middle Office,Sesuai Ketentuan BI <20%,Tidak,2,1,-
TRSY-0321,Treasury Surabaya,Repo / Reverse Repo,Buy / Purchase,6527.44,13,4,0.02,Dalam Limit Dealer,Limit Tersedia,Konfirmasi Match,Terverifikasi Middle Office,Sesuai Ketentuan BI <20%,Tidak,1,1,-
TRSY-0322,Singapore Branch,SRBI / Sekuritas Rupiah BI,Buy / Purchase,40000.0,8,2,0.03,Dalam Limit Dealer,Limit Tersedia,Konfirmasi Match,Terverifikasi Middle Office,Sesuai Ketentuan BI <20%,Tidak,1,2,-
TRSY-0323,Treasury Jakarta,FX Forward / Swap,Sell / Placement,52159.98,16,4,0.21,Dalam Limit Dealer,Limit Tersedia,Konfirmasi Match,Tanpa Verifikasi / Override Dealer,Potensi Melanggar Batas PDN,Ya (Anomali),5,5,Pelanggaran SoD: Dealer Melakukan Eksekusi Mandiri Tanpa Verifikasi Middle Office & Berisiko Melanggar Batas PDN BI
TRSY-0324,Treasury Surabaya,Repo / Reverse Repo,Buy / Purchase,5056.19,8,5,0.06,Dalam Limit Dealer,Limit Tersedia,Konfirmasi Match,Terverifikasi Middle Office,Sesuai Ketentuan BI <20%,Tidak,1,1,-
TRSY-0325,Treasury Jakarta,SBN / Government Bonds,Buy / Purchase,41825.55,13,4,0.24,Dalam Limit Dealer,Melampaui Limit Counterparty,Konfirmasi Match,Tanpa Verifikasi / Override Dealer,Sesuai Ketentuan BI <20%,Ya (Anomali),5,4,Pelanggaran Limit Kredit Counterparty Bank Lawan (Exceeded Counterparty Exposure Limit)
TRSY-0326,Treasury Surabaya,PUAB / Call Money,Buy / Purchase,6672.08,12,2,0.06,Dalam Limit Dealer,Limit Tersedia,Konfirmasi Match,Terverifikasi Middle Office,Sesuai Ketentuan BI <20%,Tidak,1,1,-
TRSY-0327,Treasury Jakarta,SRBI / Sekuritas Rupiah BI,Buy / Purchase,9247.79,11,4,0.03,Dalam Limit Dealer,Limit Tersedia,Konfirmasi Match,Terverifikasi Middle Office,Sesuai Ketentuan BI <20%,Tidak,1,1,-
TRSY-0328,Treasury Jakarta,FX Spot,Sell / Placement,49573.45,10,2,0.15,Dalam Limit Dealer,Limit Tersedia,Konfirmasi Match,Tanpa Verifikasi / Override Dealer,Potensi Melanggar Batas PDN,Ya (Anomali),5,5,Pelanggaran SoD: Dealer Melakukan Eksekusi Mandiri Tanpa Verifikasi Middle Office & Berisiko Melanggar Batas PDN BI
TRSY-0329,Treasury Jakarta,SBN / Government Bonds,Buy / Purchase,9745.49,9,5,0.02,Dalam Limit Dealer,Limit Tersedia,Konfirmasi Match,Terverifikasi Middle Office,Sesuai Ketentuan BI <20%,Tidak,1,1,-
TRSY-0330,Treasury Jakarta,Repo / Reverse Repo,Sell / Placement,9748.73,11,2,0.03,Dalam Limit Dealer,Limit Tersedia,Konfirmasi Match,Terverifikasi Middle Office,Sesuai Ketentuan BI <20%,Tidak,1,2,-
TRSY-0331,Treasury Jakarta,FX Forward / Swap,Sell / Placement,3951.06,12,1,0.07,Dalam Limit Dealer,Limit Tersedia,Konfirmasi Match,Terverifikasi Middle Office,Sesuai Ketentuan BI <20%,Tidak,1,1,-
TRSY-0332,Treasury Surabaya,SRBI / Sekuritas Rupiah BI,Sell / Placement,7114.56,11,1,0.02,Dalam Limit Dealer,Limit Tersedia,Konfirmasi Match,Terverifikasi Middle Office,Sesuai Ketentuan BI <20%,Tidak,2,2,-
TRSY-0333,Treasury Surabaya,PUAB / Call Money,Buy / Purchase,15197.24,13,2,0.11,Dalam Limit Dealer,Limit Tersedia,Konfirmasi Match,Terverifikasi Middle Office,Sesuai Ketentuan BI <20%,Tidak,1,2,-
TRSY-0334,Treasury Jakarta,FX Spot,Sell / Placement,1384.11,13,5,0.06,Dalam Limit Dealer,Limit Tersedia,Konfirmasi Match,Terverifikasi Middle Office,Sesuai Ketentuan BI <20%,Tidak,2,2,-
TRSY-0335,Singapore Branch,Repo / Reverse Repo,Buy / Purchase,27588.11,12,2,0.07,Dalam Limit Dealer,Limit Tersedia,Konfirmasi Match,Terverifikasi Middle Office,Sesuai Ketentuan BI <20%,Tidak,1,1,-
TRSY-0336,Treasury Surabaya,FX Forward / Swap,Sell / Placement,13603.88,15,2,0.04,Dalam Limit Dealer,Limit Tersedia,Konfirmasi Match,Terverifikasi Middle Office,Sesuai Ketentuan BI <20%,Tidak,1,1,-
TRSY-0337,Treasury Surabaya,SRBI / Sekuritas Rupiah BI,Sell / Placement,19275.42,14,4,0.04,Dalam Limit Dealer,Limit Tersedia,Konfirmasi Match,Terverifikasi Middle Office,Sesuai Ketentuan BI <20%,Tidak,1,1,-
TRSY-0338,Treasury Medan,Repo / Reverse Repo,Buy / Purchase,8203.08,9,3,0.07,Dalam Limit Dealer,Limit Tersedia,Konfirmasi Match,Terverifikasi Middle Office,Sesuai Ketentuan BI <20%,Tidak,2,1,-
TRSY-0339,Singapore Branch,SRBI / Sekuritas Rupiah BI,Buy / Purchase,89597.55,3,6,0.27,Dalam Limit Dealer,Limit Tersedia,Unconfirmed Deal Slip,Tanpa Verifikasi / Override Dealer,Sesuai Ketentuan BI <20%,Ya (Anomali),5,4,Transaksi Nilai Sangat Besar Dini Hari di Luar Jam Pasar Tanpa Otorisasi (Jam 3)
TRSY-0340,Treasury Medan,FX Forward / Swap,Buy / Purchase,4654.59,11,2,0.06,Dalam Limit Dealer,Limit Tersedia,Konfirmasi Match,Terverifikasi Middle Office,Sesuai Ketentuan BI <20%,Tidak,2,2,-
TRSY-0341,Singapore Branch,SBN / Government Bonds,Sell / Placement,40000.0,10,3,0.11,Dalam Limit Dealer,Limit Tersedia,Konfirmasi Match,Terverifikasi Middle Office,Sesuai Ketentuan BI <20%,Tidak,1,1,-
TRSY-0342,Treasury Jakarta,FX Forward / Swap,Buy / Purchase,49724.6,12,2,0.1,Dalam Limit Dealer,Melampaui Limit Counterparty,Konfirmasi Match,Tanpa Verifikasi / Override Dealer,Sesuai Ketentuan BI <20%,Ya (Anomali),5,4,Pelanggaran Limit Kredit Counterparty Bank Lawan (Exceeded Counterparty Exposure Limit)
TRSY-0343,Singapore Branch,SBN / Government Bonds,Buy / Purchase,31375.08,8,4,0.15,Dalam Limit Dealer,Limit Tersedia,Konfirmasi Match,Terverifikasi Middle Office,Sesuai Ketentuan BI <20%,Tidak,1,2,-
TRSY-0344,Singapore Branch,SBN / Government Bonds,Buy / Purchase,27031.08,10,5,0.07,Dalam Limit Dealer,Limit Tersedia,Konfirmasi Match,Terverifikasi Middle Office,Sesuai Ketentuan BI <20%,Tidak,1,1,-
TRSY-0345,Singapore Branch,FX Forward / Swap,Buy / Purchase,18233.15,12,4,0.1,Dalam Limit Dealer,Limit Tersedia,Konfirmasi Match,Terverifikasi Middle Office,Sesuai Ketentuan BI <20%,Tidak,1,1,-
TRSY-0346,Singapore Branch,SBN / Government Bonds,Sell / Placement,6517.33,16,4,0.16,Dalam Limit Dealer,Limit Tersedia,Konfirmasi Match,Terverifikasi Middle Office,Sesuai Ketentuan BI <20%,Tidak,1,1,-
TRSY-0347,Treasury Medan,SBN / Government Bonds,Sell / Placement,9303.85,15,5,0.02,Dalam Limit Dealer,Limit Tersedia,Konfirmasi Match,Terverifikasi Middle Office,Sesuai Ketentuan BI <20%,Tidak,2,1,-
TRSY-0348,Treasury Surabaya,SBN / Government Bonds,Buy / Purchase,22945.97,13,3,0.03,Dalam Limit Dealer,Limit Tersedia,Konfirmasi Match,Terverifikasi Middle Office,Sesuai Ketentuan BI <20%,Tidak,1,1,-
TRSY-0349,Singapore Branch,PUAB / Call Money,Sell / Placement,7473.37,15,1,0.06,Dalam Limit Dealer,Limit Tersedia,Konfirmasi Match,Terverifikasi Middle Office,Sesuai Ketentuan BI <20%,Tidak,2,1,-
TRSY-0350,Head Office,SBN / Government Bonds,Sell / Placement,31838.94,11,2,0.07,Dalam Limit Dealer,Limit Tersedia,Konfirmasi Match,Terverifikasi Middle Office,Sesuai Ketentuan BI <20%,Tidak,1,1,-
TRSY-0351,Head Office,SBN / Government Bonds,Sell / Placement,82804.78,13,3,0.06,Melampaui Limit Dealer,Limit Tersedia,Konfirmasi Match,Tanpa Verifikasi / Override Dealer,Sesuai Ketentuan BI <20%,Ya (Anomali),5,5,Pelanggaran Limit Wewenang Dealer (Dealer Trading Limit Breach: Rp 82804.78 Juta)
TRSY-0352,Treasury Medan,FX Spot,Sell / Placement,25000.0,12,4,0.01,Dalam Limit Dealer,Limit Tersedia,Konfirmasi Match,Terverifikasi Middle Office,Sesuai Ketentuan BI <20%,Tidak,1,2,-
TRSY-0353,Treasury Surabaya,SRBI / Sekuritas Rupiah BI,Sell / Placement,8301.6,14,4,0.03,Dalam Limit Dealer,Limit Tersedia,Konfirmasi Match,Terverifikasi Middle Office,Sesuai Ketentuan BI <20%,Tidak,1,2,-
TRSY-0354,Head Office,FX Spot,Buy / Purchase,6256.52,14,5,0.09,Dalam Limit Dealer,Limit Tersedia,Konfirmasi Match,Terverifikasi Middle Office,Sesuai Ketentuan BI <20%,Tidak,1,1,-
TRSY-0355,Treasury Jakarta,FX Spot,Buy / Purchase,79776.62,14,4,0.2,Dalam Limit Dealer,Melampaui Limit Counterparty,Konfirmasi Match,Tanpa Verifikasi / Override Dealer,Sesuai Ketentuan BI <20%,Ya (Anomali),5,4,Pelanggaran Limit Kredit Counterparty Bank Lawan (Exceeded Counterparty Exposure Limit)
TRSY-0356,Treasury Surabaya,Repo / Reverse Repo,Buy / Purchase,2723.19,12,2,0.17,Dalam Limit Dealer,Limit Tersedia,Konfirmasi Match,Terverifikasi Middle Office,Sesuai Ketentuan BI <20%,Tidak,1,1,-
TRSY-0357,Singapore Branch,SRBI / Sekuritas Rupiah BI,Sell / Placement,31546.72,13,3,0.06,Dalam Limit Dealer,Limit Tersedia,Konfirmasi Match,Terverifikasi Middle Office,Sesuai Ketentuan BI <20%,Tidak,2,1,-
TRSY-0358,Singapore Branch,FX Forward / Swap,Buy / Purchase,14825.85,8,3,0.04,Dalam Limit Dealer,Limit Tersedia,Konfirmasi Match,Terverifikasi Middle Office,Sesuai Ketentuan BI <20%,Tidak,1,2,-
TRSY-0359,Treasury Surabaya,FX Spot,Sell / Placement,4353.32,10,4,0.03,Dalam Limit Dealer,Limit Tersedia,Konfirmasi Match,Terverifikasi Middle Office,Sesuai Ketentuan BI <20%,Tidak,2,2,-
TRSY-0360,Singapore Branch,SRBI / Sekuritas Rupiah BI,Sell / Placement,9473.62,13,5,0.09,Dalam Limit Dealer,Limit Tersedia,Konfirmasi Match,Terverifikasi Middle Office,Sesuai Ketentuan BI <20%,Tidak,1,1,-
TRSY-0361,Treasury Surabaya,FX Forward / Swap,Sell / Placement,4679.51,12,4,0.04,Dalam Limit Dealer,Limit Tersedia,Konfirmasi Match,Terverifikasi Middle Office,Sesuai Ketentuan BI <20%,Tidak,1,1,-
TRSY-0362,Singapore Branch,FX Forward / Swap,Buy / Purchase,78653.11,16,5,0.34,Dalam Limit Dealer,Limit Tersedia,Konfirmasi Match,Tanpa Verifikasi / Override Dealer,Potensi Melanggar Batas PDN,Ya (Anomali),5,5,Pelanggaran SoD: Dealer Melakukan Eksekusi Mandiri Tanpa Verifikasi Middle Office & Berisiko Melanggar Batas PDN BI
TRSY-0363,Treasury Surabaya,SBN / Government Bonds,Buy / Purchase,6366.15,10,4,0.01,Dalam Limit Dealer,Limit Tersedia,Konfirmasi Match,Terverifikasi Middle Office,Sesuai Ketentuan BI <20%,Tidak,1,2,-
TRSY-0364,Treasury Jakarta,FX Spot,Buy / Purchase,3596.98,12,1,0.08,Dalam Limit Dealer,Limit Tersedia,Konfirmasi Match,Terverifikasi Middle Office,Sesuai Ketentuan BI <20%,Tidak,1,1,-
TRSY-0365,Treasury Medan,Repo / Reverse Repo,Sell / Placement,6751.43,10,3,0.06,Dalam Limit Dealer,Limit Tersedia,Konfirmasi Match,Terverifikasi Middle Office,Sesuai Ketentuan BI <20%,Tidak,2,1,-
TRSY-0366,Treasury Surabaya,SRBI / Sekuritas Rupiah BI,Buy / Purchase,5027.87,11,2,0.04,Dalam Limit Dealer,Limit Tersedia,Konfirmasi Match,Terverifikasi Middle Office,Sesuai Ketentuan BI <20%,Tidak,1,2,-
TRSY-0367,Treasury Surabaya,SRBI / Sekuritas Rupiah BI,Buy / Purchase,20116.99,15,4,0.06,Dalam Limit Dealer,Limit Tersedia,Konfirmasi Match,Terverifikasi Middle Office,Sesuai Ketentuan BI <20%,Tidak,1,2,-
TRSY-0368,Head Office,SBN / Government Bonds,Buy / Purchase,16076.36,13,4,0.08,Dalam Limit Dealer,Limit Tersedia,Konfirmasi Match,Terverifikasi Middle Office,Sesuai Ketentuan BI <20%,Tidak,2,1,-
TRSY-0369,Treasury Medan,FX Spot,Sell / Placement,8783.77,9,1,0.02,Dalam Limit Dealer,Limit Tersedia,Konfirmasi Match,Terverifikasi Middle Office,Sesuai Ketentuan BI <20%,Tidak,1,2,-
TRSY-0370,Singapore Branch,Repo / Reverse Repo,Buy / Purchase,4226.05,14,1,0.05,Dalam Limit Dealer,Limit Tersedia,Konfirmasi Match,Terverifikasi Middle Office,Sesuai Ketentuan BI <20%,Tidak,1,2,-
TRSY-0371,Singapore Branch,FX Spot,Buy / Purchase,15105.96,8,2,0.14,Dalam Limit Dealer,Limit Tersedia,Konfirmasi Match,Terverifikasi Middle Office,Sesuai Ketentuan BI <20%,Tidak,2,2,-
TRSY-0372,Treasury Jakarta,FX Spot,Buy / Purchase,7585.39,16,2,0.11,Dalam Limit Dealer,Limit Tersedia,Konfirmasi Match,Terverifikasi Middle Office,Sesuai Ketentuan BI <20%,Tidak,1,1,-
TRSY-0373,Singapore Branch,SRBI / Sekuritas Rupiah BI,Buy / Purchase,6711.82,10,4,0.04,Dalam Limit Dealer,Limit Tersedia,Konfirmasi Match,Terverifikasi Middle Office,Sesuai Ketentuan BI <20%,Tidak,1,1,-
TRSY-0374,Treasury Medan,Repo / Reverse Repo,Buy / Purchase,11496.5,7,2,0.17,Dalam Limit Dealer,Limit Tersedia,Konfirmasi Match,Terverifikasi Middle Office,Sesuai Ketentuan BI <20%,Tidak,1,2,-
TRSY-0375,Head Office,FX Forward / Swap,Sell / Placement,13157.65,14,5,0.05,Dalam Limit Dealer,Limit Tersedia,Konfirmasi Match,Terverifikasi Middle Office,Sesuai Ketentuan BI <20%,Tidak,1,1,-
TRSY-0376,Treasury Jakarta,SRBI / Sekuritas Rupiah BI,Buy / Purchase,21941.63,15,2,0.29,Dalam Limit Dealer,Limit Tersedia,Konfirmasi Match,Terverifikasi Middle Office,Sesuai Ketentuan BI <20%,Tidak,2,1,-
TRSY-0377,Treasury Medan,FX Spot,Buy / Purchase,1766.11,11,2,0.18,Dalam Limit Dealer,Limit Tersedia,Konfirmasi Match,Terverifikasi Middle Office,Sesuai Ketentuan BI <20%,Tidak,2,1,-
TRSY-0378,Treasury Medan,PUAB / Call Money,Buy / Purchase,5929.63,9,5,0.04,Dalam Limit Dealer,Limit Tersedia,Konfirmasi Match,Terverifikasi Middle Office,Sesuai Ketentuan BI <20%,Tidak,1,2,-
TRSY-0379,Head Office,FX Spot,Sell / Placement,2146.82,17,4,0.02,Dalam Limit Dealer,Limit Tersedia,Konfirmasi Match,Terverifikasi Middle Office,Sesuai Ketentuan BI <20%,Tidak,2,2,-
TRSY-0380,Head Office,SBN / Government Bonds,Buy / Purchase,78218.09,3,6,0.31,Dalam Limit Dealer,Limit Tersedia,Unconfirmed Deal Slip,Tanpa Verifikasi / Override Dealer,Sesuai Ketentuan BI <20%,Ya (Anomali),5,4,Transaksi Nilai Sangat Besar Dini Hari di Luar Jam Pasar Tanpa Otorisasi (Jam 3)
TRSY-0381,Treasury Jakarta,FX Forward / Swap,Buy / Purchase,2543.11,12,5,0.04,Dalam Limit Dealer,Limit Tersedia,Konfirmasi Match,Terverifikasi Middle Office,Sesuai Ketentuan BI <20%,Tidak,1,1,-
TRSY-0382,Head Office,PUAB / Call Money,Buy / Purchase,15629.12,9,4,0.12,Dalam Limit Dealer,Limit Tersedia,Konfirmasi Match,Terverifikasi Middle Office,Sesuai Ketentuan BI <20%,Tidak,2,1,-
TRSY-0383,Treasury Medan,Repo / Reverse Repo,Sell / Placement,5327.43,8,5,0.07,Dalam Limit Dealer,Limit Tersedia,Konfirmasi Match,Terverifikasi Middle Office,Sesuai Ketentuan BI <20%,Tidak,1,1,-
TRSY-0384,Treasury Surabaya,SBN / Government Bonds,Buy / Purchase,24737.72,17,3,0.02,Dalam Limit Dealer,Limit Tersedia,Konfirmasi Match,Terverifikasi Middle Office,Sesuai Ketentuan BI <20%,Tidak,1,2,-
TRSY-0385,Treasury Medan,SBN / Government Bonds,Buy / Purchase,8984.67,15,2,0.28,Dalam Limit Dealer,Limit Tersedia,Konfirmasi Match,Terverifikasi Middle Office,Sesuai Ketentuan BI <20%,Tidak,1,2,-
TRSY-0386,Treasury Medan,SBN / Government Bonds,Buy / Purchase,15602.53,7,2,0.12,Dalam Limit Dealer,Limit Tersedia,Konfirmasi Match,Terverifikasi Middle Office,Sesuai Ketentuan BI <20%,Tidak,2,2,-
TRSY-0387,Head Office,FX Forward / Swap,Buy / Purchase,19936.03,9,3,0.05,Dalam Limit Dealer,Limit Tersedia,Konfirmasi Match,Terverifikasi Middle Office,Sesuai Ketentuan BI <20%,Tidak,2,1,-
TRSY-0388,Treasury Jakarta,FX Spot,Sell / Placement,10254.61,9,3,0.01,Dalam Limit Dealer,Limit Tersedia,Konfirmasi Match,Terverifikasi Middle Office,Sesuai Ketentuan BI <20%,Tidak,1,2,-
TRSY-0389,Head Office,SBN / Government Bonds,Sell / Placement,10309.73,10,1,0.02,Dalam Limit Dealer,Limit Tersedia,Konfirmasi Match,Terverifikasi Middle Office,Sesuai Ketentuan BI <20%,Tidak,1,1,-
TRSY-0390,Singapore Branch,SRBI / Sekuritas Rupiah BI,Sell / Placement,12023.94,10,4,0.02,Dalam Limit Dealer,Limit Tersedia,Konfirmasi Match,Terverifikasi Middle Office,Sesuai Ketentuan BI <20%,Tidak,1,1,-
TRSY-0391,Treasury Jakarta,FX Forward / Swap,Buy / Purchase,77408.72,14,1,0.35,Dalam Limit Dealer,Limit Tersedia,Konfirmasi Match,Tanpa Verifikasi / Override Dealer,Potensi Melanggar Batas PDN,Ya (Anomali),5,5,Pelanggaran SoD: Dealer Melakukan Eksekusi Mandiri Tanpa Verifikasi Middle Office & Berisiko Melanggar Batas PDN BI
TRSY-0392,Treasury Medan,SRBI / Sekuritas Rupiah BI,Buy / Purchase,16057.42,16,2,0.11,Dalam Limit Dealer,Limit Tersedia,Konfirmasi Match,Terverifikasi Middle Office,Sesuai Ketentuan BI <20%,Tidak,1,2,-
TRSY-0393,Treasury Jakarta,Repo / Reverse Repo,Buy / Purchase,3629.74,8,4,0.06,Dalam Limit Dealer,Limit Tersedia,Konfirmasi Match,Terverifikasi Middle Office,Sesuai Ketentuan BI <20%,Tidak,2,1,-
TRSY-0394,Head Office,FX Spot,Sell / Placement,19189.3,14,1,0.02,Dalam Limit Dealer,Limit Tersedia,Konfirmasi Match,Terverifikasi Middle Office,Sesuai Ketentuan BI <20%,Tidak,1,1,-
TRSY-0395,Treasury Surabaya,FX Forward / Swap,Buy / Purchase,1504.35,11,5,0.05,Dalam Limit Dealer,Limit Tersedia,Konfirmasi Match,Terverifikasi Middle Office,Sesuai Ketentuan BI <20%,Tidak,1,1,-
TRSY-0396,Treasury Jakarta,FX Forward / Swap,Sell / Placement,11491.23,17,3,0.04,Dalam Limit Dealer,Limit Tersedia,Konfirmasi Match,Terverifikasi Middle Office,Sesuai Ketentuan BI <20%,Tidak,1,2,-
TRSY-0397,Treasury Medan,SBN / Government Bonds,Buy / Purchase,23473.02,16,2,0.09,Dalam Limit Dealer,Limit Tersedia,Konfirmasi Match,Terverifikasi Middle Office,Sesuai Ketentuan BI <20%,Tidak,1,1,-
TRSY-0398,Singapore Branch,SRBI / Sekuritas Rupiah BI,Sell / Placement,40000.0,15,2,0.13,Dalam Limit Dealer,Limit Tersedia,Konfirmasi Match,Terverifikasi Middle Office,Sesuai Ketentuan BI <20%,Tidak,1,1,-
TRSY-0399,Head Office,PUAB / Call Money,Sell / Placement,12067.04,14,2,0.05,Dalam Limit Dealer,Limit Tersedia,Konfirmasi Match,Terverifikasi Middle Office,Sesuai Ketentuan BI <20%,Tidak,1,1,-
TRSY-0400,Treasury Surabaya,Repo / Reverse Repo,Sell / Placement,5352.77,15,3,0.03,Dalam Limit Dealer,Limit Tersedia,Konfirmasi Match,Terverifikasi Middle Office,Sesuai Ketentuan BI <20%,Tidak,2,1,-
TRSY-0401,Treasury Medan,FX Forward / Swap,Buy / Purchase,15310.85,12,2,0.02,Dalam Limit Dealer,Limit Tersedia,Konfirmasi Match,Terverifikasi Middle Office,Sesuai Ketentuan BI <20%,Tidak,1,1,-
TRSY-0402,Treasury Surabaya,PUAB / Call Money,Sell / Placement,35000.0,14,3,0.04,Dalam Limit Dealer,Limit Tersedia,Konfirmasi Match,Terverifikasi Middle Office,Sesuai Ketentuan BI <20%,Tidak,1,1,-
TRSY-0403,Head Office,FX Forward / Swap,Sell / Placement,20434.02,14,1,0.06,Dalam Limit Dealer,Limit Tersedia,Konfirmasi Match,Terverifikasi Middle Office,Sesuai Ketentuan BI <20%,Tidak,1,2,-
TRSY-0404,Treasury Medan,FX Spot,Buy / Purchase,25000.0,9,4,0.24,Dalam Limit Dealer,Limit Tersedia,Konfirmasi Match,Terverifikasi Middle Office,Sesuai Ketentuan BI <20%,Tidak,1,1,-
TRSY-0405,Treasury Surabaya,FX Forward / Swap,Sell / Placement,16539.78,15,4,0.06,Dalam Limit Dealer,Limit Tersedia,Konfirmasi Match,Terverifikasi Middle Office,Sesuai Ketentuan BI <20%,Tidak,1,1,-
TRSY-0406,Treasury Surabaya,FX Forward / Swap,Buy / Purchase,83380.79,15,1,0.2,Dalam Limit Dealer,Melampaui Limit Counterparty,Konfirmasi Match,Tanpa Verifikasi / Override Dealer,Sesuai Ketentuan BI <20%,Ya (Anomali),5,4,Pelanggaran Limit Kredit Counterparty Bank Lawan (Exceeded Counterparty Exposure Limit)
TRSY-0407,Singapore Branch,SRBI / Sekuritas Rupiah BI,Buy / Purchase,13827.85,18,1,0.01,Dalam Limit Dealer,Limit Tersedia,Konfirmasi Match,Terverifikasi Middle Office,Sesuai Ketentuan BI <20%,Tidak,1,2,-
TRSY-0408,Treasury Jakarta,Repo / Reverse Repo,Buy / Purchase,9170.03,7,4,0.04,Dalam Limit Dealer,Limit Tersedia,Konfirmasi Match,Terverifikasi Middle Office,Sesuai Ketentuan BI <20%,Tidak,1,1,-
TRSY-0409,Head Office,FX Spot,Sell / Placement,95006.61,12,5,0.47,Dalam Limit Dealer,Limit Tersedia,Konfirmasi Match,Tanpa Verifikasi / Override Dealer,Potensi Melanggar Batas PDN,Ya (Anomali),5,5,Pelanggaran SoD: Dealer Melakukan Eksekusi Mandiri Tanpa Verifikasi Middle Office & Berisiko Melanggar Batas PDN BI
TRSY-0410,Treasury Surabaya,SBN / Government Bonds,Sell / Placement,25604.14,11,5,0.16,Dalam Limit Dealer,Limit Tersedia,Konfirmasi Match,Terverifikasi Middle Office,Sesuai Ketentuan BI <20%,Tidak,2,1,-
TRSY-0411,Treasury Jakarta,PUAB / Call Money,Sell / Placement,10677.23,15,3,0.01,Dalam Limit Dealer,Limit Tersedia,Konfirmasi Match,Terverifikasi Middle Office,Sesuai Ketentuan BI <20%,Tidak,1,1,-
TRSY-0412,Treasury Medan,FX Forward / Swap,Buy / Purchase,2425.38,8,1,0.02,Dalam Limit Dealer,Limit Tersedia,Konfirmasi Match,Terverifikasi Middle Office,Sesuai Ketentuan BI <20%,Tidak,1,1,-
TRSY-0413,Singapore Branch,SBN / Government Bonds,Buy / Purchase,27728.36,11,5,0.03,Dalam Limit Dealer,Limit Tersedia,Konfirmasi Match,Terverifikasi Middle Office,Sesuai Ketentuan BI <20%,Tidak,1,1,-
TRSY-0414,Head Office,PUAB / Call Money,Sell / Placement,14049.22,16,1,0.06,Dalam Limit Dealer,Limit Tersedia,Konfirmasi Match,Terverifikasi Middle Office,Sesuai Ketentuan BI <20%,Tidak,2,2,-
TRSY-0415,Singapore Branch,SBN / Government Bonds,Buy / Purchase,35099.22,9,2,0.01,Dalam Limit Dealer,Limit Tersedia,Konfirmasi Match,Terverifikasi Middle Office,Sesuai Ketentuan BI <20%,Tidak,2,1,-
TRSY-0416,Head Office,FX Forward / Swap,Sell / Placement,4879.84,13,3,0.03,Dalam Limit Dealer,Limit Tersedia,Konfirmasi Match,Terverifikasi Middle Office,Sesuai Ketentuan BI <20%,Tidak,1,2,-
TRSY-0417,Head Office,SRBI / Sekuritas Rupiah BI,Buy / Purchase,18109.75,7,4,0.11,Dalam Limit Dealer,Limit Tersedia,Konfirmasi Match,Terverifikasi Middle Office,Sesuai Ketentuan BI <20%,Tidak,1,1,-
TRSY-0418,Treasury Surabaya,FX Forward / Swap,Buy / Purchase,2629.5,16,4,0.13,Dalam Limit Dealer,Limit Tersedia,Konfirmasi Match,Terverifikasi Middle Office,Sesuai Ketentuan BI <20%,Tidak,1,1,-
TRSY-0419,Singapore Branch,FX Spot,Buy / Purchase,1793.58,14,1,0.08,Dalam Limit Dealer,Limit Tersedia,Konfirmasi Match,Terverifikasi Middle Office,Sesuai Ketentuan BI <20%,Tidak,2,2,-
TRSY-0420,Treasury Jakarta,Repo / Reverse Repo,Sell / Placement,3297.21,10,1,0.08,Dalam Limit Dealer,Limit Tersedia,Konfirmasi Match,Terverifikasi Middle Office,Sesuai Ketentuan BI <20%,Tidak,1,1,-
TRSY-0421,Treasury Surabaya,FX Spot,Buy / Purchase,6544.6,14,2,0.01,Dalam Limit Dealer,Limit Tersedia,Konfirmasi Match,Terverifikasi Middle Office,Sesuai Ketentuan BI <20%,Tidak,1,1,-
TRSY-0422,Treasury Surabaya,Repo / Reverse Repo,Sell / Placement,2453.4,15,1,0.09,Dalam Limit Dealer,Limit Tersedia,Konfirmasi Match,Terverifikasi Middle Office,Sesuai Ketentuan BI <20%,Tidak,1,1,-
TRSY-0423,Singapore Branch,Repo / Reverse Repo,Buy / Purchase,27421.2,14,5,1.68,Dalam Limit Dealer,Limit Tersedia,Konfirmasi Match,Tanpa Verifikasi / Override Dealer,Sesuai Ketentuan BI <20%,Ya (Anomali),5,5,Transaksi dengan Deviasi Kurs / Yield Tidak Wajar (Off-Market Rate: 1.68%)
TRSY-0424,Treasury Surabaya,PUAB / Call Money,Buy / Purchase,16659.65,15,4,0.16,Dalam Limit Dealer,Limit Tersedia,Konfirmasi Match,Terverifikasi Middle Office,Sesuai Ketentuan BI <20%,Tidak,1,2,-
TRSY-0425,Singapore Branch,SRBI / Sekuritas Rupiah BI,Buy / Purchase,14018.39,18,1,0.05,Dalam Limit Dealer,Limit Tersedia,Konfirmasi Match,Terverifikasi Middle Office,Sesuai Ketentuan BI <20%,Tidak,1,1,-
TRSY-0426,Singapore Branch,FX Forward / Swap,Sell / Placement,14005.35,9,4,0.02,Dalam Limit Dealer,Limit Tersedia,Konfirmasi Match,Terverifikasi Middle Office,Sesuai Ketentuan BI <20%,Tidak,1,1,-
TRSY-0427,Singapore Branch,FX Forward / Swap,Sell / Placement,14325.84,14,4,2.95,Dalam Limit Dealer,Limit Tersedia,Unconfirmed Deal Slip,Tanpa Verifikasi / Override Dealer,Sesuai Ketentuan BI <20%,Ya (Anomali),5,5,Transaksi dengan Deviasi Kurs / Yield Tidak Wajar (Off-Market Rate: 2.95%)
TRSY-0428,Treasury Medan,PUAB / Call Money,Sell / Placement,9856.01,10,3,0.08,Dalam Limit Dealer,Limit Tersedia,Konfirmasi Match,Terverifikasi Middle Office,Sesuai Ketentuan BI <20%,Tidak,1,1,-
TRSY-0429,Treasury Medan,SBN / Government Bonds,Sell / Placement,14184.1,11,4,0.08,Dalam Limit Dealer,Limit Tersedia,Konfirmasi Match,Terverifikasi Middle Office,Sesuai Ketentuan BI <20%,Tidak,1,1,-
TRSY-0430,Head Office,Repo / Reverse Repo,Buy / Purchase,11867.35,14,1,0.03,Dalam Limit Dealer,Limit Tersedia,Konfirmasi Match,Terverifikasi Middle Office,Sesuai Ketentuan BI <20%,Tidak,1,1,-
TRSY-0431,Head Office,SRBI / Sekuritas Rupiah BI,Sell / Placement,11170.26,15,4,0.12,Dalam Limit Dealer,Limit Tersedia,Konfirmasi Match,Terverifikasi Middle Office,Sesuai Ketentuan BI <20%,Tidak,2,1,-
TRSY-0432,Treasury Medan,SRBI / Sekuritas Rupiah BI,Sell / Placement,17090.2,15,5,0.04,Dalam Limit Dealer,Limit Tersedia,Konfirmasi Match,Terverifikasi Middle Office,Sesuai Ketentuan BI <20%,Tidak,1,1,-
TRSY-0433,Treasury Jakarta,FX Forward / Swap,Buy / Purchase,1261.88,11,5,0.09,Dalam Limit Dealer,Limit Tersedia,Konfirmasi Match,Terverifikasi Middle Office,Sesuai Ketentuan BI <20%,Tidak,1,2,-
TRSY-0434,Singapore Branch,SRBI / Sekuritas Rupiah BI,Sell / Placement,28277.03,8,3,0.38,Dalam Limit Dealer,Limit Tersedia,Mismatched Deal,Tanpa Verifikasi / Override Dealer,Sesuai Ketentuan BI <20%,Ya (Anomali),4,4,Risiko Operasional & Settlement: Konfirmasi Transaksi Mismatched Deal
TRSY-0435,Head Office,FX Forward / Swap,Sell / Placement,25000.0,10,3,0.04,Dalam Limit Dealer,Limit Tersedia,Konfirmasi Match,Terverifikasi Middle Office,Sesuai Ketentuan BI <20%,Tidak,1,1,-
TRSY-0436,Treasury Medan,PUAB / Call Money,Sell / Placement,23421.92,15,3,0.03,Dalam Limit Dealer,Limit Tersedia,Konfirmasi Match,Terverifikasi Middle Office,Sesuai Ketentuan BI <20%,Tidak,1,1,-
TRSY-0437,Singapore Branch,Repo / Reverse Repo,Sell / Placement,8094.48,11,3,0.02,Dalam Limit Dealer,Limit Tersedia,Konfirmasi Match,Terverifikasi Middle Office,Sesuai Ketentuan BI <20%,Tidak,1,2,-
TRSY-0438,Treasury Jakarta,SBN / Government Bonds,Sell / Placement,22911.97,12,4,0.05,Dalam Limit Dealer,Limit Tersedia,Konfirmasi Match,Terverifikasi Middle Office,Sesuai Ketentuan BI <20%,Tidak,2,2,-
TRSY-0439,Head Office,SBN / Government Bonds,Sell / Placement,9615.61,11,1,0.07,Dalam Limit Dealer,Limit Tersedia,Konfirmasi Match,Terverifikasi Middle Office,Sesuai Ketentuan BI <20%,Tidak,1,2,-
TRSY-0440,Treasury Surabaya,FX Spot,Sell / Placement,8900.11,15,2,0.02,Dalam Limit Dealer,Limit Tersedia,Konfirmasi Match,Terverifikasi Middle Office,Sesuai Ketentuan BI <20%,Tidak,1,1,-
TRSY-0441,Treasury Jakarta,PUAB / Call Money,Sell / Placement,2785.76,10,4,0.03,Dalam Limit Dealer,Limit Tersedia,Konfirmasi Match,Terverifikasi Middle Office,Sesuai Ketentuan BI <20%,Tidak,2,1,-
TRSY-0442,Singapore Branch,PUAB / Call Money,Buy / Purchase,9673.42,15,4,0.04,Dalam Limit Dealer,Limit Tersedia,Konfirmasi Match,Terverifikasi Middle Office,Sesuai Ketentuan BI <20%,Tidak,2,1,-
TRSY-0443,Treasury Surabaya,Repo / Reverse Repo,Sell / Placement,9646.39,8,3,0.13,Dalam Limit Dealer,Limit Tersedia,Konfirmasi Match,Terverifikasi Middle Office,Sesuai Ketentuan BI <20%,Tidak,2,1,-
TRSY-0444,Singapore Branch,FX Forward / Swap,Sell / Placement,3939.79,12,3,0.12,Dalam Limit Dealer,Limit Tersedia,Konfirmasi Match,Terverifikasi Middle Office,Sesuai Ketentuan BI <20%,Tidak,2,1,-
TRSY-0445,Treasury Medan,SBN / Government Bonds,Buy / Purchase,26383.5,18,2,0.04,Dalam Limit Dealer,Limit Tersedia,Konfirmasi Match,Terverifikasi Middle Office,Sesuai Ketentuan BI <20%,Tidak,1,1,-
TRSY-0446,Head Office,Repo / Reverse Repo,Buy / Purchase,24823.3,8,4,0.03,Dalam Limit Dealer,Limit Tersedia,Konfirmasi Match,Terverifikasi Middle Office,Sesuai Ketentuan BI <20%,Tidak,1,1,-
TRSY-0447,Treasury Jakarta,FX Forward / Swap,Buy / Purchase,5056.15,8,1,0.01,Dalam Limit Dealer,Limit Tersedia,Konfirmasi Match,Terverifikasi Middle Office,Sesuai Ketentuan BI <20%,Tidak,2,1,-
TRSY-0448,Treasury Jakarta,Repo / Reverse Repo,Sell / Placement,3375.61,11,4,0.08,Dalam Limit Dealer,Limit Tersedia,Konfirmasi Match,Terverifikasi Middle Office,Sesuai Ketentuan BI <20%,Tidak,1,1,-
TRSY-0449,Treasury Surabaya,PUAB / Call Money,Sell / Placement,7006.32,16,4,0.06,Dalam Limit Dealer,Limit Tersedia,Konfirmasi Match,Terverifikasi Middle Office,Sesuai Ketentuan BI <20%,Tidak,2,1,-
TRSY-0450,Treasury Surabaya,Repo / Reverse Repo,Buy / Purchase,10716.59,7,3,0.02,Dalam Limit Dealer,Limit Tersedia,Konfirmasi Match,Terverifikasi Middle Office,Sesuai Ketentuan BI <20%,Tidak,1,1,-
TRSY-0451,Treasury Jakarta,FX Spot,Buy / Purchase,1860.64,16,1,0.03,Dalam Limit Dealer,Limit Tersedia,Konfirmasi Match,Terverifikasi Middle Office,Sesuai Ketentuan BI <20%,Tidak,1,1,-
TRSY-0452,Treasury Surabaya,SRBI / Sekuritas Rupiah BI,Buy / Purchase,40000.0,9,4,0.04,Dalam Limit Dealer,Limit Tersedia,Konfirmasi Match,Terverifikasi Middle Office,Sesuai Ketentuan BI <20%,Tidak,1,2,-
TRSY-0453,Treasury Jakarta,SBN / Government Bonds,Sell / Placement,20867.01,10,3,0.04,Dalam Limit Dealer,Limit Tersedia,Konfirmasi Match,Terverifikasi Middle Office,Sesuai Ketentuan BI <20%,Tidak,1,2,-
TRSY-0454,Treasury Surabaya,FX Forward / Swap,Sell / Placement,7737.92,14,4,0.18,Dalam Limit Dealer,Limit Tersedia,Konfirmasi Match,Terverifikasi Middle Office,Sesuai Ketentuan BI <20%,Tidak,1,1,-
TRSY-0455,Treasury Jakarta,FX Forward / Swap,Sell / Placement,2710.86,8,4,0.02,Dalam Limit Dealer,Limit Tersedia,Konfirmasi Match,Terverifikasi Middle Office,Sesuai Ketentuan BI <20%,Tidak,2,1,-
TRSY-0456,Treasury Surabaya,SRBI / Sekuritas Rupiah BI,Sell / Placement,7348.23,7,1,0.1,Dalam Limit Dealer,Limit Tersedia,Konfirmasi Match,Terverifikasi Middle Office,Sesuai Ketentuan BI <20%,Tidak,1,1,-
TRSY-0457,Treasury Surabaya,SBN / Government Bonds,Sell / Placement,53461.24,9,2,0.1,Melampaui Limit Dealer,Limit Tersedia,Konfirmasi Match,Tanpa Verifikasi / Override Dealer,Sesuai Ketentuan BI <20%,Ya (Anomali),5,4,Pelanggaran Limit Wewenang Dealer (Dealer Trading Limit Breach: Rp 53461.24 Juta)
TRSY-0458,Treasury Medan,SRBI / Sekuritas Rupiah BI,Buy / Purchase,36997.75,14,4,0.06,Dalam Limit Dealer,Limit Tersedia,Konfirmasi Match,Terverifikasi Middle Office,Sesuai Ketentuan BI <20%,Tidak,2,1,-
TRSY-0459,Singapore Branch,SRBI / Sekuritas Rupiah BI,Buy / Purchase,40000.0,16,5,0.03,Dalam Limit Dealer,Limit Tersedia,Konfirmasi Match,Terverifikasi Middle Office,Sesuai Ketentuan BI <20%,Tidak,2,1,-
TRSY-0460,Head Office,SBN / Government Bonds,Sell / Placement,19176.79,16,1,0.04,Dalam Limit Dealer,Limit Tersedia,Konfirmasi Match,Terverifikasi Middle Office,Sesuai Ketentuan BI <20%,Tidak,2,2,-
TRSY-0461,Treasury Surabaya,SRBI / Sekuritas Rupiah BI,Buy / Purchase,11468.26,16,2,0.07,Dalam Limit Dealer,Limit Tersedia,Konfirmasi Match,Terverifikasi Middle Office,Sesuai Ketentuan BI <20%,Tidak,1,2,-
TRSY-0462,Head Office,SBN / Government Bonds,Sell / Placement,21218.24,11,4,0.14,Dalam Limit Dealer,Limit Tersedia,Konfirmasi Match,Terverifikasi Middle Office,Sesuai Ketentuan BI <20%,Tidak,1,2,-
TRSY-0463,Singapore Branch,SBN / Government Bonds,Buy / Purchase,31196.43,12,2,0.09,Dalam Limit Dealer,Limit Tersedia,Konfirmasi Match,Terverifikasi Middle Office,Sesuai Ketentuan BI <20%,Tidak,1,1,-
TRSY-0464,Treasury Jakarta,SRBI / Sekuritas Rupiah BI,Buy / Purchase,9086.27,11,2,0.03,Dalam Limit Dealer,Limit Tersedia,Konfirmasi Match,Terverifikasi Middle Office,Sesuai Ketentuan BI <20%,Tidak,1,1,-
TRSY-0465,Singapore Branch,PUAB / Call Money,Sell / Placement,3674.11,13,5,0.11,Dalam Limit Dealer,Limit Tersedia,Konfirmasi Match,Terverifikasi Middle Office,Sesuai Ketentuan BI <20%,Tidak,1,1,-
TRSY-0466,Treasury Medan,SRBI / Sekuritas Rupiah BI,Sell / Placement,40132.36,0,7,0.44,Dalam Limit Dealer,Limit Tersedia,Unconfirmed Deal Slip,Tanpa Verifikasi / Override Dealer,Sesuai Ketentuan BI <20%,Ya (Anomali),5,5,Transaksi Nilai Sangat Besar Dini Hari di Luar Jam Pasar Tanpa Otorisasi (Jam 0)
TRSY-0467,Head Office,Repo / Reverse Repo,Sell / Placement,2169.23,8,4,0.03,Dalam Limit Dealer,Limit Tersedia,Konfirmasi Match,Terverifikasi Middle Office,Sesuai Ketentuan BI <20%,Tidak,2,1,-
TRSY-0468,Treasury Surabaya,PUAB / Call Money,Sell / Placement,47395.15,14,5,4.69,Dalam Limit Dealer,Limit Tersedia,Unconfirmed Deal Slip,Tanpa Verifikasi / Override Dealer,Sesuai Ketentuan BI <20%,Ya (Anomali),5,5,Transaksi dengan Deviasi Kurs / Yield Tidak Wajar (Off-Market Rate: 4.69%)
TRSY-0469,Head Office,SRBI / Sekuritas Rupiah BI,Buy / Purchase,6783.59,12,1,0.02,Dalam Limit Dealer,Limit Tersedia,Konfirmasi Match,Terverifikasi Middle Office,Sesuai Ketentuan BI <20%,Tidak,2,1,-
TRSY-0470,Treasury Medan,SRBI / Sekuritas Rupiah BI,Sell / Placement,21914.47,13,2,0.02,Dalam Limit Dealer,Limit Tersedia,Konfirmasi Match,Terverifikasi Middle Office,Sesuai Ketentuan BI <20%,Tidak,1,1,-
TRSY-0471,Treasury Surabaya,SBN / Government Bonds,Buy / Purchase,13060.25,10,5,0.04,Dalam Limit Dealer,Limit Tersedia,Konfirmasi Match,Terverifikasi Middle Office,Sesuai Ketentuan BI <20%,Tidak,1,1,-
TRSY-0472,Singapore Branch,FX Spot,Sell / Placement,4986.35,11,2,0.04,Dalam Limit Dealer,Limit Tersedia,Konfirmasi Match,Terverifikasi Middle Office,Sesuai Ketentuan BI <20%,Tidak,2,1,-
TRSY-0473,Head Office,PUAB / Call Money,Sell / Placement,5680.79,8,4,0.04,Dalam Limit Dealer,Limit Tersedia,Konfirmasi Match,Terverifikasi Middle Office,Sesuai Ketentuan BI <20%,Tidak,1,1,-
TRSY-0474,Treasury Jakarta,FX Spot,Sell / Placement,76300.05,14,2,0.13,Dalam Limit Dealer,Melampaui Limit Counterparty,Konfirmasi Match,Tanpa Verifikasi / Override Dealer,Sesuai Ketentuan BI <20%,Ya (Anomali),5,4,Pelanggaran Limit Kredit Counterparty Bank Lawan (Exceeded Counterparty Exposure Limit)
TRSY-0475,Treasury Surabaya,PUAB / Call Money,Buy / Purchase,11676.98,12,5,0.03,Dalam Limit Dealer,Limit Tersedia,Konfirmasi Match,Terverifikasi Middle Office,Sesuai Ketentuan BI <20%,Tidak,1,2,-
TRSY-0476,Head Office,SRBI / Sekuritas Rupiah BI,Buy / Purchase,5522.47,11,1,0.03,Dalam Limit Dealer,Limit Tersedia,Konfirmasi Match,Terverifikasi Middle Office,Sesuai Ketentuan BI <20%,Tidak,1,1,-
TRSY-0477,Head Office,FX Spot,Sell / Placement,13141.2,16,1,0.05,Dalam Limit Dealer,Limit Tersedia,Konfirmasi Match,Terverifikasi Middle Office,Sesuai Ketentuan BI <20%,Tidak,1,1,-
TRSY-0478,Singapore Branch,SRBI / Sekuritas Rupiah BI,Buy / Purchase,10295.52,16,4,0.06,Dalam Limit Dealer,Limit Tersedia,Konfirmasi Match,Terverifikasi Middle Office,Sesuai Ketentuan BI <20%,Tidak,1,2,-
TRSY-0479,Treasury Surabaya,SBN / Government Bonds,Buy / Purchase,9758.98,9,3,0.05,Dalam Limit Dealer,Limit Tersedia,Konfirmasi Match,Terverifikasi Middle Office,Sesuai Ketentuan BI <20%,Tidak,2,1,-
TRSY-0480,Treasury Jakarta,FX Spot,Buy / Purchase,19322.44,15,5,0.17,Dalam Limit Dealer,Limit Tersedia,Konfirmasi Match,Terverifikasi Middle Office,Sesuai Ketentuan BI <20%,Tidak,2,1,-
TRSY-0481,Treasury Surabaya,SBN / Government Bonds,Sell / Placement,93337.57,11,2,0.16,Melampaui Limit Dealer,Limit Tersedia,Konfirmasi Match,Tanpa Verifikasi / Override Dealer,Sesuai Ketentuan BI <20%,Ya (Anomali),5,5,Pelanggaran Limit Wewenang Dealer (Dealer Trading Limit Breach: Rp 93337.57 Juta)
TRSY-0482,Treasury Surabaya,SBN / Government Bonds,Buy / Purchase,40000.0,8,3,0.13,Dalam Limit Dealer,Limit Tersedia,Konfirmasi Match,Terverifikasi Middle Office,Sesuai Ketentuan BI <20%,Tidak,1,2,-
TRSY-0483,Treasury Jakarta,PUAB / Call Money,Buy / Purchase,13041.55,7,4,0.05,Dalam Limit Dealer,Limit Tersedia,Konfirmasi Match,Terverifikasi Middle Office,Sesuai Ketentuan BI <20%,Tidak,1,1,-
TRSY-0484,Head Office,SRBI / Sekuritas Rupiah BI,Sell / Placement,22030.71,8,2,0.33,Dalam Limit Dealer,Limit Tersedia,Unconfirmed Deal Slip,Tanpa Verifikasi / Override Dealer,Sesuai Ketentuan BI <20%,Ya (Anomali),4,4,Risiko Operasional & Settlement: Konfirmasi Transaksi Unconfirmed Deal Slip
TRSY-0485,Singapore Branch,Repo / Reverse Repo,Sell / Placement,68796.67,9,5,0.29,Melampaui Limit Dealer,Limit Tersedia,Konfirmasi Match,Tanpa Verifikasi / Override Dealer,Sesuai Ketentuan BI <20%,Ya (Anomali),5,4,Pelanggaran Limit Wewenang Dealer (Dealer Trading Limit Breach: Rp 68796.67 Juta)
TRSY-0486,Head Office,Repo / Reverse Repo,Sell / Placement,10921.98,9,2,0.04,Dalam Limit Dealer,Limit Tersedia,Konfirmasi Match,Terverifikasi Middle Office,Sesuai Ketentuan BI <20%,Tidak,1,1,-
TRSY-0487,Singapore Branch,Repo / Reverse Repo,Sell / Placement,12287.8,16,3,0.08,Dalam Limit Dealer,Limit Tersedia,Konfirmasi Match,Terverifikasi Middle Office,Sesuai Ketentuan BI <20%,Tidak,1,1,-
TRSY-0488,Singapore Branch,FX Forward / Swap,Sell / Placement,8633.82,9,2,0.06,Dalam Limit Dealer,Limit Tersedia,Konfirmasi Match,Terverifikasi Middle Office,Sesuai Ketentuan BI <20%,Tidak,2,1,-
TRSY-0489,Treasury Jakarta,PUAB / Call Money,Sell / Placement,7059.49,13,5,0.03,Dalam Limit Dealer,Limit Tersedia,Konfirmasi Match,Terverifikasi Middle Office,Sesuai Ketentuan BI <20%,Tidak,1,1,-
TRSY-0490,Treasury Jakarta,FX Forward / Swap,Buy / Purchase,6118.62,11,3,0.05,Dalam Limit Dealer,Limit Tersedia,Konfirmasi Match,Terverifikasi Middle Office,Sesuai Ketentuan BI <20%,Tidak,1,2,-
TRSY-0491,Treasury Jakarta,Repo / Reverse Repo,Sell / Placement,71161.97,5,7,0.26,Dalam Limit Dealer,Limit Tersedia,Unconfirmed Deal Slip,Tanpa Verifikasi / Override Dealer,Sesuai Ketentuan BI <20%,Ya (Anomali),5,4,Transaksi Nilai Sangat Besar Dini Hari di Luar Jam Pasar Tanpa Otorisasi (Jam 5)
TRSY-0492,Head Office,PUAB / Call Money,Buy / Purchase,42247.58,1,7,0.14,Dalam Limit Dealer,Limit Tersedia,Unconfirmed Deal Slip,Tanpa Verifikasi / Override Dealer,Sesuai Ketentuan BI <20%,Ya (Anomali),5,5,Transaksi Nilai Sangat Besar Dini Hari di Luar Jam Pasar Tanpa Otorisasi (Jam 1)
TRSY-0493,Treasury Medan,SBN / Government Bonds,Sell / Placement,13606.83,8,5,0.03,Dalam Limit Dealer,Limit Tersedia,Konfirmasi Match,Terverifikasi Middle Office,Sesuai Ketentuan BI <20%,Tidak,2,1,-
TRSY-0494,Treasury Surabaya,FX Forward / Swap,Sell / Placement,17812.58,14,2,3.6,Dalam Limit Dealer,Limit Tersedia,Konfirmasi Match,Tanpa Verifikasi / Override Dealer,Sesuai Ketentuan BI <20%,Ya (Anomali),5,5,Transaksi dengan Deviasi Kurs / Yield Tidak Wajar (Off-Market Rate: 3.60%)
TRSY-0495,Singapore Branch,SBN / Government Bonds,Buy / Purchase,20694.39,12,3,0.05,Dalam Limit Dealer,Limit Tersedia,Konfirmasi Match,Terverifikasi Middle Office,Sesuai Ketentuan BI <20%,Tidak,1,2,-
TRSY-0496,Treasury Surabaya,PUAB / Call Money,Sell / Placement,29881.59,18,3,0.09,Dalam Limit Dealer,Limit Tersedia,Konfirmasi Match,Terverifikasi Middle Office,Sesuai Ketentuan BI <20%,Tidak,1,1,-
TRSY-0497,Treasury Medan,SBN / Government Bonds,Sell / Placement,16863.58,16,1,0.06,Dalam Limit Dealer,Limit Tersedia,Konfirmasi Match,Terverifikasi Middle Office,Sesuai Ketentuan BI <20%,Tidak,2,2,-
TRSY-0498,Head Office,FX Spot,Sell / Placement,4175.4,18,3,0.19,Dalam Limit Dealer,Limit Tersedia,Konfirmasi Match,Terverifikasi Middle Office,Sesuai Ketentuan BI <20%,Tidak,1,1,-
TRSY-0499,Treasury Medan,PUAB / Call Money,Buy / Purchase,29938.51,0,7,0.23,Dalam Limit Dealer,Limit Tersedia,Unconfirmed Deal Slip,Tanpa Verifikasi / Override Dealer,Sesuai Ketentuan BI <20%,Ya (Anomali),5,5,Transaksi Nilai Sangat Besar Dini Hari di Luar Jam Pasar Tanpa Otorisasi (Jam 0)
TRSY-0500,Singapore Branch,Repo / Reverse Repo,Sell / Placement,3770.67,11,3,0.01,Dalam Limit Dealer,Limit Tersedia,Konfirmasi Match,Terverifikasi Middle Office,Sesuai Ketentuan BI <20%,Tidak,1,2,-
TRSY-0501,Treasury Surabaya,Repo / Reverse Repo,Sell / Placement,4728.11,14,2,0.08,Dalam Limit Dealer,Limit Tersedia,Konfirmasi Match,Terverifikasi Middle Office,Sesuai Ketentuan BI <20%,Tidak,1,1,-
TRSY-0502,Treasury Jakarta,FX Forward / Swap,Buy / Purchase,12982.97,10,5,0.11,Dalam Limit Dealer,Limit Tersedia,Konfirmasi Match,Terverifikasi Middle Office,Sesuai Ketentuan BI <20%,Tidak,1,1,-
TRSY-0503,Treasury Medan,SBN / Government Bonds,Buy / Purchase,5758.81,13,4,0.04,Dalam Limit Dealer,Limit Tersedia,Konfirmasi Match,Terverifikasi Middle Office,Sesuai Ketentuan BI <20%,Tidak,1,1,-
TRSY-0504,Treasury Jakarta,SRBI / Sekuritas Rupiah BI,Buy / Purchase,12715.14,13,5,0.13,Dalam Limit Dealer,Limit Tersedia,Konfirmasi Match,Terverifikasi Middle Office,Sesuai Ketentuan BI <20%,Tidak,2,1,-
TRSY-0505,Treasury Medan,FX Spot,Sell / Placement,3388.99,9,5,0.13,Dalam Limit Dealer,Limit Tersedia,Konfirmasi Match,Terverifikasi Middle Office,Sesuai Ketentuan BI <20%,Tidak,2,1,-
TRSY-0506,Treasury Surabaya,Repo / Reverse Repo,Buy / Purchase,7880.61,12,1,0.02,Dalam Limit Dealer,Limit Tersedia,Konfirmasi Match,Terverifikasi Middle Office,Sesuai Ketentuan BI <20%,Tidak,1,1,-
TRSY-0507,Treasury Surabaya,SRBI / Sekuritas Rupiah BI,Buy / Purchase,24303.13,9,4,0.1,Dalam Limit Dealer,Limit Tersedia,Konfirmasi Match,Terverifikasi Middle Office,Sesuai Ketentuan BI <20%,Tidak,1,1,-
TRSY-0508,Treasury Medan,FX Forward / Swap,Buy / Purchase,47210.27,13,2,0.2,Melampaui Limit Dealer,Limit Tersedia,Konfirmasi Match,Tanpa Verifikasi / Override Dealer,Sesuai Ketentuan BI <20%,Ya (Anomali),5,4,Pelanggaran Limit Wewenang Dealer (Dealer Trading Limit Breach: Rp 47210.27 Juta)
TRSY-0509,Head Office,SBN / Government Bonds,Buy / Purchase,11928.95,15,2,5.15,Dalam Limit Dealer,Limit Tersedia,Unconfirmed Deal Slip,Tanpa Verifikasi / Override Dealer,Sesuai Ketentuan BI <20%,Ya (Anomali),5,5,Transaksi dengan Deviasi Kurs / Yield Tidak Wajar (Off-Market Rate: 5.15%)
TRSY-0510,Head Office,FX Forward / Swap,Sell / Placement,22499.52,17,4,0.02,Dalam Limit Dealer,Limit Tersedia,Konfirmasi Match,Terverifikasi Middle Office,Sesuai Ketentuan BI <20%,Tidak,1,2,-
TRSY-0511,Treasury Medan,SBN / Government Bonds,Sell / Placement,10131.09,11,4,0.13,Dalam Limit Dealer,Limit Tersedia,Konfirmasi Match,Terverifikasi Middle Office,Sesuai Ketentuan BI <20%,Tidak,2,1,-
TRSY-0512,Treasury Surabaya,PUAB / Call Money,Buy / Purchase,6057.0,9,5,0.01,Dalam Limit Dealer,Limit Tersedia,Konfirmasi Match,Terverifikasi Middle Office,Sesuai Ketentuan BI <20%,Tidak,1,2,-
TRSY-0513,Treasury Medan,FX Forward / Swap,Buy / Purchase,41112.8,1,6,0.28,Dalam Limit Dealer,Limit Tersedia,Unconfirmed Deal Slip,Tanpa Verifikasi / Override Dealer,Sesuai Ketentuan BI <20%,Ya (Anomali),5,4,Transaksi Nilai Sangat Besar Dini Hari di Luar Jam Pasar Tanpa Otorisasi (Jam 1)
TRSY-0514,Treasury Surabaya,SRBI / Sekuritas Rupiah BI,Buy / Purchase,51219.43,12,5,0.27,Melampaui Limit Dealer,Limit Tersedia,Konfirmasi Match,Tanpa Verifikasi / Override Dealer,Sesuai Ketentuan BI <20%,Ya (Anomali),5,5,Pelanggaran Limit Wewenang Dealer (Dealer Trading Limit Breach: Rp 51219.43 Juta)
TRSY-0515,Treasury Jakarta,FX Forward / Swap,Sell / Placement,2159.11,15,2,0.08,Dalam Limit Dealer,Limit Tersedia,Konfirmasi Match,Terverifikasi Middle Office,Sesuai Ketentuan BI <20%,Tidak,2,2,-
TRSY-0516,Treasury Medan,SRBI / Sekuritas Rupiah BI,Sell / Placement,8002.32,16,3,0.12,Dalam Limit Dealer,Limit Tersedia,Konfirmasi Match,Terverifikasi Middle Office,Sesuai Ketentuan BI <20%,Tidak,2,2,-
TRSY-0517,Treasury Medan,FX Spot,Sell / Placement,21060.64,8,5,0.15,Dalam Limit Dealer,Limit Tersedia,Konfirmasi Match,Terverifikasi Middle Office,Sesuai Ketentuan BI <20%,Tidak,1,1,-
TRSY-0518,Singapore Branch,SRBI / Sekuritas Rupiah BI,Buy / Purchase,6363.03,9,1,0.04,Dalam Limit Dealer,Limit Tersedia,Konfirmasi Match,Terverifikasi Middle Office,Sesuai Ketentuan BI <20%,Tidak,1,1,-
TRSY-0519,Treasury Surabaya,PUAB / Call Money,Buy / Purchase,4799.86,14,5,0.14,Dalam Limit Dealer,Limit Tersedia,Konfirmasi Match,Terverifikasi Middle Office,Sesuai Ketentuan BI <20%,Tidak,2,1,-
TRSY-0520,Singapore Branch,SBN / Government Bonds,Sell / Placement,8715.24,17,2,0.06,Dalam Limit Dealer,Limit Tersedia,Konfirmasi Match,Terverifikasi Middle Office,Sesuai Ketentuan BI <20%,Tidak,1,1,-
TRSY-0521,Singapore Branch,PUAB / Call Money,Buy / Purchase,8711.28,8,2,0.03,Dalam Limit Dealer,Limit Tersedia,Konfirmasi Match,Terverifikasi Middle Office,Sesuai Ketentuan BI <20%,Tidak,1,2,-
TRSY-0522,Head Office,FX Forward / Swap,Sell / Placement,17158.91,9,4,0.03,Dalam Limit Dealer,Limit Tersedia,Konfirmasi Match,Terverifikasi Middle Office,Sesuai Ketentuan BI <20%,Tidak,1,1,-
TRSY-0523,Head Office,Repo / Reverse Repo,Sell / Placement,7260.26,15,4,0.04,Dalam Limit Dealer,Limit Tersedia,Konfirmasi Match,Terverifikasi Middle Office,Sesuai Ketentuan BI <20%,Tidak,1,1,-
TRSY-0524,Treasury Surabaya,FX Spot,Sell / Placement,7626.35,13,2,0.07,Dalam Limit Dealer,Limit Tersedia,Konfirmasi Match,Terverifikasi Middle Office,Sesuai Ketentuan BI <20%,Tidak,1,1,-
TRSY-0525,Treasury Surabaya,SRBI / Sekuritas Rupiah BI,Sell / Placement,67716.6,1,7,0.19,Dalam Limit Dealer,Limit Tersedia,Unconfirmed Deal Slip,Tanpa Verifikasi / Override Dealer,Sesuai Ketentuan BI <20%,Ya (Anomali),5,5,Transaksi Nilai Sangat Besar Dini Hari di Luar Jam Pasar Tanpa Otorisasi (Jam 1)
TRSY-0526,Head Office,SRBI / Sekuritas Rupiah BI,Buy / Purchase,12730.54,12,5,0.03,Dalam Limit Dealer,Limit Tersedia,Konfirmasi Match,Terverifikasi Middle Office,Sesuai Ketentuan BI <20%,Tidak,1,1,-
TRSY-0527,Head Office,SRBI / Sekuritas Rupiah BI,Buy / Purchase,40000.0,12,5,0.13,Dalam Limit Dealer,Limit Tersedia,Konfirmasi Match,Terverifikasi Middle Office,Sesuai Ketentuan BI <20%,Tidak,1,1,-
TRSY-0528,Singapore Branch,PUAB / Call Money,Sell / Placement,6123.34,12,2,0.05,Dalam Limit Dealer,Limit Tersedia,Konfirmasi Match,Terverifikasi Middle Office,Sesuai Ketentuan BI <20%,Tidak,1,2,-
TRSY-0529,Treasury Jakarta,SRBI / Sekuritas Rupiah BI,Buy / Purchase,40000.0,15,4,0.01,Dalam Limit Dealer,Limit Tersedia,Konfirmasi Match,Terverifikasi Middle Office,Sesuai Ketentuan BI <20%,Tidak,1,2,-
TRSY-0530,Treasury Jakarta,SBN / Government Bonds,Sell / Placement,13998.44,13,1,0.03,Dalam Limit Dealer,Limit Tersedia,Konfirmasi Match,Terverifikasi Middle Office,Sesuai Ketentuan BI <20%,Tidak,1,2,-
TRSY-0531,Head Office,FX Forward / Swap,Buy / Purchase,39417.83,0,7,0.39,Dalam Limit Dealer,Limit Tersedia,Unconfirmed Deal Slip,Tanpa Verifikasi / Override Dealer,Sesuai Ketentuan BI <20%,Ya (Anomali),5,5,Transaksi Nilai Sangat Besar Dini Hari di Luar Jam Pasar Tanpa Otorisasi (Jam 0)
TRSY-0532,Head Office,PUAB / Call Money,Buy / Purchase,10416.54,9,1,0.04,Dalam Limit Dealer,Limit Tersedia,Konfirmasi Match,Terverifikasi Middle Office,Sesuai Ketentuan BI <20%,Tidak,1,1,-
TRSY-0533,Treasury Jakarta,SRBI / Sekuritas Rupiah BI,Buy / Purchase,14709.35,14,2,3.18,Dalam Limit Dealer,Limit Tersedia,Unconfirmed Deal Slip,Tanpa Verifikasi / Override Dealer,Sesuai Ketentuan BI <20%,Ya (Anomali),5,5,Transaksi dengan Deviasi Kurs / Yield Tidak Wajar (Off-Market Rate: 3.18%)
TRSY-0534,Head Office,FX Spot,Buy / Purchase,5785.32,8,2,0.17,Dalam Limit Dealer,Limit Tersedia,Konfirmasi Match,Terverifikasi Middle Office,Sesuai Ketentuan BI <20%,Tidak,1,2,-
TRSY-0535,Singapore Branch,SRBI / Sekuritas Rupiah BI,Sell / Placement,9776.89,12,3,0.02,Dalam Limit Dealer,Limit Tersedia,Konfirmasi Match,Terverifikasi Middle Office,Sesuai Ketentuan BI <20%,Tidak,2,1,-
TRSY-0536,Treasury Medan,PUAB / Call Money,Sell / Placement,4437.49,12,3,0.05,Dalam Limit Dealer,Limit Tersedia,Konfirmasi Match,Terverifikasi Middle Office,Sesuai Ketentuan BI <20%,Tidak,1,2,-
TRSY-0537,Treasury Medan,SRBI / Sekuritas Rupiah BI,Sell / Placement,13660.65,16,5,0.03,Dalam Limit Dealer,Limit Tersedia,Konfirmasi Match,Terverifikasi Middle Office,Sesuai Ketentuan BI <20%,Tidak,1,1,-
TRSY-0538,Treasury Jakarta,PUAB / Call Money,Buy / Purchase,8585.59,7,3,0.1,Dalam Limit Dealer,Limit Tersedia,Konfirmasi Match,Terverifikasi Middle Office,Sesuai Ketentuan BI <20%,Tidak,1,1,-
TRSY-0539,Singapore Branch,SBN / Government Bonds,Sell / Placement,31752.09,16,5,0.08,Dalam Limit Dealer,Limit Tersedia,Konfirmasi Match,Terverifikasi Middle Office,Sesuai Ketentuan BI <20%,Tidak,1,1,-
TRSY-0540,Treasury Jakarta,Repo / Reverse Repo,Sell / Placement,6976.9,9,3,0.03,Dalam Limit Dealer,Limit Tersedia,Konfirmasi Match,Terverifikasi Middle Office,Sesuai Ketentuan BI <20%,Tidak,1,1,-
TRSY-0541,Treasury Surabaya,SRBI / Sekuritas Rupiah BI,Buy / Purchase,12090.47,9,5,0.03,Dalam Limit Dealer,Limit Tersedia,Konfirmasi Match,Terverifikasi Middle Office,Sesuai Ketentuan BI <20%,Tidak,2,1,-
TRSY-0542,Treasury Surabaya,FX Forward / Swap,Sell / Placement,9829.24,13,1,0.09,Dalam Limit Dealer,Limit Tersedia,Konfirmasi Match,Terverifikasi Middle Office,Sesuai Ketentuan BI <20%,Tidak,1,1,-
TRSY-0543,Treasury Jakarta,PUAB / Call Money,Sell / Placement,11788.75,10,3,0.02,Dalam Limit Dealer,Limit Tersedia,Konfirmasi Match,Terverifikasi Middle Office,Sesuai Ketentuan BI <20%,Tidak,2,2,-
TRSY-0544,Treasury Surabaya,PUAB / Call Money,Sell / Placement,20824.67,14,5,0.11,Dalam Limit Dealer,Limit Tersedia,Unconfirmed Deal Slip,Tanpa Verifikasi / Override Dealer,Sesuai Ketentuan BI <20%,Ya (Anomali),4,4,Risiko Operasional & Settlement: Konfirmasi Transaksi Unconfirmed Deal Slip
TRSY-0545,Head Office,Repo / Reverse Repo,Buy / Purchase,7911.34,8,3,0.04,Dalam Limit Dealer,Limit Tersedia,Konfirmasi Match,Terverifikasi Middle Office,Sesuai Ketentuan BI <20%,Tidak,1,1,-
TRSY-0546,Treasury Jakarta,SBN / Government Bonds,Sell / Placement,15669.76,18,5,0.12,Dalam Limit Dealer,Limit Tersedia,Konfirmasi Match,Terverifikasi Middle Office,Sesuai Ketentuan BI <20%,Tidak,2,1,-
TRSY-0547,Treasury Jakarta,PUAB / Call Money,Buy / Purchase,3992.83,16,2,0.09,Dalam Limit Dealer,Limit Tersedia,Konfirmasi Match,Terverifikasi Middle Office,Sesuai Ketentuan BI <20%,Tidak,1,1,-
TRSY-0548,Treasury Jakarta,PUAB / Call Money,Sell / Placement,2403.1,11,5,0.07,Dalam Limit Dealer,Limit Tersedia,Konfirmasi Match,Terverifikasi Middle Office,Sesuai Ketentuan BI <20%,Tidak,1,1,-
TRSY-0549,Treasury Jakarta,FX Forward / Swap,Sell / Placement,8810.74,11,4,0.05,Dalam Limit Dealer,Limit Tersedia,Konfirmasi Match,Terverifikasi Middle Office,Sesuai Ketentuan BI <20%,Tidak,2,1,-
TRSY-0550,Treasury Medan,SRBI / Sekuritas Rupiah BI,Buy / Purchase,5436.83,15,5,0.02,Dalam Limit Dealer,Limit Tersedia,Konfirmasi Match,Terverifikasi Middle Office,Sesuai Ketentuan BI <20%,Tidak,1,1,-
TRSY-0551,Treasury Medan,SBN / Government Bonds,Buy / Purchase,26064.98,10,1,0.27,Dalam Limit Dealer,Limit Tersedia,Mismatched Deal,Tanpa Verifikasi / Override Dealer,Sesuai Ketentuan BI <20%,Ya (Anomali),4,5,Risiko Operasional & Settlement: Konfirmasi Transaksi Mismatched Deal
TRSY-0552,Treasury Surabaya,Repo / Reverse Repo,Buy / Purchase,22936.18,9,1,0.09,Dalam Limit Dealer,Limit Tersedia,Konfirmasi Match,Terverifikasi Middle Office,Sesuai Ketentuan BI <20%,Tidak,1,1,-
TRSY-0553,Treasury Surabaya,SBN / Government Bonds,Buy / Purchase,40000.0,16,4,0.02,Dalam Limit Dealer,Limit Tersedia,Konfirmasi Match,Terverifikasi Middle Office,Sesuai Ketentuan BI <20%,Tidak,1,1,-
TRSY-0554,Treasury Surabaya,PUAB / Call Money,Buy / Purchase,3110.33,10,3,0.04,Dalam Limit Dealer,Limit Tersedia,Konfirmasi Match,Terverifikasi Middle Office,Sesuai Ketentuan BI <20%,Tidak,1,1,-
TRSY-0555,Singapore Branch,SBN / Government Bonds,Sell / Placement,38022.81,12,5,0.13,Dalam Limit Dealer,Limit Tersedia,Konfirmasi Match,Terverifikasi Middle Office,Sesuai Ketentuan BI <20%,Tidak,1,1,-
TRSY-0556,Treasury Medan,SRBI / Sekuritas Rupiah BI,Buy / Purchase,38684.38,10,1,0.05,Dalam Limit Dealer,Limit Tersedia,Konfirmasi Match,Terverifikasi Middle Office,Sesuai Ketentuan BI <20%,Tidak,1,1,-
TRSY-0557,Treasury Surabaya,FX Forward / Swap,Sell / Placement,1612.83,17,3,0.12,Dalam Limit Dealer,Limit Tersedia,Konfirmasi Match,Terverifikasi Middle Office,Sesuai Ketentuan BI <20%,Tidak,1,1,-
TRSY-0558,Treasury Medan,Repo / Reverse Repo,Sell / Placement,6418.52,13,5,0.01,Dalam Limit Dealer,Limit Tersedia,Konfirmasi Match,Terverifikasi Middle Office,Sesuai Ketentuan BI <20%,Tidak,1,1,-
TRSY-0559,Singapore Branch,FX Forward / Swap,Sell / Placement,9115.17,7,4,0.04,Dalam Limit Dealer,Limit Tersedia,Konfirmasi Match,Terverifikasi Middle Office,Sesuai Ketentuan BI <20%,Tidak,1,1,-
TRSY-0560,Head Office,SBN / Government Bonds,Buy / Purchase,8191.93,14,3,0.12,Dalam Limit Dealer,Limit Tersedia,Konfirmasi Match,Terverifikasi Middle Office,Sesuai Ketentuan BI <20%,Tidak,1,1,-
TRSY-0561,Treasury Jakarta,Repo / Reverse Repo,Buy / Purchase,21686.14,14,5,0.07,Dalam Limit Dealer,Limit Tersedia,Konfirmasi Match,Terverifikasi Middle Office,Sesuai Ketentuan BI <20%,Tidak,1,1,-
TRSY-0562,Treasury Medan,SRBI / Sekuritas Rupiah BI,Sell / Placement,13265.47,8,4,0.07,Dalam Limit Dealer,Limit Tersedia,Konfirmasi Match,Terverifikasi Middle Office,Sesuai Ketentuan BI <20%,Tidak,1,1,-
TRSY-0563,Treasury Medan,Repo / Reverse Repo,Buy / Purchase,6424.8,8,2,0.06,Dalam Limit Dealer,Limit Tersedia,Konfirmasi Match,Terverifikasi Middle Office,Sesuai Ketentuan BI <20%,Tidak,1,2,-
TRSY-0564,Singapore Branch,FX Forward / Swap,Buy / Purchase,14404.46,9,5,0.11,Dalam Limit Dealer,Limit Tersedia,Konfirmasi Match,Terverifikasi Middle Office,Sesuai Ketentuan BI <20%,Tidak,1,2,-
TRSY-0565,Treasury Surabaya,SBN / Government Bonds,Buy / Purchase,40000.0,11,3,0.06,Dalam Limit Dealer,Limit Tersedia,Konfirmasi Match,Terverifikasi Middle Office,Sesuai Ketentuan BI <20%,Tidak,1,1,-
TRSY-0566,Head Office,SBN / Government Bonds,Buy / Purchase,12975.83,10,2,0.06,Dalam Limit Dealer,Limit Tersedia,Konfirmasi Match,Terverifikasi Middle Office,Sesuai Ketentuan BI <20%,Tidak,1,1,-
TRSY-0567,Treasury Surabaya,SRBI / Sekuritas Rupiah BI,Sell / Placement,23886.81,13,1,0.03,Dalam Limit Dealer,Limit Tersedia,Konfirmasi Match,Terverifikasi Middle Office,Sesuai Ketentuan BI <20%,Tidak,2,1,-
TRSY-0568,Head Office,PUAB / Call Money,Buy / Purchase,2066.16,13,4,0.02,Dalam Limit Dealer,Limit Tersedia,Konfirmasi Match,Terverifikasi Middle Office,Sesuai Ketentuan BI <20%,Tidak,1,1,-
TRSY-0569,Treasury Medan,SBN / Government Bonds,Buy / Purchase,13903.73,8,5,0.06,Dalam Limit Dealer,Limit Tersedia,Konfirmasi Match,Terverifikasi Middle Office,Sesuai Ketentuan BI <20%,Tidak,1,2,-
TRSY-0570,Singapore Branch,FX Forward / Swap,Buy / Purchase,2437.87,9,2,0.01,Dalam Limit Dealer,Limit Tersedia,Konfirmasi Match,Terverifikasi Middle Office,Sesuai Ketentuan BI <20%,Tidak,2,1,-
TRSY-0571,Treasury Surabaya,SBN / Government Bonds,Buy / Purchase,12691.96,12,1,0.02,Dalam Limit Dealer,Limit Tersedia,Konfirmasi Match,Terverifikasi Middle Office,Sesuai Ketentuan BI <20%,Tidak,2,2,-
TRSY-0572,Treasury Jakarta,SBN / Government Bonds,Sell / Placement,40000.0,9,1,0.01,Dalam Limit Dealer,Limit Tersedia,Konfirmasi Match,Terverifikasi Middle Office,Sesuai Ketentuan BI <20%,Tidak,1,1,-
TRSY-0573,Treasury Surabaya,FX Spot,Buy / Purchase,25000.0,17,2,0.1,Dalam Limit Dealer,Limit Tersedia,Konfirmasi Match,Terverifikasi Middle Office,Sesuai Ketentuan BI <20%,Tidak,1,1,-
TRSY-0574,Head Office,FX Spot,Buy / Purchase,6980.8,10,3,0.08,Dalam Limit Dealer,Limit Tersedia,Konfirmasi Match,Terverifikasi Middle Office,Sesuai Ketentuan BI <20%,Tidak,2,2,-
TRSY-0575,Treasury Medan,Repo / Reverse Repo,Sell / Placement,11222.61,9,3,0.04,Dalam Limit Dealer,Limit Tersedia,Konfirmasi Match,Terverifikasi Middle Office,Sesuai Ketentuan BI <20%,Tidak,1,1,-
TRSY-0576,Treasury Medan,FX Spot,Sell / Placement,10143.91,8,5,0.02,Dalam Limit Dealer,Limit Tersedia,Konfirmasi Match,Terverifikasi Middle Office,Sesuai Ketentuan BI <20%,Tidak,1,1,-
TRSY-0577,Head Office,SBN / Government Bonds,Sell / Placement,40000.0,13,3,0.09,Dalam Limit Dealer,Limit Tersedia,Konfirmasi Match,Terverifikasi Middle Office,Sesuai Ketentuan BI <20%,Tidak,1,1,-
TRSY-0578,Treasury Surabaya,PUAB / Call Money,Buy / Purchase,2980.33,16,3,0.09,Dalam Limit Dealer,Limit Tersedia,Konfirmasi Match,Terverifikasi Middle Office,Sesuai Ketentuan BI <20%,Tidak,2,2,-
TRSY-0579,Head Office,SRBI / Sekuritas Rupiah BI,Buy / Purchase,8764.14,15,3,0.07,Dalam Limit Dealer,Limit Tersedia,Konfirmasi Match,Terverifikasi Middle Office,Sesuai Ketentuan BI <20%,Tidak,1,2,-
TRSY-0580,Treasury Surabaya,PUAB / Call Money,Buy / Purchase,3030.52,10,4,0.12,Dalam Limit Dealer,Limit Tersedia,Konfirmasi Match,Terverifikasi Middle Office,Sesuai Ketentuan BI <20%,Tidak,1,1,-
TRSY-0581,Singapore Branch,FX Spot,Buy / Purchase,12959.64,13,5,0.12,Dalam Limit Dealer,Limit Tersedia,Konfirmasi Match,Terverifikasi Middle Office,Sesuai Ketentuan BI <20%,Tidak,1,1,-
TRSY-0582,Treasury Jakarta,PUAB / Call Money,Buy / Purchase,35000.0,11,3,0.03,Dalam Limit Dealer,Limit Tersedia,Konfirmasi Match,Terverifikasi Middle Office,Sesuai Ketentuan BI <20%,Tidak,2,1,-
TRSY-0583,Singapore Branch,SBN / Government Bonds,Buy / Purchase,6958.09,14,4,0.01,Dalam Limit Dealer,Limit Tersedia,Konfirmasi Match,Terverifikasi Middle Office,Sesuai Ketentuan BI <20%,Tidak,2,1,-
TRSY-0584,Treasury Jakarta,SRBI / Sekuritas Rupiah BI,Sell / Placement,73076.5,12,2,0.23,Dalam Limit Dealer,Melampaui Limit Counterparty,Konfirmasi Match,Tanpa Verifikasi / Override Dealer,Sesuai Ketentuan BI <20%,Ya (Anomali),5,4,Pelanggaran Limit Kredit Counterparty Bank Lawan (Exceeded Counterparty Exposure Limit)
TRSY-0585,Treasury Jakarta,Repo / Reverse Repo,Buy / Purchase,11566.54,8,5,0.19,Dalam Limit Dealer,Limit Tersedia,Konfirmasi Match,Terverifikasi Middle Office,Sesuai Ketentuan BI <20%,Tidak,1,2,-
TRSY-0586,Treasury Jakarta,PUAB / Call Money,Sell / Placement,7923.31,11,4,0.07,Dalam Limit Dealer,Limit Tersedia,Konfirmasi Match,Terverifikasi Middle Office,Sesuai Ketentuan BI <20%,Tidak,2,1,-
TRSY-0587,Head Office,Repo / Reverse Repo,Buy / Purchase,3408.18,9,2,0.05,Dalam Limit Dealer,Limit Tersedia,Konfirmasi Match,Terverifikasi Middle Office,Sesuai Ketentuan BI <20%,Tidak,2,1,-
TRSY-0588,Treasury Medan,PUAB / Call Money,Buy / Purchase,4539.86,13,3,0.08,Dalam Limit Dealer,Limit Tersedia,Konfirmasi Match,Terverifikasi Middle Office,Sesuai Ketentuan BI <20%,Tidak,1,1,-
TRSY-0589,Treasury Medan,PUAB / Call Money,Buy / Purchase,13949.34,7,2,0.11,Dalam Limit Dealer,Limit Tersedia,Konfirmasi Match,Terverifikasi Middle Office,Sesuai Ketentuan BI <20%,Tidak,2,2,-
TRSY-0590,Treasury Medan,FX Forward / Swap,Buy / Purchase,97962.73,8,2,0.15,Dalam Limit Dealer,Limit Tersedia,Konfirmasi Match,Tanpa Verifikasi / Override Dealer,Potensi Melanggar Batas PDN,Ya (Anomali),5,5,Pelanggaran SoD: Dealer Melakukan Eksekusi Mandiri Tanpa Verifikasi Middle Office & Berisiko Melanggar Batas PDN BI
TRSY-0591,Singapore Branch,FX Spot,Buy / Purchase,8287.9,9,1,0.1,Dalam Limit Dealer,Limit Tersedia,Konfirmasi Match,Terverifikasi Middle Office,Sesuai Ketentuan BI <20%,Tidak,1,2,-
TRSY-0592,Head Office,FX Spot,Buy / Purchase,8174.78,11,2,0.01,Dalam Limit Dealer,Limit Tersedia,Konfirmasi Match,Terverifikasi Middle Office,Sesuai Ketentuan BI <20%,Tidak,1,1,-
TRSY-0593,Head Office,FX Spot,Buy / Purchase,2457.69,16,3,0.02,Dalam Limit Dealer,Limit Tersedia,Konfirmasi Match,Terverifikasi Middle Office,Sesuai Ketentuan BI <20%,Tidak,1,1,-
TRSY-0594,Treasury Surabaya,SRBI / Sekuritas Rupiah BI,Sell / Placement,40000.0,12,1,0.16,Dalam Limit Dealer,Limit Tersedia,Konfirmasi Match,Terverifikasi Middle Office,Sesuai Ketentuan BI <20%,Tidak,1,1,-
TRSY-0595,Treasury Jakarta,SBN / Government Bonds,Sell / Placement,94382.48,12,5,0.26,Melampaui Limit Dealer,Limit Tersedia,Konfirmasi Match,Tanpa Verifikasi / Override Dealer,Sesuai Ketentuan BI <20%,Ya (Anomali),5,4,Pelanggaran Limit Wewenang Dealer (Dealer Trading Limit Breach: Rp 94382.48 Juta)
TRSY-0596,Head Office,FX Spot,Sell / Placement,9623.18,8,5,0.01,Dalam Limit Dealer,Limit Tersedia,Konfirmasi Match,Terverifikasi Middle Office,Sesuai Ketentuan BI <20%,Tidak,1,1,-
TRSY-0597,Treasury Medan,FX Forward / Swap,Sell / Placement,4396.06,9,3,0.04,Dalam Limit Dealer,Limit Tersedia,Konfirmasi Match,Terverifikasi Middle Office,Sesuai Ketentuan BI <20%,Tidak,1,1,-
TRSY-0598,Treasury Jakarta,FX Forward / Swap,Sell / Placement,3210.38,10,3,0.09,Dalam Limit Dealer,Limit Tersedia,Konfirmasi Match,Terverifikasi Middle Office,Sesuai Ketentuan BI <20%,Tidak,2,2,-
TRSY-0599,Treasury Medan,Repo / Reverse Repo,Buy / Purchase,98742.72,14,4,0.08,Melampaui Limit Dealer,Limit Tersedia,Konfirmasi Match,Tanpa Verifikasi / Override Dealer,Sesuai Ketentuan BI <20%,Ya (Anomali),5,4,Pelanggaran Limit Wewenang Dealer (Dealer Trading Limit Breach: Rp 98742.72 Juta)
TRSY-0600,Head Office,FX Forward / Swap,Buy / Purchase,3470.54,13,5,0.08,Dalam Limit Dealer,Limit Tersedia,Konfirmasi Match,Terverifikasi Middle Office,Sesuai Ketentuan BI <20%,Tidak,1,1,-
TRSY-0601,Treasury Medan,FX Spot,Buy / Purchase,7502.86,10,4,0.02,Dalam Limit Dealer,Limit Tersedia,Konfirmasi Match,Terverifikasi Middle Office,Sesuai Ketentuan BI <20%,Tidak,1,1,-
TRSY-0602,Head Office,SRBI / Sekuritas Rupiah BI,Buy / Purchase,16419.09,12,4,0.15,Dalam Limit Dealer,Limit Tersedia,Konfirmasi Match,Terverifikasi Middle Office,Sesuai Ketentuan BI <20%,Tidak,2,1,-
TRSY-0603,Treasury Surabaya,FX Forward / Swap,Sell / Placement,16176.17,14,1,0.04,Dalam Limit Dealer,Limit Tersedia,Konfirmasi Match,Terverifikasi Middle Office,Sesuai Ketentuan BI <20%,Tidak,1,1,-
TRSY-0604,Treasury Medan,SBN / Government Bonds,Sell / Placement,5929.91,8,4,0.18,Dalam Limit Dealer,Limit Tersedia,Konfirmasi Match,Terverifikasi Middle Office,Sesuai Ketentuan BI <20%,Tidak,1,2,-
TRSY-0605,Treasury Medan,FX Forward / Swap,Buy / Purchase,22407.49,18,5,0.12,Dalam Limit Dealer,Limit Tersedia,Konfirmasi Match,Terverifikasi Middle Office,Sesuai Ketentuan BI <20%,Tidak,1,1,-
TRSY-0606,Treasury Medan,FX Spot,Buy / Purchase,82029.34,10,2,0.44,Dalam Limit Dealer,Limit Tersedia,Konfirmasi Match,Tanpa Verifikasi / Override Dealer,Potensi Melanggar Batas PDN,Ya (Anomali),5,5,Pelanggaran SoD: Dealer Melakukan Eksekusi Mandiri Tanpa Verifikasi Middle Office & Berisiko Melanggar Batas PDN BI
TRSY-0607,Treasury Jakarta,FX Forward / Swap,Buy / Purchase,15780.3,12,1,0.02,Dalam Limit Dealer,Limit Tersedia,Konfirmasi Match,Terverifikasi Middle Office,Sesuai Ketentuan BI <20%,Tidak,1,2,-
TRSY-0608,Head Office,SBN / Government Bonds,Buy / Purchase,23559.73,16,3,0.08,Dalam Limit Dealer,Limit Tersedia,Konfirmasi Match,Terverifikasi Middle Office,Sesuai Ketentuan BI <20%,Tidak,1,1,-
TRSY-0609,Treasury Medan,SBN / Government Bonds,Buy / Purchase,79338.87,3,6,0.38,Dalam Limit Dealer,Limit Tersedia,Unconfirmed Deal Slip,Tanpa Verifikasi / Override Dealer,Sesuai Ketentuan BI <20%,Ya (Anomali),5,5,Transaksi Nilai Sangat Besar Dini Hari di Luar Jam Pasar Tanpa Otorisasi (Jam 3)
TRSY-0610,Head Office,SBN / Government Bonds,Sell / Placement,7228.62,9,2,0.03,Dalam Limit Dealer,Limit Tersedia,Konfirmasi Match,Terverifikasi Middle Office,Sesuai Ketentuan BI <20%,Tidak,2,1,-
TRSY-0611,Treasury Jakarta,PUAB / Call Money,Sell / Placement,13454.03,17,2,0.08,Dalam Limit Dealer,Limit Tersedia,Konfirmasi Match,Terverifikasi Middle Office,Sesuai Ketentuan BI <20%,Tidak,1,1,-
TRSY-0612,Treasury Surabaya,SRBI / Sekuritas Rupiah BI,Sell / Placement,9228.4,17,2,0.05,Dalam Limit Dealer,Limit Tersedia,Konfirmasi Match,Terverifikasi Middle Office,Sesuai Ketentuan BI <20%,Tidak,2,2,-
TRSY-0613,Treasury Jakarta,FX Spot,Buy / Purchase,3981.51,9,3,0.04,Dalam Limit Dealer,Limit Tersedia,Konfirmasi Match,Terverifikasi Middle Office,Sesuai Ketentuan BI <20%,Tidak,2,2,-
TRSY-0614,Head Office,PUAB / Call Money,Buy / Purchase,23491.93,12,3,0.16,Dalam Limit Dealer,Limit Tersedia,Konfirmasi Match,Terverifikasi Middle Office,Sesuai Ketentuan BI <20%,Tidak,1,2,-
TRSY-0615,Singapore Branch,FX Spot,Sell / Placement,118502.66,14,1,0.1,Melampaui Limit Dealer,Limit Tersedia,Konfirmasi Match,Tanpa Verifikasi / Override Dealer,Sesuai Ketentuan BI <20%,Ya (Anomali),5,5,Pelanggaran Limit Wewenang Dealer (Dealer Trading Limit Breach: Rp 118502.66 Juta)
TRSY-0616,Treasury Surabaya,Repo / Reverse Repo,Buy / Purchase,60385.47,23,7,0.21,Dalam Limit Dealer,Limit Tersedia,Unconfirmed Deal Slip,Tanpa Verifikasi / Override Dealer,Sesuai Ketentuan BI <20%,Ya (Anomali),5,4,Transaksi Nilai Sangat Besar Dini Hari di Luar Jam Pasar Tanpa Otorisasi (Jam 23)
TRSY-0617,Treasury Medan,Repo / Reverse Repo,Sell / Placement,16530.6,12,4,0.08,Dalam Limit Dealer,Limit Tersedia,Konfirmasi Match,Terverifikasi Middle Office,Sesuai Ketentuan BI <20%,Tidak,1,2,-
TRSY-0618,Singapore Branch,PUAB / Call Money,Buy / Purchase,2971.42,8,5,0.07,Dalam Limit Dealer,Limit Tersedia,Konfirmasi Match,Terverifikasi Middle Office,Sesuai Ketentuan BI <20%,Tidak,2,1,-
TRSY-0619,Treasury Surabaya,Repo / Reverse Repo,Buy / Purchase,4435.91,9,3,0.16,Dalam Limit Dealer,Limit Tersedia,Konfirmasi Match,Terverifikasi Middle Office,Sesuai Ketentuan BI <20%,Tidak,2,1,-
TRSY-0620,Treasury Surabaya,Repo / Reverse Repo,Buy / Purchase,6045.6,14,5,0.05,Dalam Limit Dealer,Limit Tersedia,Konfirmasi Match,Terverifikasi Middle Office,Sesuai Ketentuan BI <20%,Tidak,2,2,-
TRSY-0621,Treasury Surabaya,FX Spot,Buy / Purchase,1241.9,15,1,0.01,Dalam Limit Dealer,Limit Tersedia,Konfirmasi Match,Terverifikasi Middle Office,Sesuai Ketentuan BI <20%,Tidak,2,2,-
TRSY-0622,Singapore Branch,Repo / Reverse Repo,Sell / Placement,10147.52,16,4,0.08,Dalam Limit Dealer,Limit Tersedia,Konfirmasi Match,Terverifikasi Middle Office,Sesuai Ketentuan BI <20%,Tidak,2,1,-
TRSY-0623,Treasury Surabaya,PUAB / Call Money,Buy / Purchase,10542.49,8,4,0.04,Dalam Limit Dealer,Limit Tersedia,Konfirmasi Match,Terverifikasi Middle Office,Sesuai Ketentuan BI <20%,Tidak,2,1,-
TRSY-0624,Singapore Branch,PUAB / Call Money,Sell / Placement,6890.96,8,2,0.08,Dalam Limit Dealer,Limit Tersedia,Konfirmasi Match,Terverifikasi Middle Office,Sesuai Ketentuan BI <20%,Tidak,1,1,-
TRSY-0625,Singapore Branch,PUAB / Call Money,Buy / Purchase,4719.52,12,3,0.06,Dalam Limit Dealer,Limit Tersedia,Konfirmasi Match,Terverifikasi Middle Office,Sesuai Ketentuan BI <20%,Tidak,1,1,-
TRSY-0626,Treasury Medan,SBN / Government Bonds,Buy / Purchase,11915.41,11,2,0.18,Dalam Limit Dealer,Limit Tersedia,Konfirmasi Match,Terverifikasi Middle Office,Sesuai Ketentuan BI <20%,Tidak,1,2,-
TRSY-0627,Singapore Branch,Repo / Reverse Repo,Sell / Placement,7695.66,16,4,0.02,Dalam Limit Dealer,Limit Tersedia,Konfirmasi Match,Terverifikasi Middle Office,Sesuai Ketentuan BI <20%,Tidak,2,1,-
TRSY-0628,Treasury Surabaya,FX Forward / Swap,Buy / Purchase,41861.91,2,6,0.31,Dalam Limit Dealer,Limit Tersedia,Unconfirmed Deal Slip,Tanpa Verifikasi / Override Dealer,Sesuai Ketentuan BI <20%,Ya (Anomali),5,5,Transaksi Nilai Sangat Besar Dini Hari di Luar Jam Pasar Tanpa Otorisasi (Jam 2)
TRSY-0629,Treasury Medan,SRBI / Sekuritas Rupiah BI,Buy / Purchase,40000.0,9,5,0.16,Dalam Limit Dealer,Limit Tersedia,Konfirmasi Match,Terverifikasi Middle Office,Sesuai Ketentuan BI <20%,Tidak,1,1,-
TRSY-0630,Singapore Branch,SBN / Government Bonds,Sell / Placement,5527.48,8,1,0.19,Dalam Limit Dealer,Limit Tersedia,Konfirmasi Match,Terverifikasi Middle Office,Sesuai Ketentuan BI <20%,Tidak,1,1,-
TRSY-0631,Singapore Branch,PUAB / Call Money,Buy / Purchase,20591.58,8,2,0.19,Dalam Limit Dealer,Limit Tersedia,Konfirmasi Match,Terverifikasi Middle Office,Sesuai Ketentuan BI <20%,Tidak,1,1,-
TRSY-0632,Singapore Branch,PUAB / Call Money,Sell / Placement,14993.32,13,2,0.04,Dalam Limit Dealer,Limit Tersedia,Konfirmasi Match,Terverifikasi Middle Office,Sesuai Ketentuan BI <20%,Tidak,1,1,-
TRSY-0633,Treasury Surabaya,SRBI / Sekuritas Rupiah BI,Sell / Placement,40000.0,13,3,0.24,Dalam Limit Dealer,Limit Tersedia,Konfirmasi Match,Terverifikasi Middle Office,Sesuai Ketentuan BI <20%,Tidak,2,1,-
TRSY-0634,Head Office,PUAB / Call Money,Buy / Purchase,14969.0,12,3,0.3,Dalam Limit Dealer,Limit Tersedia,Konfirmasi Match,Terverifikasi Middle Office,Sesuai Ketentuan BI <20%,Tidak,1,1,-
TRSY-0635,Head Office,Repo / Reverse Repo,Buy / Purchase,52906.2,14,5,0.2,Dalam Limit Dealer,Melampaui Limit Counterparty,Konfirmasi Match,Tanpa Verifikasi / Override Dealer,Sesuai Ketentuan BI <20%,Ya (Anomali),4,4,Pelanggaran Limit Kredit Counterparty Bank Lawan (Exceeded Counterparty Exposure Limit)
TRSY-0636,Treasury Surabaya,SRBI / Sekuritas Rupiah BI,Buy / Purchase,8603.16,12,4,0.13,Dalam Limit Dealer,Limit Tersedia,Konfirmasi Match,Terverifikasi Middle Office,Sesuai Ketentuan BI <20%,Tidak,1,2,-
TRSY-0637,Treasury Medan,SRBI / Sekuritas Rupiah BI,Sell / Placement,21701.02,11,5,0.02,Dalam Limit Dealer,Limit Tersedia,Konfirmasi Match,Terverifikasi Middle Office,Sesuai Ketentuan BI <20%,Tidak,1,2,-
TRSY-0638,Head Office,FX Spot,Buy / Purchase,31112.55,22,6,0.17,Dalam Limit Dealer,Limit Tersedia,Unconfirmed Deal Slip,Tanpa Verifikasi / Override Dealer,Sesuai Ketentuan BI <20%,Ya (Anomali),5,5,Transaksi Nilai Sangat Besar Dini Hari di Luar Jam Pasar Tanpa Otorisasi (Jam 22)
TRSY-0639,Treasury Surabaya,SBN / Government Bonds,Sell / Placement,17565.15,10,1,0.23,Dalam Limit Dealer,Limit Tersedia,Konfirmasi Match,Terverifikasi Middle Office,Sesuai Ketentuan BI <20%,Tidak,2,1,-
TRSY-0640,Treasury Medan,FX Spot,Buy / Purchase,14267.49,13,1,0.04,Dalam Limit Dealer,Limit Tersedia,Konfirmasi Match,Terverifikasi Middle Office,Sesuai Ketentuan BI <20%,Tidak,1,1,-
TRSY-0641,Treasury Medan,SBN / Government Bonds,Sell / Placement,17936.93,17,2,0.02,Dalam Limit Dealer,Limit Tersedia,Konfirmasi Match,Terverifikasi Middle Office,Sesuai Ketentuan BI <20%,Tidak,2,1,-
TRSY-0642,Treasury Jakarta,SBN / Government Bonds,Sell / Placement,42850.2,15,2,5.68,Dalam Limit Dealer,Limit Tersedia,Unconfirmed Deal Slip,Tanpa Verifikasi / Override Dealer,Sesuai Ketentuan BI <20%,Ya (Anomali),5,5,Transaksi dengan Deviasi Kurs / Yield Tidak Wajar (Off-Market Rate: 5.68%)
TRSY-0643,Singapore Branch,FX Forward / Swap,Sell / Placement,10052.22,9,4,0.01,Dalam Limit Dealer,Limit Tersedia,Konfirmasi Match,Terverifikasi Middle Office,Sesuai Ketentuan BI <20%,Tidak,1,1,-
TRSY-0644,Treasury Surabaya,FX Forward / Swap,Sell / Placement,3184.2,16,1,0.03,Dalam Limit Dealer,Limit Tersedia,Konfirmasi Match,Terverifikasi Middle Office,Sesuai Ketentuan BI <20%,Tidak,2,1,-
TRSY-0645,Treasury Medan,PUAB / Call Money,Sell / Placement,9676.05,9,2,0.03,Dalam Limit Dealer,Limit Tersedia,Konfirmasi Match,Terverifikasi Middle Office,Sesuai Ketentuan BI <20%,Tidak,1,1,-
TRSY-0646,Treasury Jakarta,Repo / Reverse Repo,Buy / Purchase,2478.45,12,4,0.03,Dalam Limit Dealer,Limit Tersedia,Konfirmasi Match,Terverifikasi Middle Office,Sesuai Ketentuan BI <20%,Tidak,1,1,-
TRSY-0647,Treasury Jakarta,PUAB / Call Money,Buy / Purchase,18368.43,16,1,0.06,Dalam Limit Dealer,Limit Tersedia,Konfirmasi Match,Terverifikasi Middle Office,Sesuai Ketentuan BI <20%,Tidak,2,1,-
TRSY-0648,Treasury Jakarta,FX Spot,Buy / Purchase,1214.08,10,4,0.04,Dalam Limit Dealer,Limit Tersedia,Konfirmasi Match,Terverifikasi Middle Office,Sesuai Ketentuan BI <20%,Tidak,1,2,-
TRSY-0649,Treasury Medan,PUAB / Call Money,Sell / Placement,10747.31,8,5,0.14,Dalam Limit Dealer,Limit Tersedia,Konfirmasi Match,Terverifikasi Middle Office,Sesuai Ketentuan BI <20%,Tidak,2,2,-
TRSY-0650,Treasury Medan,PUAB / Call Money,Buy / Purchase,4431.1,16,2,0.08,Dalam Limit Dealer,Limit Tersedia,Konfirmasi Match,Terverifikasi Middle Office,Sesuai Ketentuan BI <20%,Tidak,2,2,-
TRSY-0651,Singapore Branch,PUAB / Call Money,Sell / Placement,56043.25,8,3,0.08,Dalam Limit Dealer,Melampaui Limit Counterparty,Konfirmasi Match,Tanpa Verifikasi / Override Dealer,Sesuai Ketentuan BI <20%,Ya (Anomali),4,4,Pelanggaran Limit Kredit Counterparty Bank Lawan (Exceeded Counterparty Exposure Limit)
TRSY-0652,Singapore Branch,PUAB / Call Money,Sell / Placement,26628.16,13,5,0.05,Dalam Limit Dealer,Limit Tersedia,Konfirmasi Match,Terverifikasi Middle Office,Sesuai Ketentuan BI <20%,Tidak,1,1,-
TRSY-0653,Head Office,FX Forward / Swap,Sell / Placement,7411.07,11,2,0.07,Dalam Limit Dealer,Limit Tersedia,Konfirmasi Match,Terverifikasi Middle Office,Sesuai Ketentuan BI <20%,Tidak,2,1,-
TRSY-0654,Head Office,SBN / Government Bonds,Buy / Purchase,22499.65,9,2,0.06,Dalam Limit Dealer,Limit Tersedia,Konfirmasi Match,Terverifikasi Middle Office,Sesuai Ketentuan BI <20%,Tidak,2,2,-
TRSY-0655,Treasury Medan,SRBI / Sekuritas Rupiah BI,Buy / Purchase,16504.46,14,3,0.02,Dalam Limit Dealer,Limit Tersedia,Konfirmasi Match,Terverifikasi Middle Office,Sesuai Ketentuan BI <20%,Tidak,1,1,-
TRSY-0656,Treasury Jakarta,FX Forward / Swap,Sell / Placement,46274.21,16,5,0.09,Melampaui Limit Dealer,Limit Tersedia,Konfirmasi Match,Tanpa Verifikasi / Override Dealer,Sesuai Ketentuan BI <20%,Ya (Anomali),5,5,Pelanggaran Limit Wewenang Dealer (Dealer Trading Limit Breach: Rp 46274.21 Juta)
TRSY-0657,Singapore Branch,Repo / Reverse Repo,Buy / Purchase,15402.42,8,2,0.07,Dalam Limit Dealer,Limit Tersedia,Konfirmasi Match,Terverifikasi Middle Office,Sesuai Ketentuan BI <20%,Tidak,2,1,-
TRSY-0658,Head Office,Repo / Reverse Repo,Buy / Purchase,22593.39,15,2,0.08,Dalam Limit Dealer,Limit Tersedia,Konfirmasi Match,Terverifikasi Middle Office,Sesuai Ketentuan BI <20%,Tidak,2,1,-
TRSY-0659,Treasury Jakarta,FX Spot,Sell / Placement,9786.37,11,2,0.01,Dalam Limit Dealer,Limit Tersedia,Konfirmasi Match,Terverifikasi Middle Office,Sesuai Ketentuan BI <20%,Tidak,2,1,-
TRSY-0660,Treasury Jakarta,SBN / Government Bonds,Buy / Purchase,12751.15,9,2,0.07,Dalam Limit Dealer,Limit Tersedia,Konfirmasi Match,Terverifikasi Middle Office,Sesuai Ketentuan BI <20%,Tidak,1,2,-
TRSY-0661,Head Office,PUAB / Call Money,Sell / Placement,7178.66,16,3,0.05,Dalam Limit Dealer,Limit Tersedia,Konfirmasi Match,Terverifikasi Middle Office,Sesuai Ketentuan BI <20%,Tidak,1,2,-
TRSY-0662,Treasury Surabaya,FX Spot,Sell / Placement,1032.18,8,2,0.04,Dalam Limit Dealer,Limit Tersedia,Konfirmasi Match,Terverifikasi Middle Office,Sesuai Ketentuan BI <20%,Tidak,1,1,-
TRSY-0663,Treasury Surabaya,SRBI / Sekuritas Rupiah BI,Sell / Placement,18806.07,10,2,0.14,Dalam Limit Dealer,Limit Tersedia,Konfirmasi Match,Terverifikasi Middle Office,Sesuai Ketentuan BI <20%,Tidak,2,1,-
TRSY-0664,Singapore Branch,SBN / Government Bonds,Buy / Purchase,15668.83,10,5,0.04,Dalam Limit Dealer,Limit Tersedia,Konfirmasi Match,Terverifikasi Middle Office,Sesuai Ketentuan BI <20%,Tidak,1,2,-
TRSY-0665,Head Office,SRBI / Sekuritas Rupiah BI,Buy / Purchase,15039.1,11,5,0.03,Dalam Limit Dealer,Limit Tersedia,Konfirmasi Match,Terverifikasi Middle Office,Sesuai Ketentuan BI <20%,Tidak,1,1,-
TRSY-0666,Treasury Medan,SBN / Government Bonds,Sell / Placement,40000.0,13,2,0.14,Dalam Limit Dealer,Limit Tersedia,Konfirmasi Match,Terverifikasi Middle Office,Sesuai Ketentuan BI <20%,Tidak,2,1,-
TRSY-0667,Head Office,SRBI / Sekuritas Rupiah BI,Buy / Purchase,16724.98,16,2,0.11,Dalam Limit Dealer,Limit Tersedia,Konfirmasi Match,Terverifikasi Middle Office,Sesuai Ketentuan BI <20%,Tidak,1,1,-
TRSY-0668,Head Office,PUAB / Call Money,Buy / Purchase,4264.51,15,5,0.02,Dalam Limit Dealer,Limit Tersedia,Konfirmasi Match,Terverifikasi Middle Office,Sesuai Ketentuan BI <20%,Tidak,1,2,-
TRSY-0669,Treasury Medan,FX Spot,Buy / Purchase,17199.42,8,4,0.06,Dalam Limit Dealer,Limit Tersedia,Konfirmasi Match,Terverifikasi Middle Office,Sesuai Ketentuan BI <20%,Tidak,1,1,-
TRSY-0670,Treasury Medan,SRBI / Sekuritas Rupiah BI,Sell / Placement,15832.98,10,1,0.12,Dalam Limit Dealer,Limit Tersedia,Konfirmasi Match,Terverifikasi Middle Office,Sesuai Ketentuan BI <20%,Tidak,2,2,-
TRSY-0671,Head Office,SRBI / Sekuritas Rupiah BI,Buy / Purchase,40000.0,8,3,0.11,Dalam Limit Dealer,Limit Tersedia,Konfirmasi Match,Terverifikasi Middle Office,Sesuai Ketentuan BI <20%,Tidak,1,1,-
TRSY-0672,Treasury Surabaya,PUAB / Call Money,Buy / Purchase,30571.08,7,4,0.12,Dalam Limit Dealer,Limit Tersedia,Konfirmasi Match,Terverifikasi Middle Office,Sesuai Ketentuan BI <20%,Tidak,2,1,-
TRSY-0673,Treasury Jakarta,SBN / Government Bonds,Sell / Placement,5462.5,11,2,0.16,Dalam Limit Dealer,Limit Tersedia,Konfirmasi Match,Terverifikasi Middle Office,Sesuai Ketentuan BI <20%,Tidak,2,2,-
TRSY-0674,Head Office,SRBI / Sekuritas Rupiah BI,Sell / Placement,17755.12,9,2,0.02,Dalam Limit Dealer,Limit Tersedia,Konfirmasi Match,Terverifikasi Middle Office,Sesuai Ketentuan BI <20%,Tidak,2,2,-
TRSY-0675,Head Office,FX Spot,Sell / Placement,10476.79,12,3,0.1,Dalam Limit Dealer,Limit Tersedia,Konfirmasi Match,Terverifikasi Middle Office,Sesuai Ketentuan BI <20%,Tidak,1,1,-
TRSY-0676,Head Office,FX Forward / Swap,Buy / Purchase,4995.96,14,1,0.02,Dalam Limit Dealer,Limit Tersedia,Konfirmasi Match,Terverifikasi Middle Office,Sesuai Ketentuan BI <20%,Tidak,1,1,-
TRSY-0677,Treasury Medan,SRBI / Sekuritas Rupiah BI,Buy / Purchase,40000.0,16,1,0.1,Dalam Limit Dealer,Limit Tersedia,Konfirmasi Match,Terverifikasi Middle Office,Sesuai Ketentuan BI <20%,Tidak,1,1,-
TRSY-0678,Head Office,PUAB / Call Money,Buy / Purchase,5881.85,14,5,0.06,Dalam Limit Dealer,Limit Tersedia,Konfirmasi Match,Terverifikasi Middle Office,Sesuai Ketentuan BI <20%,Tidak,1,1,-
TRSY-0679,Treasury Medan,FX Forward / Swap,Sell / Placement,10479.64,17,3,0.02,Dalam Limit Dealer,Limit Tersedia,Konfirmasi Match,Terverifikasi Middle Office,Sesuai Ketentuan BI <20%,Tidak,1,1,-
TRSY-0680,Treasury Jakarta,SRBI / Sekuritas Rupiah BI,Sell / Placement,104699.19,16,5,0.06,Melampaui Limit Dealer,Limit Tersedia,Konfirmasi Match,Tanpa Verifikasi / Override Dealer,Sesuai Ketentuan BI <20%,Ya (Anomali),5,4,Pelanggaran Limit Wewenang Dealer (Dealer Trading Limit Breach: Rp 104699.19 Juta)
TRSY-0681,Singapore Branch,FX Spot,Buy / Purchase,5241.71,10,3,0.05,Dalam Limit Dealer,Limit Tersedia,Konfirmasi Match,Terverifikasi Middle Office,Sesuai Ketentuan BI <20%,Tidak,2,1,-
TRSY-0682,Head Office,Repo / Reverse Repo,Sell / Placement,13769.61,9,4,0.11,Dalam Limit Dealer,Limit Tersedia,Konfirmasi Match,Terverifikasi Middle Office,Sesuai Ketentuan BI <20%,Tidak,1,1,-
TRSY-0683,Singapore Branch,SRBI / Sekuritas Rupiah BI,Buy / Purchase,24590.71,12,1,0.03,Dalam Limit Dealer,Limit Tersedia,Konfirmasi Match,Terverifikasi Middle Office,Sesuai Ketentuan BI <20%,Tidak,2,2,-
TRSY-0684,Treasury Medan,PUAB / Call Money,Sell / Placement,43066.64,14,5,1.86,Dalam Limit Dealer,Limit Tersedia,Unconfirmed Deal Slip,Tanpa Verifikasi / Override Dealer,Sesuai Ketentuan BI <20%,Ya (Anomali),5,5,Transaksi dengan Deviasi Kurs / Yield Tidak Wajar (Off-Market Rate: 1.86%)
TRSY-0685,Treasury Jakarta,PUAB / Call Money,Sell / Placement,26148.35,11,1,0.06,Dalam Limit Dealer,Limit Tersedia,Konfirmasi Match,Terverifikasi Middle Office,Sesuai Ketentuan BI <20%,Tidak,2,1,-
TRSY-0686,Treasury Surabaya,PUAB / Call Money,Buy / Purchase,5231.86,8,1,0.22,Dalam Limit Dealer,Limit Tersedia,Konfirmasi Match,Terverifikasi Middle Office,Sesuai Ketentuan BI <20%,Tidak,1,2,-
TRSY-0687,Head Office,Repo / Reverse Repo,Buy / Purchase,25016.66,15,1,3.93,Dalam Limit Dealer,Limit Tersedia,Unconfirmed Deal Slip,Tanpa Verifikasi / Override Dealer,Sesuai Ketentuan BI <20%,Ya (Anomali),5,5,Transaksi dengan Deviasi Kurs / Yield Tidak Wajar (Off-Market Rate: 3.93%)
TRSY-0688,Head Office,PUAB / Call Money,Sell / Placement,5353.62,8,4,0.04,Dalam Limit Dealer,Limit Tersedia,Konfirmasi Match,Terverifikasi Middle Office,Sesuai Ketentuan BI <20%,Tidak,2,1,-
TRSY-0689,Treasury Jakarta,SBN / Government Bonds,Sell / Placement,40000.0,10,2,0.12,Dalam Limit Dealer,Limit Tersedia,Konfirmasi Match,Terverifikasi Middle Office,Sesuai Ketentuan BI <20%,Tidak,2,2,-
TRSY-0690,Singapore Branch,FX Spot,Buy / Purchase,8821.06,12,4,0.08,Dalam Limit Dealer,Limit Tersedia,Konfirmasi Match,Terverifikasi Middle Office,Sesuai Ketentuan BI <20%,Tidak,1,1,-
TRSY-0691,Singapore Branch,SRBI / Sekuritas Rupiah BI,Sell / Placement,16955.04,8,2,0.01,Dalam Limit Dealer,Limit Tersedia,Konfirmasi Match,Terverifikasi Middle Office,Sesuai Ketentuan BI <20%,Tidak,1,2,-
TRSY-0692,Treasury Surabaya,SBN / Government Bonds,Sell / Placement,9064.59,16,5,0.33,Dalam Limit Dealer,Limit Tersedia,Konfirmasi Match,Terverifikasi Middle Office,Sesuai Ketentuan BI <20%,Tidak,1,1,-
TRSY-0693,Head Office,PUAB / Call Money,Sell / Placement,10757.88,8,2,0.08,Dalam Limit Dealer,Limit Tersedia,Konfirmasi Match,Terverifikasi Middle Office,Sesuai Ketentuan BI <20%,Tidak,1,2,-
TRSY-0694,Singapore Branch,Repo / Reverse Repo,Buy / Purchase,8163.34,13,4,0.05,Dalam Limit Dealer,Limit Tersedia,Konfirmasi Match,Terverifikasi Middle Office,Sesuai Ketentuan BI <20%,Tidak,2,1,-
TRSY-0695,Treasury Jakarta,Repo / Reverse Repo,Buy / Purchase,9578.26,13,4,0.13,Dalam Limit Dealer,Limit Tersedia,Konfirmasi Match,Terverifikasi Middle Office,Sesuai Ketentuan BI <20%,Tidak,2,1,-
TRSY-0696,Head Office,SRBI / Sekuritas Rupiah BI,Buy / Purchase,33481.43,8,3,0.01,Dalam Limit Dealer,Limit Tersedia,Konfirmasi Match,Terverifikasi Middle Office,Sesuai Ketentuan BI <20%,Tidak,1,1,-
TRSY-0697,Treasury Surabaya,PUAB / Call Money,Buy / Purchase,7585.04,15,5,0.06,Dalam Limit Dealer,Limit Tersedia,Konfirmasi Match,Terverifikasi Middle Office,Sesuai Ketentuan BI <20%,Tidak,1,1,-
TRSY-0698,Treasury Medan,FX Spot,Buy / Purchase,4801.34,14,1,0.03,Dalam Limit Dealer,Limit Tersedia,Konfirmasi Match,Terverifikasi Middle Office,Sesuai Ketentuan BI <20%,Tidak,1,2,-
TRSY-0699,Head Office,Repo / Reverse Repo,Buy / Purchase,14763.89,16,4,0.05,Dalam Limit Dealer,Limit Tersedia,Konfirmasi Match,Terverifikasi Middle Office,Sesuai Ketentuan BI <20%,Tidak,1,1,-
TRSY-0700,Head Office,FX Spot,Buy / Purchase,12099.3,17,5,0.06,Dalam Limit Dealer,Limit Tersedia,Konfirmasi Match,Terverifikasi Middle Office,Sesuai Ketentuan BI <20%,Tidak,1,1,-
TRSY-0701,Singapore Branch,FX Spot,Buy / Purchase,2835.57,15,3,0.1,Dalam Limit Dealer,Limit Tersedia,Konfirmasi Match,Terverifikasi Middle Office,Sesuai Ketentuan BI <20%,Tidak,1,2,-
TRSY-0702,Treasury Medan,FX Forward / Swap,Buy / Purchase,12116.42,15,5,0.04,Dalam Limit Dealer,Limit Tersedia,Konfirmasi Match,Terverifikasi Middle Office,Sesuai Ketentuan BI <20%,Tidak,2,1,-
TRSY-0703,Singapore Branch,FX Forward / Swap,Sell / Placement,15781.89,10,2,0.02,Dalam Limit Dealer,Limit Tersedia,Konfirmasi Match,Terverifikasi Middle Office,Sesuai Ketentuan BI <20%,Tidak,1,1,-
TRSY-0704,Treasury Jakarta,Repo / Reverse Repo,Buy / Purchase,6837.86,16,1,0.02,Dalam Limit Dealer,Limit Tersedia,Konfirmasi Match,Terverifikasi Middle Office,Sesuai Ketentuan BI <20%,Tidak,1,2,-
TRSY-0705,Singapore Branch,PUAB / Call Money,Buy / Purchase,21374.71,8,3,0.12,Dalam Limit Dealer,Limit Tersedia,Konfirmasi Match,Terverifikasi Middle Office,Sesuai Ketentuan BI <20%,Tidak,1,1,-
TRSY-0706,Singapore Branch,PUAB / Call Money,Buy / Purchase,35000.0,13,2,0.13,Dalam Limit Dealer,Limit Tersedia,Konfirmasi Match,Terverifikasi Middle Office,Sesuai Ketentuan BI <20%,Tidak,1,1,-
TRSY-0707,Treasury Jakarta,SBN / Government Bonds,Sell / Placement,6776.79,18,2,0.05,Dalam Limit Dealer,Limit Tersedia,Konfirmasi Match,Terverifikasi Middle Office,Sesuai Ketentuan BI <20%,Tidak,1,1,-
TRSY-0708,Treasury Medan,SRBI / Sekuritas Rupiah BI,Buy / Purchase,28366.89,10,1,0.1,Dalam Limit Dealer,Limit Tersedia,Konfirmasi Match,Terverifikasi Middle Office,Sesuai Ketentuan BI <20%,Tidak,1,1,-
TRSY-0709,Singapore Branch,SRBI / Sekuritas Rupiah BI,Sell / Placement,8255.61,11,1,0.08,Dalam Limit Dealer,Limit Tersedia,Konfirmasi Match,Terverifikasi Middle Office,Sesuai Ketentuan BI <20%,Tidak,2,2,-
TRSY-0710,Head Office,SRBI / Sekuritas Rupiah BI,Sell / Placement,33938.41,7,2,0.12,Dalam Limit Dealer,Limit Tersedia,Konfirmasi Match,Terverifikasi Middle Office,Sesuai Ketentuan BI <20%,Tidak,2,1,-
TRSY-0711,Singapore Branch,SRBI / Sekuritas Rupiah BI,Buy / Purchase,27418.29,10,5,0.02,Dalam Limit Dealer,Limit Tersedia,Konfirmasi Match,Terverifikasi Middle Office,Sesuai Ketentuan BI <20%,Tidak,1,1,-
TRSY-0712,Treasury Surabaya,FX Spot,Buy / Purchase,12893.74,10,5,0.18,Dalam Limit Dealer,Limit Tersedia,Konfirmasi Match,Terverifikasi Middle Office,Sesuai Ketentuan BI <20%,Tidak,1,1,-
TRSY-0713,Treasury Medan,FX Forward / Swap,Sell / Placement,11972.78,10,1,0.09,Dalam Limit Dealer,Limit Tersedia,Konfirmasi Match,Terverifikasi Middle Office,Sesuai Ketentuan BI <20%,Tidak,1,1,-
TRSY-0714,Singapore Branch,FX Spot,Sell / Placement,11681.75,11,3,0.03,Dalam Limit Dealer,Limit Tersedia,Konfirmasi Match,Terverifikasi Middle Office,Sesuai Ketentuan BI <20%,Tidak,1,2,-
TRSY-0715,Treasury Medan,Repo / Reverse Repo,Sell / Placement,3896.56,14,2,0.09,Dalam Limit Dealer,Limit Tersedia,Konfirmasi Match,Terverifikasi Middle Office,Sesuai Ketentuan BI <20%,Tidak,1,1,-
TRSY-0716,Treasury Medan,Repo / Reverse Repo,Sell / Placement,14449.63,10,1,0.03,Dalam Limit Dealer,Limit Tersedia,Konfirmasi Match,Terverifikasi Middle Office,Sesuai Ketentuan BI <20%,Tidak,1,2,-
TRSY-0717,Treasury Jakarta,FX Forward / Swap,Sell / Placement,6568.53,16,3,0.13,Dalam Limit Dealer,Limit Tersedia,Konfirmasi Match,Terverifikasi Middle Office,Sesuai Ketentuan BI <20%,Tidak,2,1,-
TRSY-0718,Head Office,FX Forward / Swap,Sell / Placement,7570.11,10,3,0.12,Dalam Limit Dealer,Limit Tersedia,Konfirmasi Match,Terverifikasi Middle Office,Sesuai Ketentuan BI <20%,Tidak,1,2,-
TRSY-0719,Treasury Medan,PUAB / Call Money,Buy / Purchase,17463.22,9,3,0.25,Dalam Limit Dealer,Limit Tersedia,Konfirmasi Match,Terverifikasi Middle Office,Sesuai Ketentuan BI <20%,Tidak,1,1,-
TRSY-0720,Treasury Jakarta,SRBI / Sekuritas Rupiah BI,Buy / Purchase,40000.0,11,3,0.03,Dalam Limit Dealer,Limit Tersedia,Konfirmasi Match,Terverifikasi Middle Office,Sesuai Ketentuan BI <20%,Tidak,2,1,-
TRSY-0721,Singapore Branch,SRBI / Sekuritas Rupiah BI,Buy / Purchase,20123.24,16,4,0.11,Dalam Limit Dealer,Limit Tersedia,Konfirmasi Match,Terverifikasi Middle Office,Sesuai Ketentuan BI <20%,Tidak,1,2,-
TRSY-0722,Treasury Jakarta,Repo / Reverse Repo,Sell / Placement,7447.1,8,3,0.03,Dalam Limit Dealer,Limit Tersedia,Konfirmasi Match,Terverifikasi Middle Office,Sesuai Ketentuan BI <20%,Tidak,1,1,-
TRSY-0723,Treasury Jakarta,FX Spot,Buy / Purchase,16984.99,12,2,0.14,Dalam Limit Dealer,Limit Tersedia,Konfirmasi Match,Terverifikasi Middle Office,Sesuai Ketentuan BI <20%,Tidak,1,1,-
TRSY-0724,Treasury Surabaya,SBN / Government Bonds,Buy / Purchase,47190.5,11,3,5.47,Dalam Limit Dealer,Limit Tersedia,Unconfirmed Deal Slip,Tanpa Verifikasi / Override Dealer,Sesuai Ketentuan BI <20%,Ya (Anomali),5,5,Transaksi dengan Deviasi Kurs / Yield Tidak Wajar (Off-Market Rate: 5.47%)
TRSY-0725,Head Office,SBN / Government Bonds,Sell / Placement,28824.17,14,1,0.04,Dalam Limit Dealer,Limit Tersedia,Konfirmasi Match,Terverifikasi Middle Office,Sesuai Ketentuan BI <20%,Tidak,2,1,-
TRSY-0726,Head Office,SBN / Government Bonds,Buy / Purchase,19424.51,9,2,0.02,Dalam Limit Dealer,Limit Tersedia,Konfirmasi Match,Terverifikasi Middle Office,Sesuai Ketentuan BI <20%,Tidak,1,1,-
TRSY-0727,Treasury Surabaya,SRBI / Sekuritas Rupiah BI,Sell / Placement,40000.0,13,4,0.02,Dalam Limit Dealer,Limit Tersedia,Konfirmasi Match,Terverifikasi Middle Office,Sesuai Ketentuan BI <20%,Tidak,1,1,-
TRSY-0728,Treasury Medan,FX Forward / Swap,Sell / Placement,10774.14,8,4,0.12,Dalam Limit Dealer,Limit Tersedia,Konfirmasi Match,Terverifikasi Middle Office,Sesuai Ketentuan BI <20%,Tidak,1,2,-
TRSY-0729,Treasury Jakarta,SRBI / Sekuritas Rupiah BI,Buy / Purchase,7884.98,9,5,0.11,Dalam Limit Dealer,Limit Tersedia,Konfirmasi Match,Terverifikasi Middle Office,Sesuai Ketentuan BI <20%,Tidak,1,2,-
TRSY-0730,Head Office,Repo / Reverse Repo,Buy / Purchase,5794.97,15,2,0.08,Dalam Limit Dealer,Limit Tersedia,Konfirmasi Match,Terverifikasi Middle Office,Sesuai Ketentuan BI <20%,Tidak,1,2,-
TRSY-0731,Treasury Jakarta,FX Spot,Sell / Placement,10369.42,12,1,0.11,Dalam Limit Dealer,Limit Tersedia,Konfirmasi Match,Terverifikasi Middle Office,Sesuai Ketentuan BI <20%,Tidak,1,1,-
TRSY-0732,Treasury Surabaya,SBN / Government Bonds,Buy / Purchase,9257.18,18,4,0.1,Dalam Limit Dealer,Limit Tersedia,Konfirmasi Match,Terverifikasi Middle Office,Sesuai Ketentuan BI <20%,Tidak,1,1,-
TRSY-0733,Singapore Branch,PUAB / Call Money,Buy / Purchase,3302.1,11,5,0.03,Dalam Limit Dealer,Limit Tersedia,Konfirmasi Match,Terverifikasi Middle Office,Sesuai Ketentuan BI <20%,Tidak,2,1,-
TRSY-0734,Singapore Branch,PUAB / Call Money,Buy / Purchase,2272.0,12,1,0.06,Dalam Limit Dealer,Limit Tersedia,Konfirmasi Match,Terverifikasi Middle Office,Sesuai Ketentuan BI <20%,Tidak,2,1,-
TRSY-0735,Head Office,FX Forward / Swap,Buy / Purchase,6510.94,8,5,0.06,Dalam Limit Dealer,Limit Tersedia,Konfirmasi Match,Terverifikasi Middle Office,Sesuai Ketentuan BI <20%,Tidak,1,1,-
TRSY-0736,Treasury Medan,FX Spot,Sell / Placement,9893.62,9,2,0.07,Dalam Limit Dealer,Limit Tersedia,Konfirmasi Match,Terverifikasi Middle Office,Sesuai Ketentuan BI <20%,Tidak,1,2,-
TRSY-0737,Treasury Surabaya,FX Forward / Swap,Buy / Purchase,6642.71,9,4,0.03,Dalam Limit Dealer,Limit Tersedia,Konfirmasi Match,Terverifikasi Middle Office,Sesuai Ketentuan BI <20%,Tidak,1,2,-
TRSY-0738,Singapore Branch,SRBI / Sekuritas Rupiah BI,Sell / Placement,9411.01,15,3,0.07,Dalam Limit Dealer,Limit Tersedia,Konfirmasi Match,Terverifikasi Middle Office,Sesuai Ketentuan BI <20%,Tidak,1,2,-
TRSY-0739,Treasury Surabaya,Repo / Reverse Repo,Buy / Purchase,4690.96,8,3,0.01,Dalam Limit Dealer,Limit Tersedia,Konfirmasi Match,Terverifikasi Middle Office,Sesuai Ketentuan BI <20%,Tidak,1,1,-
TRSY-0740,Treasury Surabaya,PUAB / Call Money,Sell / Placement,5246.35,18,4,0.02,Dalam Limit Dealer,Limit Tersedia,Konfirmasi Match,Terverifikasi Middle Office,Sesuai Ketentuan BI <20%,Tidak,1,1,-
TRSY-0741,Head Office,SRBI / Sekuritas Rupiah BI,Buy / Purchase,39378.31,9,3,0.05,Dalam Limit Dealer,Limit Tersedia,Konfirmasi Match,Terverifikasi Middle Office,Sesuai Ketentuan BI <20%,Tidak,2,2,-
TRSY-0742,Treasury Surabaya,Repo / Reverse Repo,Sell / Placement,24422.02,8,2,0.1,Dalam Limit Dealer,Limit Tersedia,Unconfirmed Deal Slip,Tanpa Verifikasi / Override Dealer,Sesuai Ketentuan BI <20%,Ya (Anomali),4,5,Risiko Operasional & Settlement: Konfirmasi Transaksi Unconfirmed Deal Slip
TRSY-0743,Head Office,SRBI / Sekuritas Rupiah BI,Buy / Purchase,9657.63,14,4,0.02,Dalam Limit Dealer,Limit Tersedia,Konfirmasi Match,Terverifikasi Middle Office,Sesuai Ketentuan BI <20%,Tidak,1,2,-
TRSY-0744,Head Office,SRBI / Sekuritas Rupiah BI,Buy / Purchase,8666.24,10,1,0.14,Dalam Limit Dealer,Limit Tersedia,Konfirmasi Match,Terverifikasi Middle Office,Sesuai Ketentuan BI <20%,Tidak,1,1,-
TRSY-0745,Treasury Jakarta,FX Spot,Sell / Placement,1155.52,10,2,0.04,Dalam Limit Dealer,Limit Tersedia,Konfirmasi Match,Terverifikasi Middle Office,Sesuai Ketentuan BI <20%,Tidak,2,1,-
TRSY-0746,Treasury Surabaya,FX Forward / Swap,Sell / Placement,73366.54,14,2,0.23,Dalam Limit Dealer,Limit Tersedia,Konfirmasi Match,Tanpa Verifikasi / Override Dealer,Potensi Melanggar Batas PDN,Ya (Anomali),5,5,Pelanggaran SoD: Dealer Melakukan Eksekusi Mandiri Tanpa Verifikasi Middle Office & Berisiko Melanggar Batas PDN BI
TRSY-0747,Treasury Surabaya,PUAB / Call Money,Sell / Placement,4310.12,9,4,0.01,Dalam Limit Dealer,Limit Tersedia,Konfirmasi Match,Terverifikasi Middle Office,Sesuai Ketentuan BI <20%,Tidak,1,1,-
TRSY-0748,Treasury Jakarta,FX Forward / Swap,Buy / Purchase,12053.2,13,1,0.04,Dalam Limit Dealer,Limit Tersedia,Konfirmasi Match,Terverifikasi Middle Office,Sesuai Ketentuan BI <20%,Tidak,1,2,-
TRSY-0749,Treasury Surabaya,PUAB / Call Money,Buy / Purchase,14511.53,11,3,0.05,Dalam Limit Dealer,Limit Tersedia,Konfirmasi Match,Terverifikasi Middle Office,Sesuai Ketentuan BI <20%,Tidak,1,1,-
TRSY-0750,Treasury Medan,PUAB / Call Money,Buy / Purchase,16369.96,10,5,0.11,Dalam Limit Dealer,Limit Tersedia,Konfirmasi Match,Terverifikasi Middle Office,Sesuai Ketentuan BI <20%,Tidak,2,2,-
TRSY-0751,Treasury Medan,PUAB / Call Money,Buy / Purchase,2433.27,16,5,0.13,Dalam Limit Dealer,Limit Tersedia,Konfirmasi Match,Terverifikasi Middle Office,Sesuai Ketentuan BI <20%,Tidak,1,1,-
TRSY-0752,Treasury Medan,SRBI / Sekuritas Rupiah BI,Buy / Purchase,33660.76,15,5,0.08,Dalam Limit Dealer,Limit Tersedia,Unconfirmed Deal Slip,Tanpa Verifikasi / Override Dealer,Sesuai Ketentuan BI <20%,Ya (Anomali),4,4,Risiko Operasional & Settlement: Konfirmasi Transaksi Unconfirmed Deal Slip
TRSY-0753,Singapore Branch,PUAB / Call Money,Sell / Placement,4763.79,13,5,0.29,Dalam Limit Dealer,Limit Tersedia,Konfirmasi Match,Terverifikasi Middle Office,Sesuai Ketentuan BI <20%,Tidak,1,1,-
TRSY-0754,Treasury Surabaya,Repo / Reverse Repo,Buy / Purchase,18586.75,14,1,0.06,Dalam Limit Dealer,Limit Tersedia,Konfirmasi Match,Terverifikasi Middle Office,Sesuai Ketentuan BI <20%,Tidak,2,2,-
TRSY-0755,Treasury Jakarta,PUAB / Call Money,Buy / Purchase,8677.12,9,1,0.04,Dalam Limit Dealer,Limit Tersedia,Konfirmasi Match,Terverifikasi Middle Office,Sesuai Ketentuan BI <20%,Tidak,1,1,-
TRSY-0756,Singapore Branch,PUAB / Call Money,Buy / Purchase,8798.24,8,4,0.11,Dalam Limit Dealer,Limit Tersedia,Konfirmasi Match,Terverifikasi Middle Office,Sesuai Ketentuan BI <20%,Tidak,1,1,-
TRSY-0757,Treasury Surabaya,FX Spot,Sell / Placement,13932.08,16,3,0.02,Dalam Limit Dealer,Limit Tersedia,Konfirmasi Match,Terverifikasi Middle Office,Sesuai Ketentuan BI <20%,Tidak,1,1,-
TRSY-0758,Treasury Medan,FX Forward / Swap,Sell / Placement,3286.67,13,5,0.05,Dalam Limit Dealer,Limit Tersedia,Konfirmasi Match,Terverifikasi Middle Office,Sesuai Ketentuan BI <20%,Tidak,1,2,-
TRSY-0759,Head Office,PUAB / Call Money,Buy / Purchase,2434.59,8,4,0.08,Dalam Limit Dealer,Limit Tersedia,Konfirmasi Match,Terverifikasi Middle Office,Sesuai Ketentuan BI <20%,Tidak,1,1,-
TRSY-0760,Treasury Jakarta,FX Spot,Sell / Placement,11151.78,8,3,0.09,Dalam Limit Dealer,Limit Tersedia,Konfirmasi Match,Terverifikasi Middle Office,Sesuai Ketentuan BI <20%,Tidak,1,1,-
TRSY-0761,Treasury Medan,PUAB / Call Money,Buy / Purchase,18764.8,18,5,0.06,Dalam Limit Dealer,Limit Tersedia,Konfirmasi Match,Terverifikasi Middle Office,Sesuai Ketentuan BI <20%,Tidak,2,2,-
TRSY-0762,Treasury Surabaya,SRBI / Sekuritas Rupiah BI,Sell / Placement,6309.76,14,3,0.06,Dalam Limit Dealer,Limit Tersedia,Konfirmasi Match,Terverifikasi Middle Office,Sesuai Ketentuan BI <20%,Tidak,1,1,-
TRSY-0763,Treasury Medan,SBN / Government Bonds,Sell / Placement,9598.82,8,2,0.23,Dalam Limit Dealer,Limit Tersedia,Konfirmasi Match,Terverifikasi Middle Office,Sesuai Ketentuan BI <20%,Tidak,2,1,-
TRSY-0764,Treasury Medan,FX Forward / Swap,Buy / Purchase,4721.46,9,1,0.19,Dalam Limit Dealer,Limit Tersedia,Konfirmasi Match,Terverifikasi Middle Office,Sesuai Ketentuan BI <20%,Tidak,1,1,-
TRSY-0765,Head Office,SRBI / Sekuritas Rupiah BI,Buy / Purchase,7573.6,8,3,0.05,Dalam Limit Dealer,Limit Tersedia,Konfirmasi Match,Terverifikasi Middle Office,Sesuai Ketentuan BI <20%,Tidak,2,1,-
TRSY-0766,Treasury Jakarta,PUAB / Call Money,Buy / Purchase,6017.08,17,4,0.02,Dalam Limit Dealer,Limit Tersedia,Konfirmasi Match,Terverifikasi Middle Office,Sesuai Ketentuan BI <20%,Tidak,2,1,-
TRSY-0767,Treasury Jakarta,FX Spot,Buy / Purchase,50177.25,14,5,0.3,Dalam Limit Dealer,Limit Tersedia,Konfirmasi Match,Tanpa Verifikasi / Override Dealer,Potensi Melanggar Batas PDN,Ya (Anomali),5,5,Pelanggaran SoD: Dealer Melakukan Eksekusi Mandiri Tanpa Verifikasi Middle Office & Berisiko Melanggar Batas PDN BI
TRSY-0768,Treasury Jakarta,FX Spot,Sell / Placement,2797.04,9,4,0.07,Dalam Limit Dealer,Limit Tersedia,Konfirmasi Match,Terverifikasi Middle Office,Sesuai Ketentuan BI <20%,Tidak,1,1,-
TRSY-0769,Treasury Jakarta,Repo / Reverse Repo,Buy / Purchase,2150.55,18,3,0.05,Dalam Limit Dealer,Limit Tersedia,Konfirmasi Match,Terverifikasi Middle Office,Sesuai Ketentuan BI <20%,Tidak,2,1,-
TRSY-0770,Singapore Branch,SBN / Government Bonds,Buy / Purchase,40000.0,15,3,0.03,Dalam Limit Dealer,Limit Tersedia,Konfirmasi Match,Terverifikasi Middle Office,Sesuai Ketentuan BI <20%,Tidak,1,1,-
TRSY-0771,Treasury Medan,SBN / Government Bonds,Sell / Placement,22843.57,9,2,0.09,Dalam Limit Dealer,Limit Tersedia,Konfirmasi Match,Terverifikasi Middle Office,Sesuai Ketentuan BI <20%,Tidak,1,1,-
TRSY-0772,Singapore Branch,SRBI / Sekuritas Rupiah BI,Sell / Placement,6697.92,14,1,0.08,Dalam Limit Dealer,Limit Tersedia,Konfirmasi Match,Terverifikasi Middle Office,Sesuai Ketentuan BI <20%,Tidak,1,1,-
TRSY-0773,Treasury Surabaya,Repo / Reverse Repo,Buy / Purchase,79517.85,16,1,0.25,Dalam Limit Dealer,Melampaui Limit Counterparty,Konfirmasi Match,Tanpa Verifikasi / Override Dealer,Sesuai Ketentuan BI <20%,Ya (Anomali),5,4,Pelanggaran Limit Kredit Counterparty Bank Lawan (Exceeded Counterparty Exposure Limit)
TRSY-0774,Treasury Medan,Repo / Reverse Repo,Buy / Purchase,3427.96,10,5,0.08,Dalam Limit Dealer,Limit Tersedia,Konfirmasi Match,Terverifikasi Middle Office,Sesuai Ketentuan BI <20%,Tidak,1,1,-
TRSY-0775,Head Office,Repo / Reverse Repo,Buy / Purchase,11194.87,18,5,0.05,Dalam Limit Dealer,Limit Tersedia,Konfirmasi Match,Terverifikasi Middle Office,Sesuai Ketentuan BI <20%,Tidak,1,2,-
TRSY-0776,Treasury Medan,SBN / Government Bonds,Sell / Placement,117237.36,16,3,0.07,Melampaui Limit Dealer,Limit Tersedia,Konfirmasi Match,Tanpa Verifikasi / Override Dealer,Sesuai Ketentuan BI <20%,Ya (Anomali),5,5,Pelanggaran Limit Wewenang Dealer (Dealer Trading Limit Breach: Rp 117237.36 Juta)
TRSY-0777,Singapore Branch,SBN / Government Bonds,Sell / Placement,40000.0,15,3,0.11,Dalam Limit Dealer,Limit Tersedia,Konfirmasi Match,Terverifikasi Middle Office,Sesuai Ketentuan BI <20%,Tidak,1,1,-
TRSY-0778,Treasury Medan,SBN / Government Bonds,Buy / Purchase,15482.33,12,3,0.05,Dalam Limit Dealer,Limit Tersedia,Konfirmasi Match,Terverifikasi Middle Office,Sesuai Ketentuan BI <20%,Tidak,1,1,-
TRSY-0779,Head Office,FX Forward / Swap,Sell / Placement,25000.0,10,1,0.19,Dalam Limit Dealer,Limit Tersedia,Konfirmasi Match,Terverifikasi Middle Office,Sesuai Ketentuan BI <20%,Tidak,1,1,-
TRSY-0780,Head Office,PUAB / Call Money,Buy / Purchase,26288.0,10,2,0.07,Dalam Limit Dealer,Limit Tersedia,Konfirmasi Match,Terverifikasi Middle Office,Sesuai Ketentuan BI <20%,Tidak,1,1,-
TRSY-0781,Treasury Jakarta,Repo / Reverse Repo,Sell / Placement,16325.21,12,1,0.34,Dalam Limit Dealer,Limit Tersedia,Konfirmasi Match,Terverifikasi Middle Office,Sesuai Ketentuan BI <20%,Tidak,2,2,-
TRSY-0782,Treasury Jakarta,SRBI / Sekuritas Rupiah BI,Sell / Placement,40000.0,11,4,0.07,Dalam Limit Dealer,Limit Tersedia,Konfirmasi Match,Terverifikasi Middle Office,Sesuai Ketentuan BI <20%,Tidak,2,1,-
TRSY-0783,Treasury Medan,PUAB / Call Money,Buy / Purchase,7426.47,14,3,0.04,Dalam Limit Dealer,Limit Tersedia,Konfirmasi Match,Terverifikasi Middle Office,Sesuai Ketentuan BI <20%,Tidak,1,1,-
TRSY-0784,Treasury Jakarta,SRBI / Sekuritas Rupiah BI,Sell / Placement,16816.31,10,4,0.04,Dalam Limit Dealer,Limit Tersedia,Konfirmasi Match,Terverifikasi Middle Office,Sesuai Ketentuan BI <20%,Tidak,1,1,-
TRSY-0785,Head Office,FX Forward / Swap,Buy / Purchase,5876.69,9,1,0.13,Dalam Limit Dealer,Limit Tersedia,Konfirmasi Match,Terverifikasi Middle Office,Sesuai Ketentuan BI <20%,Tidak,1,2,-
TRSY-0786,Head Office,Repo / Reverse Repo,Sell / Placement,3278.29,13,3,0.03,Dalam Limit Dealer,Limit Tersedia,Konfirmasi Match,Terverifikasi Middle Office,Sesuai Ketentuan BI <20%,Tidak,1,2,-
TRSY-0787,Head Office,SBN / Government Bonds,Sell / Placement,10142.07,12,3,0.03,Dalam Limit Dealer,Limit Tersedia,Konfirmasi Match,Terverifikasi Middle Office,Sesuai Ketentuan BI <20%,Tidak,1,1,-
TRSY-0788,Treasury Surabaya,SBN / Government Bonds,Buy / Purchase,20245.51,15,4,0.02,Dalam Limit Dealer,Limit Tersedia,Konfirmasi Match,Terverifikasi Middle Office,Sesuai Ketentuan BI <20%,Tidak,2,1,-
TRSY-0789,Singapore Branch,PUAB / Call Money,Sell / Placement,5648.39,9,5,0.05,Dalam Limit Dealer,Limit Tersedia,Konfirmasi Match,Terverifikasi Middle Office,Sesuai Ketentuan BI <20%,Tidak,2,1,-
TRSY-0790,Treasury Jakarta,FX Forward / Swap,Buy / Purchase,4486.31,11,4,0.02,Dalam Limit Dealer,Limit Tersedia,Konfirmasi Match,Terverifikasi Middle Office,Sesuai Ketentuan BI <20%,Tidak,2,1,-
TRSY-0791,Head Office,FX Forward / Swap,Buy / Purchase,7760.07,16,1,0.05,Dalam Limit Dealer,Limit Tersedia,Konfirmasi Match,Terverifikasi Middle Office,Sesuai Ketentuan BI <20%,Tidak,2,1,-
TRSY-0792,Head Office,FX Spot,Sell / Placement,5543.63,9,4,0.02,Dalam Limit Dealer,Limit Tersedia,Konfirmasi Match,Terverifikasi Middle Office,Sesuai Ketentuan BI <20%,Tidak,2,1,-
TRSY-0793,Treasury Surabaya,Repo / Reverse Repo,Buy / Purchase,30072.35,13,2,2.85,Dalam Limit Dealer,Limit Tersedia,Konfirmasi Match,Tanpa Verifikasi / Override Dealer,Sesuai Ketentuan BI <20%,Ya (Anomali),5,5,Transaksi dengan Deviasi Kurs / Yield Tidak Wajar (Off-Market Rate: 2.85%)
TRSY-0794,Head Office,FX Forward / Swap,Buy / Purchase,9020.03,10,5,0.01,Dalam Limit Dealer,Limit Tersedia,Konfirmasi Match,Terverifikasi Middle Office,Sesuai Ketentuan BI <20%,Tidak,1,2,-
TRSY-0795,Singapore Branch,PUAB / Call Money,Buy / Purchase,8784.19,15,5,0.19,Dalam Limit Dealer,Limit Tersedia,Konfirmasi Match,Terverifikasi Middle Office,Sesuai Ketentuan BI <20%,Tidak,1,1,-
TRSY-0796,Treasury Jakarta,FX Forward / Swap,Buy / Purchase,3029.73,10,4,0.12,Dalam Limit Dealer,Limit Tersedia,Konfirmasi Match,Terverifikasi Middle Office,Sesuai Ketentuan BI <20%,Tidak,2,2,-
TRSY-0797,Treasury Surabaya,FX Forward / Swap,Buy / Purchase,8674.37,8,5,0.04,Dalam Limit Dealer,Limit Tersedia,Konfirmasi Match,Terverifikasi Middle Office,Sesuai Ketentuan BI <20%,Tidak,1,1,-
TRSY-0798,Treasury Medan,FX Forward / Swap,Buy / Purchase,5666.15,12,2,0.06,Dalam Limit Dealer,Limit Tersedia,Konfirmasi Match,Terverifikasi Middle Office,Sesuai Ketentuan BI <20%,Tidak,2,2,-
TRSY-0799,Singapore Branch,SRBI / Sekuritas Rupiah BI,Sell / Placement,6073.1,12,2,0.07,Dalam Limit Dealer,Limit Tersedia,Konfirmasi Match,Terverifikasi Middle Office,Sesuai Ketentuan BI <20%,Tidak,2,2,-
TRSY-0800,Treasury Medan,SRBI / Sekuritas Rupiah BI,Sell / Placement,31014.68,14,3,0.02,Dalam Limit Dealer,Limit Tersedia,Konfirmasi Match,Terverifikasi Middle Office,Sesuai Ketentuan BI <20%,Tidak,1,2,-
TRSY-0801,Head Office,SRBI / Sekuritas Rupiah BI,Buy / Purchase,6913.9,15,2,0.03,Dalam Limit Dealer,Limit Tersedia,Konfirmasi Match,Terverifikasi Middle Office,Sesuai Ketentuan BI <20%,Tidak,1,1,-
TRSY-0802,Treasury Jakarta,SBN / Government Bonds,Buy / Purchase,11940.17,8,4,0.01,Dalam Limit Dealer,Limit Tersedia,Konfirmasi Match,Terverifikasi Middle Office,Sesuai Ketentuan BI <20%,Tidak,1,1,-
TRSY-0803,Treasury Medan,SBN / Government Bonds,Buy / Purchase,26730.31,9,1,0.03,Dalam Limit Dealer,Limit Tersedia,Konfirmasi Match,Terverifikasi Middle Office,Sesuai Ketentuan BI <20%,Tidak,1,1,-
TRSY-0804,Treasury Jakarta,FX Forward / Swap,Sell / Placement,2822.2,15,5,0.11,Dalam Limit Dealer,Limit Tersedia,Konfirmasi Match,Terverifikasi Middle Office,Sesuai Ketentuan BI <20%,Tidak,2,1,-
TRSY-0805,Treasury Surabaya,FX Spot,Sell / Placement,24582.64,10,2,0.04,Dalam Limit Dealer,Limit Tersedia,Konfirmasi Match,Terverifikasi Middle Office,Sesuai Ketentuan BI <20%,Tidak,1,1,-
TRSY-0806,Singapore Branch,FX Spot,Sell / Placement,8812.99,15,5,0.03,Dalam Limit Dealer,Limit Tersedia,Konfirmasi Match,Terverifikasi Middle Office,Sesuai Ketentuan BI <20%,Tidak,1,2,-
TRSY-0807,Singapore Branch,PUAB / Call Money,Buy / Purchase,21889.0,13,1,0.16,Dalam Limit Dealer,Limit Tersedia,Konfirmasi Match,Terverifikasi Middle Office,Sesuai Ketentuan BI <20%,Tidak,2,2,-
TRSY-0808,Singapore Branch,SBN / Government Bonds,Buy / Purchase,15851.92,12,3,0.04,Dalam Limit Dealer,Limit Tersedia,Konfirmasi Match,Terverifikasi Middle Office,Sesuai Ketentuan BI <20%,Tidak,1,2,-
TRSY-0809,Treasury Medan,SBN / Government Bonds,Buy / Purchase,40000.0,14,4,0.17,Dalam Limit Dealer,Limit Tersedia,Konfirmasi Match,Terverifikasi Middle Office,Sesuai Ketentuan BI <20%,Tidak,1,1,-
TRSY-0810,Treasury Jakarta,PUAB / Call Money,Buy / Purchase,5418.26,12,3,0.21,Dalam Limit Dealer,Limit Tersedia,Konfirmasi Match,Terverifikasi Middle Office,Sesuai Ketentuan BI <20%,Tidak,1,1,-
TRSY-0811,Treasury Medan,FX Forward / Swap,Sell / Placement,11405.88,16,5,0.28,Dalam Limit Dealer,Limit Tersedia,Konfirmasi Match,Terverifikasi Middle Office,Sesuai Ketentuan BI <20%,Tidak,1,1,-
TRSY-0812,Treasury Medan,SRBI / Sekuritas Rupiah BI,Buy / Purchase,12090.16,9,2,0.02,Dalam Limit Dealer,Limit Tersedia,Konfirmasi Match,Terverifikasi Middle Office,Sesuai Ketentuan BI <20%,Tidak,1,2,-
TRSY-0813,Treasury Surabaya,SRBI / Sekuritas Rupiah BI,Buy / Purchase,7406.2,9,5,0.05,Dalam Limit Dealer,Limit Tersedia,Konfirmasi Match,Terverifikasi Middle Office,Sesuai Ketentuan BI <20%,Tidak,1,2,-
TRSY-0814,Singapore Branch,FX Spot,Sell / Placement,1661.49,14,5,0.03,Dalam Limit Dealer,Limit Tersedia,Konfirmasi Match,Terverifikasi Middle Office,Sesuai Ketentuan BI <20%,Tidak,1,2,-
TRSY-0815,Singapore Branch,SRBI / Sekuritas Rupiah BI,Buy / Purchase,40000.0,15,5,0.11,Dalam Limit Dealer,Limit Tersedia,Konfirmasi Match,Terverifikasi Middle Office,Sesuai Ketentuan BI <20%,Tidak,2,2,-
TRSY-0816,Treasury Surabaya,PUAB / Call Money,Sell / Placement,13350.1,12,5,0.02,Dalam Limit Dealer,Limit Tersedia,Konfirmasi Match,Terverifikasi Middle Office,Sesuai Ketentuan BI <20%,Tidak,1,1,-
TRSY-0817,Singapore Branch,FX Forward / Swap,Buy / Purchase,10847.18,12,3,0.11,Dalam Limit Dealer,Limit Tersedia,Konfirmasi Match,Terverifikasi Middle Office,Sesuai Ketentuan BI <20%,Tidak,2,1,-
TRSY-0818,Head Office,PUAB / Call Money,Sell / Placement,8493.32,13,3,0.02,Dalam Limit Dealer,Limit Tersedia,Konfirmasi Match,Terverifikasi Middle Office,Sesuai Ketentuan BI <20%,Tidak,1,2,-
TRSY-0819,Treasury Medan,PUAB / Call Money,Buy / Purchase,5948.17,9,4,0.07,Dalam Limit Dealer,Limit Tersedia,Konfirmasi Match,Terverifikasi Middle Office,Sesuai Ketentuan BI <20%,Tidak,2,2,-
TRSY-0820,Treasury Medan,Repo / Reverse Repo,Buy / Purchase,95045.19,11,4,0.13,Melampaui Limit Dealer,Limit Tersedia,Konfirmasi Match,Tanpa Verifikasi / Override Dealer,Sesuai Ketentuan BI <20%,Ya (Anomali),5,4,Pelanggaran Limit Wewenang Dealer (Dealer Trading Limit Breach: Rp 95045.19 Juta)
TRSY-0821,Singapore Branch,Repo / Reverse Repo,Sell / Placement,4003.16,7,3,0.06,Dalam Limit Dealer,Limit Tersedia,Konfirmasi Match,Terverifikasi Middle Office,Sesuai Ketentuan BI <20%,Tidak,1,2,-
TRSY-0822,Treasury Surabaya,FX Spot,Sell / Placement,1347.87,14,5,0.11,Dalam Limit Dealer,Limit Tersedia,Konfirmasi Match,Terverifikasi Middle Office,Sesuai Ketentuan BI <20%,Tidak,2,2,-
TRSY-0823,Treasury Surabaya,SBN / Government Bonds,Sell / Placement,61948.74,14,5,0.1,Melampaui Limit Dealer,Limit Tersedia,Konfirmasi Match,Tanpa Verifikasi / Override Dealer,Sesuai Ketentuan BI <20%,Ya (Anomali),5,4,Pelanggaran Limit Wewenang Dealer (Dealer Trading Limit Breach: Rp 61948.74 Juta)
TRSY-0824,Singapore Branch,SBN / Government Bonds,Buy / Purchase,20373.98,15,2,0.16,Dalam Limit Dealer,Limit Tersedia,Konfirmasi Match,Terverifikasi Middle Office,Sesuai Ketentuan BI <20%,Tidak,1,2,-
TRSY-0825,Treasury Jakarta,FX Spot,Sell / Placement,6072.75,10,2,0.14,Dalam Limit Dealer,Limit Tersedia,Konfirmasi Match,Terverifikasi Middle Office,Sesuai Ketentuan BI <20%,Tidak,1,1,-
TRSY-0826,Treasury Medan,FX Spot,Sell / Placement,2999.21,12,3,0.05,Dalam Limit Dealer,Limit Tersedia,Konfirmasi Match,Terverifikasi Middle Office,Sesuai Ketentuan BI <20%,Tidak,2,1,-
TRSY-0827,Treasury Surabaya,FX Spot,Sell / Placement,18406.68,10,2,0.05,Dalam Limit Dealer,Limit Tersedia,Konfirmasi Match,Terverifikasi Middle Office,Sesuai Ketentuan BI <20%,Tidak,2,1,-
TRSY-0828,Treasury Jakarta,FX Forward / Swap,Sell / Placement,10606.87,16,1,0.02,Dalam Limit Dealer,Limit Tersedia,Konfirmasi Match,Terverifikasi Middle Office,Sesuai Ketentuan BI <20%,Tidak,2,1,-
TRSY-0829,Treasury Jakarta,FX Spot,Buy / Purchase,2993.16,9,1,0.05,Dalam Limit Dealer,Limit Tersedia,Konfirmasi Match,Terverifikasi Middle Office,Sesuai Ketentuan BI <20%,Tidak,1,1,-
TRSY-0830,Treasury Surabaya,FX Spot,Sell / Placement,11016.57,15,2,0.03,Dalam Limit Dealer,Limit Tersedia,Konfirmasi Match,Terverifikasi Middle Office,Sesuai Ketentuan BI <20%,Tidak,1,1,-
TRSY-0831,Head Office,FX Forward / Swap,Buy / Purchase,12641.39,12,1,0.08,Dalam Limit Dealer,Limit Tersedia,Konfirmasi Match,Terverifikasi Middle Office,Sesuai Ketentuan BI <20%,Tidak,1,2,-
TRSY-0832,Treasury Medan,PUAB / Call Money,Sell / Placement,4908.24,9,2,0.03,Dalam Limit Dealer,Limit Tersedia,Konfirmasi Match,Terverifikasi Middle Office,Sesuai Ketentuan BI <20%,Tidak,2,1,-
TRSY-0833,Treasury Medan,Repo / Reverse Repo,Buy / Purchase,11139.27,14,2,0.01,Dalam Limit Dealer,Limit Tersedia,Konfirmasi Match,Terverifikasi Middle Office,Sesuai Ketentuan BI <20%,Tidak,1,2,-
TRSY-0834,Treasury Jakarta,FX Forward / Swap,Sell / Placement,61039.9,3,7,0.18,Dalam Limit Dealer,Limit Tersedia,Unconfirmed Deal Slip,Tanpa Verifikasi / Override Dealer,Sesuai Ketentuan BI <20%,Ya (Anomali),5,4,Transaksi Nilai Sangat Besar Dini Hari di Luar Jam Pasar Tanpa Otorisasi (Jam 3)
TRSY-0835,Treasury Medan,SBN / Government Bonds,Buy / Purchase,18293.13,8,5,0.09,Dalam Limit Dealer,Limit Tersedia,Konfirmasi Match,Terverifikasi Middle Office,Sesuai Ketentuan BI <20%,Tidak,1,1,-
TRSY-0836,Treasury Jakarta,SBN / Government Bonds,Sell / Placement,12576.75,11,4,0.01,Dalam Limit Dealer,Limit Tersedia,Konfirmasi Match,Terverifikasi Middle Office,Sesuai Ketentuan BI <20%,Tidak,1,1,-
TRSY-0837,Treasury Surabaya,SRBI / Sekuritas Rupiah BI,Sell / Placement,21149.38,18,5,0.03,Dalam Limit Dealer,Limit Tersedia,Konfirmasi Match,Terverifikasi Middle Office,Sesuai Ketentuan BI <20%,Tidak,1,1,-
TRSY-0838,Treasury Jakarta,SBN / Government Bonds,Sell / Placement,16374.47,10,5,0.07,Dalam Limit Dealer,Limit Tersedia,Konfirmasi Match,Terverifikasi Middle Office,Sesuai Ketentuan BI <20%,Tidak,1,2,-
TRSY-0839,Treasury Jakarta,PUAB / Call Money,Buy / Purchase,9833.15,15,4,0.01,Dalam Limit Dealer,Limit Tersedia,Konfirmasi Match,Terverifikasi Middle Office,Sesuai Ketentuan BI <20%,Tidak,2,1,-
TRSY-0840,Treasury Jakarta,SBN / Government Bonds,Buy / Purchase,5665.75,8,2,0.02,Dalam Limit Dealer,Limit Tersedia,Konfirmasi Match,Terverifikasi Middle Office,Sesuai Ketentuan BI <20%,Tidak,1,1,-
TRSY-0841,Singapore Branch,FX Forward / Swap,Sell / Placement,25000.0,8,1,0.02,Dalam Limit Dealer,Limit Tersedia,Konfirmasi Match,Terverifikasi Middle Office,Sesuai Ketentuan BI <20%,Tidak,1,1,-
TRSY-0842,Treasury Jakarta,FX Forward / Swap,Sell / Placement,3630.34,8,3,0.06,Dalam Limit Dealer,Limit Tersedia,Konfirmasi Match,Terverifikasi Middle Office,Sesuai Ketentuan BI <20%,Tidak,1,1,-
TRSY-0843,Treasury Jakarta,SBN / Government Bonds,Sell / Placement,38256.56,12,2,0.06,Dalam Limit Dealer,Limit Tersedia,Konfirmasi Match,Terverifikasi Middle Office,Sesuai Ketentuan BI <20%,Tidak,1,1,-
TRSY-0844,Head Office,SBN / Government Bonds,Buy / Purchase,13145.2,13,2,0.04,Dalam Limit Dealer,Limit Tersedia,Konfirmasi Match,Terverifikasi Middle Office,Sesuai Ketentuan BI <20%,Tidak,2,2,-
TRSY-0845,Treasury Surabaya,FX Forward / Swap,Buy / Purchase,7462.49,16,5,0.16,Dalam Limit Dealer,Limit Tersedia,Konfirmasi Match,Terverifikasi Middle Office,Sesuai Ketentuan BI <20%,Tidak,2,2,-
TRSY-0846,Singapore Branch,SBN / Government Bonds,Buy / Purchase,38016.81,10,2,0.05,Dalam Limit Dealer,Limit Tersedia,Konfirmasi Match,Terverifikasi Middle Office,Sesuai Ketentuan BI <20%,Tidak,1,1,-
TRSY-0847,Singapore Branch,FX Forward / Swap,Buy / Purchase,76401.8,22,7,0.41,Dalam Limit Dealer,Limit Tersedia,Unconfirmed Deal Slip,Tanpa Verifikasi / Override Dealer,Sesuai Ketentuan BI <20%,Ya (Anomali),5,5,Transaksi Nilai Sangat Besar Dini Hari di Luar Jam Pasar Tanpa Otorisasi (Jam 22)
TRSY-0848,Singapore Branch,FX Spot,Sell / Placement,85116.49,16,1,0.39,Dalam Limit Dealer,Limit Tersedia,Konfirmasi Match,Tanpa Verifikasi / Override Dealer,Potensi Melanggar Batas PDN,Ya (Anomali),5,5,Pelanggaran SoD: Dealer Melakukan Eksekusi Mandiri Tanpa Verifikasi Middle Office & Berisiko Melanggar Batas PDN BI
TRSY-0849,Singapore Branch,Repo / Reverse Repo,Sell / Placement,8853.33,13,2,0.06,Dalam Limit Dealer,Limit Tersedia,Konfirmasi Match,Terverifikasi Middle Office,Sesuai Ketentuan BI <20%,Tidak,1,1,-
TRSY-0850,Treasury Surabaya,FX Spot,Sell / Placement,11935.55,15,2,0.01,Dalam Limit Dealer,Limit Tersedia,Konfirmasi Match,Terverifikasi Middle Office,Sesuai Ketentuan BI <20%,Tidak,1,1,-
TRSY-0851,Treasury Jakarta,SBN / Government Bonds,Sell / Placement,10579.3,8,2,0.12,Dalam Limit Dealer,Limit Tersedia,Konfirmasi Match,Terverifikasi Middle Office,Sesuai Ketentuan BI <20%,Tidak,1,2,-
TRSY-0852,Head Office,FX Forward / Swap,Buy / Purchase,9257.03,7,3,0.06,Dalam Limit Dealer,Limit Tersedia,Konfirmasi Match,Terverifikasi Middle Office,Sesuai Ketentuan BI <20%,Tidak,1,2,-
TRSY-0853,Treasury Jakarta,SRBI / Sekuritas Rupiah BI,Buy / Purchase,23586.11,9,4,0.02,Dalam Limit Dealer,Limit Tersedia,Konfirmasi Match,Terverifikasi Middle Office,Sesuai Ketentuan BI <20%,Tidak,1,2,-
TRSY-0854,Treasury Surabaya,FX Forward / Swap,Sell / Placement,3082.61,9,2,0.06,Dalam Limit Dealer,Limit Tersedia,Konfirmasi Match,Terverifikasi Middle Office,Sesuai Ketentuan BI <20%,Tidak,1,1,-
TRSY-0855,Singapore Branch,SBN / Government Bonds,Sell / Placement,40000.0,15,4,0.04,Dalam Limit Dealer,Limit Tersedia,Konfirmasi Match,Terverifikasi Middle Office,Sesuai Ketentuan BI <20%,Tidak,2,1,-
TRSY-0856,Treasury Jakarta,Repo / Reverse Repo,Sell / Placement,2060.65,15,3,0.01,Dalam Limit Dealer,Limit Tersedia,Konfirmasi Match,Terverifikasi Middle Office,Sesuai Ketentuan BI <20%,Tidak,1,1,-
TRSY-0857,Treasury Medan,FX Spot,Buy / Purchase,1578.84,10,1,0.12,Dalam Limit Dealer,Limit Tersedia,Konfirmasi Match,Terverifikasi Middle Office,Sesuai Ketentuan BI <20%,Tidak,1,1,-
TRSY-0858,Singapore Branch,FX Forward / Swap,Sell / Placement,41702.31,15,1,0.25,Dalam Limit Dealer,Melampaui Limit Counterparty,Konfirmasi Match,Tanpa Verifikasi / Override Dealer,Sesuai Ketentuan BI <20%,Ya (Anomali),4,4,Pelanggaran Limit Kredit Counterparty Bank Lawan (Exceeded Counterparty Exposure Limit)
TRSY-0859,Head Office,FX Forward / Swap,Buy / Purchase,1613.4,13,4,0.05,Dalam Limit Dealer,Limit Tersedia,Konfirmasi Match,Terverifikasi Middle Office,Sesuai Ketentuan BI <20%,Tidak,2,1,-
TRSY-0860,Treasury Jakarta,SRBI / Sekuritas Rupiah BI,Sell / Placement,12423.8,11,5,0.02,Dalam Limit Dealer,Limit Tersedia,Konfirmasi Match,Terverifikasi Middle Office,Sesuai Ketentuan BI <20%,Tidak,1,1,-
TRSY-0861,Treasury Jakarta,Repo / Reverse Repo,Sell / Placement,32837.6,9,1,0.28,Dalam Limit Dealer,Limit Tersedia,Unconfirmed Deal Slip,Tanpa Verifikasi / Override Dealer,Sesuai Ketentuan BI <20%,Ya (Anomali),4,5,Risiko Operasional & Settlement: Konfirmasi Transaksi Unconfirmed Deal Slip
TRSY-0862,Treasury Medan,SRBI / Sekuritas Rupiah BI,Sell / Placement,33729.02,8,2,0.1,Dalam Limit Dealer,Limit Tersedia,Konfirmasi Match,Terverifikasi Middle Office,Sesuai Ketentuan BI <20%,Tidak,1,1,-
TRSY-0863,Head Office,SRBI / Sekuritas Rupiah BI,Sell / Placement,39846.91,15,5,0.05,Dalam Limit Dealer,Limit Tersedia,Unconfirmed Deal Slip,Tanpa Verifikasi / Override Dealer,Sesuai Ketentuan BI <20%,Ya (Anomali),4,4,Risiko Operasional & Settlement: Konfirmasi Transaksi Unconfirmed Deal Slip
TRSY-0864,Singapore Branch,SBN / Government Bonds,Buy / Purchase,25592.94,12,2,0.02,Dalam Limit Dealer,Limit Tersedia,Konfirmasi Match,Terverifikasi Middle Office,Sesuai Ketentuan BI <20%,Tidak,2,2,-
TRSY-0865,Treasury Surabaya,SBN / Government Bonds,Sell / Placement,49890.52,9,2,0.11,Dalam Limit Dealer,Limit Tersedia,Mismatched Deal,Tanpa Verifikasi / Override Dealer,Sesuai Ketentuan BI <20%,Ya (Anomali),4,4,Risiko Operasional & Settlement: Konfirmasi Transaksi Mismatched Deal
TRSY-0866,Treasury Surabaya,Repo / Reverse Repo,Buy / Purchase,13400.95,11,1,0.07,Dalam Limit Dealer,Limit Tersedia,Konfirmasi Match,Terverifikasi Middle Office,Sesuai Ketentuan BI <20%,Tidak,1,2,-
TRSY-0867,Treasury Jakarta,FX Spot,Sell / Placement,14043.77,8,3,0.08,Dalam Limit Dealer,Limit Tersedia,Konfirmasi Match,Terverifikasi Middle Office,Sesuai Ketentuan BI <20%,Tidak,2,1,-
TRSY-0868,Head Office,SBN / Government Bonds,Sell / Placement,38691.86,18,3,0.03,Dalam Limit Dealer,Limit Tersedia,Konfirmasi Match,Terverifikasi Middle Office,Sesuai Ketentuan BI <20%,Tidak,1,1,-
TRSY-0869,Treasury Jakarta,SBN / Government Bonds,Sell / Placement,22255.3,10,3,0.04,Dalam Limit Dealer,Limit Tersedia,Konfirmasi Match,Terverifikasi Middle Office,Sesuai Ketentuan BI <20%,Tidak,1,1,-
TRSY-0870,Treasury Jakarta,FX Spot,Buy / Purchase,1786.87,12,3,0.1,Dalam Limit Dealer,Limit Tersedia,Konfirmasi Match,Terverifikasi Middle Office,Sesuai Ketentuan BI <20%,Tidak,2,1,-
TRSY-0871,Treasury Surabaya,FX Spot,Sell / Placement,52935.14,14,2,0.24,Melampaui Limit Dealer,Limit Tersedia,Konfirmasi Match,Tanpa Verifikasi / Override Dealer,Sesuai Ketentuan BI <20%,Ya (Anomali),5,5,Pelanggaran Limit Wewenang Dealer (Dealer Trading Limit Breach: Rp 52935.14 Juta)
TRSY-0872,Treasury Jakarta,SBN / Government Bonds,Buy / Purchase,27534.27,10,3,0.17,Dalam Limit Dealer,Limit Tersedia,Konfirmasi Match,Terverifikasi Middle Office,Sesuai Ketentuan BI <20%,Tidak,2,1,-
TRSY-0873,Singapore Branch,SRBI / Sekuritas Rupiah BI,Sell / Placement,12832.83,13,3,0.01,Dalam Limit Dealer,Limit Tersedia,Konfirmasi Match,Terverifikasi Middle Office,Sesuai Ketentuan BI <20%,Tidak,1,1,-
TRSY-0874,Treasury Surabaya,FX Forward / Swap,Sell / Placement,1283.02,12,3,0.08,Dalam Limit Dealer,Limit Tersedia,Konfirmasi Match,Terverifikasi Middle Office,Sesuai Ketentuan BI <20%,Tidak,1,1,-
TRSY-0875,Head Office,FX Forward / Swap,Buy / Purchase,3720.09,10,5,0.04,Dalam Limit Dealer,Limit Tersedia,Konfirmasi Match,Terverifikasi Middle Office,Sesuai Ketentuan BI <20%,Tidak,1,2,-
TRSY-0876,Treasury Medan,SBN / Government Bonds,Buy / Purchase,5353.16,8,2,0.07,Dalam Limit Dealer,Limit Tersedia,Konfirmasi Match,Terverifikasi Middle Office,Sesuai Ketentuan BI <20%,Tidak,1,1,-
TRSY-0877,Treasury Medan,PUAB / Call Money,Sell / Placement,23473.94,11,3,0.08,Dalam Limit Dealer,Limit Tersedia,Konfirmasi Match,Terverifikasi Middle Office,Sesuai Ketentuan BI <20%,Tidak,1,1,-
TRSY-0878,Singapore Branch,SBN / Government Bonds,Buy / Purchase,15900.79,8,3,0.09,Dalam Limit Dealer,Limit Tersedia,Konfirmasi Match,Terverifikasi Middle Office,Sesuai Ketentuan BI <20%,Tidak,2,1,-
TRSY-0879,Treasury Jakarta,FX Forward / Swap,Sell / Placement,1150.46,17,4,0.01,Dalam Limit Dealer,Limit Tersedia,Konfirmasi Match,Terverifikasi Middle Office,Sesuai Ketentuan BI <20%,Tidak,1,1,-
TRSY-0880,Singapore Branch,PUAB / Call Money,Buy / Purchase,49383.66,9,4,0.1,Melampaui Limit Dealer,Limit Tersedia,Konfirmasi Match,Tanpa Verifikasi / Override Dealer,Sesuai Ketentuan BI <20%,Ya (Anomali),5,5,Pelanggaran Limit Wewenang Dealer (Dealer Trading Limit Breach: Rp 49383.66 Juta)
TRSY-0881,Singapore Branch,SBN / Government Bonds,Buy / Purchase,30790.97,11,3,0.08,Dalam Limit Dealer,Limit Tersedia,Konfirmasi Match,Terverifikasi Middle Office,Sesuai Ketentuan BI <20%,Tidak,2,1,-
TRSY-0882,Treasury Surabaya,SBN / Government Bonds,Buy / Purchase,6978.52,11,2,0.13,Dalam Limit Dealer,Limit Tersedia,Konfirmasi Match,Terverifikasi Middle Office,Sesuai Ketentuan BI <20%,Tidak,1,1,-
TRSY-0883,Head Office,FX Spot,Sell / Placement,5983.93,12,3,0.03,Dalam Limit Dealer,Limit Tersedia,Konfirmasi Match,Terverifikasi Middle Office,Sesuai Ketentuan BI <20%,Tidak,1,2,-
TRSY-0884,Head Office,FX Spot,Sell / Placement,9989.11,12,4,0.07,Dalam Limit Dealer,Limit Tersedia,Konfirmasi Match,Terverifikasi Middle Office,Sesuai Ketentuan BI <20%,Tidak,1,1,-
TRSY-0885,Treasury Medan,PUAB / Call Money,Sell / Placement,7759.47,7,4,0.06,Dalam Limit Dealer,Limit Tersedia,Konfirmasi Match,Terverifikasi Middle Office,Sesuai Ketentuan BI <20%,Tidak,1,1,-
TRSY-0886,Treasury Surabaya,FX Forward / Swap,Buy / Purchase,3018.19,8,1,0.2,Dalam Limit Dealer,Limit Tersedia,Konfirmasi Match,Terverifikasi Middle Office,Sesuai Ketentuan BI <20%,Tidak,1,1,-
TRSY-0887,Singapore Branch,FX Forward / Swap,Sell / Placement,4282.29,8,4,0.11,Dalam Limit Dealer,Limit Tersedia,Konfirmasi Match,Terverifikasi Middle Office,Sesuai Ketentuan BI <20%,Tidak,2,2,-
TRSY-0888,Singapore Branch,FX Forward / Swap,Buy / Purchase,13162.38,11,5,0.07,Dalam Limit Dealer,Limit Tersedia,Konfirmasi Match,Terverifikasi Middle Office,Sesuai Ketentuan BI <20%,Tidak,1,1,-
TRSY-0889,Head Office,Repo / Reverse Repo,Buy / Purchase,30174.41,22,6,0.33,Dalam Limit Dealer,Limit Tersedia,Unconfirmed Deal Slip,Tanpa Verifikasi / Override Dealer,Sesuai Ketentuan BI <20%,Ya (Anomali),5,4,Transaksi Nilai Sangat Besar Dini Hari di Luar Jam Pasar Tanpa Otorisasi (Jam 22)
TRSY-0890,Treasury Medan,SRBI / Sekuritas Rupiah BI,Sell / Placement,12737.27,15,3,0.04,Dalam Limit Dealer,Limit Tersedia,Konfirmasi Match,Terverifikasi Middle Office,Sesuai Ketentuan BI <20%,Tidak,1,1,-
TRSY-0891,Singapore Branch,FX Forward / Swap,Buy / Purchase,2026.49,13,4,0.13,Dalam Limit Dealer,Limit Tersedia,Konfirmasi Match,Terverifikasi Middle Office,Sesuai Ketentuan BI <20%,Tidak,1,2,-
TRSY-0892,Treasury Jakarta,FX Spot,Buy / Purchase,3335.59,12,3,0.02,Dalam Limit Dealer,Limit Tersedia,Konfirmasi Match,Terverifikasi Middle Office,Sesuai Ketentuan BI <20%,Tidak,2,2,-
TRSY-0893,Head Office,PUAB / Call Money,Sell / Placement,26776.37,9,1,0.3,Dalam Limit Dealer,Limit Tersedia,Mismatched Deal,Tanpa Verifikasi / Override Dealer,Sesuai Ketentuan BI <20%,Ya (Anomali),4,5,Risiko Operasional & Settlement: Konfirmasi Transaksi Mismatched Deal
TRSY-0894,Treasury Medan,Repo / Reverse Repo,Sell / Placement,65987.97,11,4,0.18,Melampaui Limit Dealer,Limit Tersedia,Konfirmasi Match,Tanpa Verifikasi / Override Dealer,Sesuai Ketentuan BI <20%,Ya (Anomali),5,4,Pelanggaran Limit Wewenang Dealer (Dealer Trading Limit Breach: Rp 65987.97 Juta)
TRSY-0895,Head Office,Repo / Reverse Repo,Sell / Placement,17950.58,16,2,0.13,Dalam Limit Dealer,Limit Tersedia,Konfirmasi Match,Terverifikasi Middle Office,Sesuai Ketentuan BI <20%,Tidak,1,2,-
TRSY-0896,Treasury Jakarta,FX Spot,Sell / Placement,6803.29,16,1,0.02,Dalam Limit Dealer,Limit Tersedia,Konfirmasi Match,Terverifikasi Middle Office,Sesuai Ketentuan BI <20%,Tidak,1,1,-
TRSY-0897,Treasury Jakarta,SBN / Government Bonds,Sell / Placement,8253.29,14,3,4.21,Dalam Limit Dealer,Limit Tersedia,Konfirmasi Match,Tanpa Verifikasi / Override Dealer,Sesuai Ketentuan BI <20%,Ya (Anomali),5,5,Transaksi dengan Deviasi Kurs / Yield Tidak Wajar (Off-Market Rate: 4.21%)
TRSY-0898,Singapore Branch,PUAB / Call Money,Buy / Purchase,7759.62,10,3,0.03,Dalam Limit Dealer,Limit Tersedia,Konfirmasi Match,Terverifikasi Middle Office,Sesuai Ketentuan BI <20%,Tidak,1,1,-
TRSY-0899,Singapore Branch,PUAB / Call Money,Buy / Purchase,4893.79,13,5,0.04,Dalam Limit Dealer,Limit Tersedia,Konfirmasi Match,Terverifikasi Middle Office,Sesuai Ketentuan BI <20%,Tidak,1,1,-
TRSY-0900,Treasury Jakarta,PUAB / Call Money,Buy / Purchase,9868.5,11,4,0.03,Dalam Limit Dealer,Limit Tersedia,Konfirmasi Match,Terverifikasi Middle Office,Sesuai Ketentuan BI <20%,Tidak,2,2,-
TRSY-0901,Treasury Surabaya,PUAB / Call Money,Sell / Placement,5113.49,11,4,0.05,Dalam Limit Dealer,Limit Tersedia,Konfirmasi Match,Terverifikasi Middle Office,Sesuai Ketentuan BI <20%,Tidak,1,1,-
TRSY-0902,Head Office,SBN / Government Bonds,Sell / Placement,29773.0,17,4,0.03,Dalam Limit Dealer,Limit Tersedia,Konfirmasi Match,Terverifikasi Middle Office,Sesuai Ketentuan BI <20%,Tidak,2,1,-
TRSY-0903,Head Office,FX Spot,Sell / Placement,13148.15,8,4,0.01,Dalam Limit Dealer,Limit Tersedia,Konfirmasi Match,Terverifikasi Middle Office,Sesuai Ketentuan BI <20%,Tidak,1,2,-
TRSY-0904,Head Office,SBN / Government Bonds,Buy / Purchase,33148.36,9,3,0.03,Dalam Limit Dealer,Limit Tersedia,Konfirmasi Match,Terverifikasi Middle Office,Sesuai Ketentuan BI <20%,Tidak,2,1,-
TRSY-0905,Treasury Surabaya,SRBI / Sekuritas Rupiah BI,Buy / Purchase,26313.97,9,1,0.03,Dalam Limit Dealer,Limit Tersedia,Konfirmasi Match,Terverifikasi Middle Office,Sesuai Ketentuan BI <20%,Tidak,1,1,-
TRSY-0906,Singapore Branch,SRBI / Sekuritas Rupiah BI,Buy / Purchase,38046.17,10,5,0.09,Dalam Limit Dealer,Limit Tersedia,Konfirmasi Match,Terverifikasi Middle Office,Sesuai Ketentuan BI <20%,Tidak,2,1,-
TRSY-0907,Treasury Medan,FX Spot,Buy / Purchase,7564.37,16,2,0.07,Dalam Limit Dealer,Limit Tersedia,Konfirmasi Match,Terverifikasi Middle Office,Sesuai Ketentuan BI <20%,Tidak,1,1,-
TRSY-0908,Head Office,SRBI / Sekuritas Rupiah BI,Buy / Purchase,116340.97,13,3,0.07,Melampaui Limit Dealer,Limit Tersedia,Konfirmasi Match,Tanpa Verifikasi / Override Dealer,Sesuai Ketentuan BI <20%,Ya (Anomali),5,4,Pelanggaran Limit Wewenang Dealer (Dealer Trading Limit Breach: Rp 116340.97 Juta)
TRSY-0909,Singapore Branch,Repo / Reverse Repo,Sell / Placement,4958.5,8,5,0.03,Dalam Limit Dealer,Limit Tersedia,Konfirmasi Match,Terverifikasi Middle Office,Sesuai Ketentuan BI <20%,Tidak,1,1,-
TRSY-0910,Head Office,SBN / Government Bonds,Buy / Purchase,11331.8,16,1,0.14,Dalam Limit Dealer,Limit Tersedia,Konfirmasi Match,Terverifikasi Middle Office,Sesuai Ketentuan BI <20%,Tidak,1,1,-
TRSY-0911,Treasury Medan,PUAB / Call Money,Buy / Purchase,5678.54,17,4,0.03,Dalam Limit Dealer,Limit Tersedia,Konfirmasi Match,Terverifikasi Middle Office,Sesuai Ketentuan BI <20%,Tidak,1,1,-
TRSY-0912,Treasury Surabaya,PUAB / Call Money,Buy / Purchase,31673.75,14,3,0.02,Dalam Limit Dealer,Limit Tersedia,Konfirmasi Match,Terverifikasi Middle Office,Sesuai Ketentuan BI <20%,Tidak,2,1,-
TRSY-0913,Head Office,SBN / Government Bonds,Sell / Placement,97523.07,14,5,0.28,Melampaui Limit Dealer,Limit Tersedia,Konfirmasi Match,Tanpa Verifikasi / Override Dealer,Sesuai Ketentuan BI <20%,Ya (Anomali),5,5,Pelanggaran Limit Wewenang Dealer (Dealer Trading Limit Breach: Rp 97523.07 Juta)
TRSY-0914,Treasury Surabaya,PUAB / Call Money,Buy / Purchase,31867.05,12,1,0.06,Dalam Limit Dealer,Limit Tersedia,Konfirmasi Match,Terverifikasi Middle Office,Sesuai Ketentuan BI <20%,Tidak,1,1,-
TRSY-0915,Treasury Surabaya,PUAB / Call Money,Buy / Purchase,9467.94,13,3,0.05,Dalam Limit Dealer,Limit Tersedia,Konfirmasi Match,Terverifikasi Middle Office,Sesuai Ketentuan BI <20%,Tidak,1,1,-
TRSY-0916,Treasury Medan,SBN / Government Bonds,Sell / Placement,20463.19,9,5,0.09,Dalam Limit Dealer,Limit Tersedia,Konfirmasi Match,Terverifikasi Middle Office,Sesuai Ketentuan BI <20%,Tidak,1,2,-
TRSY-0917,Singapore Branch,FX Spot,Sell / Placement,2596.74,9,4,0.04,Dalam Limit Dealer,Limit Tersedia,Konfirmasi Match,Terverifikasi Middle Office,Sesuai Ketentuan BI <20%,Tidak,2,1,-
TRSY-0918,Treasury Surabaya,FX Forward / Swap,Sell / Placement,2214.83,13,4,0.06,Dalam Limit Dealer,Limit Tersedia,Konfirmasi Match,Terverifikasi Middle Office,Sesuai Ketentuan BI <20%,Tidak,1,1,-
TRSY-0919,Treasury Surabaya,PUAB / Call Money,Sell / Placement,2298.93,11,3,0.01,Dalam Limit Dealer,Limit Tersedia,Konfirmasi Match,Terverifikasi Middle Office,Sesuai Ketentuan BI <20%,Tidak,1,1,-
TRSY-0920,Treasury Surabaya,PUAB / Call Money,Sell / Placement,6804.72,13,2,0.01,Dalam Limit Dealer,Limit Tersedia,Konfirmasi Match,Terverifikasi Middle Office,Sesuai Ketentuan BI <20%,Tidak,2,1,-
TRSY-0921,Treasury Medan,SRBI / Sekuritas Rupiah BI,Buy / Purchase,5156.99,16,2,0.07,Dalam Limit Dealer,Limit Tersedia,Konfirmasi Match,Terverifikasi Middle Office,Sesuai Ketentuan BI <20%,Tidak,1,2,-
TRSY-0922,Head Office,FX Spot,Sell / Placement,11549.1,17,5,0.13,Dalam Limit Dealer,Limit Tersedia,Konfirmasi Match,Terverifikasi Middle Office,Sesuai Ketentuan BI <20%,Tidak,1,1,-
TRSY-0923,Singapore Branch,SRBI / Sekuritas Rupiah BI,Sell / Placement,9255.19,11,3,0.1,Dalam Limit Dealer,Limit Tersedia,Konfirmasi Match,Terverifikasi Middle Office,Sesuai Ketentuan BI <20%,Tidak,2,1,-
TRSY-0924,Treasury Jakarta,SBN / Government Bonds,Buy / Purchase,40000.0,11,2,0.05,Dalam Limit Dealer,Limit Tersedia,Konfirmasi Match,Terverifikasi Middle Office,Sesuai Ketentuan BI <20%,Tidak,1,2,-
TRSY-0925,Singapore Branch,SBN / Government Bonds,Sell / Placement,16084.28,12,1,0.01,Dalam Limit Dealer,Limit Tersedia,Konfirmasi Match,Terverifikasi Middle Office,Sesuai Ketentuan BI <20%,Tidak,1,1,-
TRSY-0926,Treasury Jakarta,Repo / Reverse Repo,Buy / Purchase,9764.48,10,3,0.02,Dalam Limit Dealer,Limit Tersedia,Konfirmasi Match,Terverifikasi Middle Office,Sesuai Ketentuan BI <20%,Tidak,1,1,-
TRSY-0927,Singapore Branch,SRBI / Sekuritas Rupiah BI,Buy / Purchase,28746.8,11,3,0.34,Dalam Limit Dealer,Limit Tersedia,Konfirmasi Match,Terverifikasi Middle Office,Sesuai Ketentuan BI <20%,Tidak,1,2,-
TRSY-0928,Treasury Surabaya,FX Spot,Sell / Placement,11761.24,14,3,0.13,Dalam Limit Dealer,Limit Tersedia,Konfirmasi Match,Terverifikasi Middle Office,Sesuai Ketentuan BI <20%,Tidak,1,2,-
TRSY-0929,Treasury Jakarta,FX Spot,Sell / Placement,2074.31,15,5,0.03,Dalam Limit Dealer,Limit Tersedia,Konfirmasi Match,Terverifikasi Middle Office,Sesuai Ketentuan BI <20%,Tidak,1,1,-
TRSY-0930,Head Office,Repo / Reverse Repo,Sell / Placement,2400.93,13,2,0.03,Dalam Limit Dealer,Limit Tersedia,Konfirmasi Match,Terverifikasi Middle Office,Sesuai Ketentuan BI <20%,Tidak,1,1,-
TRSY-0931,Treasury Jakarta,FX Forward / Swap,Buy / Purchase,5673.31,12,1,0.08,Dalam Limit Dealer,Limit Tersedia,Konfirmasi Match,Terverifikasi Middle Office,Sesuai Ketentuan BI <20%,Tidak,1,1,-
TRSY-0932,Head Office,SRBI / Sekuritas Rupiah BI,Sell / Placement,21238.96,15,5,0.02,Dalam Limit Dealer,Limit Tersedia,Konfirmasi Match,Terverifikasi Middle Office,Sesuai Ketentuan BI <20%,Tidak,2,1,-
TRSY-0933,Treasury Medan,PUAB / Call Money,Buy / Purchase,19065.48,16,3,0.02,Dalam Limit Dealer,Limit Tersedia,Konfirmasi Match,Terverifikasi Middle Office,Sesuai Ketentuan BI <20%,Tidak,2,1,-
TRSY-0934,Head Office,SBN / Government Bonds,Buy / Purchase,9664.11,12,3,0.14,Dalam Limit Dealer,Limit Tersedia,Konfirmasi Match,Terverifikasi Middle Office,Sesuai Ketentuan BI <20%,Tidak,1,1,-
TRSY-0935,Treasury Medan,SBN / Government Bonds,Buy / Purchase,12817.46,12,1,0.05,Dalam Limit Dealer,Limit Tersedia,Konfirmasi Match,Terverifikasi Middle Office,Sesuai Ketentuan BI <20%,Tidak,1,1,-
TRSY-0936,Treasury Medan,SBN / Government Bonds,Sell / Placement,6431.89,15,2,0.22,Dalam Limit Dealer,Limit Tersedia,Konfirmasi Match,Terverifikasi Middle Office,Sesuai Ketentuan BI <20%,Tidak,1,1,-
TRSY-0937,Treasury Jakarta,FX Spot,Sell / Placement,82874.64,8,4,0.02,Dalam Limit Dealer,Melampaui Limit Counterparty,Konfirmasi Match,Tanpa Verifikasi / Override Dealer,Sesuai Ketentuan BI <20%,Ya (Anomali),5,4,Pelanggaran Limit Kredit Counterparty Bank Lawan (Exceeded Counterparty Exposure Limit)
TRSY-0938,Treasury Medan,FX Forward / Swap,Buy / Purchase,10323.16,15,3,0.03,Dalam Limit Dealer,Limit Tersedia,Konfirmasi Match,Terverifikasi Middle Office,Sesuai Ketentuan BI <20%,Tidak,2,1,-
TRSY-0939,Head Office,FX Spot,Buy / Purchase,59501.99,13,1,0.18,Dalam Limit Dealer,Melampaui Limit Counterparty,Konfirmasi Match,Tanpa Verifikasi / Override Dealer,Sesuai Ketentuan BI <20%,Ya (Anomali),5,4,Pelanggaran Limit Kredit Counterparty Bank Lawan (Exceeded Counterparty Exposure Limit)
TRSY-0940,Singapore Branch,FX Spot,Sell / Placement,6136.57,8,3,0.13,Dalam Limit Dealer,Limit Tersedia,Konfirmasi Match,Terverifikasi Middle Office,Sesuai Ketentuan BI <20%,Tidak,2,1,-
TRSY-0941,Treasury Medan,FX Spot,Buy / Purchase,54696.14,14,5,0.14,Dalam Limit Dealer,Limit Tersedia,Mismatched Deal,Tanpa Verifikasi / Override Dealer,Sesuai Ketentuan BI <20%,Ya (Anomali),4,4,Risiko Operasional & Settlement: Konfirmasi Transaksi Mismatched Deal
TRSY-0942,Treasury Surabaya,PUAB / Call Money,Sell / Placement,2676.08,16,4,0.03,Dalam Limit Dealer,Limit Tersedia,Konfirmasi Match,Terverifikasi Middle Office,Sesuai Ketentuan BI <20%,Tidak,2,1,-
TRSY-0943,Head Office,SBN / Government Bonds,Sell / Placement,15222.07,12,4,0.16,Dalam Limit Dealer,Limit Tersedia,Konfirmasi Match,Terverifikasi Middle Office,Sesuai Ketentuan BI <20%,Tidak,1,2,-
TRSY-0944,Treasury Surabaya,Repo / Reverse Repo,Sell / Placement,6152.78,12,5,0.06,Dalam Limit Dealer,Limit Tersedia,Konfirmasi Match,Terverifikasi Middle Office,Sesuai Ketentuan BI <20%,Tidak,2,1,-
TRSY-0945,Head Office,Repo / Reverse Repo,Buy / Purchase,36046.68,13,5,0.37,Dalam Limit Dealer,Limit Tersedia,Unconfirmed Deal Slip,Tanpa Verifikasi / Override Dealer,Sesuai Ketentuan BI <20%,Ya (Anomali),4,5,Risiko Operasional & Settlement: Konfirmasi Transaksi Unconfirmed Deal Slip
TRSY-0946,Treasury Medan,SRBI / Sekuritas Rupiah BI,Sell / Placement,16368.18,8,3,0.07,Dalam Limit Dealer,Limit Tersedia,Konfirmasi Match,Terverifikasi Middle Office,Sesuai Ketentuan BI <20%,Tidak,1,1,-
TRSY-0947,Treasury Jakarta,FX Forward / Swap,Buy / Purchase,47330.63,9,5,0.48,Dalam Limit Dealer,Limit Tersedia,Konfirmasi Match,Tanpa Verifikasi / Override Dealer,Potensi Melanggar Batas PDN,Ya (Anomali),5,5,Pelanggaran SoD: Dealer Melakukan Eksekusi Mandiri Tanpa Verifikasi Middle Office & Berisiko Melanggar Batas PDN BI
TRSY-0948,Treasury Surabaya,Repo / Reverse Repo,Sell / Placement,4487.82,9,1,0.24,Dalam Limit Dealer,Limit Tersedia,Konfirmasi Match,Terverifikasi Middle Office,Sesuai Ketentuan BI <20%,Tidak,1,1,-
TRSY-0949,Treasury Jakarta,FX Spot,Sell / Placement,5739.9,11,4,0.04,Dalam Limit Dealer,Limit Tersedia,Konfirmasi Match,Terverifikasi Middle Office,Sesuai Ketentuan BI <20%,Tidak,2,1,-
TRSY-0950,Treasury Jakarta,Repo / Reverse Repo,Buy / Purchase,5883.65,11,2,0.07,Dalam Limit Dealer,Limit Tersedia,Konfirmasi Match,Terverifikasi Middle Office,Sesuai Ketentuan BI <20%,Tidak,1,1,-
TRSY-0951,Head Office,Repo / Reverse Repo,Sell / Placement,4709.36,7,5,0.05,Dalam Limit Dealer,Limit Tersedia,Konfirmasi Match,Terverifikasi Middle Office,Sesuai Ketentuan BI <20%,Tidak,1,1,-
TRSY-0952,Head Office,FX Spot,Buy / Purchase,104130.98,10,4,0.26,Melampaui Limit Dealer,Limit Tersedia,Konfirmasi Match,Tanpa Verifikasi / Override Dealer,Sesuai Ketentuan BI <20%,Ya (Anomali),5,5,Pelanggaran Limit Wewenang Dealer (Dealer Trading Limit Breach: Rp 104130.98 Juta)
TRSY-0953,Treasury Medan,FX Spot,Buy / Purchase,6076.12,16,2,0.01,Dalam Limit Dealer,Limit Tersedia,Konfirmasi Match,Terverifikasi Middle Office,Sesuai Ketentuan BI <20%,Tidak,1,1,-
TRSY-0954,Treasury Surabaya,SRBI / Sekuritas Rupiah BI,Buy / Purchase,30596.4,8,5,0.06,Dalam Limit Dealer,Limit Tersedia,Konfirmasi Match,Terverifikasi Middle Office,Sesuai Ketentuan BI <20%,Tidak,1,1,-
TRSY-0955,Treasury Medan,PUAB / Call Money,Sell / Placement,35000.0,16,2,0.02,Dalam Limit Dealer,Limit Tersedia,Konfirmasi Match,Terverifikasi Middle Office,Sesuai Ketentuan BI <20%,Tidak,1,1,-
TRSY-0956,Treasury Medan,SBN / Government Bonds,Sell / Placement,7084.04,11,2,0.07,Dalam Limit Dealer,Limit Tersedia,Konfirmasi Match,Terverifikasi Middle Office,Sesuai Ketentuan BI <20%,Tidak,1,1,-
TRSY-0957,Singapore Branch,Repo / Reverse Repo,Buy / Purchase,15066.29,7,5,0.04,Dalam Limit Dealer,Limit Tersedia,Konfirmasi Match,Terverifikasi Middle Office,Sesuai Ketentuan BI <20%,Tidak,1,1,-
TRSY-0958,Head Office,SBN / Government Bonds,Sell / Placement,36993.55,9,5,0.07,Dalam Limit Dealer,Limit Tersedia,Konfirmasi Match,Terverifikasi Middle Office,Sesuai Ketentuan BI <20%,Tidak,1,1,-
TRSY-0959,Head Office,Repo / Reverse Repo,Buy / Purchase,10914.78,9,4,0.02,Dalam Limit Dealer,Limit Tersedia,Konfirmasi Match,Terverifikasi Middle Office,Sesuai Ketentuan BI <20%,Tidak,2,2,-
TRSY-0960,Treasury Medan,SBN / Government Bonds,Buy / Purchase,30253.95,11,2,0.09,Dalam Limit Dealer,Limit Tersedia,Konfirmasi Match,Terverifikasi Middle Office,Sesuai Ketentuan BI <20%,Tidak,1,1,-
TRSY-0961,Treasury Medan,PUAB / Call Money,Sell / Placement,30793.08,17,5,0.03,Dalam Limit Dealer,Limit Tersedia,Konfirmasi Match,Terverifikasi Middle Office,Sesuai Ketentuan BI <20%,Tidak,1,1,-
TRSY-0962,Singapore Branch,PUAB / Call Money,Sell / Placement,13475.84,15,5,0.19,Dalam Limit Dealer,Limit Tersedia,Unconfirmed Deal Slip,Tanpa Verifikasi / Override Dealer,Sesuai Ketentuan BI <20%,Ya (Anomali),4,5,Risiko Operasional & Settlement: Konfirmasi Transaksi Unconfirmed Deal Slip
TRSY-0963,Head Office,SRBI / Sekuritas Rupiah BI,Sell / Placement,22447.6,14,1,0.11,Dalam Limit Dealer,Limit Tersedia,Konfirmasi Match,Terverifikasi Middle Office,Sesuai Ketentuan BI <20%,Tidak,1,1,-
TRSY-0964,Treasury Jakarta,SBN / Government Bonds,Sell / Placement,18252.87,16,2,0.04,Dalam Limit Dealer,Limit Tersedia,Konfirmasi Match,Terverifikasi Middle Office,Sesuai Ketentuan BI <20%,Tidak,2,1,-
TRSY-0965,Treasury Medan,SRBI / Sekuritas Rupiah BI,Buy / Purchase,11509.31,16,5,0.02,Dalam Limit Dealer,Limit Tersedia,Konfirmasi Match,Terverifikasi Middle Office,Sesuai Ketentuan BI <20%,Tidak,1,1,-
TRSY-0966,Treasury Medan,SBN / Government Bonds,Sell / Placement,5140.39,18,4,0.02,Dalam Limit Dealer,Limit Tersedia,Konfirmasi Match,Terverifikasi Middle Office,Sesuai Ketentuan BI <20%,Tidak,1,1,-
TRSY-0967,Treasury Jakarta,Repo / Reverse Repo,Sell / Placement,9140.92,9,4,4.91,Dalam Limit Dealer,Limit Tersedia,Unconfirmed Deal Slip,Tanpa Verifikasi / Override Dealer,Sesuai Ketentuan BI <20%,Ya (Anomali),5,5,Transaksi dengan Deviasi Kurs / Yield Tidak Wajar (Off-Market Rate: 4.91%)
TRSY-0968,Treasury Surabaya,SRBI / Sekuritas Rupiah BI,Sell / Placement,49780.86,10,3,0.13,Dalam Limit Dealer,Limit Tersedia,Unconfirmed Deal Slip,Tanpa Verifikasi / Override Dealer,Sesuai Ketentuan BI <20%,Ya (Anomali),4,5,Risiko Operasional & Settlement: Konfirmasi Transaksi Unconfirmed Deal Slip
TRSY-0969,Treasury Surabaya,FX Spot,Buy / Purchase,3370.08,8,1,0.03,Dalam Limit Dealer,Limit Tersedia,Konfirmasi Match,Terverifikasi Middle Office,Sesuai Ketentuan BI <20%,Tidak,1,1,-
TRSY-0970,Treasury Medan,PUAB / Call Money,Sell / Placement,8729.5,13,4,0.01,Dalam Limit Dealer,Limit Tersedia,Konfirmasi Match,Terverifikasi Middle Office,Sesuai Ketentuan BI <20%,Tidak,1,2,-
TRSY-0971,Treasury Jakarta,SBN / Government Bonds,Buy / Purchase,7735.24,12,4,0.27,Dalam Limit Dealer,Limit Tersedia,Konfirmasi Match,Terverifikasi Middle Office,Sesuai Ketentuan BI <20%,Tidak,2,1,-
TRSY-0972,Head Office,SRBI / Sekuritas Rupiah BI,Buy / Purchase,13204.0,17,3,0.09,Dalam Limit Dealer,Limit Tersedia,Konfirmasi Match,Terverifikasi Middle Office,Sesuai Ketentuan BI <20%,Tidak,1,1,-
TRSY-0973,Head Office,FX Forward / Swap,Buy / Purchase,5014.37,11,4,0.04,Dalam Limit Dealer,Limit Tersedia,Konfirmasi Match,Terverifikasi Middle Office,Sesuai Ketentuan BI <20%,Tidak,1,1,-
TRSY-0974,Treasury Jakarta,SRBI / Sekuritas Rupiah BI,Sell / Placement,24543.11,10,3,0.03,Dalam Limit Dealer,Limit Tersedia,Konfirmasi Match,Terverifikasi Middle Office,Sesuai Ketentuan BI <20%,Tidak,1,1,-
TRSY-0975,Treasury Medan,SBN / Government Bonds,Buy / Purchase,6360.45,8,1,0.18,Dalam Limit Dealer,Limit Tersedia,Konfirmasi Match,Terverifikasi Middle Office,Sesuai Ketentuan BI <20%,Tidak,2,2,-
TRSY-0976,Treasury Jakarta,Repo / Reverse Repo,Sell / Placement,8664.05,8,5,0.1,Dalam Limit Dealer,Limit Tersedia,Konfirmasi Match,Terverifikasi Middle Office,Sesuai Ketentuan BI <20%,Tidak,1,1,-
TRSY-0977,Head Office,FX Spot,Buy / Purchase,70476.72,16,2,0.12,Dalam Limit Dealer,Limit Tersedia,Konfirmasi Match,Tanpa Verifikasi / Override Dealer,Potensi Melanggar Batas PDN,Ya (Anomali),5,5,Pelanggaran SoD: Dealer Melakukan Eksekusi Mandiri Tanpa Verifikasi Middle Office & Berisiko Melanggar Batas PDN BI
TRSY-0978,Treasury Surabaya,SBN / Government Bonds,Sell / Placement,15656.07,13,1,0.02,Dalam Limit Dealer,Limit Tersedia,Konfirmasi Match,Terverifikasi Middle Office,Sesuai Ketentuan BI <20%,Tidak,2,1,-
TRSY-0979,Treasury Jakarta,FX Spot,Buy / Purchase,7091.69,11,5,0.07,Dalam Limit Dealer,Limit Tersedia,Konfirmasi Match,Terverifikasi Middle Office,Sesuai Ketentuan BI <20%,Tidak,1,1,-
TRSY-0980,Singapore Branch,Repo / Reverse Repo,Buy / Purchase,45590.26,12,1,5.96,Dalam Limit Dealer,Limit Tersedia,Unconfirmed Deal Slip,Tanpa Verifikasi / Override Dealer,Sesuai Ketentuan BI <20%,Ya (Anomali),5,5,Transaksi dengan Deviasi Kurs / Yield Tidak Wajar (Off-Market Rate: 5.96%)
TRSY-0981,Singapore Branch,FX Spot,Sell / Placement,14130.4,11,4,0.12,Dalam Limit Dealer,Limit Tersedia,Konfirmasi Match,Terverifikasi Middle Office,Sesuai Ketentuan BI <20%,Tidak,2,1,-
TRSY-0982,Head Office,PUAB / Call Money,Sell / Placement,25816.28,10,4,2.66,Dalam Limit Dealer,Limit Tersedia,Konfirmasi Match,Tanpa Verifikasi / Override Dealer,Sesuai Ketentuan BI <20%,Ya (Anomali),5,5,Transaksi dengan Deviasi Kurs / Yield Tidak Wajar (Off-Market Rate: 2.66%)
TRSY-0983,Singapore Branch,FX Forward / Swap,Buy / Purchase,51150.48,8,2,0.25,Dalam Limit Dealer,Limit Tersedia,Konfirmasi Match,Tanpa Verifikasi / Override Dealer,Potensi Melanggar Batas PDN,Ya (Anomali),5,5,Pelanggaran SoD: Dealer Melakukan Eksekusi Mandiri Tanpa Verifikasi Middle Office & Berisiko Melanggar Batas PDN BI
TRSY-0984,Treasury Jakarta,PUAB / Call Money,Buy / Purchase,29595.58,10,2,0.01,Dalam Limit Dealer,Limit Tersedia,Konfirmasi Match,Terverifikasi Middle Office,Sesuai Ketentuan BI <20%,Tidak,1,1,-
TRSY-0985,Treasury Jakarta,SRBI / Sekuritas Rupiah BI,Sell / Placement,40000.0,15,3,0.02,Dalam Limit Dealer,Limit Tersedia,Konfirmasi Match,Terverifikasi Middle Office,Sesuai Ketentuan BI <20%,Tidak,1,2,-
TRSY-0986,Treasury Jakarta,PUAB / Call Money,Sell / Placement,6499.41,8,2,0.04,Dalam Limit Dealer,Limit Tersedia,Konfirmasi Match,Terverifikasi Middle Office,Sesuai Ketentuan BI <20%,Tidak,1,2,-
TRSY-0987,Treasury Jakarta,Repo / Reverse Repo,Sell / Placement,16045.9,7,5,0.02,Dalam Limit Dealer,Limit Tersedia,Konfirmasi Match,Terverifikasi Middle Office,Sesuai Ketentuan BI <20%,Tidak,2,1,-
TRSY-0988,Head Office,SBN / Government Bonds,Buy / Purchase,30728.76,17,2,0.18,Dalam Limit Dealer,Limit Tersedia,Konfirmasi Match,Terverifikasi Middle Office,Sesuai Ketentuan BI <20%,Tidak,2,2,-
TRSY-0989,Singapore Branch,FX Spot,Buy / Purchase,4479.16,8,2,0.01,Dalam Limit Dealer,Limit Tersedia,Konfirmasi Match,Terverifikasi Middle Office,Sesuai Ketentuan BI <20%,Tidak,1,1,-
TRSY-0990,Head Office,PUAB / Call Money,Sell / Placement,4065.02,11,4,0.17,Dalam Limit Dealer,Limit Tersedia,Konfirmasi Match,Terverifikasi Middle Office,Sesuai Ketentuan BI <20%,Tidak,1,2,-
TRSY-0991,Head Office,FX Forward / Swap,Buy / Purchase,2041.29,12,5,0.25,Dalam Limit Dealer,Limit Tersedia,Konfirmasi Match,Terverifikasi Middle Office,Sesuai Ketentuan BI <20%,Tidak,2,1,-
TRSY-0992,Head Office,Repo / Reverse Repo,Buy / Purchase,8162.17,17,3,0.17,Dalam Limit Dealer,Limit Tersedia,Konfirmasi Match,Terverifikasi Middle Office,Sesuai Ketentuan BI <20%,Tidak,2,2,-
TRSY-0993,Singapore Branch,SRBI / Sekuritas Rupiah BI,Buy / Purchase,13238.63,8,3,0.03,Dalam Limit Dealer,Limit Tersedia,Konfirmasi Match,Terverifikasi Middle Office,Sesuai Ketentuan BI <20%,Tidak,2,2,-
TRSY-0994,Singapore Branch,Repo / Reverse Repo,Sell / Placement,19520.66,16,2,0.27,Dalam Limit Dealer,Limit Tersedia,Konfirmasi Match,Terverifikasi Middle Office,Sesuai Ketentuan BI <20%,Tidak,1,2,-
TRSY-0995,Treasury Surabaya,SBN / Government Bonds,Buy / Purchase,80523.54,2,7,0.43,Dalam Limit Dealer,Limit Tersedia,Unconfirmed Deal Slip,Tanpa Verifikasi / Override Dealer,Sesuai Ketentuan BI <20%,Ya (Anomali),5,4,Transaksi Nilai Sangat Besar Dini Hari di Luar Jam Pasar Tanpa Otorisasi (Jam 2)
TRSY-0996,Treasury Surabaya,Repo / Reverse Repo,Buy / Purchase,31115.45,13,3,0.03,Dalam Limit Dealer,Limit Tersedia,Konfirmasi Match,Terverifikasi Middle Office,Sesuai Ketentuan BI <20%,Tidak,2,1,-
TRSY-0997,Treasury Jakarta,PUAB / Call Money,Buy / Purchase,12700.74,16,3,0.15,Dalam Limit Dealer,Limit Tersedia,Konfirmasi Match,Terverifikasi Middle Office,Sesuai Ketentuan BI <20%,Tidak,1,1,-
TRSY-0998,Head Office,PUAB / Call Money,Buy / Purchase,57292.32,9,3,0.17,Dalam Limit Dealer,Melampaui Limit Counterparty,Konfirmasi Match,Tanpa Verifikasi / Override Dealer,Sesuai Ketentuan BI <20%,Ya (Anomali),4,4,Pelanggaran Limit Kredit Counterparty Bank Lawan (Exceeded Counterparty Exposure Limit)
TRSY-0999,Singapore Branch,SRBI / Sekuritas Rupiah BI,Sell / Placement,38718.73,18,1,0.02,Dalam Limit Dealer,Limit Tersedia,Konfirmasi Match,Terverifikasi Middle Office,Sesuai Ketentuan BI <20%,Tidak,1,2,-
TRSY-1000,Treasury Medan,FX Spot,Buy / Purchase,4865.67,8,3,0.03,Dalam Limit Dealer,Limit Tersedia,Konfirmasi Match,Terverifikasi Middle Office,Sesuai Ketentuan BI <20%,Tidak,1,1,-
TRSY-1001,Treasury Jakarta,SBN / Government Bonds,Buy / Purchase,9221.79,15,1,0.02,Dalam Limit Dealer,Limit Tersedia,Konfirmasi Match,Terverifikasi Middle Office,Sesuai Ketentuan BI <20%,Tidak,1,1,-
TRSY-1002,Head Office,SBN / Government Bonds,Sell / Placement,58963.32,12,1,0.21,Melampaui Limit Dealer,Limit Tersedia,Konfirmasi Match,Tanpa Verifikasi / Override Dealer,Sesuai Ketentuan BI <20%,Ya (Anomali),5,5,Pelanggaran Limit Wewenang Dealer (Dealer Trading Limit Breach: Rp 58963.32 Juta)
TRSY-1003,Treasury Medan,SBN / Government Bonds,Buy / Purchase,25742.26,9,5,0.02,Dalam Limit Dealer,Limit Tersedia,Konfirmasi Match,Terverifikasi Middle Office,Sesuai Ketentuan BI <20%,Tidak,1,2,-
TRSY-1004,Treasury Surabaya,FX Spot,Sell / Placement,8007.12,11,1,0.08,Dalam Limit Dealer,Limit Tersedia,Konfirmasi Match,Terverifikasi Middle Office,Sesuai Ketentuan BI <20%,Tidak,1,2,-
TRSY-1005,Singapore Branch,FX Spot,Buy / Purchase,18107.33,11,4,0.08,Dalam Limit Dealer,Limit Tersedia,Konfirmasi Match,Terverifikasi Middle Office,Sesuai Ketentuan BI <20%,Tidak,1,2,-
TRSY-1006,Treasury Surabaya,Repo / Reverse Repo,Sell / Placement,5535.84,10,5,0.05,Dalam Limit Dealer,Limit Tersedia,Konfirmasi Match,Terverifikasi Middle Office,Sesuai Ketentuan BI <20%,Tidak,1,1,-
TRSY-1007,Singapore Branch,FX Forward / Swap,Sell / Placement,3309.52,12,2,0.05,Dalam Limit Dealer,Limit Tersedia,Konfirmasi Match,Terverifikasi Middle Office,Sesuai Ketentuan BI <20%,Tidak,1,1,-
TRSY-1008,Singapore Branch,PUAB / Call Money,Sell / Placement,2604.77,8,3,0.1,Dalam Limit Dealer,Limit Tersedia,Konfirmasi Match,Terverifikasi Middle Office,Sesuai Ketentuan BI <20%,Tidak,1,1,-
TRSY-1009,Treasury Jakarta,PUAB / Call Money,Sell / Placement,10298.3,11,3,0.04,Dalam Limit Dealer,Limit Tersedia,Konfirmasi Match,Terverifikasi Middle Office,Sesuai Ketentuan BI <20%,Tidak,2,1,-
TRSY-1010,Treasury Jakarta,SBN / Government Bonds,Buy / Purchase,6869.98,9,5,0.08,Dalam Limit Dealer,Limit Tersedia,Konfirmasi Match,Terverifikasi Middle Office,Sesuai Ketentuan BI <20%,Tidak,1,2,-
TRSY-1011,Singapore Branch,SBN / Government Bonds,Buy / Purchase,7222.19,10,5,0.03,Dalam Limit Dealer,Limit Tersedia,Konfirmasi Match,Terverifikasi Middle Office,Sesuai Ketentuan BI <20%,Tidak,2,1,-
TRSY-1012,Treasury Surabaya,Repo / Reverse Repo,Sell / Placement,10505.18,16,4,0.23,Dalam Limit Dealer,Limit Tersedia,Mismatched Deal,Tanpa Verifikasi / Override Dealer,Sesuai Ketentuan BI <20%,Ya (Anomali),4,4,Risiko Operasional & Settlement: Konfirmasi Transaksi Mismatched Deal
TRSY-1013,Treasury Medan,Repo / Reverse Repo,Sell / Placement,3445.44,11,4,0.07,Dalam Limit Dealer,Limit Tersedia,Konfirmasi Match,Terverifikasi Middle Office,Sesuai Ketentuan BI <20%,Tidak,2,1,-
TRSY-1014,Treasury Medan,PUAB / Call Money,Buy / Purchase,32737.66,16,2,0.03,Dalam Limit Dealer,Limit Tersedia,Konfirmasi Match,Terverifikasi Middle Office,Sesuai Ketentuan BI <20%,Tidak,1,1,-
TRSY-1015,Head Office,Repo / Reverse Repo,Buy / Purchase,17031.31,8,2,0.04,Dalam Limit Dealer,Limit Tersedia,Konfirmasi Match,Terverifikasi Middle Office,Sesuai Ketentuan BI <20%,Tidak,1,2,-
TRSY-1016,Treasury Surabaya,SRBI / Sekuritas Rupiah BI,Sell / Placement,9168.66,7,3,0.09,Dalam Limit Dealer,Limit Tersedia,Konfirmasi Match,Terverifikasi Middle Office,Sesuai Ketentuan BI <20%,Tidak,1,1,-
TRSY-1017,Treasury Medan,SRBI / Sekuritas Rupiah BI,Buy / Purchase,9381.87,11,4,0.04,Dalam Limit Dealer,Limit Tersedia,Konfirmasi Match,Terverifikasi Middle Office,Sesuai Ketentuan BI <20%,Tidak,2,2,-
TRSY-1018,Head Office,SRBI / Sekuritas Rupiah BI,Sell / Placement,33408.05,14,1,0.08,Dalam Limit Dealer,Melampaui Limit Counterparty,Konfirmasi Match,Tanpa Verifikasi / Override Dealer,Sesuai Ketentuan BI <20%,Ya (Anomali),5,4,Pelanggaran Limit Kredit Counterparty Bank Lawan (Exceeded Counterparty Exposure Limit)
TRSY-1019,Treasury Medan,SBN / Government Bonds,Buy / Purchase,14912.93,13,3,0.03,Dalam Limit Dealer,Limit Tersedia,Konfirmasi Match,Terverifikasi Middle Office,Sesuai Ketentuan BI <20%,Tidak,2,1,-
TRSY-1020,Treasury Medan,SRBI / Sekuritas Rupiah BI,Buy / Purchase,81261.0,16,5,0.21,Dalam Limit Dealer,Melampaui Limit Counterparty,Konfirmasi Match,Tanpa Verifikasi / Override Dealer,Sesuai Ketentuan BI <20%,Ya (Anomali),4,4,Pelanggaran Limit Kredit Counterparty Bank Lawan (Exceeded Counterparty Exposure Limit)
TRSY-1021,Treasury Surabaya,Repo / Reverse Repo,Sell / Placement,5200.1,13,3,0.1,Dalam Limit Dealer,Limit Tersedia,Konfirmasi Match,Terverifikasi Middle Office,Sesuai Ketentuan BI <20%,Tidak,1,1,-
TRSY-1022,Singapore Branch,SRBI / Sekuritas Rupiah BI,Sell / Placement,84553.09,16,5,0.22,Melampaui Limit Dealer,Limit Tersedia,Konfirmasi Match,Tanpa Verifikasi / Override Dealer,Sesuai Ketentuan BI <20%,Ya (Anomali),5,5,Pelanggaran Limit Wewenang Dealer (Dealer Trading Limit Breach: Rp 84553.09 Juta)
TRSY-1023,Treasury Medan,SRBI / Sekuritas Rupiah BI,Sell / Placement,12600.75,10,2,0.15,Dalam Limit Dealer,Limit Tersedia,Konfirmasi Match,Terverifikasi Middle Office,Sesuai Ketentuan BI <20%,Tidak,1,2,-
TRSY-1024,Singapore Branch,Repo / Reverse Repo,Sell / Placement,8786.2,10,1,0.07,Dalam Limit Dealer,Limit Tersedia,Konfirmasi Match,Terverifikasi Middle Office,Sesuai Ketentuan BI <20%,Tidak,1,2,-
TRSY-1025,Treasury Jakarta,SRBI / Sekuritas Rupiah BI,Buy / Purchase,5665.08,10,3,0.07,Dalam Limit Dealer,Limit Tersedia,Konfirmasi Match,Terverifikasi Middle Office,Sesuai Ketentuan BI <20%,Tidak,1,1,-
TRSY-1026,Treasury Surabaya,SRBI / Sekuritas Rupiah BI,Sell / Placement,10737.33,15,2,0.07,Dalam Limit Dealer,Limit Tersedia,Konfirmasi Match,Terverifikasi Middle Office,Sesuai Ketentuan BI <20%,Tidak,1,1,-
TRSY-1027,Treasury Surabaya,PUAB / Call Money,Buy / Purchase,7578.81,11,1,0.04,Dalam Limit Dealer,Limit Tersedia,Konfirmasi Match,Terverifikasi Middle Office,Sesuai Ketentuan BI <20%,Tidak,1,1,-
TRSY-1028,Treasury Surabaya,PUAB / Call Money,Buy / Purchase,11280.46,16,2,0.04,Dalam Limit Dealer,Limit Tersedia,Konfirmasi Match,Terverifikasi Middle Office,Sesuai Ketentuan BI <20%,Tidak,1,2,-
TRSY-1029,Singapore Branch,FX Spot,Sell / Placement,4954.79,15,4,0.08,Dalam Limit Dealer,Limit Tersedia,Konfirmasi Match,Terverifikasi Middle Office,Sesuai Ketentuan BI <20%,Tidak,1,1,-
TRSY-1030,Treasury Medan,SRBI / Sekuritas Rupiah BI,Buy / Purchase,40000.0,13,3,0.16,Dalam Limit Dealer,Limit Tersedia,Konfirmasi Match,Terverifikasi Middle Office,Sesuai Ketentuan BI <20%,Tidak,1,1,-
TRSY-1031,Treasury Medan,FX Forward / Swap,Buy / Purchase,2082.58,18,1,0.11,Dalam Limit Dealer,Limit Tersedia,Konfirmasi Match,Terverifikasi Middle Office,Sesuai Ketentuan BI <20%,Tidak,1,1,-
TRSY-1032,Treasury Medan,FX Forward / Swap,Sell / Placement,6191.83,9,4,0.07,Dalam Limit Dealer,Limit Tersedia,Konfirmasi Match,Terverifikasi Middle Office,Sesuai Ketentuan BI <20%,Tidak,1,1,-
TRSY-1033,Treasury Surabaya,FX Spot,Buy / Purchase,21627.72,15,4,0.03,Dalam Limit Dealer,Limit Tersedia,Konfirmasi Match,Terverifikasi Middle Office,Sesuai Ketentuan BI <20%,Tidak,1,1,-
TRSY-1034,Treasury Medan,Repo / Reverse Repo,Buy / Purchase,6705.46,11,2,0.08,Dalam Limit Dealer,Limit Tersedia,Konfirmasi Match,Terverifikasi Middle Office,Sesuai Ketentuan BI <20%,Tidak,1,1,-
TRSY-1035,Treasury Jakarta,FX Forward / Swap,Buy / Purchase,9543.41,14,1,0.01,Dalam Limit Dealer,Limit Tersedia,Konfirmasi Match,Terverifikasi Middle Office,Sesuai Ketentuan BI <20%,Tidak,1,1,-
TRSY-1036,Treasury Surabaya,FX Forward / Swap,Sell / Placement,4980.46,16,5,0.03,Dalam Limit Dealer,Limit Tersedia,Konfirmasi Match,Terverifikasi Middle Office,Sesuai Ketentuan BI <20%,Tidak,2,2,-
TRSY-1037,Singapore Branch,SBN / Government Bonds,Sell / Placement,52108.75,10,2,0.27,Melampaui Limit Dealer,Limit Tersedia,Konfirmasi Match,Tanpa Verifikasi / Override Dealer,Sesuai Ketentuan BI <20%,Ya (Anomali),5,4,Pelanggaran Limit Wewenang Dealer (Dealer Trading Limit Breach: Rp 52108.75 Juta)
TRSY-1038,Treasury Medan,FX Forward / Swap,Buy / Purchase,35269.42,5,6,0.42,Dalam Limit Dealer,Limit Tersedia,Unconfirmed Deal Slip,Tanpa Verifikasi / Override Dealer,Sesuai Ketentuan BI <20%,Ya (Anomali),5,4,Transaksi Nilai Sangat Besar Dini Hari di Luar Jam Pasar Tanpa Otorisasi (Jam 5)
TRSY-1039,Treasury Medan,Repo / Reverse Repo,Buy / Purchase,7696.7,7,1,0.07,Dalam Limit Dealer,Limit Tersedia,Konfirmasi Match,Terverifikasi Middle Office,Sesuai Ketentuan BI <20%,Tidak,1,1,-
TRSY-1040,Treasury Jakarta,Repo / Reverse Repo,Sell / Placement,10148.24,11,5,0.12,Dalam Limit Dealer,Limit Tersedia,Konfirmasi Match,Terverifikasi Middle Office,Sesuai Ketentuan BI <20%,Tidak,1,1,-
TRSY-1041,Head Office,SRBI / Sekuritas Rupiah BI,Buy / Purchase,6070.24,12,4,0.02,Dalam Limit Dealer,Limit Tersedia,Konfirmasi Match,Terverifikasi Middle Office,Sesuai Ketentuan BI <20%,Tidak,1,1,-
TRSY-1042,Head Office,PUAB / Call Money,Buy / Purchase,6338.48,11,4,0.04,Dalam Limit Dealer,Limit Tersedia,Konfirmasi Match,Terverifikasi Middle Office,Sesuai Ketentuan BI <20%,Tidak,2,2,-
TRSY-1043,Head Office,FX Forward / Swap,Buy / Purchase,8916.54,11,1,0.01,Dalam Limit Dealer,Limit Tersedia,Konfirmasi Match,Terverifikasi Middle Office,Sesuai Ketentuan BI <20%,Tidak,1,1,-
TRSY-1044,Head Office,FX Spot,Sell / Placement,21138.03,8,2,0.08,Dalam Limit Dealer,Limit Tersedia,Konfirmasi Match,Terverifikasi Middle Office,Sesuai Ketentuan BI <20%,Tidak,1,1,-
TRSY-1045,Singapore Branch,FX Forward / Swap,Buy / Purchase,16100.22,14,3,0.02,Dalam Limit Dealer,Limit Tersedia,Konfirmasi Match,Terverifikasi Middle Office,Sesuai Ketentuan BI <20%,Tidak,1,2,-
TRSY-1046,Treasury Jakarta,Repo / Reverse Repo,Buy / Purchase,5395.47,15,1,0.17,Dalam Limit Dealer,Limit Tersedia,Konfirmasi Match,Terverifikasi Middle Office,Sesuai Ketentuan BI <20%,Tidak,1,1,-
TRSY-1047,Treasury Medan,FX Forward / Swap,Sell / Placement,3784.86,12,3,0.12,Dalam Limit Dealer,Limit Tersedia,Konfirmasi Match,Terverifikasi Middle Office,Sesuai Ketentuan BI <20%,Tidak,2,1,-
TRSY-1048,Head Office,FX Forward / Swap,Sell / Placement,14516.63,14,5,0.05,Dalam Limit Dealer,Limit Tersedia,Konfirmasi Match,Terverifikasi Middle Office,Sesuai Ketentuan BI <20%,Tidak,2,2,-
TRSY-1049,Treasury Surabaya,FX Forward / Swap,Sell / Placement,5825.12,8,3,0.12,Dalam Limit Dealer,Limit Tersedia,Konfirmasi Match,Terverifikasi Middle Office,Sesuai Ketentuan BI <20%,Tidak,1,2,-
TRSY-1050,Treasury Jakarta,SBN / Government Bonds,Buy / Purchase,13507.58,12,4,5.22,Dalam Limit Dealer,Limit Tersedia,Unconfirmed Deal Slip,Tanpa Verifikasi / Override Dealer,Sesuai Ketentuan BI <20%,Ya (Anomali),5,5,Transaksi dengan Deviasi Kurs / Yield Tidak Wajar (Off-Market Rate: 5.22%)
TRSY-1051,Head Office,Repo / Reverse Repo,Buy / Purchase,34045.53,9,5,0.23,Dalam Limit Dealer,Melampaui Limit Counterparty,Konfirmasi Match,Tanpa Verifikasi / Override Dealer,Sesuai Ketentuan BI <20%,Ya (Anomali),4,4,Pelanggaran Limit Kredit Counterparty Bank Lawan (Exceeded Counterparty Exposure Limit)
TRSY-1052,Treasury Medan,FX Forward / Swap,Buy / Purchase,32736.04,8,1,0.03,Dalam Limit Dealer,Melampaui Limit Counterparty,Konfirmasi Match,Tanpa Verifikasi / Override Dealer,Sesuai Ketentuan BI <20%,Ya (Anomali),4,4,Pelanggaran Limit Kredit Counterparty Bank Lawan (Exceeded Counterparty Exposure Limit)
TRSY-1053,Treasury Medan,PUAB / Call Money,Sell / Placement,9473.0,11,2,0.02,Dalam Limit Dealer,Limit Tersedia,Konfirmasi Match,Terverifikasi Middle Office,Sesuai Ketentuan BI <20%,Tidak,2,1,-
TRSY-1054,Singapore Branch,PUAB / Call Money,Sell / Placement,13909.87,16,2,0.04,Dalam Limit Dealer,Limit Tersedia,Konfirmasi Match,Terverifikasi Middle Office,Sesuai Ketentuan BI <20%,Tidak,2,2,-
TRSY-1055,Singapore Branch,SRBI / Sekuritas Rupiah BI,Buy / Purchase,12826.33,10,1,0.04,Dalam Limit Dealer,Limit Tersedia,Konfirmasi Match,Terverifikasi Middle Office,Sesuai Ketentuan BI <20%,Tidak,2,2,-
TRSY-1056,Treasury Medan,SRBI / Sekuritas Rupiah BI,Buy / Purchase,5574.02,8,4,0.16,Dalam Limit Dealer,Limit Tersedia,Konfirmasi Match,Terverifikasi Middle Office,Sesuai Ketentuan BI <20%,Tidak,1,2,-
TRSY-1057,Treasury Surabaya,SRBI / Sekuritas Rupiah BI,Buy / Purchase,16770.4,8,5,0.11,Dalam Limit Dealer,Limit Tersedia,Konfirmasi Match,Terverifikasi Middle Office,Sesuai Ketentuan BI <20%,Tidak,1,1,-
TRSY-1058,Singapore Branch,FX Spot,Buy / Purchase,5158.37,11,1,0.13,Dalam Limit Dealer,Limit Tersedia,Konfirmasi Match,Terverifikasi Middle Office,Sesuai Ketentuan BI <20%,Tidak,1,2,-
TRSY-1059,Head Office,PUAB / Call Money,Sell / Placement,8912.98,9,1,0.06,Dalam Limit Dealer,Limit Tersedia,Konfirmasi Match,Terverifikasi Middle Office,Sesuai Ketentuan BI <20%,Tidak,2,1,-
TRSY-1060,Treasury Surabaya,SRBI / Sekuritas Rupiah BI,Sell / Placement,29271.57,13,2,0.08,Dalam Limit Dealer,Limit Tersedia,Konfirmasi Match,Terverifikasi Middle Office,Sesuai Ketentuan BI <20%,Tidak,2,1,-
TRSY-1061,Treasury Surabaya,SBN / Government Bonds,Buy / Purchase,39295.94,14,5,0.04,Dalam Limit Dealer,Limit Tersedia,Konfirmasi Match,Terverifikasi Middle Office,Sesuai Ketentuan BI <20%,Tidak,1,1,-
TRSY-1062,Singapore Branch,FX Spot,Sell / Placement,5495.18,8,5,0.08,Dalam Limit Dealer,Limit Tersedia,Konfirmasi Match,Terverifikasi Middle Office,Sesuai Ketentuan BI <20%,Tidak,1,1,-
TRSY-1063,Singapore Branch,SBN / Government Bonds,Sell / Placement,19976.06,13,2,0.04,Dalam Limit Dealer,Limit Tersedia,Konfirmasi Match,Terverifikasi Middle Office,Sesuai Ketentuan BI <20%,Tidak,1,1,-
TRSY-1064,Singapore Branch,PUAB / Call Money,Sell / Placement,4229.14,18,2,0.07,Dalam Limit Dealer,Limit Tersedia,Konfirmasi Match,Terverifikasi Middle Office,Sesuai Ketentuan BI <20%,Tidak,1,2,-
TRSY-1065,Singapore Branch,Repo / Reverse Repo,Buy / Purchase,8721.64,7,2,0.02,Dalam Limit Dealer,Limit Tersedia,Konfirmasi Match,Terverifikasi Middle Office,Sesuai Ketentuan BI <20%,Tidak,2,1,-
TRSY-1066,Treasury Medan,Repo / Reverse Repo,Sell / Placement,7997.51,11,5,0.04,Dalam Limit Dealer,Limit Tersedia,Konfirmasi Match,Terverifikasi Middle Office,Sesuai Ketentuan BI <20%,Tidak,1,2,-
TRSY-1067,Head Office,Repo / Reverse Repo,Buy / Purchase,16534.83,9,1,0.01,Dalam Limit Dealer,Limit Tersedia,Konfirmasi Match,Terverifikasi Middle Office,Sesuai Ketentuan BI <20%,Tidak,2,1,-
TRSY-1068,Treasury Medan,SBN / Government Bonds,Buy / Purchase,6962.43,16,5,0.04,Dalam Limit Dealer,Limit Tersedia,Konfirmasi Match,Terverifikasi Middle Office,Sesuai Ketentuan BI <20%,Tidak,1,1,-
TRSY-1069,Treasury Jakarta,PUAB / Call Money,Sell / Placement,17102.79,10,5,0.06,Dalam Limit Dealer,Limit Tersedia,Konfirmasi Match,Terverifikasi Middle Office,Sesuai Ketentuan BI <20%,Tidak,2,1,-
TRSY-1070,Treasury Surabaya,FX Spot,Sell / Placement,23737.68,15,3,0.1,Dalam Limit Dealer,Limit Tersedia,Konfirmasi Match,Terverifikasi Middle Office,Sesuai Ketentuan BI <20%,Tidak,1,2,-
TRSY-1071,Singapore Branch,FX Forward / Swap,Buy / Purchase,15463.59,9,5,0.01,Dalam Limit Dealer,Limit Tersedia,Konfirmasi Match,Terverifikasi Middle Office,Sesuai Ketentuan BI <20%,Tidak,2,1,-
TRSY-1072,Treasury Jakarta,FX Forward / Swap,Buy / Purchase,8820.47,14,2,0.02,Dalam Limit Dealer,Limit Tersedia,Konfirmasi Match,Terverifikasi Middle Office,Sesuai Ketentuan BI <20%,Tidak,2,2,-
TRSY-1073,Treasury Jakarta,Repo / Reverse Repo,Buy / Purchase,9383.81,11,1,0.01,Dalam Limit Dealer,Limit Tersedia,Konfirmasi Match,Terverifikasi Middle Office,Sesuai Ketentuan BI <20%,Tidak,2,1,-
TRSY-1074,Treasury Jakarta,FX Spot,Buy / Purchase,5973.88,8,4,0.02,Dalam Limit Dealer,Limit Tersedia,Konfirmasi Match,Terverifikasi Middle Office,Sesuai Ketentuan BI <20%,Tidak,1,2,-
TRSY-1075,Head Office,SBN / Government Bonds,Buy / Purchase,10278.59,13,4,0.01,Dalam Limit Dealer,Limit Tersedia,Konfirmasi Match,Terverifikasi Middle Office,Sesuai Ketentuan BI <20%,Tidak,1,1,-
TRSY-1076,Treasury Medan,SRBI / Sekuritas Rupiah BI,Sell / Placement,28716.9,13,3,0.02,Dalam Limit Dealer,Limit Tersedia,Konfirmasi Match,Terverifikasi Middle Office,Sesuai Ketentuan BI <20%,Tidak,1,2,-
TRSY-1077,Treasury Jakarta,SBN / Government Bonds,Sell / Placement,10774.85,10,5,0.07,Dalam Limit Dealer,Limit Tersedia,Konfirmasi Match,Terverifikasi Middle Office,Sesuai Ketentuan BI <20%,Tidak,2,1,-
TRSY-1078,Treasury Medan,SBN / Government Bonds,Buy / Purchase,23614.8,14,2,0.09,Dalam Limit Dealer,Limit Tersedia,Konfirmasi Match,Terverifikasi Middle Office,Sesuai Ketentuan BI <20%,Tidak,1,1,-
TRSY-1079,Treasury Medan,FX Forward / Swap,Sell / Placement,11248.57,18,5,0.05,Dalam Limit Dealer,Limit Tersedia,Konfirmasi Match,Terverifikasi Middle Office,Sesuai Ketentuan BI <20%,Tidak,1,2,-
TRSY-1080,Head Office,PUAB / Call Money,Buy / Purchase,27554.04,16,2,0.02,Dalam Limit Dealer,Limit Tersedia,Konfirmasi Match,Terverifikasi Middle Office,Sesuai Ketentuan BI <20%,Tidak,1,2,-
TRSY-1081,Treasury Medan,FX Spot,Buy / Purchase,69237.01,15,1,0.1,Dalam Limit Dealer,Melampaui Limit Counterparty,Konfirmasi Match,Tanpa Verifikasi / Override Dealer,Sesuai Ketentuan BI <20%,Ya (Anomali),5,4,Pelanggaran Limit Kredit Counterparty Bank Lawan (Exceeded Counterparty Exposure Limit)
TRSY-1082,Head Office,SBN / Government Bonds,Sell / Placement,6528.26,13,3,0.01,Dalam Limit Dealer,Limit Tersedia,Konfirmasi Match,Terverifikasi Middle Office,Sesuai Ketentuan BI <20%,Tidak,1,1,-
TRSY-1083,Head Office,FX Spot,Sell / Placement,18534.5,14,2,2.06,Dalam Limit Dealer,Limit Tersedia,Konfirmasi Match,Tanpa Verifikasi / Override Dealer,Sesuai Ketentuan BI <20%,Ya (Anomali),5,5,Transaksi dengan Deviasi Kurs / Yield Tidak Wajar (Off-Market Rate: 2.06%)
TRSY-1084,Treasury Surabaya,FX Spot,Sell / Placement,8577.14,12,3,0.02,Dalam Limit Dealer,Limit Tersedia,Konfirmasi Match,Terverifikasi Middle Office,Sesuai Ketentuan BI <20%,Tidak,1,2,-
TRSY-1085,Treasury Medan,FX Forward / Swap,Buy / Purchase,5713.46,10,5,0.1,Dalam Limit Dealer,Limit Tersedia,Konfirmasi Match,Terverifikasi Middle Office,Sesuai Ketentuan BI <20%,Tidak,1,1,-
TRSY-1086,Head Office,Repo / Reverse Repo,Sell / Placement,2319.17,14,5,0.04,Dalam Limit Dealer,Limit Tersedia,Konfirmasi Match,Terverifikasi Middle Office,Sesuai Ketentuan BI <20%,Tidak,1,1,-
TRSY-1087,Treasury Medan,FX Spot,Buy / Purchase,6040.34,11,5,0.08,Dalam Limit Dealer,Limit Tersedia,Konfirmasi Match,Terverifikasi Middle Office,Sesuai Ketentuan BI <20%,Tidak,1,1,-
TRSY-1088,Treasury Surabaya,SRBI / Sekuritas Rupiah BI,Buy / Purchase,43943.76,10,5,0.19,Dalam Limit Dealer,Limit Tersedia,Mismatched Deal,Tanpa Verifikasi / Override Dealer,Sesuai Ketentuan BI <20%,Ya (Anomali),4,5,Risiko Operasional & Settlement: Konfirmasi Transaksi Mismatched Deal
TRSY-1089,Singapore Branch,FX Spot,Sell / Placement,3038.39,8,1,0.05,Dalam Limit Dealer,Limit Tersedia,Konfirmasi Match,Terverifikasi Middle Office,Sesuai Ketentuan BI <20%,Tidak,1,2,-
TRSY-1090,Treasury Jakarta,SRBI / Sekuritas Rupiah BI,Buy / Purchase,16476.55,11,1,0.08,Dalam Limit Dealer,Limit Tersedia,Konfirmasi Match,Terverifikasi Middle Office,Sesuai Ketentuan BI <20%,Tidak,1,2,-
TRSY-1091,Head Office,SBN / Government Bonds,Sell / Placement,9702.79,13,2,0.02,Dalam Limit Dealer,Limit Tersedia,Konfirmasi Match,Terverifikasi Middle Office,Sesuai Ketentuan BI <20%,Tidak,1,2,-
TRSY-1092,Head Office,PUAB / Call Money,Sell / Placement,5750.89,11,1,0.03,Dalam Limit Dealer,Limit Tersedia,Konfirmasi Match,Terverifikasi Middle Office,Sesuai Ketentuan BI <20%,Tidak,1,1,-
TRSY-1093,Head Office,FX Spot,Sell / Placement,25000.0,16,2,0.06,Dalam Limit Dealer,Limit Tersedia,Konfirmasi Match,Terverifikasi Middle Office,Sesuai Ketentuan BI <20%,Tidak,2,1,-
TRSY-1094,Treasury Jakarta,SRBI / Sekuritas Rupiah BI,Buy / Purchase,16091.1,18,5,0.03,Dalam Limit Dealer,Limit Tersedia,Konfirmasi Match,Terverifikasi Middle Office,Sesuai Ketentuan BI <20%,Tidak,1,2,-
TRSY-1095,Treasury Surabaya,SBN / Government Bonds,Sell / Placement,6210.53,8,3,0.17,Dalam Limit Dealer,Limit Tersedia,Konfirmasi Match,Terverifikasi Middle Office,Sesuai Ketentuan BI <20%,Tidak,1,1,-
TRSY-1096,Treasury Jakarta,PUAB / Call Money,Sell / Placement,7391.86,12,4,0.07,Dalam Limit Dealer,Limit Tersedia,Konfirmasi Match,Terverifikasi Middle Office,Sesuai Ketentuan BI <20%,Tidak,1,1,-
TRSY-1097,Singapore Branch,SBN / Government Bonds,Sell / Placement,20293.09,12,3,0.08,Dalam Limit Dealer,Limit Tersedia,Konfirmasi Match,Terverifikasi Middle Office,Sesuai Ketentuan BI <20%,Tidak,2,1,-
TRSY-1098,Treasury Medan,PUAB / Call Money,Buy / Purchase,3130.77,14,5,0.02,Dalam Limit Dealer,Limit Tersedia,Konfirmasi Match,Terverifikasi Middle Office,Sesuai Ketentuan BI <20%,Tidak,1,1,-
TRSY-1099,Singapore Branch,FX Forward / Swap,Buy / Purchase,25000.0,10,3,0.09,Dalam Limit Dealer,Limit Tersedia,Konfirmasi Match,Terverifikasi Middle Office,Sesuai Ketentuan BI <20%,Tidak,1,2,-
TRSY-1100,Treasury Jakarta,FX Spot,Sell / Placement,11579.36,15,1,0.12,Dalam Limit Dealer,Limit Tersedia,Konfirmasi Match,Terverifikasi Middle Office,Sesuai Ketentuan BI <20%,Tidak,2,1,-
TRSY-1101,Head Office,PUAB / Call Money,Sell / Placement,4350.85,18,3,0.16,Dalam Limit Dealer,Limit Tersedia,Konfirmasi Match,Terverifikasi Middle Office,Sesuai Ketentuan BI <20%,Tidak,2,2,-
TRSY-1102,Treasury Jakarta,SRBI / Sekuritas Rupiah BI,Sell / Placement,22563.59,15,2,0.04,Dalam Limit Dealer,Limit Tersedia,Konfirmasi Match,Terverifikasi Middle Office,Sesuai Ketentuan BI <20%,Tidak,1,1,-
TRSY-1103,Treasury Medan,PUAB / Call Money,Buy / Purchase,10563.25,15,2,0.35,Dalam Limit Dealer,Limit Tersedia,Konfirmasi Match,Terverifikasi Middle Office,Sesuai Ketentuan BI <20%,Tidak,1,1,-
TRSY-1104,Head Office,FX Spot,Buy / Purchase,8499.07,14,5,0.01,Dalam Limit Dealer,Limit Tersedia,Konfirmasi Match,Terverifikasi Middle Office,Sesuai Ketentuan BI <20%,Tidak,1,1,-
TRSY-1105,Treasury Jakarta,SBN / Government Bonds,Sell / Placement,34096.57,0,7,0.25,Dalam Limit Dealer,Limit Tersedia,Unconfirmed Deal Slip,Tanpa Verifikasi / Override Dealer,Sesuai Ketentuan BI <20%,Ya (Anomali),5,5,Transaksi Nilai Sangat Besar Dini Hari di Luar Jam Pasar Tanpa Otorisasi (Jam 0)
TRSY-1106,Singapore Branch,FX Spot,Sell / Placement,4954.85,13,2,0.04,Dalam Limit Dealer,Limit Tersedia,Konfirmasi Match,Terverifikasi Middle Office,Sesuai Ketentuan BI <20%,Tidak,1,1,-
TRSY-1107,Head Office,SBN / Government Bonds,Buy / Purchase,40000.0,12,5,0.11,Dalam Limit Dealer,Limit Tersedia,Konfirmasi Match,Terverifikasi Middle Office,Sesuai Ketentuan BI <20%,Tidak,1,1,-
TRSY-1108,Treasury Jakarta,FX Forward / Swap,Buy / Purchase,13119.74,8,2,0.13,Dalam Limit Dealer,Limit Tersedia,Konfirmasi Match,Terverifikasi Middle Office,Sesuai Ketentuan BI <20%,Tidak,1,2,-
TRSY-1109,Singapore Branch,Repo / Reverse Repo,Sell / Placement,7225.44,9,4,0.04,Dalam Limit Dealer,Limit Tersedia,Konfirmasi Match,Terverifikasi Middle Office,Sesuai Ketentuan BI <20%,Tidak,1,1,-
TRSY-1110,Treasury Medan,PUAB / Call Money,Sell / Placement,2368.96,18,4,0.01,Dalam Limit Dealer,Limit Tersedia,Konfirmasi Match,Terverifikasi Middle Office,Sesuai Ketentuan BI <20%,Tidak,2,1,-
TRSY-1111,Head Office,PUAB / Call Money,Sell / Placement,11907.38,16,5,0.1,Dalam Limit Dealer,Limit Tersedia,Konfirmasi Match,Terverifikasi Middle Office,Sesuai Ketentuan BI <20%,Tidak,1,1,-
TRSY-1112,Head Office,SRBI / Sekuritas Rupiah BI,Sell / Placement,16932.3,13,1,0.08,Dalam Limit Dealer,Limit Tersedia,Konfirmasi Match,Terverifikasi Middle Office,Sesuai Ketentuan BI <20%,Tidak,1,2,-
TRSY-1113,Singapore Branch,PUAB / Call Money,Sell / Placement,35000.0,11,2,0.05,Dalam Limit Dealer,Limit Tersedia,Konfirmasi Match,Terverifikasi Middle Office,Sesuai Ketentuan BI <20%,Tidak,1,2,-
TRSY-1114,Head Office,SRBI / Sekuritas Rupiah BI,Buy / Purchase,20525.6,11,3,0.06,Dalam Limit Dealer,Limit Tersedia,Konfirmasi Match,Terverifikasi Middle Office,Sesuai Ketentuan BI <20%,Tidak,1,1,-
TRSY-1115,Head Office,PUAB / Call Money,Buy / Purchase,17375.16,15,3,0.1,Dalam Limit Dealer,Limit Tersedia,Konfirmasi Match,Terverifikasi Middle Office,Sesuai Ketentuan BI <20%,Tidak,2,1,-
TRSY-1116,Head Office,FX Spot,Buy / Purchase,1313.81,9,5,0.02,Dalam Limit Dealer,Limit Tersedia,Konfirmasi Match,Terverifikasi Middle Office,Sesuai Ketentuan BI <20%,Tidak,2,1,-
TRSY-1117,Treasury Medan,FX Forward / Swap,Sell / Placement,1689.24,13,2,0.02,Dalam Limit Dealer,Limit Tersedia,Konfirmasi Match,Terverifikasi Middle Office,Sesuai Ketentuan BI <20%,Tidak,2,1,-
TRSY-1118,Treasury Medan,FX Spot,Buy / Purchase,18247.24,18,1,0.07,Dalam Limit Dealer,Limit Tersedia,Konfirmasi Match,Terverifikasi Middle Office,Sesuai Ketentuan BI <20%,Tidak,2,1,-
TRSY-1119,Treasury Jakarta,FX Forward / Swap,Buy / Purchase,10725.55,12,2,0.03,Dalam Limit Dealer,Limit Tersedia,Konfirmasi Match,Terverifikasi Middle Office,Sesuai Ketentuan BI <20%,Tidak,1,1,-
TRSY-1120,Singapore Branch,Repo / Reverse Repo,Sell / Placement,6944.01,12,4,0.04,Dalam Limit Dealer,Limit Tersedia,Konfirmasi Match,Terverifikasi Middle Office,Sesuai Ketentuan BI <20%,Tidak,1,2,-
TRSY-1121,Head Office,SRBI / Sekuritas Rupiah BI,Buy / Purchase,7860.97,14,5,0.02,Dalam Limit Dealer,Limit Tersedia,Konfirmasi Match,Terverifikasi Middle Office,Sesuai Ketentuan BI <20%,Tidak,1,1,-
TRSY-1122,Treasury Jakarta,PUAB / Call Money,Sell / Placement,18600.06,13,5,0.01,Dalam Limit Dealer,Limit Tersedia,Konfirmasi Match,Terverifikasi Middle Office,Sesuai Ketentuan BI <20%,Tidak,2,1,-
TRSY-1123,Singapore Branch,FX Spot,Buy / Purchase,4548.49,15,5,0.04,Dalam Limit Dealer,Limit Tersedia,Konfirmasi Match,Terverifikasi Middle Office,Sesuai Ketentuan BI <20%,Tidak,2,2,-
TRSY-1124,Treasury Surabaya,FX Spot,Sell / Placement,6114.1,12,3,0.02,Dalam Limit Dealer,Limit Tersedia,Konfirmasi Match,Terverifikasi Middle Office,Sesuai Ketentuan BI <20%,Tidak,2,2,-
TRSY-1125,Head Office,SRBI / Sekuritas Rupiah BI,Buy / Purchase,16264.68,17,1,0.11,Dalam Limit Dealer,Limit Tersedia,Konfirmasi Match,Terverifikasi Middle Office,Sesuai Ketentuan BI <20%,Tidak,1,1,-
TRSY-1126,Head Office,FX Spot,Sell / Placement,1670.15,15,5,0.05,Dalam Limit Dealer,Limit Tersedia,Konfirmasi Match,Terverifikasi Middle Office,Sesuai Ketentuan BI <20%,Tidak,1,1,-
TRSY-1127,Singapore Branch,FX Spot,Sell / Placement,24004.2,15,4,0.03,Dalam Limit Dealer,Limit Tersedia,Konfirmasi Match,Terverifikasi Middle Office,Sesuai Ketentuan BI <20%,Tidak,1,1,-
TRSY-1128,Head Office,FX Forward / Swap,Buy / Purchase,23851.7,16,1,0.14,Dalam Limit Dealer,Limit Tersedia,Konfirmasi Match,Terverifikasi Middle Office,Sesuai Ketentuan BI <20%,Tidak,1,2,-
TRSY-1129,Treasury Medan,SBN / Government Bonds,Sell / Placement,17114.07,16,3,0.05,Dalam Limit Dealer,Limit Tersedia,Konfirmasi Match,Terverifikasi Middle Office,Sesuai Ketentuan BI <20%,Tidak,2,1,-
TRSY-1130,Treasury Jakarta,SRBI / Sekuritas Rupiah BI,Sell / Placement,40000.0,8,5,0.03,Dalam Limit Dealer,Limit Tersedia,Konfirmasi Match,Terverifikasi Middle Office,Sesuai Ketentuan BI <20%,Tidak,1,2,-
TRSY-1131,Singapore Branch,FX Forward / Swap,Sell / Placement,98089.18,8,2,0.18,Dalam Limit Dealer,Limit Tersedia,Konfirmasi Match,Tanpa Verifikasi / Override Dealer,Potensi Melanggar Batas PDN,Ya (Anomali),5,5,Pelanggaran SoD: Dealer Melakukan Eksekusi Mandiri Tanpa Verifikasi Middle Office & Berisiko Melanggar Batas PDN BI
TRSY-1132,Treasury Jakarta,Repo / Reverse Repo,Sell / Placement,35000.0,13,1,0.08,Dalam Limit Dealer,Limit Tersedia,Konfirmasi Match,Terverifikasi Middle Office,Sesuai Ketentuan BI <20%,Tidak,2,1,-
TRSY-1133,Singapore Branch,SBN / Government Bonds,Sell / Placement,9499.63,14,5,0.02,Dalam Limit Dealer,Limit Tersedia,Konfirmasi Match,Terverifikasi Middle Office,Sesuai Ketentuan BI <20%,Tidak,1,2,-
TRSY-1134,Treasury Surabaya,Repo / Reverse Repo,Buy / Purchase,103412.42,9,3,0.27,Melampaui Limit Dealer,Limit Tersedia,Konfirmasi Match,Tanpa Verifikasi / Override Dealer,Sesuai Ketentuan BI <20%,Ya (Anomali),5,5,Pelanggaran Limit Wewenang Dealer (Dealer Trading Limit Breach: Rp 103412.42 Juta)
TRSY-1135,Treasury Jakarta,SRBI / Sekuritas Rupiah BI,Sell / Placement,22850.6,10,1,0.04,Dalam Limit Dealer,Limit Tersedia,Konfirmasi Match,Terverifikasi Middle Office,Sesuai Ketentuan BI <20%,Tidak,1,2,-
TRSY-1136,Treasury Medan,SRBI / Sekuritas Rupiah BI,Sell / Placement,40000.0,11,3,0.18,Dalam Limit Dealer,Limit Tersedia,Konfirmasi Match,Terverifikasi Middle Office,Sesuai Ketentuan BI <20%,Tidak,2,1,-
TRSY-1137,Head Office,SBN / Government Bonds,Buy / Purchase,29141.19,13,3,0.16,Dalam Limit Dealer,Limit Tersedia,Konfirmasi Match,Terverifikasi Middle Office,Sesuai Ketentuan BI <20%,Tidak,2,1,-
TRSY-1138,Treasury Jakarta,SBN / Government Bonds,Sell / Placement,7317.5,12,3,0.02,Dalam Limit Dealer,Limit Tersedia,Konfirmasi Match,Terverifikasi Middle Office,Sesuai Ketentuan BI <20%,Tidak,1,1,-
TRSY-1139,Treasury Jakarta,SBN / Government Bonds,Buy / Purchase,14253.18,13,5,0.1,Dalam Limit Dealer,Limit Tersedia,Konfirmasi Match,Terverifikasi Middle Office,Sesuai Ketentuan BI <20%,Tidak,2,1,-
TRSY-1140,Head Office,FX Forward / Swap,Buy / Purchase,12659.1,11,1,0.01,Dalam Limit Dealer,Limit Tersedia,Konfirmasi Match,Terverifikasi Middle Office,Sesuai Ketentuan BI <20%,Tidak,2,1,-
TRSY-1141,Treasury Jakarta,FX Spot,Buy / Purchase,2289.38,8,5,0.14,Dalam Limit Dealer,Limit Tersedia,Konfirmasi Match,Terverifikasi Middle Office,Sesuai Ketentuan BI <20%,Tidak,1,1,-
TRSY-1142,Treasury Surabaya,FX Forward / Swap,Buy / Purchase,31813.2,14,4,5.08,Dalam Limit Dealer,Limit Tersedia,Konfirmasi Match,Tanpa Verifikasi / Override Dealer,Sesuai Ketentuan BI <20%,Ya (Anomali),5,5,Transaksi dengan Deviasi Kurs / Yield Tidak Wajar (Off-Market Rate: 5.08%)
TRSY-1143,Head Office,FX Spot,Buy / Purchase,1323.09,7,3,0.01,Dalam Limit Dealer,Limit Tersedia,Konfirmasi Match,Terverifikasi Middle Office,Sesuai Ketentuan BI <20%,Tidak,1,2,-
TRSY-1144,Head Office,SRBI / Sekuritas Rupiah BI,Sell / Placement,7881.27,11,2,0.14,Dalam Limit Dealer,Limit Tersedia,Konfirmasi Match,Terverifikasi Middle Office,Sesuai Ketentuan BI <20%,Tidak,2,1,-
TRSY-1145,Treasury Medan,FX Forward / Swap,Buy / Purchase,1677.02,8,2,0.11,Dalam Limit Dealer,Limit Tersedia,Konfirmasi Match,Terverifikasi Middle Office,Sesuai Ketentuan BI <20%,Tidak,1,1,-
TRSY-1146,Treasury Medan,SRBI / Sekuritas Rupiah BI,Buy / Purchase,34404.19,10,2,0.04,Dalam Limit Dealer,Limit Tersedia,Konfirmasi Match,Terverifikasi Middle Office,Sesuai Ketentuan BI <20%,Tidak,2,1,-
TRSY-1147,Treasury Surabaya,FX Spot,Sell / Placement,9063.57,10,1,0.02,Dalam Limit Dealer,Limit Tersedia,Konfirmasi Match,Terverifikasi Middle Office,Sesuai Ketentuan BI <20%,Tidak,1,2,-
TRSY-1148,Head Office,SBN / Government Bonds,Sell / Placement,16268.71,16,4,0.02,Dalam Limit Dealer,Limit Tersedia,Konfirmasi Match,Terverifikasi Middle Office,Sesuai Ketentuan BI <20%,Tidak,1,1,-
TRSY-1149,Head Office,SBN / Government Bonds,Sell / Placement,13245.46,14,1,0.08,Dalam Limit Dealer,Limit Tersedia,Konfirmasi Match,Terverifikasi Middle Office,Sesuai Ketentuan BI <20%,Tidak,2,2,-
TRSY-1150,Treasury Medan,SRBI / Sekuritas Rupiah BI,Sell / Placement,5708.22,10,2,0.11,Dalam Limit Dealer,Limit Tersedia,Konfirmasi Match,Terverifikasi Middle Office,Sesuai Ketentuan BI <20%,Tidak,2,1,-
TRSY-1151,Singapore Branch,PUAB / Call Money,Buy / Purchase,2011.17,15,3,0.05,Dalam Limit Dealer,Limit Tersedia,Konfirmasi Match,Terverifikasi Middle Office,Sesuai Ketentuan BI <20%,Tidak,1,1,-
TRSY-1152,Singapore Branch,SBN / Government Bonds,Sell / Placement,8869.97,9,5,6.35,Dalam Limit Dealer,Limit Tersedia,Konfirmasi Match,Tanpa Verifikasi / Override Dealer,Sesuai Ketentuan BI <20%,Ya (Anomali),5,5,Transaksi dengan Deviasi Kurs / Yield Tidak Wajar (Off-Market Rate: 6.35%)
TRSY-1153,Singapore Branch,PUAB / Call Money,Sell / Placement,6379.06,14,4,0.03,Dalam Limit Dealer,Limit Tersedia,Konfirmasi Match,Terverifikasi Middle Office,Sesuai Ketentuan BI <20%,Tidak,1,2,-
TRSY-1154,Treasury Medan,PUAB / Call Money,Sell / Placement,28541.7,11,4,0.04,Dalam Limit Dealer,Limit Tersedia,Konfirmasi Match,Terverifikasi Middle Office,Sesuai Ketentuan BI <20%,Tidak,2,1,-
TRSY-1155,Singapore Branch,FX Spot,Sell / Placement,8750.95,12,5,0.02,Dalam Limit Dealer,Limit Tersedia,Konfirmasi Match,Terverifikasi Middle Office,Sesuai Ketentuan BI <20%,Tidak,1,1,-
TRSY-1156,Treasury Jakarta,SRBI / Sekuritas Rupiah BI,Sell / Placement,5767.83,16,1,0.01,Dalam Limit Dealer,Limit Tersedia,Konfirmasi Match,Terverifikasi Middle Office,Sesuai Ketentuan BI <20%,Tidak,2,2,-
TRSY-1157,Head Office,PUAB / Call Money,Buy / Purchase,19683.83,15,1,0.05,Dalam Limit Dealer,Limit Tersedia,Konfirmasi Match,Terverifikasi Middle Office,Sesuai Ketentuan BI <20%,Tidak,2,1,-
TRSY-1158,Head Office,SBN / Government Bonds,Sell / Placement,10025.93,11,2,0.02,Dalam Limit Dealer,Limit Tersedia,Konfirmasi Match,Terverifikasi Middle Office,Sesuai Ketentuan BI <20%,Tidak,1,1,-
TRSY-1159,Treasury Medan,FX Forward / Swap,Sell / Placement,87933.78,13,4,0.23,Dalam Limit Dealer,Limit Tersedia,Konfirmasi Match,Tanpa Verifikasi / Override Dealer,Potensi Melanggar Batas PDN,Ya (Anomali),5,5,Pelanggaran SoD: Dealer Melakukan Eksekusi Mandiri Tanpa Verifikasi Middle Office & Berisiko Melanggar Batas PDN BI
TRSY-1160,Singapore Branch,SBN / Government Bonds,Buy / Purchase,7085.02,13,2,0.06,Dalam Limit Dealer,Limit Tersedia,Konfirmasi Match,Terverifikasi Middle Office,Sesuai Ketentuan BI <20%,Tidak,2,1,-
TRSY-1161,Treasury Medan,Repo / Reverse Repo,Sell / Placement,5648.98,13,1,0.07,Dalam Limit Dealer,Limit Tersedia,Konfirmasi Match,Terverifikasi Middle Office,Sesuai Ketentuan BI <20%,Tidak,1,2,-
TRSY-1162,Head Office,FX Forward / Swap,Sell / Placement,25000.0,13,4,0.03,Dalam Limit Dealer,Limit Tersedia,Konfirmasi Match,Terverifikasi Middle Office,Sesuai Ketentuan BI <20%,Tidak,1,1,-
TRSY-1163,Treasury Surabaya,PUAB / Call Money,Buy / Purchase,7822.98,15,4,0.01,Dalam Limit Dealer,Limit Tersedia,Konfirmasi Match,Terverifikasi Middle Office,Sesuai Ketentuan BI <20%,Tidak,2,2,-
TRSY-1164,Singapore Branch,SBN / Government Bonds,Sell / Placement,7020.51,13,5,0.07,Dalam Limit Dealer,Limit Tersedia,Konfirmasi Match,Terverifikasi Middle Office,Sesuai Ketentuan BI <20%,Tidak,1,1,-
TRSY-1165,Treasury Medan,Repo / Reverse Repo,Sell / Placement,19742.46,12,3,0.17,Dalam Limit Dealer,Limit Tersedia,Mismatched Deal,Tanpa Verifikasi / Override Dealer,Sesuai Ketentuan BI <20%,Ya (Anomali),4,5,Risiko Operasional & Settlement: Konfirmasi Transaksi Mismatched Deal
TRSY-1166,Singapore Branch,Repo / Reverse Repo,Sell / Placement,3422.76,12,1,0.03,Dalam Limit Dealer,Limit Tersedia,Konfirmasi Match,Terverifikasi Middle Office,Sesuai Ketentuan BI <20%,Tidak,1,1,-
TRSY-1167,Singapore Branch,Repo / Reverse Repo,Buy / Purchase,24446.42,7,1,0.07,Dalam Limit Dealer,Limit Tersedia,Konfirmasi Match,Terverifikasi Middle Office,Sesuai Ketentuan BI <20%,Tidak,2,1,-
TRSY-1168,Treasury Jakarta,SRBI / Sekuritas Rupiah BI,Buy / Purchase,7244.48,13,4,0.17,Dalam Limit Dealer,Limit Tersedia,Konfirmasi Match,Terverifikasi Middle Office,Sesuai Ketentuan BI <20%,Tidak,2,1,-
TRSY-1169,Treasury Medan,SBN / Government Bonds,Sell / Placement,22540.43,11,4,0.03,Dalam Limit Dealer,Limit Tersedia,Konfirmasi Match,Terverifikasi Middle Office,Sesuai Ketentuan BI <20%,Tidak,1,2,-
TRSY-1170,Treasury Medan,Repo / Reverse Repo,Buy / Purchase,10768.52,7,4,0.02,Dalam Limit Dealer,Limit Tersedia,Konfirmasi Match,Terverifikasi Middle Office,Sesuai Ketentuan BI <20%,Tidak,1,1,-
TRSY-1171,Singapore Branch,FX Forward / Swap,Buy / Purchase,1229.43,15,5,0.05,Dalam Limit Dealer,Limit Tersedia,Konfirmasi Match,Terverifikasi Middle Office,Sesuai Ketentuan BI <20%,Tidak,1,2,-
TRSY-1172,Treasury Surabaya,SRBI / Sekuritas Rupiah BI,Buy / Purchase,7915.47,12,3,0.01,Dalam Limit Dealer,Limit Tersedia,Konfirmasi Match,Terverifikasi Middle Office,Sesuai Ketentuan BI <20%,Tidak,1,1,-
TRSY-1173,Treasury Surabaya,PUAB / Call Money,Buy / Purchase,15293.77,12,3,0.04,Dalam Limit Dealer,Limit Tersedia,Konfirmasi Match,Terverifikasi Middle Office,Sesuai Ketentuan BI <20%,Tidak,1,2,-
TRSY-1174,Treasury Surabaya,SRBI / Sekuritas Rupiah BI,Sell / Placement,27935.88,11,4,0.03,Dalam Limit Dealer,Limit Tersedia,Konfirmasi Match,Terverifikasi Middle Office,Sesuai Ketentuan BI <20%,Tidak,2,2,-
TRSY-1175,Singapore Branch,PUAB / Call Money,Sell / Placement,7573.94,14,2,0.07,Dalam Limit Dealer,Limit Tersedia,Konfirmasi Match,Terverifikasi Middle Office,Sesuai Ketentuan BI <20%,Tidak,1,2,-
TRSY-1176,Treasury Jakarta,FX Spot,Buy / Purchase,11782.89,9,5,0.05,Dalam Limit Dealer,Limit Tersedia,Konfirmasi Match,Terverifikasi Middle Office,Sesuai Ketentuan BI <20%,Tidak,2,1,-
TRSY-1177,Treasury Jakarta,SRBI / Sekuritas Rupiah BI,Sell / Placement,37499.15,18,1,0.02,Dalam Limit Dealer,Limit Tersedia,Konfirmasi Match,Terverifikasi Middle Office,Sesuai Ketentuan BI <20%,Tidak,1,2,-
TRSY-1178,Treasury Medan,SBN / Government Bonds,Buy / Purchase,18366.0,11,1,0.03,Dalam Limit Dealer,Limit Tersedia,Konfirmasi Match,Terverifikasi Middle Office,Sesuai Ketentuan BI <20%,Tidak,1,1,-
TRSY-1179,Treasury Surabaya,FX Forward / Swap,Buy / Purchase,2405.03,17,1,0.05,Dalam Limit Dealer,Limit Tersedia,Konfirmasi Match,Terverifikasi Middle Office,Sesuai Ketentuan BI <20%,Tidak,2,1,-
TRSY-1180,Treasury Medan,SBN / Government Bonds,Sell / Placement,7725.93,15,2,0.11,Dalam Limit Dealer,Limit Tersedia,Konfirmasi Match,Terverifikasi Middle Office,Sesuai Ketentuan BI <20%,Tidak,2,1,-
TRSY-1181,Treasury Medan,FX Spot,Buy / Purchase,18053.7,8,3,0.11,Dalam Limit Dealer,Limit Tersedia,Konfirmasi Match,Terverifikasi Middle Office,Sesuai Ketentuan BI <20%,Tidak,2,2,-
TRSY-1182,Treasury Medan,SBN / Government Bonds,Buy / Purchase,64689.8,11,4,0.28,Melampaui Limit Dealer,Limit Tersedia,Konfirmasi Match,Tanpa Verifikasi / Override Dealer,Sesuai Ketentuan BI <20%,Ya (Anomali),5,5,Pelanggaran Limit Wewenang Dealer (Dealer Trading Limit Breach: Rp 64689.80 Juta)
TRSY-1183,Singapore Branch,Repo / Reverse Repo,Sell / Placement,5067.95,12,5,0.19,Dalam Limit Dealer,Limit Tersedia,Konfirmasi Match,Terverifikasi Middle Office,Sesuai Ketentuan BI <20%,Tidak,1,1,-
TRSY-1184,Treasury Surabaya,FX Spot,Buy / Purchase,9306.88,11,5,0.13,Dalam Limit Dealer,Limit Tersedia,Konfirmasi Match,Terverifikasi Middle Office,Sesuai Ketentuan BI <20%,Tidak,1,1,-
TRSY-1185,Treasury Surabaya,PUAB / Call Money,Buy / Purchase,11719.9,15,1,0.03,Dalam Limit Dealer,Limit Tersedia,Konfirmasi Match,Terverifikasi Middle Office,Sesuai Ketentuan BI <20%,Tidak,1,1,-
TRSY-1186,Singapore Branch,Repo / Reverse Repo,Sell / Placement,2245.16,12,1,0.23,Dalam Limit Dealer,Limit Tersedia,Konfirmasi Match,Terverifikasi Middle Office,Sesuai Ketentuan BI <20%,Tidak,1,1,-
TRSY-1187,Treasury Medan,SRBI / Sekuritas Rupiah BI,Buy / Purchase,27285.73,14,1,0.05,Dalam Limit Dealer,Limit Tersedia,Konfirmasi Match,Terverifikasi Middle Office,Sesuai Ketentuan BI <20%,Tidak,1,1,-
TRSY-1188,Head Office,PUAB / Call Money,Buy / Purchase,14443.64,9,2,0.04,Dalam Limit Dealer,Limit Tersedia,Konfirmasi Match,Terverifikasi Middle Office,Sesuai Ketentuan BI <20%,Tidak,1,2,-
TRSY-1189,Treasury Jakarta,SBN / Government Bonds,Sell / Placement,30230.73,14,4,0.02,Dalam Limit Dealer,Limit Tersedia,Konfirmasi Match,Terverifikasi Middle Office,Sesuai Ketentuan BI <20%,Tidak,2,1,-
TRSY-1190,Treasury Jakarta,Repo / Reverse Repo,Sell / Placement,7514.2,10,4,0.01,Dalam Limit Dealer,Limit Tersedia,Konfirmasi Match,Terverifikasi Middle Office,Sesuai Ketentuan BI <20%,Tidak,1,1,-
TRSY-1191,Head Office,SBN / Government Bonds,Buy / Purchase,34588.67,11,2,3.04,Dalam Limit Dealer,Limit Tersedia,Unconfirmed Deal Slip,Tanpa Verifikasi / Override Dealer,Sesuai Ketentuan BI <20%,Ya (Anomali),5,5,Transaksi dengan Deviasi Kurs / Yield Tidak Wajar (Off-Market Rate: 3.04%)
TRSY-1192,Singapore Branch,FX Spot,Buy / Purchase,62465.93,15,2,0.29,Dalam Limit Dealer,Limit Tersedia,Konfirmasi Match,Tanpa Verifikasi / Override Dealer,Potensi Melanggar Batas PDN,Ya (Anomali),5,5,Pelanggaran SoD: Dealer Melakukan Eksekusi Mandiri Tanpa Verifikasi Middle Office & Berisiko Melanggar Batas PDN BI
TRSY-1193,Singapore Branch,Repo / Reverse Repo,Buy / Purchase,44199.12,9,2,1.65,Dalam Limit Dealer,Limit Tersedia,Konfirmasi Match,Tanpa Verifikasi / Override Dealer,Sesuai Ketentuan BI <20%,Ya (Anomali),5,5,Transaksi dengan Deviasi Kurs / Yield Tidak Wajar (Off-Market Rate: 1.65%)
TRSY-1194,Singapore Branch,SBN / Government Bonds,Buy / Purchase,20365.59,9,3,2.08,Dalam Limit Dealer,Limit Tersedia,Unconfirmed Deal Slip,Tanpa Verifikasi / Override Dealer,Sesuai Ketentuan BI <20%,Ya (Anomali),5,5,Transaksi dengan Deviasi Kurs / Yield Tidak Wajar (Off-Market Rate: 2.08%)
TRSY-1195,Singapore Branch,Repo / Reverse Repo,Sell / Placement,22983.99,17,3,0.03,Dalam Limit Dealer,Limit Tersedia,Konfirmasi Match,Terverifikasi Middle Office,Sesuai Ketentuan BI <20%,Tidak,2,1,-
TRSY-1196,Treasury Medan,SBN / Government Bonds,Sell / Placement,10277.77,10,1,0.07,Dalam Limit Dealer,Limit Tersedia,Konfirmasi Match,Terverifikasi Middle Office,Sesuai Ketentuan BI <20%,Tidak,2,1,-
TRSY-1197,Treasury Medan,SBN / Government Bonds,Buy / Purchase,9333.28,7,2,0.05,Dalam Limit Dealer,Limit Tersedia,Konfirmasi Match,Terverifikasi Middle Office,Sesuai Ketentuan BI <20%,Tidak,2,1,-
TRSY-1198,Head Office,FX Forward / Swap,Buy / Purchase,15728.71,14,1,0.04,Dalam Limit Dealer,Limit Tersedia,Konfirmasi Match,Terverifikasi Middle Office,Sesuai Ketentuan BI <20%,Tidak,2,1,-
TRSY-1199,Singapore Branch,FX Spot,Buy / Purchase,25000.0,14,1,0.01,Dalam Limit Dealer,Limit Tersedia,Konfirmasi Match,Terverifikasi Middle Office,Sesuai Ketentuan BI <20%,Tidak,2,1,-
TRSY-1200,Head Office,SBN / Government Bonds,Sell / Placement,30859.22,9,5,0.04,Dalam Limit Dealer,Limit Tersedia,Konfirmasi Match,Terverifikasi Middle Office,Sesuai Ketentuan BI <20%,Tidak,1,1,-
