Teks Input (Kutipan dari Laporan Audit),TARGET: Kategori Risiko,TARGET: Sentimen,TARGET: Impact (1-5),TARGET: Likelihood (1-5)
1. Terjadi pencatatan ganda atas klaim pengeluaran operasional cabang senilai Rp 154.9 Juta karena tidak adanya validasi sistemic.,Financial,Negative,5,4
"2. Prosedur penanganan keluhan pelanggan belum memiliki SLA yang jelas, mengakibatkan tingkat kepuasan nasabah turun.",Operations,Negative,4,2
3. Uji keandalan pemulihan bencana (*DRP drill*) berhasil memulihkan seluruh sistem utama dalam durasi kurang dari 15 menit.,Technology,Positive,2,1
4. Dokumen kontrak kerja bagi 20 karyawan kontrak belum ditandatangani secara sah meskipun masa kerja telah berjalan 3 bulan.,Human Resources,Negative,4,2
5. Dokumen risalah rapat Direksi dan Dewan Komisaris tidak terdokumentasi secara rapi dan sulit diakses saat audit.,Governance,Negative,3,3
6. Ditemukan 4 kantor cabang pembantu yang beroperasi tanpa kelengkapan perizinan usaha daerah yang valid.,Compliance,Negative,5,3
7. Dilakukan evaluasi terhadap indikator pencapaian sasaran strategis tahunan pada masing-masing unit bisnis.,Strategic,Neutral,2,4
8. Sistem otomatisasi pencatatan faktur pajak dan transaksi kas berhasil menekan angka kesalahan akuntansi hingga 0.01%.,Financial,Positive,1,2
9. Terdapat kecenderungan keterlambatan pengiriman barang ke jaringan distributor hingga melebihi batas toleransi 5 hari.,Operations,Negative,3,5
10. Sistem pemulihan bencana (*Disaster Recovery Plan*) belum pernah diuji cobakan secara menyeluruh dalam 18 bulan terakhir.,Technology,Negative,4,4
11. Proses rekrutmen tidak menjalankan verifikasi latar belakang (*background check*) secara lengkap untuk posisi manajerial kunci.,Human Resources,Negative,5,5
12. Struktur komite pendukung tata kelola telah berfungsi efektif dalam memberikan rekomendasi independen bagi manajemen.,Governance,Positive,1,1
13. Terdapat ketidakpatuhan terhadap batas maksimum pemberian kredit (BMPK) pada 2 debitur grup usaha terkait.,Compliance,Negative,5,4
14. Rencana diversifikasi portofolio investasi mengalami kerugian akibat lemahnya analisis mitigasi risiko pasar.,Strategic,Negative,3,5
15. Dilakukan penyesuaian format penyajian laporan keuangan konsolidasi untuk menyesuaikan standar pelaporan induk perusahaan.,Financial,Neutral,2,1
16. Penerapan standar K3 di area operasional gudang berhasil mempertahankan pencapaian *zero accident* selama 3 tahun berturut-turut.,Operations,Positive,1,1
17. Hasil tes penetrasi mengungkapkan 3 kerentanan kritis (SQL Injection & RCE) pada aplikasi e-banking yang belum diperbaiki.,Technology,Negative,4,2
18. Dokumen kontrak kerja bagi 20 karyawan kontrak belum ditandatangani secara sah meskipun masa kerja telah berjalan 3 bulan.,Human Resources,Negative,4,5
19. Terdapat insiden pelanggaran pedoman etika bisnis oleh oknum manajemen yang tidak ditindaklanjuti secara tegas.,Governance,Negative,5,4
20. Ditemukan 4 kantor cabang pembantu yang beroperasi tanpa kelengkapan perizinan usaha daerah yang valid.,Compliance,Negative,4,2
21. Proyek ekspansi pembukaan 10 cabang baru mengalami penundaan 9 bulan dan pembengkakan anggaran mencapai 40%.,Strategic,Negative,4,5
22. Terjadi pencatatan ganda atas klaim pengeluaran operasional cabang senilai Rp 436.5 Juta karena tidak adanya validasi sistemic.,Financial,Negative,4,5
23. Penerapan standar K3 di area operasional gudang berhasil mempertahankan pencapaian *zero accident* selama 3 tahun berturut-turut.,Operations,Positive,2,2
24. Sistem pemantauan server berbasis AI secara proaktif mendeteksi dan mengisolasi potensi gangguan performa secara otomatis.,Technology,Positive,1,2
25. Hasil survei kepuasan dan keterikatan pegawai (*employee engagement score*) meningkat signifikan menjadi 88.5%.,Human Resources,Positive,1,3
26. Dokumen risalah rapat Direksi dan Dewan Komisaris tidak terdokumentasi secara rapi dan sulit diakses saat audit.,Governance,Negative,5,5
27. Ditemukan 4 kantor cabang pembantu yang beroperasi tanpa kelengkapan perizinan usaha daerah yang valid.,Compliance,Negative,4,2
28. Kemitraan strategis dengan penyedia teknologi utama dihentikan sepihak karena ketidakmampuan mencapai target kerjasama.,Strategic,Negative,4,4
29. Ditemukan kelemahan signifikan dalam prosedur otorisasi pembayaran kas besar senilai Rp 210.6 Miliar tanpa persetujuan bertingkat.,Financial,Negative,4,4
30. Penyelesaian tiket keluhan pelanggan berhasil dituntaskan dalam kurun waktu kurang dari 24 jam secara terukur.,Operations,Positive,1,2
31. Uji keandalan pemulihan bencana (*DRP drill*) berhasil memulihkan seluruh sistem utama dalam durasi kurang dari 15 menit.,Technology,Positive,2,2
32. Hasil survei kepuasan dan keterikatan pegawai (*employee engagement score*) meningkat signifikan menjadi 88.5%.,Human Resources,Positive,1,2
33. Manajemen meninjau ulang susunan piagam (*charter*) audit internal sesuai dengan perkembangan standar profesi audit.,Governance,Neutral,4,2
34. Manajemen menyelenggarakan sesi sosialisasi aturan regulasi baru yang diterbitkan oleh instansi pembina sektor usaha.,Compliance,Neutral,3,1
35. Transformasi budaya digital perusahaan menunjukkan dampak positif pada efisiensi biaya dan kecepatan inovasi.,Strategic,Positive,1,1
36. Pengelolaan anggaran belanja operasional cabang berhasil mencapai efisiensi biaya sebesar 12% tanpa mengurangi kualitas layanan.,Financial,Positive,1,3
37. Pengelolaan stok persediaan barang jadi di gudang utama mengalami selisih fisik sejumlah 671.8 unit tanpa catatan penyesuaian.,Operations,Negative,4,4
38. Prosedur *backup* basis data server utama tidak berhasil dijalankan secara penuh selama 2 minggu berturut-turut.,Technology,Negative,4,4
39. Program pelatihan keselamatan dan kesehatan kerja berhasil mencapai tingkat kelulusan peserta sebesar 98%.,Human Resources,Positive,2,3
40. Kebijakan *whistleblowing system* dikelola secara independen oleh pihak ketiga dan menjamin perlindungan pelapor 100%.,Governance,Positive,1,2
41. Dilakukan evaluasi rutin terhadap kelengkapan berkas perizinan operasional di seluruh unit kerja perusahaan.,Compliance,Neutral,3,2
42. Transformasi sistem bisnis inti mengalami kendala integrasi berat yang mengancam pencapaian target jangka panjang.,Strategic,Negative,4,2
"43. Prosedur pencatatan utang usaha terlambat hingga 45 hari, berpotensi menimbulkan klaim penalti vendor dan denda administrasi.",Financial,Negative,4,3
"44. Prosedur penanganan keluhan pelanggan belum memiliki SLA yang jelas, mengakibatkan tingkat kepuasan nasabah turun.",Operations,Negative,4,4
45. Ditemukan insiden kebocoran kredensial pengguna akibat lemahnya enkripsi pada lalu lintas data API microservice.,Technology,Negative,4,4
46. Program pengembangan talenta dan *succession planning* berhasil mengisi 85% posisi kepemimpinan dari internal perusahaan.,Human Resources,Positive,1,2
47. Terdapat insiden pelanggaran pedoman etika bisnis oleh oknum manajemen yang tidak ditindaklanjuti secara tegas.,Governance,Negative,5,3
48. Pelaporan kewajiban transaksi keuangan mencurigakan (LTKM) ke PPATK mengalami keterlambatan melebihi batas waktu 3 hari.,Compliance,Negative,4,3
49. Kerjasama strategis dengan jaringan ritel nasional berhasil memperluas pangsa pasar produk perusahaan secara signifikan.,Strategic,Positive,2,1
50. Manajemen telah memfinalisasi pemutakhiran bagan akun standar (chart of accounts) untuk seluruh cabang operasional.,Financial,Neutral,4,3
51. Pihak pengelola gudang sedang melakukan penataan ulang tata letak rak barang untuk mengoptimalkan ruang penyimpanan.,Operations,Neutral,4,4
52. Pemeriksaan berkala atas daftar inventaris lisensi perangkat lunak perusahaan telah dilaksanakan sesuai jadwal.,Technology,Neutral,4,2
"53. Tingkat perputaran (*turnover*) karyawan pada divisi IT mencapai 32% per tahun, mengganggu kelancaran proyek-proyek strategis.",Human Resources,Negative,5,5
54. Kebijakan penanganan benturan kepentingan (*conflict of interest*) tidak diperbarui dalam 5 tahun terakhir.,Governance,Negative,5,2
55. Sistem pemantauan kepatuhan regulasi secara proaktif menyesuaikan seluruh prosedur internal dengan aturan OJK terbaru.,Compliance,Positive,2,1
56. Transformasi budaya digital perusahaan menunjukkan dampak positif pada efisiensi biaya dan kecepatan inovasi.,Strategic,Positive,1,1
57. Verifikasi dokumen pembayaran kas besar telah menerapkan otorisasi bertingkat yang transparan dan terdokumentasi dengan baik.,Financial,Positive,1,2
58. Sistem pelacakan persediaan berbasis *barcode* beroperasi optimal dan memangkas durasi *stock opname* hingga 50%.,Operations,Positive,1,2
"59. Akses akun administrator sistem inti tidak menerapkan otentikasi ganda (2FA), berisiko tinggi terhadap akses tidak sah.",Technology,Negative,4,3
60. Program pengembangan talenta dan *succession planning* berhasil mengisi 85% posisi kepemimpinan dari internal perusahaan.,Human Resources,Positive,2,1
61. Komite audit belum menyelenggarakan rapat berkala kuartalan sesuai ketentuan tata kelola perusahaan yang baik (GCG).,Governance,Negative,4,5
62. Terdapat ketidakpatuhan terhadap batas maksimum pemberian kredit (BMPK) pada 2 debitur grup usaha terkait.,Compliance,Negative,4,4
63. Rencana diversifikasi portofolio investasi mengalami kerugian akibat lemahnya analisis mitigasi risiko pasar.,Strategic,Negative,5,2
"64. Prosedur pencatatan utang usaha terlambat hingga 45 hari, berpotensi menimbulkan klaim penalti vendor dan denda administrasi.",Financial,Negative,3,2
65. Pemeriksaan rutin terhadap alur proses distribusi barang antar gudang cabang telah diselesaikan sesuai jadwal kerja audit.,Operations,Neutral,2,4
66. Hasil tes penetrasi mengungkapkan 3 kerentanan kritis (SQL Injection & RCE) pada aplikasi e-banking yang belum diperbaiki.,Technology,Negative,4,5
67. Sistem penggajian otomatis (*payroll system*) beroperasi tanpa kendala dan memproses hak karyawan secara presisi.,Human Resources,Positive,1,1
68. Terdapat insiden pelanggaran pedoman etika bisnis oleh oknum manajemen yang tidak ditindaklanjuti secara tegas.,Governance,Negative,4,2
69. Prosedur *Anti-Money Laundering* (APU-PPT) tidak melakukan pemutakhiran profil risiko nasabah secara berkala.,Compliance,Negative,3,4
70. Tim perencanaan bisnis menyusun studi kelayakan awal untuk rencana pengembangan area operasional baru.,Strategic,Neutral,3,2
71. Proses audit internal keuangan semesteran menunjukkan kepatuhan penuh terhadap kebijakan pembukuan perusahaan.,Financial,Positive,1,1
72. Pemeriksaan rutin terhadap alur proses distribusi barang antar gudang cabang telah diselesaikan sesuai jadwal kerja audit.,Operations,Neutral,3,2
73. Telah dilakukan pemetaan alokasi kapasitas *bandwidth* jaringan internet untuk mendukung kegiatan operasional kantor cabang.,Technology,Neutral,3,4
74. Hasil survei kepuasan dan keterikatan pegawai (*employee engagement score*) meningkat signifikan menjadi 88.5%.,Human Resources,Positive,1,2
75. Rapat umum pemegang saham telah mengesahkan laporan keuangan audited untuk tahun buku yang lalu.,Governance,Neutral,4,4
76. Terdapat ketidakpatuhan terhadap batas maksimum pemberian kredit (BMPK) pada 2 debitur grup usaha terkait.,Compliance,Negative,4,2
77. Pencapaian target pendapatan dari segmen bisnis baru melampaui rencana strategis perusahaan hingga 115%.,Strategic,Positive,1,2
"78. Prosedur pencatatan utang usaha terlambat hingga 45 hari, berpotensi menimbulkan klaim penalti vendor dan denda administrasi.",Financial,Negative,3,4
79. Penyelesaian tiket keluhan pelanggan berhasil dituntaskan dalam kurun waktu kurang dari 24 jam secara terukur.,Operations,Positive,1,3
80. Uji keandalan pemulihan bencana (*DRP drill*) berhasil memulihkan seluruh sistem utama dalam durasi kurang dari 15 menit.,Technology,Positive,2,3
81. Proses rekrutmen tidak menjalankan verifikasi latar belakang (*background check*) secara lengkap untuk posisi manajerial kunci.,Human Resources,Negative,4,5
82. Struktur komite pendukung tata kelola telah berfungsi efektif dalam memberikan rekomendasi independen bagi manajemen.,Governance,Positive,2,2
83. Pelaporan kewajiban transaksi keuangan mencurigakan (LTKM) ke PPATK mengalami keterlambatan melebihi batas waktu 3 hari.,Compliance,Negative,4,3
84. Kemitraan strategis dengan penyedia teknologi utama dihentikan sepihak karena ketidakmampuan mencapai target kerjasama.,Strategic,Negative,3,5
85. Laporan piutang ragu-ragu tidak memperhitungkan cadangan kerugian penurunan nilai secara akurat sesuai standar PSAK.,Financial,Negative,5,4
86. Penyelesaian tiket keluhan pelanggan berhasil dituntaskan dalam kurun waktu kurang dari 24 jam secara terukur.,Operations,Positive,2,2
87. Ditemukan insiden kebocoran kredensial pengguna akibat lemahnya enkripsi pada lalu lintas data API microservice.,Technology,Negative,5,2
88. Proses rekrutmen tidak menjalankan verifikasi latar belakang (*background check*) secara lengkap untuk posisi manajerial kunci.,Human Resources,Negative,5,3
89. Prosedur pengungkapan informasi transaksi pihak berelasi tidak memenuhi standar keterbukaan informasi yang dipersyaratkan.,Governance,Negative,5,5
90. Pemeriksaan berkala atas tingkat kepatuhan pelaksanaan prosedur operasional standar diselesaikan sesuai rencana kerja.,Compliance,Neutral,3,3
91. Rencana diversifikasi portofolio investasi mengalami kerugian akibat lemahnya analisis mitigasi risiko pasar.,Strategic,Negative,5,3
92. Laporan piutang ragu-ragu tidak memperhitungkan cadangan kerugian penurunan nilai secara akurat sesuai standar PSAK.,Financial,Negative,5,4
93. Terdapat kecenderungan keterlambatan pengiriman barang ke jaringan distributor hingga melebihi batas toleransi 5 hari.,Operations,Negative,5,4
94. Prosedur *backup* basis data server utama tidak berhasil dijalankan secara penuh selama 2 minggu berturut-turut.,Technology,Negative,4,3
95. Proses rekrutmen tidak menjalankan verifikasi latar belakang (*background check*) secara lengkap untuk posisi manajerial kunci.,Human Resources,Negative,5,4
96. Kebijakan *whistleblowing system* dikelola secara independen oleh pihak ketiga dan menjamin perlindungan pelapor 100%.,Governance,Positive,2,1
97. Pelaporan kewajiban transaksi keuangan mencurigakan (LTKM) ke PPATK mengalami keterlambatan melebihi batas waktu 3 hari.,Compliance,Negative,5,2
98. Dilakukan evaluasi terhadap indikator pencapaian sasaran strategis tahunan pada masing-masing unit bisnis.,Strategic,Neutral,2,4
99. Dilakukan penyesuaian format penyajian laporan keuangan konsolidasi untuk menyesuaikan standar pelaporan induk perusahaan.,Financial,Neutral,4,2
100. Proses pemeliharaan berkala fasilitas pabrik berjalan tepat waktu dan meningkatkan efisiensi penggunaan bahan bakar hingga 8%.,Operations,Positive,1,3
101. Sistem pemulihan bencana (*Disaster Recovery Plan*) belum pernah diuji cobakan secara menyeluruh dalam 18 bulan terakhir.,Technology,Negative,3,3
102. Dokumen kontrak kerja bagi 20 karyawan kontrak belum ditandatangani secara sah meskipun masa kerja telah berjalan 3 bulan.,Human Resources,Negative,3,3
103. Kebijakan penanganan benturan kepentingan (*conflict of interest*) tidak diperbarui dalam 5 tahun terakhir.,Governance,Negative,4,3
104. Pelaporan kewajiban transaksi keuangan mencurigakan (LTKM) ke PPATK mengalami keterlambatan melebihi batas waktu 3 hari.,Compliance,Negative,4,4
105. Rencana diversifikasi portofolio investasi mengalami kerugian akibat lemahnya analisis mitigasi risiko pasar.,Strategic,Negative,5,5
106. Prosedur rekonsiliasi keuangan dan kas harian telah berjalan sangat tertib dan sesuai dengan SOP standar manajemen risiko keuangan.,Financial,Positive,2,2
"107. Jadwal pemeliharaan rutin mesin produksi utama terlambat 3 bulan, menyebabkan penurunan kapasitas produksi hingga 25%.",Operations,Negative,4,5
108. Prosedur *backup* basis data server utama tidak berhasil dijalankan secara penuh selama 2 minggu berturut-turut.,Technology,Negative,5,4
109. Telah dilaksanakan pemutakhiran data mandiri karyawan pada portal *employee self-service* untuk pembaruan alamat.,Human Resources,Neutral,2,1
110. Prosedur pengungkapan informasi transaksi pihak berelasi tidak memenuhi standar keterbukaan informasi yang dipersyaratkan.,Governance,Negative,5,5
111. Prosedur mitigasi risiko hukum berhasil menyelesaikan seluruh potensi klaim sengketa secara damai.,Compliance,Positive,2,1
112. Proyek ekspansi pembukaan 10 cabang baru mengalami penundaan 9 bulan dan pembengkakan anggaran mencapai 40%.,Strategic,Negative,5,4
113. Ditemukan kelemahan signifikan dalam prosedur otorisasi pembayaran kas besar senilai Rp 608.0 Miliar tanpa persetujuan bertingkat.,Financial,Negative,3,3
114. Pengelolaan stok persediaan barang jadi di gudang utama mengalami selisih fisik sejumlah 421.0 unit tanpa catatan penyesuaian.,Operations,Negative,5,4
115. Manajemen TI mempublikasikan dokumen pedoman penggunaan aset komputer dan perangkat keras bagi pegawai baru.,Technology,Neutral,4,2
116. Dokumen kontrak kerja bagi 20 karyawan kontrak belum ditandatangani secara sah meskipun masa kerja telah berjalan 3 bulan.,Human Resources,Negative,5,3
117. Prosedur pengungkapan informasi transaksi pihak berelasi tidak memenuhi standar keterbukaan informasi yang dipersyaratkan.,Governance,Negative,4,4
118. Seluruh kewajiban pelaporan berkala kepada otoritas keuangan diselesaikan tepat waktu dengan akurasi data yang baik.,Compliance,Positive,1,2
119. Tim perencanaan bisnis menyusun studi kelayakan awal untuk rencana pengembangan area operasional baru.,Strategic,Neutral,3,3
120. Tim audit mencatat implementasi modul akuntansi baru pada sistem ERP utama yang mulai berlaku efektif sejak bulan lalu.,Financial,Neutral,3,2
121. Pengelolaan stok persediaan barang jadi di gudang utama mengalami selisih fisik sejumlah 500.4 unit tanpa catatan penyesuaian.,Operations,Negative,4,3
122. Pembaruan patch keamanan pada seluruh *endpoint* komputer karyawan telah tuntas 100% sesuai kebijakan TI.,Technology,Positive,1,1
123. Program pelatihan wajib K3 dan *cybersecurity awareness* baru diikuti oleh kurang dari 40% total pegawai perusahaan.,Human Resources,Negative,4,5
124. Terdapat insiden pelanggaran pedoman etika bisnis oleh oknum manajemen yang tidak ditindaklanjuti secara tegas.,Governance,Negative,4,3
125. Telah disampaikan laporan pemantauan kepatuhan triwulanan kepada Direktur Kepatuhan dan Komite Risiko.,Compliance,Neutral,2,1
126. Proyek ekspansi pembukaan 10 cabang baru mengalami penundaan 9 bulan dan pembengkakan anggaran mencapai 40%.,Strategic,Negative,5,2
"127. Prosedur pencatatan utang usaha terlambat hingga 45 hari, berpotensi menimbulkan klaim penalti vendor dan denda administrasi.",Financial,Negative,5,4
"128. Prosedur penanganan keluhan pelanggan belum memiliki SLA yang jelas, mengakibatkan tingkat kepuasan nasabah turun.",Operations,Negative,3,3
129. Tim IT telah menyelesaikan pemutakhiran versi perangkat lunak server web ke versi stabil terbaru.,Technology,Neutral,4,2
130. Telah dilaksanakan pemutakhiran data mandiri karyawan pada portal *employee self-service* untuk pembaruan alamat.,Human Resources,Neutral,3,3
131. Dokumen risalah rapat Direksi dan Dewan Komisaris tidak terdokumentasi secara rapi dan sulit diakses saat audit.,Governance,Negative,5,5
132. Implementasi program edukasi anti-pencucian uang diikuti oleh 100% pegawai unit kerja bisnis dan operasional.,Compliance,Positive,1,2
133. Proyek ekspansi pembukaan 10 cabang baru mengalami penundaan 9 bulan dan pembengkakan anggaran mencapai 40%.,Strategic,Negative,3,4
134. Tim audit mencatat implementasi modul akuntansi baru pada sistem ERP utama yang mulai berlaku efektif sejak bulan lalu.,Financial,Neutral,2,2
135. Pengelolaan stok persediaan barang jadi di gudang utama mengalami selisih fisik sejumlah 633.4 unit tanpa catatan penyesuaian.,Operations,Negative,4,2
136. Proses migrasi server basis data ke infrastruktur *cloud* berjalan lancar tanpa mengalami *downtime* operasional.,Technology,Positive,1,2
137. Dokumen kontrak kerja bagi 20 karyawan kontrak belum ditandatangani secara sah meskipun masa kerja telah berjalan 3 bulan.,Human Resources,Negative,4,4
138. Terdapat insiden pelanggaran pedoman etika bisnis oleh oknum manajemen yang tidak ditindaklanjuti secara tegas.,Governance,Negative,5,2
139. Prosedur *Anti-Money Laundering* (APU-PPT) tidak melakukan pemutakhiran profil risiko nasabah secara berkala.,Compliance,Negative,3,4
140. Proyek ekspansi pembukaan 10 cabang baru mengalami penundaan 9 bulan dan pembengkakan anggaran mencapai 40%.,Strategic,Negative,4,3
141. Tim audit mencatat implementasi modul akuntansi baru pada sistem ERP utama yang mulai berlaku efektif sejak bulan lalu.,Financial,Neutral,4,1
142. Telah dilaksanakan simulasi tanggap darurat keselamatan kerja di area pabrik bersama tim K3 internal.,Operations,Neutral,3,2
143. Ditemukan insiden kebocoran kredensial pengguna akibat lemahnya enkripsi pada lalu lintas data API microservice.,Technology,Negative,3,3
"144. Tingkat perputaran (*turnover*) karyawan pada divisi IT mencapai 32% per tahun, mengganggu kelancaran proyek-proyek strategis.",Human Resources,Negative,4,4
145. Dilakukan dokumentasi berkala atas matriks kewenangan keputusanjatan di lingkungan jajaran eksekutif.,Governance,Neutral,4,2
146. Sistem pemantauan kepatuhan regulasi secara proaktif menyesuaikan seluruh prosedur internal dengan aturan OJK terbaru.,Compliance,Positive,1,2
"147. Strategi peluncuran produk digital baru tidak didukung oleh riset pasar yang memadai, mengakibatkan adopsi pengguna amat rendah.",Strategic,Negative,3,2
"148. Prosedur pencatatan utang usaha terlambat hingga 45 hari, berpotensi menimbulkan klaim penalti vendor dan denda administrasi.",Financial,Negative,5,4
149. Pihak pengelola gudang sedang melakukan penataan ulang tata letak rak barang untuk mengoptimalkan ruang penyimpanan.,Operations,Neutral,4,1
150. Sistem pemulihan bencana (*Disaster Recovery Plan*) belum pernah diuji cobakan secara menyeluruh dalam 18 bulan terakhir.,Technology,Negative,3,4
151. Ditemukan ketidaksesuaian perhitungan jam lembur pada 45 karyawan cabang yang berpotensi memicu perselisihan hubungan industrial.,Human Resources,Negative,5,4
152. Struktur komite pendukung tata kelola telah berfungsi efektif dalam memberikan rekomendasi independen bagi manajemen.,Governance,Positive,1,2
153. Ditemukan 4 kantor cabang pembantu yang beroperasi tanpa kelengkapan perizinan usaha daerah yang valid.,Compliance,Negative,4,3
154. Pencapaian target pendapatan dari segmen bisnis baru melampaui rencana strategis perusahaan hingga 115%.,Strategic,Positive,1,2
155. Laporan posisi kas harian telah disampaikan kepada jajaran direksi keuangan secara rutin sesuai jadwal operasional.,Financial,Neutral,3,2
"156. Tingkat ketepatan pengiriman barang kepada pelanggan mencapai 99.2% sepanjang semester I, melebihi target KPI yang ditetapkan.",Operations,Positive,2,2
157. Pembaruan patch keamanan pada seluruh *endpoint* komputer karyawan telah tuntas 100% sesuai kebijakan TI.,Technology,Positive,1,1
"158. Tingkat perputaran (*turnover*) karyawan pada divisi IT mencapai 32% per tahun, mengganggu kelancaran proyek-proyek strategis.",Human Resources,Negative,4,4
159. Telah dilaksanakan pemutakhiran struktur organisasi dan tata kerja pada tingkat direktorat operasional.,Governance,Neutral,3,2
160. Prosedur *Anti-Money Laundering* (APU-PPT) tidak melakukan pemutakhiran profil risiko nasabah secara berkala.,Compliance,Negative,5,2
161. Transformasi sistem bisnis inti mengalami kendala integrasi berat yang mengancam pencapaian target jangka panjang.,Strategic,Negative,3,4
162. Sistem otomatisasi pencatatan faktur pajak dan transaksi kas berhasil menekan angka kesalahan akuntansi hingga 0.01%.,Financial,Positive,1,1
163. Manajemen operasional menyampaikan pemutakhiran panduan prosedur standar operasional (SOP) distribusi logistik.,Operations,Neutral,2,2
164. Implementasi arsitektur keamanan *Zero Trust* pada jaringan internal berhasil menggagalkan 100% ancaman *cyber attack* external.,Technology,Positive,2,2
165. Program pelatihan wajib K3 dan *cybersecurity awareness* baru diikuti oleh kurang dari 40% total pegawai perusahaan.,Human Resources,Negative,3,4
166. Sekretariat perusahaan menyampaikan laporan tahunan pelaksanaan kegiatan tata kelola kepada otoritas terkait.,Governance,Neutral,2,1
167. Manajemen menyelenggarakan sesi sosialisasi aturan regulasi baru yang diterbitkan oleh instansi pembina sektor usaha.,Compliance,Neutral,2,4
168. Manajemen strategis menyelenggarakan lokakarya peninjauan ulang rencana jangka panjang perusahaan (RJPP).,Strategic,Neutral,3,1
169. Prosedur rekonsiliasi keuangan dan kas harian telah berjalan sangat tertib dan sesuai dengan SOP standar manajemen risiko keuangan.,Financial,Positive,1,2
170. Penerapan standar K3 di area operasional gudang berhasil mempertahankan pencapaian *zero accident* selama 3 tahun berturut-turut.,Operations,Positive,1,3
171. Prosedur *backup* basis data server utama tidak berhasil dijalankan secara penuh selama 2 minggu berturut-turut.,Technology,Negative,5,4
172. Ditemukan ketidaksesuaian perhitungan jam lembur pada 45 karyawan cabang yang berpotensi memicu perselisihan hubungan industrial.,Human Resources,Negative,3,3
173. Komite audit belum menyelenggarakan rapat berkala kuartalan sesuai ketentuan tata kelola perusahaan yang baik (GCG).,Governance,Negative,4,4
174. Terdapat ketidakpatuhan terhadap batas maksimum pemberian kredit (BMPK) pada 2 debitur grup usaha terkait.,Compliance,Negative,5,3
175. Eksekusi rencana investasi teknologi informasi berjalan sesuai anggaran dan tepat waktu (*on time and on budget*).,Strategic,Positive,1,1
"176. Prosedur pencatatan utang usaha terlambat hingga 45 hari, berpotensi menimbulkan klaim penalti vendor dan denda administrasi.",Financial,Negative,5,3
"177. Sistem manajemen rantai pasok belum terintegrasi dengan vendor utama, memicu akumulasi *bottleneck* persediaan.",Operations,Negative,5,4
"178. Akses akun administrator sistem inti tidak menerapkan otentikasi ganda (2FA), berisiko tinggi terhadap akses tidak sah.",Technology,Negative,4,3
179. Ditemukan ketidaksesuaian perhitungan jam lembur pada 45 karyawan cabang yang berpotensi memicu perselisihan hubungan industrial.,Human Resources,Negative,3,5
180. Sekretariat perusahaan menyampaikan laporan tahunan pelaksanaan kegiatan tata kelola kepada otoritas terkait.,Governance,Neutral,3,2
181. Prosedur *Anti-Money Laundering* (APU-PPT) tidak melakukan pemutakhiran profil risiko nasabah secara berkala.,Compliance,Negative,5,3
182. Kerjasama strategis dengan jaringan ritel nasional berhasil memperluas pangsa pasar produk perusahaan secara signifikan.,Strategic,Positive,2,1
183. Terjadi pencatatan ganda atas klaim pengeluaran operasional cabang senilai Rp 151.1 Juta karena tidak adanya validasi sistemic.,Financial,Negative,4,3
"184. Prosedur penanganan keluhan pelanggan belum memiliki SLA yang jelas, mengakibatkan tingkat kepuasan nasabah turun.",Operations,Negative,5,2
185. Prosedur *backup* basis data server utama tidak berhasil dijalankan secara penuh selama 2 minggu berturut-turut.,Technology,Negative,3,3
186. Dokumen kontrak kerja bagi 20 karyawan kontrak belum ditandatangani secara sah meskipun masa kerja telah berjalan 3 bulan.,Human Resources,Negative,4,4
187. Dilakukan dokumentasi berkala atas matriks kewenangan keputusanjatan di lingkungan jajaran eksekutif.,Governance,Neutral,2,2
188. Implementasi program edukasi anti-pencucian uang diikuti oleh 100% pegawai unit kerja bisnis dan operasional.,Compliance,Positive,1,2
189. Rencana diversifikasi portofolio investasi mengalami kerugian akibat lemahnya analisis mitigasi risiko pasar.,Strategic,Negative,5,4
190. Terdapat selisih kas fisik sebesar Rp 457.0 Juta pada rekonsiliasi bank bulanan yang belum dapat dijelaskan oleh tim akuntansi.,Financial,Negative,5,3
191. Pengelolaan stok persediaan barang jadi di gudang utama mengalami selisih fisik sejumlah 27.8 unit tanpa catatan penyesuaian.,Operations,Negative,4,4
192. Implementasi arsitektur keamanan *Zero Trust* pada jaringan internal berhasil menggagalkan 100% ancaman *cyber attack* external.,Technology,Positive,2,3
193. Sistem penggajian otomatis (*payroll system*) beroperasi tanpa kendala dan memproses hak karyawan secara presisi.,Human Resources,Positive,2,2
194. Dewan Komisaris dan Direksi secara konsisten menyelenggarakan rapat evaluasi kinerja strategis setiap bulan.,Governance,Positive,1,2
195. Sistem pemantauan kepatuhan regulasi secara proaktif menyesuaikan seluruh prosedur internal dengan aturan OJK terbaru.,Compliance,Positive,1,1
196. Kemitraan strategis dengan penyedia teknologi utama dihentikan sepihak karena ketidakmampuan mencapai target kerjasama.,Strategic,Negative,4,4
197. Terjadi pencatatan ganda atas klaim pengeluaran operasional cabang senilai Rp 672.1 Juta karena tidak adanya validasi sistemic.,Financial,Negative,4,4
198. Pengelolaan stok persediaan barang jadi di gudang utama mengalami selisih fisik sejumlah 141.4 unit tanpa catatan penyesuaian.,Operations,Negative,5,2
199. Proses migrasi server basis data ke infrastruktur *cloud* berjalan lancar tanpa mengalami *downtime* operasional.,Technology,Positive,2,1
200. Manajemen sumber daya manusia merilis kalender kegiatan pelatihan dan pengembangan keterampilan untuk semester depan.,Human Resources,Neutral,3,2
201. Seluruh jajaran manajemen dan pegawai telah menandatangani pakta integritas dan komitmen anti-korupsi secara berkala.,Governance,Positive,1,2
202. Prosedur *Anti-Money Laundering* (APU-PPT) tidak melakukan pemutakhiran profil risiko nasabah secara berkala.,Compliance,Negative,4,4
"203. Strategi peluncuran produk digital baru tidak didukung oleh riset pasar yang memadai, mengakibatkan adopsi pengguna amat rendah.",Strategic,Negative,4,3
204. Terjadi pencatatan ganda atas klaim pengeluaran operasional cabang senilai Rp 553.8 Juta karena tidak adanya validasi sistemic.,Financial,Negative,4,3
205. Pihak pengelola gudang sedang melakukan penataan ulang tata letak rak barang untuk mengoptimalkan ruang penyimpanan.,Operations,Neutral,4,1
206. Ditemukan insiden kebocoran kredensial pengguna akibat lemahnya enkripsi pada lalu lintas data API microservice.,Technology,Negative,5,2
207. Tim HRD menyampaikan laporan rekapitulasi data keikutsertaan karyawan dalam program asuransi kesehatan tahunan.,Human Resources,Neutral,3,3
208. Seluruh jajaran manajemen dan pegawai telah menandatangani pakta integritas dan komitmen anti-korupsi secara berkala.,Governance,Positive,2,2
209. Telah disampaikan laporan pemantauan kepatuhan triwulanan kepada Direktur Kepatuhan dan Komite Risiko.,Compliance,Neutral,2,4
210. Telah dilakukan pemetaan analisis SWOT berkala untuk mengidentifikasi peluang dan tantangan bisnis mendatang.,Strategic,Neutral,4,2
211. Terjadi pencatatan ganda atas klaim pengeluaran operasional cabang senilai Rp 587.5 Juta karena tidak adanya validasi sistemic.,Financial,Negative,3,2
"212. Sistem manajemen rantai pasok belum terintegrasi dengan vendor utama, memicu akumulasi *bottleneck* persediaan.",Operations,Negative,5,4
213. Prosedur *backup* basis data server utama tidak berhasil dijalankan secara penuh selama 2 minggu berturut-turut.,Technology,Negative,4,3
214. Sistem penggajian otomatis (*payroll system*) beroperasi tanpa kendala dan memproses hak karyawan secara presisi.,Human Resources,Positive,2,1
215. Struktur komite pendukung tata kelola telah berfungsi efektif dalam memberikan rekomendasi independen bagi manajemen.,Governance,Positive,2,2
216. Prosedur mitigasi risiko hukum berhasil menyelesaikan seluruh potensi klaim sengketa secara damai.,Compliance,Positive,2,2
217. Kemitraan strategis dengan penyedia teknologi utama dihentikan sepihak karena ketidakmampuan mencapai target kerjasama.,Strategic,Negative,3,5
218. Pengelolaan anggaran belanja operasional cabang berhasil mencapai efisiensi biaya sebesar 12% tanpa mengurangi kualitas layanan.,Financial,Positive,1,1
"219. Sistem manajemen rantai pasok belum terintegrasi dengan vendor utama, memicu akumulasi *bottleneck* persediaan.",Operations,Negative,4,3
220. Hasil tes penetrasi mengungkapkan 3 kerentanan kritis (SQL Injection & RCE) pada aplikasi e-banking yang belum diperbaiki.,Technology,Negative,4,4
221. Dokumen kontrak kerja bagi 20 karyawan kontrak belum ditandatangani secara sah meskipun masa kerja telah berjalan 3 bulan.,Human Resources,Negative,4,3
222. Komite audit belum menyelenggarakan rapat berkala kuartalan sesuai ketentuan tata kelola perusahaan yang baik (GCG).,Governance,Negative,5,2
223. Pelaporan kewajiban transaksi keuangan mencurigakan (LTKM) ke PPATK mengalami keterlambatan melebihi batas waktu 3 hari.,Compliance,Negative,4,5
224. Laporan pencapaian inisiatif strategis kuartal II dipresentasikan dalam rapat koordinasi pimpinan tingkat atas.,Strategic,Neutral,4,3
225. Proses audit internal keuangan semesteran menunjukkan kepatuhan penuh terhadap kebijakan pembukuan perusahaan.,Financial,Positive,2,1
"226. Sistem manajemen rantai pasok belum terintegrasi dengan vendor utama, memicu akumulasi *bottleneck* persediaan.",Operations,Negative,4,4
227. Prosedur *backup* basis data server utama tidak berhasil dijalankan secara penuh selama 2 minggu berturut-turut.,Technology,Negative,3,5
228. Proses administrasi pengajuan cuti tahunan pegawai berjalan sesuai regulasi internal yang berlaku.,Human Resources,Neutral,4,3
229. Sekretariat perusahaan menyampaikan laporan tahunan pelaksanaan kegiatan tata kelola kepada otoritas terkait.,Governance,Neutral,2,2
230. Pelaporan kewajiban transaksi keuangan mencurigakan (LTKM) ke PPATK mengalami keterlambatan melebihi batas waktu 3 hari.,Compliance,Negative,5,3
231. Proyek ekspansi pembukaan 10 cabang baru mengalami penundaan 9 bulan dan pembengkakan anggaran mencapai 40%.,Strategic,Negative,4,2
232. Laporan posisi kas harian telah disampaikan kepada jajaran direksi keuangan secara rutin sesuai jadwal operasional.,Financial,Neutral,3,1
233. Manajemen operasional menyampaikan pemutakhiran panduan prosedur standar operasional (SOP) distribusi logistik.,Operations,Neutral,3,2
234. Sistem pemulihan bencana (*Disaster Recovery Plan*) belum pernah diuji cobakan secara menyeluruh dalam 18 bulan terakhir.,Technology,Negative,4,4
235. Dokumen kontrak kerja bagi 20 karyawan kontrak belum ditandatangani secara sah meskipun masa kerja telah berjalan 3 bulan.,Human Resources,Negative,4,2
236. Dilakukan dokumentasi berkala atas matriks kewenangan keputusanjatan di lingkungan jajaran eksekutif.,Governance,Neutral,3,3
237. Perusahaan belum mengimplementasikan penyesuaian regulasi perlindungan data pribadi (UU PDP) secara menyeluruh.,Compliance,Negative,5,4
238. Eksekusi rencana investasi teknologi informasi berjalan sesuai anggaran dan tepat waktu (*on time and on budget*).,Strategic,Positive,2,2
239. Telah dilakukan evaluasi berkala terhadap laporan arus kas bulanan unit usaha untuk periode kuartal II tahun berjalan.,Financial,Neutral,2,3
"240. Sistem manajemen rantai pasok belum terintegrasi dengan vendor utama, memicu akumulasi *bottleneck* persediaan.",Operations,Negative,5,2
241. Telah dilakukan pemetaan alokasi kapasitas *bandwidth* jaringan internet untuk mendukung kegiatan operasional kantor cabang.,Technology,Neutral,2,4
242. Proses rekrutmen tidak menjalankan verifikasi latar belakang (*background check*) secara lengkap untuk posisi manajerial kunci.,Human Resources,Negative,4,2
243. Dokumen risalah rapat Direksi dan Dewan Komisaris tidak terdokumentasi secara rapi dan sulit diakses saat audit.,Governance,Negative,4,3
244. Prosedur mitigasi risiko hukum berhasil menyelesaikan seluruh potensi klaim sengketa secara damai.,Compliance,Positive,1,2
"245. Peluncuran inovasi layanan berbasis aplikasi seluler berhasil menggaet 200,000 pengguna aktif baru dalam 3 bulan.",Strategic,Positive,2,3
246. Laporan piutang ragu-ragu tidak memperhitungkan cadangan kerugian penurunan nilai secara akurat sesuai standar PSAK.,Financial,Negative,5,5
247. Terdapat kecenderungan keterlambatan pengiriman barang ke jaringan distributor hingga melebihi batas toleransi 5 hari.,Operations,Negative,4,3
248. Pembaruan patch keamanan pada seluruh *endpoint* komputer karyawan telah tuntas 100% sesuai kebijakan TI.,Technology,Positive,2,2
249. Ditemukan ketidaksesuaian perhitungan jam lembur pada 45 karyawan cabang yang berpotensi memicu perselisihan hubungan industrial.,Human Resources,Negative,5,2
250. Dokumen risalah rapat Direksi dan Dewan Komisaris tidak terdokumentasi secara rapi dan sulit diakses saat audit.,Governance,Negative,3,3
251. Prosedur *Anti-Money Laundering* (APU-PPT) tidak melakukan pemutakhiran profil risiko nasabah secara berkala.,Compliance,Negative,4,3
252. Dilakukan evaluasi terhadap indikator pencapaian sasaran strategis tahunan pada masing-masing unit bisnis.,Strategic,Neutral,4,3
"253. Prosedur pencatatan utang usaha terlambat hingga 45 hari, berpotensi menimbulkan klaim penalti vendor dan denda administrasi.",Financial,Negative,5,3
"254. Sistem manajemen rantai pasok belum terintegrasi dengan vendor utama, memicu akumulasi *bottleneck* persediaan.",Operations,Negative,5,5
255. Pemeriksaan berkala atas daftar inventaris lisensi perangkat lunak perusahaan telah dilaksanakan sesuai jadwal.,Technology,Neutral,3,3
256. Dokumen kontrak kerja bagi 20 karyawan kontrak belum ditandatangani secara sah meskipun masa kerja telah berjalan 3 bulan.,Human Resources,Negative,5,4
257. Struktur komite pendukung tata kelola telah berfungsi efektif dalam memberikan rekomendasi independen bagi manajemen.,Governance,Positive,2,1
258. Pemeriksaan berkala atas tingkat kepatuhan pelaksanaan prosedur operasional standar diselesaikan sesuai rencana kerja.,Compliance,Neutral,3,2
259. Rencana diversifikasi portofolio investasi mengalami kerugian akibat lemahnya analisis mitigasi risiko pasar.,Strategic,Negative,3,5
260. Prosedur rekonsiliasi keuangan dan kas harian telah berjalan sangat tertib dan sesuai dengan SOP standar manajemen risiko keuangan.,Financial,Positive,1,2
"261. Jadwal pemeliharaan rutin mesin produksi utama terlambat 3 bulan, menyebabkan penurunan kapasitas produksi hingga 25%.",Operations,Negative,4,2
262. Uji keandalan pemulihan bencana (*DRP drill*) berhasil memulihkan seluruh sistem utama dalam durasi kurang dari 15 menit.,Technology,Positive,1,3
263. Dokumen kontrak kerja bagi 20 karyawan kontrak belum ditandatangani secara sah meskipun masa kerja telah berjalan 3 bulan.,Human Resources,Negative,4,3
264. Kebijakan *whistleblowing system* dikelola secara independen oleh pihak ketiga dan menjamin perlindungan pelapor 100%.,Governance,Positive,2,2
265. Ditemukan 4 kantor cabang pembantu yang beroperasi tanpa kelengkapan perizinan usaha daerah yang valid.,Compliance,Negative,4,5
266. Transformasi sistem bisnis inti mengalami kendala integrasi berat yang mengancam pencapaian target jangka panjang.,Strategic,Negative,4,2
267. Terdapat selisih kas fisik sebesar Rp 432.1 Juta pada rekonsiliasi bank bulanan yang belum dapat dijelaskan oleh tim akuntansi.,Financial,Negative,5,2
268. Manajemen operasional menyampaikan pemutakhiran panduan prosedur standar operasional (SOP) distribusi logistik.,Operations,Neutral,2,2
269. Proses migrasi server basis data ke infrastruktur *cloud* berjalan lancar tanpa mengalami *downtime* operasional.,Technology,Positive,1,2
270. Proses administrasi pengajuan cuti tahunan pegawai berjalan sesuai regulasi internal yang berlaku.,Human Resources,Neutral,2,4
271. Komite audit belum menyelenggarakan rapat berkala kuartalan sesuai ketentuan tata kelola perusahaan yang baik (GCG).,Governance,Negative,5,4
272. Manajemen menyelenggarakan sesi sosialisasi aturan regulasi baru yang diterbitkan oleh instansi pembina sektor usaha.,Compliance,Neutral,3,2
"273. Peluncuran inovasi layanan berbasis aplikasi seluler berhasil menggaet 200,000 pengguna aktif baru dalam 3 bulan.",Strategic,Positive,1,1
274. Terdapat selisih kas fisik sebesar Rp 57.7 Juta pada rekonsiliasi bank bulanan yang belum dapat dijelaskan oleh tim akuntansi.,Financial,Negative,4,3
275. Manajemen operasional menyampaikan pemutakhiran panduan prosedur standar operasional (SOP) distribusi logistik.,Operations,Neutral,3,3
276. Pemeriksaan berkala atas daftar inventaris lisensi perangkat lunak perusahaan telah dilaksanakan sesuai jadwal.,Technology,Neutral,3,2
277. Sistem penggajian otomatis (*payroll system*) beroperasi tanpa kendala dan memproses hak karyawan secara presisi.,Human Resources,Positive,2,2
278. Dokumen risalah rapat Direksi dan Dewan Komisaris tidak terdokumentasi secara rapi dan sulit diakses saat audit.,Governance,Negative,4,3
279. Tim *compliance* telah menyelesaikan inventarisasi ketentuan dan peraturan perundang-undangan terbaru yang relevan.,Compliance,Neutral,3,3
280. Transformasi sistem bisnis inti mengalami kendala integrasi berat yang mengancam pencapaian target jangka panjang.,Strategic,Negative,5,4
281. Pengelolaan anggaran belanja operasional cabang berhasil mencapai efisiensi biaya sebesar 12% tanpa mengurangi kualitas layanan.,Financial,Positive,1,2
282. Pengelolaan stok persediaan barang jadi di gudang utama mengalami selisih fisik sejumlah 482.2 unit tanpa catatan penyesuaian.,Operations,Negative,5,4
283. Telah dilakukan pemetaan alokasi kapasitas *bandwidth* jaringan internet untuk mendukung kegiatan operasional kantor cabang.,Technology,Neutral,2,2
284. Program pengembangan talenta dan *succession planning* berhasil mengisi 85% posisi kepemimpinan dari internal perusahaan.,Human Resources,Positive,2,3
285. Prosedur pengungkapan informasi transaksi pihak berelasi tidak memenuhi standar keterbukaan informasi yang dipersyaratkan.,Governance,Negative,4,3
286. Pelaporan kewajiban transaksi keuangan mencurigakan (LTKM) ke PPATK mengalami keterlambatan melebihi batas waktu 3 hari.,Compliance,Negative,5,3
287. Pencapaian target pendapatan dari segmen bisnis baru melampaui rencana strategis perusahaan hingga 115%.,Strategic,Positive,1,2
288. Laporan piutang ragu-ragu tidak memperhitungkan cadangan kerugian penurunan nilai secara akurat sesuai standar PSAK.,Financial,Negative,4,3
289. Laporan kinerja operasional bulanan menunjukkan volume output produksi yang stabil dibandingkan periode sebelumnya.,Operations,Neutral,3,1
290. Prosedur *backup* basis data server utama tidak berhasil dijalankan secara penuh selama 2 minggu berturut-turut.,Technology,Negative,4,2
291. Ditemukan ketidaksesuaian perhitungan jam lembur pada 45 karyawan cabang yang berpotensi memicu perselisihan hubungan industrial.,Human Resources,Negative,4,3
292. Dokumen risalah rapat Direksi dan Dewan Komisaris tidak terdokumentasi secara rapi dan sulit diakses saat audit.,Governance,Negative,4,3
293. Dilakukan evaluasi rutin terhadap kelengkapan berkas perizinan operasional di seluruh unit kerja perusahaan.,Compliance,Neutral,4,2
294. Eksekusi rencana investasi teknologi informasi berjalan sesuai anggaran dan tepat waktu (*on time and on budget*).,Strategic,Positive,1,2
295. Manajemen telah memfinalisasi pemutakhiran bagan akun standar (chart of accounts) untuk seluruh cabang operasional.,Financial,Neutral,2,1
"296. Jadwal pemeliharaan rutin mesin produksi utama terlambat 3 bulan, menyebabkan penurunan kapasitas produksi hingga 25%.",Operations,Negative,3,2
297. Laporan pemantauan statistik penggunaan pemrosesan CPU server utama mencatat rata-rata beban kerja sebesar 45%.,Technology,Neutral,4,2
298. Manajemen sumber daya manusia merilis kalender kegiatan pelatihan dan pengembangan keterampilan untuk semester depan.,Human Resources,Neutral,3,1
299. Terdapat insiden pelanggaran pedoman etika bisnis oleh oknum manajemen yang tidak ditindaklanjuti secara tegas.,Governance,Negative,5,4
300. Terdapat ketidakpatuhan terhadap batas maksimum pemberian kredit (BMPK) pada 2 debitur grup usaha terkait.,Compliance,Negative,4,3
301. Telah dilakukan pemetaan analisis SWOT berkala untuk mengidentifikasi peluang dan tantangan bisnis mendatang.,Strategic,Neutral,4,2
302. Terdapat selisih kas fisik sebesar Rp 498.1 Juta pada rekonsiliasi bank bulanan yang belum dapat dijelaskan oleh tim akuntansi.,Financial,Negative,5,4
"303. Jadwal pemeliharaan rutin mesin produksi utama terlambat 3 bulan, menyebabkan penurunan kapasitas produksi hingga 25%.",Operations,Negative,4,3
304. Uji keandalan pemulihan bencana (*DRP drill*) berhasil memulihkan seluruh sistem utama dalam durasi kurang dari 15 menit.,Technology,Positive,1,1
"305. Tingkat perputaran (*turnover*) karyawan pada divisi IT mencapai 32% per tahun, mengganggu kelancaran proyek-proyek strategis.",Human Resources,Negative,5,4
306. Komite audit belum menyelenggarakan rapat berkala kuartalan sesuai ketentuan tata kelola perusahaan yang baik (GCG).,Governance,Negative,4,4
307. Manajemen menyelenggarakan sesi sosialisasi aturan regulasi baru yang diterbitkan oleh instansi pembina sektor usaha.,Compliance,Neutral,3,3
308. Kemitraan strategis dengan penyedia teknologi utama dihentikan sepihak karena ketidakmampuan mencapai target kerjasama.,Strategic,Negative,4,4
309. Ditemukan kelemahan signifikan dalam prosedur otorisasi pembayaran kas besar senilai Rp 299.5 Miliar tanpa persetujuan bertingkat.,Financial,Negative,4,4
"310. Jadwal pemeliharaan rutin mesin produksi utama terlambat 3 bulan, menyebabkan penurunan kapasitas produksi hingga 25%.",Operations,Negative,4,3
"311. Akses akun administrator sistem inti tidak menerapkan otentikasi ganda (2FA), berisiko tinggi terhadap akses tidak sah.",Technology,Negative,4,4
312. Ditemukan ketidaksesuaian perhitungan jam lembur pada 45 karyawan cabang yang berpotensi memicu perselisihan hubungan industrial.,Human Resources,Negative,5,4
313. Dilakukan dokumentasi berkala atas matriks kewenangan keputusanjatan di lingkungan jajaran eksekutif.,Governance,Neutral,3,2
314. Implementasi program edukasi anti-pencucian uang diikuti oleh 100% pegawai unit kerja bisnis dan operasional.,Compliance,Positive,1,2
315. Eksekusi rencana investasi teknologi informasi berjalan sesuai anggaran dan tepat waktu (*on time and on budget*).,Strategic,Positive,1,1
316. Terjadi pencatatan ganda atas klaim pengeluaran operasional cabang senilai Rp 719.4 Juta karena tidak adanya validasi sistemic.,Financial,Negative,4,5
"317. Sistem manajemen rantai pasok belum terintegrasi dengan vendor utama, memicu akumulasi *bottleneck* persediaan.",Operations,Negative,3,3
318. Uji keandalan pemulihan bencana (*DRP drill*) berhasil memulihkan seluruh sistem utama dalam durasi kurang dari 15 menit.,Technology,Positive,1,2
319. Hasil survei kepuasan dan keterikatan pegawai (*employee engagement score*) meningkat signifikan menjadi 88.5%.,Human Resources,Positive,2,1
320. Komite audit belum menyelenggarakan rapat berkala kuartalan sesuai ketentuan tata kelola perusahaan yang baik (GCG).,Governance,Negative,3,5
321. Tim *compliance* telah menyelesaikan inventarisasi ketentuan dan peraturan perundang-undangan terbaru yang relevan.,Compliance,Neutral,2,4
322. Proyek ekspansi pembukaan 10 cabang baru mengalami penundaan 9 bulan dan pembengkakan anggaran mencapai 40%.,Strategic,Negative,4,2
323. Terjadi pencatatan ganda atas klaim pengeluaran operasional cabang senilai Rp 708.5 Juta karena tidak adanya validasi sistemic.,Financial,Negative,4,3
"324. Tingkat ketepatan pengiriman barang kepada pelanggan mencapai 99.2% sepanjang semester I, melebihi target KPI yang ditetapkan.",Operations,Positive,2,2
325. Pembaruan patch keamanan pada seluruh *endpoint* komputer karyawan telah tuntas 100% sesuai kebijakan TI.,Technology,Positive,1,2
326. Proses rekrutmen tidak menjalankan verifikasi latar belakang (*background check*) secara lengkap untuk posisi manajerial kunci.,Human Resources,Negative,5,2
327. Terdapat insiden pelanggaran pedoman etika bisnis oleh oknum manajemen yang tidak ditindaklanjuti secara tegas.,Governance,Negative,5,5
328. Pelaporan kewajiban transaksi keuangan mencurigakan (LTKM) ke PPATK mengalami keterlambatan melebihi batas waktu 3 hari.,Compliance,Negative,4,3
329. Kemitraan strategis dengan penyedia teknologi utama dihentikan sepihak karena ketidakmampuan mencapai target kerjasama.,Strategic,Negative,4,4
330. Terdapat selisih kas fisik sebesar Rp 226.9 Juta pada rekonsiliasi bank bulanan yang belum dapat dijelaskan oleh tim akuntansi.,Financial,Negative,4,4
"331. Sistem manajemen rantai pasok belum terintegrasi dengan vendor utama, memicu akumulasi *bottleneck* persediaan.",Operations,Negative,4,5
"332. Akses akun administrator sistem inti tidak menerapkan otentikasi ganda (2FA), berisiko tinggi terhadap akses tidak sah.",Technology,Negative,4,5
333. Laporan rasio kecukupan tenaga kerja pada unit bisnis operasional mencatat kondisi pemenuhan yang stabil.,Human Resources,Neutral,4,1
334. Dokumen risalah rapat Direksi dan Dewan Komisaris tidak terdokumentasi secara rapi dan sulit diakses saat audit.,Governance,Negative,4,3
335. Dilakukan evaluasi rutin terhadap kelengkapan berkas perizinan operasional di seluruh unit kerja perusahaan.,Compliance,Neutral,2,2
336. Telah dilakukan pemetaan analisis SWOT berkala untuk mengidentifikasi peluang dan tantangan bisnis mendatang.,Strategic,Neutral,2,2
337. Terdapat selisih kas fisik sebesar Rp 795.4 Juta pada rekonsiliasi bank bulanan yang belum dapat dijelaskan oleh tim akuntansi.,Financial,Negative,4,4
338. Sistem pelacakan persediaan berbasis *barcode* beroperasi optimal dan memangkas durasi *stock opname* hingga 50%.,Operations,Positive,1,3
339. Hasil tes penetrasi mengungkapkan 3 kerentanan kritis (SQL Injection & RCE) pada aplikasi e-banking yang belum diperbaiki.,Technology,Negative,4,3
340. Laporan rasio kecukupan tenaga kerja pada unit bisnis operasional mencatat kondisi pemenuhan yang stabil.,Human Resources,Neutral,3,3
341. Dilakukan dokumentasi berkala atas matriks kewenangan keputusanjatan di lingkungan jajaran eksekutif.,Governance,Neutral,4,1
342. Implementasi program edukasi anti-pencucian uang diikuti oleh 100% pegawai unit kerja bisnis dan operasional.,Compliance,Positive,2,1
343. Proyek ekspansi pembukaan 10 cabang baru mengalami penundaan 9 bulan dan pembengkakan anggaran mencapai 40%.,Strategic,Negative,4,3
344. Laporan piutang ragu-ragu tidak memperhitungkan cadangan kerugian penurunan nilai secara akurat sesuai standar PSAK.,Financial,Negative,4,3
"345. Prosedur penanganan keluhan pelanggan belum memiliki SLA yang jelas, mengakibatkan tingkat kepuasan nasabah turun.",Operations,Negative,4,4
346. Prosedur *backup* basis data server utama tidak berhasil dijalankan secara penuh selama 2 minggu berturut-turut.,Technology,Negative,4,5
347. Program pelatihan wajib K3 dan *cybersecurity awareness* baru diikuti oleh kurang dari 40% total pegawai perusahaan.,Human Resources,Negative,4,5
348. Kebijakan penanganan benturan kepentingan (*conflict of interest*) tidak diperbarui dalam 5 tahun terakhir.,Governance,Negative,4,4
349. Seluruh kewajiban pelaporan berkala kepada otoritas keuangan diselesaikan tepat waktu dengan akurasi data yang baik.,Compliance,Positive,1,1
"350. Strategi peluncuran produk digital baru tidak didukung oleh riset pasar yang memadai, mengakibatkan adopsi pengguna amat rendah.",Strategic,Negative,4,5
351. Sistem otomatisasi pencatatan faktur pajak dan transaksi kas berhasil menekan angka kesalahan akuntansi hingga 0.01%.,Financial,Positive,1,2
352. Pemeriksaan rutin terhadap alur proses distribusi barang antar gudang cabang telah diselesaikan sesuai jadwal kerja audit.,Operations,Neutral,3,1
353. Implementasi arsitektur keamanan *Zero Trust* pada jaringan internal berhasil menggagalkan 100% ancaman *cyber attack* external.,Technology,Positive,2,1
354. Program pelatihan wajib K3 dan *cybersecurity awareness* baru diikuti oleh kurang dari 40% total pegawai perusahaan.,Human Resources,Negative,5,4
355. Rapat umum pemegang saham telah mengesahkan laporan keuangan audited untuk tahun buku yang lalu.,Governance,Neutral,3,2
356. Terdapat ketidakpatuhan terhadap batas maksimum pemberian kredit (BMPK) pada 2 debitur grup usaha terkait.,Compliance,Negative,4,3
357. Rencana diversifikasi portofolio investasi mengalami kerugian akibat lemahnya analisis mitigasi risiko pasar.,Strategic,Negative,4,2
358. Manajemen telah memfinalisasi pemutakhiran bagan akun standar (chart of accounts) untuk seluruh cabang operasional.,Financial,Neutral,2,2
"359. Sistem manajemen rantai pasok belum terintegrasi dengan vendor utama, memicu akumulasi *bottleneck* persediaan.",Operations,Negative,4,2
360. Sistem pemantauan server berbasis AI secara proaktif mendeteksi dan mengisolasi potensi gangguan performa secara otomatis.,Technology,Positive,2,1
361. Program pelatihan wajib K3 dan *cybersecurity awareness* baru diikuti oleh kurang dari 40% total pegawai perusahaan.,Human Resources,Negative,4,4
362. Terdapat insiden pelanggaran pedoman etika bisnis oleh oknum manajemen yang tidak ditindaklanjuti secara tegas.,Governance,Negative,4,3
363. Prosedur *Anti-Money Laundering* (APU-PPT) tidak melakukan pemutakhiran profil risiko nasabah secara berkala.,Compliance,Negative,3,3
364. Telah dilakukan pemetaan analisis SWOT berkala untuk mengidentifikasi peluang dan tantangan bisnis mendatang.,Strategic,Neutral,3,3
365. Sistem otomatisasi pencatatan faktur pajak dan transaksi kas berhasil menekan angka kesalahan akuntansi hingga 0.01%.,Financial,Positive,2,1
366. Pihak pengelola gudang sedang melakukan penataan ulang tata letak rak barang untuk mengoptimalkan ruang penyimpanan.,Operations,Neutral,4,4
"367. Akses akun administrator sistem inti tidak menerapkan otentikasi ganda (2FA), berisiko tinggi terhadap akses tidak sah.",Technology,Negative,4,3
368. Dokumen kontrak kerja bagi 20 karyawan kontrak belum ditandatangani secara sah meskipun masa kerja telah berjalan 3 bulan.,Human Resources,Negative,3,3
369. Kebijakan *whistleblowing system* dikelola secara independen oleh pihak ketiga dan menjamin perlindungan pelapor 100%.,Governance,Positive,1,1
370. Pemeriksaan berkala atas tingkat kepatuhan pelaksanaan prosedur operasional standar diselesaikan sesuai rencana kerja.,Compliance,Neutral,2,3
371. Telah dilakukan pemetaan analisis SWOT berkala untuk mengidentifikasi peluang dan tantangan bisnis mendatang.,Strategic,Neutral,2,3
372. Laporan piutang ragu-ragu tidak memperhitungkan cadangan kerugian penurunan nilai secara akurat sesuai standar PSAK.,Financial,Negative,5,3
"373. Jadwal pemeliharaan rutin mesin produksi utama terlambat 3 bulan, menyebabkan penurunan kapasitas produksi hingga 25%.",Operations,Negative,3,4
374. Sistem pemulihan bencana (*Disaster Recovery Plan*) belum pernah diuji cobakan secara menyeluruh dalam 18 bulan terakhir.,Technology,Negative,4,2
375. Ditemukan ketidaksesuaian perhitungan jam lembur pada 45 karyawan cabang yang berpotensi memicu perselisihan hubungan industrial.,Human Resources,Negative,5,2
376. Prosedur pengungkapan informasi transaksi pihak berelasi tidak memenuhi standar keterbukaan informasi yang dipersyaratkan.,Governance,Negative,4,3
377. Ditemukan 4 kantor cabang pembantu yang beroperasi tanpa kelengkapan perizinan usaha daerah yang valid.,Compliance,Negative,3,3
"378. Strategi peluncuran produk digital baru tidak didukung oleh riset pasar yang memadai, mengakibatkan adopsi pengguna amat rendah.",Strategic,Negative,3,5
379. Ditemukan kelemahan signifikan dalam prosedur otorisasi pembayaran kas besar senilai Rp 781.0 Miliar tanpa persetujuan bertingkat.,Financial,Negative,4,2
380. Terdapat kecenderungan keterlambatan pengiriman barang ke jaringan distributor hingga melebihi batas toleransi 5 hari.,Operations,Negative,4,4
381. Prosedur *backup* basis data server utama tidak berhasil dijalankan secara penuh selama 2 minggu berturut-turut.,Technology,Negative,3,3
382. Dokumen kontrak kerja bagi 20 karyawan kontrak belum ditandatangani secara sah meskipun masa kerja telah berjalan 3 bulan.,Human Resources,Negative,5,4
383. Kebijakan *whistleblowing system* dikelola secara independen oleh pihak ketiga dan menjamin perlindungan pelapor 100%.,Governance,Positive,1,2
384. Ditemukan 4 kantor cabang pembantu yang beroperasi tanpa kelengkapan perizinan usaha daerah yang valid.,Compliance,Negative,4,3
385. Transformasi sistem bisnis inti mengalami kendala integrasi berat yang mengancam pencapaian target jangka panjang.,Strategic,Negative,3,5
386. Pengelolaan anggaran belanja operasional cabang berhasil mencapai efisiensi biaya sebesar 12% tanpa mengurangi kualitas layanan.,Financial,Positive,1,2
387. Pengelolaan stok persediaan barang jadi di gudang utama mengalami selisih fisik sejumlah 512.5 unit tanpa catatan penyesuaian.,Operations,Negative,4,5
388. Sistem pemantauan server berbasis AI secara proaktif mendeteksi dan mengisolasi potensi gangguan performa secara otomatis.,Technology,Positive,1,2
389. Program pelatihan wajib K3 dan *cybersecurity awareness* baru diikuti oleh kurang dari 40% total pegawai perusahaan.,Human Resources,Negative,3,2
390. Kebijakan *whistleblowing system* dikelola secara independen oleh pihak ketiga dan menjamin perlindungan pelapor 100%.,Governance,Positive,1,1
391. Ditemukan 4 kantor cabang pembantu yang beroperasi tanpa kelengkapan perizinan usaha daerah yang valid.,Compliance,Negative,5,4
392. Rencana diversifikasi portofolio investasi mengalami kerugian akibat lemahnya analisis mitigasi risiko pasar.,Strategic,Negative,4,5
393. Terdapat selisih kas fisik sebesar Rp 450.9 Juta pada rekonsiliasi bank bulanan yang belum dapat dijelaskan oleh tim akuntansi.,Financial,Negative,5,4
394. Laporan kinerja operasional bulanan menunjukkan volume output produksi yang stabil dibandingkan periode sebelumnya.,Operations,Neutral,3,3
395. Prosedur *backup* basis data server utama tidak berhasil dijalankan secara penuh selama 2 minggu berturut-turut.,Technology,Negative,5,4
396. Sistem penggajian otomatis (*payroll system*) beroperasi tanpa kendala dan memproses hak karyawan secara presisi.,Human Resources,Positive,1,2
397. Rapat umum pemegang saham telah mengesahkan laporan keuangan audited untuk tahun buku yang lalu.,Governance,Neutral,2,4
398. Ditemukan 4 kantor cabang pembantu yang beroperasi tanpa kelengkapan perizinan usaha daerah yang valid.,Compliance,Negative,5,3
"399. Peluncuran inovasi layanan berbasis aplikasi seluler berhasil menggaet 200,000 pengguna aktif baru dalam 3 bulan.",Strategic,Positive,1,2
400. Laporan posisi kas harian telah disampaikan kepada jajaran direksi keuangan secara rutin sesuai jadwal operasional.,Financial,Neutral,3,1
401. Pengelolaan stok persediaan barang jadi di gudang utama mengalami selisih fisik sejumlah 499.5 unit tanpa catatan penyesuaian.,Operations,Negative,4,4
402. Sistem pemulihan bencana (*Disaster Recovery Plan*) belum pernah diuji cobakan secara menyeluruh dalam 18 bulan terakhir.,Technology,Negative,5,2
403. Program pelatihan wajib K3 dan *cybersecurity awareness* baru diikuti oleh kurang dari 40% total pegawai perusahaan.,Human Resources,Negative,4,4
404. Rapat umum pemegang saham telah mengesahkan laporan keuangan audited untuk tahun buku yang lalu.,Governance,Neutral,3,1
405. Terdapat ketidakpatuhan terhadap batas maksimum pemberian kredit (BMPK) pada 2 debitur grup usaha terkait.,Compliance,Negative,5,3
406. Laporan pencapaian inisiatif strategis kuartal II dipresentasikan dalam rapat koordinasi pimpinan tingkat atas.,Strategic,Neutral,2,2
407. Terdapat selisih kas fisik sebesar Rp 303.4 Juta pada rekonsiliasi bank bulanan yang belum dapat dijelaskan oleh tim akuntansi.,Financial,Negative,3,4
408. Pemeriksaan rutin terhadap alur proses distribusi barang antar gudang cabang telah diselesaikan sesuai jadwal kerja audit.,Operations,Neutral,3,2
409. Pembaruan patch keamanan pada seluruh *endpoint* komputer karyawan telah tuntas 100% sesuai kebijakan TI.,Technology,Positive,2,2
410. Hasil survei kepuasan dan keterikatan pegawai (*employee engagement score*) meningkat signifikan menjadi 88.5%.,Human Resources,Positive,1,1
411. Terdapat insiden pelanggaran pedoman etika bisnis oleh oknum manajemen yang tidak ditindaklanjuti secara tegas.,Governance,Negative,4,4
412. Seluruh kewajiban pelaporan berkala kepada otoritas keuangan diselesaikan tepat waktu dengan akurasi data yang baik.,Compliance,Positive,2,1
413. Kemitraan strategis dengan penyedia teknologi utama dihentikan sepihak karena ketidakmampuan mencapai target kerjasama.,Strategic,Negative,4,3
414. Terjadi pencatatan ganda atas klaim pengeluaran operasional cabang senilai Rp 567.8 Juta karena tidak adanya validasi sistemic.,Financial,Negative,4,2
415. Telah dilaksanakan simulasi tanggap darurat keselamatan kerja di area pabrik bersama tim K3 internal.,Operations,Neutral,3,3
416. Sistem pemulihan bencana (*Disaster Recovery Plan*) belum pernah diuji cobakan secara menyeluruh dalam 18 bulan terakhir.,Technology,Negative,4,5
417. Dokumen kontrak kerja bagi 20 karyawan kontrak belum ditandatangani secara sah meskipun masa kerja telah berjalan 3 bulan.,Human Resources,Negative,3,3
418. Dokumen risalah rapat Direksi dan Dewan Komisaris tidak terdokumentasi secara rapi dan sulit diakses saat audit.,Governance,Negative,5,5
419. Perusahaan belum mengimplementasikan penyesuaian regulasi perlindungan data pribadi (UU PDP) secara menyeluruh.,Compliance,Negative,4,3
420. Laporan pencapaian inisiatif strategis kuartal II dipresentasikan dalam rapat koordinasi pimpinan tingkat atas.,Strategic,Neutral,4,1
421. Prosedur rekonsiliasi keuangan dan kas harian telah berjalan sangat tertib dan sesuai dengan SOP standar manajemen risiko keuangan.,Financial,Positive,1,1
422. Penerapan standar K3 di area operasional gudang berhasil mempertahankan pencapaian *zero accident* selama 3 tahun berturut-turut.,Operations,Positive,1,3
423. Sistem pemulihan bencana (*Disaster Recovery Plan*) belum pernah diuji cobakan secara menyeluruh dalam 18 bulan terakhir.,Technology,Negative,4,3
424. Proses administrasi pengajuan cuti tahunan pegawai berjalan sesuai regulasi internal yang berlaku.,Human Resources,Neutral,2,2
425. Komite audit belum menyelenggarakan rapat berkala kuartalan sesuai ketentuan tata kelola perusahaan yang baik (GCG).,Governance,Negative,5,3
426. Terdapat ketidakpatuhan terhadap batas maksimum pemberian kredit (BMPK) pada 2 debitur grup usaha terkait.,Compliance,Negative,4,5
427. Pencapaian target pendapatan dari segmen bisnis baru melampaui rencana strategis perusahaan hingga 115%.,Strategic,Positive,1,1
428. Prosedur rekonsiliasi keuangan dan kas harian telah berjalan sangat tertib dan sesuai dengan SOP standar manajemen risiko keuangan.,Financial,Positive,1,1
"429. Sistem manajemen rantai pasok belum terintegrasi dengan vendor utama, memicu akumulasi *bottleneck* persediaan.",Operations,Negative,4,3
"430. Akses akun administrator sistem inti tidak menerapkan otentikasi ganda (2FA), berisiko tinggi terhadap akses tidak sah.",Technology,Negative,4,2
431. Program pelatihan keselamatan dan kesehatan kerja berhasil mencapai tingkat kelulusan peserta sebesar 98%.,Human Resources,Positive,2,2
432. Terdapat insiden pelanggaran pedoman etika bisnis oleh oknum manajemen yang tidak ditindaklanjuti secara tegas.,Governance,Negative,4,4
433. Prosedur mitigasi risiko hukum berhasil menyelesaikan seluruh potensi klaim sengketa secara damai.,Compliance,Positive,1,1
434. Telah dilakukan pemetaan analisis SWOT berkala untuk mengidentifikasi peluang dan tantangan bisnis mendatang.,Strategic,Neutral,3,2
"435. Prosedur pencatatan utang usaha terlambat hingga 45 hari, berpotensi menimbulkan klaim penalti vendor dan denda administrasi.",Financial,Negative,4,3
436. Terdapat kecenderungan keterlambatan pengiriman barang ke jaringan distributor hingga melebihi batas toleransi 5 hari.,Operations,Negative,4,2
"437. Akses akun administrator sistem inti tidak menerapkan otentikasi ganda (2FA), berisiko tinggi terhadap akses tidak sah.",Technology,Negative,4,3
438. Laporan rasio kecukupan tenaga kerja pada unit bisnis operasional mencatat kondisi pemenuhan yang stabil.,Human Resources,Neutral,3,2
439. Kebijakan penanganan benturan kepentingan (*conflict of interest*) tidak diperbarui dalam 5 tahun terakhir.,Governance,Negative,4,4
440. Ditemukan 4 kantor cabang pembantu yang beroperasi tanpa kelengkapan perizinan usaha daerah yang valid.,Compliance,Negative,5,3
441. Eksekusi rencana investasi teknologi informasi berjalan sesuai anggaran dan tepat waktu (*on time and on budget*).,Strategic,Positive,1,2
442. Pengelolaan anggaran belanja operasional cabang berhasil mencapai efisiensi biaya sebesar 12% tanpa mengurangi kualitas layanan.,Financial,Positive,2,3
443. Pemeriksaan rutin terhadap alur proses distribusi barang antar gudang cabang telah diselesaikan sesuai jadwal kerja audit.,Operations,Neutral,3,4
444. Ditemukan insiden kebocoran kredensial pengguna akibat lemahnya enkripsi pada lalu lintas data API microservice.,Technology,Negative,4,3
445. Manajemen sumber daya manusia merilis kalender kegiatan pelatihan dan pengembangan keterampilan untuk semester depan.,Human Resources,Neutral,2,2
446. Penerapan prinsip *Good Corporate Governance* (GCG) meraih penilaian predikat 'Sangat Baik' dari lembaga pemeringkat independen.,Governance,Positive,1,1
447. Dilakukan evaluasi rutin terhadap kelengkapan berkas perizinan operasional di seluruh unit kerja perusahaan.,Compliance,Neutral,4,2
448. Eksekusi rencana investasi teknologi informasi berjalan sesuai anggaran dan tepat waktu (*on time and on budget*).,Strategic,Positive,2,2
449. Terdapat selisih kas fisik sebesar Rp 657.2 Juta pada rekonsiliasi bank bulanan yang belum dapat dijelaskan oleh tim akuntansi.,Financial,Negative,5,4
450. Terdapat kecenderungan keterlambatan pengiriman barang ke jaringan distributor hingga melebihi batas toleransi 5 hari.,Operations,Negative,3,3
451. Hasil tes penetrasi mengungkapkan 3 kerentanan kritis (SQL Injection & RCE) pada aplikasi e-banking yang belum diperbaiki.,Technology,Negative,3,4
"452. Tingkat perputaran (*turnover*) karyawan pada divisi IT mencapai 32% per tahun, mengganggu kelancaran proyek-proyek strategis.",Human Resources,Negative,4,5
453. Struktur komite pendukung tata kelola telah berfungsi efektif dalam memberikan rekomendasi independen bagi manajemen.,Governance,Positive,1,1
454. Pelaporan kewajiban transaksi keuangan mencurigakan (LTKM) ke PPATK mengalami keterlambatan melebihi batas waktu 3 hari.,Compliance,Negative,5,2
455. Kemitraan strategis dengan penyedia teknologi utama dihentikan sepihak karena ketidakmampuan mencapai target kerjasama.,Strategic,Negative,4,3
"456. Prosedur pencatatan utang usaha terlambat hingga 45 hari, berpotensi menimbulkan klaim penalti vendor dan denda administrasi.",Financial,Negative,4,4
457. Pemeriksaan rutin terhadap alur proses distribusi barang antar gudang cabang telah diselesaikan sesuai jadwal kerja audit.,Operations,Neutral,3,3
458. Hasil tes penetrasi mengungkapkan 3 kerentanan kritis (SQL Injection & RCE) pada aplikasi e-banking yang belum diperbaiki.,Technology,Negative,3,3
459. Program pelatihan wajib K3 dan *cybersecurity awareness* baru diikuti oleh kurang dari 40% total pegawai perusahaan.,Human Resources,Negative,3,3
460. Manajemen meninjau ulang susunan piagam (*charter*) audit internal sesuai dengan perkembangan standar profesi audit.,Governance,Neutral,2,3
461. Tim *compliance* telah menyelesaikan inventarisasi ketentuan dan peraturan perundang-undangan terbaru yang relevan.,Compliance,Neutral,4,3
462. Tim perencanaan bisnis menyusun studi kelayakan awal untuk rencana pengembangan area operasional baru.,Strategic,Neutral,3,2
463. Prosedur rekonsiliasi keuangan dan kas harian telah berjalan sangat tertib dan sesuai dengan SOP standar manajemen risiko keuangan.,Financial,Positive,2,1
464. Penyelesaian tiket keluhan pelanggan berhasil dituntaskan dalam kurun waktu kurang dari 24 jam secara terukur.,Operations,Positive,1,1
465. Sistem pemantauan server berbasis AI secara proaktif mendeteksi dan mengisolasi potensi gangguan performa secara otomatis.,Technology,Positive,1,1
"466. Tingkat perputaran (*turnover*) karyawan pada divisi IT mencapai 32% per tahun, mengganggu kelancaran proyek-proyek strategis.",Human Resources,Negative,5,5
467. Penerapan prinsip *Good Corporate Governance* (GCG) meraih penilaian predikat 'Sangat Baik' dari lembaga pemeringkat independen.,Governance,Positive,2,2
468. Dilakukan evaluasi rutin terhadap kelengkapan berkas perizinan operasional di seluruh unit kerja perusahaan.,Compliance,Neutral,4,3
469. Transformasi budaya digital perusahaan menunjukkan dampak positif pada efisiensi biaya dan kecepatan inovasi.,Strategic,Positive,1,1
470. Prosedur rekonsiliasi keuangan dan kas harian telah berjalan sangat tertib dan sesuai dengan SOP standar manajemen risiko keuangan.,Financial,Positive,2,2
471. Pemeriksaan rutin terhadap alur proses distribusi barang antar gudang cabang telah diselesaikan sesuai jadwal kerja audit.,Operations,Neutral,3,1
472. Tim IT telah menyelesaikan pemutakhiran versi perangkat lunak server web ke versi stabil terbaru.,Technology,Neutral,2,1
473. Laporan rasio kecukupan tenaga kerja pada unit bisnis operasional mencatat kondisi pemenuhan yang stabil.,Human Resources,Neutral,3,3
474. Prosedur pengungkapan informasi transaksi pihak berelasi tidak memenuhi standar keterbukaan informasi yang dipersyaratkan.,Governance,Negative,4,4
475. Telah disampaikan laporan pemantauan kepatuhan triwulanan kepada Direktur Kepatuhan dan Komite Risiko.,Compliance,Neutral,4,2
476. Proyek ekspansi pembukaan 10 cabang baru mengalami penundaan 9 bulan dan pembengkakan anggaran mencapai 40%.,Strategic,Negative,3,4
477. Laporan posisi kas harian telah disampaikan kepada jajaran direksi keuangan secara rutin sesuai jadwal operasional.,Financial,Neutral,4,2
"478. Prosedur penanganan keluhan pelanggan belum memiliki SLA yang jelas, mengakibatkan tingkat kepuasan nasabah turun.",Operations,Negative,4,4
479. Implementasi arsitektur keamanan *Zero Trust* pada jaringan internal berhasil menggagalkan 100% ancaman *cyber attack* external.,Technology,Positive,1,1
480. Proses rekrutmen tidak menjalankan verifikasi latar belakang (*background check*) secara lengkap untuk posisi manajerial kunci.,Human Resources,Negative,4,3
481. Komite audit belum menyelenggarakan rapat berkala kuartalan sesuai ketentuan tata kelola perusahaan yang baik (GCG).,Governance,Negative,3,4
482. Ditemukan 4 kantor cabang pembantu yang beroperasi tanpa kelengkapan perizinan usaha daerah yang valid.,Compliance,Negative,4,2
483. Kerjasama strategis dengan jaringan ritel nasional berhasil memperluas pangsa pasar produk perusahaan secara signifikan.,Strategic,Positive,2,1
"484. Prosedur pencatatan utang usaha terlambat hingga 45 hari, berpotensi menimbulkan klaim penalti vendor dan denda administrasi.",Financial,Negative,5,4
485. Proses pemeliharaan berkala fasilitas pabrik berjalan tepat waktu dan meningkatkan efisiensi penggunaan bahan bakar hingga 8%.,Operations,Positive,2,2
"486. Akses akun administrator sistem inti tidak menerapkan otentikasi ganda (2FA), berisiko tinggi terhadap akses tidak sah.",Technology,Negative,5,4
487. Program pelatihan wajib K3 dan *cybersecurity awareness* baru diikuti oleh kurang dari 40% total pegawai perusahaan.,Human Resources,Negative,3,3
488. Kebijakan penanganan benturan kepentingan (*conflict of interest*) tidak diperbarui dalam 5 tahun terakhir.,Governance,Negative,4,4
489. Dilakukan evaluasi rutin terhadap kelengkapan berkas perizinan operasional di seluruh unit kerja perusahaan.,Compliance,Neutral,3,4
490. Pencapaian target pendapatan dari segmen bisnis baru melampaui rencana strategis perusahaan hingga 115%.,Strategic,Positive,2,2
491. Pengelolaan anggaran belanja operasional cabang berhasil mencapai efisiensi biaya sebesar 12% tanpa mengurangi kualitas layanan.,Financial,Positive,2,2
492. Penerapan standar K3 di area operasional gudang berhasil mempertahankan pencapaian *zero accident* selama 3 tahun berturut-turut.,Operations,Positive,1,2
493. Telah dilakukan pemetaan alokasi kapasitas *bandwidth* jaringan internet untuk mendukung kegiatan operasional kantor cabang.,Technology,Neutral,3,2
494. Dokumen kontrak kerja bagi 20 karyawan kontrak belum ditandatangani secara sah meskipun masa kerja telah berjalan 3 bulan.,Human Resources,Negative,5,4
495. Komite audit belum menyelenggarakan rapat berkala kuartalan sesuai ketentuan tata kelola perusahaan yang baik (GCG).,Governance,Negative,4,4
496. Sistem pemantauan kepatuhan regulasi secara proaktif menyesuaikan seluruh prosedur internal dengan aturan OJK terbaru.,Compliance,Positive,1,2
497. Tim perencanaan bisnis menyusun studi kelayakan awal untuk rencana pengembangan area operasional baru.,Strategic,Neutral,3,2
498. Prosedur rekonsiliasi keuangan dan kas harian telah berjalan sangat tertib dan sesuai dengan SOP standar manajemen risiko keuangan.,Financial,Positive,1,2
"499. Jadwal pemeliharaan rutin mesin produksi utama terlambat 3 bulan, menyebabkan penurunan kapasitas produksi hingga 25%.",Operations,Negative,4,4
500. Sistem pemantauan server berbasis AI secara proaktif mendeteksi dan mengisolasi potensi gangguan performa secara otomatis.,Technology,Positive,1,2
501. Program pelatihan wajib K3 dan *cybersecurity awareness* baru diikuti oleh kurang dari 40% total pegawai perusahaan.,Human Resources,Negative,4,3
502. Dokumen risalah rapat Direksi dan Dewan Komisaris tidak terdokumentasi secara rapi dan sulit diakses saat audit.,Governance,Negative,4,4
503. Sistem pemantauan kepatuhan regulasi secara proaktif menyesuaikan seluruh prosedur internal dengan aturan OJK terbaru.,Compliance,Positive,1,2
504. Proyek ekspansi pembukaan 10 cabang baru mengalami penundaan 9 bulan dan pembengkakan anggaran mencapai 40%.,Strategic,Negative,4,2
505. Pengelolaan anggaran belanja operasional cabang berhasil mencapai efisiensi biaya sebesar 12% tanpa mengurangi kualitas layanan.,Financial,Positive,1,1
506. Telah dilaksanakan simulasi tanggap darurat keselamatan kerja di area pabrik bersama tim K3 internal.,Operations,Neutral,2,3
507. Prosedur *backup* basis data server utama tidak berhasil dijalankan secara penuh selama 2 minggu berturut-turut.,Technology,Negative,3,5
508. Program pelatihan wajib K3 dan *cybersecurity awareness* baru diikuti oleh kurang dari 40% total pegawai perusahaan.,Human Resources,Negative,4,2
509. Struktur komite pendukung tata kelola telah berfungsi efektif dalam memberikan rekomendasi independen bagi manajemen.,Governance,Positive,2,2
510. Tim *compliance* telah menyelesaikan inventarisasi ketentuan dan peraturan perundang-undangan terbaru yang relevan.,Compliance,Neutral,3,3
511. Laporan pencapaian inisiatif strategis kuartal II dipresentasikan dalam rapat koordinasi pimpinan tingkat atas.,Strategic,Neutral,4,3
512. Terjadi pencatatan ganda atas klaim pengeluaran operasional cabang senilai Rp 280.5 Juta karena tidak adanya validasi sistemic.,Financial,Negative,4,5
513. Penerapan standar K3 di area operasional gudang berhasil mempertahankan pencapaian *zero accident* selama 3 tahun berturut-turut.,Operations,Positive,1,3
514. Prosedur *backup* basis data server utama tidak berhasil dijalankan secara penuh selama 2 minggu berturut-turut.,Technology,Negative,4,5
515. Tim HRD menyampaikan laporan rekapitulasi data keikutsertaan karyawan dalam program asuransi kesehatan tahunan.,Human Resources,Neutral,3,3
516. Terdapat insiden pelanggaran pedoman etika bisnis oleh oknum manajemen yang tidak ditindaklanjuti secara tegas.,Governance,Negative,4,3
517. Pemeriksaan berkala atas tingkat kepatuhan pelaksanaan prosedur operasional standar diselesaikan sesuai rencana kerja.,Compliance,Neutral,3,2
518. Kemitraan strategis dengan penyedia teknologi utama dihentikan sepihak karena ketidakmampuan mencapai target kerjasama.,Strategic,Negative,3,4
519. Terdapat selisih kas fisik sebesar Rp 755.8 Juta pada rekonsiliasi bank bulanan yang belum dapat dijelaskan oleh tim akuntansi.,Financial,Negative,3,3
520. Laporan kinerja operasional bulanan menunjukkan volume output produksi yang stabil dibandingkan periode sebelumnya.,Operations,Neutral,3,2
"521. Akses akun administrator sistem inti tidak menerapkan otentikasi ganda (2FA), berisiko tinggi terhadap akses tidak sah.",Technology,Negative,5,3
522. Program pengembangan talenta dan *succession planning* berhasil mengisi 85% posisi kepemimpinan dari internal perusahaan.,Human Resources,Positive,2,2
523. Prosedur pengungkapan informasi transaksi pihak berelasi tidak memenuhi standar keterbukaan informasi yang dipersyaratkan.,Governance,Negative,5,4
524. Tim *compliance* telah menyelesaikan inventarisasi ketentuan dan peraturan perundang-undangan terbaru yang relevan.,Compliance,Neutral,2,2
525. Kemitraan strategis dengan penyedia teknologi utama dihentikan sepihak karena ketidakmampuan mencapai target kerjasama.,Strategic,Negative,4,2
526. Manajemen telah memfinalisasi pemutakhiran bagan akun standar (chart of accounts) untuk seluruh cabang operasional.,Financial,Neutral,2,2
527. Penerapan standar K3 di area operasional gudang berhasil mempertahankan pencapaian *zero accident* selama 3 tahun berturut-turut.,Operations,Positive,1,2
528. Sistem pemantauan server berbasis AI secara proaktif mendeteksi dan mengisolasi potensi gangguan performa secara otomatis.,Technology,Positive,1,1
529. Manajemen sumber daya manusia merilis kalender kegiatan pelatihan dan pengembangan keterampilan untuk semester depan.,Human Resources,Neutral,3,3
530. Dokumen risalah rapat Direksi dan Dewan Komisaris tidak terdokumentasi secara rapi dan sulit diakses saat audit.,Governance,Negative,5,4
531. Terdapat ketidakpatuhan terhadap batas maksimum pemberian kredit (BMPK) pada 2 debitur grup usaha terkait.,Compliance,Negative,5,5
532. Pencapaian target pendapatan dari segmen bisnis baru melampaui rencana strategis perusahaan hingga 115%.,Strategic,Positive,1,2
"533. Prosedur pencatatan utang usaha terlambat hingga 45 hari, berpotensi menimbulkan klaim penalti vendor dan denda administrasi.",Financial,Negative,3,4
534. Manajemen operasional menyampaikan pemutakhiran panduan prosedur standar operasional (SOP) distribusi logistik.,Operations,Neutral,2,3
535. Implementasi arsitektur keamanan *Zero Trust* pada jaringan internal berhasil menggagalkan 100% ancaman *cyber attack* external.,Technology,Positive,2,2
536. Proses rekrutmen tidak menjalankan verifikasi latar belakang (*background check*) secara lengkap untuk posisi manajerial kunci.,Human Resources,Negative,4,3
537. Manajemen meninjau ulang susunan piagam (*charter*) audit internal sesuai dengan perkembangan standar profesi audit.,Governance,Neutral,4,2
538. Pemeriksaan berkala atas tingkat kepatuhan pelaksanaan prosedur operasional standar diselesaikan sesuai rencana kerja.,Compliance,Neutral,4,2
539. Rencana diversifikasi portofolio investasi mengalami kerugian akibat lemahnya analisis mitigasi risiko pasar.,Strategic,Negative,4,4
540. Ditemukan kelemahan signifikan dalam prosedur otorisasi pembayaran kas besar senilai Rp 578.6 Miliar tanpa persetujuan bertingkat.,Financial,Negative,5,3
541. Laporan kinerja operasional bulanan menunjukkan volume output produksi yang stabil dibandingkan periode sebelumnya.,Operations,Neutral,3,2
542. Ditemukan insiden kebocoran kredensial pengguna akibat lemahnya enkripsi pada lalu lintas data API microservice.,Technology,Negative,4,4
543. Proses rekrutmen tidak menjalankan verifikasi latar belakang (*background check*) secara lengkap untuk posisi manajerial kunci.,Human Resources,Negative,3,5
544. Manajemen meninjau ulang susunan piagam (*charter*) audit internal sesuai dengan perkembangan standar profesi audit.,Governance,Neutral,3,1
545. Terdapat ketidakpatuhan terhadap batas maksimum pemberian kredit (BMPK) pada 2 debitur grup usaha terkait.,Compliance,Negative,4,4
"546. Strategi peluncuran produk digital baru tidak didukung oleh riset pasar yang memadai, mengakibatkan adopsi pengguna amat rendah.",Strategic,Negative,4,5
547. Laporan piutang ragu-ragu tidak memperhitungkan cadangan kerugian penurunan nilai secara akurat sesuai standar PSAK.,Financial,Negative,4,3
548. Laporan kinerja operasional bulanan menunjukkan volume output produksi yang stabil dibandingkan periode sebelumnya.,Operations,Neutral,4,4
549. Sistem pemulihan bencana (*Disaster Recovery Plan*) belum pernah diuji cobakan secara menyeluruh dalam 18 bulan terakhir.,Technology,Negative,3,2
550. Program pelatihan keselamatan dan kesehatan kerja berhasil mencapai tingkat kelulusan peserta sebesar 98%.,Human Resources,Positive,2,1
551. Terdapat insiden pelanggaran pedoman etika bisnis oleh oknum manajemen yang tidak ditindaklanjuti secara tegas.,Governance,Negative,3,3
552. Prosedur *Anti-Money Laundering* (APU-PPT) tidak melakukan pemutakhiran profil risiko nasabah secara berkala.,Compliance,Negative,4,2
553. Tim perencanaan bisnis menyusun studi kelayakan awal untuk rencana pengembangan area operasional baru.,Strategic,Neutral,2,2
554. Ditemukan kelemahan signifikan dalam prosedur otorisasi pembayaran kas besar senilai Rp 386.0 Miliar tanpa persetujuan bertingkat.,Financial,Negative,3,4
555. Pemeriksaan rutin terhadap alur proses distribusi barang antar gudang cabang telah diselesaikan sesuai jadwal kerja audit.,Operations,Neutral,3,2
556. Telah dilakukan pemetaan alokasi kapasitas *bandwidth* jaringan internet untuk mendukung kegiatan operasional kantor cabang.,Technology,Neutral,3,2
557. Tim HRD menyampaikan laporan rekapitulasi data keikutsertaan karyawan dalam program asuransi kesehatan tahunan.,Human Resources,Neutral,3,1
558. Prosedur pengungkapan informasi transaksi pihak berelasi tidak memenuhi standar keterbukaan informasi yang dipersyaratkan.,Governance,Negative,4,4
559. Pelaporan kewajiban transaksi keuangan mencurigakan (LTKM) ke PPATK mengalami keterlambatan melebihi batas waktu 3 hari.,Compliance,Negative,4,3
"560. Strategi peluncuran produk digital baru tidak didukung oleh riset pasar yang memadai, mengakibatkan adopsi pengguna amat rendah.",Strategic,Negative,3,4
561. Terdapat selisih kas fisik sebesar Rp 25.3 Juta pada rekonsiliasi bank bulanan yang belum dapat dijelaskan oleh tim akuntansi.,Financial,Negative,3,3
"562. Jadwal pemeliharaan rutin mesin produksi utama terlambat 3 bulan, menyebabkan penurunan kapasitas produksi hingga 25%.",Operations,Negative,4,4
563. Telah dilakukan pemetaan alokasi kapasitas *bandwidth* jaringan internet untuk mendukung kegiatan operasional kantor cabang.,Technology,Neutral,3,2
564. Tim HRD menyampaikan laporan rekapitulasi data keikutsertaan karyawan dalam program asuransi kesehatan tahunan.,Human Resources,Neutral,4,1
565. Dokumen risalah rapat Direksi dan Dewan Komisaris tidak terdokumentasi secara rapi dan sulit diakses saat audit.,Governance,Negative,4,3
566. Terdapat ketidakpatuhan terhadap batas maksimum pemberian kredit (BMPK) pada 2 debitur grup usaha terkait.,Compliance,Negative,5,3
567. Eksekusi rencana investasi teknologi informasi berjalan sesuai anggaran dan tepat waktu (*on time and on budget*).,Strategic,Positive,1,2
568. Laporan posisi kas harian telah disampaikan kepada jajaran direksi keuangan secara rutin sesuai jadwal operasional.,Financial,Neutral,4,3
569. Pihak pengelola gudang sedang melakukan penataan ulang tata letak rak barang untuk mengoptimalkan ruang penyimpanan.,Operations,Neutral,3,1
570. Prosedur *backup* basis data server utama tidak berhasil dijalankan secara penuh selama 2 minggu berturut-turut.,Technology,Negative,4,2
571. Program pelatihan keselamatan dan kesehatan kerja berhasil mencapai tingkat kelulusan peserta sebesar 98%.,Human Resources,Positive,2,2
572. Sekretariat perusahaan menyampaikan laporan tahunan pelaksanaan kegiatan tata kelola kepada otoritas terkait.,Governance,Neutral,3,3
573. Perusahaan belum mengimplementasikan penyesuaian regulasi perlindungan data pribadi (UU PDP) secara menyeluruh.,Compliance,Negative,3,4
574. Dilakukan evaluasi terhadap indikator pencapaian sasaran strategis tahunan pada masing-masing unit bisnis.,Strategic,Neutral,4,2
575. Dilakukan penyesuaian format penyajian laporan keuangan konsolidasi untuk menyesuaikan standar pelaporan induk perusahaan.,Financial,Neutral,4,4
576. Terdapat kecenderungan keterlambatan pengiriman barang ke jaringan distributor hingga melebihi batas toleransi 5 hari.,Operations,Negative,3,4
577. Proses migrasi server basis data ke infrastruktur *cloud* berjalan lancar tanpa mengalami *downtime* operasional.,Technology,Positive,2,1
578. Proses rekrutmen tidak menjalankan verifikasi latar belakang (*background check*) secara lengkap untuk posisi manajerial kunci.,Human Resources,Negative,5,3
579. Dilakukan dokumentasi berkala atas matriks kewenangan keputusanjatan di lingkungan jajaran eksekutif.,Governance,Neutral,4,3
580. Prosedur mitigasi risiko hukum berhasil menyelesaikan seluruh potensi klaim sengketa secara damai.,Compliance,Positive,1,2
581. Rencana diversifikasi portofolio investasi mengalami kerugian akibat lemahnya analisis mitigasi risiko pasar.,Strategic,Negative,5,5
582. Laporan posisi kas harian telah disampaikan kepada jajaran direksi keuangan secara rutin sesuai jadwal operasional.,Financial,Neutral,3,1
583. Sistem pelacakan persediaan berbasis *barcode* beroperasi optimal dan memangkas durasi *stock opname* hingga 50%.,Operations,Positive,2,3
584. Pembaruan patch keamanan pada seluruh *endpoint* komputer karyawan telah tuntas 100% sesuai kebijakan TI.,Technology,Positive,2,1
585. Proses rekrutmen tidak menjalankan verifikasi latar belakang (*background check*) secara lengkap untuk posisi manajerial kunci.,Human Resources,Negative,3,4
586. Sekretariat perusahaan menyampaikan laporan tahunan pelaksanaan kegiatan tata kelola kepada otoritas terkait.,Governance,Neutral,3,4
587. Pemeriksaan berkala atas tingkat kepatuhan pelaksanaan prosedur operasional standar diselesaikan sesuai rencana kerja.,Compliance,Neutral,3,2
588. Kemitraan strategis dengan penyedia teknologi utama dihentikan sepihak karena ketidakmampuan mencapai target kerjasama.,Strategic,Negative,3,4
589. Dilakukan penyesuaian format penyajian laporan keuangan konsolidasi untuk menyesuaikan standar pelaporan induk perusahaan.,Financial,Neutral,2,2
590. Manajemen operasional menyampaikan pemutakhiran panduan prosedur standar operasional (SOP) distribusi logistik.,Operations,Neutral,2,3
"591. Akses akun administrator sistem inti tidak menerapkan otentikasi ganda (2FA), berisiko tinggi terhadap akses tidak sah.",Technology,Negative,4,3
592. Proses administrasi pengajuan cuti tahunan pegawai berjalan sesuai regulasi internal yang berlaku.,Human Resources,Neutral,2,2
593. Manajemen meninjau ulang susunan piagam (*charter*) audit internal sesuai dengan perkembangan standar profesi audit.,Governance,Neutral,3,2
594. Implementasi program edukasi anti-pencucian uang diikuti oleh 100% pegawai unit kerja bisnis dan operasional.,Compliance,Positive,2,3
595. Pencapaian target pendapatan dari segmen bisnis baru melampaui rencana strategis perusahaan hingga 115%.,Strategic,Positive,1,2
596. Laporan piutang ragu-ragu tidak memperhitungkan cadangan kerugian penurunan nilai secara akurat sesuai standar PSAK.,Financial,Negative,5,5
597. Manajemen operasional menyampaikan pemutakhiran panduan prosedur standar operasional (SOP) distribusi logistik.,Operations,Neutral,3,1
598. Telah dilakukan pemetaan alokasi kapasitas *bandwidth* jaringan internet untuk mendukung kegiatan operasional kantor cabang.,Technology,Neutral,2,2
599. Pelaksanaan evaluasi kinerja berkala (KPI review) telah dilakukan 100% tepat waktu dengan umpan balik transparan.,Human Resources,Positive,1,2
600. Kebijakan penanganan benturan kepentingan (*conflict of interest*) tidak diperbarui dalam 5 tahun terakhir.,Governance,Negative,4,4
601. Perusahaan belum mengimplementasikan penyesuaian regulasi perlindungan data pribadi (UU PDP) secara menyeluruh.,Compliance,Negative,4,3
602. Transformasi sistem bisnis inti mengalami kendala integrasi berat yang mengancam pencapaian target jangka panjang.,Strategic,Negative,4,3
603. Telah dilakukan evaluasi berkala terhadap laporan arus kas bulanan unit usaha untuk periode kuartal II tahun berjalan.,Financial,Neutral,4,3
604. Pengelolaan stok persediaan barang jadi di gudang utama mengalami selisih fisik sejumlah 621.4 unit tanpa catatan penyesuaian.,Operations,Negative,4,4
605. Implementasi arsitektur keamanan *Zero Trust* pada jaringan internal berhasil menggagalkan 100% ancaman *cyber attack* external.,Technology,Positive,1,1
606. Dokumen kontrak kerja bagi 20 karyawan kontrak belum ditandatangani secara sah meskipun masa kerja telah berjalan 3 bulan.,Human Resources,Negative,3,3
607. Seluruh jajaran manajemen dan pegawai telah menandatangani pakta integritas dan komitmen anti-korupsi secara berkala.,Governance,Positive,1,1
608. Prosedur *Anti-Money Laundering* (APU-PPT) tidak melakukan pemutakhiran profil risiko nasabah secara berkala.,Compliance,Negative,3,4
609. Laporan pencapaian inisiatif strategis kuartal II dipresentasikan dalam rapat koordinasi pimpinan tingkat atas.,Strategic,Neutral,3,3
610. Terdapat selisih kas fisik sebesar Rp 717.9 Juta pada rekonsiliasi bank bulanan yang belum dapat dijelaskan oleh tim akuntansi.,Financial,Negative,5,3
"611. Jadwal pemeliharaan rutin mesin produksi utama terlambat 3 bulan, menyebabkan penurunan kapasitas produksi hingga 25%.",Operations,Negative,5,4
612. Pemeriksaan berkala atas daftar inventaris lisensi perangkat lunak perusahaan telah dilaksanakan sesuai jadwal.,Technology,Neutral,2,2
613. Proses rekrutmen tidak menjalankan verifikasi latar belakang (*background check*) secara lengkap untuk posisi manajerial kunci.,Human Resources,Negative,3,4
614. Kebijakan *whistleblowing system* dikelola secara independen oleh pihak ketiga dan menjamin perlindungan pelapor 100%.,Governance,Positive,1,1
615. Tim *compliance* telah menyelesaikan inventarisasi ketentuan dan peraturan perundang-undangan terbaru yang relevan.,Compliance,Neutral,3,3
616. Kerjasama strategis dengan jaringan ritel nasional berhasil memperluas pangsa pasar produk perusahaan secara signifikan.,Strategic,Positive,2,2
617. Pengelolaan anggaran belanja operasional cabang berhasil mencapai efisiensi biaya sebesar 12% tanpa mengurangi kualitas layanan.,Financial,Positive,1,1
618. Pemeriksaan rutin terhadap alur proses distribusi barang antar gudang cabang telah diselesaikan sesuai jadwal kerja audit.,Operations,Neutral,4,1
619. Sistem pemulihan bencana (*Disaster Recovery Plan*) belum pernah diuji cobakan secara menyeluruh dalam 18 bulan terakhir.,Technology,Negative,5,4
620. Sistem penggajian otomatis (*payroll system*) beroperasi tanpa kendala dan memproses hak karyawan secara presisi.,Human Resources,Positive,1,1
621. Prosedur pengungkapan informasi transaksi pihak berelasi tidak memenuhi standar keterbukaan informasi yang dipersyaratkan.,Governance,Negative,3,4
622. Perusahaan belum mengimplementasikan penyesuaian regulasi perlindungan data pribadi (UU PDP) secara menyeluruh.,Compliance,Negative,5,2
623. Transformasi budaya digital perusahaan menunjukkan dampak positif pada efisiensi biaya dan kecepatan inovasi.,Strategic,Positive,1,3
624. Ditemukan kelemahan signifikan dalam prosedur otorisasi pembayaran kas besar senilai Rp 254.0 Miliar tanpa persetujuan bertingkat.,Financial,Negative,4,2
625. Telah dilaksanakan simulasi tanggap darurat keselamatan kerja di area pabrik bersama tim K3 internal.,Operations,Neutral,2,3
626. Manajemen TI mempublikasikan dokumen pedoman penggunaan aset komputer dan perangkat keras bagi pegawai baru.,Technology,Neutral,3,3
627. Pelaksanaan evaluasi kinerja berkala (KPI review) telah dilakukan 100% tepat waktu dengan umpan balik transparan.,Human Resources,Positive,2,2
628. Prosedur pengungkapan informasi transaksi pihak berelasi tidak memenuhi standar keterbukaan informasi yang dipersyaratkan.,Governance,Negative,3,3
629. Prosedur *Anti-Money Laundering* (APU-PPT) tidak melakukan pemutakhiran profil risiko nasabah secara berkala.,Compliance,Negative,4,4
630. Kemitraan strategis dengan penyedia teknologi utama dihentikan sepihak karena ketidakmampuan mencapai target kerjasama.,Strategic,Negative,3,3
631. Pengelolaan anggaran belanja operasional cabang berhasil mencapai efisiensi biaya sebesar 12% tanpa mengurangi kualitas layanan.,Financial,Positive,1,3
632. Penerapan standar K3 di area operasional gudang berhasil mempertahankan pencapaian *zero accident* selama 3 tahun berturut-turut.,Operations,Positive,2,3
633. Prosedur *backup* basis data server utama tidak berhasil dijalankan secara penuh selama 2 minggu berturut-turut.,Technology,Negative,3,3
634. Telah dilaksanakan pemutakhiran data mandiri karyawan pada portal *employee self-service* untuk pembaruan alamat.,Human Resources,Neutral,2,2
635. Dewan Komisaris dan Direksi secara konsisten menyelenggarakan rapat evaluasi kinerja strategis setiap bulan.,Governance,Positive,1,2
636. Ditemukan 4 kantor cabang pembantu yang beroperasi tanpa kelengkapan perizinan usaha daerah yang valid.,Compliance,Negative,4,3
"637. Strategi peluncuran produk digital baru tidak didukung oleh riset pasar yang memadai, mengakibatkan adopsi pengguna amat rendah.",Strategic,Negative,3,4
638. Laporan piutang ragu-ragu tidak memperhitungkan cadangan kerugian penurunan nilai secara akurat sesuai standar PSAK.,Financial,Negative,3,4
"639. Tingkat ketepatan pengiriman barang kepada pelanggan mencapai 99.2% sepanjang semester I, melebihi target KPI yang ditetapkan.",Operations,Positive,1,3
640. Prosedur *backup* basis data server utama tidak berhasil dijalankan secara penuh selama 2 minggu berturut-turut.,Technology,Negative,4,4
641. Pelaksanaan evaluasi kinerja berkala (KPI review) telah dilakukan 100% tepat waktu dengan umpan balik transparan.,Human Resources,Positive,2,3
642. Kebijakan penanganan benturan kepentingan (*conflict of interest*) tidak diperbarui dalam 5 tahun terakhir.,Governance,Negative,4,5
643. Prosedur *Anti-Money Laundering* (APU-PPT) tidak melakukan pemutakhiran profil risiko nasabah secara berkala.,Compliance,Negative,4,3
644. Transformasi sistem bisnis inti mengalami kendala integrasi berat yang mengancam pencapaian target jangka panjang.,Strategic,Negative,4,5
645. Ditemukan kelemahan signifikan dalam prosedur otorisasi pembayaran kas besar senilai Rp 673.4 Miliar tanpa persetujuan bertingkat.,Financial,Negative,3,4
646. Pemeriksaan rutin terhadap alur proses distribusi barang antar gudang cabang telah diselesaikan sesuai jadwal kerja audit.,Operations,Neutral,3,2
647. Pemeriksaan berkala atas daftar inventaris lisensi perangkat lunak perusahaan telah dilaksanakan sesuai jadwal.,Technology,Neutral,3,2
"648. Tingkat perputaran (*turnover*) karyawan pada divisi IT mencapai 32% per tahun, mengganggu kelancaran proyek-proyek strategis.",Human Resources,Negative,5,3
649. Penerapan prinsip *Good Corporate Governance* (GCG) meraih penilaian predikat 'Sangat Baik' dari lembaga pemeringkat independen.,Governance,Positive,2,1
650. Prosedur *Anti-Money Laundering* (APU-PPT) tidak melakukan pemutakhiran profil risiko nasabah secara berkala.,Compliance,Negative,4,3
"651. Strategi peluncuran produk digital baru tidak didukung oleh riset pasar yang memadai, mengakibatkan adopsi pengguna amat rendah.",Strategic,Negative,4,4
652. Pengelolaan anggaran belanja operasional cabang berhasil mencapai efisiensi biaya sebesar 12% tanpa mengurangi kualitas layanan.,Financial,Positive,1,1
653. Telah dilaksanakan simulasi tanggap darurat keselamatan kerja di area pabrik bersama tim K3 internal.,Operations,Neutral,2,3
654. Hasil tes penetrasi mengungkapkan 3 kerentanan kritis (SQL Injection & RCE) pada aplikasi e-banking yang belum diperbaiki.,Technology,Negative,5,3
655. Tim HRD menyampaikan laporan rekapitulasi data keikutsertaan karyawan dalam program asuransi kesehatan tahunan.,Human Resources,Neutral,3,2
656. Prosedur pengungkapan informasi transaksi pihak berelasi tidak memenuhi standar keterbukaan informasi yang dipersyaratkan.,Governance,Negative,5,2
657. Telah disampaikan laporan pemantauan kepatuhan triwulanan kepada Direktur Kepatuhan dan Komite Risiko.,Compliance,Neutral,2,3
658. Transformasi sistem bisnis inti mengalami kendala integrasi berat yang mengancam pencapaian target jangka panjang.,Strategic,Negative,3,4
"659. Prosedur pencatatan utang usaha terlambat hingga 45 hari, berpotensi menimbulkan klaim penalti vendor dan denda administrasi.",Financial,Negative,4,4
"660. Prosedur penanganan keluhan pelanggan belum memiliki SLA yang jelas, mengakibatkan tingkat kepuasan nasabah turun.",Operations,Negative,5,2
661. Telah dilakukan pemetaan alokasi kapasitas *bandwidth* jaringan internet untuk mendukung kegiatan operasional kantor cabang.,Technology,Neutral,4,1
662. Program pengembangan talenta dan *succession planning* berhasil mengisi 85% posisi kepemimpinan dari internal perusahaan.,Human Resources,Positive,2,2
663. Rapat umum pemegang saham telah mengesahkan laporan keuangan audited untuk tahun buku yang lalu.,Governance,Neutral,4,1
664. Manajemen menyelenggarakan sesi sosialisasi aturan regulasi baru yang diterbitkan oleh instansi pembina sektor usaha.,Compliance,Neutral,3,2
665. Transformasi sistem bisnis inti mengalami kendala integrasi berat yang mengancam pencapaian target jangka panjang.,Strategic,Negative,5,3
666. Manajemen telah memfinalisasi pemutakhiran bagan akun standar (chart of accounts) untuk seluruh cabang operasional.,Financial,Neutral,3,2
667. Pemeriksaan rutin terhadap alur proses distribusi barang antar gudang cabang telah diselesaikan sesuai jadwal kerja audit.,Operations,Neutral,4,1
668. Tim IT telah menyelesaikan pemutakhiran versi perangkat lunak server web ke versi stabil terbaru.,Technology,Neutral,3,3
669. Manajemen sumber daya manusia merilis kalender kegiatan pelatihan dan pengembangan keterampilan untuk semester depan.,Human Resources,Neutral,2,2
670. Terdapat insiden pelanggaran pedoman etika bisnis oleh oknum manajemen yang tidak ditindaklanjuti secara tegas.,Governance,Negative,4,3
671. Terdapat ketidakpatuhan terhadap batas maksimum pemberian kredit (BMPK) pada 2 debitur grup usaha terkait.,Compliance,Negative,5,4
672. Proyek ekspansi pembukaan 10 cabang baru mengalami penundaan 9 bulan dan pembengkakan anggaran mencapai 40%.,Strategic,Negative,4,4
673. Tim audit mencatat implementasi modul akuntansi baru pada sistem ERP utama yang mulai berlaku efektif sejak bulan lalu.,Financial,Neutral,2,1
674. Sistem pelacakan persediaan berbasis *barcode* beroperasi optimal dan memangkas durasi *stock opname* hingga 50%.,Operations,Positive,1,1
675. Sistem pemulihan bencana (*Disaster Recovery Plan*) belum pernah diuji cobakan secara menyeluruh dalam 18 bulan terakhir.,Technology,Negative,5,3
676. Tim HRD menyampaikan laporan rekapitulasi data keikutsertaan karyawan dalam program asuransi kesehatan tahunan.,Human Resources,Neutral,3,3
677. Kebijakan penanganan benturan kepentingan (*conflict of interest*) tidak diperbarui dalam 5 tahun terakhir.,Governance,Negative,4,4
678. Terdapat ketidakpatuhan terhadap batas maksimum pemberian kredit (BMPK) pada 2 debitur grup usaha terkait.,Compliance,Negative,4,5
"679. Strategi peluncuran produk digital baru tidak didukung oleh riset pasar yang memadai, mengakibatkan adopsi pengguna amat rendah.",Strategic,Negative,3,4
680. Sistem otomatisasi pencatatan faktur pajak dan transaksi kas berhasil menekan angka kesalahan akuntansi hingga 0.01%.,Financial,Positive,1,1
681. Pemeriksaan rutin terhadap alur proses distribusi barang antar gudang cabang telah diselesaikan sesuai jadwal kerja audit.,Operations,Neutral,3,3
682. Prosedur *backup* basis data server utama tidak berhasil dijalankan secara penuh selama 2 minggu berturut-turut.,Technology,Negative,3,4
683. Program pengembangan talenta dan *succession planning* berhasil mengisi 85% posisi kepemimpinan dari internal perusahaan.,Human Resources,Positive,2,1
684. Komite audit belum menyelenggarakan rapat berkala kuartalan sesuai ketentuan tata kelola perusahaan yang baik (GCG).,Governance,Negative,4,4
685. Ditemukan 4 kantor cabang pembantu yang beroperasi tanpa kelengkapan perizinan usaha daerah yang valid.,Compliance,Negative,4,4
"686. Strategi peluncuran produk digital baru tidak didukung oleh riset pasar yang memadai, mengakibatkan adopsi pengguna amat rendah.",Strategic,Negative,5,3
687. Verifikasi dokumen pembayaran kas besar telah menerapkan otorisasi bertingkat yang transparan dan terdokumentasi dengan baik.,Financial,Positive,1,3
"688. Sistem manajemen rantai pasok belum terintegrasi dengan vendor utama, memicu akumulasi *bottleneck* persediaan.",Operations,Negative,4,5
689. Uji keandalan pemulihan bencana (*DRP drill*) berhasil memulihkan seluruh sistem utama dalam durasi kurang dari 15 menit.,Technology,Positive,1,2
690. Program pelatihan keselamatan dan kesehatan kerja berhasil mencapai tingkat kelulusan peserta sebesar 98%.,Human Resources,Positive,2,2
691. Kebijakan *whistleblowing system* dikelola secara independen oleh pihak ketiga dan menjamin perlindungan pelapor 100%.,Governance,Positive,2,2
692. Prosedur *Anti-Money Laundering* (APU-PPT) tidak melakukan pemutakhiran profil risiko nasabah secara berkala.,Compliance,Negative,3,2
693. Pencapaian target pendapatan dari segmen bisnis baru melampaui rencana strategis perusahaan hingga 115%.,Strategic,Positive,2,2
694. Tim audit mencatat implementasi modul akuntansi baru pada sistem ERP utama yang mulai berlaku efektif sejak bulan lalu.,Financial,Neutral,2,1
695. Penerapan standar K3 di area operasional gudang berhasil mempertahankan pencapaian *zero accident* selama 3 tahun berturut-turut.,Operations,Positive,1,2
696. Implementasi arsitektur keamanan *Zero Trust* pada jaringan internal berhasil menggagalkan 100% ancaman *cyber attack* external.,Technology,Positive,2,1
697. Telah dilaksanakan pemutakhiran data mandiri karyawan pada portal *employee self-service* untuk pembaruan alamat.,Human Resources,Neutral,3,1
698. Terdapat insiden pelanggaran pedoman etika bisnis oleh oknum manajemen yang tidak ditindaklanjuti secara tegas.,Governance,Negative,4,4
699. Terdapat ketidakpatuhan terhadap batas maksimum pemberian kredit (BMPK) pada 2 debitur grup usaha terkait.,Compliance,Negative,4,5
700. Pencapaian target pendapatan dari segmen bisnis baru melampaui rencana strategis perusahaan hingga 115%.,Strategic,Positive,1,1
701. Ditemukan kelemahan signifikan dalam prosedur otorisasi pembayaran kas besar senilai Rp 224.8 Miliar tanpa persetujuan bertingkat.,Financial,Negative,4,3
702. Pihak pengelola gudang sedang melakukan penataan ulang tata letak rak barang untuk mengoptimalkan ruang penyimpanan.,Operations,Neutral,2,1
703. Uji keandalan pemulihan bencana (*DRP drill*) berhasil memulihkan seluruh sistem utama dalam durasi kurang dari 15 menit.,Technology,Positive,2,1
704. Laporan rasio kecukupan tenaga kerja pada unit bisnis operasional mencatat kondisi pemenuhan yang stabil.,Human Resources,Neutral,4,3
705. Rapat umum pemegang saham telah mengesahkan laporan keuangan audited untuk tahun buku yang lalu.,Governance,Neutral,3,1
706. Terdapat ketidakpatuhan terhadap batas maksimum pemberian kredit (BMPK) pada 2 debitur grup usaha terkait.,Compliance,Negative,4,4
"707. Strategi peluncuran produk digital baru tidak didukung oleh riset pasar yang memadai, mengakibatkan adopsi pengguna amat rendah.",Strategic,Negative,4,3
708. Proses audit internal keuangan semesteran menunjukkan kepatuhan penuh terhadap kebijakan pembukuan perusahaan.,Financial,Positive,2,1
709. Proses pemeliharaan berkala fasilitas pabrik berjalan tepat waktu dan meningkatkan efisiensi penggunaan bahan bakar hingga 8%.,Operations,Positive,1,1
710. Laporan pemantauan statistik penggunaan pemrosesan CPU server utama mencatat rata-rata beban kerja sebesar 45%.,Technology,Neutral,4,3
711. Ditemukan ketidaksesuaian perhitungan jam lembur pada 45 karyawan cabang yang berpotensi memicu perselisihan hubungan industrial.,Human Resources,Negative,3,3
712. Prosedur pengungkapan informasi transaksi pihak berelasi tidak memenuhi standar keterbukaan informasi yang dipersyaratkan.,Governance,Negative,5,3
713. Prosedur *Anti-Money Laundering* (APU-PPT) tidak melakukan pemutakhiran profil risiko nasabah secara berkala.,Compliance,Negative,4,2
714. Telah dilakukan pemetaan analisis SWOT berkala untuk mengidentifikasi peluang dan tantangan bisnis mendatang.,Strategic,Neutral,3,1
715. Sistem otomatisasi pencatatan faktur pajak dan transaksi kas berhasil menekan angka kesalahan akuntansi hingga 0.01%.,Financial,Positive,2,2
716. Proses pemeliharaan berkala fasilitas pabrik berjalan tepat waktu dan meningkatkan efisiensi penggunaan bahan bakar hingga 8%.,Operations,Positive,2,2
717. Uji keandalan pemulihan bencana (*DRP drill*) berhasil memulihkan seluruh sistem utama dalam durasi kurang dari 15 menit.,Technology,Positive,1,2
718. Telah dilaksanakan pemutakhiran data mandiri karyawan pada portal *employee self-service* untuk pembaruan alamat.,Human Resources,Neutral,3,1
719. Rapat umum pemegang saham telah mengesahkan laporan keuangan audited untuk tahun buku yang lalu.,Governance,Neutral,4,2
720. Manajemen menyelenggarakan sesi sosialisasi aturan regulasi baru yang diterbitkan oleh instansi pembina sektor usaha.,Compliance,Neutral,4,2
721. Laporan pencapaian inisiatif strategis kuartal II dipresentasikan dalam rapat koordinasi pimpinan tingkat atas.,Strategic,Neutral,3,3
722. Prosedur rekonsiliasi keuangan dan kas harian telah berjalan sangat tertib dan sesuai dengan SOP standar manajemen risiko keuangan.,Financial,Positive,1,2
723. Pemeriksaan rutin terhadap alur proses distribusi barang antar gudang cabang telah diselesaikan sesuai jadwal kerja audit.,Operations,Neutral,3,2
724. Uji keandalan pemulihan bencana (*DRP drill*) berhasil memulihkan seluruh sistem utama dalam durasi kurang dari 15 menit.,Technology,Positive,1,2
725. Ditemukan ketidaksesuaian perhitungan jam lembur pada 45 karyawan cabang yang berpotensi memicu perselisihan hubungan industrial.,Human Resources,Negative,5,4
726. Manajemen meninjau ulang susunan piagam (*charter*) audit internal sesuai dengan perkembangan standar profesi audit.,Governance,Neutral,4,3
727. Hasil penilaian kepatuhan dari regulator menunjukkan angka kepatuhan 100% tanpa adanya catatan pelanggaran.,Compliance,Positive,2,2
728. Kerjasama strategis dengan jaringan ritel nasional berhasil memperluas pangsa pasar produk perusahaan secara signifikan.,Strategic,Positive,1,1
729. Laporan piutang ragu-ragu tidak memperhitungkan cadangan kerugian penurunan nilai secara akurat sesuai standar PSAK.,Financial,Negative,5,4
"730. Sistem manajemen rantai pasok belum terintegrasi dengan vendor utama, memicu akumulasi *bottleneck* persediaan.",Operations,Negative,4,3
731. Tim IT telah menyelesaikan pemutakhiran versi perangkat lunak server web ke versi stabil terbaru.,Technology,Neutral,2,3
732. Program pengembangan talenta dan *succession planning* berhasil mengisi 85% posisi kepemimpinan dari internal perusahaan.,Human Resources,Positive,2,1
733. Terdapat insiden pelanggaran pedoman etika bisnis oleh oknum manajemen yang tidak ditindaklanjuti secara tegas.,Governance,Negative,5,5
734. Manajemen menyelenggarakan sesi sosialisasi aturan regulasi baru yang diterbitkan oleh instansi pembina sektor usaha.,Compliance,Neutral,3,2
735. Kemitraan strategis dengan penyedia teknologi utama dihentikan sepihak karena ketidakmampuan mencapai target kerjasama.,Strategic,Negative,4,2
736. Terjadi pencatatan ganda atas klaim pengeluaran operasional cabang senilai Rp 428.6 Juta karena tidak adanya validasi sistemic.,Financial,Negative,5,3
737. Terdapat kecenderungan keterlambatan pengiriman barang ke jaringan distributor hingga melebihi batas toleransi 5 hari.,Operations,Negative,5,3
738. Sistem pemulihan bencana (*Disaster Recovery Plan*) belum pernah diuji cobakan secara menyeluruh dalam 18 bulan terakhir.,Technology,Negative,4,3
739. Program pelatihan wajib K3 dan *cybersecurity awareness* baru diikuti oleh kurang dari 40% total pegawai perusahaan.,Human Resources,Negative,5,2
740. Kebijakan penanganan benturan kepentingan (*conflict of interest*) tidak diperbarui dalam 5 tahun terakhir.,Governance,Negative,5,4
741. Perusahaan belum mengimplementasikan penyesuaian regulasi perlindungan data pribadi (UU PDP) secara menyeluruh.,Compliance,Negative,3,4
742. Proyek ekspansi pembukaan 10 cabang baru mengalami penundaan 9 bulan dan pembengkakan anggaran mencapai 40%.,Strategic,Negative,5,3
743. Proses audit internal keuangan semesteran menunjukkan kepatuhan penuh terhadap kebijakan pembukuan perusahaan.,Financial,Positive,1,2
744. Penerapan standar K3 di area operasional gudang berhasil mempertahankan pencapaian *zero accident* selama 3 tahun berturut-turut.,Operations,Positive,2,1
745. Ditemukan insiden kebocoran kredensial pengguna akibat lemahnya enkripsi pada lalu lintas data API microservice.,Technology,Negative,5,3
746. Proses rekrutmen tidak menjalankan verifikasi latar belakang (*background check*) secara lengkap untuk posisi manajerial kunci.,Human Resources,Negative,4,4
747. Struktur komite pendukung tata kelola telah berfungsi efektif dalam memberikan rekomendasi independen bagi manajemen.,Governance,Positive,2,1
748. Prosedur *Anti-Money Laundering* (APU-PPT) tidak melakukan pemutakhiran profil risiko nasabah secara berkala.,Compliance,Negative,4,5
749. Manajemen strategis menyelenggarakan lokakarya peninjauan ulang rencana jangka panjang perusahaan (RJPP).,Strategic,Neutral,3,2
750. Laporan piutang ragu-ragu tidak memperhitungkan cadangan kerugian penurunan nilai secara akurat sesuai standar PSAK.,Financial,Negative,5,4
751. Terdapat kecenderungan keterlambatan pengiriman barang ke jaringan distributor hingga melebihi batas toleransi 5 hari.,Operations,Negative,5,3
752. Ditemukan insiden kebocoran kredensial pengguna akibat lemahnya enkripsi pada lalu lintas data API microservice.,Technology,Negative,4,3
753. Manajemen sumber daya manusia merilis kalender kegiatan pelatihan dan pengembangan keterampilan untuk semester depan.,Human Resources,Neutral,4,2
754. Seluruh jajaran manajemen dan pegawai telah menandatangani pakta integritas dan komitmen anti-korupsi secara berkala.,Governance,Positive,1,2
755. Terdapat ketidakpatuhan terhadap batas maksimum pemberian kredit (BMPK) pada 2 debitur grup usaha terkait.,Compliance,Negative,4,3
"756. Strategi peluncuran produk digital baru tidak didukung oleh riset pasar yang memadai, mengakibatkan adopsi pengguna amat rendah.",Strategic,Negative,4,4
757. Ditemukan kelemahan signifikan dalam prosedur otorisasi pembayaran kas besar senilai Rp 447.9 Miliar tanpa persetujuan bertingkat.,Financial,Negative,3,3
"758. Prosedur penanganan keluhan pelanggan belum memiliki SLA yang jelas, mengakibatkan tingkat kepuasan nasabah turun.",Operations,Negative,4,3
"759. Akses akun administrator sistem inti tidak menerapkan otentikasi ganda (2FA), berisiko tinggi terhadap akses tidak sah.",Technology,Negative,3,4
760. Hasil survei kepuasan dan keterikatan pegawai (*employee engagement score*) meningkat signifikan menjadi 88.5%.,Human Resources,Positive,1,2
761. Sekretariat perusahaan menyampaikan laporan tahunan pelaksanaan kegiatan tata kelola kepada otoritas terkait.,Governance,Neutral,4,1
762. Terdapat ketidakpatuhan terhadap batas maksimum pemberian kredit (BMPK) pada 2 debitur grup usaha terkait.,Compliance,Negative,4,3
763. Eksekusi rencana investasi teknologi informasi berjalan sesuai anggaran dan tepat waktu (*on time and on budget*).,Strategic,Positive,1,1
764. Ditemukan kelemahan signifikan dalam prosedur otorisasi pembayaran kas besar senilai Rp 683.9 Miliar tanpa persetujuan bertingkat.,Financial,Negative,5,5
765. Telah dilaksanakan simulasi tanggap darurat keselamatan kerja di area pabrik bersama tim K3 internal.,Operations,Neutral,2,1
766. Implementasi arsitektur keamanan *Zero Trust* pada jaringan internal berhasil menggagalkan 100% ancaman *cyber attack* external.,Technology,Positive,1,1
767. Proses rekrutmen tidak menjalankan verifikasi latar belakang (*background check*) secara lengkap untuk posisi manajerial kunci.,Human Resources,Negative,5,2
768. Sekretariat perusahaan menyampaikan laporan tahunan pelaksanaan kegiatan tata kelola kepada otoritas terkait.,Governance,Neutral,3,4
769. Perusahaan belum mengimplementasikan penyesuaian regulasi perlindungan data pribadi (UU PDP) secara menyeluruh.,Compliance,Negative,5,3
770. Proyek ekspansi pembukaan 10 cabang baru mengalami penundaan 9 bulan dan pembengkakan anggaran mencapai 40%.,Strategic,Negative,4,2
771. Laporan posisi kas harian telah disampaikan kepada jajaran direksi keuangan secara rutin sesuai jadwal operasional.,Financial,Neutral,3,3
772. Terdapat kecenderungan keterlambatan pengiriman barang ke jaringan distributor hingga melebihi batas toleransi 5 hari.,Operations,Negative,5,5
773. Proses migrasi server basis data ke infrastruktur *cloud* berjalan lancar tanpa mengalami *downtime* operasional.,Technology,Positive,1,1
774. Program pengembangan talenta dan *succession planning* berhasil mengisi 85% posisi kepemimpinan dari internal perusahaan.,Human Resources,Positive,2,3
775. Dokumen risalah rapat Direksi dan Dewan Komisaris tidak terdokumentasi secara rapi dan sulit diakses saat audit.,Governance,Negative,4,4
776. Pelaporan kewajiban transaksi keuangan mencurigakan (LTKM) ke PPATK mengalami keterlambatan melebihi batas waktu 3 hari.,Compliance,Negative,3,3
777. Tim perencanaan bisnis menyusun studi kelayakan awal untuk rencana pengembangan area operasional baru.,Strategic,Neutral,2,3
778. Terjadi pencatatan ganda atas klaim pengeluaran operasional cabang senilai Rp 362.9 Juta karena tidak adanya validasi sistemic.,Financial,Negative,4,3
779. Pengelolaan stok persediaan barang jadi di gudang utama mengalami selisih fisik sejumlah 724.8 unit tanpa catatan penyesuaian.,Operations,Negative,4,3
780. Ditemukan insiden kebocoran kredensial pengguna akibat lemahnya enkripsi pada lalu lintas data API microservice.,Technology,Negative,5,4
"781. Tingkat perputaran (*turnover*) karyawan pada divisi IT mencapai 32% per tahun, mengganggu kelancaran proyek-proyek strategis.",Human Resources,Negative,4,3
782. Rapat umum pemegang saham telah mengesahkan laporan keuangan audited untuk tahun buku yang lalu.,Governance,Neutral,2,2
783. Pelaporan kewajiban transaksi keuangan mencurigakan (LTKM) ke PPATK mengalami keterlambatan melebihi batas waktu 3 hari.,Compliance,Negative,5,4
784. Tim perencanaan bisnis menyusun studi kelayakan awal untuk rencana pengembangan area operasional baru.,Strategic,Neutral,3,2
785. Terdapat selisih kas fisik sebesar Rp 247.0 Juta pada rekonsiliasi bank bulanan yang belum dapat dijelaskan oleh tim akuntansi.,Financial,Negative,4,3
"786. Jadwal pemeliharaan rutin mesin produksi utama terlambat 3 bulan, menyebabkan penurunan kapasitas produksi hingga 25%.",Operations,Negative,4,2
787. Sistem pemulihan bencana (*Disaster Recovery Plan*) belum pernah diuji cobakan secara menyeluruh dalam 18 bulan terakhir.,Technology,Negative,3,5
788. Pelaksanaan evaluasi kinerja berkala (KPI review) telah dilakukan 100% tepat waktu dengan umpan balik transparan.,Human Resources,Positive,1,3
789. Dokumen risalah rapat Direksi dan Dewan Komisaris tidak terdokumentasi secara rapi dan sulit diakses saat audit.,Governance,Negative,3,4
790. Ditemukan 4 kantor cabang pembantu yang beroperasi tanpa kelengkapan perizinan usaha daerah yang valid.,Compliance,Negative,4,2
791. Pencapaian target pendapatan dari segmen bisnis baru melampaui rencana strategis perusahaan hingga 115%.,Strategic,Positive,2,2
792. Terdapat selisih kas fisik sebesar Rp 633.7 Juta pada rekonsiliasi bank bulanan yang belum dapat dijelaskan oleh tim akuntansi.,Financial,Negative,5,4
793. Terdapat kecenderungan keterlambatan pengiriman barang ke jaringan distributor hingga melebihi batas toleransi 5 hari.,Operations,Negative,4,5
794. Prosedur *backup* basis data server utama tidak berhasil dijalankan secara penuh selama 2 minggu berturut-turut.,Technology,Negative,3,4
795. Dokumen kontrak kerja bagi 20 karyawan kontrak belum ditandatangani secara sah meskipun masa kerja telah berjalan 3 bulan.,Human Resources,Negative,4,4
796. Terdapat insiden pelanggaran pedoman etika bisnis oleh oknum manajemen yang tidak ditindaklanjuti secara tegas.,Governance,Negative,3,5
797. Tim *compliance* telah menyelesaikan inventarisasi ketentuan dan peraturan perundang-undangan terbaru yang relevan.,Compliance,Neutral,2,1
798. Rencana diversifikasi portofolio investasi mengalami kerugian akibat lemahnya analisis mitigasi risiko pasar.,Strategic,Negative,4,3
799. Manajemen telah memfinalisasi pemutakhiran bagan akun standar (chart of accounts) untuk seluruh cabang operasional.,Financial,Neutral,3,2
800. Pihak pengelola gudang sedang melakukan penataan ulang tata letak rak barang untuk mengoptimalkan ruang penyimpanan.,Operations,Neutral,3,2
801. Ditemukan insiden kebocoran kredensial pengguna akibat lemahnya enkripsi pada lalu lintas data API microservice.,Technology,Negative,4,4
802. Program pelatihan keselamatan dan kesehatan kerja berhasil mencapai tingkat kelulusan peserta sebesar 98%.,Human Resources,Positive,2,1
803. Dokumen risalah rapat Direksi dan Dewan Komisaris tidak terdokumentasi secara rapi dan sulit diakses saat audit.,Governance,Negative,3,4
804. Implementasi program edukasi anti-pencucian uang diikuti oleh 100% pegawai unit kerja bisnis dan operasional.,Compliance,Positive,1,2
805. Dilakukan evaluasi terhadap indikator pencapaian sasaran strategis tahunan pada masing-masing unit bisnis.,Strategic,Neutral,4,4
806. Laporan piutang ragu-ragu tidak memperhitungkan cadangan kerugian penurunan nilai secara akurat sesuai standar PSAK.,Financial,Negative,4,4
807. Terdapat kecenderungan keterlambatan pengiriman barang ke jaringan distributor hingga melebihi batas toleransi 5 hari.,Operations,Negative,3,5
808. Prosedur *backup* basis data server utama tidak berhasil dijalankan secara penuh selama 2 minggu berturut-turut.,Technology,Negative,5,4
809. Ditemukan ketidaksesuaian perhitungan jam lembur pada 45 karyawan cabang yang berpotensi memicu perselisihan hubungan industrial.,Human Resources,Negative,4,4
810. Prosedur pengungkapan informasi transaksi pihak berelasi tidak memenuhi standar keterbukaan informasi yang dipersyaratkan.,Governance,Negative,4,4
811. Perusahaan belum mengimplementasikan penyesuaian regulasi perlindungan data pribadi (UU PDP) secara menyeluruh.,Compliance,Negative,3,4
"812. Strategi peluncuran produk digital baru tidak didukung oleh riset pasar yang memadai, mengakibatkan adopsi pengguna amat rendah.",Strategic,Negative,3,4
813. Sistem otomatisasi pencatatan faktur pajak dan transaksi kas berhasil menekan angka kesalahan akuntansi hingga 0.01%.,Financial,Positive,1,2
"814. Tingkat ketepatan pengiriman barang kepada pelanggan mencapai 99.2% sepanjang semester I, melebihi target KPI yang ditetapkan.",Operations,Positive,1,2
815. Sistem pemulihan bencana (*Disaster Recovery Plan*) belum pernah diuji cobakan secara menyeluruh dalam 18 bulan terakhir.,Technology,Negative,5,4
816. Manajemen sumber daya manusia merilis kalender kegiatan pelatihan dan pengembangan keterampilan untuk semester depan.,Human Resources,Neutral,4,2
817. Seluruh jajaran manajemen dan pegawai telah menandatangani pakta integritas dan komitmen anti-korupsi secara berkala.,Governance,Positive,2,1
818. Ditemukan 4 kantor cabang pembantu yang beroperasi tanpa kelengkapan perizinan usaha daerah yang valid.,Compliance,Negative,5,5
819. Proyek ekspansi pembukaan 10 cabang baru mengalami penundaan 9 bulan dan pembengkakan anggaran mencapai 40%.,Strategic,Negative,4,3
820. Terjadi pencatatan ganda atas klaim pengeluaran operasional cabang senilai Rp 185.9 Juta karena tidak adanya validasi sistemic.,Financial,Negative,4,4
821. Terdapat kecenderungan keterlambatan pengiriman barang ke jaringan distributor hingga melebihi batas toleransi 5 hari.,Operations,Negative,4,3
822. Telah dilakukan pemetaan alokasi kapasitas *bandwidth* jaringan internet untuk mendukung kegiatan operasional kantor cabang.,Technology,Neutral,3,1
823. Ditemukan ketidaksesuaian perhitungan jam lembur pada 45 karyawan cabang yang berpotensi memicu perselisihan hubungan industrial.,Human Resources,Negative,3,3
824. Terdapat insiden pelanggaran pedoman etika bisnis oleh oknum manajemen yang tidak ditindaklanjuti secara tegas.,Governance,Negative,4,3
825. Perusahaan belum mengimplementasikan penyesuaian regulasi perlindungan data pribadi (UU PDP) secara menyeluruh.,Compliance,Negative,4,2
826. Proyek ekspansi pembukaan 10 cabang baru mengalami penundaan 9 bulan dan pembengkakan anggaran mencapai 40%.,Strategic,Negative,5,4
827. Telah dilakukan evaluasi berkala terhadap laporan arus kas bulanan unit usaha untuk periode kuartal II tahun berjalan.,Financial,Neutral,3,1
828. Penyelesaian tiket keluhan pelanggan berhasil dituntaskan dalam kurun waktu kurang dari 24 jam secara terukur.,Operations,Positive,1,1
829. Sistem pemantauan server berbasis AI secara proaktif mendeteksi dan mengisolasi potensi gangguan performa secara otomatis.,Technology,Positive,2,2
830. Program pelatihan wajib K3 dan *cybersecurity awareness* baru diikuti oleh kurang dari 40% total pegawai perusahaan.,Human Resources,Negative,5,2
831. Terdapat insiden pelanggaran pedoman etika bisnis oleh oknum manajemen yang tidak ditindaklanjuti secara tegas.,Governance,Negative,4,3
832. Terdapat ketidakpatuhan terhadap batas maksimum pemberian kredit (BMPK) pada 2 debitur grup usaha terkait.,Compliance,Negative,5,4
833. Transformasi sistem bisnis inti mengalami kendala integrasi berat yang mengancam pencapaian target jangka panjang.,Strategic,Negative,4,4
834. Dilakukan penyesuaian format penyajian laporan keuangan konsolidasi untuk menyesuaikan standar pelaporan induk perusahaan.,Financial,Neutral,3,2
835. Pengelolaan stok persediaan barang jadi di gudang utama mengalami selisih fisik sejumlah 54.8 unit tanpa catatan penyesuaian.,Operations,Negative,3,3
836. Uji keandalan pemulihan bencana (*DRP drill*) berhasil memulihkan seluruh sistem utama dalam durasi kurang dari 15 menit.,Technology,Positive,2,1
837. Program pelatihan wajib K3 dan *cybersecurity awareness* baru diikuti oleh kurang dari 40% total pegawai perusahaan.,Human Resources,Negative,3,4
838. Telah dilaksanakan pemutakhiran struktur organisasi dan tata kerja pada tingkat direktorat operasional.,Governance,Neutral,3,1
839. Ditemukan 4 kantor cabang pembantu yang beroperasi tanpa kelengkapan perizinan usaha daerah yang valid.,Compliance,Negative,4,3
"840. Strategi peluncuran produk digital baru tidak didukung oleh riset pasar yang memadai, mengakibatkan adopsi pengguna amat rendah.",Strategic,Negative,4,2
"841. Prosedur pencatatan utang usaha terlambat hingga 45 hari, berpotensi menimbulkan klaim penalti vendor dan denda administrasi.",Financial,Negative,5,3
842. Pengelolaan stok persediaan barang jadi di gudang utama mengalami selisih fisik sejumlah 353.1 unit tanpa catatan penyesuaian.,Operations,Negative,4,4
843. Uji keandalan pemulihan bencana (*DRP drill*) berhasil memulihkan seluruh sistem utama dalam durasi kurang dari 15 menit.,Technology,Positive,1,1
844. Proses rekrutmen tidak menjalankan verifikasi latar belakang (*background check*) secara lengkap untuk posisi manajerial kunci.,Human Resources,Negative,4,3
845. Komite audit belum menyelenggarakan rapat berkala kuartalan sesuai ketentuan tata kelola perusahaan yang baik (GCG).,Governance,Negative,5,4
846. Implementasi program edukasi anti-pencucian uang diikuti oleh 100% pegawai unit kerja bisnis dan operasional.,Compliance,Positive,1,3
847. Transformasi budaya digital perusahaan menunjukkan dampak positif pada efisiensi biaya dan kecepatan inovasi.,Strategic,Positive,1,2
848. Telah dilakukan evaluasi berkala terhadap laporan arus kas bulanan unit usaha untuk periode kuartal II tahun berjalan.,Financial,Neutral,3,2
"849. Jadwal pemeliharaan rutin mesin produksi utama terlambat 3 bulan, menyebabkan penurunan kapasitas produksi hingga 25%.",Operations,Negative,4,5
850. Hasil tes penetrasi mengungkapkan 3 kerentanan kritis (SQL Injection & RCE) pada aplikasi e-banking yang belum diperbaiki.,Technology,Negative,4,4
"851. Tingkat perputaran (*turnover*) karyawan pada divisi IT mencapai 32% per tahun, mengganggu kelancaran proyek-proyek strategis.",Human Resources,Negative,3,4
852. Kebijakan penanganan benturan kepentingan (*conflict of interest*) tidak diperbarui dalam 5 tahun terakhir.,Governance,Negative,4,2
853. Perusahaan belum mengimplementasikan penyesuaian regulasi perlindungan data pribadi (UU PDP) secara menyeluruh.,Compliance,Negative,4,2
854. Pencapaian target pendapatan dari segmen bisnis baru melampaui rencana strategis perusahaan hingga 115%.,Strategic,Positive,2,1
855. Prosedur rekonsiliasi keuangan dan kas harian telah berjalan sangat tertib dan sesuai dengan SOP standar manajemen risiko keuangan.,Financial,Positive,1,2
856. Penyelesaian tiket keluhan pelanggan berhasil dituntaskan dalam kurun waktu kurang dari 24 jam secara terukur.,Operations,Positive,1,2
857. Telah dilakukan pemetaan alokasi kapasitas *bandwidth* jaringan internet untuk mendukung kegiatan operasional kantor cabang.,Technology,Neutral,3,1
858. Program pelatihan keselamatan dan kesehatan kerja berhasil mencapai tingkat kelulusan peserta sebesar 98%.,Human Resources,Positive,2,3
859. Penerapan prinsip *Good Corporate Governance* (GCG) meraih penilaian predikat 'Sangat Baik' dari lembaga pemeringkat independen.,Governance,Positive,2,2
860. Terdapat ketidakpatuhan terhadap batas maksimum pemberian kredit (BMPK) pada 2 debitur grup usaha terkait.,Compliance,Negative,4,4
861. Eksekusi rencana investasi teknologi informasi berjalan sesuai anggaran dan tepat waktu (*on time and on budget*).,Strategic,Positive,2,2
862. Laporan piutang ragu-ragu tidak memperhitungkan cadangan kerugian penurunan nilai secara akurat sesuai standar PSAK.,Financial,Negative,4,3
"863. Prosedur penanganan keluhan pelanggan belum memiliki SLA yang jelas, mengakibatkan tingkat kepuasan nasabah turun.",Operations,Negative,5,4
864. Hasil tes penetrasi mengungkapkan 3 kerentanan kritis (SQL Injection & RCE) pada aplikasi e-banking yang belum diperbaiki.,Technology,Negative,4,4
865. Dokumen kontrak kerja bagi 20 karyawan kontrak belum ditandatangani secara sah meskipun masa kerja telah berjalan 3 bulan.,Human Resources,Negative,4,4
866. Komite audit belum menyelenggarakan rapat berkala kuartalan sesuai ketentuan tata kelola perusahaan yang baik (GCG).,Governance,Negative,4,5
867. Pelaporan kewajiban transaksi keuangan mencurigakan (LTKM) ke PPATK mengalami keterlambatan melebihi batas waktu 3 hari.,Compliance,Negative,3,3
868. Laporan pencapaian inisiatif strategis kuartal II dipresentasikan dalam rapat koordinasi pimpinan tingkat atas.,Strategic,Neutral,4,4
869. Prosedur rekonsiliasi keuangan dan kas harian telah berjalan sangat tertib dan sesuai dengan SOP standar manajemen risiko keuangan.,Financial,Positive,1,1
870. Terdapat kecenderungan keterlambatan pengiriman barang ke jaringan distributor hingga melebihi batas toleransi 5 hari.,Operations,Negative,4,2
871. Pembaruan patch keamanan pada seluruh *endpoint* komputer karyawan telah tuntas 100% sesuai kebijakan TI.,Technology,Positive,1,2
872. Program pelatihan wajib K3 dan *cybersecurity awareness* baru diikuti oleh kurang dari 40% total pegawai perusahaan.,Human Resources,Negative,5,2
873. Dilakukan dokumentasi berkala atas matriks kewenangan keputusanjatan di lingkungan jajaran eksekutif.,Governance,Neutral,2,2
874. Seluruh kewajiban pelaporan berkala kepada otoritas keuangan diselesaikan tepat waktu dengan akurasi data yang baik.,Compliance,Positive,1,3
"875. Strategi peluncuran produk digital baru tidak didukung oleh riset pasar yang memadai, mengakibatkan adopsi pengguna amat rendah.",Strategic,Negative,4,4
876. Pengelolaan anggaran belanja operasional cabang berhasil mencapai efisiensi biaya sebesar 12% tanpa mengurangi kualitas layanan.,Financial,Positive,1,1
877. Penerapan standar K3 di area operasional gudang berhasil mempertahankan pencapaian *zero accident* selama 3 tahun berturut-turut.,Operations,Positive,1,1
878. Sistem pemulihan bencana (*Disaster Recovery Plan*) belum pernah diuji cobakan secara menyeluruh dalam 18 bulan terakhir.,Technology,Negative,4,5
879. Manajemen sumber daya manusia merilis kalender kegiatan pelatihan dan pengembangan keterampilan untuk semester depan.,Human Resources,Neutral,4,1
880. Rapat umum pemegang saham telah mengesahkan laporan keuangan audited untuk tahun buku yang lalu.,Governance,Neutral,3,2
881. Terdapat ketidakpatuhan terhadap batas maksimum pemberian kredit (BMPK) pada 2 debitur grup usaha terkait.,Compliance,Negative,5,5
882. Dilakukan evaluasi terhadap indikator pencapaian sasaran strategis tahunan pada masing-masing unit bisnis.,Strategic,Neutral,3,3
883. Ditemukan kelemahan signifikan dalam prosedur otorisasi pembayaran kas besar senilai Rp 544.1 Miliar tanpa persetujuan bertingkat.,Financial,Negative,4,3
884. Penyelesaian tiket keluhan pelanggan berhasil dituntaskan dalam kurun waktu kurang dari 24 jam secara terukur.,Operations,Positive,1,3
885. Ditemukan insiden kebocoran kredensial pengguna akibat lemahnya enkripsi pada lalu lintas data API microservice.,Technology,Negative,4,3
886. Program pengembangan talenta dan *succession planning* berhasil mengisi 85% posisi kepemimpinan dari internal perusahaan.,Human Resources,Positive,1,3
887. Telah dilaksanakan pemutakhiran struktur organisasi dan tata kerja pada tingkat direktorat operasional.,Governance,Neutral,3,3
888. Prosedur *Anti-Money Laundering* (APU-PPT) tidak melakukan pemutakhiran profil risiko nasabah secara berkala.,Compliance,Negative,4,3
889. Pencapaian target pendapatan dari segmen bisnis baru melampaui rencana strategis perusahaan hingga 115%.,Strategic,Positive,1,1
890. Proses audit internal keuangan semesteran menunjukkan kepatuhan penuh terhadap kebijakan pembukuan perusahaan.,Financial,Positive,2,1
891. Terdapat kecenderungan keterlambatan pengiriman barang ke jaringan distributor hingga melebihi batas toleransi 5 hari.,Operations,Negative,5,3
892. Hasil tes penetrasi mengungkapkan 3 kerentanan kritis (SQL Injection & RCE) pada aplikasi e-banking yang belum diperbaiki.,Technology,Negative,4,2
893. Ditemukan ketidaksesuaian perhitungan jam lembur pada 45 karyawan cabang yang berpotensi memicu perselisihan hubungan industrial.,Human Resources,Negative,4,4
894. Penerapan prinsip *Good Corporate Governance* (GCG) meraih penilaian predikat 'Sangat Baik' dari lembaga pemeringkat independen.,Governance,Positive,1,1
895. Ditemukan 4 kantor cabang pembantu yang beroperasi tanpa kelengkapan perizinan usaha daerah yang valid.,Compliance,Negative,4,4
896. Proyek ekspansi pembukaan 10 cabang baru mengalami penundaan 9 bulan dan pembengkakan anggaran mencapai 40%.,Strategic,Negative,3,3
897. Verifikasi dokumen pembayaran kas besar telah menerapkan otorisasi bertingkat yang transparan dan terdokumentasi dengan baik.,Financial,Positive,1,3
898. Pengelolaan stok persediaan barang jadi di gudang utama mengalami selisih fisik sejumlah 790.3 unit tanpa catatan penyesuaian.,Operations,Negative,4,3
899. Pembaruan patch keamanan pada seluruh *endpoint* komputer karyawan telah tuntas 100% sesuai kebijakan TI.,Technology,Positive,1,3
900. Program pengembangan talenta dan *succession planning* berhasil mengisi 85% posisi kepemimpinan dari internal perusahaan.,Human Resources,Positive,2,2
901. Terdapat insiden pelanggaran pedoman etika bisnis oleh oknum manajemen yang tidak ditindaklanjuti secara tegas.,Governance,Negative,4,4
902. Perusahaan belum mengimplementasikan penyesuaian regulasi perlindungan data pribadi (UU PDP) secara menyeluruh.,Compliance,Negative,4,2
903. Kerjasama strategis dengan jaringan ritel nasional berhasil memperluas pangsa pasar produk perusahaan secara signifikan.,Strategic,Positive,2,3
904. Tim audit mencatat implementasi modul akuntansi baru pada sistem ERP utama yang mulai berlaku efektif sejak bulan lalu.,Financial,Neutral,2,2
"905. Tingkat ketepatan pengiriman barang kepada pelanggan mencapai 99.2% sepanjang semester I, melebihi target KPI yang ditetapkan.",Operations,Positive,2,2
906. Pembaruan patch keamanan pada seluruh *endpoint* komputer karyawan telah tuntas 100% sesuai kebijakan TI.,Technology,Positive,1,2
"907. Tingkat perputaran (*turnover*) karyawan pada divisi IT mencapai 32% per tahun, mengganggu kelancaran proyek-proyek strategis.",Human Resources,Negative,3,2
908. Dewan Komisaris dan Direksi secara konsisten menyelenggarakan rapat evaluasi kinerja strategis setiap bulan.,Governance,Positive,2,2
909. Terdapat ketidakpatuhan terhadap batas maksimum pemberian kredit (BMPK) pada 2 debitur grup usaha terkait.,Compliance,Negative,3,4
910. Kemitraan strategis dengan penyedia teknologi utama dihentikan sepihak karena ketidakmampuan mencapai target kerjasama.,Strategic,Negative,4,4
911. Terdapat selisih kas fisik sebesar Rp 124.8 Juta pada rekonsiliasi bank bulanan yang belum dapat dijelaskan oleh tim akuntansi.,Financial,Negative,4,2
"912. Sistem manajemen rantai pasok belum terintegrasi dengan vendor utama, memicu akumulasi *bottleneck* persediaan.",Operations,Negative,4,3
913. Prosedur *backup* basis data server utama tidak berhasil dijalankan secara penuh selama 2 minggu berturut-turut.,Technology,Negative,4,4
914. Ditemukan ketidaksesuaian perhitungan jam lembur pada 45 karyawan cabang yang berpotensi memicu perselisihan hubungan industrial.,Human Resources,Negative,4,3
915. Telah dilaksanakan pemutakhiran struktur organisasi dan tata kerja pada tingkat direktorat operasional.,Governance,Neutral,2,2
916. Pelaporan kewajiban transaksi keuangan mencurigakan (LTKM) ke PPATK mengalami keterlambatan melebihi batas waktu 3 hari.,Compliance,Negative,4,4
917. Rencana diversifikasi portofolio investasi mengalami kerugian akibat lemahnya analisis mitigasi risiko pasar.,Strategic,Negative,4,4
918. Laporan piutang ragu-ragu tidak memperhitungkan cadangan kerugian penurunan nilai secara akurat sesuai standar PSAK.,Financial,Negative,4,3
919. Terdapat kecenderungan keterlambatan pengiriman barang ke jaringan distributor hingga melebihi batas toleransi 5 hari.,Operations,Negative,3,5
920. Prosedur *backup* basis data server utama tidak berhasil dijalankan secara penuh selama 2 minggu berturut-turut.,Technology,Negative,5,3
921. Dokumen kontrak kerja bagi 20 karyawan kontrak belum ditandatangani secara sah meskipun masa kerja telah berjalan 3 bulan.,Human Resources,Negative,3,4
922. Kebijakan penanganan benturan kepentingan (*conflict of interest*) tidak diperbarui dalam 5 tahun terakhir.,Governance,Negative,4,5
923. Perusahaan belum mengimplementasikan penyesuaian regulasi perlindungan data pribadi (UU PDP) secara menyeluruh.,Compliance,Negative,4,4
"924. Strategi peluncuran produk digital baru tidak didukung oleh riset pasar yang memadai, mengakibatkan adopsi pengguna amat rendah.",Strategic,Negative,5,3
"925. Prosedur pencatatan utang usaha terlambat hingga 45 hari, berpotensi menimbulkan klaim penalti vendor dan denda administrasi.",Financial,Negative,4,2
926. Terdapat kecenderungan keterlambatan pengiriman barang ke jaringan distributor hingga melebihi batas toleransi 5 hari.,Operations,Negative,4,4
927. Laporan pemantauan statistik penggunaan pemrosesan CPU server utama mencatat rata-rata beban kerja sebesar 45%.,Technology,Neutral,2,4
928. Manajemen sumber daya manusia merilis kalender kegiatan pelatihan dan pengembangan keterampilan untuk semester depan.,Human Resources,Neutral,3,2
929. Struktur komite pendukung tata kelola telah berfungsi efektif dalam memberikan rekomendasi independen bagi manajemen.,Governance,Positive,1,1
930. Terdapat ketidakpatuhan terhadap batas maksimum pemberian kredit (BMPK) pada 2 debitur grup usaha terkait.,Compliance,Negative,3,3
931. Kemitraan strategis dengan penyedia teknologi utama dihentikan sepihak karena ketidakmampuan mencapai target kerjasama.,Strategic,Negative,4,3
"932. Prosedur pencatatan utang usaha terlambat hingga 45 hari, berpotensi menimbulkan klaim penalti vendor dan denda administrasi.",Financial,Negative,4,4
"933. Prosedur penanganan keluhan pelanggan belum memiliki SLA yang jelas, mengakibatkan tingkat kepuasan nasabah turun.",Operations,Negative,4,4
934. Prosedur *backup* basis data server utama tidak berhasil dijalankan secara penuh selama 2 minggu berturut-turut.,Technology,Negative,3,4
935. Dokumen kontrak kerja bagi 20 karyawan kontrak belum ditandatangani secara sah meskipun masa kerja telah berjalan 3 bulan.,Human Resources,Negative,5,4
936. Seluruh jajaran manajemen dan pegawai telah menandatangani pakta integritas dan komitmen anti-korupsi secara berkala.,Governance,Positive,1,3
937. Prosedur *Anti-Money Laundering* (APU-PPT) tidak melakukan pemutakhiran profil risiko nasabah secara berkala.,Compliance,Negative,4,2
938. Proyek ekspansi pembukaan 10 cabang baru mengalami penundaan 9 bulan dan pembengkakan anggaran mencapai 40%.,Strategic,Negative,3,3
"939. Prosedur pencatatan utang usaha terlambat hingga 45 hari, berpotensi menimbulkan klaim penalti vendor dan denda administrasi.",Financial,Negative,4,2
940. Proses pemeliharaan berkala fasilitas pabrik berjalan tepat waktu dan meningkatkan efisiensi penggunaan bahan bakar hingga 8%.,Operations,Positive,1,1
941. Implementasi arsitektur keamanan *Zero Trust* pada jaringan internal berhasil menggagalkan 100% ancaman *cyber attack* external.,Technology,Positive,2,2
942. Telah dilaksanakan pemutakhiran data mandiri karyawan pada portal *employee self-service* untuk pembaruan alamat.,Human Resources,Neutral,4,2
943. Komite audit belum menyelenggarakan rapat berkala kuartalan sesuai ketentuan tata kelola perusahaan yang baik (GCG).,Governance,Negative,3,3
944. Perusahaan belum mengimplementasikan penyesuaian regulasi perlindungan data pribadi (UU PDP) secara menyeluruh.,Compliance,Negative,4,4
945. Proyek ekspansi pembukaan 10 cabang baru mengalami penundaan 9 bulan dan pembengkakan anggaran mencapai 40%.,Strategic,Negative,3,3
946. Verifikasi dokumen pembayaran kas besar telah menerapkan otorisasi bertingkat yang transparan dan terdokumentasi dengan baik.,Financial,Positive,1,1
947. Sistem pelacakan persediaan berbasis *barcode* beroperasi optimal dan memangkas durasi *stock opname* hingga 50%.,Operations,Positive,2,2
948. Laporan pemantauan statistik penggunaan pemrosesan CPU server utama mencatat rata-rata beban kerja sebesar 45%.,Technology,Neutral,3,3
949. Telah dilaksanakan pemutakhiran data mandiri karyawan pada portal *employee self-service* untuk pembaruan alamat.,Human Resources,Neutral,2,3
950. Komite audit belum menyelenggarakan rapat berkala kuartalan sesuai ketentuan tata kelola perusahaan yang baik (GCG).,Governance,Negative,3,3
951. Pemeriksaan berkala atas tingkat kepatuhan pelaksanaan prosedur operasional standar diselesaikan sesuai rencana kerja.,Compliance,Neutral,4,1
952. Rencana diversifikasi portofolio investasi mengalami kerugian akibat lemahnya analisis mitigasi risiko pasar.,Strategic,Negative,4,4
953. Tim audit mencatat implementasi modul akuntansi baru pada sistem ERP utama yang mulai berlaku efektif sejak bulan lalu.,Financial,Neutral,4,2
954. Pihak pengelola gudang sedang melakukan penataan ulang tata letak rak barang untuk mengoptimalkan ruang penyimpanan.,Operations,Neutral,3,3
955. Tim IT telah menyelesaikan pemutakhiran versi perangkat lunak server web ke versi stabil terbaru.,Technology,Neutral,3,1
"956. Tingkat perputaran (*turnover*) karyawan pada divisi IT mencapai 32% per tahun, mengganggu kelancaran proyek-proyek strategis.",Human Resources,Negative,4,3
957. Dewan Komisaris dan Direksi secara konsisten menyelenggarakan rapat evaluasi kinerja strategis setiap bulan.,Governance,Positive,1,1
958. Seluruh kewajiban pelaporan berkala kepada otoritas keuangan diselesaikan tepat waktu dengan akurasi data yang baik.,Compliance,Positive,1,3
959. Manajemen strategis menyelenggarakan lokakarya peninjauan ulang rencana jangka panjang perusahaan (RJPP).,Strategic,Neutral,3,3
960. Telah dilakukan evaluasi berkala terhadap laporan arus kas bulanan unit usaha untuk periode kuartal II tahun berjalan.,Financial,Neutral,3,1
961. Telah dilaksanakan simulasi tanggap darurat keselamatan kerja di area pabrik bersama tim K3 internal.,Operations,Neutral,3,3
962. Pemeriksaan berkala atas daftar inventaris lisensi perangkat lunak perusahaan telah dilaksanakan sesuai jadwal.,Technology,Neutral,4,3
963. Proses rekrutmen tidak menjalankan verifikasi latar belakang (*background check*) secara lengkap untuk posisi manajerial kunci.,Human Resources,Negative,4,3
964. Kebijakan *whistleblowing system* dikelola secara independen oleh pihak ketiga dan menjamin perlindungan pelapor 100%.,Governance,Positive,1,1
965. Pemeriksaan berkala atas tingkat kepatuhan pelaksanaan prosedur operasional standar diselesaikan sesuai rencana kerja.,Compliance,Neutral,4,2
966. Kerjasama strategis dengan jaringan ritel nasional berhasil memperluas pangsa pasar produk perusahaan secara signifikan.,Strategic,Positive,2,1
967. Telah dilakukan evaluasi berkala terhadap laporan arus kas bulanan unit usaha untuk periode kuartal II tahun berjalan.,Financial,Neutral,3,1
968. Penerapan standar K3 di area operasional gudang berhasil mempertahankan pencapaian *zero accident* selama 3 tahun berturut-turut.,Operations,Positive,1,1
969. Pembaruan patch keamanan pada seluruh *endpoint* komputer karyawan telah tuntas 100% sesuai kebijakan TI.,Technology,Positive,1,1
970. Telah dilaksanakan pemutakhiran data mandiri karyawan pada portal *employee self-service* untuk pembaruan alamat.,Human Resources,Neutral,2,3
971. Penerapan prinsip *Good Corporate Governance* (GCG) meraih penilaian predikat 'Sangat Baik' dari lembaga pemeringkat independen.,Governance,Positive,2,2
972. Seluruh kewajiban pelaporan berkala kepada otoritas keuangan diselesaikan tepat waktu dengan akurasi data yang baik.,Compliance,Positive,2,2
973. Proyek ekspansi pembukaan 10 cabang baru mengalami penundaan 9 bulan dan pembengkakan anggaran mencapai 40%.,Strategic,Negative,3,4
974. Terdapat selisih kas fisik sebesar Rp 47.3 Juta pada rekonsiliasi bank bulanan yang belum dapat dijelaskan oleh tim akuntansi.,Financial,Negative,5,4
975. Penerapan standar K3 di area operasional gudang berhasil mempertahankan pencapaian *zero accident* selama 3 tahun berturut-turut.,Operations,Positive,2,1
976. Pemeriksaan berkala atas daftar inventaris lisensi perangkat lunak perusahaan telah dilaksanakan sesuai jadwal.,Technology,Neutral,2,2
977. Laporan rasio kecukupan tenaga kerja pada unit bisnis operasional mencatat kondisi pemenuhan yang stabil.,Human Resources,Neutral,2,1
978. Terdapat insiden pelanggaran pedoman etika bisnis oleh oknum manajemen yang tidak ditindaklanjuti secara tegas.,Governance,Negative,3,3
979. Terdapat ketidakpatuhan terhadap batas maksimum pemberian kredit (BMPK) pada 2 debitur grup usaha terkait.,Compliance,Negative,4,3
980. Rencana diversifikasi portofolio investasi mengalami kerugian akibat lemahnya analisis mitigasi risiko pasar.,Strategic,Negative,5,5
981. Pengelolaan anggaran belanja operasional cabang berhasil mencapai efisiensi biaya sebesar 12% tanpa mengurangi kualitas layanan.,Financial,Positive,1,2
"982. Tingkat ketepatan pengiriman barang kepada pelanggan mencapai 99.2% sepanjang semester I, melebihi target KPI yang ditetapkan.",Operations,Positive,1,2
"983. Akses akun administrator sistem inti tidak menerapkan otentikasi ganda (2FA), berisiko tinggi terhadap akses tidak sah.",Technology,Negative,4,3
"984. Tingkat perputaran (*turnover*) karyawan pada divisi IT mencapai 32% per tahun, mengganggu kelancaran proyek-proyek strategis.",Human Resources,Negative,4,3
985. Dilakukan dokumentasi berkala atas matriks kewenangan keputusanjatan di lingkungan jajaran eksekutif.,Governance,Neutral,2,3
986. Tim *compliance* telah menyelesaikan inventarisasi ketentuan dan peraturan perundang-undangan terbaru yang relevan.,Compliance,Neutral,3,1
987. Kemitraan strategis dengan penyedia teknologi utama dihentikan sepihak karena ketidakmampuan mencapai target kerjasama.,Strategic,Negative,5,2
988. Terdapat selisih kas fisik sebesar Rp 52.5 Juta pada rekonsiliasi bank bulanan yang belum dapat dijelaskan oleh tim akuntansi.,Financial,Negative,3,2
989. Pengelolaan stok persediaan barang jadi di gudang utama mengalami selisih fisik sejumlah 367.2 unit tanpa catatan penyesuaian.,Operations,Negative,5,4
990. Tim IT telah menyelesaikan pemutakhiran versi perangkat lunak server web ke versi stabil terbaru.,Technology,Neutral,4,1
991. Telah dilaksanakan pemutakhiran data mandiri karyawan pada portal *employee self-service* untuk pembaruan alamat.,Human Resources,Neutral,4,2
992. Dewan Komisaris dan Direksi secara konsisten menyelenggarakan rapat evaluasi kinerja strategis setiap bulan.,Governance,Positive,2,2
993. Terdapat ketidakpatuhan terhadap batas maksimum pemberian kredit (BMPK) pada 2 debitur grup usaha terkait.,Compliance,Negative,5,3
994. Laporan pencapaian inisiatif strategis kuartal II dipresentasikan dalam rapat koordinasi pimpinan tingkat atas.,Strategic,Neutral,4,1
995. Telah dilakukan evaluasi berkala terhadap laporan arus kas bulanan unit usaha untuk periode kuartal II tahun berjalan.,Financial,Neutral,3,1
"996. Jadwal pemeliharaan rutin mesin produksi utama terlambat 3 bulan, menyebabkan penurunan kapasitas produksi hingga 25%.",Operations,Negative,4,3
997. Manajemen TI mempublikasikan dokumen pedoman penggunaan aset komputer dan perangkat keras bagi pegawai baru.,Technology,Neutral,3,2
998. Telah dilaksanakan pemutakhiran data mandiri karyawan pada portal *employee self-service* untuk pembaruan alamat.,Human Resources,Neutral,2,2
999. Dokumen risalah rapat Direksi dan Dewan Komisaris tidak terdokumentasi secara rapi dan sulit diakses saat audit.,Governance,Negative,3,2
1000. Pemeriksaan berkala atas tingkat kepatuhan pelaksanaan prosedur operasional standar diselesaikan sesuai rencana kerja.,Compliance,Neutral,4,1
1001. Proyek ekspansi pembukaan 10 cabang baru mengalami penundaan 9 bulan dan pembengkakan anggaran mencapai 40%.,Strategic,Negative,5,3
1002. Tim audit mencatat implementasi modul akuntansi baru pada sistem ERP utama yang mulai berlaku efektif sejak bulan lalu.,Financial,Neutral,3,4
1003. Pemeriksaan rutin terhadap alur proses distribusi barang antar gudang cabang telah diselesaikan sesuai jadwal kerja audit.,Operations,Neutral,4,2
1004. Proses migrasi server basis data ke infrastruktur *cloud* berjalan lancar tanpa mengalami *downtime* operasional.,Technology,Positive,1,2
1005. Ditemukan ketidaksesuaian perhitungan jam lembur pada 45 karyawan cabang yang berpotensi memicu perselisihan hubungan industrial.,Human Resources,Negative,3,3
1006. Telah dilaksanakan pemutakhiran struktur organisasi dan tata kerja pada tingkat direktorat operasional.,Governance,Neutral,2,2
1007. Perusahaan belum mengimplementasikan penyesuaian regulasi perlindungan data pribadi (UU PDP) secara menyeluruh.,Compliance,Negative,3,5
1008. Transformasi sistem bisnis inti mengalami kendala integrasi berat yang mengancam pencapaian target jangka panjang.,Strategic,Negative,5,4
1009. Laporan posisi kas harian telah disampaikan kepada jajaran direksi keuangan secara rutin sesuai jadwal operasional.,Financial,Neutral,2,3
"1010. Sistem manajemen rantai pasok belum terintegrasi dengan vendor utama, memicu akumulasi *bottleneck* persediaan.",Operations,Negative,4,3
1011. Hasil tes penetrasi mengungkapkan 3 kerentanan kritis (SQL Injection & RCE) pada aplikasi e-banking yang belum diperbaiki.,Technology,Negative,5,4
1012. Pelaksanaan evaluasi kinerja berkala (KPI review) telah dilakukan 100% tepat waktu dengan umpan balik transparan.,Human Resources,Positive,1,1
1013. Dewan Komisaris dan Direksi secara konsisten menyelenggarakan rapat evaluasi kinerja strategis setiap bulan.,Governance,Positive,1,2
1014. Pelaporan kewajiban transaksi keuangan mencurigakan (LTKM) ke PPATK mengalami keterlambatan melebihi batas waktu 3 hari.,Compliance,Negative,5,4
1015. Eksekusi rencana investasi teknologi informasi berjalan sesuai anggaran dan tepat waktu (*on time and on budget*).,Strategic,Positive,2,1
1016. Telah dilakukan evaluasi berkala terhadap laporan arus kas bulanan unit usaha untuk periode kuartal II tahun berjalan.,Financial,Neutral,3,2
1017. Pengelolaan stok persediaan barang jadi di gudang utama mengalami selisih fisik sejumlah 708.1 unit tanpa catatan penyesuaian.,Operations,Negative,4,4
1018. Prosedur *backup* basis data server utama tidak berhasil dijalankan secara penuh selama 2 minggu berturut-turut.,Technology,Negative,3,4
"1019. Tingkat perputaran (*turnover*) karyawan pada divisi IT mencapai 32% per tahun, mengganggu kelancaran proyek-proyek strategis.",Human Resources,Negative,3,3
1020. Terdapat insiden pelanggaran pedoman etika bisnis oleh oknum manajemen yang tidak ditindaklanjuti secara tegas.,Governance,Negative,4,3
1021. Dilakukan evaluasi rutin terhadap kelengkapan berkas perizinan operasional di seluruh unit kerja perusahaan.,Compliance,Neutral,2,4
1022. Kemitraan strategis dengan penyedia teknologi utama dihentikan sepihak karena ketidakmampuan mencapai target kerjasama.,Strategic,Negative,4,3
1023. Ditemukan kelemahan signifikan dalam prosedur otorisasi pembayaran kas besar senilai Rp 164.4 Miliar tanpa persetujuan bertingkat.,Financial,Negative,3,5
"1024. Jadwal pemeliharaan rutin mesin produksi utama terlambat 3 bulan, menyebabkan penurunan kapasitas produksi hingga 25%.",Operations,Negative,3,2
1025. Pembaruan patch keamanan pada seluruh *endpoint* komputer karyawan telah tuntas 100% sesuai kebijakan TI.,Technology,Positive,1,1
1026. Ditemukan ketidaksesuaian perhitungan jam lembur pada 45 karyawan cabang yang berpotensi memicu perselisihan hubungan industrial.,Human Resources,Negative,4,4
1027. Komite audit belum menyelenggarakan rapat berkala kuartalan sesuai ketentuan tata kelola perusahaan yang baik (GCG).,Governance,Negative,4,3
1028. Tim *compliance* telah menyelesaikan inventarisasi ketentuan dan peraturan perundang-undangan terbaru yang relevan.,Compliance,Neutral,3,2
1029. Pencapaian target pendapatan dari segmen bisnis baru melampaui rencana strategis perusahaan hingga 115%.,Strategic,Positive,1,2
1030. Dilakukan penyesuaian format penyajian laporan keuangan konsolidasi untuk menyesuaikan standar pelaporan induk perusahaan.,Financial,Neutral,4,2
1031. Pengelolaan stok persediaan barang jadi di gudang utama mengalami selisih fisik sejumlah 59.4 unit tanpa catatan penyesuaian.,Operations,Negative,4,4
1032. Sistem pemulihan bencana (*Disaster Recovery Plan*) belum pernah diuji cobakan secara menyeluruh dalam 18 bulan terakhir.,Technology,Negative,5,4
"1033. Tingkat perputaran (*turnover*) karyawan pada divisi IT mencapai 32% per tahun, mengganggu kelancaran proyek-proyek strategis.",Human Resources,Negative,4,3
1034. Dilakukan dokumentasi berkala atas matriks kewenangan keputusanjatan di lingkungan jajaran eksekutif.,Governance,Neutral,3,3
1035. Perusahaan belum mengimplementasikan penyesuaian regulasi perlindungan data pribadi (UU PDP) secara menyeluruh.,Compliance,Negative,5,3
"1036. Strategi peluncuran produk digital baru tidak didukung oleh riset pasar yang memadai, mengakibatkan adopsi pengguna amat rendah.",Strategic,Negative,4,2
1037. Terjadi pencatatan ganda atas klaim pengeluaran operasional cabang senilai Rp 534.0 Juta karena tidak adanya validasi sistemic.,Financial,Negative,5,4
"1038. Prosedur penanganan keluhan pelanggan belum memiliki SLA yang jelas, mengakibatkan tingkat kepuasan nasabah turun.",Operations,Negative,4,4
1039. Laporan pemantauan statistik penggunaan pemrosesan CPU server utama mencatat rata-rata beban kerja sebesar 45%.,Technology,Neutral,3,1
1040. Telah dilaksanakan pemutakhiran data mandiri karyawan pada portal *employee self-service* untuk pembaruan alamat.,Human Resources,Neutral,4,2
1041. Dokumen risalah rapat Direksi dan Dewan Komisaris tidak terdokumentasi secara rapi dan sulit diakses saat audit.,Governance,Negative,5,2
1042. Manajemen menyelenggarakan sesi sosialisasi aturan regulasi baru yang diterbitkan oleh instansi pembina sektor usaha.,Compliance,Neutral,2,3
1043. Transformasi budaya digital perusahaan menunjukkan dampak positif pada efisiensi biaya dan kecepatan inovasi.,Strategic,Positive,2,1
1044. Terjadi pencatatan ganda atas klaim pengeluaran operasional cabang senilai Rp 600.9 Juta karena tidak adanya validasi sistemic.,Financial,Negative,5,4
1045. Pihak pengelola gudang sedang melakukan penataan ulang tata letak rak barang untuk mengoptimalkan ruang penyimpanan.,Operations,Neutral,4,3
1046. Manajemen TI mempublikasikan dokumen pedoman penggunaan aset komputer dan perangkat keras bagi pegawai baru.,Technology,Neutral,3,3
1047. Ditemukan ketidaksesuaian perhitungan jam lembur pada 45 karyawan cabang yang berpotensi memicu perselisihan hubungan industrial.,Human Resources,Negative,4,4
1048. Seluruh jajaran manajemen dan pegawai telah menandatangani pakta integritas dan komitmen anti-korupsi secara berkala.,Governance,Positive,2,2
1049. Seluruh kewajiban pelaporan berkala kepada otoritas keuangan diselesaikan tepat waktu dengan akurasi data yang baik.,Compliance,Positive,2,2
1050. Kemitraan strategis dengan penyedia teknologi utama dihentikan sepihak karena ketidakmampuan mencapai target kerjasama.,Strategic,Negative,3,3
1051. Terdapat selisih kas fisik sebesar Rp 274.2 Juta pada rekonsiliasi bank bulanan yang belum dapat dijelaskan oleh tim akuntansi.,Financial,Negative,4,3
1052. Laporan kinerja operasional bulanan menunjukkan volume output produksi yang stabil dibandingkan periode sebelumnya.,Operations,Neutral,3,3
1053. Ditemukan insiden kebocoran kredensial pengguna akibat lemahnya enkripsi pada lalu lintas data API microservice.,Technology,Negative,3,2
1054. Tim HRD menyampaikan laporan rekapitulasi data keikutsertaan karyawan dalam program asuransi kesehatan tahunan.,Human Resources,Neutral,3,1
1055. Prosedur pengungkapan informasi transaksi pihak berelasi tidak memenuhi standar keterbukaan informasi yang dipersyaratkan.,Governance,Negative,3,2
1056. Seluruh kewajiban pelaporan berkala kepada otoritas keuangan diselesaikan tepat waktu dengan akurasi data yang baik.,Compliance,Positive,2,2
1057. Pencapaian target pendapatan dari segmen bisnis baru melampaui rencana strategis perusahaan hingga 115%.,Strategic,Positive,1,1
1058. Tim audit mencatat implementasi modul akuntansi baru pada sistem ERP utama yang mulai berlaku efektif sejak bulan lalu.,Financial,Neutral,3,3
1059. Pengelolaan stok persediaan barang jadi di gudang utama mengalami selisih fisik sejumlah 378.3 unit tanpa catatan penyesuaian.,Operations,Negative,5,3
1060. Ditemukan insiden kebocoran kredensial pengguna akibat lemahnya enkripsi pada lalu lintas data API microservice.,Technology,Negative,4,5
"1061. Tingkat perputaran (*turnover*) karyawan pada divisi IT mencapai 32% per tahun, mengganggu kelancaran proyek-proyek strategis.",Human Resources,Negative,4,5
1062. Kebijakan penanganan benturan kepentingan (*conflict of interest*) tidak diperbarui dalam 5 tahun terakhir.,Governance,Negative,4,2
1063. Perusahaan belum mengimplementasikan penyesuaian regulasi perlindungan data pribadi (UU PDP) secara menyeluruh.,Compliance,Negative,5,5
1064. Pencapaian target pendapatan dari segmen bisnis baru melampaui rencana strategis perusahaan hingga 115%.,Strategic,Positive,2,1
1065. Proses audit internal keuangan semesteran menunjukkan kepatuhan penuh terhadap kebijakan pembukuan perusahaan.,Financial,Positive,1,1
1066. Terdapat kecenderungan keterlambatan pengiriman barang ke jaringan distributor hingga melebihi batas toleransi 5 hari.,Operations,Negative,3,3
1067. Pemeriksaan berkala atas daftar inventaris lisensi perangkat lunak perusahaan telah dilaksanakan sesuai jadwal.,Technology,Neutral,2,2
1068. Ditemukan ketidaksesuaian perhitungan jam lembur pada 45 karyawan cabang yang berpotensi memicu perselisihan hubungan industrial.,Human Resources,Negative,5,5
1069. Dewan Komisaris dan Direksi secara konsisten menyelenggarakan rapat evaluasi kinerja strategis setiap bulan.,Governance,Positive,2,1
1070. Sistem pemantauan kepatuhan regulasi secara proaktif menyesuaikan seluruh prosedur internal dengan aturan OJK terbaru.,Compliance,Positive,1,1
1071. Pencapaian target pendapatan dari segmen bisnis baru melampaui rencana strategis perusahaan hingga 115%.,Strategic,Positive,2,2
1072. Manajemen telah memfinalisasi pemutakhiran bagan akun standar (chart of accounts) untuk seluruh cabang operasional.,Financial,Neutral,3,3
1073. Terdapat kecenderungan keterlambatan pengiriman barang ke jaringan distributor hingga melebihi batas toleransi 5 hari.,Operations,Negative,4,3
1074. Tim IT telah menyelesaikan pemutakhiran versi perangkat lunak server web ke versi stabil terbaru.,Technology,Neutral,3,4
1075. Proses administrasi pengajuan cuti tahunan pegawai berjalan sesuai regulasi internal yang berlaku.,Human Resources,Neutral,2,4
1076. Dokumen risalah rapat Direksi dan Dewan Komisaris tidak terdokumentasi secara rapi dan sulit diakses saat audit.,Governance,Negative,5,3
1077. Prosedur mitigasi risiko hukum berhasil menyelesaikan seluruh potensi klaim sengketa secara damai.,Compliance,Positive,1,1
1078. Proyek ekspansi pembukaan 10 cabang baru mengalami penundaan 9 bulan dan pembengkakan anggaran mencapai 40%.,Strategic,Negative,4,5
"1079. Prosedur pencatatan utang usaha terlambat hingga 45 hari, berpotensi menimbulkan klaim penalti vendor dan denda administrasi.",Financial,Negative,5,4
1080. Manajemen operasional menyampaikan pemutakhiran panduan prosedur standar operasional (SOP) distribusi logistik.,Operations,Neutral,4,2
1081. Hasil tes penetrasi mengungkapkan 3 kerentanan kritis (SQL Injection & RCE) pada aplikasi e-banking yang belum diperbaiki.,Technology,Negative,5,3
1082. Proses administrasi pengajuan cuti tahunan pegawai berjalan sesuai regulasi internal yang berlaku.,Human Resources,Neutral,2,1
1083. Sekretariat perusahaan menyampaikan laporan tahunan pelaksanaan kegiatan tata kelola kepada otoritas terkait.,Governance,Neutral,3,2
1084. Terdapat ketidakpatuhan terhadap batas maksimum pemberian kredit (BMPK) pada 2 debitur grup usaha terkait.,Compliance,Negative,5,3
1085. Manajemen strategis menyelenggarakan lokakarya peninjauan ulang rencana jangka panjang perusahaan (RJPP).,Strategic,Neutral,3,2
1086. Proses audit internal keuangan semesteran menunjukkan kepatuhan penuh terhadap kebijakan pembukuan perusahaan.,Financial,Positive,1,3
1087. Pengelolaan stok persediaan barang jadi di gudang utama mengalami selisih fisik sejumlah 384.7 unit tanpa catatan penyesuaian.,Operations,Negative,3,3
"1088. Akses akun administrator sistem inti tidak menerapkan otentikasi ganda (2FA), berisiko tinggi terhadap akses tidak sah.",Technology,Negative,4,4
1089. Program pelatihan wajib K3 dan *cybersecurity awareness* baru diikuti oleh kurang dari 40% total pegawai perusahaan.,Human Resources,Negative,4,4
1090. Dokumen risalah rapat Direksi dan Dewan Komisaris tidak terdokumentasi secara rapi dan sulit diakses saat audit.,Governance,Negative,5,3
1091. Pelaporan kewajiban transaksi keuangan mencurigakan (LTKM) ke PPATK mengalami keterlambatan melebihi batas waktu 3 hari.,Compliance,Negative,5,3
1092. Transformasi sistem bisnis inti mengalami kendala integrasi berat yang mengancam pencapaian target jangka panjang.,Strategic,Negative,5,4
1093. Tim audit mencatat implementasi modul akuntansi baru pada sistem ERP utama yang mulai berlaku efektif sejak bulan lalu.,Financial,Neutral,2,2
1094. Terdapat kecenderungan keterlambatan pengiriman barang ke jaringan distributor hingga melebihi batas toleransi 5 hari.,Operations,Negative,5,4
1095. Sistem pemulihan bencana (*Disaster Recovery Plan*) belum pernah diuji cobakan secara menyeluruh dalam 18 bulan terakhir.,Technology,Negative,4,4
1096. Manajemen sumber daya manusia merilis kalender kegiatan pelatihan dan pengembangan keterampilan untuk semester depan.,Human Resources,Neutral,2,1
1097. Prosedur pengungkapan informasi transaksi pihak berelasi tidak memenuhi standar keterbukaan informasi yang dipersyaratkan.,Governance,Negative,4,2
1098. Ditemukan 4 kantor cabang pembantu yang beroperasi tanpa kelengkapan perizinan usaha daerah yang valid.,Compliance,Negative,4,5
1099. Rencana diversifikasi portofolio investasi mengalami kerugian akibat lemahnya analisis mitigasi risiko pasar.,Strategic,Negative,4,3
"1100. Prosedur pencatatan utang usaha terlambat hingga 45 hari, berpotensi menimbulkan klaim penalti vendor dan denda administrasi.",Financial,Negative,3,5
1101. Penyelesaian tiket keluhan pelanggan berhasil dituntaskan dalam kurun waktu kurang dari 24 jam secara terukur.,Operations,Positive,1,1
1102. Sistem pemulihan bencana (*Disaster Recovery Plan*) belum pernah diuji cobakan secara menyeluruh dalam 18 bulan terakhir.,Technology,Negative,4,2
1103. Tim HRD menyampaikan laporan rekapitulasi data keikutsertaan karyawan dalam program asuransi kesehatan tahunan.,Human Resources,Neutral,3,2
1104. Rapat umum pemegang saham telah mengesahkan laporan keuangan audited untuk tahun buku yang lalu.,Governance,Neutral,3,3
1105. Telah disampaikan laporan pemantauan kepatuhan triwulanan kepada Direktur Kepatuhan dan Komite Risiko.,Compliance,Neutral,4,1
1106. Tim perencanaan bisnis menyusun studi kelayakan awal untuk rencana pengembangan area operasional baru.,Strategic,Neutral,2,4
1107. Terdapat selisih kas fisik sebesar Rp 266.2 Juta pada rekonsiliasi bank bulanan yang belum dapat dijelaskan oleh tim akuntansi.,Financial,Negative,5,4
1108. Penyelesaian tiket keluhan pelanggan berhasil dituntaskan dalam kurun waktu kurang dari 24 jam secara terukur.,Operations,Positive,1,1
1109. Ditemukan insiden kebocoran kredensial pengguna akibat lemahnya enkripsi pada lalu lintas data API microservice.,Technology,Negative,4,3
1110. Dokumen kontrak kerja bagi 20 karyawan kontrak belum ditandatangani secara sah meskipun masa kerja telah berjalan 3 bulan.,Human Resources,Negative,5,3
1111. Komite audit belum menyelenggarakan rapat berkala kuartalan sesuai ketentuan tata kelola perusahaan yang baik (GCG).,Governance,Negative,3,4
1112. Telah disampaikan laporan pemantauan kepatuhan triwulanan kepada Direktur Kepatuhan dan Komite Risiko.,Compliance,Neutral,3,1
1113. Transformasi sistem bisnis inti mengalami kendala integrasi berat yang mengancam pencapaian target jangka panjang.,Strategic,Negative,4,5
1114. Telah dilakukan evaluasi berkala terhadap laporan arus kas bulanan unit usaha untuk periode kuartal II tahun berjalan.,Financial,Neutral,2,1
1115. Terdapat kecenderungan keterlambatan pengiriman barang ke jaringan distributor hingga melebihi batas toleransi 5 hari.,Operations,Negative,3,3
1116. Ditemukan insiden kebocoran kredensial pengguna akibat lemahnya enkripsi pada lalu lintas data API microservice.,Technology,Negative,5,4
1117. Ditemukan ketidaksesuaian perhitungan jam lembur pada 45 karyawan cabang yang berpotensi memicu perselisihan hubungan industrial.,Human Resources,Negative,4,3
1118. Prosedur pengungkapan informasi transaksi pihak berelasi tidak memenuhi standar keterbukaan informasi yang dipersyaratkan.,Governance,Negative,5,4
1119. Prosedur *Anti-Money Laundering* (APU-PPT) tidak melakukan pemutakhiran profil risiko nasabah secara berkala.,Compliance,Negative,3,4
1120. Kemitraan strategis dengan penyedia teknologi utama dihentikan sepihak karena ketidakmampuan mencapai target kerjasama.,Strategic,Negative,4,4
"1121. Prosedur pencatatan utang usaha terlambat hingga 45 hari, berpotensi menimbulkan klaim penalti vendor dan denda administrasi.",Financial,Negative,4,5
1122. Pengelolaan stok persediaan barang jadi di gudang utama mengalami selisih fisik sejumlah 303.9 unit tanpa catatan penyesuaian.,Operations,Negative,3,3
"1123. Akses akun administrator sistem inti tidak menerapkan otentikasi ganda (2FA), berisiko tinggi terhadap akses tidak sah.",Technology,Negative,3,4
1124. Program pelatihan keselamatan dan kesehatan kerja berhasil mencapai tingkat kelulusan peserta sebesar 98%.,Human Resources,Positive,2,1
1125. Sekretariat perusahaan menyampaikan laporan tahunan pelaksanaan kegiatan tata kelola kepada otoritas terkait.,Governance,Neutral,3,2
1126. Implementasi program edukasi anti-pencucian uang diikuti oleh 100% pegawai unit kerja bisnis dan operasional.,Compliance,Positive,1,2
"1127. Strategi peluncuran produk digital baru tidak didukung oleh riset pasar yang memadai, mengakibatkan adopsi pengguna amat rendah.",Strategic,Negative,3,3
1128. Tim audit mencatat implementasi modul akuntansi baru pada sistem ERP utama yang mulai berlaku efektif sejak bulan lalu.,Financial,Neutral,3,2
1129. Pemeriksaan rutin terhadap alur proses distribusi barang antar gudang cabang telah diselesaikan sesuai jadwal kerja audit.,Operations,Neutral,3,1
1130. Proses migrasi server basis data ke infrastruktur *cloud* berjalan lancar tanpa mengalami *downtime* operasional.,Technology,Positive,2,1
1131. Telah dilaksanakan pemutakhiran data mandiri karyawan pada portal *employee self-service* untuk pembaruan alamat.,Human Resources,Neutral,3,4
1132. Kebijakan *whistleblowing system* dikelola secara independen oleh pihak ketiga dan menjamin perlindungan pelapor 100%.,Governance,Positive,1,1
1133. Sistem pemantauan kepatuhan regulasi secara proaktif menyesuaikan seluruh prosedur internal dengan aturan OJK terbaru.,Compliance,Positive,1,1
1134. Rencana diversifikasi portofolio investasi mengalami kerugian akibat lemahnya analisis mitigasi risiko pasar.,Strategic,Negative,3,4
1135. Laporan piutang ragu-ragu tidak memperhitungkan cadangan kerugian penurunan nilai secara akurat sesuai standar PSAK.,Financial,Negative,4,3
"1136. Prosedur penanganan keluhan pelanggan belum memiliki SLA yang jelas, mengakibatkan tingkat kepuasan nasabah turun.",Operations,Negative,4,4
1137. Pemeriksaan berkala atas daftar inventaris lisensi perangkat lunak perusahaan telah dilaksanakan sesuai jadwal.,Technology,Neutral,3,2
"1138. Tingkat perputaran (*turnover*) karyawan pada divisi IT mencapai 32% per tahun, mengganggu kelancaran proyek-proyek strategis.",Human Resources,Negative,5,3
1139. Dokumen risalah rapat Direksi dan Dewan Komisaris tidak terdokumentasi secara rapi dan sulit diakses saat audit.,Governance,Negative,4,4
1140. Perusahaan belum mengimplementasikan penyesuaian regulasi perlindungan data pribadi (UU PDP) secara menyeluruh.,Compliance,Negative,5,5
1141. Proyek ekspansi pembukaan 10 cabang baru mengalami penundaan 9 bulan dan pembengkakan anggaran mencapai 40%.,Strategic,Negative,4,5
1142. Terjadi pencatatan ganda atas klaim pengeluaran operasional cabang senilai Rp 11.6 Juta karena tidak adanya validasi sistemic.,Financial,Negative,4,4
1143. Penyelesaian tiket keluhan pelanggan berhasil dituntaskan dalam kurun waktu kurang dari 24 jam secara terukur.,Operations,Positive,2,2
"1144. Akses akun administrator sistem inti tidak menerapkan otentikasi ganda (2FA), berisiko tinggi terhadap akses tidak sah.",Technology,Negative,4,5
1145. Program pelatihan wajib K3 dan *cybersecurity awareness* baru diikuti oleh kurang dari 40% total pegawai perusahaan.,Human Resources,Negative,4,3
1146. Komite audit belum menyelenggarakan rapat berkala kuartalan sesuai ketentuan tata kelola perusahaan yang baik (GCG).,Governance,Negative,3,3
1147. Sistem pemantauan kepatuhan regulasi secara proaktif menyesuaikan seluruh prosedur internal dengan aturan OJK terbaru.,Compliance,Positive,2,1
1148. Rencana diversifikasi portofolio investasi mengalami kerugian akibat lemahnya analisis mitigasi risiko pasar.,Strategic,Negative,4,4
1149. Terdapat selisih kas fisik sebesar Rp 514.8 Juta pada rekonsiliasi bank bulanan yang belum dapat dijelaskan oleh tim akuntansi.,Financial,Negative,3,3
1150. Pengelolaan stok persediaan barang jadi di gudang utama mengalami selisih fisik sejumlah 219.4 unit tanpa catatan penyesuaian.,Operations,Negative,4,5
"1151. Akses akun administrator sistem inti tidak menerapkan otentikasi ganda (2FA), berisiko tinggi terhadap akses tidak sah.",Technology,Negative,4,4
1152. Dokumen kontrak kerja bagi 20 karyawan kontrak belum ditandatangani secara sah meskipun masa kerja telah berjalan 3 bulan.,Human Resources,Negative,5,4
1153. Kebijakan *whistleblowing system* dikelola secara independen oleh pihak ketiga dan menjamin perlindungan pelapor 100%.,Governance,Positive,2,1
1154. Terdapat ketidakpatuhan terhadap batas maksimum pemberian kredit (BMPK) pada 2 debitur grup usaha terkait.,Compliance,Negative,4,4
1155. Telah dilakukan pemetaan analisis SWOT berkala untuk mengidentifikasi peluang dan tantangan bisnis mendatang.,Strategic,Neutral,3,4
1156. Tim audit mencatat implementasi modul akuntansi baru pada sistem ERP utama yang mulai berlaku efektif sejak bulan lalu.,Financial,Neutral,4,2
1157. Terdapat kecenderungan keterlambatan pengiriman barang ke jaringan distributor hingga melebihi batas toleransi 5 hari.,Operations,Negative,5,2
1158. Prosedur *backup* basis data server utama tidak berhasil dijalankan secara penuh selama 2 minggu berturut-turut.,Technology,Negative,5,4
1159. Pelaksanaan evaluasi kinerja berkala (KPI review) telah dilakukan 100% tepat waktu dengan umpan balik transparan.,Human Resources,Positive,1,2
1160. Rapat umum pemegang saham telah mengesahkan laporan keuangan audited untuk tahun buku yang lalu.,Governance,Neutral,3,3
1161. Sistem pemantauan kepatuhan regulasi secara proaktif menyesuaikan seluruh prosedur internal dengan aturan OJK terbaru.,Compliance,Positive,1,1
1162. Telah dilakukan pemetaan analisis SWOT berkala untuk mengidentifikasi peluang dan tantangan bisnis mendatang.,Strategic,Neutral,3,4
1163. Ditemukan kelemahan signifikan dalam prosedur otorisasi pembayaran kas besar senilai Rp 785.0 Miliar tanpa persetujuan bertingkat.,Financial,Negative,4,4
"1164. Tingkat ketepatan pengiriman barang kepada pelanggan mencapai 99.2% sepanjang semester I, melebihi target KPI yang ditetapkan.",Operations,Positive,1,1
"1165. Akses akun administrator sistem inti tidak menerapkan otentikasi ganda (2FA), berisiko tinggi terhadap akses tidak sah.",Technology,Negative,3,2
1166. Sistem penggajian otomatis (*payroll system*) beroperasi tanpa kendala dan memproses hak karyawan secara presisi.,Human Resources,Positive,1,1
1167. Dewan Komisaris dan Direksi secara konsisten menyelenggarakan rapat evaluasi kinerja strategis setiap bulan.,Governance,Positive,1,2
1168. Tim *compliance* telah menyelesaikan inventarisasi ketentuan dan peraturan perundang-undangan terbaru yang relevan.,Compliance,Neutral,2,1
1169. Dilakukan evaluasi terhadap indikator pencapaian sasaran strategis tahunan pada masing-masing unit bisnis.,Strategic,Neutral,2,3
1170. Ditemukan kelemahan signifikan dalam prosedur otorisasi pembayaran kas besar senilai Rp 426.4 Miliar tanpa persetujuan bertingkat.,Financial,Negative,4,4
1171. Laporan kinerja operasional bulanan menunjukkan volume output produksi yang stabil dibandingkan periode sebelumnya.,Operations,Neutral,2,1
1172. Uji keandalan pemulihan bencana (*DRP drill*) berhasil memulihkan seluruh sistem utama dalam durasi kurang dari 15 menit.,Technology,Positive,1,2
1173. Tim HRD menyampaikan laporan rekapitulasi data keikutsertaan karyawan dalam program asuransi kesehatan tahunan.,Human Resources,Neutral,2,4
1174. Dilakukan dokumentasi berkala atas matriks kewenangan keputusanjatan di lingkungan jajaran eksekutif.,Governance,Neutral,3,2
1175. Prosedur mitigasi risiko hukum berhasil menyelesaikan seluruh potensi klaim sengketa secara damai.,Compliance,Positive,2,1
"1176. Peluncuran inovasi layanan berbasis aplikasi seluler berhasil menggaet 200,000 pengguna aktif baru dalam 3 bulan.",Strategic,Positive,2,3
1177. Verifikasi dokumen pembayaran kas besar telah menerapkan otorisasi bertingkat yang transparan dan terdokumentasi dengan baik.,Financial,Positive,1,2
"1178. Sistem manajemen rantai pasok belum terintegrasi dengan vendor utama, memicu akumulasi *bottleneck* persediaan.",Operations,Negative,5,4
1179. Ditemukan insiden kebocoran kredensial pengguna akibat lemahnya enkripsi pada lalu lintas data API microservice.,Technology,Negative,5,3
1180. Ditemukan ketidaksesuaian perhitungan jam lembur pada 45 karyawan cabang yang berpotensi memicu perselisihan hubungan industrial.,Human Resources,Negative,3,4
1181. Dokumen risalah rapat Direksi dan Dewan Komisaris tidak terdokumentasi secara rapi dan sulit diakses saat audit.,Governance,Negative,4,2
1182. Perusahaan belum mengimplementasikan penyesuaian regulasi perlindungan data pribadi (UU PDP) secara menyeluruh.,Compliance,Negative,4,5
1183. Proyek ekspansi pembukaan 10 cabang baru mengalami penundaan 9 bulan dan pembengkakan anggaran mencapai 40%.,Strategic,Negative,5,4
1184. Ditemukan kelemahan signifikan dalam prosedur otorisasi pembayaran kas besar senilai Rp 606.3 Miliar tanpa persetujuan bertingkat.,Financial,Negative,4,3
1185. Pengelolaan stok persediaan barang jadi di gudang utama mengalami selisih fisik sejumlah 11.8 unit tanpa catatan penyesuaian.,Operations,Negative,5,5
"1186. Akses akun administrator sistem inti tidak menerapkan otentikasi ganda (2FA), berisiko tinggi terhadap akses tidak sah.",Technology,Negative,4,5
1187. Proses rekrutmen tidak menjalankan verifikasi latar belakang (*background check*) secara lengkap untuk posisi manajerial kunci.,Human Resources,Negative,3,5
1188. Prosedur pengungkapan informasi transaksi pihak berelasi tidak memenuhi standar keterbukaan informasi yang dipersyaratkan.,Governance,Negative,4,3
1189. Prosedur *Anti-Money Laundering* (APU-PPT) tidak melakukan pemutakhiran profil risiko nasabah secara berkala.,Compliance,Negative,3,3
1190. Laporan pencapaian inisiatif strategis kuartal II dipresentasikan dalam rapat koordinasi pimpinan tingkat atas.,Strategic,Neutral,3,1
1191. Laporan piutang ragu-ragu tidak memperhitungkan cadangan kerugian penurunan nilai secara akurat sesuai standar PSAK.,Financial,Negative,4,3
1192. Pengelolaan stok persediaan barang jadi di gudang utama mengalami selisih fisik sejumlah 434.4 unit tanpa catatan penyesuaian.,Operations,Negative,4,4
1193. Uji keandalan pemulihan bencana (*DRP drill*) berhasil memulihkan seluruh sistem utama dalam durasi kurang dari 15 menit.,Technology,Positive,1,2
1194. Program pengembangan talenta dan *succession planning* berhasil mengisi 85% posisi kepemimpinan dari internal perusahaan.,Human Resources,Positive,1,1
1195. Dokumen risalah rapat Direksi dan Dewan Komisaris tidak terdokumentasi secara rapi dan sulit diakses saat audit.,Governance,Negative,4,2
1196. Telah disampaikan laporan pemantauan kepatuhan triwulanan kepada Direktur Kepatuhan dan Komite Risiko.,Compliance,Neutral,3,4
1197. Transformasi sistem bisnis inti mengalami kendala integrasi berat yang mengancam pencapaian target jangka panjang.,Strategic,Negative,4,2
1198. Sistem otomatisasi pencatatan faktur pajak dan transaksi kas berhasil menekan angka kesalahan akuntansi hingga 0.01%.,Financial,Positive,2,1
1199. Pemeriksaan rutin terhadap alur proses distribusi barang antar gudang cabang telah diselesaikan sesuai jadwal kerja audit.,Operations,Neutral,3,3
1200. Ditemukan insiden kebocoran kredensial pengguna akibat lemahnya enkripsi pada lalu lintas data API microservice.,Technology,Negative,5,3
1201. Sistem penggajian otomatis (*payroll system*) beroperasi tanpa kendala dan memproses hak karyawan secara presisi.,Human Resources,Positive,1,1
1202. Dokumen risalah rapat Direksi dan Dewan Komisaris tidak terdokumentasi secara rapi dan sulit diakses saat audit.,Governance,Negative,4,4
1203. Terdapat ketidakpatuhan terhadap batas maksimum pemberian kredit (BMPK) pada 2 debitur grup usaha terkait.,Compliance,Negative,5,3
1204. Proyek ekspansi pembukaan 10 cabang baru mengalami penundaan 9 bulan dan pembengkakan anggaran mencapai 40%.,Strategic,Negative,4,4
1205. Manajemen telah memfinalisasi pemutakhiran bagan akun standar (chart of accounts) untuk seluruh cabang operasional.,Financial,Neutral,3,2
1206. Pihak pengelola gudang sedang melakukan penataan ulang tata letak rak barang untuk mengoptimalkan ruang penyimpanan.,Operations,Neutral,2,2
1207. Sistem pemulihan bencana (*Disaster Recovery Plan*) belum pernah diuji cobakan secara menyeluruh dalam 18 bulan terakhir.,Technology,Negative,4,3
1208. Proses rekrutmen tidak menjalankan verifikasi latar belakang (*background check*) secara lengkap untuk posisi manajerial kunci.,Human Resources,Negative,4,3
1209. Prosedur pengungkapan informasi transaksi pihak berelasi tidak memenuhi standar keterbukaan informasi yang dipersyaratkan.,Governance,Negative,3,2
1210. Prosedur *Anti-Money Laundering* (APU-PPT) tidak melakukan pemutakhiran profil risiko nasabah secara berkala.,Compliance,Negative,4,5
1211. Rencana diversifikasi portofolio investasi mengalami kerugian akibat lemahnya analisis mitigasi risiko pasar.,Strategic,Negative,5,4
1212. Ditemukan kelemahan signifikan dalam prosedur otorisasi pembayaran kas besar senilai Rp 604.7 Miliar tanpa persetujuan bertingkat.,Financial,Negative,4,2
1213. Penerapan standar K3 di area operasional gudang berhasil mempertahankan pencapaian *zero accident* selama 3 tahun berturut-turut.,Operations,Positive,1,2
"1214. Akses akun administrator sistem inti tidak menerapkan otentikasi ganda (2FA), berisiko tinggi terhadap akses tidak sah.",Technology,Negative,5,4
1215. Pelaksanaan evaluasi kinerja berkala (KPI review) telah dilakukan 100% tepat waktu dengan umpan balik transparan.,Human Resources,Positive,1,1
1216. Prosedur pengungkapan informasi transaksi pihak berelasi tidak memenuhi standar keterbukaan informasi yang dipersyaratkan.,Governance,Negative,4,3
1217. Implementasi program edukasi anti-pencucian uang diikuti oleh 100% pegawai unit kerja bisnis dan operasional.,Compliance,Positive,2,3
1218. Proyek ekspansi pembukaan 10 cabang baru mengalami penundaan 9 bulan dan pembengkakan anggaran mencapai 40%.,Strategic,Negative,4,2
1219. Pengelolaan anggaran belanja operasional cabang berhasil mencapai efisiensi biaya sebesar 12% tanpa mengurangi kualitas layanan.,Financial,Positive,1,1
"1220. Tingkat ketepatan pengiriman barang kepada pelanggan mencapai 99.2% sepanjang semester I, melebihi target KPI yang ditetapkan.",Operations,Positive,2,1
1221. Tim IT telah menyelesaikan pemutakhiran versi perangkat lunak server web ke versi stabil terbaru.,Technology,Neutral,4,2
1222. Dokumen kontrak kerja bagi 20 karyawan kontrak belum ditandatangani secara sah meskipun masa kerja telah berjalan 3 bulan.,Human Resources,Negative,3,4
1223. Seluruh jajaran manajemen dan pegawai telah menandatangani pakta integritas dan komitmen anti-korupsi secara berkala.,Governance,Positive,1,1
1224. Prosedur mitigasi risiko hukum berhasil menyelesaikan seluruh potensi klaim sengketa secara damai.,Compliance,Positive,1,3
1225. Proyek ekspansi pembukaan 10 cabang baru mengalami penundaan 9 bulan dan pembengkakan anggaran mencapai 40%.,Strategic,Negative,4,5
1226. Tim audit mencatat implementasi modul akuntansi baru pada sistem ERP utama yang mulai berlaku efektif sejak bulan lalu.,Financial,Neutral,3,2
"1227. Sistem manajemen rantai pasok belum terintegrasi dengan vendor utama, memicu akumulasi *bottleneck* persediaan.",Operations,Negative,5,3
1228. Sistem pemulihan bencana (*Disaster Recovery Plan*) belum pernah diuji cobakan secara menyeluruh dalam 18 bulan terakhir.,Technology,Negative,4,2
1229. Proses rekrutmen tidak menjalankan verifikasi latar belakang (*background check*) secara lengkap untuk posisi manajerial kunci.,Human Resources,Negative,4,3
1230. Komite audit belum menyelenggarakan rapat berkala kuartalan sesuai ketentuan tata kelola perusahaan yang baik (GCG).,Governance,Negative,4,5
1231. Sistem pemantauan kepatuhan regulasi secara proaktif menyesuaikan seluruh prosedur internal dengan aturan OJK terbaru.,Compliance,Positive,1,1
1232. Manajemen strategis menyelenggarakan lokakarya peninjauan ulang rencana jangka panjang perusahaan (RJPP).,Strategic,Neutral,3,2
1233. Laporan posisi kas harian telah disampaikan kepada jajaran direksi keuangan secara rutin sesuai jadwal operasional.,Financial,Neutral,3,3
1234. Penyelesaian tiket keluhan pelanggan berhasil dituntaskan dalam kurun waktu kurang dari 24 jam secara terukur.,Operations,Positive,1,1
"1235. Akses akun administrator sistem inti tidak menerapkan otentikasi ganda (2FA), berisiko tinggi terhadap akses tidak sah.",Technology,Negative,5,4
1236. Laporan rasio kecukupan tenaga kerja pada unit bisnis operasional mencatat kondisi pemenuhan yang stabil.,Human Resources,Neutral,4,2
1237. Dokumen risalah rapat Direksi dan Dewan Komisaris tidak terdokumentasi secara rapi dan sulit diakses saat audit.,Governance,Negative,3,4
1238. Telah disampaikan laporan pemantauan kepatuhan triwulanan kepada Direktur Kepatuhan dan Komite Risiko.,Compliance,Neutral,3,3
1239. Rencana diversifikasi portofolio investasi mengalami kerugian akibat lemahnya analisis mitigasi risiko pasar.,Strategic,Negative,4,3
1240. Telah dilakukan evaluasi berkala terhadap laporan arus kas bulanan unit usaha untuk periode kuartal II tahun berjalan.,Financial,Neutral,4,1
1241. Sistem pelacakan persediaan berbasis *barcode* beroperasi optimal dan memangkas durasi *stock opname* hingga 50%.,Operations,Positive,2,3
1242. Sistem pemulihan bencana (*Disaster Recovery Plan*) belum pernah diuji cobakan secara menyeluruh dalam 18 bulan terakhir.,Technology,Negative,5,3
1243. Sistem penggajian otomatis (*payroll system*) beroperasi tanpa kendala dan memproses hak karyawan secara presisi.,Human Resources,Positive,2,1
1244. Komite audit belum menyelenggarakan rapat berkala kuartalan sesuai ketentuan tata kelola perusahaan yang baik (GCG).,Governance,Negative,4,5
1245. Seluruh kewajiban pelaporan berkala kepada otoritas keuangan diselesaikan tepat waktu dengan akurasi data yang baik.,Compliance,Positive,1,2
1246. Dilakukan evaluasi terhadap indikator pencapaian sasaran strategis tahunan pada masing-masing unit bisnis.,Strategic,Neutral,2,2
1247. Terjadi pencatatan ganda atas klaim pengeluaran operasional cabang senilai Rp 67.0 Juta karena tidak adanya validasi sistemic.,Financial,Negative,4,4
1248. Pemeriksaan rutin terhadap alur proses distribusi barang antar gudang cabang telah diselesaikan sesuai jadwal kerja audit.,Operations,Neutral,3,1
1249. Manajemen TI mempublikasikan dokumen pedoman penggunaan aset komputer dan perangkat keras bagi pegawai baru.,Technology,Neutral,2,2
1250. Telah dilaksanakan pemutakhiran data mandiri karyawan pada portal *employee self-service* untuk pembaruan alamat.,Human Resources,Neutral,2,3
1251. Dilakukan dokumentasi berkala atas matriks kewenangan keputusanjatan di lingkungan jajaran eksekutif.,Governance,Neutral,2,3
1252. Telah disampaikan laporan pemantauan kepatuhan triwulanan kepada Direktur Kepatuhan dan Komite Risiko.,Compliance,Neutral,4,2
"1253. Strategi peluncuran produk digital baru tidak didukung oleh riset pasar yang memadai, mengakibatkan adopsi pengguna amat rendah.",Strategic,Negative,3,2
1254. Laporan piutang ragu-ragu tidak memperhitungkan cadangan kerugian penurunan nilai secara akurat sesuai standar PSAK.,Financial,Negative,5,2
1255. Penerapan standar K3 di area operasional gudang berhasil mempertahankan pencapaian *zero accident* selama 3 tahun berturut-turut.,Operations,Positive,2,1
1256. Hasil tes penetrasi mengungkapkan 3 kerentanan kritis (SQL Injection & RCE) pada aplikasi e-banking yang belum diperbaiki.,Technology,Negative,5,3
1257. Dokumen kontrak kerja bagi 20 karyawan kontrak belum ditandatangani secara sah meskipun masa kerja telah berjalan 3 bulan.,Human Resources,Negative,4,3
1258. Seluruh jajaran manajemen dan pegawai telah menandatangani pakta integritas dan komitmen anti-korupsi secara berkala.,Governance,Positive,1,2
1259. Tim *compliance* telah menyelesaikan inventarisasi ketentuan dan peraturan perundang-undangan terbaru yang relevan.,Compliance,Neutral,3,2
1260. Transformasi budaya digital perusahaan menunjukkan dampak positif pada efisiensi biaya dan kecepatan inovasi.,Strategic,Positive,1,1
1261. Tim audit mencatat implementasi modul akuntansi baru pada sistem ERP utama yang mulai berlaku efektif sejak bulan lalu.,Financial,Neutral,4,3
1262. Telah dilaksanakan simulasi tanggap darurat keselamatan kerja di area pabrik bersama tim K3 internal.,Operations,Neutral,3,2
1263. Pemeriksaan berkala atas daftar inventaris lisensi perangkat lunak perusahaan telah dilaksanakan sesuai jadwal.,Technology,Neutral,3,1
"1264. Tingkat perputaran (*turnover*) karyawan pada divisi IT mencapai 32% per tahun, mengganggu kelancaran proyek-proyek strategis.",Human Resources,Negative,4,4
1265. Struktur komite pendukung tata kelola telah berfungsi efektif dalam memberikan rekomendasi independen bagi manajemen.,Governance,Positive,2,1
1266. Pelaporan kewajiban transaksi keuangan mencurigakan (LTKM) ke PPATK mengalami keterlambatan melebihi batas waktu 3 hari.,Compliance,Negative,4,4
1267. Rencana diversifikasi portofolio investasi mengalami kerugian akibat lemahnya analisis mitigasi risiko pasar.,Strategic,Negative,4,4
1268. Ditemukan kelemahan signifikan dalam prosedur otorisasi pembayaran kas besar senilai Rp 756.8 Miliar tanpa persetujuan bertingkat.,Financial,Negative,5,4
"1269. Jadwal pemeliharaan rutin mesin produksi utama terlambat 3 bulan, menyebabkan penurunan kapasitas produksi hingga 25%.",Operations,Negative,5,3
1270. Pembaruan patch keamanan pada seluruh *endpoint* komputer karyawan telah tuntas 100% sesuai kebijakan TI.,Technology,Positive,1,1
1271. Proses rekrutmen tidak menjalankan verifikasi latar belakang (*background check*) secara lengkap untuk posisi manajerial kunci.,Human Resources,Negative,5,5
1272. Prosedur pengungkapan informasi transaksi pihak berelasi tidak memenuhi standar keterbukaan informasi yang dipersyaratkan.,Governance,Negative,4,4
1273. Implementasi program edukasi anti-pencucian uang diikuti oleh 100% pegawai unit kerja bisnis dan operasional.,Compliance,Positive,1,1
1274. Kemitraan strategis dengan penyedia teknologi utama dihentikan sepihak karena ketidakmampuan mencapai target kerjasama.,Strategic,Negative,5,4
1275. Pengelolaan anggaran belanja operasional cabang berhasil mencapai efisiensi biaya sebesar 12% tanpa mengurangi kualitas layanan.,Financial,Positive,1,1
1276. Manajemen operasional menyampaikan pemutakhiran panduan prosedur standar operasional (SOP) distribusi logistik.,Operations,Neutral,3,2
1277. Proses migrasi server basis data ke infrastruktur *cloud* berjalan lancar tanpa mengalami *downtime* operasional.,Technology,Positive,2,2
1278. Proses rekrutmen tidak menjalankan verifikasi latar belakang (*background check*) secara lengkap untuk posisi manajerial kunci.,Human Resources,Negative,5,4
1279. Kebijakan penanganan benturan kepentingan (*conflict of interest*) tidak diperbarui dalam 5 tahun terakhir.,Governance,Negative,4,5
1280. Prosedur *Anti-Money Laundering* (APU-PPT) tidak melakukan pemutakhiran profil risiko nasabah secara berkala.,Compliance,Negative,3,2
1281. Proyek ekspansi pembukaan 10 cabang baru mengalami penundaan 9 bulan dan pembengkakan anggaran mencapai 40%.,Strategic,Negative,5,2
1282. Dilakukan penyesuaian format penyajian laporan keuangan konsolidasi untuk menyesuaikan standar pelaporan induk perusahaan.,Financial,Neutral,2,3
1283. Laporan kinerja operasional bulanan menunjukkan volume output produksi yang stabil dibandingkan periode sebelumnya.,Operations,Neutral,3,4
1284. Prosedur *backup* basis data server utama tidak berhasil dijalankan secara penuh selama 2 minggu berturut-turut.,Technology,Negative,4,3
1285. Proses rekrutmen tidak menjalankan verifikasi latar belakang (*background check*) secara lengkap untuk posisi manajerial kunci.,Human Resources,Negative,3,5
1286. Dewan Komisaris dan Direksi secara konsisten menyelenggarakan rapat evaluasi kinerja strategis setiap bulan.,Governance,Positive,1,1
1287. Prosedur *Anti-Money Laundering* (APU-PPT) tidak melakukan pemutakhiran profil risiko nasabah secara berkala.,Compliance,Negative,4,2
1288. Kemitraan strategis dengan penyedia teknologi utama dihentikan sepihak karena ketidakmampuan mencapai target kerjasama.,Strategic,Negative,4,4
1289. Laporan posisi kas harian telah disampaikan kepada jajaran direksi keuangan secara rutin sesuai jadwal operasional.,Financial,Neutral,2,4
"1290. Prosedur penanganan keluhan pelanggan belum memiliki SLA yang jelas, mengakibatkan tingkat kepuasan nasabah turun.",Operations,Negative,5,3
1291. Telah dilakukan pemetaan alokasi kapasitas *bandwidth* jaringan internet untuk mendukung kegiatan operasional kantor cabang.,Technology,Neutral,4,2
1292. Proses rekrutmen tidak menjalankan verifikasi latar belakang (*background check*) secara lengkap untuk posisi manajerial kunci.,Human Resources,Negative,4,5
1293. Struktur komite pendukung tata kelola telah berfungsi efektif dalam memberikan rekomendasi independen bagi manajemen.,Governance,Positive,2,2
1294. Perusahaan belum mengimplementasikan penyesuaian regulasi perlindungan data pribadi (UU PDP) secara menyeluruh.,Compliance,Negative,5,4
1295. Transformasi sistem bisnis inti mengalami kendala integrasi berat yang mengancam pencapaian target jangka panjang.,Strategic,Negative,3,5
1296. Laporan piutang ragu-ragu tidak memperhitungkan cadangan kerugian penurunan nilai secara akurat sesuai standar PSAK.,Financial,Negative,4,5
"1297. Tingkat ketepatan pengiriman barang kepada pelanggan mencapai 99.2% sepanjang semester I, melebihi target KPI yang ditetapkan.",Operations,Positive,1,1
1298. Ditemukan insiden kebocoran kredensial pengguna akibat lemahnya enkripsi pada lalu lintas data API microservice.,Technology,Negative,4,4
1299. Pelaksanaan evaluasi kinerja berkala (KPI review) telah dilakukan 100% tepat waktu dengan umpan balik transparan.,Human Resources,Positive,1,2
1300. Struktur komite pendukung tata kelola telah berfungsi efektif dalam memberikan rekomendasi independen bagi manajemen.,Governance,Positive,2,1
1301. Perusahaan belum mengimplementasikan penyesuaian regulasi perlindungan data pribadi (UU PDP) secara menyeluruh.,Compliance,Negative,4,4
1302. Pencapaian target pendapatan dari segmen bisnis baru melampaui rencana strategis perusahaan hingga 115%.,Strategic,Positive,1,2
1303. Terdapat selisih kas fisik sebesar Rp 675.6 Juta pada rekonsiliasi bank bulanan yang belum dapat dijelaskan oleh tim akuntansi.,Financial,Negative,4,5
1304. Terdapat kecenderungan keterlambatan pengiriman barang ke jaringan distributor hingga melebihi batas toleransi 5 hari.,Operations,Negative,4,5
1305. Hasil tes penetrasi mengungkapkan 3 kerentanan kritis (SQL Injection & RCE) pada aplikasi e-banking yang belum diperbaiki.,Technology,Negative,5,4
1306. Program pengembangan talenta dan *succession planning* berhasil mengisi 85% posisi kepemimpinan dari internal perusahaan.,Human Resources,Positive,1,2
1307. Kebijakan *whistleblowing system* dikelola secara independen oleh pihak ketiga dan menjamin perlindungan pelapor 100%.,Governance,Positive,1,1
1308. Pelaporan kewajiban transaksi keuangan mencurigakan (LTKM) ke PPATK mengalami keterlambatan melebihi batas waktu 3 hari.,Compliance,Negative,5,3
1309. Kemitraan strategis dengan penyedia teknologi utama dihentikan sepihak karena ketidakmampuan mencapai target kerjasama.,Strategic,Negative,5,5
1310. Pengelolaan anggaran belanja operasional cabang berhasil mencapai efisiensi biaya sebesar 12% tanpa mengurangi kualitas layanan.,Financial,Positive,1,2
"1311. Prosedur penanganan keluhan pelanggan belum memiliki SLA yang jelas, mengakibatkan tingkat kepuasan nasabah turun.",Operations,Negative,3,4
1312. Ditemukan insiden kebocoran kredensial pengguna akibat lemahnya enkripsi pada lalu lintas data API microservice.,Technology,Negative,4,4
1313. Tim HRD menyampaikan laporan rekapitulasi data keikutsertaan karyawan dalam program asuransi kesehatan tahunan.,Human Resources,Neutral,3,3
1314. Komite audit belum menyelenggarakan rapat berkala kuartalan sesuai ketentuan tata kelola perusahaan yang baik (GCG).,Governance,Negative,5,4
1315. Sistem pemantauan kepatuhan regulasi secara proaktif menyesuaikan seluruh prosedur internal dengan aturan OJK terbaru.,Compliance,Positive,2,1
"1316. Strategi peluncuran produk digital baru tidak didukung oleh riset pasar yang memadai, mengakibatkan adopsi pengguna amat rendah.",Strategic,Negative,4,4
1317. Telah dilakukan evaluasi berkala terhadap laporan arus kas bulanan unit usaha untuk periode kuartal II tahun berjalan.,Financial,Neutral,3,2
"1318. Tingkat ketepatan pengiriman barang kepada pelanggan mencapai 99.2% sepanjang semester I, melebihi target KPI yang ditetapkan.",Operations,Positive,1,1
1319. Pemeriksaan berkala atas daftar inventaris lisensi perangkat lunak perusahaan telah dilaksanakan sesuai jadwal.,Technology,Neutral,2,2
1320. Pelaksanaan evaluasi kinerja berkala (KPI review) telah dilakukan 100% tepat waktu dengan umpan balik transparan.,Human Resources,Positive,2,2
1321. Komite audit belum menyelenggarakan rapat berkala kuartalan sesuai ketentuan tata kelola perusahaan yang baik (GCG).,Governance,Negative,5,3
1322. Ditemukan 4 kantor cabang pembantu yang beroperasi tanpa kelengkapan perizinan usaha daerah yang valid.,Compliance,Negative,5,5
1323. Pencapaian target pendapatan dari segmen bisnis baru melampaui rencana strategis perusahaan hingga 115%.,Strategic,Positive,1,1
1324. Dilakukan penyesuaian format penyajian laporan keuangan konsolidasi untuk menyesuaikan standar pelaporan induk perusahaan.,Financial,Neutral,3,2
1325. Penerapan standar K3 di area operasional gudang berhasil mempertahankan pencapaian *zero accident* selama 3 tahun berturut-turut.,Operations,Positive,1,1
1326. Pemeriksaan berkala atas daftar inventaris lisensi perangkat lunak perusahaan telah dilaksanakan sesuai jadwal.,Technology,Neutral,4,4
1327. Dokumen kontrak kerja bagi 20 karyawan kontrak belum ditandatangani secara sah meskipun masa kerja telah berjalan 3 bulan.,Human Resources,Negative,4,5
1328. Terdapat insiden pelanggaran pedoman etika bisnis oleh oknum manajemen yang tidak ditindaklanjuti secara tegas.,Governance,Negative,4,4
1329. Manajemen menyelenggarakan sesi sosialisasi aturan regulasi baru yang diterbitkan oleh instansi pembina sektor usaha.,Compliance,Neutral,2,3
1330. Proyek ekspansi pembukaan 10 cabang baru mengalami penundaan 9 bulan dan pembengkakan anggaran mencapai 40%.,Strategic,Negative,4,2
"1331. Prosedur pencatatan utang usaha terlambat hingga 45 hari, berpotensi menimbulkan klaim penalti vendor dan denda administrasi.",Financial,Negative,4,5
1332. Penerapan standar K3 di area operasional gudang berhasil mempertahankan pencapaian *zero accident* selama 3 tahun berturut-turut.,Operations,Positive,1,3
1333. Uji keandalan pemulihan bencana (*DRP drill*) berhasil memulihkan seluruh sistem utama dalam durasi kurang dari 15 menit.,Technology,Positive,2,1
"1334. Tingkat perputaran (*turnover*) karyawan pada divisi IT mencapai 32% per tahun, mengganggu kelancaran proyek-proyek strategis.",Human Resources,Negative,4,5
1335. Sekretariat perusahaan menyampaikan laporan tahunan pelaksanaan kegiatan tata kelola kepada otoritas terkait.,Governance,Neutral,2,3
1336. Perusahaan belum mengimplementasikan penyesuaian regulasi perlindungan data pribadi (UU PDP) secara menyeluruh.,Compliance,Negative,4,3
1337. Manajemen strategis menyelenggarakan lokakarya peninjauan ulang rencana jangka panjang perusahaan (RJPP).,Strategic,Neutral,3,3
1338. Telah dilakukan evaluasi berkala terhadap laporan arus kas bulanan unit usaha untuk periode kuartal II tahun berjalan.,Financial,Neutral,3,2
1339. Proses pemeliharaan berkala fasilitas pabrik berjalan tepat waktu dan meningkatkan efisiensi penggunaan bahan bakar hingga 8%.,Operations,Positive,2,2
1340. Pembaruan patch keamanan pada seluruh *endpoint* komputer karyawan telah tuntas 100% sesuai kebijakan TI.,Technology,Positive,1,1
1341. Tim HRD menyampaikan laporan rekapitulasi data keikutsertaan karyawan dalam program asuransi kesehatan tahunan.,Human Resources,Neutral,3,3
1342. Telah dilaksanakan pemutakhiran struktur organisasi dan tata kerja pada tingkat direktorat operasional.,Governance,Neutral,3,2
1343. Terdapat ketidakpatuhan terhadap batas maksimum pemberian kredit (BMPK) pada 2 debitur grup usaha terkait.,Compliance,Negative,3,3
1344. Transformasi sistem bisnis inti mengalami kendala integrasi berat yang mengancam pencapaian target jangka panjang.,Strategic,Negative,5,3
1345. Proses audit internal keuangan semesteran menunjukkan kepatuhan penuh terhadap kebijakan pembukuan perusahaan.,Financial,Positive,1,3
1346. Manajemen operasional menyampaikan pemutakhiran panduan prosedur standar operasional (SOP) distribusi logistik.,Operations,Neutral,3,2
1347. Sistem pemantauan server berbasis AI secara proaktif mendeteksi dan mengisolasi potensi gangguan performa secara otomatis.,Technology,Positive,1,2
1348. Ditemukan ketidaksesuaian perhitungan jam lembur pada 45 karyawan cabang yang berpotensi memicu perselisihan hubungan industrial.,Human Resources,Negative,4,3
1349. Sekretariat perusahaan menyampaikan laporan tahunan pelaksanaan kegiatan tata kelola kepada otoritas terkait.,Governance,Neutral,4,1
1350. Terdapat ketidakpatuhan terhadap batas maksimum pemberian kredit (BMPK) pada 2 debitur grup usaha terkait.,Compliance,Negative,4,3
1351. Dilakukan evaluasi terhadap indikator pencapaian sasaran strategis tahunan pada masing-masing unit bisnis.,Strategic,Neutral,3,1
1352. Proses audit internal keuangan semesteran menunjukkan kepatuhan penuh terhadap kebijakan pembukuan perusahaan.,Financial,Positive,1,1
1353. Terdapat kecenderungan keterlambatan pengiriman barang ke jaringan distributor hingga melebihi batas toleransi 5 hari.,Operations,Negative,4,4
"1354. Akses akun administrator sistem inti tidak menerapkan otentikasi ganda (2FA), berisiko tinggi terhadap akses tidak sah.",Technology,Negative,3,4
1355. Manajemen sumber daya manusia merilis kalender kegiatan pelatihan dan pengembangan keterampilan untuk semester depan.,Human Resources,Neutral,2,3
1356. Penerapan prinsip *Good Corporate Governance* (GCG) meraih penilaian predikat 'Sangat Baik' dari lembaga pemeringkat independen.,Governance,Positive,1,1
1357. Pemeriksaan berkala atas tingkat kepatuhan pelaksanaan prosedur operasional standar diselesaikan sesuai rencana kerja.,Compliance,Neutral,3,3
1358. Rencana diversifikasi portofolio investasi mengalami kerugian akibat lemahnya analisis mitigasi risiko pasar.,Strategic,Negative,4,2
1359. Terdapat selisih kas fisik sebesar Rp 69.6 Juta pada rekonsiliasi bank bulanan yang belum dapat dijelaskan oleh tim akuntansi.,Financial,Negative,4,4
1360. Manajemen operasional menyampaikan pemutakhiran panduan prosedur standar operasional (SOP) distribusi logistik.,Operations,Neutral,2,3
1361. Manajemen TI mempublikasikan dokumen pedoman penggunaan aset komputer dan perangkat keras bagi pegawai baru.,Technology,Neutral,4,3
1362. Hasil survei kepuasan dan keterikatan pegawai (*employee engagement score*) meningkat signifikan menjadi 88.5%.,Human Resources,Positive,2,1
1363. Komite audit belum menyelenggarakan rapat berkala kuartalan sesuai ketentuan tata kelola perusahaan yang baik (GCG).,Governance,Negative,5,4
1364. Terdapat ketidakpatuhan terhadap batas maksimum pemberian kredit (BMPK) pada 2 debitur grup usaha terkait.,Compliance,Negative,5,4
"1365. Peluncuran inovasi layanan berbasis aplikasi seluler berhasil menggaet 200,000 pengguna aktif baru dalam 3 bulan.",Strategic,Positive,1,1
1366. Proses audit internal keuangan semesteran menunjukkan kepatuhan penuh terhadap kebijakan pembukuan perusahaan.,Financial,Positive,1,2
1367. Proses pemeliharaan berkala fasilitas pabrik berjalan tepat waktu dan meningkatkan efisiensi penggunaan bahan bakar hingga 8%.,Operations,Positive,2,1
1368. Sistem pemantauan server berbasis AI secara proaktif mendeteksi dan mengisolasi potensi gangguan performa secara otomatis.,Technology,Positive,2,2
1369. Hasil survei kepuasan dan keterikatan pegawai (*employee engagement score*) meningkat signifikan menjadi 88.5%.,Human Resources,Positive,1,2
1370. Dokumen risalah rapat Direksi dan Dewan Komisaris tidak terdokumentasi secara rapi dan sulit diakses saat audit.,Governance,Negative,4,3
1371. Ditemukan 4 kantor cabang pembantu yang beroperasi tanpa kelengkapan perizinan usaha daerah yang valid.,Compliance,Negative,5,4
1372. Transformasi sistem bisnis inti mengalami kendala integrasi berat yang mengancam pencapaian target jangka panjang.,Strategic,Negative,5,4
1373. Prosedur rekonsiliasi keuangan dan kas harian telah berjalan sangat tertib dan sesuai dengan SOP standar manajemen risiko keuangan.,Financial,Positive,1,2
1374. Pengelolaan stok persediaan barang jadi di gudang utama mengalami selisih fisik sejumlah 112.0 unit tanpa catatan penyesuaian.,Operations,Negative,4,5
"1375. Akses akun administrator sistem inti tidak menerapkan otentikasi ganda (2FA), berisiko tinggi terhadap akses tidak sah.",Technology,Negative,4,2
"1376. Tingkat perputaran (*turnover*) karyawan pada divisi IT mencapai 32% per tahun, mengganggu kelancaran proyek-proyek strategis.",Human Resources,Negative,4,4
1377. Seluruh jajaran manajemen dan pegawai telah menandatangani pakta integritas dan komitmen anti-korupsi secara berkala.,Governance,Positive,2,2
1378. Telah disampaikan laporan pemantauan kepatuhan triwulanan kepada Direktur Kepatuhan dan Komite Risiko.,Compliance,Neutral,3,2
1379. Kerjasama strategis dengan jaringan ritel nasional berhasil memperluas pangsa pasar produk perusahaan secara signifikan.,Strategic,Positive,1,3
1380. Telah dilakukan evaluasi berkala terhadap laporan arus kas bulanan unit usaha untuk periode kuartal II tahun berjalan.,Financial,Neutral,3,1
"1381. Prosedur penanganan keluhan pelanggan belum memiliki SLA yang jelas, mengakibatkan tingkat kepuasan nasabah turun.",Operations,Negative,4,2
1382. Ditemukan insiden kebocoran kredensial pengguna akibat lemahnya enkripsi pada lalu lintas data API microservice.,Technology,Negative,5,4
1383. Telah dilaksanakan pemutakhiran data mandiri karyawan pada portal *employee self-service* untuk pembaruan alamat.,Human Resources,Neutral,3,2
1384. Kebijakan *whistleblowing system* dikelola secara independen oleh pihak ketiga dan menjamin perlindungan pelapor 100%.,Governance,Positive,1,1
1385. Perusahaan belum mengimplementasikan penyesuaian regulasi perlindungan data pribadi (UU PDP) secara menyeluruh.,Compliance,Negative,5,3
1386. Dilakukan evaluasi terhadap indikator pencapaian sasaran strategis tahunan pada masing-masing unit bisnis.,Strategic,Neutral,3,3
1387. Ditemukan kelemahan signifikan dalam prosedur otorisasi pembayaran kas besar senilai Rp 520.6 Miliar tanpa persetujuan bertingkat.,Financial,Negative,5,2
1388. Pihak pengelola gudang sedang melakukan penataan ulang tata letak rak barang untuk mengoptimalkan ruang penyimpanan.,Operations,Neutral,3,3
1389. Hasil tes penetrasi mengungkapkan 3 kerentanan kritis (SQL Injection & RCE) pada aplikasi e-banking yang belum diperbaiki.,Technology,Negative,5,3
1390. Hasil survei kepuasan dan keterikatan pegawai (*employee engagement score*) meningkat signifikan menjadi 88.5%.,Human Resources,Positive,1,2
1391. Kebijakan penanganan benturan kepentingan (*conflict of interest*) tidak diperbarui dalam 5 tahun terakhir.,Governance,Negative,4,4
1392. Telah disampaikan laporan pemantauan kepatuhan triwulanan kepada Direktur Kepatuhan dan Komite Risiko.,Compliance,Neutral,3,2
1393. Telah dilakukan pemetaan analisis SWOT berkala untuk mengidentifikasi peluang dan tantangan bisnis mendatang.,Strategic,Neutral,2,1
1394. Terdapat selisih kas fisik sebesar Rp 682.5 Juta pada rekonsiliasi bank bulanan yang belum dapat dijelaskan oleh tim akuntansi.,Financial,Negative,5,3
1395. Terdapat kecenderungan keterlambatan pengiriman barang ke jaringan distributor hingga melebihi batas toleransi 5 hari.,Operations,Negative,3,3
1396. Sistem pemantauan server berbasis AI secara proaktif mendeteksi dan mengisolasi potensi gangguan performa secara otomatis.,Technology,Positive,1,1
1397. Sistem penggajian otomatis (*payroll system*) beroperasi tanpa kendala dan memproses hak karyawan secara presisi.,Human Resources,Positive,2,2
1398. Seluruh jajaran manajemen dan pegawai telah menandatangani pakta integritas dan komitmen anti-korupsi secara berkala.,Governance,Positive,1,1
1399. Pelaporan kewajiban transaksi keuangan mencurigakan (LTKM) ke PPATK mengalami keterlambatan melebihi batas waktu 3 hari.,Compliance,Negative,4,2
"1400. Strategi peluncuran produk digital baru tidak didukung oleh riset pasar yang memadai, mengakibatkan adopsi pengguna amat rendah.",Strategic,Negative,3,4
